"Popolazione residente per età, sesso e stato civile al 1° gennaio 2023"
"Codice comune";"Comune";"Età";"Celibi";"Coniugati";"Divorziati";"Vedovi";"Uniti civilmente";"Maschi già in unione civile (per scioglimento unione)";"Maschi già in unione civile (per decesso del partner)";"Totale maschi";"Nubili";"Coniugate";"Divorziate";"Vedove";"Unite civilmente";"Femmine già in unione civile (per scioglimento unione)";"Femmine già in unione civile (per decesso del partner)";"Totale femmine";"Totale"
"054001";"Assisi";0;67;0;0;0;0;0;0;67;59;0;0;0;0;0;0;59;126
"054001";"Assisi";1;99;0;0;0;0;0;0;99;75;0;0;0;0;0;0;75;174
"054001";"Assisi";2;77;0;0;0;0;0;0;77;86;0;0;0;0;0;0;86;163
"054001";"Assisi";3;79;0;0;0;0;0;0;79;97;0;0;0;0;0;0;97;176
"054001";"Assisi";4;106;0;0;0;0;0;0;106;96;0;0;0;0;0;0;96;202
"054001";"Assisi";5;118;0;0;0;0;0;0;118;102;0;0;0;0;0;0;102;220
"054001";"Assisi";6;112;0;0;0;0;0;0;112;115;0;0;0;0;0;0;115;227
"054001";"Assisi";7;116;0;0;0;0;0;0;116;99;0;0;0;0;0;0;99;215
"054001";"Assisi";8;112;0;0;0;0;0;0;112;142;0;0;0;0;0;0;142;254
"054001";"Assisi";9;124;0;0;0;0;0;0;124;127;0;0;0;0;0;0;127;251
"054001";"Assisi";10;150;0;0;0;0;0;0;150;119;0;0;0;0;0;0;119;269
"054001";"Assisi";11;135;0;0;0;0;0;0;135;123;0;0;0;0;0;0;123;258
"054001";"Assisi";12;132;0;0;0;0;0;0;132;114;0;0;0;0;0;0;114;246
"054001";"Assisi";13;133;0;0;0;0;0;0;133;125;0;0;0;0;0;0;125;258
"054001";"Assisi";14;124;0;0;0;0;0;0;124;147;0;0;0;0;0;0;147;271
"054001";"Assisi";15;144;0;0;0;0;0;0;144;120;0;0;0;0;0;0;120;264
"054001";"Assisi";16;134;0;0;0;0;0;0;134;136;0;0;0;0;0;0;136;270
"054001";"Assisi";17;143;0;0;0;0;0;0;143;125;0;0;0;0;0;0;125;268
"054001";"Assisi";18;155;0;0;0;0;0;0;155;124;0;0;0;0;0;0;124;279
"054001";"Assisi";19;132;0;0;0;0;0;0;132;114;0;0;0;0;0;0;114;246
"054001";"Assisi";20;138;0;0;0;0;0;0;138;119;1;0;0;0;0;0;120;258
"054001";"Assisi";21;136;0;0;0;0;0;0;136;115;2;0;0;0;0;0;117;253
"054001";"Assisi";22;142;1;0;0;0;0;0;143;121;5;0;0;0;0;0;126;269
"054001";"Assisi";23;140;1;0;0;0;0;0;141;104;1;0;0;0;0;0;105;246
"054001";"Assisi";24;129;2;0;0;0;0;0;131;122;5;0;0;0;0;0;127;258
"054001";"Assisi";25;152;2;1;0;0;0;0;155;104;9;0;0;0;0;0;113;268
"054001";"Assisi";26;144;5;0;0;0;0;0;149;126;11;0;0;1;0;0;138;287
"054001";"Assisi";27;137;5;0;0;0;0;0;142;84;14;0;0;0;0;0;98;240
"054001";"Assisi";28;115;5;0;0;0;0;0;120;121;21;0;0;0;0;0;142;262
"054001";"Assisi";29;119;11;0;0;0;0;0;130;97;25;0;0;0;0;0;122;252
"054001";"Assisi";30;123;12;1;0;0;0;0;136;97;25;0;1;0;0;0;123;259
"054001";"Assisi";31;109;20;0;0;1;0;0;130;82;33;2;0;0;0;0;117;247
"054001";"Assisi";32;107;21;0;0;0;0;0;128;83;43;2;0;0;0;0;128;256
"054001";"Assisi";33;112;31;0;0;0;0;0;143;105;57;2;1;0;0;0;165;308
"054001";"Assisi";34;83;38;2;0;1;0;0;124;85;74;3;0;0;0;0;162;286
"054001";"Assisi";35;106;48;2;0;0;0;0;156;69;68;3;1;0;0;0;141;297
"054001";"Assisi";36;79;47;0;0;0;0;0;126;68;78;6;1;1;0;0;154;280
"054001";"Assisi";37;111;54;4;0;2;0;0;171;74;77;4;0;0;0;0;155;326
"054001";"Assisi";38;87;72;0;0;0;0;1;160;77;88;6;2;0;0;0;173;333
"054001";"Assisi";39;101;77;0;0;0;0;0;178;81;102;8;1;0;0;0;192;370
"054001";"Assisi";40;87;76;2;0;0;0;0;165;72;106;15;0;0;0;0;193;358
"054001";"Assisi";41;81;84;2;1;0;0;0;168;67;128;6;1;1;0;0;203;371
"054001";"Assisi";42;76;113;4;0;0;0;0;193;65;131;10;2;0;0;0;208;401
"054001";"Assisi";43;70;119;7;0;0;0;0;196;60;113;12;2;0;0;0;187;383
"054001";"Assisi";44;87;124;8;0;2;0;0;221;60;140;17;1;0;0;0;218;439
"054001";"Assisi";45;67;123;7;0;0;0;0;197;61;138;11;3;0;0;0;213;410
"054001";"Assisi";46;85;129;10;1;0;1;0;226;53;154;13;5;0;0;0;225;451
"054001";"Assisi";47;67;125;11;2;0;0;0;205;60;147;19;7;0;0;0;233;438
"054001";"Assisi";48;67;127;9;0;0;0;0;203;61;165;10;3;0;0;0;239;442
"054001";"Assisi";49;54;161;10;0;0;0;0;225;47;140;18;6;0;0;0;211;436
"054001";"Assisi";50;47;150;14;0;0;0;0;211;53;169;12;7;0;0;0;241;452
"054001";"Assisi";51;58;123;12;1;0;0;0;194;53;151;12;6;0;0;0;222;416
"054001";"Assisi";52;56;146;6;2;0;0;0;210;53;146;16;13;0;0;0;228;438
"054001";"Assisi";53;36;167;13;0;0;0;0;216;48;143;13;8;0;0;0;212;428
"054001";"Assisi";54;44;139;14;0;1;0;0;198;48;171;10;6;0;0;0;235;433
"054001";"Assisi";55;43;151;9;2;0;0;0;205;38;167;15;9;1;0;0;230;435
"054001";"Assisi";56;43;121;16;3;1;0;0;184;38;179;25;13;0;0;0;255;439
"054001";"Assisi";57;36;144;10;3;0;0;0;193;44;156;16;12;0;0;0;228;421
"054001";"Assisi";58;32;164;18;2;0;0;0;216;29;170;22;12;0;0;0;233;449
"054001";"Assisi";59;42;143;16;3;1;0;0;205;37;162;19;6;0;0;0;224;429
"054001";"Assisi";60;29;141;18;4;0;0;0;192;34;148;24;8;0;0;0;214;406
"054001";"Assisi";61;27;165;13;5;0;0;0;210;30;155;13;13;0;0;0;211;421
"054001";"Assisi";62;33;159;10;4;0;0;0;206;20;159;12;18;0;0;0;209;415
"054001";"Assisi";63;24;146;14;2;0;0;0;186;30;152;6;21;0;0;0;209;395
"054001";"Assisi";64;27;126;9;6;0;0;0;168;21;120;17;14;0;0;0;172;340
"054001";"Assisi";65;25;143;5;2;0;0;0;175;25;131;16;23;0;0;0;195;370
"054001";"Assisi";66;19;122;8;4;0;0;0;153;17;130;7;12;0;0;0;166;319
"054001";"Assisi";67;24;125;8;7;0;0;0;164;12;133;8;28;0;0;0;181;345
"054001";"Assisi";68;17;124;5;4;0;0;0;150;12;115;6;31;0;0;0;164;314
"054001";"Assisi";69;12;137;6;9;0;0;0;164;19;116;6;27;0;0;0;168;332
"054001";"Assisi";70;13;103;6;2;0;0;0;124;13;103;8;22;0;0;0;146;270
"054001";"Assisi";71;20;116;8;8;1;0;0;153;15;113;7;36;0;0;0;171;324
"054001";"Assisi";72;14;115;5;7;1;0;0;142;13;121;2;32;0;0;0;168;310
"054001";"Assisi";73;20;143;4;10;0;0;0;177;17;114;2;53;0;0;0;186;363
"054001";"Assisi";74;13;141;5;10;0;0;0;169;10;95;3;40;0;0;0;148;317
"054001";"Assisi";75;9;121;3;12;1;0;0;146;8;96;5;58;0;0;0;167;313
"054001";"Assisi";76;10;100;6;8;0;0;0;124;13;97;3;55;0;0;0;168;292
"054001";"Assisi";77;9;97;2;16;0;0;0;124;16;66;3;49;0;0;0;134;258
"054001";"Assisi";78;10;98;3;12;0;0;0;123;17;93;0;49;0;0;0;159;282
"054001";"Assisi";79;10;79;1;11;0;0;0;101;12;61;0;49;0;0;0;122;223
"054001";"Assisi";80;5;72;3;12;0;0;0;92;17;52;3;57;0;0;0;129;221
"054001";"Assisi";81;8;65;2;14;0;0;0;89;10;51;3;59;0;0;0;123;212
"054001";"Assisi";82;9;84;1;19;0;0;0;113;14;45;4;66;0;0;0;129;242
"054001";"Assisi";83;11;71;0;11;0;0;0;93;14;54;6;56;0;0;0;130;223
"054001";"Assisi";84;11;79;4;14;0;0;0;108;25;41;2;72;0;0;0;140;248
"054001";"Assisi";85;3;38;0;10;0;0;0;51;4;22;1;77;0;0;0;104;155
"054001";"Assisi";86;4;47;0;15;0;0;0;66;15;26;0;69;0;0;0;110;176
"054001";"Assisi";87;4;46;2;16;0;0;0;68;10;18;1;80;0;0;0;109;177
"054001";"Assisi";88;3;53;1;10;0;0;0;67;4;9;0;73;0;0;0;86;153
"054001";"Assisi";89;9;23;0;13;0;0;0;45;8;10;1;59;0;0;0;78;123
"054001";"Assisi";90;1;23;0;7;0;0;0;31;6;7;0;67;0;0;0;80;111
"054001";"Assisi";91;1;15;0;14;0;0;0;30;5;4;0;42;0;0;0;51;81
"054001";"Assisi";92;4;13;1;9;0;0;0;27;2;8;1;46;0;0;0;57;84
"054001";"Assisi";93;4;7;0;7;0;0;0;18;5;1;0;32;0;0;0;38;56
"054001";"Assisi";94;1;6;0;5;0;0;0;12;3;1;0;27;0;0;0;31;43
"054001";"Assisi";95;0;1;0;5;0;0;0;6;4;2;0;18;0;0;0;24;30
"054001";"Assisi";96;1;3;0;2;0;0;0;6;1;0;0;19;0;0;0;20;26
"054001";"Assisi";97;0;1;0;0;0;0;0;1;0;0;1;16;0;0;0;17;18
"054001";"Assisi";98;0;1;0;0;0;0;0;1;0;0;0;4;0;0;0;4;5
"054001";"Assisi";99;0;0;0;1;0;0;0;1;1;0;0;5;0;0;0;6;7
"054001";"Assisi";100;0;0;0;3;0;0;0;3;0;0;0;7;0;0;0;7;10
"054001";"Assisi";999;6384;6230;361;350;12;1;1;13339;5728;6384;498;1718;4;0;0;14332;27671
"054002";"Bastia Umbra";0;84;0;0;0;0;0;0;84;65;0;0;0;0;0;0;65;149
"054002";"Bastia Umbra";1;61;0;0;0;0;0;0;61;86;0;0;0;0;0;0;86;147
"054002";"Bastia Umbra";2;85;0;0;0;0;0;0;85;76;0;0;0;0;0;0;76;161
"054002";"Bastia Umbra";3;93;0;0;0;0;0;0;93;92;0;0;0;0;0;0;92;185
"054002";"Bastia Umbra";4;91;0;0;0;0;0;0;91;84;0;0;0;0;0;0;84;175
"054002";"Bastia Umbra";5;100;0;0;0;0;0;0;100;92;0;0;0;0;0;0;92;192
"054002";"Bastia Umbra";6;102;0;0;0;0;0;0;102;85;0;0;0;0;0;0;85;187
"054002";"Bastia Umbra";7;125;0;0;0;0;0;0;125;91;0;0;0;0;0;0;91;216
"054002";"Bastia Umbra";8;98;0;0;0;0;0;0;98;94;0;0;0;0;0;0;94;192
"054002";"Bastia Umbra";9;107;0;0;0;0;0;0;107;87;0;0;0;0;0;0;87;194
"054002";"Bastia Umbra";10;88;0;0;0;0;0;0;88;84;0;0;0;0;0;0;84;172
"054002";"Bastia Umbra";11;125;0;0;0;0;0;0;125;105;0;0;0;0;0;0;105;230
"054002";"Bastia Umbra";12;98;0;0;0;0;0;0;98;101;0;0;0;0;0;0;101;199
"054002";"Bastia Umbra";13;107;0;0;0;0;0;0;107;96;0;0;0;0;0;0;96;203
"054002";"Bastia Umbra";14;118;0;0;0;0;0;0;118;100;0;0;0;0;0;0;100;218
"054002";"Bastia Umbra";15;114;0;0;0;0;0;0;114;124;0;0;0;0;0;0;124;238
"054002";"Bastia Umbra";16;109;0;0;0;0;0;0;109;101;0;0;0;0;0;0;101;210
"054002";"Bastia Umbra";17;118;0;0;0;0;0;0;118;100;0;0;0;0;0;0;100;218
"054002";"Bastia Umbra";18;118;0;0;0;0;0;0;118;104;0;0;0;0;0;0;104;222
"054002";"Bastia Umbra";19;125;0;0;0;0;0;0;125;124;1;0;0;0;0;0;125;250
"054002";"Bastia Umbra";20;107;0;0;0;0;0;0;107;90;2;0;0;0;0;0;92;199
"054002";"Bastia Umbra";21;112;1;0;0;0;0;0;113;92;0;0;0;0;0;0;92;205
"054002";"Bastia Umbra";22;116;1;0;0;0;0;0;117;90;3;0;0;0;0;0;93;210
"054002";"Bastia Umbra";23;122;1;0;0;0;0;0;123;81;1;0;0;0;0;0;82;205
"054002";"Bastia Umbra";24;108;0;0;0;0;0;0;108;85;5;0;0;0;0;0;90;198
"054002";"Bastia Umbra";25;116;2;0;0;0;0;0;118;89;7;0;0;0;0;0;96;214
"054002";"Bastia Umbra";26;97;2;0;0;0;0;0;99;83;11;0;0;0;0;0;94;193
"054002";"Bastia Umbra";27;95;6;0;0;0;0;0;101;92;21;0;0;0;0;0;113;214
"054002";"Bastia Umbra";28;92;8;0;0;0;0;0;100;79;16;0;0;0;0;0;95;195
"054002";"Bastia Umbra";29;89;9;0;0;0;0;0;98;77;26;0;0;0;0;0;103;201
"054002";"Bastia Umbra";30;89;7;0;0;0;0;0;96;87;24;0;0;0;1;0;112;208
"054002";"Bastia Umbra";31;92;19;2;0;0;0;0;113;74;45;1;0;0;0;0;120;233
"054002";"Bastia Umbra";32;80;27;1;0;0;0;0;108;84;44;4;0;0;0;0;132;240
"054002";"Bastia Umbra";33;82;31;0;0;0;0;0;113;67;40;1;0;0;0;0;108;221
"054002";"Bastia Umbra";34;83;27;1;0;1;0;0;112;70;59;3;0;0;0;0;132;244
"054002";"Bastia Umbra";35;84;42;1;0;0;0;0;127;85;55;1;0;0;0;0;141;268
"054002";"Bastia Umbra";36;64;52;2;0;1;0;0;119;65;72;5;1;0;0;0;143;262
"054002";"Bastia Umbra";37;66;65;2;0;0;0;0;133;49;69;1;0;1;0;0;120;253
"054002";"Bastia Umbra";38;53;58;1;0;1;0;0;113;43;82;5;0;1;0;0;131;244
"054002";"Bastia Umbra";39;58;74;2;0;0;0;0;134;34;96;10;0;0;0;0;140;274
"054002";"Bastia Umbra";40;51;69;6;0;1;0;0;127;44;83;6;1;0;0;0;134;261
"054002";"Bastia Umbra";41;44;74;9;0;0;0;0;127;46;83;7;0;0;0;0;136;263
"054002";"Bastia Umbra";42;55;79;4;0;0;0;0;138;47;92;10;1;0;0;0;150;288
"054002";"Bastia Umbra";43;61;99;5;0;0;0;0;165;40;109;6;2;0;0;0;157;322
"054002";"Bastia Umbra";44;49;90;5;1;0;0;0;145;43;110;14;3;0;0;0;170;315
"054002";"Bastia Umbra";45;49;104;2;1;0;0;0;156;30;117;16;1;0;0;0;164;320
"054002";"Bastia Umbra";46;45;89;4;1;1;0;0;140;34;117;11;4;0;0;0;166;306
"054002";"Bastia Umbra";47;50;111;10;0;0;0;0;171;35;130;11;1;0;0;0;177;348
"054002";"Bastia Umbra";48;51;99;7;1;0;0;0;158;31;132;14;3;0;0;0;180;338
"054002";"Bastia Umbra";49;42;138;8;1;0;0;0;189;37;140;17;1;0;0;0;195;384
"054002";"Bastia Umbra";50;38;114;3;0;0;0;0;155;31;112;21;6;0;0;0;170;325
"054002";"Bastia Umbra";51;42;132;9;0;0;0;0;183;35;146;13;5;0;0;0;199;382
"054002";"Bastia Umbra";52;37;138;7;0;0;0;0;182;27;129;9;8;0;0;0;173;355
"054002";"Bastia Umbra";53;26;127;15;3;0;0;0;171;22;129;21;7;0;0;0;179;350
"054002";"Bastia Umbra";54;27;131;11;2;0;0;0;171;28;132;16;8;0;0;0;184;355
"054002";"Bastia Umbra";55;30;113;9;3;0;0;0;155;19;113;16;6;0;0;0;154;309
"054002";"Bastia Umbra";56;24;121;11;1;0;0;0;157;31;122;17;9;1;0;0;180;337
"054002";"Bastia Umbra";57;24;148;9;3;0;0;0;184;18;128;18;8;0;0;0;172;356
"054002";"Bastia Umbra";58;30;114;11;3;0;0;0;158;18;126;18;14;0;0;0;176;334
"054002";"Bastia Umbra";59;16;106;12;4;0;0;0;138;18;151;14;7;0;0;0;190;328
"054002";"Bastia Umbra";60;14;111;12;3;1;0;0;141;17;108;13;10;0;0;0;148;289
"054002";"Bastia Umbra";61;13;128;5;2;1;0;0;149;13;119;12;11;0;0;0;155;304
"054002";"Bastia Umbra";62;12;127;11;5;0;0;0;155;8;127;10;7;0;0;0;152;307
"054002";"Bastia Umbra";63;19;117;9;4;0;0;0;149;8;106;8;11;0;0;0;133;282
"054002";"Bastia Umbra";64;12;88;8;5;0;0;0;113;6;111;7;17;0;0;0;141;254
"054002";"Bastia Umbra";65;6;102;5;5;0;0;0;118;5;97;10;16;0;0;0;128;246
"054002";"Bastia Umbra";66;8;104;7;8;0;0;0;127;3;84;4;22;0;0;0;113;240
"054002";"Bastia Umbra";67;1;79;6;3;0;0;0;89;6;86;5;22;0;0;0;119;208
"054002";"Bastia Umbra";68;5;91;3;6;0;0;0;105;5;88;9;23;0;0;0;125;230
"054002";"Bastia Umbra";69;8;92;6;5;0;0;0;111;3;86;10;21;0;0;0;120;231
"054002";"Bastia Umbra";70;2;71;4;4;0;0;0;81;5;81;1;19;0;0;0;106;187
"054002";"Bastia Umbra";71;5;86;3;8;0;0;0;102;8;91;4;23;0;0;0;126;228
"054002";"Bastia Umbra";72;6;83;2;5;0;0;0;96;4;67;5;32;0;0;0;108;204
"054002";"Bastia Umbra";73;4;81;1;7;0;0;0;93;5;74;5;34;0;0;0;118;211
"054002";"Bastia Umbra";74;3;92;1;5;0;0;0;101;10;81;4;35;0;0;0;130;231
"054002";"Bastia Umbra";75;9;80;3;8;0;0;0;100;3;86;3;36;0;0;0;128;228
"054002";"Bastia Umbra";76;5;89;4;5;0;0;0;103;3;61;2;43;0;0;0;109;212
"054002";"Bastia Umbra";77;3;71;1;5;0;0;0;80;1;59;4;33;0;0;0;97;177
"054002";"Bastia Umbra";78;7;56;2;7;0;0;0;72;4;52;6;40;0;0;0;102;174
"054002";"Bastia Umbra";79;4;68;3;8;1;0;0;84;2;47;3;43;0;0;0;95;179
"054002";"Bastia Umbra";80;3;54;1;5;0;0;0;63;1;38;1;63;0;0;0;103;166
"054002";"Bastia Umbra";81;4;61;1;9;0;0;0;75;0;31;2;62;0;0;0;95;170
"054002";"Bastia Umbra";82;4;53;0;10;0;0;0;67;4;40;2;63;0;0;0;109;176
"054002";"Bastia Umbra";83;0;45;0;9;0;0;0;54;4;25;2;59;0;0;0;90;144
"054002";"Bastia Umbra";84;0;52;0;12;0;0;0;64;2;34;5;61;0;0;0;102;166
"054002";"Bastia Umbra";85;1;37;0;8;0;0;0;46;3;34;2;65;0;0;0;104;150
"054002";"Bastia Umbra";86;2;29;0;18;0;0;0;49;0;12;1;47;0;0;0;60;109
"054002";"Bastia Umbra";87;1;32;0;12;0;0;0;45;1;11;0;47;0;0;0;59;104
"054002";"Bastia Umbra";88;2;32;1;5;0;0;0;40;4;10;0;36;0;0;0;50;90
"054002";"Bastia Umbra";89;0;26;0;8;0;0;0;34;1;3;0;45;0;0;0;49;83
"054002";"Bastia Umbra";90;1;14;0;5;0;0;0;20;3;3;0;34;0;0;0;40;60
"054002";"Bastia Umbra";91;1;7;0;7;0;0;0;15;2;2;0;28;0;0;0;32;47
"054002";"Bastia Umbra";92;1;13;0;5;0;0;0;19;0;2;0;31;0;0;0;33;52
"054002";"Bastia Umbra";93;0;8;0;4;0;0;0;12;0;1;0;16;0;0;0;17;29
"054002";"Bastia Umbra";94;0;2;0;6;0;0;0;8;0;0;0;18;0;0;0;18;26
"054002";"Bastia Umbra";95;0;3;0;4;0;0;0;7;0;1;0;16;0;0;0;17;24
"054002";"Bastia Umbra";96;0;1;0;5;0;0;0;6;0;1;0;12;0;0;0;13;19
"054002";"Bastia Umbra";97;0;1;0;2;0;0;0;3;0;0;0;3;0;0;0;3;6
"054002";"Bastia Umbra";98;0;0;0;1;0;0;0;1;0;0;0;7;0;0;0;7;8
"054002";"Bastia Umbra";99;0;0;0;0;0;0;0;0;0;0;0;1;0;0;0;1;1
"054002";"Bastia Umbra";100;0;0;0;0;0;0;0;0;0;0;0;0;0;0;0;0;0
"054002";"Bastia Umbra";999;4828;4914;268;267;8;0;0;10285;4185;5039;446;1308;3;1;0;10982;21267
"054003";"Bettona";0;14;0;0;0;;;;14;11;0;0;0;;;;11;25
"054003";"Bettona";1;12;0;0;0;;;;12;16;0;0;0;;;;16;28
"054003";"Bettona";2;9;0;0;0;;;;9;14;0;0;0;;;;14;23
"054003";"Bettona";3;17;0;0;0;;;;17;14;0;0;0;;;;14;31
"054003";"Bettona";4;23;0;0;0;;;;23;18;0;0;0;;;;18;41
"054003";"Bettona";5;14;0;0;0;;;;14;9;0;0;0;;;;9;23
"054003";"Bettona";6;20;0;0;0;;;;20;19;0;0;0;;;;19;39
"054003";"Bettona";7;22;0;0;0;;;;22;14;0;0;0;;;;14;36
"054003";"Bettona";8;22;0;0;0;;;;22;21;0;0;0;;;;21;43
"054003";"Bettona";9;16;0;0;0;;;;16;23;0;0;0;;;;23;39
"054003";"Bettona";10;18;0;0;0;;;;18;18;0;0;0;;;;18;36
"054003";"Bettona";11;16;0;0;0;;;;16;31;0;0;0;;;;31;47
"054003";"Bettona";12;26;0;0;0;;;;26;21;0;0;0;;;;21;47
"054003";"Bettona";13;17;0;0;0;;;;17;23;0;0;0;;;;23;40
"054003";"Bettona";14;12;0;0;0;;;;12;26;0;0;0;;;;26;38
"054003";"Bettona";15;25;0;0;0;;;;25;20;0;0;0;;;;20;45
"054003";"Bettona";16;23;0;0;0;;;;23;23;0;0;0;;;;23;46
"054003";"Bettona";17;17;0;0;0;;;;17;19;0;0;0;;;;19;36
"054003";"Bettona";18;15;0;0;0;;;;15;24;0;0;0;;;;24;39
"054003";"Bettona";19;18;0;0;0;;;;18;17;0;0;0;;;;17;35
"054003";"Bettona";20;18;0;0;0;;;;18;20;1;0;0;;;;21;39
"054003";"Bettona";21;28;0;0;0;;;;28;19;1;0;0;;;;20;48
"054003";"Bettona";22;16;0;0;0;;;;16;19;0;0;0;;;;19;35
"054003";"Bettona";23;18;0;0;0;;;;18;26;0;0;0;;;;26;44
"054003";"Bettona";24;23;0;0;0;;;;23;16;0;0;0;;;;16;39
"054003";"Bettona";25;19;1;0;0;;;;20;16;2;0;0;;;;18;38
"054003";"Bettona";26;12;1;0;0;;;;13;12;2;1;0;;;;15;28
"054003";"Bettona";27;16;0;0;0;;;;16;19;0;0;0;;;;19;35
"054003";"Bettona";28;14;4;0;0;;;;18;16;4;0;0;;;;20;38
"054003";"Bettona";29;23;2;0;0;;;;25;16;4;0;0;;;;20;45
"054003";"Bettona";30;19;0;0;0;;;;19;22;5;0;0;;;;27;46
"054003";"Bettona";31;18;0;0;0;;;;18;12;4;0;0;;;;16;34
"054003";"Bettona";32;25;8;0;0;;;;33;22;9;0;0;;;;31;64
"054003";"Bettona";33;15;3;0;0;;;;18;14;13;0;0;;;;27;45
"054003";"Bettona";34;18;8;0;0;;;;26;10;15;1;0;;;;26;52
"054003";"Bettona";35;19;8;0;0;;;;27;13;14;0;0;;;;27;54
"054003";"Bettona";36;18;10;0;0;;;;28;13;6;0;0;;;;19;47
"054003";"Bettona";37;17;6;0;0;;;;23;10;6;0;0;;;;16;39
"054003";"Bettona";38;12;10;1;0;;;;23;8;19;1;0;;;;28;51
"054003";"Bettona";39;18;14;1;0;;;;33;11;11;0;0;;;;22;55
"054003";"Bettona";40;15;12;0;0;;;;27;5;13;1;0;;;;19;46
"054003";"Bettona";41;7;18;1;0;;;;26;9;18;0;0;;;;27;53
"054003";"Bettona";42;12;13;0;0;;;;25;9;24;1;0;;;;34;59
"054003";"Bettona";43;12;22;0;0;;;;34;10;19;2;1;;;;32;66
"054003";"Bettona";44;12;20;3;0;;;;35;6;18;6;0;;;;30;65
"054003";"Bettona";45;9;13;1;0;;;;23;11;31;0;0;;;;42;65
"054003";"Bettona";46;15;21;2;0;;;;38;4;20;3;0;;;;27;65
"054003";"Bettona";47;9;29;2;0;;;;40;8;27;3;0;;;;38;78
"054003";"Bettona";48;9;19;5;0;;;;33;8;24;1;2;;;;35;68
"054003";"Bettona";49;13;24;2;0;;;;39;11;26;0;1;;;;38;77
"054003";"Bettona";50;2;16;0;1;;;;19;7;28;1;0;;;;36;55
"054003";"Bettona";51;12;22;3;0;;;;37;5;26;2;0;;;;33;70
"054003";"Bettona";52;8;28;1;0;;;;37;4;17;4;0;;;;25;62
"054003";"Bettona";53;7;25;0;0;;;;32;3;28;1;3;;;;35;67
"054003";"Bettona";54;14;17;4;1;;;;36;4;31;4;1;;;;40;76
"054003";"Bettona";55;6;32;4;0;;;;42;3;21;1;0;;;;25;67
"054003";"Bettona";56;4;23;0;0;;;;27;8;21;3;0;;;;32;59
"054003";"Bettona";57;4;30;2;1;;;;37;4;31;2;0;;;;37;74
"054003";"Bettona";58;4;18;1;0;;;;23;4;20;4;1;;;;29;52
"054003";"Bettona";59;8;13;3;0;;;;24;5;16;0;0;;;;21;45
"054003";"Bettona";60;4;21;1;0;;;;26;3;24;3;0;;;;30;56
"054003";"Bettona";61;3;25;3;0;;;;31;3;27;1;3;;;;34;65
"054003";"Bettona";62;2;30;0;0;;;;32;5;26;1;4;;;;36;68
"054003";"Bettona";63;3;30;5;2;;;;40;7;33;0;3;;;;43;83
"054003";"Bettona";64;5;23;0;1;;;;29;4;12;0;3;;;;19;48
"054003";"Bettona";65;3;21;2;0;;;;26;0;25;0;1;;;;26;52
"054003";"Bettona";66;4;25;3;1;;;;33;2;23;2;4;;;;31;64
"054003";"Bettona";67;2;26;3;2;;;;33;2;27;2;2;;;;33;66
"054003";"Bettona";68;1;23;0;1;;;;25;1;22;0;2;;;;25;50
"054003";"Bettona";69;1;20;0;0;;;;21;2;17;1;2;;;;22;43
"054003";"Bettona";70;1;19;0;0;;;;20;3;15;2;8;;;;28;48
"054003";"Bettona";71;4;16;1;2;;;;23;2;17;1;6;;;;26;49
"054003";"Bettona";72;0;22;0;1;;;;23;1;12;0;8;;;;21;44
"054003";"Bettona";73;1;16;2;2;;;;21;0;16;1;7;;;;24;45
"054003";"Bettona";74;3;20;1;3;;;;27;1;13;1;9;;;;24;51
"054003";"Bettona";75;1;18;0;2;;;;21;1;20;0;8;;;;29;50
"054003";"Bettona";76;2;18;0;0;;;;20;3;18;1;9;;;;31;51
"054003";"Bettona";77;1;11;1;1;;;;14;1;9;1;7;;;;18;32
"054003";"Bettona";78;0;11;0;1;;;;12;1;6;1;8;;;;16;28
"054003";"Bettona";79;1;21;0;3;;;;25;0;8;1;4;;;;13;38
"054003";"Bettona";80;1;12;1;2;;;;16;1;5;0;10;;;;16;32
"054003";"Bettona";81;0;6;0;1;;;;7;1;4;0;13;;;;18;25
"054003";"Bettona";82;1;11;1;2;;;;15;2;6;0;9;;;;17;32
"054003";"Bettona";83;1;12;1;2;;;;16;2;4;0;10;;;;16;32
"054003";"Bettona";84;1;8;2;1;;;;12;0;3;0;12;;;;15;27
"054003";"Bettona";85;0;8;0;2;;;;10;1;4;0;7;;;;12;22
"054003";"Bettona";86;0;3;0;2;;;;5;0;3;0;8;;;;11;16
"054003";"Bettona";87;1;6;0;1;;;;8;1;1;0;19;;;;21;29
"054003";"Bettona";88;0;5;0;4;;;;9;1;0;0;6;;;;7;16
"054003";"Bettona";89;2;2;0;2;;;;6;0;1;0;11;;;;12;18
"054003";"Bettona";90;0;0;0;1;;;;1;1;1;0;3;;;;5;6
"054003";"Bettona";91;0;4;0;3;;;;7;0;1;0;7;;;;8;15
"054003";"Bettona";92;0;1;0;0;;;;1;0;1;0;8;;;;9;10
"054003";"Bettona";93;0;1;0;0;;;;1;1;0;0;5;;;;6;7
"054003";"Bettona";94;0;1;0;1;;;;2;1;0;0;4;;;;5;7
"054003";"Bettona";95;0;0;0;0;;;;0;1;0;0;3;;;;4;4
"054003";"Bettona";96;0;0;0;0;;;;0;0;0;0;2;;;;2;2
"054003";"Bettona";97;0;0;0;2;;;;2;0;0;0;5;;;;5;7
"054003";"Bettona";98;0;0;0;0;;;;0;0;1;0;0;;;;1;1
"054003";"Bettona";99;0;0;0;0;;;;0;0;0;0;1;;;;1;1
"054003";"Bettona";100;0;0;0;0;;;;0;0;0;0;3;;;;3;3
"054003";"Bettona";999;953;986;63;51;;;;2053;878;980;61;253;;;;2172;4225
"054004";"Bevagna";0;5;0;0;0;;;;5;5;0;0;0;;;;5;10
"054004";"Bevagna";1;13;0;0;0;;;;13;19;0;0;0;;;;19;32
"054004";"Bevagna";2;19;0;0;0;;;;19;20;0;0;0;;;;20;39
"054004";"Bevagna";3;16;0;0;0;;;;16;13;0;0;0;;;;13;29
"054004";"Bevagna";4;17;0;0;0;;;;17;14;0;0;0;;;;14;31
"054004";"Bevagna";5;8;0;0;0;;;;8;13;0;0;0;;;;13;21
"054004";"Bevagna";6;18;0;0;0;;;;18;20;0;0;0;;;;20;38
"054004";"Bevagna";7;19;0;0;0;;;;19;14;0;0;0;;;;14;33
"054004";"Bevagna";8;22;0;0;0;;;;22;16;0;0;0;;;;16;38
"054004";"Bevagna";9;21;0;0;0;;;;21;29;0;0;0;;;;29;50
"054004";"Bevagna";10;19;0;0;0;;;;19;15;0;0;0;;;;15;34
"054004";"Bevagna";11;24;0;0;0;;;;24;24;0;0;0;;;;24;48
"054004";"Bevagna";12;19;0;0;0;;;;19;22;0;0;0;;;;22;41
"054004";"Bevagna";13;29;0;0;0;;;;29;12;0;0;0;;;;12;41
"054004";"Bevagna";14;21;0;0;0;;;;21;25;0;0;0;;;;25;46
"054004";"Bevagna";15;18;0;0;0;;;;18;15;0;0;0;;;;15;33
"054004";"Bevagna";16;22;0;0;0;;;;22;14;0;0;0;;;;14;36
"054004";"Bevagna";17;26;0;0;0;;;;26;14;0;0;0;;;;14;40
"054004";"Bevagna";18;25;0;0;0;;;;25;17;0;0;0;;;;17;42
"054004";"Bevagna";19;30;0;0;0;;;;30;20;0;0;0;;;;20;50
"054004";"Bevagna";20;20;0;0;0;;;;20;16;0;0;0;;;;16;36
"054004";"Bevagna";21;23;0;0;0;;;;23;25;0;0;0;;;;25;48
"054004";"Bevagna";22;32;0;0;0;;;;32;17;0;0;0;;;;17;49
"054004";"Bevagna";23;18;0;0;0;;;;18;20;0;0;0;;;;20;38
"054004";"Bevagna";24;23;1;0;0;;;;24;19;0;0;0;;;;19;43
"054004";"Bevagna";25;26;0;0;0;;;;26;13;3;0;0;;;;16;42
"054004";"Bevagna";26;24;2;0;0;;;;26;20;2;0;0;;;;22;48
"054004";"Bevagna";27;26;1;0;0;;;;27;19;3;0;0;;;;22;49
"054004";"Bevagna";28;24;1;0;0;;;;25;11;1;0;0;;;;12;37
"054004";"Bevagna";29;16;1;0;0;;;;17;26;2;0;0;;;;28;45
"054004";"Bevagna";30;19;2;0;0;;;;21;12;4;0;0;;;;16;37
"054004";"Bevagna";31;23;2;0;0;;;;25;14;7;1;0;;;;22;47
"054004";"Bevagna";32;17;5;1;0;;;;23;17;2;1;0;;;;20;43
"054004";"Bevagna";33;18;5;1;0;;;;24;15;6;1;0;;;;22;46
"054004";"Bevagna";34;24;8;0;0;;;;32;20;10;0;0;;;;30;62
"054004";"Bevagna";35;15;5;0;0;;;;20;7;11;1;0;;;;19;39
"054004";"Bevagna";36;12;11;0;0;;;;23;14;11;0;0;;;;25;48
"054004";"Bevagna";37;17;6;0;0;;;;23;12;18;1;1;;;;32;55
"054004";"Bevagna";38;14;8;0;0;;;;22;11;13;1;0;;;;25;47
"054004";"Bevagna";39;17;13;1;0;;;;31;16;14;0;0;;;;30;61
"054004";"Bevagna";40;20;11;0;0;;;;31;11;17;2;0;;;;30;61
"054004";"Bevagna";41;20;15;0;0;;;;35;11;17;2;0;;;;30;65
"054004";"Bevagna";42;12;11;1;0;;;;24;10;28;0;0;;;;38;62
"054004";"Bevagna";43;21;12;0;0;;;;33;9;20;0;0;;;;29;62
"054004";"Bevagna";44;15;14;2;0;;;;31;10;17;1;1;;;;29;60
"054004";"Bevagna";45;10;23;0;0;;;;33;11;20;1;0;;;;32;65
"054004";"Bevagna";46;8;17;1;0;;;;26;11;30;2;1;;;;44;70
"054004";"Bevagna";47;13;25;0;0;;;;38;5;31;4;1;;;;41;79
"054004";"Bevagna";48;8;22;3;0;;;;33;8;30;2;1;;;;41;74
"054004";"Bevagna";49;11;33;2;0;;;;46;5;29;2;1;;;;37;83
"054004";"Bevagna";50;9;24;3;0;;;;36;4;22;2;0;;;;28;64
"054004";"Bevagna";51;12;30;2;0;;;;44;6;21;0;2;;;;29;73
"054004";"Bevagna";52;7;25;2;0;;;;34;6;35;4;1;;;;46;80
"054004";"Bevagna";53;10;33;0;0;;;;43;4;29;3;1;;;;37;80
"054004";"Bevagna";54;14;23;3;0;;;;40;5;32;3;0;;;;40;80
"054004";"Bevagna";55;8;33;3;0;;;;44;7;28;6;2;;;;43;87
"054004";"Bevagna";56;3;33;2;0;;;;38;3;29;2;1;;;;35;73
"054004";"Bevagna";57;7;38;1;0;;;;46;3;34;2;2;;;;41;87
"054004";"Bevagna";58;7;31;3;1;;;;42;1;41;3;1;;;;46;88
"054004";"Bevagna";59;6;25;1;1;;;;33;1;15;5;1;;;;22;55
"054004";"Bevagna";60;8;33;3;0;;;;44;2;33;3;2;;;;40;84
"054004";"Bevagna";61;2;28;5;1;;;;36;2;30;3;1;;;;36;72
"054004";"Bevagna";62;5;31;3;1;;;;40;8;36;3;2;;;;49;89
"054004";"Bevagna";63;5;28;0;2;;;;35;2;25;3;4;;;;34;69
"054004";"Bevagna";64;6;23;3;0;;;;32;4;26;0;2;;;;32;64
"054004";"Bevagna";65;3;23;0;1;;;;27;5;23;0;1;;;;29;56
"054004";"Bevagna";66;3;30;2;1;;;;36;4;33;3;2;;;;42;78
"054004";"Bevagna";67;6;24;2;3;;;;35;2;30;1;3;;;;36;71
"054004";"Bevagna";68;4;19;0;1;;;;24;2;22;2;4;;;;30;54
"054004";"Bevagna";69;4;24;0;0;;;;28;3;20;0;2;;;;25;53
"054004";"Bevagna";70;4;22;0;3;;;;29;2;26;0;7;;;;35;64
"054004";"Bevagna";71;2;30;0;0;;;;32;3;20;2;8;;;;33;65
"054004";"Bevagna";72;1;31;0;0;;;;32;3;14;0;8;;;;25;57
"054004";"Bevagna";73;2;29;2;3;;;;36;3;30;1;4;;;;38;74
"054004";"Bevagna";74;1;25;0;1;;;;27;2;19;1;8;;;;30;57
"054004";"Bevagna";75;0;21;1;2;;;;24;0;20;0;7;;;;27;51
"054004";"Bevagna";76;2;19;2;2;;;;25;1;19;0;9;;;;29;54
"054004";"Bevagna";77;0;17;1;1;;;;19;1;15;0;10;;;;26;45
"054004";"Bevagna";78;3;19;2;4;;;;28;2;11;0;9;;;;22;50
"054004";"Bevagna";79;2;20;0;1;;;;23;1;18;1;6;;;;26;49
"054004";"Bevagna";80;0;14;1;4;;;;19;1;8;2;6;;;;17;36
"054004";"Bevagna";81;2;16;0;1;;;;19;0;10;0;14;;;;24;43
"054004";"Bevagna";82;1;19;1;2;;;;23;1;10;0;14;;;;25;48
"054004";"Bevagna";83;0;12;0;1;;;;13;0;12;0;14;;;;26;39
"054004";"Bevagna";84;1;21;0;1;;;;23;0;5;0;14;;;;19;42
"054004";"Bevagna";85;0;7;2;1;;;;10;1;7;0;14;;;;22;32
"054004";"Bevagna";86;0;14;0;3;;;;17;1;9;0;18;;;;28;45
"054004";"Bevagna";87;0;9;0;2;;;;11;1;2;0;13;;;;16;27
"054004";"Bevagna";88;0;6;0;5;;;;11;0;2;0;17;;;;19;30
"054004";"Bevagna";89;0;1;0;1;;;;2;1;0;0;11;;;;12;14
"054004";"Bevagna";90;0;4;1;2;;;;7;0;3;0;4;;;;7;14
"054004";"Bevagna";91;0;5;0;2;;;;7;0;3;0;4;;;;7;14
"054004";"Bevagna";92;1;1;0;2;;;;4;2;1;0;8;;;;11;15
"054004";"Bevagna";93;0;3;0;1;;;;4;0;1;0;9;;;;10;14
"054004";"Bevagna";94;0;0;0;0;;;;0;1;0;0;6;;;;7;7
"054004";"Bevagna";95;0;2;0;0;;;;2;1;0;0;4;;;;5;7
"054004";"Bevagna";96;0;1;0;0;;;;1;0;0;0;3;;;;3;4
"054004";"Bevagna";97;0;0;0;1;;;;1;0;0;0;1;;;;1;2
"054004";"Bevagna";98;0;0;0;0;;;;0;0;0;0;0;;;;0;0
"054004";"Bevagna";99;0;0;0;2;;;;2;0;0;0;1;;;;1;3
"054004";"Bevagna";100;0;0;0;0;;;;0;0;0;0;1;;;;1;1
"054004";"Bevagna";999;1088;1180;63;60;;;;2391;858;1175;77;292;;;;2402;4793
"054005";"Campello sul Clitunno";0;1;0;0;0;;;;1;5;0;0;0;;;;5;6
"054005";"Campello sul Clitunno";1;12;0;0;0;;;;12;7;0;0;0;;;;7;19
"054005";"Campello sul Clitunno";2;7;0;0;0;;;;7;9;0;0;0;;;;9;16
"054005";"Campello sul Clitunno";3;7;0;0;0;;;;7;7;0;0;0;;;;7;14
"054005";"Campello sul Clitunno";4;7;0;0;0;;;;7;4;0;0;0;;;;4;11
"054005";"Campello sul Clitunno";5;12;0;0;0;;;;12;13;0;0;0;;;;13;25
"054005";"Campello sul Clitunno";6;8;0;0;0;;;;8;6;0;0;0;;;;6;14
"054005";"Campello sul Clitunno";7;7;0;0;0;;;;7;9;0;0;0;;;;9;16
"054005";"Campello sul Clitunno";8;10;0;0;0;;;;10;5;0;0;0;;;;5;15
"054005";"Campello sul Clitunno";9;6;0;0;0;;;;6;8;0;0;0;;;;8;14
"054005";"Campello sul Clitunno";10;9;0;0;0;;;;9;19;0;0;0;;;;19;28
"054005";"Campello sul Clitunno";11;8;0;0;0;;;;8;11;0;0;0;;;;11;19
"054005";"Campello sul Clitunno";12;11;0;0;0;;;;11;10;0;0;0;;;;10;21
"054005";"Campello sul Clitunno";13;12;0;0;0;;;;12;10;0;0;0;;;;10;22
"054005";"Campello sul Clitunno";14;10;0;0;0;;;;10;16;0;0;0;;;;16;26
"054005";"Campello sul Clitunno";15;10;0;0;0;;;;10;12;0;0;0;;;;12;22
"054005";"Campello sul Clitunno";16;11;0;0;0;;;;11;9;0;0;0;;;;9;20
"054005";"Campello sul Clitunno";17;8;0;0;0;;;;8;15;0;0;0;;;;15;23
"054005";"Campello sul Clitunno";18;9;0;0;0;;;;9;7;0;0;0;;;;7;16
"054005";"Campello sul Clitunno";19;19;0;0;0;;;;19;7;0;0;0;;;;7;26
"054005";"Campello sul Clitunno";20;13;0;0;0;;;;13;11;0;0;0;;;;11;24
"054005";"Campello sul Clitunno";21;7;0;0;0;;;;7;15;1;0;0;;;;16;23
"054005";"Campello sul Clitunno";22;15;0;0;0;;;;15;7;0;0;0;;;;7;22
"054005";"Campello sul Clitunno";23;1;0;0;0;;;;1;11;0;0;0;;;;11;12
"054005";"Campello sul Clitunno";24;6;0;0;0;;;;6;6;0;0;0;;;;6;12
"054005";"Campello sul Clitunno";25;16;0;0;0;;;;16;7;0;0;0;;;;7;23
"054005";"Campello sul Clitunno";26;12;0;0;0;;;;12;8;0;0;0;;;;8;20
"054005";"Campello sul Clitunno";27;5;1;0;0;;;;6;6;1;0;0;;;;7;13
"054005";"Campello sul Clitunno";28;7;0;0;0;;;;7;10;3;0;0;;;;13;20
"054005";"Campello sul Clitunno";29;4;1;0;0;;;;5;4;3;0;0;;;;7;12
"054005";"Campello sul Clitunno";30;12;3;0;0;;;;15;5;3;0;0;;;;8;23
"054005";"Campello sul Clitunno";31;8;0;0;0;;;;8;14;3;0;0;;;;17;25
"054005";"Campello sul Clitunno";32;11;5;0;0;;;;16;4;4;0;0;;;;8;24
"054005";"Campello sul Clitunno";33;5;3;0;0;;;;8;6;4;0;0;;;;10;18
"054005";"Campello sul Clitunno";34;8;6;0;0;;;;14;6;7;0;0;;;;13;27
"054005";"Campello sul Clitunno";35;12;6;0;0;;;;18;6;7;0;0;;;;13;31
"054005";"Campello sul Clitunno";36;5;2;0;0;;;;7;7;6;0;0;;;;13;20
"054005";"Campello sul Clitunno";37;3;8;0;0;;;;11;9;3;0;0;;;;12;23
"054005";"Campello sul Clitunno";38;5;6;0;0;;;;11;3;9;0;0;;;;12;23
"054005";"Campello sul Clitunno";39;10;7;1;0;;;;18;7;8;0;0;;;;15;33
"054005";"Campello sul Clitunno";40;7;5;0;0;;;;12;3;2;0;0;;;;5;17
"054005";"Campello sul Clitunno";41;7;4;0;0;;;;11;6;8;1;0;;;;15;26
"054005";"Campello sul Clitunno";42;7;4;0;0;;;;11;5;12;1;0;;;;18;29
"054005";"Campello sul Clitunno";43;8;6;1;0;;;;15;5;7;2;0;;;;14;29
"054005";"Campello sul Clitunno";44;0;13;1;0;;;;14;3;12;1;0;;;;16;30
"054005";"Campello sul Clitunno";45;6;9;1;0;;;;16;2;11;0;1;;;;14;30
"054005";"Campello sul Clitunno";46;9;13;0;0;;;;22;2;10;1;0;;;;13;35
"054005";"Campello sul Clitunno";47;8;5;0;0;;;;13;5;19;0;0;;;;24;37
"054005";"Campello sul Clitunno";48;6;12;0;0;;;;18;5;8;1;0;;;;14;32
"054005";"Campello sul Clitunno";49;5;11;1;0;;;;17;3;17;0;1;;;;21;38
"054005";"Campello sul Clitunno";50;8;4;0;0;;;;12;3;9;5;0;;;;17;29
"054005";"Campello sul Clitunno";51;9;21;0;0;;;;30;5;12;1;2;;;;20;50
"054005";"Campello sul Clitunno";52;4;12;2;0;;;;18;2;12;2;0;;;;16;34
"054005";"Campello sul Clitunno";53;4;8;2;0;;;;14;2;17;1;0;;;;20;34
"054005";"Campello sul Clitunno";54;6;13;1;0;;;;20;4;16;0;4;;;;24;44
"054005";"Campello sul Clitunno";55;7;6;2;0;;;;15;2;9;2;1;;;;14;29
"054005";"Campello sul Clitunno";56;5;18;0;0;;;;23;2;10;1;0;;;;13;36
"054005";"Campello sul Clitunno";57;6;10;0;2;;;;18;1;17;2;0;;;;20;38
"054005";"Campello sul Clitunno";58;4;23;4;0;;;;31;2;13;6;4;;;;25;56
"054005";"Campello sul Clitunno";59;1;20;1;1;;;;23;3;14;1;1;;;;19;42
"054005";"Campello sul Clitunno";60;4;14;3;0;;;;21;1;18;1;2;;;;22;43
"054005";"Campello sul Clitunno";61;3;16;4;0;;;;23;3;16;0;1;;;;20;43
"054005";"Campello sul Clitunno";62;3;12;2;1;;;;18;0;8;3;5;;;;16;34
"054005";"Campello sul Clitunno";63;2;9;1;1;;;;13;1;15;1;3;;;;20;33
"054005";"Campello sul Clitunno";64;2;5;0;0;;;;7;3;12;3;2;;;;20;27
"054005";"Campello sul Clitunno";65;1;9;1;1;;;;12;1;13;2;2;;;;18;30
"054005";"Campello sul Clitunno";66;2;12;0;0;;;;14;0;9;1;1;;;;11;25
"054005";"Campello sul Clitunno";67;2;8;0;1;;;;11;3;9;2;2;;;;16;27
"054005";"Campello sul Clitunno";68;3;13;1;0;;;;17;0;20;0;3;;;;23;40
"054005";"Campello sul Clitunno";69;1;11;0;1;;;;13;1;13;0;2;;;;16;29
"054005";"Campello sul Clitunno";70;1;10;0;1;;;;12;2;5;0;2;;;;9;21
"054005";"Campello sul Clitunno";71;1;8;1;0;;;;10;0;11;0;3;;;;14;24
"054005";"Campello sul Clitunno";72;2;13;1;1;;;;17;0;13;0;3;;;;16;33
"054005";"Campello sul Clitunno";73;3;18;0;0;;;;21;0;8;1;1;;;;10;31
"054005";"Campello sul Clitunno";74;2;13;0;0;;;;15;0;5;1;3;;;;9;24
"054005";"Campello sul Clitunno";75;3;12;2;0;;;;17;1;10;0;8;;;;19;36
"054005";"Campello sul Clitunno";76;2;11;0;2;;;;15;0;10;1;1;;;;12;27
"054005";"Campello sul Clitunno";77;0;10;0;1;;;;11;0;4;0;3;;;;7;18
"054005";"Campello sul Clitunno";78;0;10;0;2;;;;12;1;7;0;9;;;;17;29
"054005";"Campello sul Clitunno";79;0;5;0;2;;;;7;0;4;0;4;;;;8;15
"054005";"Campello sul Clitunno";80;0;5;0;3;;;;8;1;7;0;3;;;;11;19
"054005";"Campello sul Clitunno";81;1;9;0;2;;;;12;0;4;0;3;;;;7;19
"054005";"Campello sul Clitunno";82;0;5;0;2;;;;7;0;3;0;5;;;;8;15
"054005";"Campello sul Clitunno";83;1;10;0;1;;;;12;1;6;0;8;;;;15;27
"054005";"Campello sul Clitunno";84;0;5;0;2;;;;7;1;10;0;5;;;;16;23
"054005";"Campello sul Clitunno";85;0;11;0;0;;;;11;0;0;0;9;;;;9;20
"054005";"Campello sul Clitunno";86;0;5;0;2;;;;7;1;2;0;5;;;;8;15
"054005";"Campello sul Clitunno";87;0;3;0;2;;;;5;1;1;0;15;;;;17;22
"054005";"Campello sul Clitunno";88;0;1;0;0;;;;1;0;1;0;10;;;;11;12
"054005";"Campello sul Clitunno";89;0;1;0;3;;;;4;0;1;0;6;;;;7;11
"054005";"Campello sul Clitunno";90;0;2;1;1;;;;4;1;0;0;3;;;;4;8
"054005";"Campello sul Clitunno";91;0;0;0;0;;;;0;1;0;0;4;;;;5;5
"054005";"Campello sul Clitunno";92;0;1;0;0;;;;1;1;0;0;6;;;;7;8
"054005";"Campello sul Clitunno";93;0;1;0;2;;;;3;0;1;0;5;;;;6;9
"054005";"Campello sul Clitunno";94;0;0;0;0;;;;0;0;0;0;4;;;;4;4
"054005";"Campello sul Clitunno";95;0;0;0;1;;;;1;0;0;0;5;;;;5;6
"054005";"Campello sul Clitunno";96;0;0;0;1;;;;1;0;0;0;4;;;;4;5
"054005";"Campello sul Clitunno";97;0;0;0;0;;;;0;0;0;0;0;;;;0;0
"054005";"Campello sul Clitunno";98;0;0;0;2;;;;2;0;0;0;0;;;;0;2
"054005";"Campello sul Clitunno";99;0;0;0;0;;;;0;0;0;0;0;;;;0;0
"054005";"Campello sul Clitunno";100;0;0;0;0;;;;0;0;0;0;1;;;;1;1
"054005";"Campello sul Clitunno";999;505;543;34;41;;;;1123;431;543;44;175;;;;1193;2316
"054006";"Cannara";0;7;0;0;0;;;;7;16;0;0;0;;;;16;23
"054006";"Cannara";1;16;0;0;0;;;;16;8;0;0;0;;;;8;24
"054006";"Cannara";2;9;0;0;0;;;;9;11;0;0;0;;;;11;20
"054006";"Cannara";3;16;0;0;0;;;;16;14;0;0;0;;;;14;30
"054006";"Cannara";4;21;0;0;0;;;;21;18;0;0;0;;;;18;39
"054006";"Cannara";5;19;0;0;0;;;;19;20;0;0;0;;;;20;39
"054006";"Cannara";6;20;0;0;0;;;;20;19;0;0;0;;;;19;39
"054006";"Cannara";7;17;0;0;0;;;;17;17;0;0;0;;;;17;34
"054006";"Cannara";8;14;0;0;0;;;;14;17;0;0;0;;;;17;31
"054006";"Cannara";9;23;0;0;0;;;;23;14;0;0;0;;;;14;37
"054006";"Cannara";10;25;0;0;0;;;;25;18;0;0;0;;;;18;43
"054006";"Cannara";11;22;0;0;0;;;;22;29;0;0;0;;;;29;51
"054006";"Cannara";12;17;0;0;0;;;;17;26;0;0;0;;;;26;43
"054006";"Cannara";13;22;0;0;0;;;;22;17;0;0;0;;;;17;39
"054006";"Cannara";14;22;0;0;0;;;;22;25;0;0;0;;;;25;47
"054006";"Cannara";15;29;0;0;0;;;;29;22;0;0;0;;;;22;51
"054006";"Cannara";16;14;0;0;0;;;;14;12;0;0;0;;;;12;26
"054006";"Cannara";17;18;0;0;0;;;;18;21;0;0;0;;;;21;39
"054006";"Cannara";18;20;0;0;0;;;;20;18;0;0;0;;;;18;38
"054006";"Cannara";19;20;0;0;0;;;;20;18;0;0;0;;;;18;38
"054006";"Cannara";20;20;0;0;0;;;;20;22;0;0;0;;;;22;42
"054006";"Cannara";21;19;0;0;0;;;;19;22;1;0;0;;;;23;42
"054006";"Cannara";22;21;0;0;0;;;;21;13;1;0;0;;;;14;35
"054006";"Cannara";23;20;0;0;0;;;;20;31;0;0;0;;;;31;51
"054006";"Cannara";24;23;0;0;0;;;;23;13;2;0;0;;;;15;38
"054006";"Cannara";25;17;1;0;0;;;;18;15;0;0;0;;;;15;33
"054006";"Cannara";26;16;2;0;0;;;;18;16;1;0;0;;;;17;35
"054006";"Cannara";27;28;2;0;0;;;;30;8;3;0;0;;;;11;41
"054006";"Cannara";28;16;0;0;0;;;;16;8;4;0;0;;;;12;28
"054006";"Cannara";29;14;3;0;0;;;;17;13;4;0;0;;;;17;34
"054006";"Cannara";30;22;1;0;0;;;;23;22;2;0;0;;;;24;47
"054006";"Cannara";31;17;4;0;0;;;;21;20;11;0;0;;;;31;52
"054006";"Cannara";32;21;7;0;0;;;;28;12;12;1;0;;;;25;53
"054006";"Cannara";33;11;5;0;0;;;;16;14;9;0;1;;;;24;40
"054006";"Cannara";34;15;5;0;0;;;;20;15;14;0;0;;;;29;49
"054006";"Cannara";35;13;4;0;0;;;;17;12;18;1;0;;;;31;48
"054006";"Cannara";36;26;16;0;0;;;;42;11;20;0;0;;;;31;73
"054006";"Cannara";37;14;8;0;0;;;;22;10;20;2;0;;;;32;54
"054006";"Cannara";38;22;16;1;0;;;;39;9;17;0;0;;;;26;65
"054006";"Cannara";39;13;12;1;0;;;;26;12;25;2;0;;;;39;65
"054006";"Cannara";40;10;14;2;0;;;;26;6;13;1;0;;;;20;46
"054006";"Cannara";41;9;13;1;0;;;;23;9;17;2;0;;;;28;51
"054006";"Cannara";42;7;20;2;0;;;;29;4;19;2;0;;;;25;54
"054006";"Cannara";43;11;17;1;0;;;;29;9;13;2;0;;;;24;53
"054006";"Cannara";44;7;17;0;0;;;;24;6;21;2;0;;;;29;53
"054006";"Cannara";45;7;19;0;1;;;;27;8;19;2;0;;;;29;56
"054006";"Cannara";46;10;22;0;0;;;;32;3;20;1;0;;;;24;56
"054006";"Cannara";47;7;21;1;0;;;;29;7;29;3;1;;;;40;69
"054006";"Cannara";48;11;25;2;0;;;;38;5;17;3;1;;;;26;64
"054006";"Cannara";49;6;23;2;1;;;;32;5;21;2;0;;;;28;60
"054006";"Cannara";50;10;20;3;0;;;;33;8;25;1;0;;;;34;67
"054006";"Cannara";51;11;20;1;0;;;;32;4;24;2;2;;;;32;64
"054006";"Cannara";52;7;20;2;0;;;;29;6;28;1;0;;;;35;64
"054006";"Cannara";53;1;20;3;1;;;;25;2;22;1;2;;;;27;52
"054006";"Cannara";54;3;23;3;0;;;;29;1;30;4;3;;;;38;67
"054006";"Cannara";55;3;13;3;0;;;;19;4;27;3;1;;;;35;54
"054006";"Cannara";56;5;27;2;0;;;;34;11;31;2;1;;;;45;79
"054006";"Cannara";57;3;21;1;0;;;;25;6;22;1;2;;;;31;56
"054006";"Cannara";58;7;32;2;1;;;;42;0;25;4;3;;;;32;74
"054006";"Cannara";59;2;15;2;0;;;;19;2;29;6;1;;;;38;57
"054006";"Cannara";60;3;26;1;0;;;;30;1;14;1;4;;;;20;50
"054006";"Cannara";61;3;28;2;0;;;;33;5;22;3;4;;;;34;67
"054006";"Cannara";62;3;24;2;1;;;;30;2;34;2;1;;;;39;69
"054006";"Cannara";63;4;32;1;4;;;;41;2;27;0;2;;;;31;72
"054006";"Cannara";64;1;29;0;1;;;;31;3;17;1;1;;;;22;53
"054006";"Cannara";65;2;18;1;1;;;;22;1;26;2;2;;;;31;53
"054006";"Cannara";66;2;20;1;0;;;;23;1;26;1;1;;;;29;52
"054006";"Cannara";67;2;35;0;3;;;;40;3;19;1;2;;;;25;65
"054006";"Cannara";68;1;24;2;0;;;;27;1;23;2;2;;;;28;55
"054006";"Cannara";69;1;28;0;2;;;;31;1;15;1;3;;;;20;51
"054006";"Cannara";70;3;12;0;0;;;;15;2;18;0;7;;;;27;42
"054006";"Cannara";71;1;12;1;0;;;;14;0;15;2;0;;;;17;31
"054006";"Cannara";72;2;22;0;1;;;;25;0;17;0;4;;;;21;46
"054006";"Cannara";73;0;28;1;0;;;;29;2;13;0;9;;;;24;53
"054006";"Cannara";74;0;18;1;2;;;;21;1;13;0;9;;;;23;44
"054006";"Cannara";75;1;11;0;1;;;;13;1;17;2;7;;;;27;40
"054006";"Cannara";76;1;10;0;1;;;;12;0;12;1;7;;;;20;32
"054006";"Cannara";77;3;12;0;2;;;;17;1;6;0;4;;;;11;28
"054006";"Cannara";78;1;15;0;2;;;;18;0;7;1;7;;;;15;33
"054006";"Cannara";79;1;19;1;1;;;;22;2;5;0;9;;;;16;38
"054006";"Cannara";80;1;12;0;3;;;;16;1;11;0;9;;;;21;37
"054006";"Cannara";81;0;9;0;1;;;;10;0;3;1;7;;;;11;21
"054006";"Cannara";82;1;10;0;2;;;;13;1;8;1;11;;;;21;34
"054006";"Cannara";83;1;12;1;1;;;;15;0;9;0;12;;;;21;36
"054006";"Cannara";84;0;7;0;1;;;;8;0;3;0;14;;;;17;25
"054006";"Cannara";85;2;8;0;3;;;;13;1;8;0;17;;;;26;39
"054006";"Cannara";86;0;5;0;0;;;;5;0;5;0;15;;;;20;25
"054006";"Cannara";87;0;5;0;7;;;;12;1;5;0;15;;;;21;33
"054006";"Cannara";88;0;5;0;2;;;;7;0;2;0;15;;;;17;24
"054006";"Cannara";89;0;6;0;2;;;;8;0;1;0;12;;;;13;21
"054006";"Cannara";90;0;2;0;1;;;;3;1;1;0;10;;;;12;15
"054006";"Cannara";91;0;4;0;2;;;;6;0;0;0;3;;;;3;9
"054006";"Cannara";92;0;4;0;2;;;;6;1;0;0;6;;;;7;13
"054006";"Cannara";93;0;0;0;0;;;;0;0;0;0;6;;;;6;6
"054006";"Cannara";94;0;1;0;3;;;;4;0;0;0;1;;;;1;5
"054006";"Cannara";95;0;0;0;1;;;;1;1;0;0;5;;;;6;7
"054006";"Cannara";96;0;1;0;1;;;;2;0;0;0;1;;;;1;3
"054006";"Cannara";97;0;1;0;2;;;;3;0;0;0;0;;;;0;3
"054006";"Cannara";98;0;0;0;0;;;;0;0;0;0;0;;;;0;0
"054006";"Cannara";99;0;0;0;0;;;;0;0;0;0;1;;;;1;1
"054006";"Cannara";100;0;0;0;0;;;;0;0;0;0;1;;;;1;1
"054006";"Cannara";999;916;1003;50;60;;;;2029;800;1018;73;264;;;;2155;4184
"054007";"Cascia";0;10;0;0;0;;;;10;9;0;0;0;;;;9;19
"054007";"Cascia";1;7;0;0;0;;;;7;7;0;0;0;;;;7;14
"054007";"Cascia";2;8;0;0;0;;;;8;9;0;0;0;;;;9;17
"054007";"Cascia";3;12;0;0;0;;;;12;11;0;0;0;;;;11;23
"054007";"Cascia";4;2;0;0;0;;;;2;9;0;0;0;;;;9;11
"054007";"Cascia";5;9;0;0;0;;;;9;7;0;0;0;;;;7;16
"054007";"Cascia";6;10;0;0;0;;;;10;14;0;0;0;;;;14;24
"054007";"Cascia";7;4;0;0;0;;;;4;11;0;0;0;;;;11;15
"054007";"Cascia";8;10;0;0;0;;;;10;7;0;0;0;;;;7;17
"054007";"Cascia";9;12;0;0;0;;;;12;8;0;0;0;;;;8;20
"054007";"Cascia";10;11;0;0;0;;;;11;11;0;0;0;;;;11;22
"054007";"Cascia";11;10;0;0;0;;;;10;11;0;0;0;;;;11;21
"054007";"Cascia";12;9;0;0;0;;;;9;15;0;0;0;;;;15;24
"054007";"Cascia";13;11;0;0;0;;;;11;9;0;0;0;;;;9;20
"054007";"Cascia";14;15;0;0;0;;;;15;9;0;0;0;;;;9;24
"054007";"Cascia";15;20;0;0;0;;;;20;18;0;0;0;;;;18;38
"054007";"Cascia";16;8;0;0;0;;;;8;13;0;0;0;;;;13;21
"054007";"Cascia";17;9;0;0;0;;;;9;11;0;0;0;;;;11;20
"054007";"Cascia";18;13;0;0;0;;;;13;15;0;0;0;;;;15;28
"054007";"Cascia";19;21;0;0;0;;;;21;13;0;0;0;;;;13;34
"054007";"Cascia";20;8;0;0;0;;;;8;14;0;0;0;;;;14;22
"054007";"Cascia";21;14;0;0;0;;;;14;16;0;0;0;;;;16;30
"054007";"Cascia";22;14;0;0;0;;;;14;19;0;0;0;;;;19;33
"054007";"Cascia";23;23;0;0;0;;;;23;11;0;0;0;;;;11;34
"054007";"Cascia";24;16;0;0;0;;;;16;20;1;0;0;;;;21;37
"054007";"Cascia";25;10;0;0;0;;;;10;10;0;0;0;;;;10;20
"054007";"Cascia";26;24;0;1;0;;;;25;18;1;0;0;;;;19;44
"054007";"Cascia";27;21;1;0;0;;;;22;19;1;0;0;;;;20;42
"054007";"Cascia";28;9;1;0;0;;;;10;17;3;0;0;;;;20;30
"054007";"Cascia";29;14;0;0;0;;;;14;13;6;0;0;;;;19;33
"054007";"Cascia";30;23;1;0;0;;;;24;8;1;0;0;;;;9;33
"054007";"Cascia";31;25;0;0;0;;;;25;10;3;0;0;;;;13;38
"054007";"Cascia";32;11;1;0;0;;;;12;10;6;1;0;;;;17;29
"054007";"Cascia";33;12;2;0;0;;;;14;6;3;0;0;;;;9;23
"054007";"Cascia";34;12;7;0;0;;;;19;8;15;0;1;;;;24;43
"054007";"Cascia";35;16;9;0;0;;;;25;6;4;0;0;;;;10;35
"054007";"Cascia";36;17;5;0;0;;;;22;6;10;1;0;;;;17;39
"054007";"Cascia";37;7;4;0;0;;;;11;5;8;0;0;;;;13;24
"054007";"Cascia";38;3;8;0;0;;;;11;8;11;0;0;;;;19;30
"054007";"Cascia";39;16;13;0;0;;;;29;7;9;0;0;;;;16;45
"054007";"Cascia";40;10;7;0;0;;;;17;6;7;0;0;;;;13;30
"054007";"Cascia";41;10;6;0;0;;;;16;1;8;0;1;;;;10;26
"054007";"Cascia";42;8;6;0;0;;;;14;6;10;1;0;;;;17;31
"054007";"Cascia";43;6;6;0;0;;;;12;7;9;0;0;;;;16;28
"054007";"Cascia";44;6;11;0;0;;;;17;2;14;0;0;;;;16;33
"054007";"Cascia";45;10;11;0;0;;;;21;3;7;0;0;;;;10;31
"054007";"Cascia";46;8;6;0;0;;;;14;5;8;2;0;;;;15;29
"054007";"Cascia";47;4;16;0;0;;;;20;1;17;0;1;;;;19;39
"054007";"Cascia";48;5;13;1;0;;;;19;11;13;0;0;;;;24;43
"054007";"Cascia";49;4;20;1;0;;;;25;4;19;0;0;;;;23;48
"054007";"Cascia";50;6;14;0;0;;;;20;2;18;0;0;;;;20;40
"054007";"Cascia";51;4;16;0;0;;;;20;2;25;1;1;;;;29;49
"054007";"Cascia";52;5;16;0;0;;;;21;3;17;0;1;;;;21;42
"054007";"Cascia";53;6;20;2;0;;;;28;3;15;1;2;;;;21;49
"054007";"Cascia";54;6;23;1;0;;;;30;3;24;1;2;;;;30;60
"054007";"Cascia";55;6;18;1;0;;;;25;4;22;1;0;;;;27;52
"054007";"Cascia";56;4;13;1;0;;;;18;3;18;2;2;;;;25;43
"054007";"Cascia";57;3;15;2;0;;;;20;4;21;0;0;;;;25;45
"054007";"Cascia";58;2;19;0;0;;;;21;5;27;0;6;;;;38;59
"054007";"Cascia";59;6;17;0;2;;;;25;5;21;2;1;;;;29;54
"054007";"Cascia";60;4;19;1;0;;;;24;1;32;1;3;;;;37;61
"054007";"Cascia";61;3;23;2;1;;;;29;1;15;0;2;;;;18;47
"054007";"Cascia";62;2;28;1;2;;;;33;3;21;1;2;;;;27;60
"054007";"Cascia";63;6;20;1;0;;;;27;4;18;1;2;;;;25;52
"054007";"Cascia";64;7;21;1;0;;;;29;2;25;1;6;;;;34;63
"054007";"Cascia";65;3;28;1;1;;;;33;2;19;1;2;;;;24;57
"054007";"Cascia";66;1;20;0;0;;;;21;4;14;0;1;;;;19;40
"054007";"Cascia";67;5;17;1;1;;;;24;1;14;0;2;;;;17;41
"054007";"Cascia";68;3;20;2;0;;;;25;1;18;2;0;;;;21;46
"054007";"Cascia";69;2;14;0;0;;;;16;2;9;0;5;;;;16;32
"054007";"Cascia";70;3;16;0;0;;;;19;1;15;0;6;;;;22;41
"054007";"Cascia";71;3;15;0;1;;;;19;1;12;0;3;;;;16;35
"054007";"Cascia";72;2;13;0;1;;;;16;6;10;1;3;;;;20;36
"054007";"Cascia";73;0;18;0;1;;;;19;2;16;0;2;;;;20;39
"054007";"Cascia";74;1;17;1;4;;;;23;0;7;1;4;;;;12;35
"054007";"Cascia";75;2;10;0;2;;;;14;2;9;0;7;;;;18;32
"054007";"Cascia";76;3;9;0;1;;;;13;1;8;0;6;;;;15;28
"054007";"Cascia";77;1;11;0;1;;;;13;0;7;0;7;;;;14;27
"054007";"Cascia";78;0;11;0;0;;;;11;1;3;0;5;;;;9;20
"054007";"Cascia";79;1;7;1;1;;;;10;0;4;0;6;;;;10;20
"054007";"Cascia";80;2;6;0;2;;;;10;0;9;0;3;;;;12;22
"054007";"Cascia";81;1;8;0;1;;;;10;3;4;0;4;;;;11;21
"054007";"Cascia";82;1;8;1;2;;;;12;2;5;0;4;;;;11;23
"054007";"Cascia";83;2;7;0;2;;;;11;2;5;0;11;;;;18;29
"054007";"Cascia";84;1;9;0;3;;;;13;2;2;0;4;;;;8;21
"054007";"Cascia";85;1;3;1;2;;;;7;2;2;0;5;;;;9;16
"054007";"Cascia";86;0;5;0;0;;;;5;1;4;0;5;;;;10;15
"054007";"Cascia";87;0;3;0;1;;;;4;1;1;0;3;;;;5;9
"054007";"Cascia";88;2;3;0;0;;;;5;0;3;0;10;;;;13;18
"054007";"Cascia";89;1;3;0;1;;;;5;0;1;0;5;;;;6;11
"054007";"Cascia";90;0;0;0;1;;;;1;0;0;0;7;;;;7;8
"054007";"Cascia";91;0;2;0;2;;;;4;1;1;0;3;;;;5;9
"054007";"Cascia";92;0;0;0;3;;;;3;0;0;0;6;;;;6;9
"054007";"Cascia";93;0;0;0;1;;;;1;0;0;0;5;;;;5;6
"054007";"Cascia";94;0;0;0;1;;;;1;1;0;0;7;;;;8;9
"054007";"Cascia";95;0;0;0;0;;;;0;0;0;0;1;;;;1;1
"054007";"Cascia";96;0;0;0;0;;;;0;0;0;0;2;;;;2;2
"054007";"Cascia";97;0;0;0;0;;;;0;0;0;0;0;;;;0;0
"054007";"Cascia";98;0;0;0;0;;;;0;0;0;0;1;;;;1;1
"054007";"Cascia";99;0;0;0;0;;;;0;0;0;0;0;;;;0;0
"054007";"Cascia";100;0;0;0;0;;;;0;0;0;0;0;;;;0;0
"054007";"Cascia";999;688;719;24;41;;;;1472;578;715;22;178;;;;1493;2965
"054008";"Castel Ritaldi";0;6;0;0;0;;;;6;5;0;0;0;;;;5;11
"054008";"Castel Ritaldi";1;7;0;0;0;;;;7;8;0;0;0;;;;8;15
"054008";"Castel Ritaldi";2;4;0;0;0;;;;4;6;0;0;0;;;;6;10
"054008";"Castel Ritaldi";3;6;0;0;0;;;;6;10;0;0;0;;;;10;16
"054008";"Castel Ritaldi";4;9;0;0;0;;;;9;9;0;0;0;;;;9;18
"054008";"Castel Ritaldi";5;8;0;0;0;;;;8;10;0;0;0;;;;10;18
"054008";"Castel Ritaldi";6;15;0;0;0;;;;15;9;0;0;0;;;;9;24
"054008";"Castel Ritaldi";7;10;0;0;0;;;;10;11;0;0;0;;;;11;21
"054008";"Castel Ritaldi";8;18;0;0;0;;;;18;10;0;0;0;;;;10;28
"054008";"Castel Ritaldi";9;6;0;0;0;;;;6;10;0;0;0;;;;10;16
"054008";"Castel Ritaldi";10;15;0;0;0;;;;15;17;0;0;0;;;;17;32
"054008";"Castel Ritaldi";11;20;0;0;0;;;;20;13;0;0;0;;;;13;33
"054008";"Castel Ritaldi";12;18;0;0;0;;;;18;16;0;0;0;;;;16;34
"054008";"Castel Ritaldi";13;19;0;0;0;;;;19;18;0;0;0;;;;18;37
"054008";"Castel Ritaldi";14;10;0;0;0;;;;10;18;0;0;0;;;;18;28
"054008";"Castel Ritaldi";15;13;0;0;0;;;;13;20;0;0;0;;;;20;33
"054008";"Castel Ritaldi";16;18;0;0;0;;;;18;13;0;0;0;;;;13;31
"054008";"Castel Ritaldi";17;11;0;0;0;;;;11;13;0;0;0;;;;13;24
"054008";"Castel Ritaldi";18;16;0;0;0;;;;16;10;0;0;0;;;;10;26
"054008";"Castel Ritaldi";19;24;0;0;0;;;;24;19;0;0;0;;;;19;43
"054008";"Castel Ritaldi";20;17;0;0;0;;;;17;24;0;0;0;;;;24;41
"054008";"Castel Ritaldi";21;22;0;0;0;;;;22;15;1;0;0;;;;16;38
"054008";"Castel Ritaldi";22;14;0;0;0;;;;14;15;0;0;0;;;;15;29
"054008";"Castel Ritaldi";23;10;0;0;0;;;;10;15;1;0;0;;;;16;26
"054008";"Castel Ritaldi";24;23;0;0;0;;;;23;10;0;0;0;;;;10;33
"054008";"Castel Ritaldi";25;12;0;0;0;;;;12;17;2;0;0;;;;19;31
"054008";"Castel Ritaldi";26;13;0;0;0;;;;13;11;2;0;0;;;;13;26
"054008";"Castel Ritaldi";27;10;0;0;0;;;;10;9;1;0;0;;;;10;20
"054008";"Castel Ritaldi";28;22;2;0;0;;;;24;13;0;0;0;;;;13;37
"054008";"Castel Ritaldi";29;23;1;0;0;;;;24;11;4;0;0;;;;15;39
"054008";"Castel Ritaldi";30;12;1;0;0;;;;13;15;1;0;0;;;;16;29
"054008";"Castel Ritaldi";31;13;1;1;0;;;;15;12;1;0;0;;;;13;28
"054008";"Castel Ritaldi";32;14;1;0;0;;;;15;13;2;0;0;;;;15;30
"054008";"Castel Ritaldi";33;16;5;0;0;;;;21;9;11;0;0;;;;20;41
"054008";"Castel Ritaldi";34;10;0;0;0;;;;10;11;2;0;0;;;;13;23
"054008";"Castel Ritaldi";35;13;3;0;0;;;;16;8;8;0;0;;;;16;32
"054008";"Castel Ritaldi";36;5;5;0;0;;;;10;6;6;0;0;;;;12;22
"054008";"Castel Ritaldi";37;13;4;0;0;;;;17;5;10;0;0;;;;15;32
"054008";"Castel Ritaldi";38;9;9;0;0;;;;18;8;10;0;0;;;;18;36
"054008";"Castel Ritaldi";39;10;5;0;0;;;;15;6;10;0;0;;;;16;31
"054008";"Castel Ritaldi";40;14;10;0;0;;;;24;5;19;0;0;;;;24;48
"054008";"Castel Ritaldi";41;8;9;0;1;;;;18;2;14;0;0;;;;16;34
"054008";"Castel Ritaldi";42;9;13;0;0;;;;22;8;8;0;1;;;;17;39
"054008";"Castel Ritaldi";43;6;7;1;0;;;;14;8;11;0;1;;;;20;34
"054008";"Castel Ritaldi";44;10;9;1;0;;;;20;4;16;2;1;;;;23;43
"054008";"Castel Ritaldi";45;4;17;0;0;;;;21;6;12;0;0;;;;18;39
"054008";"Castel Ritaldi";46;14;11;2;0;;;;27;4;20;0;1;;;;25;52
"054008";"Castel Ritaldi";47;10;10;0;0;;;;20;4;21;1;0;;;;26;46
"054008";"Castel Ritaldi";48;3;23;1;0;;;;27;6;24;2;1;;;;33;60
"054008";"Castel Ritaldi";49;10;16;0;1;;;;27;6;20;0;0;;;;26;53
"054008";"Castel Ritaldi";50;10;13;3;1;;;;27;2;28;1;0;;;;31;58
"054008";"Castel Ritaldi";51;6;21;2;0;;;;29;3;18;2;0;;;;23;52
"054008";"Castel Ritaldi";52;6;30;0;0;;;;36;5;19;2;1;;;;27;63
"054008";"Castel Ritaldi";53;2;23;1;0;;;;26;5;23;1;0;;;;29;55
"054008";"Castel Ritaldi";54;3;12;0;0;;;;15;8;13;3;0;;;;24;39
"054008";"Castel Ritaldi";55;8;25;1;0;;;;34;5;19;2;0;;;;26;60
"054008";"Castel Ritaldi";56;5;16;1;0;;;;22;1;17;1;1;;;;20;42
"054008";"Castel Ritaldi";57;5;20;0;1;;;;26;2;16;0;1;;;;19;45
"054008";"Castel Ritaldi";58;1;15;2;0;;;;18;4;24;1;0;;;;29;47
"054008";"Castel Ritaldi";59;4;13;0;1;;;;18;0;18;2;2;;;;22;40
"054008";"Castel Ritaldi";60;1;30;1;1;;;;33;2;18;3;1;;;;24;57
"054008";"Castel Ritaldi";61;3;15;0;0;;;;18;0;14;1;2;;;;17;35
"054008";"Castel Ritaldi";62;2;23;3;0;;;;28;1;14;0;2;;;;17;45
"054008";"Castel Ritaldi";63;1;13;2;1;;;;17;3;22;1;3;;;;29;46
"054008";"Castel Ritaldi";64;2;10;0;1;;;;13;3;10;1;0;;;;14;27
"054008";"Castel Ritaldi";65;2;14;1;0;;;;17;3;12;0;2;;;;17;34
"054008";"Castel Ritaldi";66;1;22;1;2;;;;26;0;15;2;1;;;;18;44
"054008";"Castel Ritaldi";67;1;10;0;0;;;;11;3;13;2;4;;;;22;33
"054008";"Castel Ritaldi";68;3;13;1;0;;;;17;1;15;0;4;;;;20;37
"054008";"Castel Ritaldi";69;0;17;2;3;;;;22;1;20;2;2;;;;25;47
"054008";"Castel Ritaldi";70;3;15;0;0;;;;18;2;12;0;3;;;;17;35
"054008";"Castel Ritaldi";71;1;16;1;1;;;;19;2;16;0;3;;;;21;40
"054008";"Castel Ritaldi";72;1;16;0;1;;;;18;1;6;2;9;;;;18;36
"054008";"Castel Ritaldi";73;2;15;0;1;;;;18;1;13;1;1;;;;16;34
"054008";"Castel Ritaldi";74;1;20;2;1;;;;24;2;18;0;7;;;;27;51
"054008";"Castel Ritaldi";75;3;15;0;1;;;;19;0;12;0;7;;;;19;38
"054008";"Castel Ritaldi";76;0;15;0;2;;;;17;1;9;0;2;;;;12;29
"054008";"Castel Ritaldi";77;1;13;0;2;;;;16;1;5;0;5;;;;11;27
"054008";"Castel Ritaldi";78;4;12;1;1;;;;18;0;7;0;5;;;;12;30
"054008";"Castel Ritaldi";79;0;8;0;1;;;;9;1;4;0;9;;;;14;23
"054008";"Castel Ritaldi";80;0;2;0;2;;;;4;1;4;0;5;;;;10;14
"054008";"Castel Ritaldi";81;0;5;0;1;;;;6;0;5;0;7;;;;12;18
"054008";"Castel Ritaldi";82;1;7;0;0;;;;8;0;9;0;8;;;;17;25
"054008";"Castel Ritaldi";83;2;4;0;3;;;;9;0;8;0;8;;;;16;25
"054008";"Castel Ritaldi";84;1;7;0;1;;;;9;0;6;1;10;;;;17;26
"054008";"Castel Ritaldi";85;0;4;0;0;;;;4;0;4;0;3;;;;7;11
"054008";"Castel Ritaldi";86;1;7;0;1;;;;9;0;3;0;7;;;;10;19
"054008";"Castel Ritaldi";87;2;6;0;3;;;;11;1;2;0;7;;;;10;21
"054008";"Castel Ritaldi";88;0;3;0;3;;;;6;0;0;0;5;;;;5;11
"054008";"Castel Ritaldi";89;0;4;0;1;;;;5;0;1;0;3;;;;4;9
"054008";"Castel Ritaldi";90;0;4;0;0;;;;4;0;1;0;11;;;;12;16
"054008";"Castel Ritaldi";91;0;2;0;1;;;;3;1;0;0;7;;;;8;11
"054008";"Castel Ritaldi";92;1;3;0;1;;;;5;0;1;0;5;;;;6;11
"054008";"Castel Ritaldi";93;0;1;0;0;;;;1;0;0;0;3;;;;3;4
"054008";"Castel Ritaldi";94;0;1;0;0;;;;1;0;1;0;2;;;;3;4
"054008";"Castel Ritaldi";95;0;1;0;0;;;;1;0;0;0;1;;;;1;2
"054008";"Castel Ritaldi";96;0;0;0;0;;;;0;0;0;0;2;;;;2;2
"054008";"Castel Ritaldi";97;0;0;0;0;;;;0;0;0;0;0;;;;0;0
"054008";"Castel Ritaldi";98;1;0;0;0;;;;1;1;0;0;0;;;;1;2
"054008";"Castel Ritaldi";99;0;0;0;0;;;;0;0;0;0;0;;;;0;0
"054008";"Castel Ritaldi";100;0;0;0;0;;;;0;0;1;0;0;;;;1;1
"054008";"Castel Ritaldi";999;713;723;31;41;;;;1508;598;733;36;176;;;;1543;3051
"054009";"Castiglione del Lago";0;46;0;0;0;;;;46;43;0;0;0;;;;43;89
"054009";"Castiglione del Lago";1;42;0;0;0;;;;42;45;0;0;0;;;;45;87
"054009";"Castiglione del Lago";2;60;0;0;0;;;;60;44;0;0;0;;;;44;104
"054009";"Castiglione del Lago";3;54;0;0;0;;;;54;51;0;0;0;;;;51;105
"054009";"Castiglione del Lago";4;65;0;0;0;;;;65;47;0;0;0;;;;47;112
"054009";"Castiglione del Lago";5;58;0;0;0;;;;58;66;0;0;0;;;;66;124
"054009";"Castiglione del Lago";6;64;0;0;0;;;;64;49;0;0;0;;;;49;113
"054009";"Castiglione del Lago";7;77;0;0;0;;;;77;65;0;0;0;;;;65;142
"054009";"Castiglione del Lago";8;62;0;0;0;;;;62;71;0;0;0;;;;71;133
"054009";"Castiglione del Lago";9;89;0;0;0;;;;89;68;0;0;0;;;;68;157
"054009";"Castiglione del Lago";10;69;0;0;0;;;;69;66;0;0;0;;;;66;135
"054009";"Castiglione del Lago";11;68;0;0;0;;;;68;69;0;0;0;;;;69;137
"054009";"Castiglione del Lago";12;77;0;0;0;;;;77;62;0;0;0;;;;62;139
"054009";"Castiglione del Lago";13;68;0;0;0;;;;68;64;0;0;0;;;;64;132
"054009";"Castiglione del Lago";14;83;0;0;0;;;;83;73;0;0;0;;;;73;156
"054009";"Castiglione del Lago";15;70;0;0;0;;;;70;72;0;0;0;;;;72;142
"054009";"Castiglione del Lago";16;71;0;0;0;;;;71;60;0;0;0;;;;60;131
"054009";"Castiglione del Lago";17;62;0;0;0;;;;62;66;0;0;0;;;;66;128
"054009";"Castiglione del Lago";18;71;0;0;0;;;;71;64;0;0;0;;;;64;135
"054009";"Castiglione del Lago";19;53;0;0;0;;;;53;65;0;0;0;;;;65;118
"054009";"Castiglione del Lago";20;67;0;0;0;;;;67;64;1;0;0;;;;65;132
"054009";"Castiglione del Lago";21;69;0;0;0;;;;69;58;1;0;0;;;;59;128
"054009";"Castiglione del Lago";22;63;1;0;0;;;;64;51;2;0;0;;;;53;117
"054009";"Castiglione del Lago";23;78;2;0;0;;;;80;59;6;0;0;;;;65;145
"054009";"Castiglione del Lago";24;50;0;0;0;;;;50;55;4;0;0;;;;59;109
"054009";"Castiglione del Lago";25;77;1;0;0;;;;78;60;4;0;0;;;;64;142
"054009";"Castiglione del Lago";26;62;3;0;0;;;;65;77;5;1;0;;;;83;148
"054009";"Castiglione del Lago";27;66;2;0;0;;;;68;52;13;1;0;;;;66;134
"054009";"Castiglione del Lago";28;58;1;0;0;;;;59;47;11;0;0;;;;58;117
"054009";"Castiglione del Lago";29;59;4;0;0;;;;63;53;13;0;0;;;;66;129
"054009";"Castiglione del Lago";30;68;15;0;0;;;;83;59;26;0;0;;;;85;168
"054009";"Castiglione del Lago";31;71;13;0;0;;;;84;47;29;1;0;;;;77;161
"054009";"Castiglione del Lago";32;59;14;0;0;;;;73;48;15;0;0;;;;63;136
"054009";"Castiglione del Lago";33;73;23;0;0;;;;96;49;26;2;0;;;;77;173
"054009";"Castiglione del Lago";34;55;31;2;0;;;;88;53;31;0;0;;;;84;172
"054009";"Castiglione del Lago";35;55;27;0;0;;;;82;43;48;0;0;;;;91;173
"054009";"Castiglione del Lago";36;40;29;4;0;;;;73;45;46;3;0;;;;94;167
"054009";"Castiglione del Lago";37;43;30;3;0;;;;76;53;43;0;0;;;;96;172
"054009";"Castiglione del Lago";38;42;50;1;0;;;;93;41;46;2;0;;;;89;182
"054009";"Castiglione del Lago";39;52;45;4;0;;;;101;40;48;6;1;;;;95;196
"054009";"Castiglione del Lago";40;48;37;2;0;;;;87;38;68;2;1;;;;109;196
"054009";"Castiglione del Lago";41;44;37;2;0;;;;83;34;49;7;0;;;;90;173
"054009";"Castiglione del Lago";42;48;52;4;0;;;;104;30;54;7;2;;;;93;197
"054009";"Castiglione del Lago";43;41;43;4;0;;;;88;31;53;3;0;;;;87;175
"054009";"Castiglione del Lago";44;51;49;7;1;;;;108;29;68;3;1;;;;101;209
"054009";"Castiglione del Lago";45;50;49;4;0;;;;103;26;73;7;1;;;;107;210
"054009";"Castiglione del Lago";46;40;61;2;1;;;;104;39;71;9;1;;;;120;224
"054009";"Castiglione del Lago";47;39;68;6;1;;;;114;23;75;12;0;;;;110;224
"054009";"Castiglione del Lago";48;36;62;6;0;;;;104;28;73;5;3;;;;109;213
"054009";"Castiglione del Lago";49;37;77;5;0;;;;119;17;75;4;3;;;;99;218
"054009";"Castiglione del Lago";50;31;68;5;1;;;;105;21;79;4;1;;;;105;210
"054009";"Castiglione del Lago";51;43;79;10;0;;;;132;18;94;11;1;;;;124;256
"054009";"Castiglione del Lago";52;19;73;7;2;;;;101;11;78;16;2;;;;107;208
"054009";"Castiglione del Lago";53;32;80;8;2;;;;122;10;87;7;3;;;;107;229
"054009";"Castiglione del Lago";54;29;62;6;1;;;;98;11;92;14;7;;;;124;222
"054009";"Castiglione del Lago";55;32;85;6;0;;;;123;14;90;10;4;;;;118;241
"054009";"Castiglione del Lago";56;22;85;16;0;;;;123;10;93;5;3;;;;111;234
"054009";"Castiglione del Lago";57;16;92;6;0;;;;114;12;84;7;9;;;;112;226
"054009";"Castiglione del Lago";58;20;77;8;1;;;;106;17;94;11;6;;;;128;234
"054009";"Castiglione del Lago";59;17;72;5;1;;;;95;11;104;7;5;;;;127;222
"054009";"Castiglione del Lago";60;10;80;4;2;;;;96;12;93;9;8;;;;122;218
"054009";"Castiglione del Lago";61;9;93;4;2;;;;108;12;81;6;7;;;;106;214
"054009";"Castiglione del Lago";62;16;98;8;1;;;;123;9;95;10;10;;;;124;247
"054009";"Castiglione del Lago";63;9;94;11;3;;;;117;11;93;11;11;;;;126;243
"054009";"Castiglione del Lago";64;9;76;5;0;;;;90;7;83;8;13;;;;111;201
"054009";"Castiglione del Lago";65;10;93;6;0;;;;109;5;68;7;11;;;;91;200
"054009";"Castiglione del Lago";66;8;75;6;4;;;;93;7;86;11;13;;;;117;210
"054009";"Castiglione del Lago";67;12;85;5;5;;;;107;9;91;6;16;;;;122;229
"054009";"Castiglione del Lago";68;5;96;3;3;;;;107;9;89;6;19;;;;123;230
"054009";"Castiglione del Lago";69;8;77;1;8;;;;94;4;73;6;12;;;;95;189
"054009";"Castiglione del Lago";70;3;84;6;2;;;;95;2;68;4;23;;;;97;192
"054009";"Castiglione del Lago";71;11;74;5;5;;;;95;5;64;5;21;;;;95;190
"054009";"Castiglione del Lago";72;9;75;3;2;;;;89;6;62;7;24;;;;99;188
"054009";"Castiglione del Lago";73;1;88;7;8;;;;104;1;59;6;24;;;;90;194
"054009";"Castiglione del Lago";74;9;100;1;10;;;;120;4;66;0;34;;;;104;224
"054009";"Castiglione del Lago";75;7;80;3;6;;;;96;4;57;2;30;;;;93;189
"054009";"Castiglione del Lago";76;5;63;2;5;;;;75;5;61;5;28;;;;99;174
"054009";"Castiglione del Lago";77;1;56;2;4;;;;63;9;45;2;22;;;;78;141
"054009";"Castiglione del Lago";78;7;46;1;7;;;;61;5;28;2;35;;;;70;131
"054009";"Castiglione del Lago";79;1;43;1;6;;;;51;3;34;1;46;;;;84;135
"054009";"Castiglione del Lago";80;2;38;1;5;;;;46;0;30;1;36;;;;67;113
"054009";"Castiglione del Lago";81;4;34;0;10;;;;48;4;20;3;46;;;;73;121
"054009";"Castiglione del Lago";82;5;38;1;11;;;;55;3;30;1;42;;;;76;131
"054009";"Castiglione del Lago";83;3;40;1;9;;;;53;1;24;1;52;;;;78;131
"054009";"Castiglione del Lago";84;3;49;0;13;;;;65;2;33;1;45;;;;81;146
"054009";"Castiglione del Lago";85;1;37;0;8;;;;46;0;13;2;50;;;;65;111
"054009";"Castiglione del Lago";86;1;30;0;7;;;;38;1;13;1;55;;;;70;108
"054009";"Castiglione del Lago";87;4;29;0;8;;;;41;2;12;0;38;;;;52;93
"054009";"Castiglione del Lago";88;2;24;0;14;;;;40;1;5;1;47;;;;54;94
"054009";"Castiglione del Lago";89;3;15;0;9;;;;27;1;6;0;33;;;;40;67
"054009";"Castiglione del Lago";90;0;10;0;8;;;;18;0;1;0;33;;;;34;52
"054009";"Castiglione del Lago";91;1;8;0;7;;;;16;0;3;1;38;;;;42;58
"054009";"Castiglione del Lago";92;0;7;0;7;;;;14;1;1;0;39;;;;41;55
"054009";"Castiglione del Lago";93;0;6;0;4;;;;10;0;3;0;20;;;;23;33
"054009";"Castiglione del Lago";94;1;3;0;3;;;;7;0;0;0;13;;;;13;20
"054009";"Castiglione del Lago";95;0;2;0;1;;;;3;0;0;0;11;;;;11;14
"054009";"Castiglione del Lago";96;0;1;0;2;;;;3;0;0;0;9;;;;9;12
"054009";"Castiglione del Lago";97;0;1;0;1;;;;2;1;0;0;5;;;;6;8
"054009";"Castiglione del Lago";98;0;0;0;2;;;;2;0;0;0;3;;;;3;5
"054009";"Castiglione del Lago";99;0;0;0;0;;;;0;0;1;0;1;;;;2;2
"054009";"Castiglione del Lago";100;0;2;0;0;;;;2;0;0;0;2;;;;2;4
"054009";"Castiglione del Lago";999;3391;3549;220;223;;;;7383;2840;3563;293;1079;;;;7775;15158
"054010";"Cerreto di Spoleto";0;4;0;0;0;;;;4;1;0;0;0;;;;1;5
"054010";"Cerreto di Spoleto";1;4;0;0;0;;;;4;2;0;0;0;;;;2;6
"054010";"Cerreto di Spoleto";2;2;0;0;0;;;;2;1;0;0;0;;;;1;3
"054010";"Cerreto di Spoleto";3;2;0;0;0;;;;2;4;0;0;0;;;;4;6
"054010";"Cerreto di Spoleto";4;4;0;0;0;;;;4;1;0;0;0;;;;1;5
"054010";"Cerreto di Spoleto";5;4;0;0;0;;;;4;2;0;0;0;;;;2;6
"054010";"Cerreto di Spoleto";6;4;0;0;0;;;;4;3;0;0;0;;;;3;7
"054010";"Cerreto di Spoleto";7;7;0;0;0;;;;7;3;0;0;0;;;;3;10
"054010";"Cerreto di Spoleto";8;1;0;0;0;;;;1;5;0;0;0;;;;5;6
"054010";"Cerreto di Spoleto";9;1;0;0;0;;;;1;1;0;0;0;;;;1;2
"054010";"Cerreto di Spoleto";10;3;0;0;0;;;;3;4;0;0;0;;;;4;7
"054010";"Cerreto di Spoleto";11;2;0;0;0;;;;2;1;0;0;0;;;;1;3
"054010";"Cerreto di Spoleto";12;4;0;0;0;;;;4;1;0;0;0;;;;1;5
"054010";"Cerreto di Spoleto";13;3;0;0;0;;;;3;2;0;0;0;;;;2;5
"054010";"Cerreto di Spoleto";14;2;0;0;0;;;;2;4;0;0;0;;;;4;6
"054010";"Cerreto di Spoleto";15;5;0;0;0;;;;5;3;0;0;0;;;;3;8
"054010";"Cerreto di Spoleto";16;8;0;0;0;;;;8;4;0;0;0;;;;4;12
"054010";"Cerreto di Spoleto";17;7;0;0;0;;;;7;3;0;0;0;;;;3;10
"054010";"Cerreto di Spoleto";18;10;0;0;0;;;;10;6;0;0;0;;;;6;16
"054010";"Cerreto di Spoleto";19;7;0;0;0;;;;7;5;0;0;0;;;;5;12
"054010";"Cerreto di Spoleto";20;6;0;0;0;;;;6;2;0;0;0;;;;2;8
"054010";"Cerreto di Spoleto";21;4;0;0;0;;;;4;9;0;0;0;;;;9;13
"054010";"Cerreto di Spoleto";22;5;0;0;0;;;;5;5;0;0;0;;;;5;10
"054010";"Cerreto di Spoleto";23;5;0;0;0;;;;5;7;0;0;0;;;;7;12
"054010";"Cerreto di Spoleto";24;4;0;0;0;;;;4;6;0;0;0;;;;6;10
"054010";"Cerreto di Spoleto";25;0;0;0;0;;;;0;4;0;0;0;;;;4;4
"054010";"Cerreto di Spoleto";26;5;0;0;0;;;;5;4;0;0;0;;;;4;9
"054010";"Cerreto di Spoleto";27;4;0;0;0;;;;4;4;1;0;0;;;;5;9
"054010";"Cerreto di Spoleto";28;5;0;0;0;;;;5;2;0;0;0;;;;2;7
"054010";"Cerreto di Spoleto";29;3;0;0;0;;;;3;4;1;0;0;;;;5;8
"054010";"Cerreto di Spoleto";30;5;0;0;0;;;;5;2;1;1;0;;;;4;9
"054010";"Cerreto di Spoleto";31;1;0;0;0;;;;1;4;2;0;0;;;;6;7
"054010";"Cerreto di Spoleto";32;3;0;0;0;;;;3;3;0;0;0;;;;3;6
"054010";"Cerreto di Spoleto";33;3;1;0;0;;;;4;5;2;0;0;;;;7;11
"054010";"Cerreto di Spoleto";34;2;4;0;0;;;;6;5;1;0;0;;;;6;12
"054010";"Cerreto di Spoleto";35;2;1;0;0;;;;3;1;1;0;0;;;;2;5
"054010";"Cerreto di Spoleto";36;3;1;0;0;;;;4;4;4;0;0;;;;8;12
"054010";"Cerreto di Spoleto";37;2;0;0;1;;;;3;2;2;0;0;;;;4;7
"054010";"Cerreto di Spoleto";38;4;1;0;0;;;;5;4;5;0;0;;;;9;14
"054010";"Cerreto di Spoleto";39;3;4;0;0;;;;7;1;3;0;0;;;;4;11
"054010";"Cerreto di Spoleto";40;3;3;1;0;;;;7;1;1;1;0;;;;3;10
"054010";"Cerreto di Spoleto";41;2;3;0;0;;;;5;2;2;0;0;;;;4;9
"054010";"Cerreto di Spoleto";42;2;3;0;0;;;;5;0;3;0;0;;;;3;8
"054010";"Cerreto di Spoleto";43;0;4;1;0;;;;5;0;4;0;0;;;;4;9
"054010";"Cerreto di Spoleto";44;2;2;0;0;;;;4;0;3;1;0;;;;4;8
"054010";"Cerreto di Spoleto";45;0;1;0;0;;;;1;2;6;0;0;;;;8;9
"054010";"Cerreto di Spoleto";46;1;2;0;0;;;;3;1;3;0;1;;;;5;8
"054010";"Cerreto di Spoleto";47;2;1;1;0;;;;4;2;4;0;0;;;;6;10
"054010";"Cerreto di Spoleto";48;2;2;0;0;;;;4;1;11;1;0;;;;13;17
"054010";"Cerreto di Spoleto";49;3;3;0;0;;;;6;1;7;1;0;;;;9;15
"054010";"Cerreto di Spoleto";50;1;6;1;0;;;;8;0;6;1;0;;;;7;15
"054010";"Cerreto di Spoleto";51;2;7;0;0;;;;9;0;6;0;0;;;;6;15
"054010";"Cerreto di Spoleto";52;1;12;0;0;;;;13;3;3;1;0;;;;7;20
"054010";"Cerreto di Spoleto";53;1;7;0;0;;;;8;2;8;1;1;;;;12;20
"054010";"Cerreto di Spoleto";54;2;12;1;0;;;;15;1;4;3;1;;;;9;24
"054010";"Cerreto di Spoleto";55;1;6;0;0;;;;7;0;7;0;0;;;;7;14
"054010";"Cerreto di Spoleto";56;5;8;0;1;;;;14;2;7;1;1;;;;11;25
"054010";"Cerreto di Spoleto";57;2;7;1;0;;;;10;1;8;0;0;;;;9;19
"054010";"Cerreto di Spoleto";58;2;5;1;1;;;;9;0;7;1;1;;;;9;18
"054010";"Cerreto di Spoleto";59;1;8;0;0;;;;9;2;6;0;0;;;;8;17
"054010";"Cerreto di Spoleto";60;1;5;1;1;;;;8;0;5;0;1;;;;6;14
"054010";"Cerreto di Spoleto";61;0;9;1;0;;;;10;2;5;0;0;;;;7;17
"054010";"Cerreto di Spoleto";62;3;3;0;2;;;;8;0;6;0;0;;;;6;14
"054010";"Cerreto di Spoleto";63;1;5;0;0;;;;6;2;3;1;1;;;;7;13
"054010";"Cerreto di Spoleto";64;0;6;0;0;;;;6;1;5;0;1;;;;7;13
"054010";"Cerreto di Spoleto";65;0;2;1;0;;;;3;0;4;1;1;;;;6;9
"054010";"Cerreto di Spoleto";66;0;6;0;0;;;;6;0;7;0;1;;;;8;14
"054010";"Cerreto di Spoleto";67;2;4;0;0;;;;6;0;2;0;1;;;;3;9
"054010";"Cerreto di Spoleto";68;1;8;2;0;;;;11;0;9;0;1;;;;10;21
"054010";"Cerreto di Spoleto";69;2;3;0;0;;;;5;0;6;0;4;;;;10;15
"054010";"Cerreto di Spoleto";70;0;8;0;0;;;;8;0;4;0;1;;;;5;13
"054010";"Cerreto di Spoleto";71;0;9;0;0;;;;9;0;2;0;2;;;;4;13
"054010";"Cerreto di Spoleto";72;0;1;0;0;;;;1;0;3;0;3;;;;6;7
"054010";"Cerreto di Spoleto";73;0;4;0;0;;;;4;0;2;0;2;;;;4;8
"054010";"Cerreto di Spoleto";74;0;5;0;0;;;;5;0;5;0;1;;;;6;11
"054010";"Cerreto di Spoleto";75;0;5;0;0;;;;5;0;3;0;2;;;;5;10
"054010";"Cerreto di Spoleto";76;1;4;0;0;;;;5;1;6;0;0;;;;7;12
"054010";"Cerreto di Spoleto";77;0;3;0;1;;;;4;0;3;0;4;;;;7;11
"054010";"Cerreto di Spoleto";78;0;4;0;0;;;;4;1;3;0;2;;;;6;10
"054010";"Cerreto di Spoleto";79;1;3;0;1;;;;5;0;1;0;2;;;;3;8
"054010";"Cerreto di Spoleto";80;1;3;0;1;;;;5;0;3;0;3;;;;6;11
"054010";"Cerreto di Spoleto";81;0;1;0;1;;;;2;0;2;0;4;;;;6;8
"054010";"Cerreto di Spoleto";82;1;3;0;3;;;;7;0;6;0;4;;;;10;17
"054010";"Cerreto di Spoleto";83;0;3;0;1;;;;4;0;1;0;3;;;;4;8
"054010";"Cerreto di Spoleto";84;0;3;0;2;;;;5;0;3;0;4;;;;7;12
"054010";"Cerreto di Spoleto";85;0;1;0;0;;;;1;0;1;0;3;;;;4;5
"054010";"Cerreto di Spoleto";86;0;2;0;0;;;;2;0;2;0;4;;;;6;8
"054010";"Cerreto di Spoleto";87;2;2;0;0;;;;4;0;0;0;4;;;;4;8
"054010";"Cerreto di Spoleto";88;0;2;0;0;;;;2;1;0;0;4;;;;5;7
"054010";"Cerreto di Spoleto";89;2;3;0;1;;;;6;0;0;0;2;;;;2;8
"054010";"Cerreto di Spoleto";90;0;2;0;0;;;;2;0;1;0;1;;;;2;4
"054010";"Cerreto di Spoleto";91;0;2;0;0;;;;2;0;0;0;1;;;;1;3
"054010";"Cerreto di Spoleto";92;0;0;0;2;;;;2;0;0;0;3;;;;3;5
"054010";"Cerreto di Spoleto";93;0;0;0;1;;;;1;0;0;0;2;;;;2;3
"054010";"Cerreto di Spoleto";94;0;0;0;0;;;;0;0;0;0;1;;;;1;1
"054010";"Cerreto di Spoleto";95;0;0;0;0;;;;0;0;1;0;1;;;;2;2
"054010";"Cerreto di Spoleto";96;0;0;0;0;;;;0;0;1;0;2;;;;3;3
"054010";"Cerreto di Spoleto";97;0;0;0;0;;;;0;0;0;0;3;;;;3;3
"054010";"Cerreto di Spoleto";98;0;0;0;0;;;;0;0;0;0;0;;;;0;0
"054010";"Cerreto di Spoleto";99;0;0;0;0;;;;0;0;0;0;0;;;;0;0
"054010";"Cerreto di Spoleto";100;0;0;0;1;;;;1;0;0;0;0;;;;0;1
"054010";"Cerreto di Spoleto";999;206;238;12;21;;;;477;163;234;15;84;;;;496;973
"054011";"Citerna";0;12;0;0;0;;;;12;8;0;0;0;;;;8;20
"054011";"Citerna";1;11;0;0;0;;;;11;11;0;0;0;;;;11;22
"054011";"Citerna";2;10;0;0;0;;;;10;2;0;0;0;;;;2;12
"054011";"Citerna";3;9;0;0;0;;;;9;8;0;0;0;;;;8;17
"054011";"Citerna";4;12;0;0;0;;;;12;11;0;0;0;;;;11;23
"054011";"Citerna";5;7;0;0;0;;;;7;15;0;0;0;;;;15;22
"054011";"Citerna";6;18;0;0;0;;;;18;14;0;0;0;;;;14;32
"054011";"Citerna";7;18;0;0;0;;;;18;16;0;0;0;;;;16;34
"054011";"Citerna";8;18;0;0;0;;;;18;19;0;0;0;;;;19;37
"054011";"Citerna";9;17;0;0;0;;;;17;9;0;0;0;;;;9;26
"054011";"Citerna";10;30;0;0;0;;;;30;16;0;0;0;;;;16;46
"054011";"Citerna";11;22;0;0;0;;;;22;10;0;0;0;;;;10;32
"054011";"Citerna";12;23;0;0;0;;;;23;16;0;0;0;;;;16;39
"054011";"Citerna";13;15;0;0;0;;;;15;16;0;0;0;;;;16;31
"054011";"Citerna";14;16;0;0;0;;;;16;16;0;0;0;;;;16;32
"054011";"Citerna";15;16;0;0;0;;;;16;17;0;0;0;;;;17;33
"054011";"Citerna";16;18;0;0;0;;;;18;15;0;0;0;;;;15;33
"054011";"Citerna";17;25;0;0;0;;;;25;15;0;0;0;;;;15;40
"054011";"Citerna";18;15;0;0;0;;;;15;12;0;0;0;;;;12;27
"054011";"Citerna";19;15;0;0;0;;;;15;11;0;0;0;;;;11;26
"054011";"Citerna";20;12;0;0;0;;;;12;9;0;0;0;;;;9;21
"054011";"Citerna";21;14;0;0;0;;;;14;18;0;0;0;;;;18;32
"054011";"Citerna";22;11;0;0;0;;;;11;17;0;0;0;;;;17;28
"054011";"Citerna";23;15;0;0;0;;;;15;15;0;0;0;;;;15;30
"054011";"Citerna";24;14;0;0;0;;;;14;17;2;0;0;;;;19;33
"054011";"Citerna";25;23;1;0;0;;;;24;19;0;0;0;;;;19;43
"054011";"Citerna";26;18;0;0;0;;;;18;14;0;0;0;;;;14;32
"054011";"Citerna";27;14;1;0;0;;;;15;14;3;0;0;;;;17;32
"054011";"Citerna";28;10;1;0;0;;;;11;12;1;0;0;;;;13;24
"054011";"Citerna";29;23;0;0;0;;;;23;15;2;0;0;;;;17;40
"054011";"Citerna";30;13;2;0;0;;;;15;12;3;0;0;;;;15;30
"054011";"Citerna";31;12;2;0;1;;;;15;7;4;0;0;;;;11;26
"054011";"Citerna";32;16;6;0;0;;;;22;8;3;1;0;;;;12;34
"054011";"Citerna";33;15;6;0;0;;;;21;13;6;0;0;;;;19;40
"054011";"Citerna";34;10;5;0;0;;;;15;16;7;0;0;;;;23;38
"054011";"Citerna";35;16;2;0;0;;;;18;9;10;0;0;;;;19;37
"054011";"Citerna";36;8;14;0;0;;;;22;10;9;2;0;;;;21;43
"054011";"Citerna";37;12;6;1;0;;;;19;17;16;0;0;;;;33;52
"054011";"Citerna";38;8;9;0;0;;;;17;3;15;0;0;;;;18;35
"054011";"Citerna";39;10;6;0;0;;;;16;10;14;1;0;;;;25;41
"054011";"Citerna";40;13;16;0;0;;;;29;5;8;0;0;;;;13;42
"054011";"Citerna";41;7;10;1;0;;;;18;7;21;1;0;;;;29;47
"054011";"Citerna";42;5;15;0;1;;;;21;8;12;0;0;;;;20;41
"054011";"Citerna";43;5;18;1;0;;;;24;18;12;0;0;;;;30;54
"054011";"Citerna";44;10;14;0;0;;;;24;2;17;3;0;;;;22;46
"054011";"Citerna";45;11;13;1;0;;;;25;2;20;2;0;;;;24;49
"054011";"Citerna";46;9;17;2;0;;;;28;6;15;1;0;;;;22;50
"054011";"Citerna";47;10;18;4;0;;;;32;5;21;2;0;;;;28;60
"054011";"Citerna";48;7;13;2;0;;;;22;8;22;0;1;;;;31;53
"054011";"Citerna";49;2;19;2;0;;;;23;6;24;1;1;;;;32;55
"054011";"Citerna";50;3;21;1;0;;;;25;3;14;3;0;;;;20;45
"054011";"Citerna";51;10;21;1;0;;;;32;2;15;2;0;;;;19;51
"054011";"Citerna";52;5;22;1;0;;;;28;5;17;3;2;;;;27;55
"054011";"Citerna";53;4;14;3;0;;;;21;5;18;1;1;;;;25;46
"054011";"Citerna";54;5;19;1;0;;;;25;8;19;1;1;;;;29;54
"054011";"Citerna";55;4;18;5;0;;;;27;7;18;2;2;;;;29;56
"054011";"Citerna";56;6;17;5;0;;;;28;1;24;2;2;;;;29;57
"054011";"Citerna";57;6;11;1;1;;;;19;2;27;3;1;;;;33;52
"054011";"Citerna";58;4;39;3;0;;;;46;3;24;1;4;;;;32;78
"054011";"Citerna";59;3;18;3;0;;;;24;4;20;3;2;;;;29;53
"054011";"Citerna";60;4;28;4;0;;;;36;3;16;1;0;;;;20;56
"054011";"Citerna";61;5;21;1;1;;;;28;2;20;4;1;;;;27;55
"054011";"Citerna";62;3;18;1;0;;;;22;5;17;0;3;;;;25;47
"054011";"Citerna";63;0;21;0;0;;;;21;0;19;3;1;;;;23;44
"054011";"Citerna";64;1;20;0;0;;;;21;1;18;0;3;;;;22;43
"054011";"Citerna";65;6;20;1;0;;;;27;2;18;1;5;;;;26;53
"054011";"Citerna";66;1;15;0;0;;;;16;1;13;0;2;;;;16;32
"054011";"Citerna";67;1;17;1;2;;;;21;2;19;1;2;;;;24;45
"054011";"Citerna";68;0;15;2;1;;;;18;1;18;0;1;;;;20;38
"054011";"Citerna";69;1;16;0;0;;;;17;1;11;0;4;;;;16;33
"054011";"Citerna";70;4;11;2;1;;;;18;1;9;0;3;;;;13;31
"054011";"Citerna";71;2;16;1;0;;;;19;1;15;1;3;;;;20;39
"054011";"Citerna";72;0;24;1;0;;;;25;0;10;0;3;;;;13;38
"054011";"Citerna";73;1;11;0;1;;;;13;2;13;0;5;;;;20;33
"054011";"Citerna";74;5;16;0;1;;;;22;2;17;0;7;;;;26;48
"054011";"Citerna";75;1;10;0;2;;;;13;1;11;0;4;;;;16;29
"054011";"Citerna";76;1;16;0;2;;;;19;1;7;0;5;;;;13;32
"054011";"Citerna";77;3;7;0;1;;;;11;0;11;0;5;;;;16;27
"054011";"Citerna";78;3;5;0;0;;;;8;0;7;0;6;;;;13;21
"054011";"Citerna";79;0;21;0;0;;;;21;2;3;0;6;;;;11;32
"054011";"Citerna";80;2;7;1;0;;;;10;1;8;0;4;;;;13;23
"054011";"Citerna";81;0;8;0;2;;;;10;1;11;0;11;;;;23;33
"054011";"Citerna";82;2;12;0;3;;;;17;1;8;0;4;;;;13;30
"054011";"Citerna";83;2;7;0;1;;;;10;2;3;0;8;;;;13;23
"054011";"Citerna";84;4;7;0;4;;;;15;0;7;0;12;;;;19;34
"054011";"Citerna";85;0;6;0;2;;;;8;1;3;0;7;;;;11;19
"054011";"Citerna";86;0;5;0;5;;;;10;1;1;0;11;;;;13;23
"054011";"Citerna";87;1;5;0;0;;;;6;0;0;0;11;;;;11;17
"054011";"Citerna";88;0;4;0;0;;;;4;0;3;0;15;;;;18;22
"054011";"Citerna";89;0;1;0;3;;;;4;0;0;0;6;;;;6;10
"054011";"Citerna";90;1;2;0;0;;;;3;1;0;0;6;;;;7;10
"054011";"Citerna";91;0;0;0;1;;;;1;0;1;0;3;;;;4;5
"054011";"Citerna";92;1;1;0;2;;;;4;0;1;0;3;;;;4;8
"054011";"Citerna";93;0;0;0;2;;;;2;0;0;0;1;;;;1;3
"054011";"Citerna";94;0;0;0;0;;;;0;0;0;0;2;;;;2;2
"054011";"Citerna";95;0;1;0;0;;;;1;0;0;0;0;;;;0;1
"054011";"Citerna";96;0;1;0;0;;;;1;0;0;0;1;;;;1;2
"054011";"Citerna";97;0;0;0;1;;;;1;0;0;0;1;;;;1;2
"054011";"Citerna";98;0;0;0;1;;;;1;1;0;0;2;;;;3;4
"054011";"Citerna";99;0;0;0;0;;;;0;0;0;0;0;;;;0;0
"054011";"Citerna";100;0;0;0;0;;;;0;0;0;0;1;;;;1;1
"054011";"Citerna";999;785;809;53;42;;;;1689;656;781;46;195;;;;1678;3367
"054012";"Città della Pieve";0;26;0;0;0;;;;26;19;0;0;0;;;;19;45
"054012";"Città della Pieve";1;22;0;0;0;;;;22;23;0;0;0;;;;23;45
"054012";"Città della Pieve";2;21;0;0;0;;;;21;22;0;0;0;;;;22;43
"054012";"Città della Pieve";3;26;0;0;0;;;;26;26;0;0;0;;;;26;52
"054012";"Città della Pieve";4;28;0;0;0;;;;28;33;0;0;0;;;;33;61
"054012";"Città della Pieve";5;21;0;0;0;;;;21;26;0;0;0;;;;26;47
"054012";"Città della Pieve";6;28;0;0;0;;;;28;31;0;0;0;;;;31;59
"054012";"Città della Pieve";7;24;0;0;0;;;;24;32;0;0;0;;;;32;56
"054012";"Città della Pieve";8;36;0;0;0;;;;36;25;0;0;0;;;;25;61
"054012";"Città della Pieve";9;40;0;0;0;;;;40;21;0;0;0;;;;21;61
"054012";"Città della Pieve";10;43;0;0;0;;;;43;25;0;0;0;;;;25;68
"054012";"Città della Pieve";11;35;0;0;0;;;;35;26;0;0;0;;;;26;61
"054012";"Città della Pieve";12;31;0;0;0;;;;31;33;0;0;0;;;;33;64
"054012";"Città della Pieve";13;33;0;0;0;;;;33;29;0;0;0;;;;29;62
"054012";"Città della Pieve";14;44;0;0;0;;;;44;34;0;0;0;;;;34;78
"054012";"Città della Pieve";15;34;0;0;0;;;;34;36;0;0;0;;;;36;70
"054012";"Città della Pieve";16;41;0;0;0;;;;41;34;0;0;0;;;;34;75
"054012";"Città della Pieve";17;27;0;0;0;;;;27;34;0;0;0;;;;34;61
"054012";"Città della Pieve";18;37;0;0;0;;;;37;35;0;0;0;;;;35;72
"054012";"Città della Pieve";19;39;0;0;0;;;;39;30;0;0;0;;;;30;69
"054012";"Città della Pieve";20;23;0;0;0;;;;23;31;0;0;0;;;;31;54
"054012";"Città della Pieve";21;30;0;0;0;;;;30;24;0;0;0;;;;24;54
"054012";"Città della Pieve";22;31;0;0;0;;;;31;27;3;0;0;;;;30;61
"054012";"Città della Pieve";23;40;1;0;0;;;;41;33;1;0;0;;;;34;75
"054012";"Città della Pieve";24;38;2;0;0;;;;40;30;0;0;0;;;;30;70
"054012";"Città della Pieve";25;31;0;0;0;;;;31;25;2;0;0;;;;27;58
"054012";"Città della Pieve";26;37;1;0;0;;;;38;32;7;0;0;;;;39;77
"054012";"Città della Pieve";27;35;1;0;0;;;;36;28;9;0;0;;;;37;73
"054012";"Città della Pieve";28;29;2;0;0;;;;31;23;5;0;0;;;;28;59
"054012";"Città della Pieve";29;33;1;0;0;;;;34;26;5;0;0;;;;31;65
"054012";"Città della Pieve";30;19;6;0;0;;;;25;33;8;0;0;;;;41;66
"054012";"Città della Pieve";31;24;10;0;0;;;;34;26;13;0;0;;;;39;73
"054012";"Città della Pieve";32;27;6;1;0;;;;34;28;6;0;0;;;;34;68
"054012";"Città della Pieve";33;27;6;0;0;;;;33;19;16;0;0;;;;35;68
"054012";"Città della Pieve";34;43;19;0;0;;;;62;31;17;1;0;;;;49;111
"054012";"Città della Pieve";35;38;4;0;0;;;;42;22;14;2;0;;;;38;80
"054012";"Città della Pieve";36;23;7;0;1;;;;31;28;10;0;0;;;;38;69
"054012";"Città della Pieve";37;21;11;0;0;;;;32;23;16;0;0;;;;39;71
"054012";"Città della Pieve";38;20;16;0;0;;;;36;23;22;1;0;;;;46;82
"054012";"Città della Pieve";39;29;13;1;0;;;;43;20;18;3;1;;;;42;85
"054012";"Città della Pieve";40;23;24;0;0;;;;47;14;22;1;0;;;;37;84
"054012";"Città della Pieve";41;22;23;3;0;;;;48;26;22;3;1;;;;52;100
"054012";"Città della Pieve";42;19;22;2;0;;;;43;19;25;2;0;;;;46;89
"054012";"Città della Pieve";43;24;19;1;1;;;;45;20;24;2;1;;;;47;92
"054012";"Città della Pieve";44;19;35;3;1;;;;58;18;30;5;1;;;;54;112
"054012";"Città della Pieve";45;26;21;1;0;;;;48;20;29;3;0;;;;52;100
"054012";"Città della Pieve";46;30;24;1;0;;;;55;22;41;2;2;;;;67;122
"054012";"Città della Pieve";47;17;28;3;0;;;;48;9;32;3;2;;;;46;94
"054012";"Città della Pieve";48;14;30;3;0;;;;47;18;54;7;0;;;;79;126
"054012";"Città della Pieve";49;15;39;5;1;;;;60;14;43;4;2;;;;63;123
"054012";"Città della Pieve";50;10;38;0;0;;;;48;15;29;2;1;;;;47;95
"054012";"Città della Pieve";51;19;31;1;0;;;;51;8;42;8;0;;;;58;109
"054012";"Città della Pieve";52;11;41;5;0;;;;57;12;26;3;2;;;;43;100
"054012";"Città della Pieve";53;15;44;6;1;;;;66;5;46;3;3;;;;57;123
"054012";"Città della Pieve";54;11;30;2;1;;;;44;14;50;4;3;;;;71;115
"054012";"Città della Pieve";55;12;46;4;2;;;;64;14;41;9;5;;;;69;133
"054012";"Città della Pieve";56;12;36;4;0;;;;52;8;44;10;1;;;;63;115
"054012";"Città della Pieve";57;11;33;1;2;;;;47;5;35;5;4;;;;49;96
"054012";"Città della Pieve";58;3;51;4;0;;;;58;9;28;6;0;;;;43;101
"054012";"Città della Pieve";59;10;46;5;1;;;;62;9;52;3;0;;;;64;126
"054012";"Città della Pieve";60;12;35;4;0;;;;51;2;44;1;8;;;;55;106
"054012";"Città della Pieve";61;4;47;2;0;;;;53;5;53;7;9;;;;74;127
"054012";"Città della Pieve";62;7;44;2;1;;;;54;6;47;12;8;;;;73;127
"054012";"Città della Pieve";63;8;37;4;0;;;;49;4;51;1;5;;;;61;110
"054012";"Città della Pieve";64;8;35;5;0;;;;48;8;42;4;2;;;;56;104
"054012";"Città della Pieve";65;2;35;1;1;;;;39;5;45;4;5;;;;59;98
"054012";"Città della Pieve";66;4;36;2;1;;;;43;3;50;4;10;;;;67;110
"054012";"Città della Pieve";67;5;52;4;0;;;;61;4;53;2;10;;;;69;130
"054012";"Città della Pieve";68;5;48;2;3;;;;58;7;36;1;13;;;;57;115
"054012";"Città della Pieve";69;2;61;2;5;;;;70;4;39;2;5;;;;50;120
"054012";"Città della Pieve";70;0;34;2;4;;;;40;3;38;3;12;;;;56;96
"054012";"Città della Pieve";71;5;43;3;1;;;;52;4;28;2;11;;;;45;97
"054012";"Città della Pieve";72;3;47;3;5;;;;58;2;25;1;11;;;;39;97
"054012";"Città della Pieve";73;3;36;2;5;;;;46;1;35;1;17;;;;54;100
"054012";"Città della Pieve";74;4;28;0;2;;;;34;0;34;0;7;;;;41;75
"054012";"Città della Pieve";75;6;39;1;4;;;;50;2;21;6;16;;;;45;95
"054012";"Città della Pieve";76;0;31;0;3;;;;34;2;24;2;14;;;;42;76
"054012";"Città della Pieve";77;2;20;0;2;;;;24;0;15;0;12;;;;27;51
"054012";"Città della Pieve";78;3;19;0;4;;;;26;1;18;1;16;;;;36;62
"054012";"Città della Pieve";79;0;27;1;6;;;;34;1;16;0;20;;;;37;71
"054012";"Città della Pieve";80;1;18;1;1;;;;21;1;22;1;16;;;;40;61
"054012";"Città della Pieve";81;3;16;1;2;;;;22;1;17;1;16;;;;35;57
"054012";"Città della Pieve";82;5;24;0;2;;;;31;0;13;2;21;;;;36;67
"054012";"Città della Pieve";83;0;21;0;8;;;;29;1;10;4;24;;;;39;68
"054012";"Città della Pieve";84;2;23;1;5;;;;31;0;14;0;26;;;;40;71
"054012";"Città della Pieve";85;3;11;0;4;;;;18;3;11;0;26;;;;40;58
"054012";"Città della Pieve";86;2;15;1;4;;;;22;2;8;0;28;;;;38;60
"054012";"Città della Pieve";87;3;18;0;3;;;;24;1;5;0;23;;;;29;53
"054012";"Città della Pieve";88;3;14;0;8;;;;25;2;6;0;20;;;;28;53
"054012";"Città della Pieve";89;1;6;0;4;;;;11;0;2;0;20;;;;22;33
"054012";"Città della Pieve";90;0;6;0;2;;;;8;0;1;0;14;;;;15;23
"054012";"Città della Pieve";91;1;9;0;1;;;;11;1;2;0;15;;;;18;29
"054012";"Città della Pieve";92;0;4;0;1;;;;5;0;4;0;20;;;;24;29
"054012";"Città della Pieve";93;0;2;0;2;;;;4;1;0;1;7;;;;9;13
"054012";"Città della Pieve";94;0;2;0;2;;;;4;0;2;0;12;;;;14;18
"054012";"Città della Pieve";95;0;1;0;0;;;;1;1;0;0;8;;;;9;10
"054012";"Città della Pieve";96;0;2;0;0;;;;2;1;0;0;8;;;;9;11
"054012";"Città della Pieve";97;0;0;0;0;;;;0;0;0;0;4;;;;4;4
"054012";"Città della Pieve";98;0;1;0;0;;;;1;1;0;0;5;;;;6;7
"054012";"Città della Pieve";99;0;1;0;1;;;;2;0;0;0;1;;;;1;3
"054012";"Città della Pieve";100;0;0;0;0;;;;0;2;0;0;1;;;;3;3
"054012";"Città della Pieve";999;1664;1715;100;108;;;;3587;1467;1718;155;555;;;;3895;7482
"054013";"Città di Castello";0;124;0;0;0;0;0;0;124;102;0;0;0;0;0;0;102;226
"054013";"Città di Castello";1;136;0;0;0;0;0;0;136;134;0;0;0;0;0;0;134;270
"054013";"Città di Castello";2;128;0;0;0;0;0;0;128;125;0;0;0;0;0;0;125;253
"054013";"Città di Castello";3;125;0;0;0;0;0;0;125;130;0;0;0;0;0;0;130;255
"054013";"Città di Castello";4;155;0;0;0;0;0;0;155;138;0;0;0;0;0;0;138;293
"054013";"Città di Castello";5;151;0;0;0;0;0;0;151;123;0;0;0;0;0;0;123;274
"054013";"Città di Castello";6;151;0;0;0;0;0;0;151;154;0;0;0;0;0;0;154;305
"054013";"Città di Castello";7;178;0;0;0;0;0;0;178;155;0;0;0;0;0;0;155;333
"054013";"Città di Castello";8;162;0;0;0;0;0;0;162;164;0;0;0;0;0;0;164;326
"054013";"Città di Castello";9;196;0;0;0;0;0;0;196;158;0;0;0;0;0;0;158;354
"054013";"Città di Castello";10;148;0;0;0;0;0;0;148;172;0;0;0;0;0;0;172;320
"054013";"Città di Castello";11;173;0;0;0;0;0;0;173;158;0;0;0;0;0;0;158;331
"054013";"Città di Castello";12;188;0;0;0;0;0;0;188;168;0;0;0;0;0;0;168;356
"054013";"Città di Castello";13;174;0;0;0;0;0;0;174;155;0;0;0;0;0;0;155;329
"054013";"Città di Castello";14;183;0;0;0;0;0;0;183;161;0;0;0;0;0;0;161;344
"054013";"Città di Castello";15;156;0;0;0;0;0;0;156;185;0;0;0;0;0;0;185;341
"054013";"Città di Castello";16;182;0;0;0;0;0;0;182;166;0;0;0;0;0;0;166;348
"054013";"Città di Castello";17;204;0;0;0;0;0;0;204;172;0;0;0;0;0;0;172;376
"054013";"Città di Castello";18;160;0;0;0;0;0;0;160;176;0;0;0;0;0;0;176;336
"054013";"Città di Castello";19;201;0;0;0;0;0;0;201;164;1;0;0;0;0;0;165;366
"054013";"Città di Castello";20;175;1;0;0;0;0;0;176;162;1;0;0;0;0;0;163;339
"054013";"Città di Castello";21;181;0;0;0;0;0;0;181;184;2;0;0;0;0;0;186;367
"054013";"Città di Castello";22;199;2;0;0;0;0;0;201;179;6;0;0;0;0;0;185;386
"054013";"Città di Castello";23;199;0;1;0;0;0;0;200;155;5;0;0;0;0;0;160;360
"054013";"Città di Castello";24;190;1;1;0;0;0;0;192;167;12;0;0;0;0;0;179;371
"054013";"Città di Castello";25;178;2;0;0;0;0;0;180;174;7;0;0;0;0;0;181;361
"054013";"Città di Castello";26;186;2;0;0;0;0;0;188;159;12;1;0;0;0;0;172;360
"054013";"Città di Castello";27;191;13;0;0;0;0;0;204;157;19;2;0;0;0;0;178;382
"054013";"Città di Castello";28;166;15;0;1;0;0;0;182;129;39;1;0;0;0;0;169;351
"054013";"Città di Castello";29;131;20;0;0;0;0;0;151;147;44;0;0;0;0;0;191;342
"054013";"Città di Castello";30;176;26;0;0;0;0;0;202;115;41;2;0;0;0;0;158;360
"054013";"Città di Castello";31;138;41;0;0;0;0;0;179;131;53;0;1;0;0;0;185;364
"054013";"Città di Castello";32;153;31;0;1;0;0;0;185;126;62;1;0;0;0;0;189;374
"054013";"Città di Castello";33;169;40;2;0;0;0;0;211;123;84;2;0;0;0;0;209;420
"054013";"Città di Castello";34;127;67;1;0;1;0;0;196;110;81;2;0;0;0;0;193;389
"054013";"Città di Castello";35;110;70;3;0;0;0;0;183;108;97;3;0;0;0;0;208;391
"054013";"Città di Castello";36;117;74;3;0;0;0;0;194;81;101;1;1;0;0;0;184;378
"054013";"Città di Castello";37;134;67;3;0;0;0;0;204;99;107;10;0;0;0;0;216;420
"054013";"Città di Castello";38;121;87;7;0;1;0;0;216;118;111;7;0;0;0;0;236;452
"054013";"Città di Castello";39;123;92;4;1;1;0;0;221;105;121;7;1;1;0;0;235;456
"054013";"Città di Castello";40;120;96;1;0;1;0;0;218;85;148;11;1;0;0;0;245;463
"054013";"Città di Castello";41;110;119;7;1;0;0;0;237;91;138;13;0;1;0;0;243;480
"054013";"Città di Castello";42;120;112;5;1;0;0;0;238;90;145;11;3;0;0;0;249;487
"054013";"Città di Castello";43;105;118;11;1;1;0;0;236;79;146;15;1;0;0;0;241;477
"054013";"Città di Castello";44;102;139;11;1;1;0;0;254;83;164;21;1;0;0;0;269;523
"054013";"Città di Castello";45;103;155;9;1;0;0;0;268;76;169;25;2;0;0;0;272;540
"054013";"Città di Castello";46;110;170;20;1;1;0;0;302;69;209;26;6;0;0;0;310;612
"054013";"Città di Castello";47;98;163;9;0;0;0;0;270;65;195;23;7;0;0;0;290;560
"054013";"Città di Castello";48;108;202;18;1;0;0;0;329;91;201;38;8;1;0;0;339;668
"054013";"Città di Castello";49;85;187;11;2;0;0;0;285;58;226;30;9;0;0;0;323;608
"054013";"Città di Castello";50;100;170;19;1;1;0;0;291;84;224;32;2;0;0;0;342;633
"054013";"Città di Castello";51;74;208;23;1;0;0;0;306;54;204;28;8;0;0;0;294;600
"054013";"Città di Castello";52;75;201;22;2;0;0;0;300;57;198;11;5;0;0;0;271;571
"054013";"Città di Castello";53;71;181;25;0;0;0;0;277;69;229;30;11;1;0;0;340;617
"054013";"Città di Castello";54;82;185;14;2;0;0;0;283;61;218;27;12;0;0;0;318;601
"054013";"Città di Castello";55;68;223;22;0;0;0;0;313;56;209;19;9;0;0;0;293;606
"054013";"Città di Castello";56;58;198;26;6;0;0;0;288;44;221;25;11;0;0;0;301;589
"054013";"Città di Castello";57;60;214;17;4;0;0;0;295;32;235;23;13;0;0;0;303;598
"054013";"Città di Castello";58;60;227;27;5;1;0;0;320;45;238;26;24;0;0;0;333;653
"054013";"Città di Castello";59;40;209;21;3;0;0;0;273;32;203;33;19;0;0;0;287;560
"054013";"Città di Castello";60;39;229;25;3;0;0;0;296;26;224;28;19;0;0;0;297;593
"054013";"Città di Castello";61;42;218;16;4;0;0;0;280;25;236;21;17;0;0;0;299;579
"054013";"Città di Castello";62;37;192;17;11;0;0;0;257;26;215;19;25;0;0;0;285;542
"054013";"Città di Castello";63;37;204;14;9;0;0;0;264;31;209;23;31;0;0;0;294;558
"054013";"Città di Castello";64;30;187;10;4;0;0;0;231;30;214;22;29;1;0;0;296;527
"054013";"Città di Castello";65;31;187;17;5;0;0;0;240;25;186;15;29;0;0;0;255;495
"054013";"Città di Castello";66;18;204;17;12;0;0;0;251;31;207;15;42;0;0;0;295;546
"054013";"Città di Castello";67;29;185;9;9;0;0;0;232;23;201;24;51;0;0;0;299;531
"054013";"Città di Castello";68;28;203;14;5;0;0;0;250;19;187;16;53;0;0;0;275;525
"054013";"Città di Castello";69;28;198;12;6;0;0;0;244;20;167;12;54;0;0;0;253;497
"054013";"Città di Castello";70;21;187;9;8;0;0;0;225;19;154;5;51;0;0;0;229;454
"054013";"Città di Castello";71;15;171;4;17;1;0;0;208;14;153;10;52;0;0;0;229;437
"054013";"Città di Castello";72;18;223;9;4;0;0;0;254;23;166;5;56;0;0;0;250;504
"054013";"Città di Castello";73;20;204;4;15;0;0;0;243;13;169;10;72;0;0;0;264;507
"054013";"Città di Castello";74;13;200;6;17;0;0;0;236;19;143;6;74;0;0;0;242;478
"054013";"Città di Castello";75;15;182;5;16;0;0;0;218;17;145;4;82;0;0;0;248;466
"054013";"Città di Castello";76;16;144;5;17;0;0;0;182;10;126;8;75;0;0;0;219;401
"054013";"Città di Castello";77;7;117;4;11;0;0;0;139;16;91;5;62;0;0;0;174;313
"054013";"Città di Castello";78;16;117;2;10;0;0;0;145;15;94;3;69;0;0;0;181;326
"054013";"Città di Castello";79;8;122;3;16;0;0;0;149;16;84;3;82;0;0;0;185;334
"054013";"Città di Castello";80;14;91;2;11;0;0;0;118;12;72;4;89;0;0;0;177;295
"054013";"Città di Castello";81;10;96;3;23;0;0;0;132;10;71;1;89;0;0;0;171;303
"054013";"Città di Castello";82;7;108;1;13;0;0;0;129;17;74;3;98;0;0;0;192;321
"054013";"Città di Castello";83;7;103;1;14;0;0;0;125;13;64;1;111;0;0;0;189;314
"054013";"Città di Castello";84;12;100;1;23;0;0;0;136;6;60;0;137;0;0;0;203;339
"054013";"Città di Castello";85;6;65;0;22;0;0;0;93;12;38;4;112;0;0;0;166;259
"054013";"Città di Castello";86;6;54;0;21;0;0;0;81;7;37;1;108;0;0;0;153;234
"054013";"Città di Castello";87;3;51;1;18;0;0;0;73;9;17;0;114;0;0;0;140;213
"054013";"Città di Castello";88;3;40;1;28;0;0;0;72;7;17;0;103;0;0;0;127;199
"054013";"Città di Castello";89;5;33;0;18;0;0;0;56;4;12;0;85;0;0;0;101;157
"054013";"Città di Castello";90;0;23;0;15;0;0;0;38;4;12;1;78;0;0;0;95;133
"054013";"Città di Castello";91;2;20;0;19;0;0;0;41;7;3;0;74;0;0;0;84;125
"054013";"Città di Castello";92;1;12;0;17;1;0;0;31;4;6;0;67;0;0;0;77;108
"054013";"Città di Castello";93;2;10;0;6;0;0;0;18;1;2;0;60;0;0;0;63;81
"054013";"Città di Castello";94;2;7;0;2;0;0;0;11;1;3;0;39;0;0;0;43;54
"054013";"Città di Castello";95;1;2;0;4;0;0;0;7;2;3;0;28;0;0;0;33;40
"054013";"Città di Castello";96;1;4;0;2;0;0;0;7;1;0;0;16;0;0;0;17;24
"054013";"Città di Castello";97;0;1;0;4;0;0;0;5;0;0;1;15;0;0;0;16;21
"054013";"Città di Castello";98;0;1;0;1;0;0;0;2;0;0;0;11;0;0;0;11;13
"054013";"Città di Castello";99;0;0;0;2;0;0;0;2;1;0;0;10;0;0;0;11;13
"054013";"Città di Castello";100;0;0;0;5;0;0;0;5;2;0;0;9;0;0;0;11;16
"054013";"Città di Castello";999;8738;8623;555;503;11;0;0;18430;7648;8788;776;2633;5;0;0;19850;38280
"054014";"Collazzone";0;9;0;0;0;;;;9;12;0;0;0;;;;12;21
"054014";"Collazzone";1;13;0;0;0;;;;13;16;0;0;0;;;;16;29
"054014";"Collazzone";2;13;0;0;0;;;;13;13;0;0;0;;;;13;26
"054014";"Collazzone";3;19;0;0;0;;;;19;14;0;0;0;;;;14;33
"054014";"Collazzone";4;10;0;0;0;;;;10;16;0;0;0;;;;16;26
"054014";"Collazzone";5;14;0;0;0;;;;14;15;0;0;0;;;;15;29
"054014";"Collazzone";6;17;0;0;0;;;;17;19;0;0;0;;;;19;36
"054014";"Collazzone";7;18;0;0;0;;;;18;17;0;0;0;;;;17;35
"054014";"Collazzone";8;22;0;0;0;;;;22;17;0;0;0;;;;17;39
"054014";"Collazzone";9;7;0;0;0;;;;7;17;0;0;0;;;;17;24
"054014";"Collazzone";10;15;0;0;0;;;;15;14;0;0;0;;;;14;29
"054014";"Collazzone";11;14;0;0;0;;;;14;32;0;0;0;;;;32;46
"054014";"Collazzone";12;16;0;0;0;;;;16;15;0;0;0;;;;15;31
"054014";"Collazzone";13;17;0;0;0;;;;17;12;0;0;0;;;;12;29
"054014";"Collazzone";14;4;0;0;0;;;;4;12;0;0;0;;;;12;16
"054014";"Collazzone";15;25;0;0;0;;;;25;24;0;0;0;;;;24;49
"054014";"Collazzone";16;17;0;0;0;;;;17;12;0;0;0;;;;12;29
"054014";"Collazzone";17;17;0;0;0;;;;17;19;0;0;0;;;;19;36
"054014";"Collazzone";18;16;0;0;0;;;;16;18;0;0;0;;;;18;34
"054014";"Collazzone";19;15;0;0;0;;;;15;10;0;0;0;;;;10;25
"054014";"Collazzone";20;12;0;0;0;;;;12;20;0;0;0;;;;20;32
"054014";"Collazzone";21;20;0;0;0;;;;20;19;0;0;0;;;;19;39
"054014";"Collazzone";22;25;0;0;0;;;;25;16;1;0;0;;;;17;42
"054014";"Collazzone";23;15;0;0;0;;;;15;13;2;0;0;;;;15;30
"054014";"Collazzone";24;14;0;0;0;;;;14;7;1;0;0;;;;8;22
"054014";"Collazzone";25;11;0;0;0;;;;11;13;2;0;0;;;;15;26
"054014";"Collazzone";26;10;2;0;0;;;;12;12;0;0;0;;;;12;24
"054014";"Collazzone";27;16;0;0;0;;;;16;10;5;0;0;;;;15;31
"054014";"Collazzone";28;13;0;0;0;;;;13;9;3;0;0;;;;12;25
"054014";"Collazzone";29;15;2;0;0;;;;17;10;7;0;0;;;;17;34
"054014";"Collazzone";30;11;2;0;0;;;;13;11;6;0;0;;;;17;30
"054014";"Collazzone";31;10;1;0;0;;;;11;10;9;0;0;;;;19;30
"054014";"Collazzone";32;12;4;0;0;;;;16;9;7;0;0;;;;16;32
"054014";"Collazzone";33;15;2;0;0;;;;17;14;9;0;0;;;;23;40
"054014";"Collazzone";34;12;8;0;0;;;;20;14;4;1;0;;;;19;39
"054014";"Collazzone";35;10;7;0;0;;;;17;10;4;0;0;;;;14;31
"054014";"Collazzone";36;14;10;0;0;;;;24;5;9;0;0;;;;14;38
"054014";"Collazzone";37;8;7;1;0;;;;16;7;12;1;0;;;;20;36
"054014";"Collazzone";38;11;11;0;0;;;;22;10;12;0;0;;;;22;44
"054014";"Collazzone";39;5;4;0;0;;;;9;9;15;1;0;;;;25;34
"054014";"Collazzone";40;15;9;0;0;;;;24;12;10;0;0;;;;22;46
"054014";"Collazzone";41;8;12;0;0;;;;20;15;14;0;0;;;;29;49
"054014";"Collazzone";42;8;15;1;0;;;;24;7;9;2;0;;;;18;42
"054014";"Collazzone";43;12;11;0;0;;;;23;13;13;0;0;;;;26;49
"054014";"Collazzone";44;8;10;0;0;;;;18;2;20;0;2;;;;24;42
"054014";"Collazzone";45;8;11;2;0;;;;21;8;20;0;0;;;;28;49
"054014";"Collazzone";46;7;22;1;0;;;;30;9;24;0;0;;;;33;63
"054014";"Collazzone";47;7;15;2;0;;;;24;6;14;1;3;;;;24;48
"054014";"Collazzone";48;8;13;2;0;;;;23;6;13;3;0;;;;22;45
"054014";"Collazzone";49;2;19;2;0;;;;23;7;21;2;0;;;;30;53
"054014";"Collazzone";50;8;19;0;0;;;;27;6;21;0;2;;;;29;56
"054014";"Collazzone";51;7;20;0;0;;;;27;3;16;0;0;;;;19;46
"054014";"Collazzone";52;8;18;1;0;;;;27;1;14;2;0;;;;17;44
"054014";"Collazzone";53;4;18;1;1;;;;24;2;27;1;0;;;;30;54
"054014";"Collazzone";54;8;20;0;0;;;;28;4;22;1;3;;;;30;58
"054014";"Collazzone";55;5;16;4;0;;;;25;2;21;0;1;;;;24;49
"054014";"Collazzone";56;2;20;3;0;;;;25;2;18;1;0;;;;21;46
"054014";"Collazzone";57;6;21;3;1;;;;31;2;23;3;0;;;;28;59
"054014";"Collazzone";58;3;28;0;0;;;;31;2;20;1;1;;;;24;55
"054014";"Collazzone";59;4;14;3;2;;;;23;1;16;1;3;;;;21;44
"054014";"Collazzone";60;2;15;0;0;;;;17;2;20;0;1;;;;23;40
"054014";"Collazzone";61;6;17;3;1;;;;27;2;19;3;1;;;;25;52
"054014";"Collazzone";62;2;12;1;0;;;;15;2;11;3;3;;;;19;34
"054014";"Collazzone";63;4;23;2;0;;;;29;2;19;1;2;;;;24;53
"054014";"Collazzone";64;4;11;1;1;;;;17;2;20;3;2;;;;27;44
"054014";"Collazzone";65;0;16;3;0;;;;19;2;13;3;3;;;;21;40
"054014";"Collazzone";66;0;10;2;2;;;;14;2;17;1;3;;;;23;37
"054014";"Collazzone";67;0;24;2;1;;;;27;1;15;2;3;;;;21;48
"054014";"Collazzone";68;4;19;0;0;;;;23;1;10;0;5;;;;16;39
"054014";"Collazzone";69;0;8;1;0;;;;9;0;19;2;6;;;;27;36
"054014";"Collazzone";70;2;6;1;0;;;;9;1;19;0;2;;;;22;31
"054014";"Collazzone";71;4;18;0;0;;;;22;0;14;1;4;;;;19;41
"054014";"Collazzone";72;0;14;1;1;;;;16;1;15;1;4;;;;21;37
"054014";"Collazzone";73;1;16;1;1;;;;19;0;7;0;1;;;;8;27
"054014";"Collazzone";74;2;11;1;0;;;;14;2;14;0;4;;;;20;34
"054014";"Collazzone";75;1;17;0;1;;;;19;1;11;0;5;;;;17;36
"054014";"Collazzone";76;0;20;1;0;;;;21;0;13;0;1;;;;14;35
"054014";"Collazzone";77;1;12;0;4;;;;17;0;11;0;9;;;;20;37
"054014";"Collazzone";78;3;8;1;1;;;;13;2;8;0;6;;;;16;29
"054014";"Collazzone";79;1;19;0;2;;;;22;0;10;0;7;;;;17;39
"054014";"Collazzone";80;1;12;0;0;;;;13;0;2;0;7;;;;9;22
"054014";"Collazzone";81;3;14;0;2;;;;19;0;4;0;10;;;;14;33
"054014";"Collazzone";82;1;11;0;0;;;;12;0;5;0;14;;;;19;31
"054014";"Collazzone";83;3;4;0;2;;;;9;0;3;0;12;;;;15;24
"054014";"Collazzone";84;3;9;0;1;;;;13;0;4;0;10;;;;14;27
"054014";"Collazzone";85;0;7;0;1;;;;8;0;5;0;9;;;;14;22
"054014";"Collazzone";86;0;7;0;0;;;;7;0;1;0;8;;;;9;16
"054014";"Collazzone";87;0;5;0;3;;;;8;0;4;0;9;;;;13;21
"054014";"Collazzone";88;1;1;0;1;;;;3;0;1;0;11;;;;12;15
"054014";"Collazzone";89;0;5;1;1;;;;7;1;2;0;4;;;;7;14
"054014";"Collazzone";90;2;1;0;0;;;;3;0;1;0;2;;;;3;6
"054014";"Collazzone";91;1;1;0;1;;;;3;0;1;0;8;;;;9;12
"054014";"Collazzone";92;0;3;0;1;;;;4;0;0;0;4;;;;4;8
"054014";"Collazzone";93;0;0;0;2;;;;2;0;0;0;6;;;;6;8
"054014";"Collazzone";94;0;1;0;0;;;;1;0;0;0;3;;;;3;4
"054014";"Collazzone";95;0;1;0;0;;;;1;0;0;0;4;;;;4;5
"054014";"Collazzone";96;0;0;0;2;;;;2;0;0;0;5;;;;5;7
"054014";"Collazzone";97;0;0;0;0;;;;0;0;0;0;1;;;;1;1
"054014";"Collazzone";98;0;0;0;0;;;;0;0;0;0;1;;;;1;1
"054014";"Collazzone";99;0;0;0;0;;;;0;0;0;0;0;;;;0;0
"054014";"Collazzone";100;0;0;0;1;;;;1;0;0;0;0;;;;0;1
"054014";"Collazzone";999;747;769;48;37;;;;1601;686;782;41;215;;;;1724;3325
"054015";"Corciano";0;75;0;0;0;0;0;0;75;71;0;0;0;0;0;0;71;146
"054015";"Corciano";1;82;0;0;0;0;0;0;82;77;0;0;0;0;0;0;77;159
"054015";"Corciano";2;82;0;0;0;0;0;0;82;88;0;0;0;0;0;0;88;170
"054015";"Corciano";3;104;0;0;0;0;0;0;104;85;0;0;0;0;0;0;85;189
"054015";"Corciano";4;91;0;0;0;0;0;0;91;85;0;0;0;0;0;0;85;176
"054015";"Corciano";5;93;0;0;0;0;0;0;93;107;0;0;0;0;0;0;107;200
"054015";"Corciano";6;118;0;0;0;0;0;0;118;110;0;0;0;0;0;0;110;228
"054015";"Corciano";7;112;0;0;0;0;0;0;112;91;0;0;0;0;0;0;91;203
"054015";"Corciano";8;113;0;0;0;0;0;0;113;96;0;0;0;0;0;0;96;209
"054015";"Corciano";9;105;0;0;0;0;0;0;105;104;0;0;0;0;0;0;104;209
"054015";"Corciano";10;122;0;0;0;0;0;0;122;126;0;0;0;0;0;0;126;248
"054015";"Corciano";11;118;0;0;0;0;0;0;118;115;0;0;0;0;0;0;115;233
"054015";"Corciano";12;142;0;0;0;0;0;0;142;118;0;0;0;0;0;0;118;260
"054015";"Corciano";13;134;0;0;0;0;0;0;134;121;0;0;0;0;0;0;121;255
"054015";"Corciano";14;114;0;0;0;0;0;0;114;128;0;0;0;0;0;0;128;242
"054015";"Corciano";15;118;0;0;0;0;0;0;118;111;0;0;0;0;0;0;111;229
"054015";"Corciano";16;100;0;0;0;0;0;0;100;124;0;0;0;0;0;0;124;224
"054015";"Corciano";17;107;0;0;0;0;0;0;107;116;0;0;0;0;0;0;116;223
"054015";"Corciano";18;103;0;0;0;0;0;0;103;88;0;0;0;0;0;0;88;191
"054015";"Corciano";19;125;0;0;0;0;0;0;125;105;0;0;0;0;0;0;105;230
"054015";"Corciano";20;112;0;0;0;0;0;0;112;105;2;0;0;0;0;0;107;219
"054015";"Corciano";21;108;0;0;0;0;0;0;108;91;1;0;0;0;0;0;92;200
"054015";"Corciano";22;102;0;0;0;0;0;0;102;109;0;0;0;0;0;0;109;211
"054015";"Corciano";23;127;0;1;0;0;0;0;128;88;0;0;0;0;0;0;88;216
"054015";"Corciano";24;98;2;0;0;0;0;0;100;97;4;0;0;0;0;0;101;201
"054015";"Corciano";25;95;2;0;0;0;0;0;97;89;5;0;0;0;0;0;94;191
"054015";"Corciano";26;101;0;0;0;0;0;0;101;76;7;1;0;0;0;0;84;185
"054015";"Corciano";27;101;7;0;0;0;0;0;108;73;9;1;0;0;0;0;83;191
"054015";"Corciano";28;83;5;0;0;0;0;0;88;68;10;1;0;0;0;0;79;167
"054015";"Corciano";29;108;8;1;0;0;0;0;117;80;15;0;0;0;0;0;95;212
"054015";"Corciano";30;116;14;0;0;0;0;0;130;77;33;0;0;0;0;0;110;240
"054015";"Corciano";31;97;10;2;0;0;0;0;109;80;40;0;0;0;0;0;120;229
"054015";"Corciano";32;82;23;0;0;0;0;0;105;76;41;1;0;0;0;0;118;223
"054015";"Corciano";33;87;34;1;1;1;0;0;124;72;53;3;0;0;0;0;128;252
"054015";"Corciano";34;87;38;1;0;1;0;0;127;80;55;2;1;0;0;0;138;265
"054015";"Corciano";35;73;48;1;0;0;0;0;122;59;53;3;1;0;0;0;116;238
"054015";"Corciano";36;68;46;2;0;0;0;0;116;76;61;3;0;0;0;0;140;256
"054015";"Corciano";37;81;61;1;0;0;0;0;143;46;66;5;0;0;0;0;117;260
"054015";"Corciano";38;63;51;3;0;0;0;0;117;60;77;5;0;0;0;0;142;259
"054015";"Corciano";39;64;71;4;1;0;0;0;140;43;85;10;0;0;0;0;138;278
"054015";"Corciano";40;56;52;5;1;0;0;0;114;57;79;2;2;0;0;0;140;254
"054015";"Corciano";41;61;65;7;0;0;0;0;133;46;100;10;0;1;0;0;157;290
"054015";"Corciano";42;72;68;4;0;0;0;0;144;58;96;19;0;0;0;0;173;317
"054015";"Corciano";43;75;78;4;0;1;0;0;158;53;113;12;5;0;0;0;183;341
"054015";"Corciano";44;62;78;7;0;0;0;0;147;55;116;7;1;0;0;0;179;326
"054015";"Corciano";45;70;112;5;0;0;0;0;187;41;109;17;4;1;0;0;172;359
"054015";"Corciano";46;64;105;12;0;0;0;0;181;50;119;8;1;0;0;0;178;359
"054015";"Corciano";47;47;109;8;2;0;0;0;166;56;137;11;2;1;0;0;207;373
"054015";"Corciano";48;59;129;12;1;1;0;0;202;40;127;16;5;0;0;0;188;390
"054015";"Corciano";49;68;119;8;1;2;0;0;198;40;131;14;2;0;0;0;187;385
"054015";"Corciano";50;43;111;12;2;0;0;0;168;42;140;13;3;0;0;0;198;366
"054015";"Corciano";51;45;123;11;2;0;0;0;181;39;144;16;4;0;0;0;203;384
"054015";"Corciano";52;44;124;12;0;0;0;0;180;30;135;12;10;0;0;0;187;367
"054015";"Corciano";53;39;133;14;1;1;0;0;188;26;96;20;6;0;0;0;148;336
"054015";"Corciano";54;20;130;10;3;0;0;0;163;26;136;24;6;0;0;0;192;355
"054015";"Corciano";55;25;129;13;2;0;0;0;169;33;134;16;4;0;0;0;187;356
"054015";"Corciano";56;28;124;15;1;1;0;0;169;33;135;14;1;0;0;0;183;352
"054015";"Corciano";57;25;131;10;1;0;0;0;167;31;127;13;7;1;0;0;179;346
"054015";"Corciano";58;17;116;13;1;0;0;0;147;16;106;22;6;0;0;0;150;297
"054015";"Corciano";59;19;99;13;3;1;0;0;135;15;133;14;10;0;0;0;172;307
"054015";"Corciano";60;19;117;14;1;0;0;0;151;19;119;14;12;0;0;0;164;315
"054015";"Corciano";61;16;101;14;1;0;0;0;132;7;101;10;14;0;0;0;132;264
"054015";"Corciano";62;17;100;5;1;0;0;0;123;9;109;14;11;0;0;0;143;266
"054015";"Corciano";63;7;85;11;5;0;0;0;108;11;108;11;6;0;0;0;136;244
"054015";"Corciano";64;7;86;4;3;0;0;0;100;10;88;6;10;0;0;0;114;214
"054015";"Corciano";65;4;101;9;5;0;0;0;119;12;85;10;15;0;0;0;122;241
"054015";"Corciano";66;7;90;11;5;1;0;0;114;7;108;5;13;0;0;0;133;247
"054015";"Corciano";67;11;100;8;5;0;0;0;124;10;84;7;19;0;0;0;120;244
"054015";"Corciano";68;7;91;5;5;0;0;0;108;13;94;5;13;0;0;0;125;233
"054015";"Corciano";69;8;90;8;9;0;0;0;115;9;93;6;21;1;0;0;130;245
"054015";"Corciano";70;9;87;5;3;0;0;0;104;6;84;5;17;0;0;0;112;216
"054015";"Corciano";71;2;76;2;3;0;0;0;83;6;96;6;22;0;0;0;130;213
"054015";"Corciano";72;2;88;7;10;0;0;0;107;8;85;5;28;1;0;0;127;234
"054015";"Corciano";73;10;105;3;6;0;0;0;124;8;77;9;32;0;0;0;126;250
"054015";"Corciano";74;4;112;2;7;0;0;0;125;1;80;7;35;0;0;0;123;248
"054015";"Corciano";75;3;89;4;9;0;0;0;105;6;71;8;42;0;0;0;127;232
"054015";"Corciano";76;6;92;4;14;0;0;0;116;4;61;4;32;0;0;0;101;217
"054015";"Corciano";77;2;63;1;7;0;0;0;73;4;35;4;26;0;0;0;69;142
"054015";"Corciano";78;2;50;2;10;0;0;0;64;2;50;4;33;0;0;0;89;153
"054015";"Corciano";79;7;40;3;11;0;0;0;61;2;44;2;29;0;0;0;77;138
"054015";"Corciano";80;4;50;1;6;0;0;0;61;2;48;2;43;1;0;0;96;157
"054015";"Corciano";81;2;53;1;11;0;0;0;67;4;40;2;40;0;0;0;86;153
"054015";"Corciano";82;4;51;5;8;0;0;0;68;2;40;1;55;0;0;0;98;166
"054015";"Corciano";83;4;51;0;6;0;0;0;61;1;33;2;44;0;0;0;80;141
"054015";"Corciano";84;3;45;1;7;0;0;0;56;2;29;1;52;0;0;0;84;140
"054015";"Corciano";85;5;37;1;9;0;0;0;52;2;18;1;39;0;0;0;60;112
"054015";"Corciano";86;1;50;1;5;0;0;0;57;0;13;1;39;0;0;0;53;110
"054015";"Corciano";87;1;24;0;8;0;0;0;33;1;10;0;44;0;0;0;55;88
"054015";"Corciano";88;0;26;0;5;0;0;0;31;1;12;2;47;0;0;0;62;93
"054015";"Corciano";89;2;18;1;8;0;0;0;29;0;8;0;35;0;0;0;43;72
"054015";"Corciano";90;0;15;0;6;0;0;0;21;2;5;0;33;0;0;0;40;61
"054015";"Corciano";91;1;8;0;5;0;0;0;14;1;0;0;29;0;0;0;30;44
"054015";"Corciano";92;0;5;0;5;0;0;0;10;2;3;1;20;0;0;0;26;36
"054015";"Corciano";93;0;5;0;3;0;0;0;8;0;1;0;17;0;0;0;18;26
"054015";"Corciano";94;0;4;0;2;0;0;0;6;0;0;0;9;0;0;0;9;15
"054015";"Corciano";95;1;0;0;2;0;0;0;3;0;0;0;14;0;0;0;14;17
"054015";"Corciano";96;0;2;0;1;0;0;0;3;0;0;0;17;0;0;0;17;20
"054015";"Corciano";97;0;0;0;1;0;0;0;1;0;0;0;6;0;0;0;6;7
"054015";"Corciano";98;0;0;0;2;0;0;0;2;0;0;0;5;0;0;0;5;7
"054015";"Corciano";99;0;0;0;0;0;0;0;0;1;0;0;2;0;0;0;3;3
"054015";"Corciano";100;0;0;0;2;0;0;0;2;0;0;0;2;0;0;0;2;4
"054015";"Corciano";999;5128;4762;345;245;10;0;0;10490;4573;4962;470;1103;7;0;0;11115;21605
"054016";"Costacciaro";0;2;0;0;0;;;;2;1;0;0;0;;;;1;3
"054016";"Costacciaro";1;4;0;0;0;;;;4;2;0;0;0;;;;2;6
"054016";"Costacciaro";2;2;0;0;0;;;;2;1;0;0;0;;;;1;3
"054016";"Costacciaro";3;1;0;0;0;;;;1;1;0;0;0;;;;1;2
"054016";"Costacciaro";4;2;0;0;0;;;;2;2;0;0;0;;;;2;4
"054016";"Costacciaro";5;2;0;0;0;;;;2;1;0;0;0;;;;1;3
"054016";"Costacciaro";6;1;0;0;0;;;;1;2;0;0;0;;;;2;3
"054016";"Costacciaro";7;2;0;0;0;;;;2;1;0;0;0;;;;1;3
"054016";"Costacciaro";8;6;0;0;0;;;;6;3;0;0;0;;;;3;9
"054016";"Costacciaro";9;3;0;0;0;;;;3;1;0;0;0;;;;1;4
"054016";"Costacciaro";10;4;0;0;0;;;;4;2;0;0;0;;;;2;6
"054016";"Costacciaro";11;5;0;0;0;;;;5;0;0;0;0;;;;0;5
"054016";"Costacciaro";12;6;0;0;0;;;;6;7;0;0;0;;;;7;13
"054016";"Costacciaro";13;4;0;0;0;;;;4;1;0;0;0;;;;1;5
"054016";"Costacciaro";14;2;0;0;0;;;;2;5;0;0;0;;;;5;7
"054016";"Costacciaro";15;5;0;0;0;;;;5;7;0;0;0;;;;7;12
"054016";"Costacciaro";16;6;0;0;0;;;;6;0;0;0;0;;;;0;6
"054016";"Costacciaro";17;4;0;0;0;;;;4;5;0;0;0;;;;5;9
"054016";"Costacciaro";18;5;0;0;0;;;;5;7;0;0;0;;;;7;12
"054016";"Costacciaro";19;4;0;0;0;;;;4;7;0;0;0;;;;7;11
"054016";"Costacciaro";20;1;0;0;0;;;;1;2;0;0;0;;;;2;3
"054016";"Costacciaro";21;4;0;0;0;;;;4;5;0;0;0;;;;5;9
"054016";"Costacciaro";22;6;0;0;0;;;;6;3;0;0;0;;;;3;9
"054016";"Costacciaro";23;3;0;0;0;;;;3;2;0;0;0;;;;2;5
"054016";"Costacciaro";24;4;0;0;0;;;;4;4;0;0;0;;;;4;8
"054016";"Costacciaro";25;3;0;0;0;;;;3;6;0;0;0;;;;6;9
"054016";"Costacciaro";26;4;0;0;0;;;;4;3;0;0;0;;;;3;7
"054016";"Costacciaro";27;3;0;0;0;;;;3;7;0;0;0;;;;7;10
"054016";"Costacciaro";28;3;0;0;0;;;;3;6;1;0;0;;;;7;10
"054016";"Costacciaro";29;4;1;0;0;;;;5;4;1;0;0;;;;5;10
"054016";"Costacciaro";30;1;0;0;0;;;;1;2;0;0;0;;;;2;3
"054016";"Costacciaro";31;6;1;0;0;;;;7;4;0;0;0;;;;4;11
"054016";"Costacciaro";32;4;1;0;0;;;;5;3;3;0;0;;;;6;11
"054016";"Costacciaro";33;3;3;0;0;;;;6;2;0;0;0;;;;2;8
"054016";"Costacciaro";34;2;1;0;0;;;;3;5;3;0;0;;;;8;11
"054016";"Costacciaro";35;7;2;0;0;;;;9;0;2;1;0;;;;3;12
"054016";"Costacciaro";36;4;2;0;0;;;;6;4;1;0;0;;;;5;11
"054016";"Costacciaro";37;1;2;0;0;;;;3;2;4;0;1;;;;7;10
"054016";"Costacciaro";38;4;1;1;0;;;;6;3;2;0;0;;;;5;11
"054016";"Costacciaro";39;7;4;0;0;;;;11;2;2;0;0;;;;4;15
"054016";"Costacciaro";40;2;2;0;0;;;;4;1;2;1;0;;;;4;8
"054016";"Costacciaro";41;1;2;0;0;;;;3;1;7;0;1;;;;9;12
"054016";"Costacciaro";42;5;2;1;0;;;;8;1;9;0;0;;;;10;18
"054016";"Costacciaro";43;4;3;0;0;;;;7;1;2;1;0;;;;4;11
"054016";"Costacciaro";44;5;4;1;0;;;;10;4;2;0;0;;;;6;16
"054016";"Costacciaro";45;5;2;0;0;;;;7;3;2;0;0;;;;5;12
"054016";"Costacciaro";46;0;4;0;0;;;;4;3;1;0;0;;;;4;8
"054016";"Costacciaro";47;3;3;1;0;;;;7;2;8;3;0;;;;13;20
"054016";"Costacciaro";48;7;4;1;0;;;;12;1;3;0;0;;;;4;16
"054016";"Costacciaro";49;4;3;1;0;;;;8;0;5;1;0;;;;6;14
"054016";"Costacciaro";50;1;12;1;0;;;;14;2;8;1;0;;;;11;25
"054016";"Costacciaro";51;0;3;1;0;;;;4;0;5;0;0;;;;5;9
"054016";"Costacciaro";52;4;4;0;0;;;;8;1;12;1;1;;;;15;23
"054016";"Costacciaro";53;1;4;1;0;;;;6;0;5;1;1;;;;7;13
"054016";"Costacciaro";54;4;6;1;0;;;;11;2;5;0;0;;;;7;18
"054016";"Costacciaro";55;3;11;0;0;;;;14;2;6;1;0;;;;9;23
"054016";"Costacciaro";56;2;6;0;0;;;;8;2;6;0;0;;;;8;16
"054016";"Costacciaro";57;0;9;0;0;;;;9;1;9;2;2;;;;14;23
"054016";"Costacciaro";58;5;3;0;0;;;;8;0;4;0;1;;;;5;13
"054016";"Costacciaro";59;4;4;0;0;;;;8;1;12;1;1;;;;15;23
"054016";"Costacciaro";60;1;3;0;0;;;;4;1;7;1;0;;;;9;13
"054016";"Costacciaro";61;0;7;1;0;;;;8;1;6;0;5;;;;12;20
"054016";"Costacciaro";62;1;7;1;0;;;;9;0;2;1;0;;;;3;12
"054016";"Costacciaro";63;3;7;0;0;;;;10;1;5;1;1;;;;8;18
"054016";"Costacciaro";64;1;4;0;0;;;;5;0;4;0;2;;;;6;11
"054016";"Costacciaro";65;2;9;0;0;;;;11;1;8;0;2;;;;11;22
"054016";"Costacciaro";66;0;6;0;0;;;;6;1;7;1;3;;;;12;18
"054016";"Costacciaro";67;2;6;0;0;;;;8;0;8;1;2;;;;11;19
"054016";"Costacciaro";68;0;7;1;1;;;;9;0;2;0;0;;;;2;11
"054016";"Costacciaro";69;1;4;1;2;;;;8;0;1;0;0;;;;1;9
"054016";"Costacciaro";70;0;6;0;0;;;;6;0;4;1;1;;;;6;12
"054016";"Costacciaro";71;1;6;0;0;;;;7;0;6;1;2;;;;9;16
"054016";"Costacciaro";72;2;7;0;0;;;;9;0;6;0;4;;;;10;19
"054016";"Costacciaro";73;0;4;0;1;;;;5;1;6;0;1;;;;8;13
"054016";"Costacciaro";74;1;6;0;1;;;;8;0;7;1;4;;;;12;20
"054016";"Costacciaro";75;0;4;0;0;;;;4;0;2;0;3;;;;5;9
"054016";"Costacciaro";76;0;10;0;1;;;;11;0;6;1;2;;;;9;20
"054016";"Costacciaro";77;1;2;0;0;;;;3;0;4;0;3;;;;7;10
"054016";"Costacciaro";78;0;2;0;0;;;;2;0;4;0;3;;;;7;9
"054016";"Costacciaro";79;3;5;0;2;;;;10;1;3;0;6;;;;10;20
"054016";"Costacciaro";80;2;4;0;0;;;;6;0;1;1;3;;;;5;11
"054016";"Costacciaro";81;0;3;0;1;;;;4;0;2;1;7;;;;10;14
"054016";"Costacciaro";82;1;2;0;0;;;;3;0;5;0;5;;;;10;13
"054016";"Costacciaro";83;1;6;0;1;;;;8;0;2;0;6;;;;8;16
"054016";"Costacciaro";84;2;1;0;2;;;;5;1;0;0;1;;;;2;7
"054016";"Costacciaro";85;1;2;0;1;;;;4;0;1;0;4;;;;5;9
"054016";"Costacciaro";86;0;2;0;1;;;;3;0;2;0;5;;;;7;10
"054016";"Costacciaro";87;0;2;0;0;;;;2;0;1;0;7;;;;8;10
"054016";"Costacciaro";88;0;2;0;0;;;;2;0;1;0;2;;;;3;5
"054016";"Costacciaro";89;0;5;0;0;;;;5;1;0;0;4;;;;5;10
"054016";"Costacciaro";90;0;0;0;0;;;;0;0;0;0;1;;;;1;1
"054016";"Costacciaro";91;0;0;0;0;;;;0;0;0;0;3;;;;3;3
"054016";"Costacciaro";92;0;0;0;0;;;;0;0;1;0;1;;;;2;2
"054016";"Costacciaro";93;0;2;0;0;;;;2;0;0;0;1;;;;1;3
"054016";"Costacciaro";94;0;1;0;2;;;;3;0;0;0;2;;;;2;5
"054016";"Costacciaro";95;0;0;0;0;;;;0;0;0;0;2;;;;2;2
"054016";"Costacciaro";96;0;0;0;1;;;;1;0;0;0;0;;;;0;1
"054016";"Costacciaro";97;0;0;0;0;;;;0;0;0;0;2;;;;2;2
"054016";"Costacciaro";98;0;0;0;0;;;;0;0;0;0;0;;;;0;0
"054016";"Costacciaro";99;0;0;0;0;;;;0;0;0;0;0;;;;0;0
"054016";"Costacciaro";100;0;0;0;0;;;;0;0;0;0;2;;;;2;2
"054016";"Costacciaro";999;230;253;14;17;;;;514;162;246;25;110;;;;543;1057
"054017";"Deruta";0;35;0;0;0;;;;35;25;0;0;0;;;;25;60
"054017";"Deruta";1;46;0;0;0;;;;46;29;0;0;0;;;;29;75
"054017";"Deruta";2;30;0;0;0;;;;30;23;0;0;0;;;;23;53
"054017";"Deruta";3;24;0;0;0;;;;24;41;0;0;0;;;;41;65
"054017";"Deruta";4;39;0;0;0;;;;39;33;0;0;0;;;;33;72
"054017";"Deruta";5;47;0;0;0;;;;47;45;0;0;0;;;;45;92
"054017";"Deruta";6;47;0;0;0;;;;47;40;0;0;0;;;;40;87
"054017";"Deruta";7;43;0;0;0;;;;43;25;0;0;0;;;;25;68
"054017";"Deruta";8;38;0;0;0;;;;38;34;0;0;0;;;;34;72
"054017";"Deruta";9;53;0;0;0;;;;53;45;0;0;0;;;;45;98
"054017";"Deruta";10;40;0;0;0;;;;40;64;0;0;0;;;;64;104
"054017";"Deruta";11;56;0;0;0;;;;56;48;0;0;0;;;;48;104
"054017";"Deruta";12;44;0;0;0;;;;44;38;0;0;0;;;;38;82
"054017";"Deruta";13;48;0;0;0;;;;48;43;0;0;0;;;;43;91
"054017";"Deruta";14;45;0;0;0;;;;45;47;0;0;0;;;;47;92
"054017";"Deruta";15;41;0;0;0;;;;41;53;0;0;0;;;;53;94
"054017";"Deruta";16;59;0;0;0;;;;59;62;0;0;0;;;;62;121
"054017";"Deruta";17;53;0;0;0;;;;53;43;0;0;0;;;;43;96
"054017";"Deruta";18;45;0;0;0;;;;45;40;0;0;0;;;;40;85
"054017";"Deruta";19;59;0;0;0;;;;59;46;0;0;0;;;;46;105
"054017";"Deruta";20;47;0;0;0;;;;47;37;0;0;0;;;;37;84
"054017";"Deruta";21;46;0;0;0;;;;46;51;0;0;0;;;;51;97
"054017";"Deruta";22;50;0;0;0;;;;50;38;0;0;0;;;;38;88
"054017";"Deruta";23;41;0;0;0;;;;41;33;1;0;0;;;;34;75
"054017";"Deruta";24;54;0;0;0;;;;54;37;4;1;0;;;;42;96
"054017";"Deruta";25;52;0;0;0;;;;52;43;3;0;0;;;;46;98
"054017";"Deruta";26;42;0;0;0;;;;42;27;5;0;0;;;;32;74
"054017";"Deruta";27;30;2;0;0;;;;32;38;8;0;0;;;;46;78
"054017";"Deruta";28;39;2;0;0;;;;41;30;6;0;0;;;;36;77
"054017";"Deruta";29;41;3;0;0;;;;44;25;6;0;0;;;;31;75
"054017";"Deruta";30;31;5;0;0;;;;36;26;14;0;0;;;;40;76
"054017";"Deruta";31;33;5;0;0;;;;38;23;18;0;0;;;;41;79
"054017";"Deruta";32;40;7;1;0;;;;48;18;19;0;0;;;;37;85
"054017";"Deruta";33;42;11;0;0;;;;53;24;17;0;2;;;;43;96
"054017";"Deruta";34;24;18;0;0;;;;42;28;24;1;0;;;;53;95
"054017";"Deruta";35;34;16;1;0;;;;51;28;25;0;1;;;;54;105
"054017";"Deruta";36;29;19;3;0;;;;51;21;33;0;1;;;;55;106
"054017";"Deruta";37;23;25;1;0;;;;49;20;26;2;0;;;;48;97
"054017";"Deruta";38;38;24;0;0;;;;62;26;33;1;0;;;;60;122
"054017";"Deruta";39;34;31;0;0;;;;65;23;43;5;0;;;;71;136
"054017";"Deruta";40;34;32;0;1;;;;67;28;30;3;1;;;;62;129
"054017";"Deruta";41;25;41;2;0;;;;68;19;55;1;2;;;;77;145
"054017";"Deruta";42;25;33;1;1;;;;60;18;32;4;1;;;;55;115
"054017";"Deruta";43;23;38;2;0;;;;63;12;40;3;0;;;;55;118
"054017";"Deruta";44;22;36;4;0;;;;62;19;39;2;0;;;;60;122
"054017";"Deruta";45;14;51;1;0;;;;66;17;54;6;0;;;;77;143
"054017";"Deruta";46;16;48;8;0;;;;72;14;48;6;0;;;;68;140
"054017";"Deruta";47;31;57;6;1;;;;95;15;63;2;0;;;;80;175
"054017";"Deruta";48;20;48;1;0;;;;69;20;72;6;0;;;;98;167
"054017";"Deruta";49;23;58;0;0;;;;81;22;53;1;1;;;;77;158
"054017";"Deruta";50;13;50;7;0;;;;70;15;58;4;2;;;;79;149
"054017";"Deruta";51;20;55;4;0;;;;79;13;62;8;0;;;;83;162
"054017";"Deruta";52;21;51;0;0;;;;72;10;62;6;2;;;;80;152
"054017";"Deruta";53;12;45;4;0;;;;61;14;49;12;0;;;;75;136
"054017";"Deruta";54;18;50;7;1;;;;76;14;55;11;3;;;;83;159
"054017";"Deruta";55;11;70;3;1;;;;85;10;55;7;3;;;;75;160
"054017";"Deruta";56;15;57;4;1;;;;77;11;60;6;6;;;;83;160
"054017";"Deruta";57;18;60;6;1;;;;85;6;54;7;4;;;;71;156
"054017";"Deruta";58;16;45;7;1;;;;69;9;46;8;3;;;;66;135
"054017";"Deruta";59;12;56;5;1;;;;74;6;61;6;5;;;;78;152
"054017";"Deruta";60;7;49;5;0;;;;61;7;48;8;2;;;;65;126
"054017";"Deruta";61;9;46;2;1;;;;58;6;47;4;2;;;;59;117
"054017";"Deruta";62;3;43;5;2;;;;53;4;46;7;7;;;;64;117
"054017";"Deruta";63;13;49;7;2;;;;71;7;48;7;6;;;;68;139
"054017";"Deruta";64;13;41;4;2;;;;60;9;46;3;7;;;;65;125
"054017";"Deruta";65;2;48;4;0;;;;54;2;54;2;6;;;;64;118
"054017";"Deruta";66;13;39;3;1;;;;56;4;59;5;4;;;;72;128
"054017";"Deruta";67;8;31;1;2;;;;42;1;53;5;8;;;;67;109
"054017";"Deruta";68;7;41;1;1;;;;50;4;42;2;8;;;;56;106
"054017";"Deruta";69;7;51;4;3;;;;65;5;47;9;8;;;;69;134
"054017";"Deruta";70;8;51;1;2;;;;62;1;32;3;10;;;;46;108
"054017";"Deruta";71;3;48;3;0;;;;54;2;33;3;9;;;;47;101
"054017";"Deruta";72;2;54;3;4;;;;63;2;47;1;11;;;;61;124
"054017";"Deruta";73;0;49;2;2;;;;53;2;39;1;21;;;;63;116
"054017";"Deruta";74;4;43;0;3;;;;50;3;35;2;18;;;;58;108
"054017";"Deruta";75;3;35;0;3;;;;41;1;29;2;13;;;;45;86
"054017";"Deruta";76;4;38;1;4;;;;47;3;39;2;15;;;;59;106
"054017";"Deruta";77;3;21;1;1;;;;26;2;24;1;16;;;;43;69
"054017";"Deruta";78;2;41;1;8;;;;52;1;15;2;25;;;;43;95
"054017";"Deruta";79;3;34;1;4;;;;42;2;19;1;20;;;;42;84
"054017";"Deruta";80;2;27;0;5;;;;34;1;22;0;17;;;;40;74
"054017";"Deruta";81;5;24;1;3;;;;33;1;21;0;12;;;;34;67
"054017";"Deruta";82;2;27;0;4;;;;33;2;18;0;20;;;;40;73
"054017";"Deruta";83;0;25;2;5;;;;32;1;15;1;19;;;;36;68
"054017";"Deruta";84;3;26;1;5;;;;35;2;14;0;24;;;;40;75
"054017";"Deruta";85;0;25;0;3;;;;28;0;10;1;30;;;;41;69
"054017";"Deruta";86;0;12;0;6;;;;18;1;2;0;20;;;;23;41
"054017";"Deruta";87;2;16;0;4;;;;22;1;5;1;21;;;;28;50
"054017";"Deruta";88;1;10;1;4;;;;16;1;2;0;34;;;;37;53
"054017";"Deruta";89;0;4;0;5;;;;9;1;1;0;18;;;;20;29
"054017";"Deruta";90;0;2;0;4;;;;6;1;1;0;17;;;;19;25
"054017";"Deruta";91;1;5;0;4;;;;10;0;3;0;16;;;;19;29
"054017";"Deruta";92;0;3;0;4;;;;7;1;2;0;19;;;;22;29
"054017";"Deruta";93;0;1;0;5;;;;6;0;0;0;18;;;;18;24
"054017";"Deruta";94;0;2;0;1;;;;3;0;3;0;11;;;;14;17
"054017";"Deruta";95;0;3;0;2;;;;5;0;1;0;13;;;;14;19
"054017";"Deruta";96;0;2;0;1;;;;3;0;0;0;9;;;;9;12
"054017";"Deruta";97;0;0;0;1;;;;1;0;0;0;3;;;;3;4
"054017";"Deruta";98;0;0;0;1;;;;1;0;0;0;4;;;;4;5
"054017";"Deruta";99;0;0;0;0;;;;0;0;0;0;1;;;;1;1
"054017";"Deruta";100;0;0;0;0;;;;0;0;0;0;2;;;;2;2
"054017";"Deruta";999;2181;2215;132;121;;;;4649;1793;2255;192;581;;;;4821;9470
"054018";"Foligno";0;183;0;0;0;0;0;0;183;165;0;0;0;0;0;0;165;348
"054018";"Foligno";1;166;0;0;0;0;0;0;166;189;0;0;0;0;0;0;189;355
"054018";"Foligno";2;205;0;0;0;0;0;0;205;170;0;0;0;0;0;0;170;375
"054018";"Foligno";3;195;0;0;0;0;0;0;195;188;0;0;0;0;0;0;188;383
"054018";"Foligno";4;207;0;0;0;0;0;0;207;187;0;0;0;0;0;0;187;394
"054018";"Foligno";5;208;0;0;0;0;0;0;208;195;0;0;0;0;0;0;195;403
"054018";"Foligno";6;218;0;0;0;0;0;0;218;223;0;0;0;0;0;0;223;441
"054018";"Foligno";7;224;0;0;0;0;0;0;224;237;0;0;0;0;0;0;237;461
"054018";"Foligno";8;231;0;0;0;0;0;0;231;234;0;0;0;0;0;0;234;465
"054018";"Foligno";9;282;0;0;0;0;0;0;282;236;0;0;0;0;0;0;236;518
"054018";"Foligno";10;285;0;0;0;0;0;0;285;262;0;0;0;0;0;0;262;547
"054018";"Foligno";11;255;0;0;0;0;0;0;255;245;0;0;0;0;0;0;245;500
"054018";"Foligno";12;273;0;0;0;0;0;0;273;262;0;0;0;0;0;0;262;535
"054018";"Foligno";13;295;0;0;0;0;0;0;295;276;0;0;0;0;0;0;276;571
"054018";"Foligno";14;283;0;0;0;0;0;0;283;289;0;0;0;0;0;0;289;572
"054018";"Foligno";15;267;0;0;0;0;0;0;267;247;0;0;0;0;0;0;247;514
"054018";"Foligno";16;273;0;0;0;0;0;0;273;245;0;0;0;0;0;0;245;518
"054018";"Foligno";17;278;0;0;0;0;0;0;278;253;0;0;0;0;0;0;253;531
"054018";"Foligno";18;247;0;0;0;0;0;0;247;248;0;0;0;0;0;0;248;495
"054018";"Foligno";19;266;0;0;0;0;0;0;266;224;3;0;0;0;0;0;227;493
"054018";"Foligno";20;248;0;0;0;0;0;0;248;245;1;0;0;0;0;0;246;494
"054018";"Foligno";21;265;0;0;0;0;0;0;265;228;5;0;0;0;0;0;233;498
"054018";"Foligno";22;238;0;0;0;0;0;0;238;241;7;0;0;0;0;0;248;486
"054018";"Foligno";23;250;3;0;0;0;0;0;253;228;13;0;0;0;0;0;241;494
"054018";"Foligno";24;267;6;0;0;0;0;0;273;211;15;0;0;0;0;0;226;499
"054018";"Foligno";25;257;8;0;0;0;0;0;265;220;26;0;0;0;0;0;246;511
"054018";"Foligno";26;261;10;0;0;0;0;0;271;211;29;2;0;0;0;0;242;513
"054018";"Foligno";27;270;12;0;0;0;0;0;282;219;40;1;0;0;0;0;260;542
"054018";"Foligno";28;244;15;0;0;0;0;0;259;196;47;0;0;0;0;0;243;502
"054018";"Foligno";29;243;27;2;0;0;0;0;272;201;64;1;0;0;0;0;266;538
"054018";"Foligno";30;238;33;0;0;0;0;0;271;208;77;2;0;0;0;0;287;558
"054018";"Foligno";31;216;50;1;0;0;0;0;267;187;100;4;0;0;0;0;291;558
"054018";"Foligno";32;219;50;1;0;0;0;0;270;194;100;3;1;0;0;1;299;569
"054018";"Foligno";33;223;93;0;0;0;0;0;316;155;110;6;0;0;0;0;271;587
"054018";"Foligno";34;226;80;0;0;0;0;0;306;184;115;5;0;0;0;0;304;610
"054018";"Foligno";35;172;75;2;0;0;0;0;249;128;143;8;2;0;0;0;281;530
"054018";"Foligno";36;196;88;1;0;0;0;0;285;154;152;12;1;0;0;0;319;604
"054018";"Foligno";37;190;123;8;0;0;0;0;321;160;181;8;1;0;0;0;350;671
"054018";"Foligno";38;181;149;3;0;0;0;0;333;144;196;6;3;1;0;0;350;683
"054018";"Foligno";39;175;158;0;0;0;0;0;333;135;204;13;0;0;0;0;352;685
"054018";"Foligno";40;174;180;5;0;0;0;0;359;159;178;15;1;0;0;0;353;712
"054018";"Foligno";41;177;148;10;2;0;0;0;337;137;248;11;1;1;0;0;398;735
"054018";"Foligno";42;149;218;5;0;0;0;0;372;114;226;14;5;0;0;0;359;731
"054018";"Foligno";43;149;213;11;0;0;0;0;373;116;210;17;5;0;0;0;348;721
"054018";"Foligno";44;149;203;16;0;0;0;0;368;118;264;19;5;1;0;0;407;775
"054018";"Foligno";45;153;226;6;1;1;0;0;387;118;234;27;9;0;0;0;388;775
"054018";"Foligno";46;158;241;11;1;0;0;0;411;125;269;21;7;1;0;0;423;834
"054018";"Foligno";47;159;261;10;1;0;0;0;431;125;301;40;5;0;0;0;471;902
"054018";"Foligno";48;136;270;17;1;0;0;0;424;122;315;26;5;0;0;0;468;892
"054018";"Foligno";49;131;267;17;2;0;0;0;417;117;315;34;6;0;0;0;472;889
"054018";"Foligno";50;126;300;21;2;0;0;0;449;102;305;28;8;0;0;0;443;892
"054018";"Foligno";51;111;273;26;1;1;0;0;412;97;289;36;7;0;0;0;429;841
"054018";"Foligno";52;98;273;29;1;0;0;0;401;79;266;38;13;0;0;0;396;797
"054018";"Foligno";53;84;269;21;4;0;0;0;378;90;323;35;6;0;0;0;454;832
"054018";"Foligno";54;85;280;25;2;0;0;0;392;86;292;40;14;0;0;0;432;824
"054018";"Foligno";55;86;289;23;3;0;0;0;401;90;326;41;12;0;0;0;469;870
"054018";"Foligno";56;71;259;28;5;1;0;0;364;65;328;40;13;0;0;0;446;810
"054018";"Foligno";57;87;317;32;4;0;0;0;440;74;300;47;18;0;0;0;439;879
"054018";"Foligno";58;74;328;45;3;0;0;0;450;72;318;47;24;0;0;0;461;911
"054018";"Foligno";59;66;318;29;8;0;0;0;421;70;304;36;24;0;0;0;434;855
"054018";"Foligno";60;62;280;31;5;0;0;0;378;55;308;42;18;0;0;0;423;801
"054018";"Foligno";61;56;270;28;4;0;0;0;358;66;294;41;28;0;0;0;429;787
"054018";"Foligno";62;46;278;25;6;0;0;0;355;62;307;40;19;0;0;0;428;783
"054018";"Foligno";63;40;284;22;6;0;0;0;352;47;257;38;37;0;0;0;379;731
"054018";"Foligno";64;43;281;25;10;0;0;0;359;43;283;25;40;0;0;0;391;750
"054018";"Foligno";65;40;264;18;8;0;0;0;330;41;265;26;39;0;0;0;371;701
"054018";"Foligno";66;32;283;17;8;0;0;0;340;55;261;24;45;0;0;0;385;725
"054018";"Foligno";67;33;289;26;12;0;0;0;360;29;260;19;49;0;0;0;357;717
"054018";"Foligno";68;21;268;24;11;0;0;0;324;33;213;28;48;0;0;0;322;646
"054018";"Foligno";69;33;237;14;8;0;0;0;292;33;244;24;49;0;0;0;350;642
"054018";"Foligno";70;30;246;16;13;0;0;0;305;39;180;19;64;0;0;0;302;607
"054018";"Foligno";71;18;262;10;15;0;0;0;305;28;253;19;78;0;0;0;378;683
"054018";"Foligno";72;26;242;10;14;1;0;0;293;24;230;18;70;0;0;0;342;635
"054018";"Foligno";73;15;253;14;19;0;0;0;301;31;240;27;81;0;0;0;379;680
"054018";"Foligno";74;20;304;13;19;0;0;0;356;26;234;17;89;0;0;0;366;722
"054018";"Foligno";75;24;237;9;19;0;0;0;289;28;220;14;99;0;0;0;361;650
"054018";"Foligno";76;25;245;8;27;0;0;0;305;24;214;14;115;0;0;0;367;672
"054018";"Foligno";77;16;167;9;17;0;0;0;209;12;158;11;99;0;0;0;280;489
"054018";"Foligno";78;13;180;7;25;0;0;0;225;20;148;6;129;0;0;0;303;528
"054018";"Foligno";79;8;176;3;31;0;0;0;218;14;142;7;116;0;0;0;279;497
"054018";"Foligno";80;13;167;3;26;0;0;0;209;9;128;9;119;0;0;0;265;474
"054018";"Foligno";81;13;182;6;28;0;0;0;229;14;110;9;120;0;0;0;253;482
"054018";"Foligno";82;15;166;1;33;0;0;0;215;15;88;13;153;0;0;0;269;484
"054018";"Foligno";83;18;122;2;23;0;0;0;165;17;100;4;150;0;0;0;271;436
"054018";"Foligno";84;10;154;4;37;0;0;0;205;6;84;5;163;0;0;0;258;463
"054018";"Foligno";85;6;111;2;30;0;0;0;149;11;60;5;148;0;0;0;224;373
"054018";"Foligno";86;7;80;1;29;0;0;0;117;14;48;3;156;0;0;0;221;338
"054018";"Foligno";87;6;72;0;18;0;0;0;96;13;37;2;141;0;0;0;193;289
"054018";"Foligno";88;5;58;0;24;0;0;0;87;12;30;2;123;0;0;0;167;254
"054018";"Foligno";89;7;60;0;27;0;0;0;94;4;19;2;138;0;0;0;163;257
"054018";"Foligno";90;4;39;0;22;0;0;0;65;5;14;4;109;0;0;0;132;197
"054018";"Foligno";91;1;35;0;15;0;0;0;51;9;6;2;113;0;0;0;130;181
"054018";"Foligno";92;0;30;0;14;0;0;0;44;1;8;0;113;0;0;0;122;166
"054018";"Foligno";93;2;14;0;19;0;0;0;35;6;3;2;91;0;0;0;102;137
"054018";"Foligno";94;4;10;0;6;0;0;0;20;3;3;0;66;0;0;0;72;92
"054018";"Foligno";95;1;3;0;12;0;0;0;16;5;1;1;67;0;0;0;74;90
"054018";"Foligno";96;0;3;0;13;0;0;0;16;1;0;1;37;0;0;0;39;55
"054018";"Foligno";97;1;1;0;6;0;0;0;8;3;0;0;36;0;0;0;39;47
"054018";"Foligno";98;0;2;0;8;0;0;0;10;1;0;0;23;0;0;0;24;34
"054018";"Foligno";99;0;2;0;1;0;0;0;3;1;0;0;17;0;0;0;18;21
"054018";"Foligno";100;0;0;0;1;0;0;0;1;1;0;1;23;0;0;0;25;26
"054018";"Foligno";999;12557;12470;753;710;4;0;0;26494;11361;12689;1207;3614;4;0;1;28876;55370
"054019";"Fossato di Vico";0;9;0;0;0;;;;9;3;0;0;0;;;;3;12
"054019";"Fossato di Vico";1;9;0;0;0;;;;9;3;0;0;0;;;;3;12
"054019";"Fossato di Vico";2;6;0;0;0;;;;6;10;0;0;0;;;;10;16
"054019";"Fossato di Vico";3;9;0;0;0;;;;9;10;0;0;0;;;;10;19
"054019";"Fossato di Vico";4;11;0;0;0;;;;11;12;0;0;0;;;;12;23
"054019";"Fossato di Vico";5;9;0;0;0;;;;9;7;0;0;0;;;;7;16
"054019";"Fossato di Vico";6;9;0;0;0;;;;9;9;0;0;0;;;;9;18
"054019";"Fossato di Vico";7;10;0;0;0;;;;10;13;0;0;0;;;;13;23
"054019";"Fossato di Vico";8;16;0;0;0;;;;16;10;0;0;0;;;;10;26
"054019";"Fossato di Vico";9;12;0;0;0;;;;12;10;0;0;0;;;;10;22
"054019";"Fossato di Vico";10;13;0;0;0;;;;13;16;0;0;0;;;;16;29
"054019";"Fossato di Vico";11;18;0;0;0;;;;18;10;0;0;0;;;;10;28
"054019";"Fossato di Vico";12;19;0;0;0;;;;19;11;0;0;0;;;;11;30
"054019";"Fossato di Vico";13;18;0;0;0;;;;18;16;0;0;0;;;;16;34
"054019";"Fossato di Vico";14;13;0;0;0;;;;13;8;0;0;0;;;;8;21
"054019";"Fossato di Vico";15;24;0;0;0;;;;24;11;0;0;0;;;;11;35
"054019";"Fossato di Vico";16;10;0;0;0;;;;10;18;0;0;0;;;;18;28
"054019";"Fossato di Vico";17;12;0;0;0;;;;12;15;0;0;0;;;;15;27
"054019";"Fossato di Vico";18;14;0;0;0;;;;14;14;0;0;0;;;;14;28
"054019";"Fossato di Vico";19;9;0;0;0;;;;9;8;0;0;0;;;;8;17
"054019";"Fossato di Vico";20;20;0;0;0;;;;20;6;0;0;0;;;;6;26
"054019";"Fossato di Vico";21;16;0;0;0;;;;16;4;1;0;0;;;;5;21
"054019";"Fossato di Vico";22;14;0;0;0;;;;14;13;0;0;0;;;;13;27
"054019";"Fossato di Vico";23;10;0;0;0;;;;10;7;1;0;0;;;;8;18
"054019";"Fossato di Vico";24;13;0;0;0;;;;13;15;1;0;0;;;;16;29
"054019";"Fossato di Vico";25;11;0;0;0;;;;11;6;1;0;0;;;;7;18
"054019";"Fossato di Vico";26;7;0;0;0;;;;7;7;1;0;0;;;;8;15
"054019";"Fossato di Vico";27;22;1;0;0;;;;23;5;2;0;0;;;;7;30
"054019";"Fossato di Vico";28;8;2;0;0;;;;10;11;2;0;0;;;;13;23
"054019";"Fossato di Vico";29;11;1;0;0;;;;12;5;4;0;0;;;;9;21
"054019";"Fossato di Vico";30;6;1;0;0;;;;7;10;4;0;0;;;;14;21
"054019";"Fossato di Vico";31;7;4;1;0;;;;12;12;5;1;0;;;;18;30
"054019";"Fossato di Vico";32;8;2;0;0;;;;10;7;9;0;0;;;;16;26
"054019";"Fossato di Vico";33;11;3;0;0;;;;14;6;3;0;0;;;;9;23
"054019";"Fossato di Vico";34;9;5;1;0;;;;15;3;3;1;0;;;;7;22
"054019";"Fossato di Vico";35;3;4;1;0;;;;8;4;7;0;0;;;;11;19
"054019";"Fossato di Vico";36;4;7;0;0;;;;11;8;3;3;0;;;;14;25
"054019";"Fossato di Vico";37;11;3;2;0;;;;16;7;9;0;1;;;;17;33
"054019";"Fossato di Vico";38;12;9;0;0;;;;21;5;6;1;0;;;;12;33
"054019";"Fossato di Vico";39;8;10;1;0;;;;19;7;16;0;0;;;;23;42
"054019";"Fossato di Vico";40;6;11;0;0;;;;17;7;15;1;0;;;;23;40
"054019";"Fossato di Vico";41;2;6;3;0;;;;11;5;12;2;0;;;;19;30
"054019";"Fossato di Vico";42;5;6;1;0;;;;12;5;9;1;0;;;;15;27
"054019";"Fossato di Vico";43;1;13;2;0;;;;16;7;11;0;0;;;;18;34
"054019";"Fossato di Vico";44;8;14;1;0;;;;23;7;10;3;0;;;;20;43
"054019";"Fossato di Vico";45;14;14;3;0;;;;31;7;12;3;1;;;;23;54
"054019";"Fossato di Vico";46;12;12;0;0;;;;24;6;17;0;0;;;;23;47
"054019";"Fossato di Vico";47;10;17;2;1;;;;30;5;16;2;1;;;;24;54
"054019";"Fossato di Vico";48;6;7;2;0;;;;15;3;13;2;0;;;;18;33
"054019";"Fossato di Vico";49;7;12;1;1;;;;21;4;11;4;1;;;;20;41
"054019";"Fossato di Vico";50;5;13;3;0;;;;21;0;18;0;2;;;;20;41
"054019";"Fossato di Vico";51;4;12;2;0;;;;18;3;9;1;2;;;;15;33
"054019";"Fossato di Vico";52;4;17;1;0;;;;22;3;17;3;1;;;;24;46
"054019";"Fossato di Vico";53;4;15;4;0;;;;23;3;22;1;0;;;;26;49
"054019";"Fossato di Vico";54;4;8;2;0;;;;14;2;13;4;1;;;;20;34
"054019";"Fossato di Vico";55;4;19;2;0;;;;25;2;15;2;0;;;;19;44
"054019";"Fossato di Vico";56;3;21;0;0;;;;24;0;13;1;1;;;;15;39
"054019";"Fossato di Vico";57;6;10;2;1;;;;19;1;10;2;1;;;;14;33
"054019";"Fossato di Vico";58;7;17;2;0;;;;26;2;23;2;1;;;;28;54
"054019";"Fossato di Vico";59;2;8;3;0;;;;13;7;16;1;0;;;;24;37
"054019";"Fossato di Vico";60;2;14;1;0;;;;17;0;6;1;1;;;;8;25
"054019";"Fossato di Vico";61;3;15;2;0;;;;20;1;14;0;3;;;;18;38
"054019";"Fossato di Vico";62;2;4;2;0;;;;8;0;10;1;1;;;;12;20
"054019";"Fossato di Vico";63;1;19;0;1;;;;21;0;12;1;5;;;;18;39
"054019";"Fossato di Vico";64;3;11;1;1;;;;16;1;19;2;4;;;;26;42
"054019";"Fossato di Vico";65;2;10;0;0;;;;12;2;13;1;4;;;;20;32
"054019";"Fossato di Vico";66;2;8;0;2;;;;12;0;11;0;2;;;;13;25
"054019";"Fossato di Vico";67;3;9;1;0;;;;13;0;16;2;2;;;;20;33
"054019";"Fossato di Vico";68;4;12;1;1;;;;18;0;14;1;1;;;;16;34
"054019";"Fossato di Vico";69;1;10;2;1;;;;14;2;8;0;2;;;;12;26
"054019";"Fossato di Vico";70;1;12;1;0;;;;14;2;12;0;6;;;;20;34
"054019";"Fossato di Vico";71;1;20;1;2;;;;24;0;10;0;4;;;;14;38
"054019";"Fossato di Vico";72;1;14;0;1;;;;16;1;10;1;1;;;;13;29
"054019";"Fossato di Vico";73;0;21;0;2;;;;23;1;14;1;4;;;;20;43
"054019";"Fossato di Vico";74;2;16;0;0;;;;18;0;11;0;7;;;;18;36
"054019";"Fossato di Vico";75;5;11;0;1;;;;17;1;11;0;5;;;;17;34
"054019";"Fossato di Vico";76;2;8;0;1;;;;11;0;2;0;12;;;;14;25
"054019";"Fossato di Vico";77;1;11;0;1;;;;13;1;7;0;6;;;;14;27
"054019";"Fossato di Vico";78;1;4;0;1;;;;6;0;8;0;7;;;;15;21
"054019";"Fossato di Vico";79;0;7;0;0;;;;7;0;13;0;11;;;;24;31
"054019";"Fossato di Vico";80;3;8;0;0;;;;11;0;6;0;6;;;;12;23
"054019";"Fossato di Vico";81;0;7;0;1;;;;8;0;5;1;8;;;;14;22
"054019";"Fossato di Vico";82;0;9;0;2;;;;11;1;2;0;13;;;;16;27
"054019";"Fossato di Vico";83;1;7;0;2;;;;10;0;6;0;8;;;;14;24
"054019";"Fossato di Vico";84;1;8;1;0;;;;10;1;2;0;8;;;;11;21
"054019";"Fossato di Vico";85;0;6;1;0;;;;7;0;0;1;6;;;;7;14
"054019";"Fossato di Vico";86;0;4;0;1;;;;5;0;2;0;5;;;;7;12
"054019";"Fossato di Vico";87;0;1;0;1;;;;2;2;3;0;12;;;;17;19
"054019";"Fossato di Vico";88;1;5;1;2;;;;9;0;0;0;7;;;;7;16
"054019";"Fossato di Vico";89;0;2;0;0;;;;2;2;1;0;2;;;;5;7
"054019";"Fossato di Vico";90;0;0;0;3;;;;3;1;0;0;9;;;;10;13
"054019";"Fossato di Vico";91;0;5;0;1;;;;6;0;0;0;6;;;;6;12
"054019";"Fossato di Vico";92;0;1;0;1;;;;2;1;0;0;4;;;;5;7
"054019";"Fossato di Vico";93;0;2;0;0;;;;2;1;0;0;2;;;;3;5
"054019";"Fossato di Vico";94;0;0;0;0;;;;0;0;0;0;3;;;;3;3
"054019";"Fossato di Vico";95;0;0;0;0;;;;0;0;0;0;1;;;;1;1
"054019";"Fossato di Vico";96;0;0;0;0;;;;0;1;0;0;0;;;;1;1
"054019";"Fossato di Vico";97;0;0;0;0;;;;0;0;0;0;0;;;;0;0
"054019";"Fossato di Vico";98;0;0;0;0;;;;0;0;0;0;2;;;;2;2
"054019";"Fossato di Vico";99;0;0;0;0;;;;0;0;0;0;1;;;;1;1
"054019";"Fossato di Vico";100;0;0;0;0;;;;0;0;0;0;0;;;;0;0
"054019";"Fossato di Vico";999;618;605;57;32;;;;1312;463;608;54;204;;;;1329;2641
"054020";"Fratta Todina";0;5;0;0;0;;;;5;4;0;0;0;;;;4;9
"054020";"Fratta Todina";1;5;0;0;0;;;;5;10;0;0;0;;;;10;15
"054020";"Fratta Todina";2;5;0;0;0;;;;5;5;0;0;0;;;;5;10
"054020";"Fratta Todina";3;4;0;0;0;;;;4;7;0;0;0;;;;7;11
"054020";"Fratta Todina";4;6;0;0;0;;;;6;3;0;0;0;;;;3;9
"054020";"Fratta Todina";5;7;0;0;0;;;;7;10;0;0;0;;;;10;17
"054020";"Fratta Todina";6;6;0;0;0;;;;6;7;0;0;0;;;;7;13
"054020";"Fratta Todina";7;5;0;0;0;;;;5;4;0;0;0;;;;4;9
"054020";"Fratta Todina";8;7;0;0;0;;;;7;6;0;0;0;;;;6;13
"054020";"Fratta Todina";9;6;0;0;0;;;;6;5;0;0;0;;;;5;11
"054020";"Fratta Todina";10;2;0;0;0;;;;2;6;0;0;0;;;;6;8
"054020";"Fratta Todina";11;8;0;0;0;;;;8;10;0;0;0;;;;10;18
"054020";"Fratta Todina";12;8;0;0;0;;;;8;8;0;0;0;;;;8;16
"054020";"Fratta Todina";13;10;0;0;0;;;;10;9;0;0;0;;;;9;19
"054020";"Fratta Todina";14;6;0;0;0;;;;6;9;0;0;0;;;;9;15
"054020";"Fratta Todina";15;15;0;0;0;;;;15;4;0;0;0;;;;4;19
"054020";"Fratta Todina";16;13;0;0;0;;;;13;8;0;0;0;;;;8;21
"054020";"Fratta Todina";17;9;0;0;0;;;;9;5;0;0;0;;;;5;14
"054020";"Fratta Todina";18;8;0;0;0;;;;8;7;0;0;0;;;;7;15
"054020";"Fratta Todina";19;10;0;1;0;;;;11;12;0;0;0;;;;12;23
"054020";"Fratta Todina";20;9;0;0;0;;;;9;2;0;0;0;;;;2;11
"054020";"Fratta Todina";21;9;0;0;0;;;;9;10;0;0;0;;;;10;19
"054020";"Fratta Todina";22;14;0;0;0;;;;14;11;0;0;0;;;;11;25
"054020";"Fratta Todina";23;25;0;0;0;;;;25;9;1;0;0;;;;10;35
"054020";"Fratta Todina";24;15;0;0;0;;;;15;5;1;0;0;;;;6;21
"054020";"Fratta Todina";25;16;0;0;0;;;;16;8;1;0;0;;;;9;25
"054020";"Fratta Todina";26;18;0;0;0;;;;18;9;0;0;0;;;;9;27
"054020";"Fratta Todina";27;12;0;1;0;;;;13;12;1;0;0;;;;13;26
"054020";"Fratta Todina";28;8;0;0;0;;;;8;11;0;0;0;;;;11;19
"054020";"Fratta Todina";29;14;1;1;0;;;;16;9;0;0;0;;;;9;25
"054020";"Fratta Todina";30;11;3;1;0;;;;15;10;4;0;0;;;;14;29
"054020";"Fratta Todina";31;11;0;0;0;;;;11;2;3;0;0;;;;5;16
"054020";"Fratta Todina";32;9;1;2;0;;;;12;1;5;0;0;;;;6;18
"054020";"Fratta Todina";33;3;6;0;0;;;;9;1;8;0;0;;;;9;18
"054020";"Fratta Todina";34;12;3;1;0;;;;16;4;7;0;0;;;;11;27
"054020";"Fratta Todina";35;9;4;1;0;;;;14;5;6;2;0;;;;13;27
"054020";"Fratta Todina";36;4;3;1;0;;;;8;3;3;0;0;;;;6;14
"054020";"Fratta Todina";37;5;2;0;0;;;;7;6;7;1;0;;;;14;21
"054020";"Fratta Todina";38;2;4;0;0;;;;6;5;7;0;0;;;;12;18
"054020";"Fratta Todina";39;9;9;0;0;;;;18;8;8;1;0;;;;17;35
"054020";"Fratta Todina";40;4;6;0;0;;;;10;0;5;0;0;;;;5;15
"054020";"Fratta Todina";41;5;4;2;0;;;;11;2;7;2;0;;;;11;22
"054020";"Fratta Todina";42;7;5;0;0;;;;12;3;4;0;0;;;;7;19
"054020";"Fratta Todina";43;3;5;0;0;;;;8;3;6;1;0;;;;10;18
"054020";"Fratta Todina";44;0;6;0;0;;;;6;2;5;1;0;;;;8;14
"054020";"Fratta Todina";45;5;5;1;0;;;;11;6;13;0;0;;;;19;30
"054020";"Fratta Todina";46;3;15;1;0;;;;19;1;7;1;0;;;;9;28
"054020";"Fratta Todina";47;3;9;0;0;;;;12;7;5;0;0;;;;12;24
"054020";"Fratta Todina";48;8;1;2;0;;;;11;4;10;1;1;;;;16;27
"054020";"Fratta Todina";49;4;12;0;0;;;;16;2;7;0;1;;;;10;26
"054020";"Fratta Todina";50;3;5;2;0;;;;10;4;9;0;0;;;;13;23
"054020";"Fratta Todina";51;7;12;1;0;;;;20;1;14;0;0;;;;15;35
"054020";"Fratta Todina";52;5;6;0;0;;;;11;1;7;1;1;;;;10;21
"054020";"Fratta Todina";53;3;8;1;0;;;;12;2;6;0;0;;;;8;20
"054020";"Fratta Todina";54;4;10;1;0;;;;15;3;15;2;0;;;;20;35
"054020";"Fratta Todina";55;3;14;0;0;;;;17;0;20;0;0;;;;20;37
"054020";"Fratta Todina";56;4;14;0;0;;;;18;3;14;1;0;;;;18;36
"054020";"Fratta Todina";57;3;12;0;0;;;;15;2;19;1;0;;;;22;37
"054020";"Fratta Todina";58;0;27;0;1;;;;28;0;13;0;0;;;;13;41
"054020";"Fratta Todina";59;2;8;0;0;;;;10;2;13;2;0;;;;17;27
"054020";"Fratta Todina";60;2;12;1;0;;;;15;1;16;2;0;;;;19;34
"054020";"Fratta Todina";61;2;6;0;0;;;;8;1;7;0;0;;;;8;16
"054020";"Fratta Todina";62;1;12;0;0;;;;13;2;10;1;1;;;;14;27
"054020";"Fratta Todina";63;0;8;0;0;;;;8;2;9;0;1;;;;12;20
"054020";"Fratta Todina";64;0;12;0;0;;;;12;1;15;0;0;;;;16;28
"054020";"Fratta Todina";65;2;8;1;0;;;;11;0;10;0;2;;;;12;23
"054020";"Fratta Todina";66;0;10;0;1;;;;11;1;6;2;0;;;;9;20
"054020";"Fratta Todina";67;1;5;0;1;;;;7;0;6;0;1;;;;7;14
"054020";"Fratta Todina";68;0;6;0;2;;;;8;2;10;0;2;;;;14;22
"054020";"Fratta Todina";69;0;7;0;0;;;;7;1;5;0;1;;;;7;14
"054020";"Fratta Todina";70;3;9;0;0;;;;12;1;2;0;0;;;;3;15
"054020";"Fratta Todina";71;0;4;0;0;;;;4;0;9;0;1;;;;10;14
"054020";"Fratta Todina";72;3;6;1;1;;;;11;1;5;0;1;;;;7;18
"054020";"Fratta Todina";73;2;10;0;0;;;;12;1;4;0;3;;;;8;20
"054020";"Fratta Todina";74;0;7;0;0;;;;7;1;12;0;1;;;;14;21
"054020";"Fratta Todina";75;0;8;0;0;;;;8;1;9;2;4;;;;16;24
"054020";"Fratta Todina";76;0;3;0;0;;;;3;0;7;0;4;;;;11;14
"054020";"Fratta Todina";77;0;8;0;0;;;;8;1;4;0;3;;;;8;16
"054020";"Fratta Todina";78;1;3;0;0;;;;4;0;7;0;2;;;;9;13
"054020";"Fratta Todina";79;1;6;0;1;;;;8;1;7;0;3;;;;11;19
"054020";"Fratta Todina";80;0;11;0;1;;;;12;1;6;0;3;;;;10;22
"054020";"Fratta Todina";81;1;2;0;0;;;;3;0;5;0;2;;;;7;10
"054020";"Fratta Todina";82;0;7;0;2;;;;9;1;4;0;4;;;;9;18
"054020";"Fratta Todina";83;0;6;0;0;;;;6;6;7;0;4;;;;17;23
"054020";"Fratta Todina";84;0;4;0;0;;;;4;1;2;0;9;;;;12;16
"054020";"Fratta Todina";85;0;7;0;1;;;;8;0;2;0;7;;;;9;17
"054020";"Fratta Todina";86;0;3;0;0;;;;3;2;3;0;5;;;;10;13
"054020";"Fratta Todina";87;0;4;0;1;;;;5;1;2;0;4;;;;7;12
"054020";"Fratta Todina";88;1;4;0;2;;;;7;2;1;0;7;;;;10;17
"054020";"Fratta Todina";89;0;5;0;0;;;;5;0;3;0;3;;;;6;11
"054020";"Fratta Todina";90;1;2;1;0;;;;4;1;1;0;4;;;;6;10
"054020";"Fratta Todina";91;0;1;0;0;;;;1;0;2;0;2;;;;4;5
"054020";"Fratta Todina";92;0;0;0;1;;;;1;0;0;0;2;;;;2;3
"054020";"Fratta Todina";93;0;1;0;0;;;;1;0;1;0;3;;;;4;5
"054020";"Fratta Todina";94;0;0;0;1;;;;1;0;0;1;1;;;;2;3
"054020";"Fratta Todina";95;0;2;0;0;;;;2;0;0;0;3;;;;3;5
"054020";"Fratta Todina";96;0;0;0;0;;;;0;0;0;0;0;;;;0;0
"054020";"Fratta Todina";97;0;0;0;0;;;;0;0;0;0;1;;;;1;1
"054020";"Fratta Todina";98;0;0;0;0;;;;0;0;0;0;1;;;;1;1
"054020";"Fratta Todina";99;0;0;0;0;;;;0;0;0;0;0;;;;0;0
"054020";"Fratta Todina";100;0;0;0;0;;;;0;1;0;0;0;;;;1;1
"054020";"Fratta Todina";999;457;429;24;16;;;;926;352;460;25;98;;;;935;1861
"054021";"Giano dell'Umbria";0;17;0;0;0;;;;17;10;0;0;0;;;;10;27
"054021";"Giano dell'Umbria";1;16;0;0;0;;;;16;17;0;0;0;;;;17;33
"054021";"Giano dell'Umbria";2;10;0;0;0;;;;10;18;0;0;0;;;;18;28
"054021";"Giano dell'Umbria";3;15;0;0;0;;;;15;17;0;0;0;;;;17;32
"054021";"Giano dell'Umbria";4;18;0;0;0;;;;18;13;0;0;0;;;;13;31
"054021";"Giano dell'Umbria";5;14;0;0;0;;;;14;12;0;0;0;;;;12;26
"054021";"Giano dell'Umbria";6;16;0;0;0;;;;16;23;0;0;0;;;;23;39
"054021";"Giano dell'Umbria";7;14;0;0;0;;;;14;15;0;0;0;;;;15;29
"054021";"Giano dell'Umbria";8;15;0;0;0;;;;15;15;0;0;0;;;;15;30
"054021";"Giano dell'Umbria";9;15;0;0;0;;;;15;17;0;0;0;;;;17;32
"054021";"Giano dell'Umbria";10;18;0;0;0;;;;18;21;0;0;0;;;;21;39
"054021";"Giano dell'Umbria";11;16;0;0;0;;;;16;15;0;0;0;;;;15;31
"054021";"Giano dell'Umbria";12;21;0;0;0;;;;21;18;0;0;0;;;;18;39
"054021";"Giano dell'Umbria";13;26;0;0;0;;;;26;12;0;0;0;;;;12;38
"054021";"Giano dell'Umbria";14;19;0;0;0;;;;19;18;0;0;0;;;;18;37
"054021";"Giano dell'Umbria";15;20;0;0;0;;;;20;22;0;0;0;;;;22;42
"054021";"Giano dell'Umbria";16;18;0;0;0;;;;18;13;0;0;0;;;;13;31
"054021";"Giano dell'Umbria";17;24;0;0;0;;;;24;25;0;0;0;;;;25;49
"054021";"Giano dell'Umbria";18;21;0;0;0;;;;21;17;0;0;0;;;;17;38
"054021";"Giano dell'Umbria";19;12;0;0;0;;;;12;19;1;0;0;;;;20;32
"054021";"Giano dell'Umbria";20;25;0;0;0;;;;25;17;0;0;0;;;;17;42
"054021";"Giano dell'Umbria";21;17;0;0;0;;;;17;14;0;0;0;;;;14;31
"054021";"Giano dell'Umbria";22;18;1;0;0;;;;19;16;2;0;0;;;;18;37
"054021";"Giano dell'Umbria";23;21;2;0;0;;;;23;10;4;0;0;;;;14;37
"054021";"Giano dell'Umbria";24;17;3;0;0;;;;20;14;3;0;0;;;;17;37
"054021";"Giano dell'Umbria";25;23;0;0;0;;;;23;12;1;0;0;;;;13;36
"054021";"Giano dell'Umbria";26;12;3;0;0;;;;15;13;6;0;0;;;;19;34
"054021";"Giano dell'Umbria";27;14;3;0;0;;;;17;10;5;0;0;;;;15;32
"054021";"Giano dell'Umbria";28;9;4;0;0;;;;13;13;5;0;0;;;;18;31
"054021";"Giano dell'Umbria";29;16;9;0;0;;;;25;8;9;0;0;;;;17;42
"054021";"Giano dell'Umbria";30;16;3;0;0;;;;19;14;8;0;0;;;;22;41
"054021";"Giano dell'Umbria";31;9;6;0;0;;;;15;11;6;0;1;;;;18;33
"054021";"Giano dell'Umbria";32;17;8;1;0;;;;26;13;10;0;0;;;;23;49
"054021";"Giano dell'Umbria";33;14;13;0;0;;;;27;8;12;1;0;;;;21;48
"054021";"Giano dell'Umbria";34;8;16;0;0;;;;24;14;15;0;0;;;;29;53
"054021";"Giano dell'Umbria";35;11;14;0;0;;;;25;5;8;0;0;;;;13;38
"054021";"Giano dell'Umbria";36;15;15;1;0;;;;31;16;15;0;0;;;;31;62
"054021";"Giano dell'Umbria";37;6;9;0;0;;;;15;6;17;0;0;;;;23;38
"054021";"Giano dell'Umbria";38;7;10;0;0;;;;17;7;10;0;0;;;;17;34
"054021";"Giano dell'Umbria";39;9;17;1;0;;;;27;8;15;0;0;;;;23;50
"054021";"Giano dell'Umbria";40;8;12;0;1;;;;21;6;13;1;0;;;;20;41
"054021";"Giano dell'Umbria";41;7;18;1;0;;;;26;7;13;0;0;;;;20;46
"054021";"Giano dell'Umbria";42;7;18;1;0;;;;26;7;18;0;0;;;;25;51
"054021";"Giano dell'Umbria";43;13;20;0;0;;;;33;6;16;1;0;;;;23;56
"054021";"Giano dell'Umbria";44;10;26;1;0;;;;37;6;13;0;0;;;;19;56
"054021";"Giano dell'Umbria";45;2;19;0;0;;;;21;6;20;1;0;;;;27;48
"054021";"Giano dell'Umbria";46;9;15;1;0;;;;25;2;19;3;1;;;;25;50
"054021";"Giano dell'Umbria";47;4;17;2;0;;;;23;2;16;3;0;;;;21;44
"054021";"Giano dell'Umbria";48;8;26;2;0;;;;36;3;22;3;0;;;;28;64
"054021";"Giano dell'Umbria";49;8;14;2;0;;;;24;2;21;1;0;;;;24;48
"054021";"Giano dell'Umbria";50;7;18;1;0;;;;26;1;23;2;0;;;;26;52
"054021";"Giano dell'Umbria";51;4;20;1;0;;;;25;4;18;3;1;;;;26;51
"054021";"Giano dell'Umbria";52;2;25;3;0;;;;30;7;17;1;0;;;;25;55
"054021";"Giano dell'Umbria";53;10;15;1;0;;;;26;5;20;0;1;;;;26;52
"054021";"Giano dell'Umbria";54;5;21;1;0;;;;27;1;19;0;0;;;;20;47
"054021";"Giano dell'Umbria";55;3;27;5;1;;;;36;3;22;0;3;;;;28;64
"054021";"Giano dell'Umbria";56;4;27;0;0;;;;31;0;28;5;2;;;;35;66
"054021";"Giano dell'Umbria";57;8;25;1;0;;;;34;4;22;1;2;;;;29;63
"054021";"Giano dell'Umbria";58;7;13;2;1;;;;23;0;30;1;1;;;;32;55
"054021";"Giano dell'Umbria";59;3;21;2;0;;;;26;3;15;1;2;;;;21;47
"054021";"Giano dell'Umbria";60;2;27;2;0;;;;31;3;28;0;1;;;;32;63
"054021";"Giano dell'Umbria";61;5;32;2;0;;;;39;2;21;2;3;;;;28;67
"054021";"Giano dell'Umbria";62;4;25;0;0;;;;29;1;15;1;1;;;;18;47
"054021";"Giano dell'Umbria";63;5;23;0;0;;;;28;3;22;4;2;;;;31;59
"054021";"Giano dell'Umbria";64;2;21;1;2;;;;26;2;15;0;6;;;;23;49
"054021";"Giano dell'Umbria";65;3;10;0;1;;;;14;0;22;1;1;;;;24;38
"054021";"Giano dell'Umbria";66;3;20;1;0;;;;24;2;14;1;2;;;;19;43
"054021";"Giano dell'Umbria";67;1;12;2;1;;;;16;0;14;2;3;;;;19;35
"054021";"Giano dell'Umbria";68;3;15;1;1;;;;20;2;15;1;3;;;;21;41
"054021";"Giano dell'Umbria";69;4;15;0;0;;;;19;3;18;2;5;;;;28;47
"054021";"Giano dell'Umbria";70;1;20;1;2;;;;24;2;11;0;2;;;;15;39
"054021";"Giano dell'Umbria";71;0;9;1;0;;;;10;0;15;1;8;;;;24;34
"054021";"Giano dell'Umbria";72;0;20;0;2;;;;22;1;13;1;4;;;;19;41
"054021";"Giano dell'Umbria";73;0;16;0;2;;;;18;0;12;1;5;;;;18;36
"054021";"Giano dell'Umbria";74;2;16;0;2;;;;20;2;20;0;3;;;;25;45
"054021";"Giano dell'Umbria";75;1;17;0;3;;;;21;1;15;0;3;;;;19;40
"054021";"Giano dell'Umbria";76;1;22;0;0;;;;23;0;15;0;9;;;;24;47
"054021";"Giano dell'Umbria";77;0;15;0;2;;;;17;1;5;0;5;;;;11;28
"054021";"Giano dell'Umbria";78;0;14;0;0;;;;14;0;9;0;2;;;;11;25
"054021";"Giano dell'Umbria";79;0;10;0;0;;;;10;0;4;0;5;;;;9;19
"054021";"Giano dell'Umbria";80;1;12;0;2;;;;15;1;4;0;8;;;;13;28
"054021";"Giano dell'Umbria";81;0;5;0;1;;;;6;0;6;0;7;;;;13;19
"054021";"Giano dell'Umbria";82;3;12;0;1;;;;16;0;5;0;12;;;;17;33
"054021";"Giano dell'Umbria";83;0;9;0;0;;;;9;2;3;0;11;;;;16;25
"054021";"Giano dell'Umbria";84;1;3;1;2;;;;7;1;7;0;15;;;;23;30
"054021";"Giano dell'Umbria";85;0;3;0;1;;;;4;2;4;0;11;;;;17;21
"054021";"Giano dell'Umbria";86;0;6;0;1;;;;7;0;3;0;10;;;;13;20
"054021";"Giano dell'Umbria";87;0;2;0;1;;;;3;0;2;0;9;;;;11;14
"054021";"Giano dell'Umbria";88;0;4;0;3;;;;7;0;1;0;6;;;;7;14
"054021";"Giano dell'Umbria";89;0;4;0;0;;;;4;0;1;0;11;;;;12;16
"054021";"Giano dell'Umbria";90;0;4;0;0;;;;4;0;1;0;9;;;;10;14
"054021";"Giano dell'Umbria";91;0;1;1;0;;;;2;0;1;0;10;;;;11;13
"054021";"Giano dell'Umbria";92;0;5;0;1;;;;6;0;1;0;7;;;;8;14
"054021";"Giano dell'Umbria";93;0;1;0;1;;;;2;0;1;0;4;;;;5;7
"054021";"Giano dell'Umbria";94;0;0;0;1;;;;1;0;0;0;1;;;;1;2
"054021";"Giano dell'Umbria";95;0;1;0;1;;;;2;0;0;0;4;;;;4;6
"054021";"Giano dell'Umbria";96;0;0;0;0;;;;0;0;0;0;2;;;;2;2
"054021";"Giano dell'Umbria";97;0;0;0;0;;;;0;0;0;0;1;;;;1;1
"054021";"Giano dell'Umbria";98;0;0;0;0;;;;0;0;0;0;1;;;;1;1
"054021";"Giano dell'Umbria";99;0;0;0;0;;;;0;0;0;0;1;;;;1;1
"054021";"Giano dell'Umbria";100;0;0;0;1;;;;1;0;0;0;1;;;;1;2
"054021";"Giano dell'Umbria";999;800;964;43;38;;;;1845;672;880;45;228;;;;1825;3670
"054022";"Gualdo Cattaneo";0;8;0;0;0;;;;8;11;0;0;0;;;;11;19
"054022";"Gualdo Cattaneo";1;14;0;0;0;;;;14;13;0;0;0;;;;13;27
"054022";"Gualdo Cattaneo";2;14;0;0;0;;;;14;11;0;0;0;;;;11;25
"054022";"Gualdo Cattaneo";3;11;0;0;0;;;;11;13;0;0;0;;;;13;24
"054022";"Gualdo Cattaneo";4;9;0;0;0;;;;9;13;0;0;0;;;;13;22
"054022";"Gualdo Cattaneo";5;25;0;0;0;;;;25;14;0;0;0;;;;14;39
"054022";"Gualdo Cattaneo";6;21;0;0;0;;;;21;13;0;0;0;;;;13;34
"054022";"Gualdo Cattaneo";7;16;0;0;0;;;;16;11;0;0;0;;;;11;27
"054022";"Gualdo Cattaneo";8;34;0;0;0;;;;34;15;0;0;0;;;;15;49
"054022";"Gualdo Cattaneo";9;23;0;0;0;;;;23;32;0;0;0;;;;32;55
"054022";"Gualdo Cattaneo";10;26;0;0;0;;;;26;31;0;0;0;;;;31;57
"054022";"Gualdo Cattaneo";11;30;0;0;0;;;;30;20;0;0;0;;;;20;50
"054022";"Gualdo Cattaneo";12;25;0;0;0;;;;25;18;0;0;0;;;;18;43
"054022";"Gualdo Cattaneo";13;21;0;0;0;;;;21;30;0;0;0;;;;30;51
"054022";"Gualdo Cattaneo";14;25;0;0;0;;;;25;28;0;0;0;;;;28;53
"054022";"Gualdo Cattaneo";15;23;0;0;0;;;;23;17;0;0;0;;;;17;40
"054022";"Gualdo Cattaneo";16;24;0;0;0;;;;24;31;0;0;0;;;;31;55
"054022";"Gualdo Cattaneo";17;21;0;0;0;;;;21;22;0;0;0;;;;22;43
"054022";"Gualdo Cattaneo";18;18;0;0;0;;;;18;25;0;0;0;;;;25;43
"054022";"Gualdo Cattaneo";19;27;0;0;0;;;;27;23;0;0;0;;;;23;50
"054022";"Gualdo Cattaneo";20;27;0;0;0;;;;27;17;0;0;0;;;;17;44
"054022";"Gualdo Cattaneo";21;24;0;0;0;;;;24;18;0;0;0;;;;18;42
"054022";"Gualdo Cattaneo";22;23;1;0;0;;;;24;30;1;0;0;;;;31;55
"054022";"Gualdo Cattaneo";23;29;3;0;0;;;;32;20;4;0;0;;;;24;56
"054022";"Gualdo Cattaneo";24;38;0;1;0;;;;39;24;0;0;0;;;;24;63
"054022";"Gualdo Cattaneo";25;34;2;0;0;;;;36;25;3;0;0;;;;28;64
"054022";"Gualdo Cattaneo";26;27;1;0;0;;;;28;24;4;0;0;;;;28;56
"054022";"Gualdo Cattaneo";27;30;2;0;0;;;;32;20;2;0;0;;;;22;54
"054022";"Gualdo Cattaneo";28;18;5;0;0;;;;23;14;1;0;0;;;;15;38
"054022";"Gualdo Cattaneo";29;38;2;0;0;;;;40;17;2;0;0;;;;19;59
"054022";"Gualdo Cattaneo";30;26;4;0;0;;;;30;23;4;0;0;;;;27;57
"054022";"Gualdo Cattaneo";31;33;10;0;0;;;;43;9;9;0;0;;;;18;61
"054022";"Gualdo Cattaneo";32;27;9;0;0;;;;36;20;9;0;0;;;;29;65
"054022";"Gualdo Cattaneo";33;26;8;0;0;;;;34;12;11;0;0;;;;23;57
"054022";"Gualdo Cattaneo";34;29;9;2;0;;;;40;17;10;0;0;;;;27;67
"054022";"Gualdo Cattaneo";35;23;10;0;0;;;;33;18;10;0;0;;;;28;61
"054022";"Gualdo Cattaneo";36;21;11;1;0;;;;33;11;12;1;0;;;;24;57
"054022";"Gualdo Cattaneo";37;23;7;1;0;;;;31;8;15;2;1;;;;26;57
"054022";"Gualdo Cattaneo";38;16;10;1;0;;;;27;16;14;0;0;;;;30;57
"054022";"Gualdo Cattaneo";39;24;19;0;0;;;;43;14;17;0;0;;;;31;74
"054022";"Gualdo Cattaneo";40;14;12;0;0;;;;26;11;15;0;0;;;;26;52
"054022";"Gualdo Cattaneo";41;28;19;1;0;;;;48;14;20;1;0;;;;35;83
"054022";"Gualdo Cattaneo";42;20;23;1;0;;;;44;6;19;2;0;;;;27;71
"054022";"Gualdo Cattaneo";43;12;18;1;0;;;;31;12;18;1;0;;;;31;62
"054022";"Gualdo Cattaneo";44;12;35;1;0;;;;48;9;20;4;1;;;;34;82
"054022";"Gualdo Cattaneo";45;16;26;1;0;;;;43;11;33;1;1;;;;46;89
"054022";"Gualdo Cattaneo";46;9;32;0;0;;;;41;8;29;3;1;;;;41;82
"054022";"Gualdo Cattaneo";47;18;19;4;0;;;;41;6;23;0;0;;;;29;70
"054022";"Gualdo Cattaneo";48;16;17;2;0;;;;35;8;26;1;3;;;;38;73
"054022";"Gualdo Cattaneo";49;6;43;5;0;;;;54;5;36;2;1;;;;44;98
"054022";"Gualdo Cattaneo";50;13;19;2;0;;;;34;6;28;3;0;;;;37;71
"054022";"Gualdo Cattaneo";51;6;29;3;0;;;;38;12;34;2;1;;;;49;87
"054022";"Gualdo Cattaneo";52;8;24;0;0;;;;32;7;29;5;1;;;;42;74
"054022";"Gualdo Cattaneo";53;16;37;4;0;;;;57;2;37;4;4;;;;47;104
"054022";"Gualdo Cattaneo";54;13;30;3;1;;;;47;4;34;6;1;;;;45;92
"054022";"Gualdo Cattaneo";55;7;39;5;0;;;;51;4;38;4;1;;;;47;98
"054022";"Gualdo Cattaneo";56;6;35;2;0;;;;43;1;37;4;3;;;;45;88
"054022";"Gualdo Cattaneo";57;5;49;4;0;;;;58;7;30;3;4;;;;44;102
"054022";"Gualdo Cattaneo";58;5;43;4;0;;;;52;3;33;0;1;;;;37;89
"054022";"Gualdo Cattaneo";59;9;38;2;1;;;;50;2;39;5;4;;;;50;100
"054022";"Gualdo Cattaneo";60;9;33;0;0;;;;42;3;36;1;2;;;;42;84
"054022";"Gualdo Cattaneo";61;1;27;4;2;;;;34;6;43;1;4;;;;54;88
"054022";"Gualdo Cattaneo";62;3;43;5;2;;;;53;3;40;2;5;;;;50;103
"054022";"Gualdo Cattaneo";63;5;35;2;0;;;;42;3;29;3;4;;;;39;81
"054022";"Gualdo Cattaneo";64;5;22;0;0;;;;27;4;39;1;1;;;;45;72
"054022";"Gualdo Cattaneo";65;3;20;5;0;;;;28;3;28;1;6;;;;38;66
"054022";"Gualdo Cattaneo";66;7;39;2;1;;;;49;0;33;3;5;;;;41;90
"054022";"Gualdo Cattaneo";67;2;38;1;1;;;;42;0;22;1;9;;;;32;74
"054022";"Gualdo Cattaneo";68;1;28;3;1;;;;33;3;35;2;6;;;;46;79
"054022";"Gualdo Cattaneo";69;2;24;1;3;;;;30;1;38;0;6;;;;45;75
"054022";"Gualdo Cattaneo";70;0;31;1;1;;;;33;2;24;0;9;;;;35;68
"054022";"Gualdo Cattaneo";71;6;19;2;0;;;;27;1;22;0;6;;;;29;56
"054022";"Gualdo Cattaneo";72;3;34;3;2;;;;42;1;24;0;6;;;;31;73
"054022";"Gualdo Cattaneo";73;2;36;1;5;;;;44;0;29;1;5;;;;35;79
"054022";"Gualdo Cattaneo";74;0;36;1;1;;;;38;1;19;0;5;;;;25;63
"054022";"Gualdo Cattaneo";75;2;32;0;1;;;;35;0;21;0;11;;;;32;67
"054022";"Gualdo Cattaneo";76;2;24;0;2;;;;28;1;20;0;17;;;;38;66
"054022";"Gualdo Cattaneo";77;0;20;1;4;;;;25;0;11;0;5;;;;16;41
"054022";"Gualdo Cattaneo";78;2;21;0;3;;;;26;3;11;0;12;;;;26;52
"054022";"Gualdo Cattaneo";79;3;17;0;3;;;;23;0;8;0;15;;;;23;46
"054022";"Gualdo Cattaneo";80;0;16;1;5;;;;22;0;15;2;15;;;;32;54
"054022";"Gualdo Cattaneo";81;3;18;1;3;;;;25;1;15;0;9;;;;25;50
"054022";"Gualdo Cattaneo";82;1;13;1;2;;;;17;4;5;0;17;;;;26;43
"054022";"Gualdo Cattaneo";83;1;19;0;4;;;;24;0;13;2;21;;;;36;60
"054022";"Gualdo Cattaneo";84;0;19;0;4;;;;23;0;9;0;13;;;;22;45
"054022";"Gualdo Cattaneo";85;1;10;0;4;;;;15;0;7;1;23;;;;31;46
"054022";"Gualdo Cattaneo";86;1;12;0;3;;;;16;0;10;0;20;;;;30;46
"054022";"Gualdo Cattaneo";87;2;5;0;5;;;;12;0;9;0;17;;;;26;38
"054022";"Gualdo Cattaneo";88;1;15;0;2;;;;18;0;6;0;20;;;;26;44
"054022";"Gualdo Cattaneo";89;1;12;0;1;;;;14;0;3;0;12;;;;15;29
"054022";"Gualdo Cattaneo";90;1;5;0;5;;;;11;0;1;0;18;;;;19;30
"054022";"Gualdo Cattaneo";91;0;5;0;3;;;;8;0;1;0;19;;;;20;28
"054022";"Gualdo Cattaneo";92;1;4;0;6;;;;11;1;1;0;8;;;;10;21
"054022";"Gualdo Cattaneo";93;0;2;0;3;;;;5;2;1;0;12;;;;15;20
"054022";"Gualdo Cattaneo";94;0;1;0;1;;;;2;0;0;0;9;;;;9;11
"054022";"Gualdo Cattaneo";95;0;0;0;0;;;;0;0;0;0;5;;;;5;5
"054022";"Gualdo Cattaneo";96;0;0;0;1;;;;1;0;0;0;4;;;;4;5
"054022";"Gualdo Cattaneo";97;0;0;0;0;;;;0;0;0;0;2;;;;2;2
"054022";"Gualdo Cattaneo";98;0;0;0;1;;;;1;0;0;0;4;;;;4;5
"054022";"Gualdo Cattaneo";99;0;0;0;0;;;;0;0;0;0;1;;;;1;1
"054022";"Gualdo Cattaneo";100;0;0;0;0;;;;0;0;0;0;2;;;;2;2
"054022";"Gualdo Cattaneo";999;1261;1435;86;87;;;;2869;929;1334;75;418;;;;2756;5625
"054023";"Gualdo Tadino";0;40;0;0;0;;;;40;49;0;0;0;;;;49;89
"054023";"Gualdo Tadino";1;37;0;0;0;;;;37;32;0;0;0;;;;32;69
"054023";"Gualdo Tadino";2;46;0;0;0;;;;46;41;0;0;0;;;;41;87
"054023";"Gualdo Tadino";3;31;0;0;0;;;;31;41;0;0;0;;;;41;72
"054023";"Gualdo Tadino";4;57;0;0;0;;;;57;35;0;0;0;;;;35;92
"054023";"Gualdo Tadino";5;39;0;0;0;;;;39;47;0;0;0;;;;47;86
"054023";"Gualdo Tadino";6;52;0;0;0;;;;52;45;0;0;0;;;;45;97
"054023";"Gualdo Tadino";7;48;0;0;0;;;;48;40;0;0;0;;;;40;88
"054023";"Gualdo Tadino";8;52;0;0;0;;;;52;56;0;0;0;;;;56;108
"054023";"Gualdo Tadino";9;56;0;0;0;;;;56;64;0;0;0;;;;64;120
"054023";"Gualdo Tadino";10;63;0;0;0;;;;63;77;0;0;0;;;;77;140
"054023";"Gualdo Tadino";11;61;0;0;0;;;;61;57;0;0;0;;;;57;118
"054023";"Gualdo Tadino";12;58;0;0;0;;;;58;79;0;0;0;;;;79;137
"054023";"Gualdo Tadino";13;74;0;0;0;;;;74;65;0;0;0;;;;65;139
"054023";"Gualdo Tadino";14;74;0;0;0;;;;74;79;0;0;0;;;;79;153
"054023";"Gualdo Tadino";15;65;0;0;0;;;;65;69;0;0;0;;;;69;134
"054023";"Gualdo Tadino";16;60;0;0;0;;;;60;77;0;0;0;;;;77;137
"054023";"Gualdo Tadino";17;67;0;0;0;;;;67;71;0;0;0;;;;71;138
"054023";"Gualdo Tadino";18;63;0;0;0;;;;63;63;0;0;0;;;;63;126
"054023";"Gualdo Tadino";19;58;0;0;0;;;;58;57;0;0;0;;;;57;115
"054023";"Gualdo Tadino";20;63;0;0;0;;;;63;60;1;0;0;;;;61;124
"054023";"Gualdo Tadino";21;66;0;0;0;;;;66;63;0;0;0;;;;63;129
"054023";"Gualdo Tadino";22;58;0;0;0;;;;58;76;3;0;0;;;;79;137
"054023";"Gualdo Tadino";23;76;0;0;0;;;;76;51;1;0;0;;;;52;128
"054023";"Gualdo Tadino";24;58;0;0;0;;;;58;59;3;0;0;;;;62;120
"054023";"Gualdo Tadino";25;58;0;0;0;;;;58;62;1;0;0;;;;63;121
"054023";"Gualdo Tadino";26;61;2;0;0;;;;63;50;2;0;0;;;;52;115
"054023";"Gualdo Tadino";27;66;0;0;0;;;;66;60;4;0;0;;;;64;130
"054023";"Gualdo Tadino";28;65;1;0;0;;;;66;46;10;0;0;;;;56;122
"054023";"Gualdo Tadino";29;68;5;1;0;;;;74;35;10;0;0;;;;45;119
"054023";"Gualdo Tadino";30;57;6;1;0;;;;64;47;18;0;0;;;;65;129
"054023";"Gualdo Tadino";31;62;8;0;0;;;;70;50;25;0;0;;;;75;145
"054023";"Gualdo Tadino";32;60;11;0;0;;;;71;51;23;1;0;;;;75;146
"054023";"Gualdo Tadino";33;54;17;1;0;;;;72;39;18;3;0;;;;60;132
"054023";"Gualdo Tadino";34;54;16;0;0;;;;70;40;28;0;0;;;;68;138
"054023";"Gualdo Tadino";35;35;16;0;0;;;;51;32;42;1;0;;;;75;126
"054023";"Gualdo Tadino";36;49;28;3;0;;;;80;36;45;5;0;;;;86;166
"054023";"Gualdo Tadino";37;34;26;1;0;;;;61;38;54;5;0;;;;97;158
"054023";"Gualdo Tadino";38;51;33;1;0;;;;85;32;51;5;0;;;;88;173
"054023";"Gualdo Tadino";39;43;44;3;0;;;;90;21;53;7;0;;;;81;171
"054023";"Gualdo Tadino";40;41;42;0;0;;;;83;23;41;2;2;;;;68;151
"054023";"Gualdo Tadino";41;26;52;3;0;;;;81;22;44;5;1;;;;72;153
"054023";"Gualdo Tadino";42;34;53;2;0;;;;89;28;51;9;0;;;;88;177
"054023";"Gualdo Tadino";43;32;54;3;0;;;;89;21;59;3;4;;;;87;176
"054023";"Gualdo Tadino";44;30;72;6;1;;;;109;18;66;7;2;;;;93;202
"054023";"Gualdo Tadino";45;27;57;8;0;;;;92;20;59;9;2;;;;90;182
"054023";"Gualdo Tadino";46;29;55;4;1;;;;89;28;94;7;2;;;;131;220
"054023";"Gualdo Tadino";47;42;60;5;0;;;;107;18;81;9;2;;;;110;217
"054023";"Gualdo Tadino";48;27;77;5;1;;;;110;26;103;5;3;;;;137;247
"054023";"Gualdo Tadino";49;32;70;5;1;;;;108;21;68;10;4;;;;103;211
"054023";"Gualdo Tadino";50;23;61;8;3;;;;95;20;88;13;3;;;;124;219
"054023";"Gualdo Tadino";51;28;64;9;1;;;;102;12;77;17;3;;;;109;211
"054023";"Gualdo Tadino";52;26;76;7;2;;;;111;12;90;12;4;;;;118;229
"054023";"Gualdo Tadino";53;24;66;7;1;;;;98;12;83;7;3;;;;105;203
"054023";"Gualdo Tadino";54;13;94;12;0;;;;119;8;79;16;6;;;;109;228
"054023";"Gualdo Tadino";55;15;87;12;3;;;;117;11;89;14;7;;;;121;238
"054023";"Gualdo Tadino";56;21;85;11;1;;;;118;11;86;8;5;;;;110;228
"054023";"Gualdo Tadino";57;16;88;4;0;;;;108;13;85;9;8;;;;115;223
"054023";"Gualdo Tadino";58;16;90;7;2;;;;115;9;104;8;7;;;;128;243
"054023";"Gualdo Tadino";59;12;86;9;1;;;;108;6;97;14;9;;;;126;234
"054023";"Gualdo Tadino";60;15;85;12;0;;;;112;9;76;11;11;;;;107;219
"054023";"Gualdo Tadino";61;19;80;10;0;;;;109;7;113;7;10;;;;137;246
"054023";"Gualdo Tadino";62;14;96;7;1;;;;118;9;96;8;6;;;;119;237
"054023";"Gualdo Tadino";63;7;90;6;2;;;;105;8;67;6;8;;;;89;194
"054023";"Gualdo Tadino";64;9;82;6;2;;;;99;6;75;4;6;;;;91;190
"054023";"Gualdo Tadino";65;18;71;5;4;;;;98;5;81;5;20;;;;111;209
"054023";"Gualdo Tadino";66;10;83;3;4;;;;100;10;69;5;18;;;;102;202
"054023";"Gualdo Tadino";67;8;67;5;2;;;;82;7;77;4;9;;;;97;179
"054023";"Gualdo Tadino";68;7;70;2;7;;;;86;3;70;2;16;;;;91;177
"054023";"Gualdo Tadino";69;5;91;0;3;;;;99;4;57;5;26;;;;92;191
"054023";"Gualdo Tadino";70;7;66;2;2;;;;77;3;73;1;25;;;;102;179
"054023";"Gualdo Tadino";71;8;77;1;3;;;;89;5;53;1;27;;;;86;175
"054023";"Gualdo Tadino";72;2;76;6;3;;;;87;5;72;7;23;;;;107;194
"054023";"Gualdo Tadino";73;7;60;4;8;;;;79;4;74;2;32;;;;112;191
"054023";"Gualdo Tadino";74;7;74;2;2;;;;85;5;56;1;27;;;;89;174
"054023";"Gualdo Tadino";75;3;73;1;11;;;;88;3;72;2;27;;;;104;192
"054023";"Gualdo Tadino";76;8;61;2;6;;;;77;4;58;4;39;;;;105;182
"054023";"Gualdo Tadino";77;7;55;1;6;;;;69;2;41;0;35;;;;78;147
"054023";"Gualdo Tadino";78;2;78;0;5;;;;85;3;42;1;40;;;;86;171
"054023";"Gualdo Tadino";79;4;58;2;9;;;;73;1;34;0;38;;;;73;146
"054023";"Gualdo Tadino";80;6;44;1;4;;;;55;0;23;0;34;;;;57;112
"054023";"Gualdo Tadino";81;3;33;1;3;;;;40;2;32;1;47;;;;82;122
"054023";"Gualdo Tadino";82;1;43;0;6;;;;50;1;28;2;41;;;;72;122
"054023";"Gualdo Tadino";83;1;36;0;9;;;;46;1;22;2;42;;;;67;113
"054023";"Gualdo Tadino";84;5;44;2;8;;;;59;1;25;2;51;;;;79;138
"054023";"Gualdo Tadino";85;3;35;0;4;;;;42;3;8;1;48;;;;60;102
"054023";"Gualdo Tadino";86;3;29;0;8;;;;40;1;17;0;61;;;;79;119
"054023";"Gualdo Tadino";87;1;27;1;8;;;;37;0;5;0;34;;;;39;76
"054023";"Gualdo Tadino";88;3;17;0;6;;;;26;3;8;0;45;;;;56;82
"054023";"Gualdo Tadino";89;0;11;0;5;;;;16;3;5;1;39;;;;48;64
"054023";"Gualdo Tadino";90;1;12;1;6;;;;20;1;5;0;40;;;;46;66
"054023";"Gualdo Tadino";91;2;8;0;2;;;;12;3;4;0;40;;;;47;59
"054023";"Gualdo Tadino";92;0;6;0;8;;;;14;0;2;0;27;;;;29;43
"054023";"Gualdo Tadino";93;0;6;0;1;;;;7;1;2;0;20;;;;23;30
"054023";"Gualdo Tadino";94;0;3;0;2;;;;5;1;0;0;24;;;;25;30
"054023";"Gualdo Tadino";95;2;5;0;0;;;;7;1;1;0;20;;;;22;29
"054023";"Gualdo Tadino";96;0;3;0;3;;;;6;0;0;0;16;;;;16;22
"054023";"Gualdo Tadino";97;1;1;0;0;;;;2;0;0;0;11;;;;11;13
"054023";"Gualdo Tadino";98;1;2;0;1;;;;4;0;0;0;7;;;;7;11
"054023";"Gualdo Tadino";99;0;2;0;0;;;;2;1;0;0;6;;;;7;9
"054023";"Gualdo Tadino";100;0;0;0;0;;;;0;0;0;0;5;;;;5;5
"054023";"Gualdo Tadino";999;2953;3462;221;182;;;;6818;2557;3479;296;1178;;;;7510;14328
"054024";"Gubbio";0;76;0;0;0;0;0;0;76;88;0;0;0;0;0;0;88;164
"054024";"Gubbio";1;96;0;0;0;0;0;0;96;68;0;0;0;0;0;0;68;164
"054024";"Gubbio";2;91;0;0;0;0;0;0;91;88;0;0;0;0;0;0;88;179
"054024";"Gubbio";3;112;0;0;0;0;0;0;112;85;0;0;0;0;0;0;85;197
"054024";"Gubbio";4;92;0;0;0;0;0;0;92;96;0;0;0;0;0;0;96;188
"054024";"Gubbio";5;115;0;0;0;0;0;0;115;103;0;0;0;0;0;0;103;218
"054024";"Gubbio";6;103;0;0;0;0;0;0;103;107;0;0;0;0;0;0;107;210
"054024";"Gubbio";7;101;0;0;0;0;0;0;101;102;0;0;0;0;0;0;102;203
"054024";"Gubbio";8;121;0;0;0;0;0;0;121;132;0;0;0;0;0;0;132;253
"054024";"Gubbio";9;122;0;0;0;0;0;0;122;139;0;0;0;0;0;0;139;261
"054024";"Gubbio";10;131;0;0;0;0;0;0;131;108;0;0;0;0;0;0;108;239
"054024";"Gubbio";11;134;0;0;0;0;0;0;134;132;0;0;0;0;0;0;132;266
"054024";"Gubbio";12;124;0;0;0;0;0;0;124;147;0;0;0;0;0;0;147;271
"054024";"Gubbio";13;160;0;0;0;0;0;0;160;135;0;0;0;0;0;0;135;295
"054024";"Gubbio";14;147;0;0;0;0;0;0;147;157;0;0;0;0;0;0;157;304
"054024";"Gubbio";15;141;0;0;0;0;0;0;141;132;0;0;0;0;0;0;132;273
"054024";"Gubbio";16;138;0;0;0;0;0;0;138;125;0;0;0;0;0;0;125;263
"054024";"Gubbio";17;134;0;0;0;0;0;0;134;143;0;0;0;0;0;0;143;277
"054024";"Gubbio";18;133;0;0;0;0;0;0;133;130;0;0;0;0;0;0;130;263
"054024";"Gubbio";19;152;0;0;0;0;0;0;152;132;0;0;0;0;0;0;132;284
"054024";"Gubbio";20;154;0;0;0;0;0;0;154;137;1;0;0;0;0;0;138;292
"054024";"Gubbio";21;134;0;0;0;0;0;0;134;152;0;0;0;0;0;0;152;286
"054024";"Gubbio";22;142;0;0;0;0;0;0;142;149;1;0;0;0;0;0;150;292
"054024";"Gubbio";23;156;0;0;0;0;0;0;156;125;2;0;0;0;0;0;127;283
"054024";"Gubbio";24;178;0;0;0;0;0;0;178;123;4;0;0;0;0;0;127;305
"054024";"Gubbio";25;154;0;0;0;0;0;0;154;148;8;0;0;0;0;0;156;310
"054024";"Gubbio";26;165;2;0;0;0;0;0;167;130;6;0;0;0;0;0;136;303
"054024";"Gubbio";27;159;4;0;0;0;0;0;163;127;3;0;0;0;0;0;130;293
"054024";"Gubbio";28;159;5;0;0;0;0;0;164;132;16;0;0;0;0;0;148;312
"054024";"Gubbio";29;163;5;0;0;0;0;0;168;132;19;0;0;0;0;0;151;319
"054024";"Gubbio";30;136;16;0;0;1;0;0;153;100;33;2;0;0;0;0;135;288
"054024";"Gubbio";31;146;17;1;0;0;0;0;164;90;41;0;0;0;0;0;131;295
"054024";"Gubbio";32;122;26;0;0;0;0;0;148;103;49;3;0;0;0;0;155;303
"054024";"Gubbio";33;112;44;0;0;0;0;0;156;76;83;1;0;0;0;0;160;316
"054024";"Gubbio";34;136;49;0;0;0;0;0;185;74;59;5;0;0;0;0;138;323
"054024";"Gubbio";35;94;52;2;1;0;0;0;149;76;82;4;0;0;0;0;162;311
"054024";"Gubbio";36;82;74;5;0;0;0;0;161;67;104;5;1;0;0;0;177;338
"054024";"Gubbio";37;111;57;1;0;0;0;0;169;55;113;5;0;0;0;0;173;342
"054024";"Gubbio";38;76;88;3;0;0;0;0;167;55;103;6;2;0;0;0;166;333
"054024";"Gubbio";39;84;92;1;1;0;0;0;178;57;133;15;0;0;0;0;205;383
"054024";"Gubbio";40;73;106;2;0;0;0;0;181;52;119;10;1;0;0;0;182;363
"054024";"Gubbio";41;61;95;6;0;0;0;0;162;43;128;5;2;1;0;0;179;341
"054024";"Gubbio";42;61;101;6;1;0;0;0;169;47;122;4;0;0;0;0;173;342
"054024";"Gubbio";43;62;118;9;0;0;0;0;189;44;161;18;2;0;0;0;225;414
"054024";"Gubbio";44;76;121;4;0;0;0;0;201;41;147;10;2;0;0;0;200;401
"054024";"Gubbio";45;63;129;16;2;0;0;0;210;42;150;18;3;0;0;0;213;423
"054024";"Gubbio";46;60;128;13;0;0;0;0;201;49;145;16;3;0;0;0;213;414
"054024";"Gubbio";47;68;152;14;1;1;0;0;236;34;156;9;3;0;0;0;202;438
"054024";"Gubbio";48;57;176;6;1;1;0;0;241;26;165;12;1;0;0;0;204;445
"054024";"Gubbio";49;65;149;5;1;0;0;0;220;37;183;14;5;0;0;0;239;459
"054024";"Gubbio";50;56;172;27;0;0;0;0;255;30;190;23;3;0;0;0;246;501
"054024";"Gubbio";51;55;170;13;2;0;0;0;240;34;175;22;11;0;0;0;242;482
"054024";"Gubbio";52;56;165;12;0;1;0;0;234;27;207;13;9;0;0;0;256;490
"054024";"Gubbio";53;40;179;15;3;0;0;0;237;23;194;21;5;0;0;0;243;480
"054024";"Gubbio";54;49;167;17;2;0;0;0;235;22;192;18;15;0;0;0;247;482
"054024";"Gubbio";55;48;174;17;2;0;0;0;241;24;212;17;9;1;0;0;263;504
"054024";"Gubbio";56;40;192;17;0;1;0;0;250;33;181;20;12;0;0;0;246;496
"054024";"Gubbio";57;40;187;14;8;0;0;0;249;25;233;22;21;0;0;0;301;550
"054024";"Gubbio";58;36;185;8;2;0;0;0;231;24;221;22;15;0;0;0;282;513
"054024";"Gubbio";59;32;175;17;2;0;0;0;226;24;192;17;20;0;0;0;253;479
"054024";"Gubbio";60;30;180;9;2;0;0;1;222;16;196;21;7;0;0;0;240;462
"054024";"Gubbio";61;15;190;11;1;0;0;0;217;24;181;8;11;0;0;0;224;441
"054024";"Gubbio";62;27;190;12;5;0;0;0;234;16;189;14;22;0;0;0;241;475
"054024";"Gubbio";63;25;170;9;2;0;0;0;206;20;203;6;27;0;0;0;256;462
"054024";"Gubbio";64;24;172;9;4;0;0;0;209;18;141;8;20;0;0;0;187;396
"054024";"Gubbio";65;13;176;9;5;0;0;0;203;11;164;9;23;0;0;0;207;410
"054024";"Gubbio";66;20;175;8;4;0;0;0;207;10;147;4;24;0;0;0;185;392
"054024";"Gubbio";67;13;160;10;8;0;0;0;191;10;163;7;18;0;0;0;198;389
"054024";"Gubbio";68;17;167;5;3;0;0;0;192;11;151;4;35;0;0;0;201;393
"054024";"Gubbio";69;16;155;5;10;0;0;0;186;7;147;7;39;0;0;0;200;386
"054024";"Gubbio";70;12;126;3;5;0;0;0;146;11;141;6;51;0;0;0;209;355
"054024";"Gubbio";71;12;170;4;11;0;0;0;197;12;126;4;38;0;0;0;180;377
"054024";"Gubbio";72;14;158;5;10;0;0;0;187;5;138;5;43;0;0;0;191;378
"054024";"Gubbio";73;9;142;5;11;0;0;0;167;6;111;6;49;0;0;0;172;339
"054024";"Gubbio";74;14;134;2;11;0;0;0;161;10;130;6;60;0;0;0;206;367
"054024";"Gubbio";75;20;152;0;10;0;0;0;182;8;123;3;68;0;0;0;202;384
"054024";"Gubbio";76;21;128;2;10;0;0;0;161;2;94;5;61;0;0;0;162;323
"054024";"Gubbio";77;9;115;2;13;0;0;0;139;4;84;0;54;0;0;0;142;281
"054024";"Gubbio";78;14;100;0;17;0;0;0;131;7;97;1;67;0;0;0;172;303
"054024";"Gubbio";79;11;117;1;17;0;0;0;146;8;84;1;87;0;0;0;180;326
"054024";"Gubbio";80;5;91;0;20;0;0;0;116;6;57;0;74;0;0;0;137;253
"054024";"Gubbio";81;14;94;2;17;0;0;0;127;7;63;1;80;0;0;0;151;278
"054024";"Gubbio";82;11;79;2;22;0;0;0;114;8;65;2;80;0;0;0;155;269
"054024";"Gubbio";83;12;95;0;23;0;0;0;130;9;70;1;97;0;0;0;177;307
"054024";"Gubbio";84;12;92;1;25;0;0;0;130;6;40;0;102;0;0;0;148;278
"054024";"Gubbio";85;7;58;0;14;0;0;0;79;6;33;0;108;0;0;0;147;226
"054024";"Gubbio";86;6;65;0;17;0;0;0;88;3;23;0;81;0;0;0;107;195
"054024";"Gubbio";87;7;43;0;12;0;0;0;62;5;27;2;102;0;0;0;136;198
"054024";"Gubbio";88;5;41;0;15;0;0;0;61;4;16;0;78;0;0;0;98;159
"054024";"Gubbio";89;2;44;0;16;0;0;0;62;5;12;0;67;0;0;0;84;146
"054024";"Gubbio";90;3;19;2;8;0;0;0;32;7;8;1;64;0;0;0;80;112
"054024";"Gubbio";91;6;22;0;15;0;0;0;43;2;3;0;66;0;0;0;71;114
"054024";"Gubbio";92;3;14;0;14;0;0;0;31;0;4;0;50;0;0;0;54;85
"054024";"Gubbio";93;0;5;0;8;0;0;0;13;1;1;0;51;0;0;0;53;66
"054024";"Gubbio";94;5;5;0;7;0;0;0;17;1;2;0;24;0;0;0;27;44
"054024";"Gubbio";95;1;2;0;3;0;0;0;6;4;1;0;33;0;0;0;38;44
"054024";"Gubbio";96;0;3;0;2;0;0;0;5;2;1;1;18;0;0;0;22;27
"054024";"Gubbio";97;0;1;0;2;0;0;0;3;1;1;0;13;0;0;0;15;18
"054024";"Gubbio";98;0;4;0;1;0;0;0;5;1;1;0;8;0;0;0;10;15
"054024";"Gubbio";99;0;1;0;1;0;0;0;2;0;0;0;7;0;0;0;7;9
"054024";"Gubbio";100;0;1;0;2;0;0;0;3;0;2;0;13;0;0;0;15;18
"054024";"Gubbio";999;6619;7428;369;432;5;0;1;14854;5432;7573;490;2165;2;0;0;15662;30516
"054025";"Lisciano Niccone";0;4;0;0;0;;;;4;2;0;0;0;;;;2;6
"054025";"Lisciano Niccone";1;2;0;0;0;;;;2;0;0;0;0;;;;0;2
"054025";"Lisciano Niccone";2;3;0;0;0;;;;3;0;0;0;0;;;;0;3
"054025";"Lisciano Niccone";3;3;0;0;0;;;;3;1;0;0;0;;;;1;4
"054025";"Lisciano Niccone";4;6;0;0;0;;;;6;1;0;0;0;;;;1;7
"054025";"Lisciano Niccone";5;1;0;0;0;;;;1;5;0;0;0;;;;5;6
"054025";"Lisciano Niccone";6;1;0;0;0;;;;1;1;0;0;0;;;;1;2
"054025";"Lisciano Niccone";7;1;0;0;0;;;;1;2;0;0;0;;;;2;3
"054025";"Lisciano Niccone";8;2;0;0;0;;;;2;2;0;0;0;;;;2;4
"054025";"Lisciano Niccone";9;1;0;0;0;;;;1;2;0;0;0;;;;2;3
"054025";"Lisciano Niccone";10;3;0;0;0;;;;3;1;0;0;0;;;;1;4
"054025";"Lisciano Niccone";11;1;0;0;0;;;;1;4;0;0;0;;;;4;5
"054025";"Lisciano Niccone";12;4;0;0;0;;;;4;3;0;0;0;;;;3;7
"054025";"Lisciano Niccone";13;2;0;0;0;;;;2;2;0;0;0;;;;2;4
"054025";"Lisciano Niccone";14;3;0;0;0;;;;3;1;0;0;0;;;;1;4
"054025";"Lisciano Niccone";15;5;0;0;0;;;;5;2;0;0;0;;;;2;7
"054025";"Lisciano Niccone";16;0;0;0;0;;;;0;1;0;0;0;;;;1;1
"054025";"Lisciano Niccone";17;2;0;0;0;;;;2;2;0;0;0;;;;2;4
"054025";"Lisciano Niccone";18;1;0;0;0;;;;1;1;0;0;0;;;;1;2
"054025";"Lisciano Niccone";19;4;0;0;0;;;;4;1;0;0;0;;;;1;5
"054025";"Lisciano Niccone";20;1;0;0;0;;;;1;1;0;0;0;;;;1;2
"054025";"Lisciano Niccone";21;2;0;0;0;;;;2;1;0;0;0;;;;1;3
"054025";"Lisciano Niccone";22;2;0;0;0;;;;2;3;1;0;0;;;;4;6
"054025";"Lisciano Niccone";23;2;0;0;0;;;;2;1;0;0;0;;;;1;3
"054025";"Lisciano Niccone";24;2;0;0;0;;;;2;3;0;0;0;;;;3;5
"054025";"Lisciano Niccone";25;2;0;0;0;;;;2;2;0;0;0;;;;2;4
"054025";"Lisciano Niccone";26;2;0;0;0;;;;2;5;1;0;0;;;;6;8
"054025";"Lisciano Niccone";27;6;0;0;0;;;;6;1;0;0;0;;;;1;7
"054025";"Lisciano Niccone";28;1;0;0;0;;;;1;1;0;0;0;;;;1;2
"054025";"Lisciano Niccone";29;2;0;0;0;;;;2;4;0;0;0;;;;4;6
"054025";"Lisciano Niccone";30;0;1;0;0;;;;1;3;2;0;0;;;;5;6
"054025";"Lisciano Niccone";31;4;0;0;0;;;;4;1;1;0;0;;;;2;6
"054025";"Lisciano Niccone";32;1;1;0;0;;;;2;2;0;0;0;;;;2;4
"054025";"Lisciano Niccone";33;2;0;0;0;;;;2;3;6;0;0;;;;9;11
"054025";"Lisciano Niccone";34;3;1;0;0;;;;4;1;1;0;0;;;;2;6
"054025";"Lisciano Niccone";35;4;2;0;0;;;;6;0;2;0;0;;;;2;8
"054025";"Lisciano Niccone";36;2;2;0;0;;;;4;2;4;0;0;;;;6;10
"054025";"Lisciano Niccone";37;6;2;0;0;;;;8;1;0;0;0;;;;1;9
"054025";"Lisciano Niccone";38;3;1;0;0;;;;4;1;2;0;0;;;;3;7
"054025";"Lisciano Niccone";39;6;3;0;1;;;;10;1;2;0;0;;;;3;13
"054025";"Lisciano Niccone";40;0;3;0;0;;;;3;3;1;0;0;;;;4;7
"054025";"Lisciano Niccone";41;3;2;0;0;;;;5;3;2;0;0;;;;5;10
"054025";"Lisciano Niccone";42;2;1;0;0;;;;3;2;2;0;0;;;;4;7
"054025";"Lisciano Niccone";43;2;1;0;0;;;;3;0;0;1;0;;;;1;4
"054025";"Lisciano Niccone";44;1;2;0;0;;;;3;0;2;0;0;;;;2;5
"054025";"Lisciano Niccone";45;3;4;1;0;;;;8;0;2;0;0;;;;2;10
"054025";"Lisciano Niccone";46;2;1;0;0;;;;3;1;3;0;0;;;;4;7
"054025";"Lisciano Niccone";47;2;4;0;0;;;;6;2;6;0;0;;;;8;14
"054025";"Lisciano Niccone";48;0;3;1;0;;;;4;0;3;0;0;;;;3;7
"054025";"Lisciano Niccone";49;1;2;1;0;;;;4;0;5;0;0;;;;5;9
"054025";"Lisciano Niccone";50;0;2;0;0;;;;2;0;2;1;0;;;;3;5
"054025";"Lisciano Niccone";51;1;1;0;0;;;;2;0;1;1;0;;;;2;4
"054025";"Lisciano Niccone";52;2;1;1;0;;;;4;0;4;0;0;;;;4;8
"054025";"Lisciano Niccone";53;1;3;0;0;;;;4;0;4;0;0;;;;4;8
"054025";"Lisciano Niccone";54;0;3;0;0;;;;3;2;2;0;0;;;;4;7
"054025";"Lisciano Niccone";55;0;4;0;0;;;;4;1;3;1;0;;;;5;9
"054025";"Lisciano Niccone";56;0;3;0;0;;;;3;1;1;0;1;;;;3;6
"054025";"Lisciano Niccone";57;0;2;0;0;;;;2;0;3;0;1;;;;4;6
"054025";"Lisciano Niccone";58;1;2;1;0;;;;4;1;6;0;1;;;;8;12
"054025";"Lisciano Niccone";59;0;3;0;0;;;;3;0;6;1;1;;;;8;11
"054025";"Lisciano Niccone";60;0;3;0;0;;;;3;0;6;0;0;;;;6;9
"054025";"Lisciano Niccone";61;2;2;0;0;;;;4;0;5;0;1;;;;6;10
"054025";"Lisciano Niccone";62;1;2;0;0;;;;3;0;4;0;1;;;;5;8
"054025";"Lisciano Niccone";63;0;2;1;0;;;;3;2;0;0;0;;;;2;5
"054025";"Lisciano Niccone";64;0;2;0;0;;;;2;1;2;0;3;;;;6;8
"054025";"Lisciano Niccone";65;6;4;0;0;;;;10;0;8;1;2;;;;11;21
"054025";"Lisciano Niccone";66;1;5;1;0;;;;7;0;4;0;3;;;;7;14
"054025";"Lisciano Niccone";67;0;2;0;1;;;;3;2;3;1;0;;;;6;9
"054025";"Lisciano Niccone";68;0;6;0;0;;;;6;0;7;0;0;;;;7;13
"054025";"Lisciano Niccone";69;0;4;0;0;;;;4;0;2;0;0;;;;2;6
"054025";"Lisciano Niccone";70;0;4;0;0;;;;4;0;6;0;0;;;;6;10
"054025";"Lisciano Niccone";71;0;5;0;0;;;;5;0;3;1;1;;;;5;10
"054025";"Lisciano Niccone";72;1;4;1;0;;;;6;0;3;0;1;;;;4;10
"054025";"Lisciano Niccone";73;0;7;0;0;;;;7;0;3;0;0;;;;3;10
"054025";"Lisciano Niccone";74;0;4;0;0;;;;4;0;3;0;0;;;;3;7
"054025";"Lisciano Niccone";75;3;3;0;1;;;;7;0;3;0;1;;;;4;11
"054025";"Lisciano Niccone";76;1;2;0;1;;;;4;0;1;0;1;;;;2;6
"054025";"Lisciano Niccone";77;0;2;0;0;;;;2;0;1;1;1;;;;3;5
"054025";"Lisciano Niccone";78;0;3;0;0;;;;3;1;1;0;1;;;;3;6
"054025";"Lisciano Niccone";79;1;0;0;0;;;;1;0;2;2;0;;;;4;5
"054025";"Lisciano Niccone";80;0;0;0;0;;;;0;0;1;0;1;;;;2;2
"054025";"Lisciano Niccone";81;1;2;0;0;;;;3;0;0;0;2;;;;2;5
"054025";"Lisciano Niccone";82;0;2;0;1;;;;3;0;1;0;2;;;;3;6
"054025";"Lisciano Niccone";83;0;1;0;1;;;;2;0;3;0;4;;;;7;9
"054025";"Lisciano Niccone";84;0;2;0;0;;;;2;0;0;0;1;;;;1;3
"054025";"Lisciano Niccone";85;0;1;0;0;;;;1;0;0;0;1;;;;1;2
"054025";"Lisciano Niccone";86;0;1;0;1;;;;2;0;0;0;0;;;;0;2
"054025";"Lisciano Niccone";87;0;2;0;0;;;;2;0;1;0;2;;;;3;5
"054025";"Lisciano Niccone";88;0;1;0;0;;;;1;0;0;0;3;;;;3;4
"054025";"Lisciano Niccone";89;0;1;0;0;;;;1;0;0;1;2;;;;3;4
"054025";"Lisciano Niccone";90;0;0;0;0;;;;0;0;1;0;2;;;;3;3
"054025";"Lisciano Niccone";91;0;0;0;0;;;;0;0;0;0;1;;;;1;1
"054025";"Lisciano Niccone";92;0;0;0;0;;;;0;0;0;0;1;;;;1;1
"054025";"Lisciano Niccone";93;0;0;0;0;;;;0;0;0;0;2;;;;2;2
"054025";"Lisciano Niccone";94;0;0;0;0;;;;0;0;0;0;1;;;;1;1
"054025";"Lisciano Niccone";95;0;1;0;0;;;;1;0;0;0;0;;;;0;1
"054025";"Lisciano Niccone";96;0;0;0;0;;;;0;0;0;0;0;;;;0;0
"054025";"Lisciano Niccone";97;0;0;0;0;;;;0;0;0;0;0;;;;0;0
"054025";"Lisciano Niccone";98;0;0;0;0;;;;0;0;0;0;0;;;;0;0
"054025";"Lisciano Niccone";99;0;0;0;0;;;;0;0;0;0;0;;;;0;0
"054025";"Lisciano Niccone";100;0;0;0;0;;;;0;0;0;0;0;;;;0;0
"054025";"Lisciano Niccone";999;140;140;8;7;;;;295;93;154;12;45;;;;304;599
"054026";"Magione";0;50;0;0;0;;;;50;40;0;0;0;;;;40;90
"054026";"Magione";1;39;0;0;0;;;;39;46;0;0;0;;;;46;85
"054026";"Magione";2;42;0;0;0;;;;42;41;0;0;0;;;;41;83
"054026";"Magione";3;62;0;0;0;;;;62;51;0;0;0;;;;51;113
"054026";"Magione";4;60;0;0;0;;;;60;52;0;0;0;;;;52;112
"054026";"Magione";5;58;0;0;0;;;;58;50;0;0;0;;;;50;108
"054026";"Magione";6;80;0;0;0;;;;80;51;0;0;0;;;;51;131
"054026";"Magione";7;64;0;0;0;;;;64;53;0;0;0;;;;53;117
"054026";"Magione";8;64;0;0;0;;;;64;64;0;0;0;;;;64;128
"054026";"Magione";9;55;0;0;0;;;;55;53;0;0;0;;;;53;108
"054026";"Magione";10;75;0;0;0;;;;75;66;0;0;0;;;;66;141
"054026";"Magione";11;62;0;0;0;;;;62;73;0;0;0;;;;73;135
"054026";"Magione";12;83;0;0;0;;;;83;64;0;0;0;;;;64;147
"054026";"Magione";13;74;0;0;0;;;;74;80;0;0;0;;;;80;154
"054026";"Magione";14;81;0;0;0;;;;81;81;0;0;0;;;;81;162
"054026";"Magione";15;83;0;0;0;;;;83;77;0;0;0;;;;77;160
"054026";"Magione";16;76;0;0;0;;;;76;70;0;0;0;;;;70;146
"054026";"Magione";17;66;0;0;0;;;;66;79;0;0;0;;;;79;145
"054026";"Magione";18;65;0;0;0;;;;65;88;0;0;0;;;;88;153
"054026";"Magione";19;101;0;0;0;;;;101;58;0;0;0;;;;58;159
"054026";"Magione";20;62;0;0;0;;;;62;78;0;0;0;;;;78;140
"054026";"Magione";21;60;1;0;0;;;;61;59;0;0;0;;;;59;120
"054026";"Magione";22;75;0;0;0;;;;75;69;0;0;0;;;;69;144
"054026";"Magione";23;68;0;0;0;;;;68;55;2;0;0;;;;57;125
"054026";"Magione";24;61;1;0;0;;;;62;52;3;0;0;;;;55;117
"054026";"Magione";25;57;0;0;0;;;;57;55;3;0;0;;;;58;115
"054026";"Magione";26;52;0;0;0;;;;52;49;7;0;0;;;;56;108
"054026";"Magione";27;59;7;0;0;;;;66;55;5;0;0;;;;60;126
"054026";"Magione";28;40;5;0;0;;;;45;60;10;0;0;;;;70;115
"054026";"Magione";29;62;8;0;0;;;;70;47;16;1;0;;;;64;134
"054026";"Magione";30;72;11;0;0;;;;83;49;28;0;0;;;;77;160
"054026";"Magione";31;53;20;0;0;;;;73;42;15;0;0;;;;57;130
"054026";"Magione";32;62;12;0;0;;;;74;41;23;0;0;;;;64;138
"054026";"Magione";33;60;24;2;0;;;;86;33;27;2;0;;;;62;148
"054026";"Magione";34;56;23;1;0;;;;80;42;40;0;0;;;;82;162
"054026";"Magione";35;58;28;0;0;;;;86;36;33;1;0;;;;70;156
"054026";"Magione";36;42;26;1;0;;;;69;33;33;6;0;;;;72;141
"054026";"Magione";37;59;21;0;0;;;;80;37;36;4;0;;;;77;157
"054026";"Magione";38;46;29;1;0;;;;76;41;49;2;0;;;;92;168
"054026";"Magione";39;51;30;2;0;;;;83;34;46;4;0;;;;84;167
"054026";"Magione";40;46;35;2;0;;;;83;31;45;3;1;;;;80;163
"054026";"Magione";41;35;53;1;0;;;;89;34;59;5;0;;;;98;187
"054026";"Magione";42;50;62;3;0;;;;115;37;54;5;0;;;;96;211
"054026";"Magione";43;33;49;1;0;;;;83;35;59;5;0;;;;99;182
"054026";"Magione";44;57;59;3;0;;;;119;30;86;1;0;;;;117;236
"054026";"Magione";45;39;61;3;0;;;;103;34;79;11;3;;;;127;230
"054026";"Magione";46;43;60;7;0;;;;110;33;85;7;0;;;;125;235
"054026";"Magione";47;43;73;9;0;;;;125;28;74;7;3;;;;112;237
"054026";"Magione";48;38;81;2;0;;;;121;40;90;8;2;;;;140;261
"054026";"Magione";49;44;74;1;2;;;;121;15;82;14;3;;;;114;235
"054026";"Magione";50;43;75;5;1;;;;124;23;88;15;2;;;;128;252
"054026";"Magione";51;34;75;11;1;;;;121;23;97;10;4;;;;134;255
"054026";"Magione";52;26;80;9;0;;;;115;23;95;14;6;;;;138;253
"054026";"Magione";53;33;79;8;0;;;;120;34;93;17;4;;;;148;268
"054026";"Magione";54;24;90;4;1;;;;119;15;91;16;3;;;;125;244
"054026";"Magione";55;23;70;7;0;;;;100;12;96;18;4;;;;130;230
"054026";"Magione";56;21;75;8;2;;;;106;17;68;8;7;;;;100;206
"054026";"Magione";57;25;111;6;1;;;;143;18;94;12;7;;;;131;274
"054026";"Magione";58;21;92;10;3;;;;126;12;87;10;4;;;;113;239
"054026";"Magione";59;11;64;10;2;;;;87;12;74;5;8;;;;99;186
"054026";"Magione";60;18;78;12;3;;;;111;9;77;4;6;;;;96;207
"054026";"Magione";61;15;68;7;0;;;;90;8;93;6;9;;;;116;206
"054026";"Magione";62;13;100;12;2;;;;127;6;72;6;18;;;;102;229
"054026";"Magione";63;8;81;4;5;;;;98;6;84;5;10;;;;105;203
"054026";"Magione";64;6;66;6;3;;;;81;7;71;8;6;;;;92;173
"054026";"Magione";65;11;88;4;5;;;;108;8;64;3;13;;;;88;196
"054026";"Magione";66;7;57;6;6;;;;76;5;72;8;14;;;;99;175
"054026";"Magione";67;13;76;6;2;;;;97;5;73;5;13;;;;96;193
"054026";"Magione";68;5;66;6;4;;;;81;9;56;5;13;;;;83;164
"054026";"Magione";69;5;62;2;2;;;;71;8;52;2;17;;;;79;150
"054026";"Magione";70;5;66;4;7;;;;82;5;64;5;21;;;;95;177
"054026";"Magione";71;11;76;5;4;;;;96;2;67;2;18;;;;89;185
"054026";"Magione";72;7;66;2;0;;;;75;1;53;2;17;;;;73;148
"054026";"Magione";73;6;67;2;9;;;;84;3;49;1;26;;;;79;163
"054026";"Magione";74;7;62;4;4;;;;77;3;53;2;35;;;;93;170
"054026";"Magione";75;8;61;2;6;;;;77;1;53;0;32;;;;86;163
"054026";"Magione";76;5;42;3;4;;;;54;0;48;1;33;;;;82;136
"054026";"Magione";77;5;32;1;9;;;;47;3;31;2;27;;;;63;110
"054026";"Magione";78;3;52;0;7;;;;62;6;32;1;32;;;;71;133
"054026";"Magione";79;6;47;0;5;;;;58;1;31;5;38;;;;75;133
"054026";"Magione";80;1;40;3;7;;;;51;1;32;1;23;;;;57;108
"054026";"Magione";81;4;35;1;4;;;;44;2;26;0;32;;;;60;104
"054026";"Magione";82;6;57;3;5;;;;71;2;28;0;40;;;;70;141
"054026";"Magione";83;2;36;1;5;;;;44;4;28;0;40;;;;72;116
"054026";"Magione";84;6;42;1;14;;;;63;0;23;2;59;;;;84;147
"054026";"Magione";85;4;23;1;8;;;;36;1;17;0;44;;;;62;98
"054026";"Magione";86;3;32;0;7;;;;42;1;11;2;33;;;;47;89
"054026";"Magione";87;3;29;0;7;;;;39;2;13;0;47;;;;62;101
"054026";"Magione";88;1;22;0;5;;;;28;1;6;0;41;;;;48;76
"054026";"Magione";89;1;19;0;9;;;;29;1;7;0;34;;;;42;71
"054026";"Magione";90;1;14;0;4;;;;19;1;4;0;39;;;;44;63
"054026";"Magione";91;1;9;0;9;;;;19;0;2;0;31;;;;33;52
"054026";"Magione";92;0;4;0;1;;;;5;1;1;0;29;;;;31;36
"054026";"Magione";93;0;6;0;2;;;;8;0;0;1;22;;;;23;31
"054026";"Magione";94;0;5;0;1;;;;6;1;1;0;14;;;;16;22
"054026";"Magione";95;0;0;1;2;;;;3;1;1;0;16;;;;18;21
"054026";"Magione";96;0;0;0;0;;;;0;0;0;0;13;;;;13;13
"054026";"Magione";97;0;2;0;2;;;;4;1;0;0;4;;;;5;9
"054026";"Magione";98;0;0;0;1;;;;1;1;0;0;6;;;;7;8
"054026";"Magione";99;0;0;0;1;;;;1;0;0;0;1;;;;1;2
"054026";"Magione";100;0;0;0;0;;;;0;0;0;0;4;;;;4;4
"054026";"Magione";999;3381;3352;216;194;;;;7143;2827;3367;290;1031;;;;7515;14658
"054027";"Marsciano";0;53;0;0;0;;;;53;56;0;0;0;;;;56;109
"054027";"Marsciano";1;63;0;0;0;;;;63;63;0;0;0;;;;63;126
"054027";"Marsciano";2;55;0;0;0;;;;55;64;0;0;0;;;;64;119
"054027";"Marsciano";3;63;0;0;0;;;;63;67;0;0;0;;;;67;130
"054027";"Marsciano";4;74;0;0;0;;;;74;55;0;0;0;;;;55;129
"054027";"Marsciano";5;78;0;0;0;;;;78;78;0;0;0;;;;78;156
"054027";"Marsciano";6;72;0;0;0;;;;72;71;0;0;0;;;;71;143
"054027";"Marsciano";7;78;0;0;0;;;;78;96;0;0;0;;;;96;174
"054027";"Marsciano";8;83;0;0;0;;;;83;74;0;0;0;;;;74;157
"054027";"Marsciano";9;81;0;0;0;;;;81;67;0;0;0;;;;67;148
"054027";"Marsciano";10;97;0;0;0;;;;97;101;0;0;0;;;;101;198
"054027";"Marsciano";11;100;0;0;0;;;;100;78;0;0;0;;;;78;178
"054027";"Marsciano";12;88;0;0;0;;;;88;90;0;0;0;;;;90;178
"054027";"Marsciano";13;97;0;0;0;;;;97;76;0;0;0;;;;76;173
"054027";"Marsciano";14;111;0;0;0;;;;111;85;0;0;0;;;;85;196
"054027";"Marsciano";15;89;0;0;0;;;;89;90;0;0;0;;;;90;179
"054027";"Marsciano";16;82;0;0;0;;;;82;89;0;0;0;;;;89;171
"054027";"Marsciano";17;87;0;0;0;;;;87;90;0;0;0;;;;90;177
"054027";"Marsciano";18;101;0;0;0;;;;101;82;0;0;0;;;;82;183
"054027";"Marsciano";19;78;0;0;0;;;;78;85;1;0;0;;;;86;164
"054027";"Marsciano";20;90;1;0;0;;;;91;87;0;0;0;;;;87;178
"054027";"Marsciano";21;91;0;0;0;;;;91;89;2;0;0;;;;91;182
"054027";"Marsciano";22;82;0;0;0;;;;82;76;1;0;0;;;;77;159
"054027";"Marsciano";23;95;0;0;0;;;;95;85;4;0;0;;;;89;184
"054027";"Marsciano";24;93;1;0;0;;;;94;87;3;0;0;;;;90;184
"054027";"Marsciano";25;88;1;0;0;;;;89;82;8;0;0;;;;90;179
"054027";"Marsciano";26;90;4;0;0;;;;94;65;10;0;0;;;;75;169
"054027";"Marsciano";27;67;2;0;0;;;;69;69;12;0;0;;;;81;150
"054027";"Marsciano";28;89;6;0;0;;;;95;65;14;1;0;;;;80;175
"054027";"Marsciano";29;71;9;0;0;;;;80;80;15;0;0;;;;95;175
"054027";"Marsciano";30;78;12;0;0;;;;90;69;25;0;0;;;;94;184
"054027";"Marsciano";31;86;11;0;0;;;;97;67;32;1;0;;;;100;197
"054027";"Marsciano";32;83;19;0;0;;;;102;60;28;1;0;;;;89;191
"054027";"Marsciano";33;76;21;0;0;;;;97;51;41;1;0;;;;93;190
"054027";"Marsciano";34;81;39;2;0;;;;122;61;49;0;0;;;;110;232
"054027";"Marsciano";35;70;34;1;0;;;;105;39;53;3;0;;;;95;200
"054027";"Marsciano";36;58;35;2;1;;;;96;41;50;3;0;;;;94;190
"054027";"Marsciano";37;65;38;0;0;;;;103;51;59;4;1;;;;115;218
"054027";"Marsciano";38;49;42;1;0;;;;92;40;60;3;0;;;;103;195
"054027";"Marsciano";39;51;53;2;0;;;;106;41;66;4;0;;;;111;217
"054027";"Marsciano";40;49;63;3;0;;;;115;36;56;5;0;;;;97;212
"054027";"Marsciano";41;44;50;0;0;;;;94;32;84;3;2;;;;121;215
"054027";"Marsciano";42;44;58;1;0;;;;103;23;67;8;0;;;;98;201
"054027";"Marsciano";43;50;84;4;0;;;;138;34;83;8;1;;;;126;264
"054027";"Marsciano";44;47;64;3;0;;;;114;34;95;3;0;;;;132;246
"054027";"Marsciano";45;40;86;5;1;;;;132;19;100;8;2;;;;129;261
"054027";"Marsciano";46;37;74;4;0;;;;115;26;96;3;0;;;;125;240
"054027";"Marsciano";47;44;89;6;0;;;;139;29;96;7;3;;;;135;274
"054027";"Marsciano";48;54;97;7;0;;;;158;29;106;6;4;;;;145;303
"054027";"Marsciano";49;37;78;7;0;;;;122;26;99;8;1;;;;134;256
"054027";"Marsciano";50;38;82;6;0;;;;126;26;101;7;2;;;;136;262
"054027";"Marsciano";51;35;91;3;1;;;;130;25;109;7;4;;;;145;275
"054027";"Marsciano";52;22;141;6;0;;;;169;18;127;12;4;;;;161;330
"054027";"Marsciano";53;23;83;7;1;;;;114;14;125;9;5;;;;153;267
"054027";"Marsciano";54;30;97;6;0;;;;133;27;106;9;11;;;;153;286
"054027";"Marsciano";55;25;105;5;0;;;;135;23;119;9;5;;;;156;291
"054027";"Marsciano";56;22;103;6;1;;;;132;18;106;12;6;;;;142;274
"054027";"Marsciano";57;15;127;9;1;;;;152;13;127;6;7;;;;153;305
"054027";"Marsciano";58;23;92;8;4;;;;127;10;129;11;5;;;;155;282
"054027";"Marsciano";59;13;103;5;0;;;;121;16;101;14;7;;;;138;259
"054027";"Marsciano";60;12;122;8;3;;;;145;12;113;7;6;;;;138;283
"054027";"Marsciano";61;14;114;7;3;;;;138;10;104;9;15;;;;138;276
"054027";"Marsciano";62;10;99;10;1;;;;120;11;111;12;8;;;;142;262
"054027";"Marsciano";63;11;104;4;2;;;;121;10;109;13;6;;;;138;259
"054027";"Marsciano";64;18;97;6;4;;;;125;10;97;7;6;;;;120;245
"054027";"Marsciano";65;9;101;5;2;;;;117;12;86;5;10;;;;113;230
"054027";"Marsciano";66;10;97;5;5;;;;117;11;86;3;14;;;;114;231
"054027";"Marsciano";67;11;94;2;4;;;;111;7;92;9;12;;;;120;231
"054027";"Marsciano";68;12;86;5;3;;;;106;12;94;6;13;;;;125;231
"054027";"Marsciano";69;13;94;2;4;;;;113;6;70;4;19;;;;99;212
"054027";"Marsciano";70;2;74;2;3;;;;81;7;74;4;12;;;;97;178
"054027";"Marsciano";71;11;101;8;5;;;;125;6;70;6;23;;;;105;230
"054027";"Marsciano";72;8;78;6;5;;;;97;5;53;2;30;;;;90;187
"054027";"Marsciano";73;6;80;1;5;;;;92;3;82;5;33;;;;123;215
"054027";"Marsciano";74;5;88;5;8;;;;106;3;52;1;26;;;;82;188
"054027";"Marsciano";75;8;82;2;12;;;;104;11;66;2;24;;;;103;207
"054027";"Marsciano";76;2;38;3;9;;;;52;4;71;3;33;;;;111;163
"054027";"Marsciano";77;5;52;2;3;;;;62;0;32;1;19;;;;52;114
"054027";"Marsciano";78;4;52;1;3;;;;60;2;47;2;36;;;;87;147
"054027";"Marsciano";79;10;61;1;6;;;;78;3;39;3;28;;;;73;151
"054027";"Marsciano";80;3;51;2;7;;;;63;2;38;1;33;;;;74;137
"054027";"Marsciano";81;2;52;0;7;;;;61;2;32;1;45;;;;80;141
"054027";"Marsciano";82;3;50;1;10;;;;64;4;42;0;45;;;;91;155
"054027";"Marsciano";83;3;51;2;13;;;;69;4;34;0;52;;;;90;159
"054027";"Marsciano";84;3;36;0;8;;;;47;1;22;0;39;;;;62;109
"054027";"Marsciano";85;3;38;1;6;;;;48;2;20;2;57;;;;81;129
"054027";"Marsciano";86;5;29;0;9;;;;43;0;14;1;56;;;;71;114
"054027";"Marsciano";87;3;45;1;12;;;;61;1;11;0;37;;;;49;110
"054027";"Marsciano";88;3;23;0;11;;;;37;0;10;1;54;;;;65;102
"054027";"Marsciano";89;3;17;0;10;;;;30;3;4;1;38;;;;46;76
"054027";"Marsciano";90;0;18;0;8;;;;26;2;2;1;47;;;;52;78
"054027";"Marsciano";91;0;16;0;8;;;;24;1;4;0;35;;;;40;64
"054027";"Marsciano";92;3;14;0;7;;;;24;1;1;0;26;;;;28;52
"054027";"Marsciano";93;1;7;0;3;;;;11;0;1;0;23;;;;24;35
"054027";"Marsciano";94;1;6;0;7;;;;14;0;1;0;26;;;;27;41
"054027";"Marsciano";95;0;3;0;6;;;;9;0;0;0;17;;;;17;26
"054027";"Marsciano";96;0;0;0;1;;;;1;0;2;0;6;;;;8;9
"054027";"Marsciano";97;0;1;0;1;;;;2;1;0;0;10;;;;11;13
"054027";"Marsciano";98;0;0;0;0;;;;0;0;0;0;10;;;;10;10
"054027";"Marsciano";99;0;1;0;0;;;;1;0;0;0;3;;;;3;4
"054027";"Marsciano";100;0;1;0;1;;;;2;0;0;0;2;;;;2;4
"054027";"Marsciano";999;4092;4268;201;235;;;;8796;3509;4351;288;1104;;;;9252;18048
"054028";"Massa Martana";0;12;0;0;0;;;;12;14;0;0;0;;;;14;26
"054028";"Massa Martana";1;14;0;0;0;;;;14;14;0;0;0;;;;14;28
"054028";"Massa Martana";2;15;0;0;0;;;;15;10;0;0;0;;;;10;25
"054028";"Massa Martana";3;18;0;0;0;;;;18;15;0;0;0;;;;15;33
"054028";"Massa Martana";4;12;0;0;0;;;;12;10;0;0;0;;;;10;22
"054028";"Massa Martana";5;18;0;0;0;;;;18;18;0;0;0;;;;18;36
"054028";"Massa Martana";6;21;0;0;0;;;;21;15;0;0;0;;;;15;36
"054028";"Massa Martana";7;20;0;0;0;;;;20;17;0;0;0;;;;17;37
"054028";"Massa Martana";8;14;0;0;0;;;;14;8;0;0;0;;;;8;22
"054028";"Massa Martana";9;13;0;0;0;;;;13;17;0;0;0;;;;17;30
"054028";"Massa Martana";10;17;0;0;0;;;;17;12;0;0;0;;;;12;29
"054028";"Massa Martana";11;21;0;0;0;;;;21;15;0;0;0;;;;15;36
"054028";"Massa Martana";12;18;0;0;0;;;;18;13;0;0;0;;;;13;31
"054028";"Massa Martana";13;17;0;0;0;;;;17;13;0;0;0;;;;13;30
"054028";"Massa Martana";14;20;0;0;0;;;;20;11;0;0;0;;;;11;31
"054028";"Massa Martana";15;10;0;0;0;;;;10;19;0;0;0;;;;19;29
"054028";"Massa Martana";16;25;0;0;0;;;;25;12;0;0;0;;;;12;37
"054028";"Massa Martana";17;18;0;0;0;;;;18;13;0;0;0;;;;13;31
"054028";"Massa Martana";18;14;0;0;0;;;;14;18;0;0;0;;;;18;32
"054028";"Massa Martana";19;11;0;0;0;;;;11;18;0;0;0;;;;18;29
"054028";"Massa Martana";20;16;0;0;0;;;;16;17;0;0;0;;;;17;33
"054028";"Massa Martana";21;19;0;0;0;;;;19;12;0;0;0;;;;12;31
"054028";"Massa Martana";22;17;0;0;0;;;;17;20;0;0;0;;;;20;37
"054028";"Massa Martana";23;17;0;0;0;;;;17;18;1;0;0;;;;19;36
"054028";"Massa Martana";24;17;0;0;0;;;;17;15;1;0;0;;;;16;33
"054028";"Massa Martana";25;17;0;0;0;;;;17;18;4;0;0;;;;22;39
"054028";"Massa Martana";26;15;2;0;0;;;;17;8;1;0;0;;;;9;26
"054028";"Massa Martana";27;20;1;0;0;;;;21;13;4;0;0;;;;17;38
"054028";"Massa Martana";28;12;0;0;0;;;;12;7;5;0;0;;;;12;24
"054028";"Massa Martana";29;18;5;0;0;;;;23;11;7;0;0;;;;18;41
"054028";"Massa Martana";30;14;5;1;0;;;;20;9;4;0;0;;;;13;33
"054028";"Massa Martana";31;13;4;0;0;;;;17;9;2;0;0;;;;11;28
"054028";"Massa Martana";32;9;5;0;0;;;;14;10;11;0;0;;;;21;35
"054028";"Massa Martana";33;15;2;0;0;;;;17;14;9;1;0;;;;24;41
"054028";"Massa Martana";34;11;5;0;0;;;;16;7;13;1;0;;;;21;37
"054028";"Massa Martana";35;9;12;0;0;;;;21;6;10;0;0;;;;16;37
"054028";"Massa Martana";36;10;6;0;0;;;;16;7;11;0;0;;;;18;34
"054028";"Massa Martana";37;16;10;1;0;;;;27;12;16;1;0;;;;29;56
"054028";"Massa Martana";38;11;11;1;0;;;;23;7;12;1;0;;;;20;43
"054028";"Massa Martana";39;6;15;0;0;;;;21;3;11;0;0;;;;14;35
"054028";"Massa Martana";40;12;9;0;0;;;;21;8;19;0;0;;;;27;48
"054028";"Massa Martana";41;11;12;0;0;;;;23;3;11;2;0;;;;16;39
"054028";"Massa Martana";42;11;17;0;0;;;;28;5;13;0;0;;;;18;46
"054028";"Massa Martana";43;9;7;0;0;;;;16;7;12;1;0;;;;20;36
"054028";"Massa Martana";44;4;15;1;0;;;;20;4;14;0;0;;;;18;38
"054028";"Massa Martana";45;7;14;0;0;;;;21;3;12;1;0;;;;16;37
"054028";"Massa Martana";46;7;14;4;0;;;;25;6;15;0;1;;;;22;47
"054028";"Massa Martana";47;6;15;0;0;;;;21;10;23;2;0;;;;35;56
"054028";"Massa Martana";48;2;17;1;0;;;;20;6;30;0;1;;;;37;57
"054028";"Massa Martana";49;5;14;0;0;;;;19;5;16;1;1;;;;23;42
"054028";"Massa Martana";50;8;19;1;0;;;;28;3;24;3;0;;;;30;58
"054028";"Massa Martana";51;7;16;1;0;;;;24;6;21;0;0;;;;27;51
"054028";"Massa Martana";52;5;20;2;0;;;;27;6;20;0;0;;;;26;53
"054028";"Massa Martana";53;5;20;1;0;;;;26;1;23;3;2;;;;29;55
"054028";"Massa Martana";54;6;29;5;0;;;;40;7;28;1;2;;;;38;78
"054028";"Massa Martana";55;4;17;2;0;;;;23;7;23;2;3;;;;35;58
"054028";"Massa Martana";56;9;30;2;1;;;;42;1;22;2;0;;;;25;67
"054028";"Massa Martana";57;2;26;3;0;;;;31;2;22;1;0;;;;25;56
"054028";"Massa Martana";58;8;20;3;1;;;;32;1;21;0;0;;;;22;54
"054028";"Massa Martana";59;6;26;6;0;;;;38;3;20;0;3;;;;26;64
"054028";"Massa Martana";60;5;13;1;1;;;;20;2;24;1;4;;;;31;51
"054028";"Massa Martana";61;4;22;1;1;;;;28;2;31;2;2;;;;37;65
"054028";"Massa Martana";62;4;37;1;0;;;;42;1;21;1;2;;;;25;67
"054028";"Massa Martana";63;5;19;1;0;;;;25;2;24;0;2;;;;28;53
"054028";"Massa Martana";64;3;25;0;0;;;;28;2;21;1;4;;;;28;56
"054028";"Massa Martana";65;8;22;1;1;;;;32;1;14;1;4;;;;20;52
"054028";"Massa Martana";66;2;16;0;2;;;;20;3;19;0;0;;;;22;42
"054028";"Massa Martana";67;2;20;1;0;;;;23;0;13;3;0;;;;16;39
"054028";"Massa Martana";68;3;29;0;0;;;;32;0;15;1;2;;;;18;50
"054028";"Massa Martana";69;4;18;2;1;;;;25;1;18;1;6;;;;26;51
"054028";"Massa Martana";70;3;24;0;2;;;;29;2;21;0;6;;;;29;58
"054028";"Massa Martana";71;0;17;2;0;;;;19;1;21;0;3;;;;25;44
"054028";"Massa Martana";72;2;16;0;0;;;;18;1;16;0;4;;;;21;39
"054028";"Massa Martana";73;0;22;0;1;;;;23;0;14;0;2;;;;16;39
"054028";"Massa Martana";74;2;17;0;1;;;;20;1;8;0;11;;;;20;40
"054028";"Massa Martana";75;2;13;1;1;;;;17;0;21;0;7;;;;28;45
"054028";"Massa Martana";76;0;19;0;1;;;;20;0;15;0;2;;;;17;37
"054028";"Massa Martana";77;2;12;0;2;;;;16;0;6;0;7;;;;13;29
"054028";"Massa Martana";78;2;10;0;3;;;;15;0;12;0;7;;;;19;34
"054028";"Massa Martana";79;2;8;0;2;;;;12;2;9;0;6;;;;17;29
"054028";"Massa Martana";80;4;12;2;4;;;;22;0;4;0;11;;;;15;37
"054028";"Massa Martana";81;1;12;1;4;;;;18;1;14;1;10;;;;26;44
"054028";"Massa Martana";82;2;9;1;3;;;;15;0;6;0;13;;;;19;34
"054028";"Massa Martana";83;1;10;0;3;;;;14;2;7;0;16;;;;25;39
"054028";"Massa Martana";84;1;12;0;2;;;;15;0;4;0;11;;;;15;30
"054028";"Massa Martana";85;0;10;0;4;;;;14;0;4;0;14;;;;18;32
"054028";"Massa Martana";86;0;6;0;0;;;;6;0;2;0;5;;;;7;13
"054028";"Massa Martana";87;0;8;0;1;;;;9;0;1;0;12;;;;13;22
"054028";"Massa Martana";88;1;3;0;1;;;;5;0;2;0;9;;;;11;16
"054028";"Massa Martana";89;2;3;0;3;;;;8;0;0;0;16;;;;16;24
"054028";"Massa Martana";90;0;1;0;0;;;;1;0;2;0;6;;;;8;9
"054028";"Massa Martana";91;0;7;0;1;;;;8;0;0;0;3;;;;3;11
"054028";"Massa Martana";92;1;3;0;1;;;;5;0;2;0;4;;;;6;11
"054028";"Massa Martana";93;0;1;0;1;;;;2;0;0;0;4;;;;4;6
"054028";"Massa Martana";94;0;3;0;0;;;;3;1;0;0;2;;;;3;6
"054028";"Massa Martana";95;0;2;0;0;;;;2;0;1;0;2;;;;3;5
"054028";"Massa Martana";96;0;0;0;0;;;;0;0;0;0;1;;;;1;1
"054028";"Massa Martana";97;0;0;0;0;;;;0;0;0;0;1;;;;1;1
"054028";"Massa Martana";98;0;0;0;1;;;;1;0;0;0;0;;;;0;1
"054028";"Massa Martana";99;0;0;0;0;;;;0;0;0;0;2;;;;2;2
"054028";"Massa Martana";100;0;0;0;0;;;;0;0;0;0;0;;;;0;0
"054028";"Massa Martana";999;812;921;50;50;;;;1833;624;903;35;236;;;;1798;3631
"054029";"Monte Castello di Vibio";0;3;0;0;0;;;;3;3;0;0;0;;;;3;6
"054029";"Monte Castello di Vibio";1;4;0;0;0;;;;4;4;0;0;0;;;;4;8
"054029";"Monte Castello di Vibio";2;5;0;0;0;;;;5;2;0;0;0;;;;2;7
"054029";"Monte Castello di Vibio";3;6;0;0;0;;;;6;4;0;0;0;;;;4;10
"054029";"Monte Castello di Vibio";4;4;0;0;0;;;;4;5;0;0;0;;;;5;9
"054029";"Monte Castello di Vibio";5;3;0;0;0;;;;3;0;0;0;0;;;;0;3
"054029";"Monte Castello di Vibio";6;4;0;0;0;;;;4;1;0;0;0;;;;1;5
"054029";"Monte Castello di Vibio";7;6;0;0;0;;;;6;9;0;0;0;;;;9;15
"054029";"Monte Castello di Vibio";8;4;0;0;0;;;;4;7;0;0;0;;;;7;11
"054029";"Monte Castello di Vibio";9;9;0;0;0;;;;9;8;0;0;0;;;;8;17
"054029";"Monte Castello di Vibio";10;3;0;0;0;;;;3;4;0;0;0;;;;4;7
"054029";"Monte Castello di Vibio";11;6;0;0;0;;;;6;3;0;0;0;;;;3;9
"054029";"Monte Castello di Vibio";12;10;0;0;0;;;;10;3;0;0;0;;;;3;13
"054029";"Monte Castello di Vibio";13;3;0;0;0;;;;3;6;0;0;0;;;;6;9
"054029";"Monte Castello di Vibio";14;5;0;0;0;;;;5;7;0;0;0;;;;7;12
"054029";"Monte Castello di Vibio";15;5;0;0;0;;;;5;5;0;0;0;;;;5;10
"054029";"Monte Castello di Vibio";16;5;0;0;0;;;;5;4;0;0;0;;;;4;9
"054029";"Monte Castello di Vibio";17;5;0;0;0;;;;5;2;0;0;0;;;;2;7
"054029";"Monte Castello di Vibio";18;9;0;0;0;;;;9;5;0;0;0;;;;5;14
"054029";"Monte Castello di Vibio";19;3;0;0;0;;;;3;4;0;0;0;;;;4;7
"054029";"Monte Castello di Vibio";20;3;0;0;0;;;;3;1;0;0;0;;;;1;4
"054029";"Monte Castello di Vibio";21;4;0;0;0;;;;4;4;1;0;0;;;;5;9
"054029";"Monte Castello di Vibio";22;5;0;0;0;;;;5;4;0;0;0;;;;4;9
"054029";"Monte Castello di Vibio";23;5;0;0;0;;;;5;4;0;0;0;;;;4;9
"054029";"Monte Castello di Vibio";24;6;0;0;0;;;;6;6;1;0;0;;;;7;13
"054029";"Monte Castello di Vibio";25;8;0;0;0;;;;8;3;1;0;0;;;;4;12
"054029";"Monte Castello di Vibio";26;5;0;0;0;;;;5;4;1;0;0;;;;5;10
"054029";"Monte Castello di Vibio";27;2;0;0;0;;;;2;5;1;0;0;;;;6;8
"054029";"Monte Castello di Vibio";28;6;0;0;0;;;;6;4;2;0;0;;;;6;12
"054029";"Monte Castello di Vibio";29;11;1;0;0;;;;12;7;1;0;0;;;;8;20
"054029";"Monte Castello di Vibio";30;2;2;0;0;;;;4;8;1;0;0;;;;9;13
"054029";"Monte Castello di Vibio";31;5;2;0;0;;;;7;11;0;0;0;;;;11;18
"054029";"Monte Castello di Vibio";32;8;1;0;0;;;;9;5;0;0;0;;;;5;14
"054029";"Monte Castello di Vibio";33;9;4;0;0;;;;13;3;1;0;0;;;;4;17
"054029";"Monte Castello di Vibio";34;6;0;0;0;;;;6;1;1;0;0;;;;2;8
"054029";"Monte Castello di Vibio";35;6;1;0;0;;;;7;4;3;1;0;;;;8;15
"054029";"Monte Castello di Vibio";36;4;1;0;0;;;;5;1;2;0;0;;;;3;8
"054029";"Monte Castello di Vibio";37;3;3;1;0;;;;7;4;2;0;0;;;;6;13
"054029";"Monte Castello di Vibio";38;10;2;0;0;;;;12;1;3;2;0;;;;6;18
"054029";"Monte Castello di Vibio";39;7;5;0;0;;;;12;5;5;1;0;;;;11;23
"054029";"Monte Castello di Vibio";40;7;2;0;0;;;;9;2;4;1;0;;;;7;16
"054029";"Monte Castello di Vibio";41;4;4;0;0;;;;8;3;3;0;0;;;;6;14
"054029";"Monte Castello di Vibio";42;3;5;0;0;;;;8;5;5;0;0;;;;10;18
"054029";"Monte Castello di Vibio";43;1;5;0;0;;;;6;3;4;1;0;;;;8;14
"054029";"Monte Castello di Vibio";44;2;4;0;0;;;;6;4;5;1;0;;;;10;16
"054029";"Monte Castello di Vibio";45;6;6;0;0;;;;12;2;5;1;0;;;;8;20
"054029";"Monte Castello di Vibio";46;4;5;1;0;;;;10;0;6;0;0;;;;6;16
"054029";"Monte Castello di Vibio";47;1;6;1;0;;;;8;4;2;0;0;;;;6;14
"054029";"Monte Castello di Vibio";48;1;2;0;0;;;;3;2;10;0;0;;;;12;15
"054029";"Monte Castello di Vibio";49;4;6;0;0;;;;10;0;7;1;1;;;;9;19
"054029";"Monte Castello di Vibio";50;2;8;0;0;;;;10;1;5;0;0;;;;6;16
"054029";"Monte Castello di Vibio";51;6;5;0;0;;;;11;1;6;0;3;;;;10;21
"054029";"Monte Castello di Vibio";52;2;5;1;0;;;;8;1;11;0;0;;;;12;20
"054029";"Monte Castello di Vibio";53;2;11;2;0;;;;15;3;7;0;0;;;;10;25
"054029";"Monte Castello di Vibio";54;4;11;1;0;;;;16;3;7;2;1;;;;13;29
"054029";"Monte Castello di Vibio";55;6;6;2;0;;;;14;1;7;2;1;;;;11;25
"054029";"Monte Castello di Vibio";56;1;14;1;0;;;;16;1;5;0;0;;;;6;22
"054029";"Monte Castello di Vibio";57;3;4;0;0;;;;7;1;5;4;0;;;;10;17
"054029";"Monte Castello di Vibio";58;1;9;1;0;;;;11;2;12;0;0;;;;14;25
"054029";"Monte Castello di Vibio";59;1;9;1;0;;;;11;0;7;2;1;;;;10;21
"054029";"Monte Castello di Vibio";60;2;8;0;0;;;;10;0;6;2;0;;;;8;18
"054029";"Monte Castello di Vibio";61;1;9;0;1;;;;11;1;11;0;1;;;;13;24
"054029";"Monte Castello di Vibio";62;2;5;1;1;;;;9;2;11;0;0;;;;13;22
"054029";"Monte Castello di Vibio";63;1;10;0;0;;;;11;1;12;0;1;;;;14;25
"054029";"Monte Castello di Vibio";64;1;10;2;0;;;;13;0;8;0;1;;;;9;22
"054029";"Monte Castello di Vibio";65;3;11;0;1;;;;15;2;12;0;0;;;;14;29
"054029";"Monte Castello di Vibio";66;1;9;1;0;;;;11;1;8;0;2;;;;11;22
"054029";"Monte Castello di Vibio";67;1;8;0;0;;;;9;0;12;0;0;;;;12;21
"054029";"Monte Castello di Vibio";68;1;9;2;0;;;;12;1;11;2;1;;;;15;27
"054029";"Monte Castello di Vibio";69;1;10;2;1;;;;14;0;6;1;3;;;;10;24
"054029";"Monte Castello di Vibio";70;1;13;1;2;;;;17;1;1;2;2;;;;6;23
"054029";"Monte Castello di Vibio";71;2;7;1;0;;;;10;0;13;0;0;;;;13;23
"054029";"Monte Castello di Vibio";72;1;14;1;0;;;;16;1;6;0;3;;;;10;26
"054029";"Monte Castello di Vibio";73;1;8;0;0;;;;9;0;9;0;3;;;;12;21
"054029";"Monte Castello di Vibio";74;3;7;0;1;;;;11;1;7;1;2;;;;11;22
"054029";"Monte Castello di Vibio";75;0;4;1;0;;;;5;1;10;1;2;;;;14;19
"054029";"Monte Castello di Vibio";76;1;5;1;1;;;;8;1;7;0;3;;;;11;19
"054029";"Monte Castello di Vibio";77;1;5;0;1;;;;7;1;2;1;2;;;;6;13
"054029";"Monte Castello di Vibio";78;0;7;0;0;;;;7;0;8;0;7;;;;15;22
"054029";"Monte Castello di Vibio";79;2;8;0;0;;;;10;1;3;0;3;;;;7;17
"054029";"Monte Castello di Vibio";80;1;7;1;0;;;;9;0;6;0;5;;;;11;20
"054029";"Monte Castello di Vibio";81;0;5;0;1;;;;6;0;2;1;4;;;;7;13
"054029";"Monte Castello di Vibio";82;2;8;1;1;;;;12;0;3;0;4;;;;7;19
"054029";"Monte Castello di Vibio";83;3;5;0;0;;;;8;0;3;0;5;;;;8;16
"054029";"Monte Castello di Vibio";84;0;7;0;1;;;;8;0;2;0;8;;;;10;18
"054029";"Monte Castello di Vibio";85;0;0;1;0;;;;1;0;4;0;8;;;;12;13
"054029";"Monte Castello di Vibio";86;1;5;0;0;;;;6;0;1;0;6;;;;7;13
"054029";"Monte Castello di Vibio";87;1;1;0;2;;;;4;0;0;0;5;;;;5;9
"054029";"Monte Castello di Vibio";88;0;1;0;0;;;;1;0;2;0;3;;;;5;6
"054029";"Monte Castello di Vibio";89;0;2;0;2;;;;4;0;0;0;4;;;;4;8
"054029";"Monte Castello di Vibio";90;0;2;0;0;;;;2;0;0;0;0;;;;0;2
"054029";"Monte Castello di Vibio";91;0;2;0;1;;;;3;1;0;0;7;;;;8;11
"054029";"Monte Castello di Vibio";92;0;0;0;1;;;;1;0;0;0;1;;;;1;2
"054029";"Monte Castello di Vibio";93;0;0;0;0;;;;0;0;0;0;3;;;;3;3
"054029";"Monte Castello di Vibio";94;0;0;0;0;;;;0;1;0;0;4;;;;5;5
"054029";"Monte Castello di Vibio";95;0;0;0;1;;;;1;0;0;0;1;;;;1;2
"054029";"Monte Castello di Vibio";96;0;0;0;0;;;;0;0;0;0;1;;;;1;1
"054029";"Monte Castello di Vibio";97;1;1;0;0;;;;2;1;0;0;0;;;;1;3
"054029";"Monte Castello di Vibio";98;0;0;0;0;;;;0;0;0;0;0;;;;0;0
"054029";"Monte Castello di Vibio";99;0;0;0;0;;;;0;0;0;0;0;;;;0;0
"054029";"Monte Castello di Vibio";100;0;0;0;0;;;;0;0;0;0;0;;;;0;0
"054029";"Monte Castello di Vibio";999;313;362;28;19;;;;722;228;335;30;112;;;;705;1427
"054030";"Montefalco";0;16;0;0;0;;;;16;16;0;0;0;;;;16;32
"054030";"Montefalco";1;19;0;0;0;;;;19;18;0;0;0;;;;18;37
"054030";"Montefalco";2;16;0;0;0;;;;16;16;0;0;0;;;;16;32
"054030";"Montefalco";3;16;0;0;0;;;;16;24;0;0;0;;;;24;40
"054030";"Montefalco";4;20;0;0;0;;;;20;18;0;0;0;;;;18;38
"054030";"Montefalco";5;26;0;0;0;;;;26;13;0;0;0;;;;13;39
"054030";"Montefalco";6;24;0;0;0;;;;24;25;0;0;0;;;;25;49
"054030";"Montefalco";7;15;0;0;0;;;;15;22;0;0;0;;;;22;37
"054030";"Montefalco";8;15;0;0;0;;;;15;22;0;0;0;;;;22;37
"054030";"Montefalco";9;27;0;0;0;;;;27;19;0;0;0;;;;19;46
"054030";"Montefalco";10;12;0;0;0;;;;12;11;0;0;0;;;;11;23
"054030";"Montefalco";11;14;0;0;0;;;;14;35;0;0;0;;;;35;49
"054030";"Montefalco";12;20;0;0;0;;;;20;14;0;0;0;;;;14;34
"054030";"Montefalco";13;17;0;0;0;;;;17;20;0;0;0;;;;20;37
"054030";"Montefalco";14;14;0;0;0;;;;14;18;0;0;0;;;;18;32
"054030";"Montefalco";15;16;0;0;0;;;;16;25;0;0;0;;;;25;41
"054030";"Montefalco";16;30;0;0;0;;;;30;24;0;0;0;;;;24;54
"054030";"Montefalco";17;24;0;0;0;;;;24;20;0;0;0;;;;20;44
"054030";"Montefalco";18;24;0;0;0;;;;24;23;0;0;0;;;;23;47
"054030";"Montefalco";19;27;0;0;0;;;;27;18;0;0;0;;;;18;45
"054030";"Montefalco";20;19;0;0;0;;;;19;14;1;0;0;;;;15;34
"054030";"Montefalco";21;28;0;0;0;;;;28;22;1;0;0;;;;23;51
"054030";"Montefalco";22;32;0;0;0;;;;32;25;0;0;0;;;;25;57
"054030";"Montefalco";23;24;0;0;0;;;;24;21;3;0;0;;;;24;48
"054030";"Montefalco";24;26;0;0;0;;;;26;23;1;0;0;;;;24;50
"054030";"Montefalco";25;22;0;0;0;;;;22;18;0;0;0;;;;18;40
"054030";"Montefalco";26;25;0;0;0;;;;25;20;2;0;0;;;;22;47
"054030";"Montefalco";27;30;2;0;0;;;;32;21;2;0;0;;;;23;55
"054030";"Montefalco";28;16;2;0;0;;;;18;29;8;0;0;;;;37;55
"054030";"Montefalco";29;38;4;0;0;;;;42;20;4;0;0;;;;24;66
"054030";"Montefalco";30;23;0;0;0;;;;23;18;4;0;0;;;;22;45
"054030";"Montefalco";31;26;3;0;0;;;;29;20;6;0;0;;;;26;55
"054030";"Montefalco";32;24;3;1;0;;;;28;22;3;0;0;;;;25;53
"054030";"Montefalco";33;23;4;0;1;;;;28;19;6;0;0;;;;25;53
"054030";"Montefalco";34;13;10;0;0;;;;23;13;14;1;0;;;;28;51
"054030";"Montefalco";35;25;10;0;0;;;;35;27;14;0;0;;;;41;76
"054030";"Montefalco";36;19;10;0;0;;;;29;8;10;0;0;;;;18;47
"054030";"Montefalco";37;15;9;0;0;;;;24;11;15;2;0;;;;28;52
"054030";"Montefalco";38;12;7;0;0;;;;19;12;17;1;0;;;;30;49
"054030";"Montefalco";39;18;15;0;2;;;;35;10;13;3;1;;;;27;62
"054030";"Montefalco";40;21;18;1;0;;;;40;13;16;0;0;;;;29;69
"054030";"Montefalco";41;19;22;0;0;;;;41;16;19;1;0;;;;36;77
"054030";"Montefalco";42;21;13;0;0;;;;34;11;19;0;0;;;;30;64
"054030";"Montefalco";43;15;20;0;0;;;;35;5;21;1;1;;;;28;63
"054030";"Montefalco";44;15;21;3;1;;;;40;12;23;3;1;;;;39;79
"054030";"Montefalco";45;18;22;5;0;;;;45;10;12;1;0;;;;23;68
"054030";"Montefalco";46;15;18;2;0;;;;35;12;35;6;2;;;;55;90
"054030";"Montefalco";47;14;18;1;0;;;;33;17;22;3;0;;;;42;75
"054030";"Montefalco";48;14;23;2;0;;;;39;8;25;2;1;;;;36;75
"054030";"Montefalco";49;12;21;3;0;;;;36;8;39;2;1;;;;50;86
"054030";"Montefalco";50;12;41;1;0;;;;54;9;32;2;0;;;;43;97
"054030";"Montefalco";51;10;32;2;1;;;;45;8;33;1;1;;;;43;88
"054030";"Montefalco";52;9;29;2;0;;;;40;2;31;3;1;;;;37;77
"054030";"Montefalco";53;12;26;1;0;;;;39;1;25;5;0;;;;31;70
"054030";"Montefalco";54;11;23;1;1;;;;36;4;30;1;4;;;;39;75
"054030";"Montefalco";55;9;24;2;0;;;;35;5;36;1;3;;;;45;80
"054030";"Montefalco";56;9;27;2;1;;;;39;5;30;3;4;;;;42;81
"054030";"Montefalco";57;5;39;2;1;;;;47;4;33;3;1;;;;41;88
"054030";"Montefalco";58;4;44;5;0;;;;53;4;40;1;3;;;;48;101
"054030";"Montefalco";59;6;31;1;1;;;;39;9;46;1;1;;;;57;96
"054030";"Montefalco";60;6;32;5;0;;;;43;3;37;6;2;;;;48;91
"054030";"Montefalco";61;11;28;2;0;;;;41;3;31;2;3;;;;39;80
"054030";"Montefalco";62;3;28;3;2;;;;36;3;31;2;2;;;;38;74
"054030";"Montefalco";63;3;35;1;0;;;;39;3;33;1;3;;;;40;79
"054030";"Montefalco";64;6;34;0;2;;;;42;2;31;4;3;;;;40;82
"054030";"Montefalco";65;1;32;0;0;;;;33;7;27;1;3;;;;38;71
"054030";"Montefalco";66;2;34;2;1;;;;39;0;27;4;2;;;;33;72
"054030";"Montefalco";67;2;18;1;2;;;;23;3;27;1;3;;;;34;57
"054030";"Montefalco";68;2;32;3;3;;;;40;3;24;1;5;;;;33;73
"054030";"Montefalco";69;7;22;1;1;;;;31;2;29;0;3;;;;34;65
"054030";"Montefalco";70;4;23;1;0;;;;28;0;31;2;9;;;;42;70
"054030";"Montefalco";71;4;32;0;2;;;;38;1;25;1;6;;;;33;71
"054030";"Montefalco";72;1;24;1;3;;;;29;1;28;0;10;;;;39;68
"054030";"Montefalco";73;1;29;3;2;;;;35;1;21;1;6;;;;29;64
"054030";"Montefalco";74;2;34;1;4;;;;41;2;24;3;12;;;;41;82
"054030";"Montefalco";75;3;19;0;1;;;;23;2;19;1;9;;;;31;54
"054030";"Montefalco";76;5;31;0;4;;;;40;0;22;0;9;;;;31;71
"054030";"Montefalco";77;3;25;1;2;;;;31;3;15;1;12;;;;31;62
"054030";"Montefalco";78;0;26;0;1;;;;27;1;9;0;13;;;;23;50
"054030";"Montefalco";79;2;14;0;3;;;;19;1;15;2;9;;;;27;46
"054030";"Montefalco";80;2;28;1;4;;;;35;0;9;1;17;;;;27;62
"054030";"Montefalco";81;5;17;1;5;;;;28;1;12;0;17;;;;30;58
"054030";"Montefalco";82;1;14;0;4;;;;19;1;7;0;16;;;;24;43
"054030";"Montefalco";83;2;12;0;3;;;;17;1;7;1;19;;;;28;45
"054030";"Montefalco";84;2;14;0;5;;;;21;1;9;0;17;;;;27;48
"054030";"Montefalco";85;3;12;0;5;;;;20;0;4;1;10;;;;15;35
"054030";"Montefalco";86;2;8;0;5;;;;15;0;6;0;17;;;;23;38
"054030";"Montefalco";87;2;10;0;1;;;;13;0;2;0;19;;;;21;34
"054030";"Montefalco";88;1;4;0;3;;;;8;3;8;0;21;;;;32;40
"054030";"Montefalco";89;1;3;0;3;;;;7;3;4;0;12;;;;19;26
"054030";"Montefalco";90;0;12;0;1;;;;13;0;1;2;13;;;;16;29
"054030";"Montefalco";91;2;4;0;6;;;;12;2;1;0;5;;;;8;20
"054030";"Montefalco";92;0;5;0;2;;;;7;1;3;0;10;;;;14;21
"054030";"Montefalco";93;0;2;0;3;;;;5;0;0;0;4;;;;4;9
"054030";"Montefalco";94;0;0;0;1;;;;1;0;0;0;7;;;;7;8
"054030";"Montefalco";95;0;3;0;1;;;;4;1;0;0;3;;;;4;8
"054030";"Montefalco";96;0;0;0;1;;;;1;0;0;0;4;;;;4;5
"054030";"Montefalco";97;0;0;0;0;;;;0;0;0;0;4;;;;4;4
"054030";"Montefalco";98;0;0;0;0;;;;0;0;0;0;3;;;;3;3
"054030";"Montefalco";99;0;0;0;0;;;;0;0;0;0;2;;;;2;2
"054030";"Montefalco";100;0;0;0;1;;;;1;0;1;0;3;;;;4;5
"054030";"Montefalco";999;1192;1291;64;96;;;;2643;992;1271;85;372;;;;2720;5363
"054031";"Monteleone di Spoleto";0;0;0;0;0;;;;0;0;0;0;0;;;;0;0
"054031";"Monteleone di Spoleto";1;1;0;0;0;;;;1;1;0;0;0;;;;1;2
"054031";"Monteleone di Spoleto";2;2;0;0;0;;;;2;2;0;0;0;;;;2;4
"054031";"Monteleone di Spoleto";3;2;0;0;0;;;;2;2;0;0;0;;;;2;4
"054031";"Monteleone di Spoleto";4;0;0;0;0;;;;0;2;0;0;0;;;;2;2
"054031";"Monteleone di Spoleto";5;0;0;0;0;;;;0;2;0;0;0;;;;2;2
"054031";"Monteleone di Spoleto";6;1;0;0;0;;;;1;0;0;0;0;;;;0;1
"054031";"Monteleone di Spoleto";7;1;0;0;0;;;;1;1;0;0;0;;;;1;2
"054031";"Monteleone di Spoleto";8;0;0;0;0;;;;0;4;0;0;0;;;;4;4
"054031";"Monteleone di Spoleto";9;0;0;0;0;;;;0;2;0;0;0;;;;2;2
"054031";"Monteleone di Spoleto";10;0;0;0;0;;;;0;0;0;0;0;;;;0;0
"054031";"Monteleone di Spoleto";11;3;0;0;0;;;;3;3;0;0;0;;;;3;6
"054031";"Monteleone di Spoleto";12;0;0;0;0;;;;0;2;0;0;0;;;;2;2
"054031";"Monteleone di Spoleto";13;2;0;0;0;;;;2;1;0;0;0;;;;1;3
"054031";"Monteleone di Spoleto";14;1;0;0;0;;;;1;1;0;0;0;;;;1;2
"054031";"Monteleone di Spoleto";15;1;0;0;0;;;;1;4;0;0;0;;;;4;5
"054031";"Monteleone di Spoleto";16;3;0;0;0;;;;3;3;0;0;0;;;;3;6
"054031";"Monteleone di Spoleto";17;2;0;0;0;;;;2;1;0;0;0;;;;1;3
"054031";"Monteleone di Spoleto";18;1;0;0;0;;;;1;2;0;0;0;;;;2;3
"054031";"Monteleone di Spoleto";19;5;0;0;0;;;;5;8;0;0;0;;;;8;13
"054031";"Monteleone di Spoleto";20;3;0;0;0;;;;3;1;0;0;0;;;;1;4
"054031";"Monteleone di Spoleto";21;2;0;0;0;;;;2;4;0;0;0;;;;4;6
"054031";"Monteleone di Spoleto";22;4;0;0;0;;;;4;3;0;0;0;;;;3;7
"054031";"Monteleone di Spoleto";23;4;0;0;0;;;;4;1;0;0;0;;;;1;5
"054031";"Monteleone di Spoleto";24;5;0;0;0;;;;5;4;0;0;0;;;;4;9
"054031";"Monteleone di Spoleto";25;6;0;0;0;;;;6;2;0;0;0;;;;2;8
"054031";"Monteleone di Spoleto";26;1;0;0;0;;;;1;2;0;0;0;;;;2;3
"054031";"Monteleone di Spoleto";27;4;0;0;0;;;;4;0;0;0;0;;;;0;4
"054031";"Monteleone di Spoleto";28;7;0;0;0;;;;7;2;0;0;0;;;;2;9
"054031";"Monteleone di Spoleto";29;5;1;0;0;;;;6;4;0;0;0;;;;4;10
"054031";"Monteleone di Spoleto";30;1;0;0;0;;;;1;1;0;0;0;;;;1;2
"054031";"Monteleone di Spoleto";31;2;0;0;0;;;;2;2;0;0;0;;;;2;4
"054031";"Monteleone di Spoleto";32;6;0;0;0;;;;6;2;1;0;0;;;;3;9
"054031";"Monteleone di Spoleto";33;2;0;0;0;;;;2;2;0;0;0;;;;2;4
"054031";"Monteleone di Spoleto";34;3;0;0;0;;;;3;1;0;0;0;;;;1;4
"054031";"Monteleone di Spoleto";35;3;1;0;0;;;;4;3;0;0;0;;;;3;7
"054031";"Monteleone di Spoleto";36;2;0;0;0;;;;2;1;0;0;0;;;;1;3
"054031";"Monteleone di Spoleto";37;3;0;0;0;;;;3;1;2;1;0;;;;4;7
"054031";"Monteleone di Spoleto";38;1;0;0;0;;;;1;0;1;0;0;;;;1;2
"054031";"Monteleone di Spoleto";39;4;0;0;0;;;;4;2;1;1;0;;;;4;8
"054031";"Monteleone di Spoleto";40;3;1;0;0;;;;4;1;1;0;1;;;;3;7
"054031";"Monteleone di Spoleto";41;1;1;1;0;;;;3;2;2;0;0;;;;4;7
"054031";"Monteleone di Spoleto";42;5;2;0;0;;;;7;2;4;0;0;;;;6;13
"054031";"Monteleone di Spoleto";43;1;1;0;0;;;;2;0;1;0;0;;;;1;3
"054031";"Monteleone di Spoleto";44;2;0;0;0;;;;2;1;0;0;0;;;;1;3
"054031";"Monteleone di Spoleto";45;2;1;0;0;;;;3;1;2;0;0;;;;3;6
"054031";"Monteleone di Spoleto";46;1;0;0;0;;;;1;0;2;0;0;;;;2;3
"054031";"Monteleone di Spoleto";47;1;0;0;0;;;;1;0;4;0;0;;;;4;5
"054031";"Monteleone di Spoleto";48;3;1;0;0;;;;4;0;3;0;0;;;;3;7
"054031";"Monteleone di Spoleto";49;0;0;0;0;;;;0;1;1;0;0;;;;2;2
"054031";"Monteleone di Spoleto";50;2;4;1;0;;;;7;0;3;0;0;;;;3;10
"054031";"Monteleone di Spoleto";51;1;3;0;0;;;;4;0;3;1;0;;;;4;8
"054031";"Monteleone di Spoleto";52;1;3;0;0;;;;4;2;5;0;0;;;;7;11
"054031";"Monteleone di Spoleto";53;0;6;0;1;;;;7;1;0;0;0;;;;1;8
"054031";"Monteleone di Spoleto";54;1;2;0;0;;;;3;0;2;0;0;;;;2;5
"054031";"Monteleone di Spoleto";55;0;4;0;0;;;;4;0;6;1;0;;;;7;11
"054031";"Monteleone di Spoleto";56;2;2;2;0;;;;6;0;4;0;0;;;;4;10
"054031";"Monteleone di Spoleto";57;1;2;1;0;;;;4;0;6;0;0;;;;6;10
"054031";"Monteleone di Spoleto";58;0;6;0;0;;;;6;0;6;0;0;;;;6;12
"054031";"Monteleone di Spoleto";59;0;4;0;0;;;;4;1;3;0;1;;;;5;9
"054031";"Monteleone di Spoleto";60;0;9;0;1;;;;10;0;4;0;0;;;;4;14
"054031";"Monteleone di Spoleto";61;0;7;0;0;;;;7;0;3;0;1;;;;4;11
"054031";"Monteleone di Spoleto";62;0;7;0;0;;;;7;0;5;0;0;;;;5;12
"054031";"Monteleone di Spoleto";63;0;3;0;0;;;;3;1;2;0;0;;;;3;6
"054031";"Monteleone di Spoleto";64;0;3;0;0;;;;3;1;3;0;1;;;;5;8
"054031";"Monteleone di Spoleto";65;2;7;0;0;;;;9;0;4;1;1;;;;6;15
"054031";"Monteleone di Spoleto";66;0;8;1;0;;;;9;0;6;0;2;;;;8;17
"054031";"Monteleone di Spoleto";67;1;1;0;0;;;;2;0;4;1;0;;;;5;7
"054031";"Monteleone di Spoleto";68;2;5;0;0;;;;7;0;5;0;1;;;;6;13
"054031";"Monteleone di Spoleto";69;0;4;0;0;;;;4;0;2;0;0;;;;2;6
"054031";"Monteleone di Spoleto";70;0;4;0;0;;;;4;0;4;0;0;;;;4;8
"054031";"Monteleone di Spoleto";71;1;5;0;0;;;;6;0;2;0;1;;;;3;9
"054031";"Monteleone di Spoleto";72;0;2;0;0;;;;2;1;3;1;4;;;;9;11
"054031";"Monteleone di Spoleto";73;0;2;0;0;;;;2;0;1;0;0;;;;1;3
"054031";"Monteleone di Spoleto";74;1;2;0;0;;;;3;0;2;0;1;;;;3;6
"054031";"Monteleone di Spoleto";75;0;6;0;0;;;;6;1;3;0;0;;;;4;10
"054031";"Monteleone di Spoleto";76;0;3;0;0;;;;3;0;2;0;1;;;;3;6
"054031";"Monteleone di Spoleto";77;1;2;0;0;;;;3;0;1;0;2;;;;3;6
"054031";"Monteleone di Spoleto";78;1;1;0;0;;;;2;1;2;0;0;;;;3;5
"054031";"Monteleone di Spoleto";79;0;0;0;0;;;;0;0;2;0;0;;;;2;2
"054031";"Monteleone di Spoleto";80;1;3;0;1;;;;5;0;2;0;1;;;;3;8
"054031";"Monteleone di Spoleto";81;0;2;0;0;;;;2;0;0;0;1;;;;1;3
"054031";"Monteleone di Spoleto";82;1;2;0;0;;;;3;0;2;0;2;;;;4;7
"054031";"Monteleone di Spoleto";83;0;2;0;1;;;;3;0;0;0;2;;;;2;5
"054031";"Monteleone di Spoleto";84;0;2;0;0;;;;2;0;0;0;2;;;;2;4
"054031";"Monteleone di Spoleto";85;0;0;0;0;;;;0;0;0;0;1;;;;1;1
"054031";"Monteleone di Spoleto";86;0;1;0;0;;;;1;1;0;0;1;;;;2;3
"054031";"Monteleone di Spoleto";87;0;0;0;0;;;;0;0;0;0;3;;;;3;3
"054031";"Monteleone di Spoleto";88;0;0;0;0;;;;0;0;0;0;2;;;;2;2
"054031";"Monteleone di Spoleto";89;0;2;0;1;;;;3;0;0;0;1;;;;1;4
"054031";"Monteleone di Spoleto";90;0;0;0;0;;;;0;0;2;0;0;;;;2;2
"054031";"Monteleone di Spoleto";91;0;0;0;1;;;;1;0;0;0;3;;;;3;4
"054031";"Monteleone di Spoleto";92;0;1;0;0;;;;1;0;0;0;0;;;;0;1
"054031";"Monteleone di Spoleto";93;0;0;0;0;;;;0;0;0;0;1;;;;1;1
"054031";"Monteleone di Spoleto";94;0;0;0;0;;;;0;0;0;0;0;;;;0;0
"054031";"Monteleone di Spoleto";95;0;0;0;0;;;;0;0;0;0;0;;;;0;0
"054031";"Monteleone di Spoleto";96;0;0;0;0;;;;0;0;0;0;0;;;;0;0
"054031";"Monteleone di Spoleto";97;0;0;0;0;;;;0;0;0;0;1;;;;1;1
"054031";"Monteleone di Spoleto";98;0;0;0;0;;;;0;0;0;0;0;;;;0;0
"054031";"Monteleone di Spoleto";99;0;0;0;0;;;;0;0;0;0;0;;;;0;0
"054031";"Monteleone di Spoleto";100;0;0;0;0;;;;0;0;0;0;0;;;;0;0
"054031";"Monteleone di Spoleto";999;131;141;6;6;;;;284;97;129;7;38;;;;271;555
"054032";"Monte Santa Maria Tiberina";0;2;0;0;0;;;;2;3;0;0;0;;;;3;5
"054032";"Monte Santa Maria Tiberina";1;3;0;0;0;;;;3;2;0;0;0;;;;2;5
"054032";"Monte Santa Maria Tiberina";2;4;0;0;0;;;;4;6;0;0;0;;;;6;10
"054032";"Monte Santa Maria Tiberina";3;1;0;0;0;;;;1;5;0;0;0;;;;5;6
"054032";"Monte Santa Maria Tiberina";4;4;0;0;0;;;;4;5;0;0;0;;;;5;9
"054032";"Monte Santa Maria Tiberina";5;0;0;0;0;;;;0;8;0;0;0;;;;8;8
"054032";"Monte Santa Maria Tiberina";6;2;0;0;0;;;;2;5;0;0;0;;;;5;7
"054032";"Monte Santa Maria Tiberina";7;2;0;0;0;;;;2;3;0;0;0;;;;3;5
"054032";"Monte Santa Maria Tiberina";8;6;0;0;0;;;;6;1;0;0;0;;;;1;7
"054032";"Monte Santa Maria Tiberina";9;4;0;0;0;;;;4;3;0;0;0;;;;3;7
"054032";"Monte Santa Maria Tiberina";10;3;0;0;0;;;;3;8;0;0;0;;;;8;11
"054032";"Monte Santa Maria Tiberina";11;3;0;0;0;;;;3;6;0;0;0;;;;6;9
"054032";"Monte Santa Maria Tiberina";12;6;0;0;0;;;;6;3;0;0;0;;;;3;9
"054032";"Monte Santa Maria Tiberina";13;2;0;0;0;;;;2;3;0;0;0;;;;3;5
"054032";"Monte Santa Maria Tiberina";14;4;0;0;0;;;;4;6;0;0;0;;;;6;10
"054032";"Monte Santa Maria Tiberina";15;5;0;0;0;;;;5;6;0;0;0;;;;6;11
"054032";"Monte Santa Maria Tiberina";16;8;0;0;0;;;;8;3;0;0;0;;;;3;11
"054032";"Monte Santa Maria Tiberina";17;7;0;0;0;;;;7;7;0;0;0;;;;7;14
"054032";"Monte Santa Maria Tiberina";18;5;0;0;0;;;;5;2;0;0;0;;;;2;7
"054032";"Monte Santa Maria Tiberina";19;3;0;0;0;;;;3;3;0;0;0;;;;3;6
"054032";"Monte Santa Maria Tiberina";20;3;0;0;0;;;;3;3;0;0;0;;;;3;6
"054032";"Monte Santa Maria Tiberina";21;5;0;0;0;;;;5;0;0;0;0;;;;0;5
"054032";"Monte Santa Maria Tiberina";22;4;0;0;0;;;;4;3;0;0;0;;;;3;7
"054032";"Monte Santa Maria Tiberina";23;4;0;0;0;;;;4;9;0;0;0;;;;9;13
"054032";"Monte Santa Maria Tiberina";24;6;0;0;0;;;;6;4;0;0;0;;;;4;10
"054032";"Monte Santa Maria Tiberina";25;2;0;0;0;;;;2;2;1;0;0;;;;3;5
"054032";"Monte Santa Maria Tiberina";26;4;0;0;0;;;;4;6;0;0;0;;;;6;10
"054032";"Monte Santa Maria Tiberina";27;6;0;0;0;;;;6;3;1;0;0;;;;4;10
"054032";"Monte Santa Maria Tiberina";28;7;0;0;0;;;;7;5;0;0;0;;;;5;12
"054032";"Monte Santa Maria Tiberina";29;10;1;0;0;;;;11;2;0;0;0;;;;2;13
"054032";"Monte Santa Maria Tiberina";30;4;0;0;0;;;;4;1;3;0;0;;;;4;8
"054032";"Monte Santa Maria Tiberina";31;3;1;0;0;;;;4;1;2;0;0;;;;3;7
"054032";"Monte Santa Maria Tiberina";32;3;0;0;0;;;;3;0;0;0;0;;;;0;3
"054032";"Monte Santa Maria Tiberina";33;4;0;0;0;;;;4;4;3;0;0;;;;7;11
"054032";"Monte Santa Maria Tiberina";34;7;2;0;0;;;;9;3;4;0;0;;;;7;16
"054032";"Monte Santa Maria Tiberina";35;4;2;0;0;;;;6;2;5;0;0;;;;7;13
"054032";"Monte Santa Maria Tiberina";36;2;5;0;0;;;;7;0;2;0;0;;;;2;9
"054032";"Monte Santa Maria Tiberina";37;4;3;0;0;;;;7;2;3;0;0;;;;5;12
"054032";"Monte Santa Maria Tiberina";38;4;0;0;0;;;;4;3;3;2;0;;;;8;12
"054032";"Monte Santa Maria Tiberina";39;1;4;0;0;;;;5;4;7;0;0;;;;11;16
"054032";"Monte Santa Maria Tiberina";40;0;4;0;0;;;;4;1;5;1;0;;;;7;11
"054032";"Monte Santa Maria Tiberina";41;5;5;1;0;;;;11;1;3;0;0;;;;4;15
"054032";"Monte Santa Maria Tiberina";42;0;2;0;0;;;;2;0;6;0;0;;;;6;8
"054032";"Monte Santa Maria Tiberina";43;1;2;0;0;;;;3;3;4;0;0;;;;7;10
"054032";"Monte Santa Maria Tiberina";44;1;3;0;0;;;;4;3;4;0;0;;;;7;11
"054032";"Monte Santa Maria Tiberina";45;2;4;0;0;;;;6;1;3;0;0;;;;4;10
"054032";"Monte Santa Maria Tiberina";46;4;4;0;0;;;;8;4;4;0;0;;;;8;16
"054032";"Monte Santa Maria Tiberina";47;2;4;0;0;;;;6;4;3;0;0;;;;7;13
"054032";"Monte Santa Maria Tiberina";48;6;7;0;0;;;;13;2;9;0;0;;;;11;24
"054032";"Monte Santa Maria Tiberina";49;1;5;1;0;;;;7;3;6;0;0;;;;9;16
"054032";"Monte Santa Maria Tiberina";50;5;4;0;0;;;;9;2;5;0;1;;;;8;17
"054032";"Monte Santa Maria Tiberina";51;1;5;0;0;;;;6;0;16;1;1;;;;18;24
"054032";"Monte Santa Maria Tiberina";52;2;7;0;0;;;;9;1;6;1;0;;;;8;17
"054032";"Monte Santa Maria Tiberina";53;3;6;1;0;;;;10;0;6;1;2;;;;9;19
"054032";"Monte Santa Maria Tiberina";54;4;4;0;0;;;;8;3;7;0;0;;;;10;18
"054032";"Monte Santa Maria Tiberina";55;2;5;1;0;;;;8;0;2;0;0;;;;2;10
"054032";"Monte Santa Maria Tiberina";56;3;7;1;0;;;;11;0;6;1;0;;;;7;18
"054032";"Monte Santa Maria Tiberina";57;5;12;3;0;;;;20;0;6;0;0;;;;6;26
"054032";"Monte Santa Maria Tiberina";58;1;6;0;2;;;;9;2;6;0;0;;;;8;17
"054032";"Monte Santa Maria Tiberina";59;2;7;0;0;;;;9;1;10;0;0;;;;11;20
"054032";"Monte Santa Maria Tiberina";60;4;11;0;0;;;;15;1;13;0;0;;;;14;29
"054032";"Monte Santa Maria Tiberina";61;1;6;0;0;;;;7;1;11;0;0;;;;12;19
"054032";"Monte Santa Maria Tiberina";62;0;7;0;0;;;;7;1;7;1;0;;;;9;16
"054032";"Monte Santa Maria Tiberina";63;2;8;1;0;;;;11;1;6;2;0;;;;9;20
"054032";"Monte Santa Maria Tiberina";64;0;5;0;1;;;;6;0;7;1;2;;;;10;16
"054032";"Monte Santa Maria Tiberina";65;2;8;0;1;;;;11;0;6;0;0;;;;6;17
"054032";"Monte Santa Maria Tiberina";66;0;14;0;1;;;;15;0;7;1;1;;;;9;24
"054032";"Monte Santa Maria Tiberina";67;0;9;1;0;;;;10;1;6;1;2;;;;10;20
"054032";"Monte Santa Maria Tiberina";68;1;9;0;1;;;;11;1;6;0;3;;;;10;21
"054032";"Monte Santa Maria Tiberina";69;0;7;0;0;;;;7;1;5;0;1;;;;7;14
"054032";"Monte Santa Maria Tiberina";70;1;5;0;0;;;;6;0;5;0;1;;;;6;12
"054032";"Monte Santa Maria Tiberina";71;2;6;0;0;;;;8;1;1;0;1;;;;3;11
"054032";"Monte Santa Maria Tiberina";72;2;4;0;0;;;;6;0;4;0;2;;;;6;12
"054032";"Monte Santa Maria Tiberina";73;1;4;0;0;;;;5;1;6;0;2;;;;9;14
"054032";"Monte Santa Maria Tiberina";74;2;3;0;1;;;;6;0;5;1;4;;;;10;16
"054032";"Monte Santa Maria Tiberina";75;0;2;0;2;;;;4;0;4;0;2;;;;6;10
"054032";"Monte Santa Maria Tiberina";76;0;2;0;1;;;;3;0;1;0;4;;;;5;8
"054032";"Monte Santa Maria Tiberina";77;2;7;0;0;;;;9;0;1;0;0;;;;1;10
"054032";"Monte Santa Maria Tiberina";78;3;4;1;2;;;;10;0;3;0;2;;;;5;15
"054032";"Monte Santa Maria Tiberina";79;0;4;0;0;;;;4;0;2;0;6;;;;8;12
"054032";"Monte Santa Maria Tiberina";80;1;4;0;1;;;;6;0;1;0;2;;;;3;9
"054032";"Monte Santa Maria Tiberina";81;2;5;0;2;;;;9;0;0;0;0;;;;0;9
"054032";"Monte Santa Maria Tiberina";82;0;0;0;1;;;;1;0;3;0;0;;;;3;4
"054032";"Monte Santa Maria Tiberina";83;0;1;0;1;;;;2;0;4;0;5;;;;9;11
"054032";"Monte Santa Maria Tiberina";84;1;2;0;2;;;;5;0;2;0;3;;;;5;10
"054032";"Monte Santa Maria Tiberina";85;0;0;0;1;;;;1;0;0;1;3;;;;4;5
"054032";"Monte Santa Maria Tiberina";86;1;1;0;0;;;;2;0;2;0;2;;;;4;6
"054032";"Monte Santa Maria Tiberina";87;1;2;0;0;;;;3;0;0;0;1;;;;1;4
"054032";"Monte Santa Maria Tiberina";88;0;2;0;0;;;;2;0;0;0;2;;;;2;4
"054032";"Monte Santa Maria Tiberina";89;0;2;0;1;;;;3;0;0;0;5;;;;5;8
"054032";"Monte Santa Maria Tiberina";90;0;0;0;0;;;;0;0;0;0;2;;;;2;2
"054032";"Monte Santa Maria Tiberina";91;0;2;0;1;;;;3;0;0;0;3;;;;3;6
"054032";"Monte Santa Maria Tiberina";92;0;1;0;0;;;;1;0;0;0;4;;;;4;5
"054032";"Monte Santa Maria Tiberina";93;0;1;0;0;;;;1;0;0;0;2;;;;2;3
"054032";"Monte Santa Maria Tiberina";94;0;0;0;0;;;;0;0;0;0;1;;;;1;1
"054032";"Monte Santa Maria Tiberina";95;0;0;0;1;;;;1;0;0;0;0;;;;0;1
"054032";"Monte Santa Maria Tiberina";96;0;0;0;1;;;;1;0;0;0;1;;;;1;2
"054032";"Monte Santa Maria Tiberina";97;0;0;0;0;;;;0;0;0;0;1;;;;1;1
"054032";"Monte Santa Maria Tiberina";98;0;0;0;0;;;;0;0;0;0;0;;;;0;0
"054032";"Monte Santa Maria Tiberina";99;0;0;0;0;;;;0;0;0;0;1;;;;1;1
"054032";"Monte Santa Maria Tiberina";100;0;0;0;0;;;;0;0;0;0;1;;;;1;1
"054032";"Monte Santa Maria Tiberina";999;240;269;11;24;;;;544;185;269;15;76;;;;545;1089
"054033";"Montone";0;8;0;0;0;;;;8;4;0;0;0;;;;4;12
"054033";"Montone";1;7;0;0;0;;;;7;5;0;0;0;;;;5;12
"054033";"Montone";2;5;0;0;0;;;;5;5;0;0;0;;;;5;10
"054033";"Montone";3;6;0;0;0;;;;6;3;0;0;0;;;;3;9
"054033";"Montone";4;7;0;0;0;;;;7;1;0;0;0;;;;1;8
"054033";"Montone";5;3;0;0;0;;;;3;3;0;0;0;;;;3;6
"054033";"Montone";6;4;0;0;0;;;;4;6;0;0;0;;;;6;10
"054033";"Montone";7;4;0;0;0;;;;4;5;0;0;0;;;;5;9
"054033";"Montone";8;6;0;0;0;;;;6;13;0;0;0;;;;13;19
"054033";"Montone";9;4;0;0;0;;;;4;3;0;0;0;;;;3;7
"054033";"Montone";10;6;0;0;0;;;;6;5;0;0;0;;;;5;11
"054033";"Montone";11;7;0;0;0;;;;7;6;0;0;0;;;;6;13
"054033";"Montone";12;7;0;0;0;;;;7;14;0;0;0;;;;14;21
"054033";"Montone";13;3;0;0;0;;;;3;8;0;0;0;;;;8;11
"054033";"Montone";14;19;0;0;0;;;;19;5;0;0;0;;;;5;24
"054033";"Montone";15;10;0;0;0;;;;10;9;0;0;0;;;;9;19
"054033";"Montone";16;8;0;0;0;;;;8;7;0;0;0;;;;7;15
"054033";"Montone";17;5;0;0;0;;;;5;4;0;0;0;;;;4;9
"054033";"Montone";18;11;0;0;0;;;;11;12;0;0;0;;;;12;23
"054033";"Montone";19;9;0;0;0;;;;9;7;0;0;0;;;;7;16
"054033";"Montone";20;7;0;0;0;;;;7;8;0;0;0;;;;8;15
"054033";"Montone";21;8;0;0;0;;;;8;7;1;0;0;;;;8;16
"054033";"Montone";22;8;0;0;0;;;;8;5;0;0;0;;;;5;13
"054033";"Montone";23;4;0;0;0;;;;4;6;0;0;0;;;;6;10
"054033";"Montone";24;7;0;0;0;;;;7;6;0;0;0;;;;6;13
"054033";"Montone";25;8;0;0;0;;;;8;8;0;0;0;;;;8;16
"054033";"Montone";26;6;0;0;0;;;;6;5;1;0;0;;;;6;12
"054033";"Montone";27;7;0;0;0;;;;7;5;0;0;0;;;;5;12
"054033";"Montone";28;15;0;0;0;;;;15;6;1;0;0;;;;7;22
"054033";"Montone";29;5;0;0;0;;;;5;7;0;0;0;;;;7;12
"054033";"Montone";30;3;2;0;0;;;;5;8;2;0;0;;;;10;15
"054033";"Montone";31;3;1;0;0;;;;4;3;2;0;0;;;;5;9
"054033";"Montone";32;10;3;0;0;;;;13;4;0;0;0;;;;4;17
"054033";"Montone";33;8;0;1;0;;;;9;2;4;0;0;;;;6;15
"054033";"Montone";34;7;1;0;0;;;;8;7;3;1;0;;;;11;19
"054033";"Montone";35;4;2;0;0;;;;6;6;5;0;0;;;;11;17
"054033";"Montone";36;5;4;0;0;;;;9;2;8;0;0;;;;10;19
"054033";"Montone";37;4;3;0;0;;;;7;7;6;2;0;;;;15;22
"054033";"Montone";38;8;7;0;0;;;;15;3;5;0;0;;;;8;23
"054033";"Montone";39;4;4;0;0;;;;8;5;0;0;0;;;;5;13
"054033";"Montone";40;3;0;0;0;;;;3;5;3;0;0;;;;8;11
"054033";"Montone";41;1;7;2;0;;;;10;2;6;0;0;;;;8;18
"054033";"Montone";42;6;4;0;0;;;;10;3;3;1;0;;;;7;17
"054033";"Montone";43;3;4;0;0;;;;7;3;8;0;0;;;;11;18
"054033";"Montone";44;4;6;2;0;;;;12;1;4;0;0;;;;5;17
"054033";"Montone";45;3;7;0;0;;;;10;2;12;1;0;;;;15;25
"054033";"Montone";46;1;5;0;0;;;;6;5;13;1;0;;;;19;25
"054033";"Montone";47;4;5;0;0;;;;9;1;4;1;0;;;;6;15
"054033";"Montone";48;2;7;1;0;;;;10;5;10;1;0;;;;16;26
"054033";"Montone";49;5;10;0;0;;;;15;2;6;0;0;;;;8;23
"054033";"Montone";50;1;6;0;0;;;;7;4;9;0;0;;;;13;20
"054033";"Montone";51;3;11;0;0;;;;14;1;7;1;0;;;;9;23
"054033";"Montone";52;3;11;2;0;;;;16;1;10;1;0;;;;12;28
"054033";"Montone";53;4;14;3;0;;;;21;2;17;0;0;;;;19;40
"054033";"Montone";54;2;8;0;1;;;;11;1;9;2;1;;;;13;24
"054033";"Montone";55;3;11;0;0;;;;14;0;11;2;0;;;;13;27
"054033";"Montone";56;3;12;0;0;;;;15;0;6;1;0;;;;7;22
"054033";"Montone";57;1;5;0;0;;;;6;4;9;0;0;;;;13;19
"054033";"Montone";58;3;11;0;1;;;;15;1;13;2;0;;;;16;31
"054033";"Montone";59;6;9;0;0;;;;15;0;9;1;0;;;;10;25
"054033";"Montone";60;1;10;1;1;;;;13;3;6;0;2;;;;11;24
"054033";"Montone";61;0;8;0;0;;;;8;3;11;1;1;;;;16;24
"054033";"Montone";62;3;9;1;0;;;;13;0;10;0;3;;;;13;26
"054033";"Montone";63;3;7;1;0;;;;11;2;7;0;2;;;;11;22
"054033";"Montone";64;0;6;2;0;;;;8;0;6;0;0;;;;6;14
"054033";"Montone";65;3;10;0;0;;;;13;2;10;0;2;;;;14;27
"054033";"Montone";66;0;9;1;0;;;;10;2;11;0;4;;;;17;27
"054033";"Montone";67;0;5;1;2;;;;8;1;4;2;2;;;;9;17
"054033";"Montone";68;4;11;1;0;;;;16;3;12;0;0;;;;15;31
"054033";"Montone";69;3;7;0;1;;;;11;3;9;0;1;;;;13;24
"054033";"Montone";70;0;9;0;0;;;;9;0;9;1;1;;;;11;20
"054033";"Montone";71;0;8;1;1;;;;10;0;8;0;0;;;;8;18
"054033";"Montone";72;1;7;1;0;;;;9;0;6;1;1;;;;8;17
"054033";"Montone";73;0;10;0;1;;;;11;1;11;0;2;;;;14;25
"054033";"Montone";74;1;8;0;0;;;;9;0;3;0;4;;;;7;16
"054033";"Montone";75;2;10;2;1;;;;15;2;4;0;4;;;;10;25
"054033";"Montone";76;0;8;0;0;;;;8;0;3;0;2;;;;5;13
"054033";"Montone";77;1;6;0;0;;;;7;0;3;0;2;;;;5;12
"054033";"Montone";78;0;6;0;2;;;;8;0;4;0;5;;;;9;17
"054033";"Montone";79;2;5;0;1;;;;8;0;4;0;3;;;;7;15
"054033";"Montone";80;0;3;0;0;;;;3;0;3;1;2;;;;6;9
"054033";"Montone";81;0;3;0;1;;;;4;1;5;1;4;;;;11;15
"054033";"Montone";82;2;3;0;1;;;;6;0;1;0;3;;;;4;10
"054033";"Montone";83;1;5;0;2;;;;8;1;3;0;6;;;;10;18
"054033";"Montone";84;0;4;0;2;;;;6;0;2;0;8;;;;10;16
"054033";"Montone";85;1;2;0;0;;;;3;0;3;0;8;;;;11;14
"054033";"Montone";86;1;4;0;0;;;;5;0;0;0;5;;;;5;10
"054033";"Montone";87;0;0;0;1;;;;1;2;1;1;8;;;;12;13
"054033";"Montone";88;0;0;0;1;;;;1;0;0;0;7;;;;7;8
"054033";"Montone";89;0;1;0;1;;;;2;0;0;0;4;;;;4;6
"054033";"Montone";90;0;3;0;0;;;;3;0;0;0;2;;;;2;5
"054033";"Montone";91;0;1;0;0;;;;1;0;1;0;2;;;;3;4
"054033";"Montone";92;0;0;0;0;;;;0;0;0;0;1;;;;1;1
"054033";"Montone";93;0;0;0;0;;;;0;0;0;1;4;;;;5;5
"054033";"Montone";94;0;0;0;0;;;;0;0;0;0;3;;;;3;3
"054033";"Montone";95;0;0;0;1;;;;1;0;0;0;1;;;;1;2
"054033";"Montone";96;0;0;0;0;;;;0;0;0;0;0;;;;0;0
"054033";"Montone";97;0;0;0;0;;;;0;0;0;0;0;;;;0;0
"054033";"Montone";98;0;0;0;0;;;;0;1;0;0;2;;;;3;3
"054033";"Montone";99;0;0;0;0;;;;0;0;0;0;0;;;;0;0
"054033";"Montone";100;0;0;0;0;;;;0;0;0;0;1;;;;1;1
"054033";"Montone";999;360;368;23;22;;;;773;305;367;27;113;;;;812;1585
"054034";"Nocera Umbra";0;14;0;0;0;;;;14;9;0;0;0;;;;9;23
"054034";"Nocera Umbra";1;12;0;0;0;;;;12;9;0;0;0;;;;9;21
"054034";"Nocera Umbra";2;18;0;0;0;;;;18;14;0;0;0;;;;14;32
"054034";"Nocera Umbra";3;28;0;0;0;;;;28;16;0;0;0;;;;16;44
"054034";"Nocera Umbra";4;9;0;0;0;;;;9;13;0;0;0;;;;13;22
"054034";"Nocera Umbra";5;23;0;0;0;;;;23;14;0;0;0;;;;14;37
"054034";"Nocera Umbra";6;25;0;0;0;;;;25;14;0;0;0;;;;14;39
"054034";"Nocera Umbra";7;17;0;0;0;;;;17;19;0;0;0;;;;19;36
"054034";"Nocera Umbra";8;18;0;0;0;;;;18;23;0;0;0;;;;23;41
"054034";"Nocera Umbra";9;16;0;0;0;;;;16;21;0;0;0;;;;21;37
"054034";"Nocera Umbra";10;21;0;0;0;;;;21;18;0;0;0;;;;18;39
"054034";"Nocera Umbra";11;19;0;0;0;;;;19;28;0;0;0;;;;28;47
"054034";"Nocera Umbra";12;22;0;0;0;;;;22;18;0;0;0;;;;18;40
"054034";"Nocera Umbra";13;22;0;0;0;;;;22;23;0;0;0;;;;23;45
"054034";"Nocera Umbra";14;37;0;0;0;;;;37;26;0;0;0;;;;26;63
"054034";"Nocera Umbra";15;28;0;0;0;;;;28;24;0;0;0;;;;24;52
"054034";"Nocera Umbra";16;23;0;0;0;;;;23;23;0;0;0;;;;23;46
"054034";"Nocera Umbra";17;27;0;0;0;;;;27;20;0;0;0;;;;20;47
"054034";"Nocera Umbra";18;33;0;0;0;;;;33;30;0;0;0;;;;30;63
"054034";"Nocera Umbra";19;31;0;0;0;;;;31;19;0;0;0;;;;19;50
"054034";"Nocera Umbra";20;25;0;0;0;;;;25;22;0;0;0;;;;22;47
"054034";"Nocera Umbra";21;22;0;0;0;;;;22;20;0;0;0;;;;20;42
"054034";"Nocera Umbra";22;29;0;0;0;;;;29;20;1;0;0;;;;21;50
"054034";"Nocera Umbra";23;22;0;0;0;;;;22;21;0;0;0;;;;21;43
"054034";"Nocera Umbra";24;23;0;0;0;;;;23;18;0;0;0;;;;18;41
"054034";"Nocera Umbra";25;28;1;0;0;;;;29;20;1;0;0;;;;21;50
"054034";"Nocera Umbra";26;26;0;0;0;;;;26;14;1;0;0;;;;15;41
"054034";"Nocera Umbra";27;17;0;0;0;;;;17;27;1;0;0;;;;28;45
"054034";"Nocera Umbra";28;20;0;0;0;;;;20;12;4;0;0;;;;16;36
"054034";"Nocera Umbra";29;25;1;0;0;;;;26;23;3;0;0;;;;26;52
"054034";"Nocera Umbra";30;25;2;0;0;;;;27;19;7;0;0;;;;26;53
"054034";"Nocera Umbra";31;22;3;0;0;;;;25;16;3;0;1;;;;20;45
"054034";"Nocera Umbra";32;14;2;0;0;;;;16;25;9;0;0;;;;34;50
"054034";"Nocera Umbra";33;24;5;0;0;;;;29;14;7;0;0;;;;21;50
"054034";"Nocera Umbra";34;22;3;1;0;;;;26;21;12;0;0;;;;33;59
"054034";"Nocera Umbra";35;20;5;1;0;;;;26;19;13;0;0;;;;32;58
"054034";"Nocera Umbra";36;19;11;1;0;;;;31;17;6;1;0;;;;24;55
"054034";"Nocera Umbra";37;25;6;0;0;;;;31;14;20;1;0;;;;35;66
"054034";"Nocera Umbra";38;24;13;0;0;;;;37;18;13;0;0;;;;31;68
"054034";"Nocera Umbra";39;22;11;0;0;;;;33;15;9;0;1;;;;25;58
"054034";"Nocera Umbra";40;21;14;0;0;;;;35;16;15;2;0;;;;33;68
"054034";"Nocera Umbra";41;20;14;2;0;;;;36;12;19;1;0;;;;32;68
"054034";"Nocera Umbra";42;15;14;0;0;;;;29;13;16;1;0;;;;30;59
"054034";"Nocera Umbra";43;20;10;2;0;;;;32;4;26;1;0;;;;31;63
"054034";"Nocera Umbra";44;11;21;2;0;;;;34;12;24;3;1;;;;40;74
"054034";"Nocera Umbra";45;12;19;0;0;;;;31;9;34;1;0;;;;44;75
"054034";"Nocera Umbra";46;14;28;5;0;;;;47;9;30;0;0;;;;39;86
"054034";"Nocera Umbra";47;17;27;3;0;;;;47;11;24;1;1;;;;37;84
"054034";"Nocera Umbra";48;15;21;3;0;;;;39;11;28;3;0;;;;42;81
"054034";"Nocera Umbra";49;15;28;1;0;;;;44;12;32;5;0;;;;49;93
"054034";"Nocera Umbra";50;20;33;2;0;;;;55;12;37;1;0;;;;50;105
"054034";"Nocera Umbra";51;14;21;1;0;;;;36;6;33;1;1;;;;41;77
"054034";"Nocera Umbra";52;14;27;6;0;;;;47;5;38;3;1;;;;47;94
"054034";"Nocera Umbra";53;9;23;1;0;;;;33;5;26;4;0;;;;35;68
"054034";"Nocera Umbra";54;5;25;4;0;;;;34;5;34;6;1;;;;46;80
"054034";"Nocera Umbra";55;10;49;7;0;;;;66;5;37;2;2;;;;46;112
"054034";"Nocera Umbra";56;10;31;2;1;;;;44;2;35;4;1;;;;42;86
"054034";"Nocera Umbra";57;6;35;2;0;;;;43;5;31;8;7;;;;51;94
"054034";"Nocera Umbra";58;10;33;0;0;;;;43;6;33;5;0;;;;44;87
"054034";"Nocera Umbra";59;5;28;3;1;;;;37;3;32;1;5;;;;41;78
"054034";"Nocera Umbra";60;7;32;3;1;;;;43;4;25;4;1;;;;34;77
"054034";"Nocera Umbra";61;2;37;7;0;;;;46;3;36;2;2;;;;43;89
"054034";"Nocera Umbra";62;4;33;4;1;;;;42;6;34;8;9;;;;57;99
"054034";"Nocera Umbra";63;6;35;5;1;;;;47;2;30;3;3;;;;38;85
"054034";"Nocera Umbra";64;3;29;1;0;;;;33;4;29;2;4;;;;39;72
"054034";"Nocera Umbra";65;4;26;0;1;;;;31;1;20;3;5;;;;29;60
"054034";"Nocera Umbra";66;2;30;2;1;;;;35;2;28;2;7;;;;39;74
"054034";"Nocera Umbra";67;3;33;0;2;;;;38;4;30;0;5;;;;39;77
"054034";"Nocera Umbra";68;4;33;3;2;;;;42;3;33;1;6;;;;43;85
"054034";"Nocera Umbra";69;3;39;2;5;;;;49;0;26;0;9;;;;35;84
"054034";"Nocera Umbra";70;6;23;0;2;;;;31;1;22;4;7;;;;34;65
"054034";"Nocera Umbra";71;4;28;3;1;;;;36;0;18;1;9;;;;28;64
"054034";"Nocera Umbra";72;9;27;1;3;;;;40;3;23;2;5;;;;33;73
"054034";"Nocera Umbra";73;3;23;0;0;;;;26;3;22;2;9;;;;36;62
"054034";"Nocera Umbra";74;6;26;1;5;;;;38;0;33;1;6;;;;40;78
"054034";"Nocera Umbra";75;4;33;1;1;;;;39;2;29;1;10;;;;42;81
"054034";"Nocera Umbra";76;4;30;2;1;;;;37;0;22;1;22;;;;45;82
"054034";"Nocera Umbra";77;2;21;0;3;;;;26;0;10;0;7;;;;17;43
"054034";"Nocera Umbra";78;2;19;1;5;;;;27;1;14;0;17;;;;32;59
"054034";"Nocera Umbra";79;3;25;0;6;;;;34;0;17;1;21;;;;39;73
"054034";"Nocera Umbra";80;4;14;1;6;;;;25;1;8;0;12;;;;21;46
"054034";"Nocera Umbra";81;7;25;3;0;;;;35;3;15;1;15;;;;34;69
"054034";"Nocera Umbra";82;4;13;1;2;;;;20;0;11;0;19;;;;30;50
"054034";"Nocera Umbra";83;2;13;0;5;;;;20;0;15;0;15;;;;30;50
"054034";"Nocera Umbra";84;1;11;1;4;;;;17;0;7;0;19;;;;26;43
"054034";"Nocera Umbra";85;0;17;0;2;;;;19;0;13;1;11;;;;25;44
"054034";"Nocera Umbra";86;2;12;1;2;;;;17;1;7;0;12;;;;20;37
"054034";"Nocera Umbra";87;4;13;0;1;;;;18;1;4;0;13;;;;18;36
"054034";"Nocera Umbra";88;2;12;0;3;;;;17;0;3;0;25;;;;28;45
"054034";"Nocera Umbra";89;1;8;0;4;;;;13;2;2;0;18;;;;22;35
"054034";"Nocera Umbra";90;1;3;0;2;;;;6;0;2;0;10;;;;12;18
"054034";"Nocera Umbra";91;1;2;0;2;;;;5;0;2;0;14;;;;16;21
"054034";"Nocera Umbra";92;2;6;0;4;;;;12;0;1;0;12;;;;13;25
"054034";"Nocera Umbra";93;0;2;1;1;;;;4;0;0;0;13;;;;13;17
"054034";"Nocera Umbra";94;0;1;0;1;;;;2;1;0;0;9;;;;10;12
"054034";"Nocera Umbra";95;0;1;0;0;;;;1;0;1;0;8;;;;9;10
"054034";"Nocera Umbra";96;0;0;0;2;;;;2;0;0;0;7;;;;7;9
"054034";"Nocera Umbra";97;0;0;0;0;;;;0;0;1;0;3;;;;4;4
"054034";"Nocera Umbra";98;0;0;0;1;;;;1;0;0;0;3;;;;3;4
"054034";"Nocera Umbra";99;0;0;0;0;;;;0;0;0;0;3;;;;3;3
"054034";"Nocera Umbra";100;0;0;0;0;;;;0;0;0;0;3;;;;3;3
"054034";"Nocera Umbra";999;1272;1299;93;85;;;;2749;967;1287;95;430;;;;2779;5528
"054035";"Norcia";0;20;0;0;0;;;;20;16;0;0;0;;;;16;36
"054035";"Norcia";1;17;0;0;0;;;;17;14;0;0;0;;;;14;31
"054035";"Norcia";2;16;0;0;0;;;;16;13;0;0;0;;;;13;29
"054035";"Norcia";3;26;0;0;0;;;;26;17;0;0;0;;;;17;43
"054035";"Norcia";4;29;0;0;0;;;;29;11;0;0;0;;;;11;40
"054035";"Norcia";5;13;0;0;0;;;;13;14;0;0;0;;;;14;27
"054035";"Norcia";6;24;0;0;0;;;;24;19;0;0;0;;;;19;43
"054035";"Norcia";7;11;0;0;0;;;;11;17;0;0;0;;;;17;28
"054035";"Norcia";8;25;0;0;0;;;;25;12;0;0;0;;;;12;37
"054035";"Norcia";9;22;0;0;0;;;;22;14;0;0;0;;;;14;36
"054035";"Norcia";10;21;0;0;0;;;;21;12;0;0;0;;;;12;33
"054035";"Norcia";11;19;0;0;0;;;;19;18;0;0;0;;;;18;37
"054035";"Norcia";12;19;0;0;0;;;;19;17;0;0;0;;;;17;36
"054035";"Norcia";13;21;0;0;0;;;;21;24;0;0;0;;;;24;45
"054035";"Norcia";14;19;0;0;0;;;;19;18;0;0;0;;;;18;37
"054035";"Norcia";15;21;0;0;0;;;;21;19;0;0;0;;;;19;40
"054035";"Norcia";16;26;0;0;0;;;;26;27;0;0;0;;;;27;53
"054035";"Norcia";17;32;0;0;0;;;;32;19;0;0;0;;;;19;51
"054035";"Norcia";18;16;0;0;0;;;;16;24;0;0;0;;;;24;40
"054035";"Norcia";19;18;0;0;0;;;;18;19;0;0;0;;;;19;37
"054035";"Norcia";20;28;0;0;0;;;;28;28;1;0;0;;;;29;57
"054035";"Norcia";21;23;0;0;0;;;;23;20;0;0;0;;;;20;43
"054035";"Norcia";22;26;0;0;0;;;;26;14;1;0;0;;;;15;41
"054035";"Norcia";23;31;2;0;0;;;;33;21;1;0;0;;;;22;55
"054035";"Norcia";24;30;0;0;0;;;;30;25;1;0;0;;;;26;56
"054035";"Norcia";25;15;0;0;0;;;;15;17;2;0;0;;;;19;34
"054035";"Norcia";26;32;2;0;0;;;;34;21;5;0;0;;;;26;60
"054035";"Norcia";27;30;1;0;0;;;;31;25;3;0;0;;;;28;59
"054035";"Norcia";28;19;2;0;0;;;;21;21;4;0;0;;;;25;46
"054035";"Norcia";29;18;5;0;0;;;;23;15;6;0;0;;;;21;44
"054035";"Norcia";30;22;5;0;0;;;;27;15;7;0;0;;;;22;49
"054035";"Norcia";31;22;6;0;0;;;;28;10;6;0;0;;;;16;44
"054035";"Norcia";32;26;7;0;0;;;;33;13;7;0;0;;;;20;53
"054035";"Norcia";33;16;12;0;0;;;;28;12;10;0;0;;;;22;50
"054035";"Norcia";34;22;4;0;0;;;;26;18;11;0;0;;;;29;55
"054035";"Norcia";35;16;5;0;0;;;;21;4;13;0;0;;;;17;38
"054035";"Norcia";36;8;14;2;0;;;;24;7;14;0;1;;;;22;46
"054035";"Norcia";37;18;17;0;0;;;;35;13;13;1;0;;;;27;62
"054035";"Norcia";38;12;7;0;0;;;;19;14;16;0;0;;;;30;49
"054035";"Norcia";39;12;15;0;0;;;;27;8;14;0;0;;;;22;49
"054035";"Norcia";40;11;18;1;0;;;;30;8;17;0;0;;;;25;55
"054035";"Norcia";41;17;10;0;0;;;;27;4;13;0;0;;;;17;44
"054035";"Norcia";42;16;6;0;0;;;;22;5;15;1;0;;;;21;43
"054035";"Norcia";43;12;12;1;0;;;;25;5;16;0;0;;;;21;46
"054035";"Norcia";44;6;15;0;0;;;;21;11;12;0;0;;;;23;44
"054035";"Norcia";45;9;20;0;0;;;;29;7;25;0;0;;;;32;61
"054035";"Norcia";46;9;17;3;0;;;;29;15;27;0;1;;;;43;72
"054035";"Norcia";47;5;15;0;0;;;;20;7;24;3;1;;;;35;55
"054035";"Norcia";48;15;19;3;0;;;;37;4;23;1;0;;;;28;65
"054035";"Norcia";49;5;24;1;0;;;;30;9;21;1;3;;;;34;64
"054035";"Norcia";50;8;15;1;0;;;;24;7;24;0;2;;;;33;57
"054035";"Norcia";51;13;31;2;0;;;;46;6;33;0;0;;;;39;85
"054035";"Norcia";52;6;28;0;0;;;;34;4;33;3;1;;;;41;75
"054035";"Norcia";53;6;31;0;0;;;;37;3;41;1;2;;;;47;84
"054035";"Norcia";54;10;26;1;0;;;;37;7;27;2;1;;;;37;74
"054035";"Norcia";55;6;25;1;0;;;;32;5;37;3;2;;;;47;79
"054035";"Norcia";56;7;27;2;1;;;;37;1;32;1;1;;;;35;72
"054035";"Norcia";57;11;30;2;1;;;;44;1;31;2;3;;;;37;81
"054035";"Norcia";58;4;27;4;0;;;;35;3;30;2;2;;;;37;72
"054035";"Norcia";59;2;29;2;1;;;;34;3;29;2;3;;;;37;71
"054035";"Norcia";60;9;35;1;0;;;;45;2;22;0;7;;;;31;76
"054035";"Norcia";61;5;25;2;4;;;;36;0;29;1;4;;;;34;70
"054035";"Norcia";62;4;24;1;2;;;;31;2;22;0;3;;;;27;58
"054035";"Norcia";63;5;36;2;0;;;;43;1;21;0;4;;;;26;69
"054035";"Norcia";64;4;21;0;0;;;;25;5;14;2;5;;;;26;51
"054035";"Norcia";65;4;30;2;3;;;;39;3;22;2;7;;;;34;73
"054035";"Norcia";66;1;21;0;1;;;;23;5;21;1;4;;;;31;54
"054035";"Norcia";67;3;19;2;2;;;;26;2;21;0;3;;;;26;52
"054035";"Norcia";68;6;22;1;3;;;;32;3;23;1;5;;;;32;64
"054035";"Norcia";69;7;20;1;3;;;;31;4;17;0;6;;;;27;58
"054035";"Norcia";70;2;19;2;2;;;;25;2;17;2;6;;;;27;52
"054035";"Norcia";71;5;19;0;1;;;;25;1;18;1;8;;;;28;53
"054035";"Norcia";72;3;24;0;3;;;;30;2;14;1;8;;;;25;55
"054035";"Norcia";73;2;17;0;2;;;;21;3;23;1;7;;;;34;55
"054035";"Norcia";74;3;25;1;5;;;;34;3;23;0;17;;;;43;77
"054035";"Norcia";75;3;23;0;2;;;;28;0;18;0;6;;;;24;52
"054035";"Norcia";76;4;22;1;3;;;;30;4;10;1;13;;;;28;58
"054035";"Norcia";77;1;13;1;2;;;;17;0;9;0;7;;;;16;33
"054035";"Norcia";78;4;10;0;2;;;;16;1;7;1;8;;;;17;33
"054035";"Norcia";79;2;14;0;2;;;;18;0;9;1;11;;;;21;39
"054035";"Norcia";80;1;14;0;2;;;;17;4;8;0;9;;;;21;38
"054035";"Norcia";81;1;15;1;3;;;;20;1;7;0;9;;;;17;37
"054035";"Norcia";82;1;15;1;1;;;;18;0;6;2;10;;;;18;36
"054035";"Norcia";83;0;8;0;1;;;;9;2;1;1;21;;;;25;34
"054035";"Norcia";84;0;13;0;1;;;;14;2;9;0;16;;;;27;41
"054035";"Norcia";85;0;6;0;3;;;;9;2;4;1;12;;;;19;28
"054035";"Norcia";86;0;3;1;3;;;;7;1;0;1;9;;;;11;18
"054035";"Norcia";87;1;2;0;5;;;;8;1;4;0;7;;;;12;20
"054035";"Norcia";88;1;5;0;4;;;;10;0;2;0;4;;;;6;16
"054035";"Norcia";89;0;1;0;1;;;;2;0;1;0;8;;;;9;11
"054035";"Norcia";90;0;3;0;4;;;;7;0;0;0;10;;;;10;17
"054035";"Norcia";91;1;1;0;1;;;;3;0;1;0;12;;;;13;16
"054035";"Norcia";92;0;5;0;1;;;;6;1;1;0;4;;;;6;12
"054035";"Norcia";93;0;6;0;2;;;;8;0;0;0;6;;;;6;14
"054035";"Norcia";94;0;0;0;3;;;;3;1;1;0;1;;;;3;6
"054035";"Norcia";95;0;0;0;1;;;;1;0;1;0;4;;;;5;6
"054035";"Norcia";96;1;2;0;0;;;;3;1;0;0;1;;;;2;5
"054035";"Norcia";97;0;0;0;0;;;;0;2;0;0;2;;;;4;4
"054035";"Norcia";98;0;1;0;0;;;;1;0;0;0;2;;;;2;3
"054035";"Norcia";99;0;0;0;0;;;;0;0;0;0;0;;;;0;0
"054035";"Norcia";100;0;0;0;1;;;;1;0;0;0;0;;;;0;1
"054035";"Norcia";999;1103;1068;46;82;;;;2299;841;1051;43;309;;;;2244;4543
"054036";"Paciano";0;3;0;0;0;;;;3;1;0;0;0;;;;1;4
"054036";"Paciano";1;1;0;0;0;;;;1;0;0;0;0;;;;0;1
"054036";"Paciano";2;4;0;0;0;;;;4;1;0;0;0;;;;1;5
"054036";"Paciano";3;2;0;0;0;;;;2;3;0;0;0;;;;3;5
"054036";"Paciano";4;2;0;0;0;;;;2;1;0;0;0;;;;1;3
"054036";"Paciano";5;7;0;0;0;;;;7;6;0;0;0;;;;6;13
"054036";"Paciano";6;1;0;0;0;;;;1;4;0;0;0;;;;4;5
"054036";"Paciano";7;7;0;0;0;;;;7;3;0;0;0;;;;3;10
"054036";"Paciano";8;3;0;0;0;;;;3;1;0;0;0;;;;1;4
"054036";"Paciano";9;4;0;0;0;;;;4;4;0;0;0;;;;4;8
"054036";"Paciano";10;2;0;0;0;;;;2;4;0;0;0;;;;4;6
"054036";"Paciano";11;5;0;0;0;;;;5;5;0;0;0;;;;5;10
"054036";"Paciano";12;1;0;0;0;;;;1;5;0;0;0;;;;5;6
"054036";"Paciano";13;4;0;0;0;;;;4;6;0;0;0;;;;6;10
"054036";"Paciano";14;3;0;0;0;;;;3;6;0;0;0;;;;6;9
"054036";"Paciano";15;5;0;0;0;;;;5;4;0;0;0;;;;4;9
"054036";"Paciano";16;8;0;0;0;;;;8;7;0;0;0;;;;7;15
"054036";"Paciano";17;5;0;0;0;;;;5;1;0;0;0;;;;1;6
"054036";"Paciano";18;4;0;0;0;;;;4;2;0;0;0;;;;2;6
"054036";"Paciano";19;0;0;0;0;;;;0;2;0;0;0;;;;2;2
"054036";"Paciano";20;9;0;0;0;;;;9;2;0;0;0;;;;2;11
"054036";"Paciano";21;4;0;0;0;;;;4;3;1;0;0;;;;4;8
"054036";"Paciano";22;2;0;0;0;;;;2;4;0;0;0;;;;4;6
"054036";"Paciano";23;4;0;0;0;;;;4;3;0;0;0;;;;3;7
"054036";"Paciano";24;1;0;0;0;;;;1;1;0;0;0;;;;1;2
"054036";"Paciano";25;4;0;0;0;;;;4;0;0;0;0;;;;0;4
"054036";"Paciano";26;1;0;0;0;;;;1;5;0;0;0;;;;5;6
"054036";"Paciano";27;0;0;0;0;;;;0;1;0;0;0;;;;1;1
"054036";"Paciano";28;6;0;0;0;;;;6;3;0;0;0;;;;3;9
"054036";"Paciano";29;10;0;0;0;;;;10;1;0;0;0;;;;1;11
"054036";"Paciano";30;7;0;0;0;;;;7;4;1;0;0;;;;5;12
"054036";"Paciano";31;3;0;0;0;;;;3;4;0;0;0;;;;4;7
"054036";"Paciano";32;4;2;0;0;;;;6;4;1;0;0;;;;5;11
"054036";"Paciano";33;2;0;0;0;;;;2;2;2;0;0;;;;4;6
"054036";"Paciano";34;6;0;0;0;;;;6;3;1;1;0;;;;5;11
"054036";"Paciano";35;4;1;0;0;;;;5;1;3;0;0;;;;4;9
"054036";"Paciano";36;0;1;0;0;;;;1;1;3;0;0;;;;4;5
"054036";"Paciano";37;6;2;0;0;;;;8;2;4;0;0;;;;6;14
"054036";"Paciano";38;4;3;0;0;;;;7;3;3;0;0;;;;6;13
"054036";"Paciano";39;0;2;0;0;;;;2;1;3;0;0;;;;4;6
"054036";"Paciano";40;1;5;0;0;;;;6;3;5;0;0;;;;8;14
"054036";"Paciano";41;2;1;0;0;;;;3;1;3;0;0;;;;4;7
"054036";"Paciano";42;1;5;0;0;;;;6;3;4;0;0;;;;7;13
"054036";"Paciano";43;2;4;0;0;;;;6;2;2;0;0;;;;4;10
"054036";"Paciano";44;0;2;0;0;;;;2;0;4;0;0;;;;4;6
"054036";"Paciano";45;6;1;1;0;;;;8;2;3;0;0;;;;5;13
"054036";"Paciano";46;2;7;1;0;;;;10;3;5;1;0;;;;9;19
"054036";"Paciano";47;1;5;0;0;;;;6;4;5;2;0;;;;11;17
"054036";"Paciano";48;3;9;0;0;;;;12;1;3;1;1;;;;6;18
"054036";"Paciano";49;0;5;1;0;;;;6;4;5;0;0;;;;9;15
"054036";"Paciano";50;2;5;1;0;;;;8;1;3;0;0;;;;4;12
"054036";"Paciano";51;3;4;0;0;;;;7;4;1;0;0;;;;5;12
"054036";"Paciano";52;3;1;1;0;;;;5;1;4;0;0;;;;5;10
"054036";"Paciano";53;4;2;0;0;;;;6;1;2;0;0;;;;3;9
"054036";"Paciano";54;2;1;1;0;;;;4;1;5;0;0;;;;6;10
"054036";"Paciano";55;3;4;0;1;;;;8;2;3;0;0;;;;5;13
"054036";"Paciano";56;4;6;0;0;;;;10;0;10;0;0;;;;10;20
"054036";"Paciano";57;1;6;1;1;;;;9;0;7;1;1;;;;9;18
"054036";"Paciano";58;0;3;1;0;;;;4;1;8;2;1;;;;12;16
"054036";"Paciano";59;4;5;1;1;;;;11;4;8;0;0;;;;12;23
"054036";"Paciano";60;0;4;0;0;;;;4;0;9;0;0;;;;9;13
"054036";"Paciano";61;1;6;0;0;;;;7;0;8;0;1;;;;9;16
"054036";"Paciano";62;2;4;0;0;;;;6;1;8;1;2;;;;12;18
"054036";"Paciano";63;0;5;1;1;;;;7;3;9;0;0;;;;12;19
"054036";"Paciano";64;1;9;0;0;;;;10;1;3;1;1;;;;6;16
"054036";"Paciano";65;1;6;3;0;;;;10;0;3;1;1;;;;5;15
"054036";"Paciano";66;2;9;1;1;;;;13;1;5;1;1;;;;8;21
"054036";"Paciano";67;0;8;0;0;;;;8;0;7;1;0;;;;8;16
"054036";"Paciano";68;0;4;0;0;;;;4;2;8;0;2;;;;12;16
"054036";"Paciano";69;0;5;1;0;;;;6;1;5;0;1;;;;7;13
"054036";"Paciano";70;1;8;2;0;;;;11;1;8;2;2;;;;13;24
"054036";"Paciano";71;1;4;0;1;;;;6;0;6;0;4;;;;10;16
"054036";"Paciano";72;0;11;1;0;;;;12;0;5;0;1;;;;6;18
"054036";"Paciano";73;0;7;0;0;;;;7;1;5;1;2;;;;9;16
"054036";"Paciano";74;2;4;1;0;;;;7;0;7;0;2;;;;9;16
"054036";"Paciano";75;0;2;0;2;;;;4;0;6;0;1;;;;7;11
"054036";"Paciano";76;0;2;0;1;;;;3;1;0;0;1;;;;2;5
"054036";"Paciano";77;0;5;0;0;;;;5;0;2;0;2;;;;4;9
"054036";"Paciano";78;2;2;0;0;;;;4;0;1;0;3;;;;4;8
"054036";"Paciano";79;0;7;0;1;;;;8;0;2;1;1;;;;4;12
"054036";"Paciano";80;1;3;0;0;;;;4;0;1;0;3;;;;4;8
"054036";"Paciano";81;0;4;0;0;;;;4;0;3;0;1;;;;4;8
"054036";"Paciano";82;1;5;0;0;;;;6;0;0;0;2;;;;2;8
"054036";"Paciano";83;0;4;1;1;;;;6;0;1;0;2;;;;3;9
"054036";"Paciano";84;1;0;0;0;;;;1;0;1;1;2;;;;4;5
"054036";"Paciano";85;0;0;0;1;;;;1;0;1;0;3;;;;4;5
"054036";"Paciano";86;0;0;0;1;;;;1;0;0;0;4;;;;4;5
"054036";"Paciano";87;0;1;0;0;;;;1;0;1;0;7;;;;8;9
"054036";"Paciano";88;0;0;0;0;;;;0;0;0;0;4;;;;4;4
"054036";"Paciano";89;0;0;0;0;;;;0;0;1;0;3;;;;4;4
"054036";"Paciano";90;0;1;0;0;;;;1;0;1;0;2;;;;3;4
"054036";"Paciano";91;0;1;0;1;;;;2;0;0;0;0;;;;0;2
"054036";"Paciano";92;0;1;0;0;;;;1;0;0;0;3;;;;3;4
"054036";"Paciano";93;0;0;0;1;;;;1;0;0;0;0;;;;0;1
"054036";"Paciano";94;0;0;0;0;;;;0;0;0;0;0;;;;0;0
"054036";"Paciano";95;0;2;0;0;;;;2;0;1;0;1;;;;2;4
"054036";"Paciano";96;0;0;0;1;;;;1;0;0;0;0;;;;0;1
"054036";"Paciano";97;0;0;0;1;;;;1;0;0;0;2;;;;2;3
"054036";"Paciano";98;0;0;0;0;;;;0;0;0;0;1;;;;1;1
"054036";"Paciano";99;0;0;0;0;;;;0;1;0;0;0;;;;1;1
"054036";"Paciano";100;0;0;0;0;;;;0;0;0;0;0;;;;0;0
"054036";"Paciano";999;208;226;20;17;;;;471;165;230;18;71;;;;484;955
"054037";"Panicale";0;16;0;0;0;;;;16;14;0;0;0;;;;14;30
"054037";"Panicale";1;19;0;0;0;;;;19;13;0;0;0;;;;13;32
"054037";"Panicale";2;14;0;0;0;;;;14;14;0;0;0;;;;14;28
"054037";"Panicale";3;18;0;0;0;;;;18;20;0;0;0;;;;20;38
"054037";"Panicale";4;16;0;0;0;;;;16;21;0;0;0;;;;21;37
"054037";"Panicale";5;17;0;0;0;;;;17;16;0;0;0;;;;16;33
"054037";"Panicale";6;16;0;0;0;;;;16;21;0;0;0;;;;21;37
"054037";"Panicale";7;20;0;0;0;;;;20;19;0;0;0;;;;19;39
"054037";"Panicale";8;16;0;0;0;;;;16;16;0;0;0;;;;16;32
"054037";"Panicale";9;25;0;0;0;;;;25;25;0;0;0;;;;25;50
"054037";"Panicale";10;12;0;0;0;;;;12;15;0;0;0;;;;15;27
"054037";"Panicale";11;16;0;0;0;;;;16;26;0;0;0;;;;26;42
"054037";"Panicale";12;24;0;0;0;;;;24;21;0;0;0;;;;21;45
"054037";"Panicale";13;23;0;0;0;;;;23;26;0;0;0;;;;26;49
"054037";"Panicale";14;24;0;0;0;;;;24;33;0;0;0;;;;33;57
"054037";"Panicale";15;28;0;0;0;;;;28;20;0;0;0;;;;20;48
"054037";"Panicale";16;41;0;0;0;;;;41;20;0;0;0;;;;20;61
"054037";"Panicale";17;33;0;0;0;;;;33;32;0;0;0;;;;32;65
"054037";"Panicale";18;31;0;0;0;;;;31;24;0;0;0;;;;24;55
"054037";"Panicale";19;26;0;0;0;;;;26;16;0;0;0;;;;16;42
"054037";"Panicale";20;26;0;0;0;;;;26;19;0;0;0;;;;19;45
"054037";"Panicale";21;32;0;0;0;;;;32;20;0;0;0;;;;20;52
"054037";"Panicale";22;27;0;0;0;;;;27;20;2;0;0;;;;22;49
"054037";"Panicale";23;17;0;0;0;;;;17;24;1;0;0;;;;25;42
"054037";"Panicale";24;30;0;0;0;;;;30;26;2;0;0;;;;28;58
"054037";"Panicale";25;25;1;0;0;;;;26;18;2;0;0;;;;20;46
"054037";"Panicale";26;25;2;0;0;;;;27;21;2;0;0;;;;23;50
"054037";"Panicale";27;29;0;0;0;;;;29;26;3;0;0;;;;29;58
"054037";"Panicale";28;20;2;0;0;;;;22;25;5;1;0;;;;31;53
"054037";"Panicale";29;22;4;0;0;;;;26;27;4;0;0;;;;31;57
"054037";"Panicale";30;15;2;0;0;;;;17;21;4;0;0;;;;25;42
"054037";"Panicale";31;26;4;1;0;;;;31;17;5;0;0;;;;22;53
"054037";"Panicale";32;26;2;0;0;;;;28;12;10;0;1;;;;23;51
"054037";"Panicale";33;19;4;0;0;;;;23;14;12;0;0;;;;26;49
"054037";"Panicale";34;15;5;1;0;;;;21;14;5;0;0;;;;19;40
"054037";"Panicale";35;16;6;1;0;;;;23;15;10;0;0;;;;25;48
"054037";"Panicale";36;23;2;0;0;;;;25;11;11;0;0;;;;22;47
"054037";"Panicale";37;12;10;0;0;;;;22;13;12;0;1;;;;26;48
"054037";"Panicale";38;10;11;0;0;;;;21;18;18;2;0;;;;38;59
"054037";"Panicale";39;15;19;0;0;;;;34;13;16;0;0;;;;29;63
"054037";"Panicale";40;12;11;1;0;;;;24;8;23;0;0;;;;31;55
"054037";"Panicale";41;14;11;0;0;;;;25;7;13;1;0;;;;21;46
"054037";"Panicale";42;18;11;3;0;;;;32;8;14;0;2;;;;24;56
"054037";"Panicale";43;13;14;0;0;;;;27;9;15;2;3;;;;29;56
"054037";"Panicale";44;16;19;0;0;;;;35;15;19;1;2;;;;37;72
"054037";"Panicale";45;12;19;2;0;;;;33;11;21;1;0;;;;33;66
"054037";"Panicale";46;18;23;0;0;;;;41;13;22;1;0;;;;36;77
"054037";"Panicale";47;13;28;3;1;;;;45;8;32;2;0;;;;42;87
"054037";"Panicale";48;11;30;2;0;;;;43;6;44;3;0;;;;53;96
"054037";"Panicale";49;10;20;0;0;;;;30;6;34;4;0;;;;44;74
"054037";"Panicale";50;13;23;0;0;;;;36;10;29;3;1;;;;43;79
"054037";"Panicale";51;8;26;4;1;;;;39;5;30;8;2;;;;45;84
"054037";"Panicale";52;7;38;1;0;;;;46;5;33;4;0;;;;42;88
"054037";"Panicale";53;15;18;1;0;;;;34;6;32;5;3;;;;46;80
"054037";"Panicale";54;8;30;2;0;;;;40;3;27;4;4;;;;38;78
"054037";"Panicale";55;8;38;3;0;;;;49;4;33;1;4;;;;42;91
"054037";"Panicale";56;7;30;4;0;;;;41;2;37;2;4;;;;45;86
"054037";"Panicale";57;5;39;1;0;;;;45;5;29;2;4;;;;40;85
"054037";"Panicale";58;6;28;2;0;;;;36;5;39;4;2;;;;50;86
"054037";"Panicale";59;12;34;1;1;;;;48;3;40;0;4;;;;47;95
"054037";"Panicale";60;6;30;2;0;;;;38;2;34;1;3;;;;40;78
"054037";"Panicale";61;4;37;3;2;;;;46;2;38;0;4;;;;44;90
"054037";"Panicale";62;5;34;2;0;;;;41;1;26;0;4;;;;31;72
"054037";"Panicale";63;4;37;2;0;;;;43;0;35;3;4;;;;42;85
"054037";"Panicale";64;5;36;0;2;;;;43;4;32;1;2;;;;39;82
"054037";"Panicale";65;4;23;1;0;;;;28;1;19;2;3;;;;25;53
"054037";"Panicale";66;4;22;1;0;;;;27;4;27;2;4;;;;37;64
"054037";"Panicale";67;6;29;0;0;;;;35;5;32;1;2;;;;40;75
"054037";"Panicale";68;4;26;2;1;;;;33;1;29;2;4;;;;36;69
"054037";"Panicale";69;4;29;3;0;;;;36;2;25;2;7;;;;36;72
"054037";"Panicale";70;2;18;0;3;;;;23;2;22;1;10;;;;35;58
"054037";"Panicale";71;2;32;1;0;;;;35;1;27;2;7;;;;37;72
"054037";"Panicale";72;6;25;2;0;;;;33;2;30;0;10;;;;42;75
"054037";"Panicale";73;6;17;3;3;;;;29;2;22;1;11;;;;36;65
"054037";"Panicale";74;0;40;0;5;;;;45;0;31;3;16;;;;50;95
"054037";"Panicale";75;4;16;1;2;;;;23;2;23;1;10;;;;36;59
"054037";"Panicale";76;1;36;0;3;;;;40;0;19;0;11;;;;30;70
"054037";"Panicale";77;0;20;0;1;;;;21;1;13;2;14;;;;30;51
"054037";"Panicale";78;2;28;0;4;;;;34;0;15;1;10;;;;26;60
"054037";"Panicale";79;2;16;0;3;;;;21;1;13;2;10;;;;26;47
"054037";"Panicale";80;1;17;0;0;;;;18;0;15;0;16;;;;31;49
"054037";"Panicale";81;1;13;0;2;;;;16;1;6;0;9;;;;16;32
"054037";"Panicale";82;0;21;0;3;;;;24;0;6;1;19;;;;26;50
"054037";"Panicale";83;2;20;0;4;;;;26;1;13;0;20;;;;34;60
"054037";"Panicale";84;1;18;1;6;;;;26;1;10;0;16;;;;27;53
"054037";"Panicale";85;0;9;0;3;;;;12;1;5;1;15;;;;22;34
"054037";"Panicale";86;0;3;0;5;;;;8;0;5;0;16;;;;21;29
"054037";"Panicale";87;2;11;1;3;;;;17;2;3;0;15;;;;20;37
"054037";"Panicale";88;1;11;0;4;;;;16;2;6;0;19;;;;27;43
"054037";"Panicale";89;0;8;0;4;;;;12;0;1;0;10;;;;11;23
"054037";"Panicale";90;1;2;0;3;;;;6;0;1;0;14;;;;15;21
"054037";"Panicale";91;0;3;0;3;;;;6;0;1;0;8;;;;9;15
"054037";"Panicale";92;0;3;0;1;;;;4;0;2;0;12;;;;14;18
"054037";"Panicale";93;0;1;0;3;;;;4;2;0;0;5;;;;7;11
"054037";"Panicale";94;0;1;0;0;;;;1;0;1;0;7;;;;8;9
"054037";"Panicale";95;1;2;0;2;;;;5;0;0;0;9;;;;9;14
"054037";"Panicale";96;0;1;0;0;;;;1;0;0;0;6;;;;6;7
"054037";"Panicale";97;0;2;0;2;;;;4;0;0;0;4;;;;4;8
"054037";"Panicale";98;0;0;0;0;;;;0;0;0;0;2;;;;2;2
"054037";"Panicale";99;0;0;0;0;;;;0;0;0;0;1;;;;1;1
"054037";"Panicale";100;0;0;0;0;;;;0;0;0;0;0;;;;0;0
"054037";"Panicale";999;1172;1261;58;80;;;;2571;968;1277;80;406;;;;2731;5302
"054038";"Passignano sul Trasimeno";0;20;0;0;0;;;;20;24;0;0;0;;;;24;44
"054038";"Passignano sul Trasimeno";1;18;0;0;0;;;;18;19;0;0;0;;;;19;37
"054038";"Passignano sul Trasimeno";2;11;0;0;0;;;;11;12;0;0;0;;;;12;23
"054038";"Passignano sul Trasimeno";3;24;0;0;0;;;;24;21;0;0;0;;;;21;45
"054038";"Passignano sul Trasimeno";4;29;0;0;0;;;;29;16;0;0;0;;;;16;45
"054038";"Passignano sul Trasimeno";5;28;0;0;0;;;;28;18;0;0;0;;;;18;46
"054038";"Passignano sul Trasimeno";6;21;0;0;0;;;;21;24;0;0;0;;;;24;45
"054038";"Passignano sul Trasimeno";7;22;0;0;0;;;;22;29;0;0;0;;;;29;51
"054038";"Passignano sul Trasimeno";8;22;0;0;0;;;;22;22;0;0;0;;;;22;44
"054038";"Passignano sul Trasimeno";9;19;0;0;0;;;;19;20;0;0;0;;;;20;39
"054038";"Passignano sul Trasimeno";10;21;0;0;0;;;;21;37;0;0;0;;;;37;58
"054038";"Passignano sul Trasimeno";11;28;0;0;0;;;;28;20;0;0;0;;;;20;48
"054038";"Passignano sul Trasimeno";12;28;0;0;0;;;;28;21;0;0;0;;;;21;49
"054038";"Passignano sul Trasimeno";13;26;0;0;0;;;;26;24;0;0;0;;;;24;50
"054038";"Passignano sul Trasimeno";14;27;0;0;0;;;;27;29;0;0;0;;;;29;56
"054038";"Passignano sul Trasimeno";15;31;0;0;0;;;;31;27;0;0;0;;;;27;58
"054038";"Passignano sul Trasimeno";16;31;0;0;0;;;;31;32;0;0;0;;;;32;63
"054038";"Passignano sul Trasimeno";17;17;0;0;0;;;;17;23;0;0;0;;;;23;40
"054038";"Passignano sul Trasimeno";18;28;0;0;0;;;;28;35;0;0;0;;;;35;63
"054038";"Passignano sul Trasimeno";19;23;0;0;0;;;;23;21;0;0;0;;;;21;44
"054038";"Passignano sul Trasimeno";20;28;0;0;0;;;;28;24;0;0;0;;;;24;52
"054038";"Passignano sul Trasimeno";21;24;0;0;0;;;;24;18;0;0;0;;;;18;42
"054038";"Passignano sul Trasimeno";22;40;0;0;0;;;;40;25;0;0;0;;;;25;65
"054038";"Passignano sul Trasimeno";23;30;0;0;0;;;;30;18;1;0;0;;;;19;49
"054038";"Passignano sul Trasimeno";24;31;0;0;0;;;;31;29;4;0;0;;;;33;64
"054038";"Passignano sul Trasimeno";25;23;2;0;0;;;;25;28;0;0;0;;;;28;53
"054038";"Passignano sul Trasimeno";26;32;1;0;0;;;;33;16;2;0;0;;;;18;51
"054038";"Passignano sul Trasimeno";27;29;0;0;0;;;;29;15;4;0;0;;;;19;48
"054038";"Passignano sul Trasimeno";28;18;3;0;0;;;;21;17;5;0;0;;;;22;43
"054038";"Passignano sul Trasimeno";29;25;5;0;0;;;;30;22;5;0;0;;;;27;57
"054038";"Passignano sul Trasimeno";30;19;3;0;0;;;;22;13;13;1;0;;;;27;49
"054038";"Passignano sul Trasimeno";31;21;6;0;0;;;;27;15;9;0;0;;;;24;51
"054038";"Passignano sul Trasimeno";32;22;7;0;0;;;;29;23;14;1;0;;;;38;67
"054038";"Passignano sul Trasimeno";33;19;9;0;0;;;;28;26;8;0;0;;;;34;62
"054038";"Passignano sul Trasimeno";34;19;10;0;0;;;;29;16;17;0;0;;;;33;62
"054038";"Passignano sul Trasimeno";35;19;7;0;0;;;;26;20;20;1;1;;;;42;68
"054038";"Passignano sul Trasimeno";36;21;7;0;0;;;;28;14;11;2;0;;;;27;55
"054038";"Passignano sul Trasimeno";37;20;14;0;0;;;;34;14;15;0;0;;;;29;63
"054038";"Passignano sul Trasimeno";38;20;13;0;0;;;;33;14;17;3;0;;;;34;67
"054038";"Passignano sul Trasimeno";39;17;9;0;0;;;;26;17;19;0;0;;;;36;62
"054038";"Passignano sul Trasimeno";40;15;12;0;0;;;;27;20;31;3;1;;;;55;82
"054038";"Passignano sul Trasimeno";41;17;14;0;0;;;;31;13;16;2;0;;;;31;62
"054038";"Passignano sul Trasimeno";42;16;18;3;0;;;;37;11;20;1;1;;;;33;70
"054038";"Passignano sul Trasimeno";43;11;18;1;0;;;;30;3;25;3;0;;;;31;61
"054038";"Passignano sul Trasimeno";44;23;19;0;0;;;;42;14;20;0;1;;;;35;77
"054038";"Passignano sul Trasimeno";45;24;25;3;0;;;;52;9;26;2;1;;;;38;90
"054038";"Passignano sul Trasimeno";46;14;27;2;1;;;;44;15;35;4;0;;;;54;98
"054038";"Passignano sul Trasimeno";47;21;21;1;0;;;;43;9;27;4;0;;;;40;83
"054038";"Passignano sul Trasimeno";48;15;24;4;0;;;;43;8;34;5;1;;;;48;91
"054038";"Passignano sul Trasimeno";49;12;31;2;1;;;;46;8;28;0;1;;;;37;83
"054038";"Passignano sul Trasimeno";50;16;30;2;0;;;;48;10;42;6;1;;;;59;107
"054038";"Passignano sul Trasimeno";51;15;27;1;0;;;;43;7;33;2;0;;;;42;85
"054038";"Passignano sul Trasimeno";52;11;35;3;0;;;;49;6;31;3;1;;;;41;90
"054038";"Passignano sul Trasimeno";53;7;36;3;0;;;;46;12;28;1;0;;;;41;87
"054038";"Passignano sul Trasimeno";54;7;26;4;0;;;;37;6;30;8;0;;;;44;81
"054038";"Passignano sul Trasimeno";55;6;28;2;1;;;;37;6;37;1;2;;;;46;83
"054038";"Passignano sul Trasimeno";56;10;36;2;2;;;;50;13;37;4;0;;;;54;104
"054038";"Passignano sul Trasimeno";57;7;41;2;2;;;;52;7;30;2;4;;;;43;95
"054038";"Passignano sul Trasimeno";58;8;44;4;0;;;;56;8;32;2;1;;;;43;99
"054038";"Passignano sul Trasimeno";59;7;23;1;2;;;;33;2;33;5;3;;;;43;76
"054038";"Passignano sul Trasimeno";60;9;29;3;1;;;;42;6;36;4;3;;;;49;91
"054038";"Passignano sul Trasimeno";61;7;35;10;0;;;;52;4;26;4;5;;;;39;91
"054038";"Passignano sul Trasimeno";62;7;33;1;0;;;;41;6;26;3;5;;;;40;81
"054038";"Passignano sul Trasimeno";63;2;25;1;1;;;;29;3;21;4;4;;;;32;61
"054038";"Passignano sul Trasimeno";64;5;27;4;0;;;;36;1;30;5;2;;;;38;74
"054038";"Passignano sul Trasimeno";65;5;25;2;1;;;;33;2;30;1;8;;;;41;74
"054038";"Passignano sul Trasimeno";66;6;23;5;1;;;;35;0;29;1;4;;;;34;69
"054038";"Passignano sul Trasimeno";67;1;22;1;2;;;;26;1;34;1;3;;;;39;65
"054038";"Passignano sul Trasimeno";68;4;25;2;1;;;;32;2;32;3;8;;;;45;77
"054038";"Passignano sul Trasimeno";69;0;23;1;0;;;;24;2;36;3;5;;;;46;70
"054038";"Passignano sul Trasimeno";70;1;30;1;1;;;;33;2;23;3;9;;;;37;70
"054038";"Passignano sul Trasimeno";71;2;32;1;3;;;;38;4;20;0;8;;;;32;70
"054038";"Passignano sul Trasimeno";72;4;31;1;0;;;;36;2;30;4;8;;;;44;80
"054038";"Passignano sul Trasimeno";73;3;27;3;2;;;;35;3;22;0;10;;;;35;70
"054038";"Passignano sul Trasimeno";74;0;34;0;4;;;;38;1;24;1;8;;;;34;72
"054038";"Passignano sul Trasimeno";75;1;33;4;4;;;;42;0;20;2;15;;;;37;79
"054038";"Passignano sul Trasimeno";76;2;25;1;3;;;;31;2;19;2;8;;;;31;62
"054038";"Passignano sul Trasimeno";77;1;18;0;2;;;;21;0;21;1;12;;;;34;55
"054038";"Passignano sul Trasimeno";78;2;14;1;2;;;;19;0;15;1;16;;;;32;51
"054038";"Passignano sul Trasimeno";79;1;14;3;4;;;;22;3;16;0;14;;;;33;55
"054038";"Passignano sul Trasimeno";80;1;19;2;1;;;;23;2;6;1;14;;;;23;46
"054038";"Passignano sul Trasimeno";81;3;28;0;1;;;;32;1;16;0;14;;;;31;63
"054038";"Passignano sul Trasimeno";82;0;11;2;0;;;;13;1;14;0;17;;;;32;45
"054038";"Passignano sul Trasimeno";83;1;14;0;7;;;;22;0;12;0;15;;;;27;49
"054038";"Passignano sul Trasimeno";84;1;17;0;2;;;;20;2;10;0;12;;;;24;44
"054038";"Passignano sul Trasimeno";85;1;20;0;3;;;;24;0;6;0;10;;;;16;40
"054038";"Passignano sul Trasimeno";86;1;14;0;2;;;;17;1;8;0;22;;;;31;48
"054038";"Passignano sul Trasimeno";87;1;8;0;2;;;;11;1;6;0;13;;;;20;31
"054038";"Passignano sul Trasimeno";88;1;6;0;2;;;;9;1;1;0;20;;;;22;31
"054038";"Passignano sul Trasimeno";89;0;3;0;3;;;;6;2;4;0;13;;;;19;25
"054038";"Passignano sul Trasimeno";90;0;5;0;1;;;;6;0;3;0;13;;;;16;22
"054038";"Passignano sul Trasimeno";91;0;5;0;2;;;;7;0;3;0;10;;;;13;20
"054038";"Passignano sul Trasimeno";92;0;4;0;1;;;;5;0;1;0;6;;;;7;12
"054038";"Passignano sul Trasimeno";93;0;4;0;2;;;;6;1;0;0;8;;;;9;15
"054038";"Passignano sul Trasimeno";94;0;1;0;1;;;;2;0;0;0;4;;;;4;6
"054038";"Passignano sul Trasimeno";95;0;0;0;0;;;;0;0;1;0;5;;;;6;6
"054038";"Passignano sul Trasimeno";96;0;1;0;0;;;;1;0;0;0;5;;;;5;6
"054038";"Passignano sul Trasimeno";97;0;0;0;0;;;;0;0;0;0;4;;;;4;4
"054038";"Passignano sul Trasimeno";98;0;0;0;0;;;;0;0;0;0;3;;;;3;3
"054038";"Passignano sul Trasimeno";99;0;0;0;1;;;;1;0;0;0;1;;;;1;2
"054038";"Passignano sul Trasimeno";100;0;0;0;0;;;;0;0;0;0;0;;;;0;0
"054038";"Passignano sul Trasimeno";999;1286;1316;89;72;;;;2763;1101;1360;110;383;;;;2954;5717
"054039";"Perugia";0;519;0;0;0;0;0;0;519;498;0;0;0;0;0;0;498;1017
"054039";"Perugia";1;566;0;0;0;0;0;0;566;510;0;0;0;0;0;0;510;1076
"054039";"Perugia";2;581;0;0;0;0;0;0;581;522;0;0;0;0;0;0;522;1103
"054039";"Perugia";3;580;0;0;0;0;0;0;580;595;0;0;0;0;0;0;595;1175
"054039";"Perugia";4;594;0;0;0;0;0;0;594;539;0;0;0;0;0;0;539;1133
"054039";"Perugia";5;648;0;0;0;0;0;0;648;592;0;0;0;0;0;0;592;1240
"054039";"Perugia";6;633;0;0;0;0;0;0;633;597;0;0;0;0;0;0;597;1230
"054039";"Perugia";7;671;0;0;0;0;0;0;671;632;0;0;0;0;0;0;632;1303
"054039";"Perugia";8;681;0;0;0;0;0;0;681;652;0;0;0;0;0;0;652;1333
"054039";"Perugia";9;697;0;0;0;0;0;0;697;687;0;0;0;0;0;0;687;1384
"054039";"Perugia";10;730;0;0;0;0;0;0;730;788;0;0;0;0;0;0;788;1518
"054039";"Perugia";11;760;0;0;0;0;0;0;760;743;0;0;0;0;0;0;743;1503
"054039";"Perugia";12;785;0;0;0;0;0;0;785;681;0;0;0;0;0;0;681;1466
"054039";"Perugia";13;816;0;0;0;0;0;0;816;724;0;0;0;0;0;0;724;1540
"054039";"Perugia";14;787;0;0;0;0;0;0;787;798;0;0;0;0;0;0;798;1585
"054039";"Perugia";15;851;0;0;0;0;0;0;851;693;0;0;0;0;0;0;693;1544
"054039";"Perugia";16;840;0;0;0;0;0;0;840;766;0;0;0;0;0;0;766;1606
"054039";"Perugia";17;851;0;0;0;0;0;0;851;769;0;0;0;0;0;0;769;1620
"054039";"Perugia";18;795;1;0;0;0;0;0;796;758;0;0;0;0;0;0;758;1554
"054039";"Perugia";19;818;0;0;0;0;0;0;818;734;0;0;0;0;0;0;734;1552
"054039";"Perugia";20;793;1;0;0;0;0;0;794;799;2;0;0;0;0;0;801;1595
"054039";"Perugia";21;834;0;0;0;0;0;0;834;738;6;0;0;0;0;0;744;1578
"054039";"Perugia";22;808;1;1;0;0;0;0;810;773;14;0;0;0;0;0;787;1597
"054039";"Perugia";23;879;3;2;0;0;0;0;884;715;16;1;0;0;0;0;732;1616
"054039";"Perugia";24;866;8;0;0;0;0;0;874;721;39;1;0;0;0;0;761;1635
"054039";"Perugia";25;858;21;1;0;1;0;0;881;770;56;0;0;0;0;0;826;1707
"054039";"Perugia";26;840;27;1;0;0;0;0;868;705;72;3;0;0;0;0;780;1648
"054039";"Perugia";27;796;50;1;0;1;0;0;848;694;86;0;0;0;0;0;780;1628
"054039";"Perugia";28;825;52;1;0;0;0;0;878;653;123;2;0;0;0;0;778;1656
"054039";"Perugia";29;828;82;1;0;0;0;0;911;645;145;3;0;0;0;0;793;1704
"054039";"Perugia";30;872;108;1;0;2;0;0;983;657;191;7;0;0;0;0;855;1838
"054039";"Perugia";31;777;160;2;0;2;0;0;941;607;225;12;1;0;0;0;845;1786
"054039";"Perugia";32;745;162;3;0;1;0;0;911;569;293;9;1;3;0;0;875;1786
"054039";"Perugia";33;686;199;4;0;1;0;0;890;568;305;15;2;0;0;0;890;1780
"054039";"Perugia";34;663;265;4;0;1;0;0;933;544;378;13;2;1;0;0;938;1871
"054039";"Perugia";35;605;249;9;0;3;0;0;866;473;382;19;1;1;0;0;876;1742
"054039";"Perugia";36;535;337;11;0;1;0;0;884;484;407;20;3;1;0;0;915;1799
"054039";"Perugia";37;525;351;8;0;2;0;0;886;449;458;24;5;0;0;0;936;1822
"054039";"Perugia";38;557;387;18;0;2;0;0;964;429;494;32;5;1;0;0;961;1925
"054039";"Perugia";39;556;467;19;3;3;0;0;1048;404;578;39;4;0;0;0;1025;2073
"054039";"Perugia";40;512;463;26;1;1;0;0;1003;389;566;35;5;4;0;0;999;2002
"054039";"Perugia";41;469;494;24;3;3;0;0;993;389;610;47;3;1;0;0;1050;2043
"054039";"Perugia";42;443;519;29;3;1;0;0;995;354;660;51;6;1;0;0;1072;2067
"054039";"Perugia";43;464;537;35;1;1;0;0;1038;338;709;67;6;0;0;0;1120;2158
"054039";"Perugia";44;449;572;40;2;1;0;0;1064;371;660;74;7;1;0;0;1113;2177
"054039";"Perugia";45;419;695;34;1;1;0;0;1150;373;707;73;9;2;0;0;1164;2314
"054039";"Perugia";46;394;600;46;1;0;0;0;1041;353;735;68;13;0;0;0;1169;2210
"054039";"Perugia";47;414;663;54;1;0;0;0;1132;368;799;91;23;2;1;0;1284;2416
"054039";"Perugia";48;429;812;56;4;5;0;0;1306;307;838;97;16;0;0;0;1258;2564
"054039";"Perugia";49;419;759;66;5;2;1;0;1252;287;856;91;24;2;0;0;1260;2512
"054039";"Perugia";50;359;776;76;5;5;0;0;1221;302;825;122;23;1;0;0;1273;2494
"054039";"Perugia";51;312;820;60;7;4;0;0;1203;272;911;111;31;1;0;0;1326;2529
"054039";"Perugia";52;313;797;96;7;3;0;0;1216;251;884;133;28;3;0;0;1299;2515
"054039";"Perugia";53;316;831;64;8;1;0;0;1220;282;971;115;32;0;0;0;1400;2620
"054039";"Perugia";54;273;834;83;4;1;0;0;1195;249;890;138;50;0;0;0;1327;2522
"054039";"Perugia";55;231;785;93;9;3;0;0;1121;241;880;116;49;0;0;0;1286;2407
"054039";"Perugia";56;291;896;80;8;4;0;0;1279;210;875;127;49;1;0;0;1262;2541
"054039";"Perugia";57;260;883;90;13;2;0;0;1248;234;969;135;55;2;0;0;1395;2643
"054039";"Perugia";58;227;929;106;13;0;0;0;1275;205;939;158;69;0;1;0;1372;2647
"054039";"Perugia";59;205;785;95;14;5;0;0;1104;186;961;139;67;0;0;0;1353;2457
"054039";"Perugia";60;183;835;76;14;3;0;0;1111;153;942;137;84;1;0;0;1317;2428
"054039";"Perugia";61;179;860;79;24;0;0;0;1142;153;854;127;106;0;0;0;1240;2382
"054039";"Perugia";62;147;856;98;16;1;0;0;1118;161;897;122;86;0;0;0;1266;2384
"054039";"Perugia";63;136;806;86;22;2;0;0;1052;149;810;113;103;0;0;0;1175;2227
"054039";"Perugia";64;120;761;55;28;4;0;0;968;124;768;106;105;0;0;0;1103;2071
"054039";"Perugia";65;104;690;67;23;1;0;0;885;117;770;92;120;0;0;0;1099;1984
"054039";"Perugia";66;99;785;50;32;1;0;0;967;108;745;75;136;0;0;0;1064;2031
"054039";"Perugia";67;90;731;44;36;0;0;0;901;89;709;78;118;0;0;0;994;1895
"054039";"Perugia";68;73;698;58;28;0;0;0;857;77;726;72;159;0;0;0;1034;1891
"054039";"Perugia";69;64;684;37;28;0;0;0;813;78;671;66;174;0;0;0;989;1802
"054039";"Perugia";70;69;637;24;26;3;0;0;759;78;622;69;152;0;0;0;921;1680
"054039";"Perugia";71;62;634;47;42;0;0;0;785;70;677;67;167;0;0;0;981;1766
"054039";"Perugia";72;50;661;39;61;2;0;0;813;76;669;66;159;0;0;0;970;1783
"054039";"Perugia";73;44;677;34;43;0;0;0;798;73;668;60;201;0;0;0;1002;1800
"054039";"Perugia";74;59;752;37;51;2;0;0;901;66;771;57;272;0;0;0;1166;2067
"054039";"Perugia";75;45;697;20;44;0;0;0;806;66;567;50;286;0;0;0;969;1775
"054039";"Perugia";76;46;654;29;67;0;0;0;796;43;546;39;294;0;0;0;922;1718
"054039";"Perugia";77;44;511;14;37;0;0;0;606;41;447;34;273;0;0;0;795;1401
"054039";"Perugia";78;32;524;21;61;1;0;0;639;41;450;31;295;0;0;0;817;1456
"054039";"Perugia";79;36;523;10;75;0;0;0;644;41;408;27;350;0;0;0;826;1470
"054039";"Perugia";80;34;449;17;73;0;0;0;573;35;368;22;335;0;0;0;760;1333
"054039";"Perugia";81;36;486;11;86;0;0;0;619;49;340;20;365;0;0;0;774;1393
"054039";"Perugia";82;32;531;18;84;0;0;0;665;35;330;27;462;0;0;0;854;1519
"054039";"Perugia";83;23;442;8;90;0;0;0;563;37;305;24;443;0;0;0;809;1372
"054039";"Perugia";84;27;428;11;101;0;0;0;567;46;270;16;486;0;0;0;818;1385
"054039";"Perugia";85;19;348;6;80;0;0;0;453;23;190;15;446;0;0;0;674;1127
"054039";"Perugia";86;13;266;5;78;0;0;0;362;40;136;12;400;0;0;0;588;950
"054039";"Perugia";87;13;239;4;65;0;0;0;321;21;110;11;407;0;0;0;549;870
"054039";"Perugia";88;15;206;8;73;0;0;0;302;29;81;3;413;0;0;0;526;828
"054039";"Perugia";89;12;179;4;79;0;0;0;274;25;71;5;354;0;0;0;455;729
"054039";"Perugia";90;8;130;0;67;0;0;0;205;24;48;3;319;0;0;0;394;599
"054039";"Perugia";91;6;119;1;60;0;0;0;186;23;28;5;282;0;0;0;338;524
"054039";"Perugia";92;5;79;0;42;0;0;0;126;13;18;5;269;0;0;0;305;431
"054039";"Perugia";93;3;49;0;33;0;0;0;85;9;11;3;191;0;0;0;214;299
"054039";"Perugia";94;0;32;0;29;0;0;0;61;14;5;5;182;0;0;0;206;267
"054039";"Perugia";95;1;17;0;21;0;0;0;39;6;7;0;141;0;0;0;154;193
"054039";"Perugia";96;2;20;0;16;0;0;0;38;9;1;2;94;0;0;0;106;144
"054039";"Perugia";97;0;9;0;6;0;0;0;15;8;0;1;95;0;0;0;104;119
"054039";"Perugia";98;1;8;0;9;0;0;0;18;5;0;1;47;0;0;0;53;71
"054039";"Perugia";99;1;1;0;3;0;0;0;5;2;1;1;31;0;0;0;35;40
"054039";"Perugia";100;1;0;0;9;0;0;0;10;1;0;0;46;0;0;0;47;57
"054039";"Perugia";999;38184;35395;2358;1975;83;1;0;77996;33894;36552;3857;10037;29;2;0;84371;162367
"054040";"Piegaro";0;7;0;0;0;;;;7;12;0;0;0;;;;12;19
"054040";"Piegaro";1;11;0;0;0;;;;11;8;0;0;0;;;;8;19
"054040";"Piegaro";2;10;0;0;0;;;;10;10;0;0;0;;;;10;20
"054040";"Piegaro";3;8;0;0;0;;;;8;14;0;0;0;;;;14;22
"054040";"Piegaro";4;11;0;0;0;;;;11;9;0;0;0;;;;9;20
"054040";"Piegaro";5;9;0;0;0;;;;9;12;0;0;0;;;;12;21
"054040";"Piegaro";6;15;0;0;0;;;;15;10;0;0;0;;;;10;25
"054040";"Piegaro";7;19;0;0;0;;;;19;14;0;0;0;;;;14;33
"054040";"Piegaro";8;20;0;0;0;;;;20;8;0;0;0;;;;8;28
"054040";"Piegaro";9;11;0;0;0;;;;11;11;0;0;0;;;;11;22
"054040";"Piegaro";10;12;0;0;0;;;;12;10;0;0;0;;;;10;22
"054040";"Piegaro";11;13;0;0;0;;;;13;10;0;0;0;;;;10;23
"054040";"Piegaro";12;14;0;0;0;;;;14;15;0;0;0;;;;15;29
"054040";"Piegaro";13;25;0;0;0;;;;25;20;0;0;0;;;;20;45
"054040";"Piegaro";14;13;0;0;0;;;;13;15;0;0;0;;;;15;28
"054040";"Piegaro";15;17;0;0;0;;;;17;16;0;0;0;;;;16;33
"054040";"Piegaro";16;15;0;0;0;;;;15;18;0;0;0;;;;18;33
"054040";"Piegaro";17;15;0;0;0;;;;15;11;0;0;0;;;;11;26
"054040";"Piegaro";18;22;0;0;0;;;;22;15;0;0;0;;;;15;37
"054040";"Piegaro";19;14;0;0;0;;;;14;20;0;0;0;;;;20;34
"054040";"Piegaro";20;17;0;0;0;;;;17;9;1;0;0;;;;10;27
"054040";"Piegaro";21;14;0;0;0;;;;14;17;0;0;0;;;;17;31
"054040";"Piegaro";22;11;0;0;0;;;;11;14;0;0;0;;;;14;25
"054040";"Piegaro";23;11;1;0;0;;;;12;12;1;0;0;;;;13;25
"054040";"Piegaro";24;9;0;0;0;;;;9;9;1;0;0;;;;10;19
"054040";"Piegaro";25;13;0;0;0;;;;13;13;1;0;0;;;;14;27
"054040";"Piegaro";26;11;0;0;0;;;;11;14;1;0;0;;;;15;26
"054040";"Piegaro";27;15;1;0;0;;;;16;11;1;0;0;;;;12;28
"054040";"Piegaro";28;22;0;0;0;;;;22;15;1;0;0;;;;16;38
"054040";"Piegaro";29;15;0;0;0;;;;15;13;4;0;0;;;;17;32
"054040";"Piegaro";30;16;1;0;0;;;;17;15;3;0;0;;;;18;35
"054040";"Piegaro";31;17;1;0;0;;;;18;8;1;0;0;;;;9;27
"054040";"Piegaro";32;15;3;0;0;;;;18;11;3;1;0;;;;15;33
"054040";"Piegaro";33;4;6;0;0;;;;10;7;8;0;0;;;;15;25
"054040";"Piegaro";34;13;5;0;0;;;;18;10;10;0;0;;;;20;38
"054040";"Piegaro";35;12;6;0;0;;;;18;9;7;0;0;;;;16;34
"054040";"Piegaro";36;9;4;0;0;;;;13;10;7;1;0;;;;18;31
"054040";"Piegaro";37;14;5;0;0;;;;19;8;15;0;0;;;;23;42
"054040";"Piegaro";38;12;10;0;0;;;;22;8;10;0;1;;;;19;41
"054040";"Piegaro";39;6;11;0;0;;;;17;12;11;1;0;;;;24;41
"054040";"Piegaro";40;10;9;0;0;;;;19;5;11;1;0;;;;17;36
"054040";"Piegaro";41;11;5;1;0;;;;17;7;13;0;0;;;;20;37
"054040";"Piegaro";42;10;14;0;0;;;;24;7;13;2;0;;;;22;46
"054040";"Piegaro";43;9;9;0;0;;;;18;5;21;0;0;;;;26;44
"054040";"Piegaro";44;15;9;0;0;;;;24;6;10;1;0;;;;17;41
"054040";"Piegaro";45;3;15;0;0;;;;18;10;11;7;0;;;;28;46
"054040";"Piegaro";46;10;21;0;0;;;;31;5;13;0;0;;;;18;49
"054040";"Piegaro";47;11;11;0;0;;;;22;3;16;0;0;;;;19;41
"054040";"Piegaro";48;6;15;0;0;;;;21;4;23;1;1;;;;29;50
"054040";"Piegaro";49;7;19;1;0;;;;27;10;17;2;0;;;;29;56
"054040";"Piegaro";50;10;19;0;0;;;;29;4;25;5;1;;;;35;64
"054040";"Piegaro";51;6;20;3;1;;;;30;3;21;0;2;;;;26;56
"054040";"Piegaro";52;8;19;2;0;;;;29;3;24;1;0;;;;28;57
"054040";"Piegaro";53;8;21;3;0;;;;32;5;18;3;2;;;;28;60
"054040";"Piegaro";54;3;11;1;1;;;;16;7;19;0;2;;;;28;44
"054040";"Piegaro";55;5;16;1;0;;;;22;3;21;3;1;;;;28;50
"054040";"Piegaro";56;5;19;2;0;;;;26;1;15;4;1;;;;21;47
"054040";"Piegaro";57;3;21;2;0;;;;26;3;32;4;4;;;;43;69
"054040";"Piegaro";58;3;15;2;1;;;;21;3;16;1;3;;;;23;44
"054040";"Piegaro";59;2;17;1;1;;;;21;2;24;0;3;;;;29;50
"054040";"Piegaro";60;4;16;1;1;;;;22;2;23;1;1;;;;27;49
"054040";"Piegaro";61;6;29;1;1;;;;37;1;19;2;5;;;;27;64
"054040";"Piegaro";62;4;24;0;1;;;;29;1;25;4;3;;;;33;62
"054040";"Piegaro";63;3;18;1;0;;;;22;2;12;0;3;;;;17;39
"054040";"Piegaro";64;4;32;3;1;;;;40;1;23;0;2;;;;26;66
"054040";"Piegaro";65;3;17;2;0;;;;22;1;24;1;7;;;;33;55
"054040";"Piegaro";66;2;21;4;1;;;;28;3;16;1;3;;;;23;51
"054040";"Piegaro";67;4;14;0;2;;;;20;1;28;0;2;;;;31;51
"054040";"Piegaro";68;0;21;0;0;;;;21;4;14;0;1;;;;19;40
"054040";"Piegaro";69;3;21;1;1;;;;26;1;16;1;3;;;;21;47
"054040";"Piegaro";70;0;21;1;2;;;;24;2;15;1;1;;;;19;43
"054040";"Piegaro";71;1;18;0;0;;;;19;0;16;0;4;;;;20;39
"054040";"Piegaro";72;1;19;0;1;;;;21;2;14;0;5;;;;21;42
"054040";"Piegaro";73;1;17;1;0;;;;19;2;16;1;9;;;;28;47
"054040";"Piegaro";74;0;18;0;2;;;;20;4;15;0;11;;;;30;50
"054040";"Piegaro";75;3;13;2;4;;;;22;0;18;0;6;;;;24;46
"054040";"Piegaro";76;0;22;0;0;;;;22;2;7;1;7;;;;17;39
"054040";"Piegaro";77;0;12;0;0;;;;12;0;7;0;6;;;;13;25
"054040";"Piegaro";78;1;9;0;4;;;;14;0;14;0;7;;;;21;35
"054040";"Piegaro";79;1;13;0;2;;;;16;1;11;0;11;;;;23;39
"054040";"Piegaro";80;0;13;0;1;;;;14;1;8;0;7;;;;16;30
"054040";"Piegaro";81;0;5;0;2;;;;7;0;5;0;10;;;;15;22
"054040";"Piegaro";82;0;13;0;3;;;;16;0;6;0;16;;;;22;38
"054040";"Piegaro";83;0;12;0;0;;;;12;0;7;1;5;;;;13;25
"054040";"Piegaro";84;0;15;0;1;;;;16;0;3;0;13;;;;16;32
"054040";"Piegaro";85;0;6;0;2;;;;8;1;5;0;12;;;;18;26
"054040";"Piegaro";86;2;11;0;1;;;;14;1;6;1;16;;;;24;38
"054040";"Piegaro";87;0;7;0;0;;;;7;0;3;1;8;;;;12;19
"054040";"Piegaro";88;0;4;0;0;;;;4;0;2;0;7;;;;9;13
"054040";"Piegaro";89;0;4;0;1;;;;5;0;2;1;4;;;;7;12
"054040";"Piegaro";90;0;1;0;1;;;;2;0;1;0;8;;;;9;11
"054040";"Piegaro";91;0;6;0;1;;;;7;0;0;0;4;;;;4;11
"054040";"Piegaro";92;0;2;0;0;;;;2;0;0;0;6;;;;6;8
"054040";"Piegaro";93;0;1;0;0;;;;1;0;0;0;10;;;;10;11
"054040";"Piegaro";94;0;0;0;1;;;;1;0;0;0;4;;;;4;5
"054040";"Piegaro";95;0;2;0;2;;;;4;0;0;0;4;;;;4;8
"054040";"Piegaro";96;0;0;0;0;;;;0;0;0;0;3;;;;3;3
"054040";"Piegaro";97;0;0;0;0;;;;0;0;0;0;3;;;;3;3
"054040";"Piegaro";98;0;0;0;1;;;;1;0;0;0;1;;;;1;2
"054040";"Piegaro";99;0;0;0;1;;;;1;0;0;0;1;;;;1;2
"054040";"Piegaro";100;0;0;0;1;;;;1;0;0;0;0;;;;0;1
"054040";"Piegaro";999;725;836;36;46;;;;1643;612;830;55;260;;;;1757;3400
"054041";"Pietralunga";0;7;0;0;0;;;;7;6;0;0;0;;;;6;13
"054041";"Pietralunga";1;8;0;0;0;;;;8;5;0;0;0;;;;5;13
"054041";"Pietralunga";2;4;0;0;0;;;;4;6;0;0;0;;;;6;10
"054041";"Pietralunga";3;5;0;0;0;;;;5;4;0;0;0;;;;4;9
"054041";"Pietralunga";4;4;0;0;0;;;;4;8;0;0;0;;;;8;12
"054041";"Pietralunga";5;4;0;0;0;;;;4;6;0;0;0;;;;6;10
"054041";"Pietralunga";6;3;0;0;0;;;;3;8;0;0;0;;;;8;11
"054041";"Pietralunga";7;7;0;0;0;;;;7;9;0;0;0;;;;9;16
"054041";"Pietralunga";8;14;0;0;0;;;;14;3;0;0;0;;;;3;17
"054041";"Pietralunga";9;4;0;0;0;;;;4;8;0;0;0;;;;8;12
"054041";"Pietralunga";10;3;0;0;0;;;;3;2;0;0;0;;;;2;5
"054041";"Pietralunga";11;4;0;0;0;;;;4;8;0;0;0;;;;8;12
"054041";"Pietralunga";12;5;0;0;0;;;;5;11;0;0;0;;;;11;16
"054041";"Pietralunga";13;11;0;0;0;;;;11;6;0;0;0;;;;6;17
"054041";"Pietralunga";14;8;0;0;0;;;;8;7;0;0;0;;;;7;15
"054041";"Pietralunga";15;4;0;0;0;;;;4;11;0;0;0;;;;11;15
"054041";"Pietralunga";16;5;0;0;0;;;;5;17;0;0;0;;;;17;22
"054041";"Pietralunga";17;4;0;0;0;;;;4;9;0;0;0;;;;9;13
"054041";"Pietralunga";18;14;0;0;0;;;;14;7;0;0;0;;;;7;21
"054041";"Pietralunga";19;3;0;0;0;;;;3;9;0;0;0;;;;9;12
"054041";"Pietralunga";20;5;0;0;0;;;;5;5;0;0;0;;;;5;10
"054041";"Pietralunga";21;11;0;0;0;;;;11;6;0;0;0;;;;6;17
"054041";"Pietralunga";22;9;0;0;0;;;;9;16;0;0;0;;;;16;25
"054041";"Pietralunga";23;13;0;0;0;;;;13;8;1;0;0;;;;9;22
"054041";"Pietralunga";24;13;0;0;0;;;;13;10;1;0;0;;;;11;24
"054041";"Pietralunga";25;11;1;0;0;;;;12;3;0;0;0;;;;3;15
"054041";"Pietralunga";26;9;0;0;0;;;;9;7;1;0;0;;;;8;17
"054041";"Pietralunga";27;10;0;0;0;;;;10;10;2;0;0;;;;12;22
"054041";"Pietralunga";28;10;0;0;0;;;;10;9;0;0;0;;;;9;19
"054041";"Pietralunga";29;11;1;0;0;;;;12;12;0;0;0;;;;12;24
"054041";"Pietralunga";30;3;3;0;0;;;;6;2;3;0;0;;;;5;11
"054041";"Pietralunga";31;10;1;0;0;;;;11;5;3;0;0;;;;8;19
"054041";"Pietralunga";32;7;1;0;0;;;;8;13;4;0;0;;;;17;25
"054041";"Pietralunga";33;9;4;0;0;;;;13;10;2;0;0;;;;12;25
"054041";"Pietralunga";34;10;1;0;0;;;;11;5;3;2;0;;;;10;21
"054041";"Pietralunga";35;6;4;0;0;;;;10;6;1;0;0;;;;7;17
"054041";"Pietralunga";36;8;2;0;0;;;;10;6;2;0;0;;;;8;18
"054041";"Pietralunga";37;10;3;2;0;;;;15;2;4;1;0;;;;7;22
"054041";"Pietralunga";38;11;3;0;0;;;;14;6;8;0;0;;;;14;28
"054041";"Pietralunga";39;6;3;0;0;;;;9;10;6;1;0;;;;17;26
"054041";"Pietralunga";40;8;3;1;0;;;;12;6;4;1;1;;;;12;24
"054041";"Pietralunga";41;7;7;0;0;;;;14;2;3;1;0;;;;6;20
"054041";"Pietralunga";42;8;2;0;0;;;;10;3;4;1;1;;;;9;19
"054041";"Pietralunga";43;4;5;0;0;;;;9;4;8;0;0;;;;12;21
"054041";"Pietralunga";44;10;5;1;0;;;;16;6;4;1;0;;;;11;27
"054041";"Pietralunga";45;7;3;0;0;;;;10;3;6;0;0;;;;9;19
"054041";"Pietralunga";46;7;7;0;0;;;;14;4;6;0;0;;;;10;24
"054041";"Pietralunga";47;8;4;2;0;;;;14;2;4;1;0;;;;7;21
"054041";"Pietralunga";48;4;8;1;0;;;;13;2;9;0;0;;;;11;24
"054041";"Pietralunga";49;7;5;1;0;;;;13;5;9;0;0;;;;14;27
"054041";"Pietralunga";50;2;7;1;0;;;;10;1;10;2;0;;;;13;23
"054041";"Pietralunga";51;6;8;0;0;;;;14;2;7;0;1;;;;10;24
"054041";"Pietralunga";52;4;6;0;0;;;;10;3;11;1;0;;;;15;25
"054041";"Pietralunga";53;2;11;1;0;;;;14;1;13;2;0;;;;16;30
"054041";"Pietralunga";54;8;7;0;0;;;;15;1;6;0;0;;;;7;22
"054041";"Pietralunga";55;3;17;0;0;;;;20;2;11;1;3;;;;17;37
"054041";"Pietralunga";56;5;11;2;0;;;;18;0;18;2;4;;;;24;42
"054041";"Pietralunga";57;3;9;3;1;;;;16;0;10;0;2;;;;12;28
"054041";"Pietralunga";58;3;14;2;0;;;;19;2;12;2;2;;;;18;37
"054041";"Pietralunga";59;10;9;0;0;;;;19;3;16;3;0;;;;22;41
"054041";"Pietralunga";60;2;12;1;0;;;;15;2;16;0;1;;;;19;34
"054041";"Pietralunga";61;1;14;0;1;;;;16;2;8;1;3;;;;14;30
"054041";"Pietralunga";62;3;10;2;2;;;;17;2;11;1;1;;;;15;32
"054041";"Pietralunga";63;2;16;0;1;;;;19;2;13;0;0;;;;15;34
"054041";"Pietralunga";64;1;9;0;0;;;;10;5;11;2;3;;;;21;31
"054041";"Pietralunga";65;1;6;0;0;;;;7;1;10;0;5;;;;16;23
"054041";"Pietralunga";66;1;20;1;2;;;;24;3;7;0;3;;;;13;37
"054041";"Pietralunga";67;3;13;0;1;;;;17;1;13;2;1;;;;17;34
"054041";"Pietralunga";68;2;11;0;1;;;;14;0;9;1;2;;;;12;26
"054041";"Pietralunga";69;3;18;1;0;;;;22;2;10;2;0;;;;14;36
"054041";"Pietralunga";70;1;14;0;0;;;;15;1;10;0;4;;;;15;30
"054041";"Pietralunga";71;1;10;1;2;;;;14;0;12;0;4;;;;16;30
"054041";"Pietralunga";72;4;7;0;0;;;;11;0;6;1;2;;;;9;20
"054041";"Pietralunga";73;5;6;0;2;;;;13;1;8;0;3;;;;12;25
"054041";"Pietralunga";74;0;9;0;1;;;;10;1;8;0;6;;;;15;25
"054041";"Pietralunga";75;2;9;0;2;;;;13;1;5;0;3;;;;9;22
"054041";"Pietralunga";76;2;8;0;0;;;;10;1;9;0;5;;;;15;25
"054041";"Pietralunga";77;3;16;0;1;;;;20;0;2;0;4;;;;6;26
"054041";"Pietralunga";78;1;2;0;1;;;;4;0;4;0;6;;;;10;14
"054041";"Pietralunga";79;0;10;1;1;;;;12;0;4;0;2;;;;6;18
"054041";"Pietralunga";80;0;5;0;0;;;;5;1;2;0;5;;;;8;13
"054041";"Pietralunga";81;0;2;0;1;;;;3;0;3;0;4;;;;7;10
"054041";"Pietralunga";82;1;4;0;1;;;;6;0;6;0;10;;;;16;22
"054041";"Pietralunga";83;0;5;1;1;;;;7;1;3;0;9;;;;13;20
"054041";"Pietralunga";84;1;7;0;1;;;;9;1;5;0;9;;;;15;24
"054041";"Pietralunga";85;1;8;0;0;;;;9;1;2;0;9;;;;12;21
"054041";"Pietralunga";86;1;3;0;0;;;;4;0;1;0;14;;;;15;19
"054041";"Pietralunga";87;0;3;0;2;;;;5;0;1;0;10;;;;11;16
"054041";"Pietralunga";88;0;2;0;1;;;;3;0;1;0;8;;;;9;12
"054041";"Pietralunga";89;0;4;0;2;;;;6;0;1;0;9;;;;10;16
"054041";"Pietralunga";90;2;1;0;1;;;;4;0;1;0;6;;;;7;11
"054041";"Pietralunga";91;1;1;1;1;;;;4;0;1;0;8;;;;9;13
"054041";"Pietralunga";92;0;2;0;0;;;;2;0;0;0;4;;;;4;6
"054041";"Pietralunga";93;0;0;0;1;;;;1;0;0;0;4;;;;4;5
"054041";"Pietralunga";94;0;0;0;1;;;;1;0;0;0;5;;;;5;6
"054041";"Pietralunga";95;1;2;0;1;;;;4;0;0;0;1;;;;1;5
"054041";"Pietralunga";96;0;1;0;0;;;;1;0;0;0;2;;;;2;3
"054041";"Pietralunga";97;0;0;0;0;;;;0;0;0;0;3;;;;3;3
"054041";"Pietralunga";98;0;0;0;0;;;;0;0;0;0;0;;;;0;0
"054041";"Pietralunga";99;0;0;0;0;;;;0;1;0;0;0;;;;1;1
"054041";"Pietralunga";100;0;0;0;0;;;;0;0;0;0;0;;;;0;0
"054041";"Pietralunga";999;465;445;26;33;;;;969;383;415;32;192;;;;1022;1991
"054042";"Poggiodomo";0;0;0;0;0;;;;0;0;0;0;0;;;;0;0
"054042";"Poggiodomo";1;0;0;0;0;;;;0;1;0;0;0;;;;1;1
"054042";"Poggiodomo";2;0;0;0;0;;;;0;0;0;0;0;;;;0;0
"054042";"Poggiodomo";3;0;0;0;0;;;;0;0;0;0;0;;;;0;0
"054042";"Poggiodomo";4;1;0;0;0;;;;1;1;0;0;0;;;;1;2
"054042";"Poggiodomo";5;0;0;0;0;;;;0;0;0;0;0;;;;0;0
"054042";"Poggiodomo";6;0;0;0;0;;;;0;0;0;0;0;;;;0;0
"054042";"Poggiodomo";7;0;0;0;0;;;;0;0;0;0;0;;;;0;0
"054042";"Poggiodomo";8;1;0;0;0;;;;1;0;0;0;0;;;;0;1
"054042";"Poggiodomo";9;0;0;0;0;;;;0;0;0;0;0;;;;0;0
"054042";"Poggiodomo";10;0;0;0;0;;;;0;0;0;0;0;;;;0;0
"054042";"Poggiodomo";11;0;0;0;0;;;;0;0;0;0;0;;;;0;0
"054042";"Poggiodomo";12;0;0;0;0;;;;0;0;0;0;0;;;;0;0
"054042";"Poggiodomo";13;0;0;0;0;;;;0;0;0;0;0;;;;0;0
"054042";"Poggiodomo";14;0;0;0;0;;;;0;0;0;0;0;;;;0;0
"054042";"Poggiodomo";15;0;0;0;0;;;;0;0;0;0;0;;;;0;0
"054042";"Poggiodomo";16;0;0;0;0;;;;0;0;0;0;0;;;;0;0
"054042";"Poggiodomo";17;1;0;0;0;;;;1;0;0;0;0;;;;0;1
"054042";"Poggiodomo";18;0;0;0;0;;;;0;0;0;0;0;;;;0;0
"054042";"Poggiodomo";19;0;0;0;0;;;;0;0;0;0;0;;;;0;0
"054042";"Poggiodomo";20;1;0;0;0;;;;1;0;0;0;0;;;;0;1
"054042";"Poggiodomo";21;0;0;0;0;;;;0;0;0;0;0;;;;0;0
"054042";"Poggiodomo";22;0;0;0;0;;;;0;0;0;0;0;;;;0;0
"054042";"Poggiodomo";23;0;0;0;0;;;;0;0;0;0;0;;;;0;0
"054042";"Poggiodomo";24;0;0;0;0;;;;0;0;0;0;0;;;;0;0
"054042";"Poggiodomo";25;0;0;0;0;;;;0;0;0;0;0;;;;0;0
"054042";"Poggiodomo";26;0;0;0;0;;;;0;0;0;0;0;;;;0;0
"054042";"Poggiodomo";27;0;0;0;0;;;;0;0;0;0;0;;;;0;0
"054042";"Poggiodomo";28;0;0;0;0;;;;0;0;0;0;0;;;;0;0
"054042";"Poggiodomo";29;0;0;0;0;;;;0;0;0;0;0;;;;0;0
"054042";"Poggiodomo";30;0;0;0;0;;;;0;0;0;0;0;;;;0;0
"054042";"Poggiodomo";31;0;0;0;0;;;;0;0;0;0;0;;;;0;0
"054042";"Poggiodomo";32;0;0;0;0;;;;0;0;0;0;0;;;;0;0
"054042";"Poggiodomo";33;0;1;0;0;;;;1;0;0;0;0;;;;0;1
"054042";"Poggiodomo";34;0;0;0;0;;;;0;0;0;0;0;;;;0;0
"054042";"Poggiodomo";35;0;0;0;0;;;;0;0;0;0;0;;;;0;0
"054042";"Poggiodomo";36;0;1;0;0;;;;1;0;0;0;0;;;;0;1
"054042";"Poggiodomo";37;0;0;0;0;;;;0;1;0;0;0;;;;1;1
"054042";"Poggiodomo";38;0;0;0;0;;;;0;0;0;0;0;;;;0;0
"054042";"Poggiodomo";39;0;0;0;0;;;;0;0;0;0;0;;;;0;0
"054042";"Poggiodomo";40;0;0;0;0;;;;0;0;0;0;0;;;;0;0
"054042";"Poggiodomo";41;0;0;0;0;;;;0;0;1;0;0;;;;1;1
"054042";"Poggiodomo";42;0;1;0;0;;;;1;0;1;0;0;;;;1;2
"054042";"Poggiodomo";43;0;0;0;0;;;;0;0;0;0;0;;;;0;0
"054042";"Poggiodomo";44;0;0;1;0;;;;1;0;1;1;0;;;;2;3
"054042";"Poggiodomo";45;0;0;0;0;;;;0;0;0;0;0;;;;0;0
"054042";"Poggiodomo";46;2;0;0;0;;;;2;0;0;0;0;;;;0;2
"054042";"Poggiodomo";47;0;0;0;0;;;;0;1;0;0;0;;;;1;1
"054042";"Poggiodomo";48;1;0;0;0;;;;1;0;0;0;0;;;;0;1
"054042";"Poggiodomo";49;1;1;0;0;;;;2;0;0;0;0;;;;0;2
"054042";"Poggiodomo";50;0;0;0;0;;;;0;0;0;0;0;;;;0;0
"054042";"Poggiodomo";51;1;0;0;0;;;;1;0;1;0;0;;;;1;2
"054042";"Poggiodomo";52;0;1;0;0;;;;1;0;0;0;0;;;;0;1
"054042";"Poggiodomo";53;0;0;0;0;;;;0;0;0;0;0;;;;0;0
"054042";"Poggiodomo";54;0;0;0;0;;;;0;0;0;0;0;;;;0;0
"054042";"Poggiodomo";55;0;0;0;0;;;;0;0;0;0;0;;;;0;0
"054042";"Poggiodomo";56;1;0;0;0;;;;1;0;0;0;0;;;;0;1
"054042";"Poggiodomo";57;0;1;0;0;;;;1;0;2;0;0;;;;2;3
"054042";"Poggiodomo";58;0;1;0;0;;;;1;0;1;0;0;;;;1;2
"054042";"Poggiodomo";59;0;0;0;0;;;;0;0;2;0;0;;;;2;2
"054042";"Poggiodomo";60;0;0;0;0;;;;0;0;0;0;0;;;;0;0
"054042";"Poggiodomo";61;1;0;0;0;;;;1;0;3;0;0;;;;3;4
"054042";"Poggiodomo";62;1;1;0;0;;;;2;1;0;0;0;;;;1;3
"054042";"Poggiodomo";63;0;1;1;0;;;;2;0;3;0;0;;;;3;5
"054042";"Poggiodomo";64;0;1;0;0;;;;1;0;0;0;0;;;;0;1
"054042";"Poggiodomo";65;1;1;0;0;;;;2;0;0;0;0;;;;0;2
"054042";"Poggiodomo";66;0;0;0;0;;;;0;0;0;0;0;;;;0;0
"054042";"Poggiodomo";67;0;1;0;0;;;;1;0;0;0;0;;;;0;1
"054042";"Poggiodomo";68;0;1;0;0;;;;1;0;0;0;0;;;;0;1
"054042";"Poggiodomo";69;0;0;0;0;;;;0;1;0;0;0;;;;1;1
"054042";"Poggiodomo";70;0;1;0;0;;;;1;0;0;0;0;;;;0;1
"054042";"Poggiodomo";71;0;0;0;0;;;;0;0;1;0;0;;;;1;1
"054042";"Poggiodomo";72;0;1;0;0;;;;1;0;0;0;1;;;;1;2
"054042";"Poggiodomo";73;0;0;0;0;;;;0;0;1;0;0;;;;1;1
"054042";"Poggiodomo";74;0;5;0;0;;;;5;0;1;0;1;;;;2;7
"054042";"Poggiodomo";75;1;0;0;0;;;;1;0;3;0;0;;;;3;4
"054042";"Poggiodomo";76;0;1;0;1;;;;2;1;0;0;0;;;;1;3
"054042";"Poggiodomo";77;0;0;0;0;;;;0;0;0;0;0;;;;0;0
"054042";"Poggiodomo";78;0;1;0;0;;;;1;0;1;0;0;;;;1;2
"054042";"Poggiodomo";79;0;1;1;0;;;;2;0;0;0;0;;;;0;2
"054042";"Poggiodomo";80;0;0;0;1;;;;1;0;0;0;1;;;;1;2
"054042";"Poggiodomo";81;1;0;0;0;;;;1;0;2;0;0;;;;2;3
"054042";"Poggiodomo";82;0;1;0;0;;;;1;0;0;0;0;;;;0;1
"054042";"Poggiodomo";83;0;0;0;0;;;;0;0;0;0;1;;;;1;1
"054042";"Poggiodomo";84;0;0;0;0;;;;0;0;0;0;0;;;;0;0
"054042";"Poggiodomo";85;0;3;0;0;;;;3;0;0;0;0;;;;0;3
"054042";"Poggiodomo";86;0;0;0;0;;;;0;0;1;0;0;;;;1;1
"054042";"Poggiodomo";87;0;0;0;0;;;;0;0;0;0;0;;;;0;0
"054042";"Poggiodomo";88;0;0;0;0;;;;0;0;0;0;1;;;;1;1
"054042";"Poggiodomo";89;0;2;0;0;;;;2;0;0;0;0;;;;0;2
"054042";"Poggiodomo";90;0;0;0;0;;;;0;0;0;0;0;;;;0;0
"054042";"Poggiodomo";91;0;0;0;0;;;;0;0;0;0;0;;;;0;0
"054042";"Poggiodomo";92;0;2;0;0;;;;2;0;0;0;0;;;;0;2
"054042";"Poggiodomo";93;0;0;0;0;;;;0;0;0;0;3;;;;3;3
"054042";"Poggiodomo";94;0;1;0;0;;;;1;0;0;0;0;;;;0;1
"054042";"Poggiodomo";95;0;0;0;0;;;;0;0;0;0;0;;;;0;0
"054042";"Poggiodomo";96;0;0;0;0;;;;0;0;0;0;1;;;;1;1
"054042";"Poggiodomo";97;0;0;0;0;;;;0;0;0;0;0;;;;0;0
"054042";"Poggiodomo";98;0;0;0;0;;;;0;0;0;0;0;;;;0;0
"054042";"Poggiodomo";99;0;0;0;0;;;;0;0;0;0;0;;;;0;0
"054042";"Poggiodomo";100;0;0;0;0;;;;0;0;0;0;0;;;;0;0
"054042";"Poggiodomo";999;15;32;3;2;;;;52;7;25;1;9;;;;42;94
"054043";"Preci";0;4;0;0;0;;;;4;3;0;0;0;;;;3;7
"054043";"Preci";1;4;0;0;0;;;;4;3;0;0;0;;;;3;7
"054043";"Preci";2;1;0;0;0;;;;1;1;0;0;0;;;;1;2
"054043";"Preci";3;4;0;0;0;;;;4;7;0;0;0;;;;7;11
"054043";"Preci";4;0;0;0;0;;;;0;3;0;0;0;;;;3;3
"054043";"Preci";5;2;0;0;0;;;;2;2;0;0;0;;;;2;4
"054043";"Preci";6;3;0;0;0;;;;3;3;0;0;0;;;;3;6
"054043";"Preci";7;2;0;0;0;;;;2;2;0;0;0;;;;2;4
"054043";"Preci";8;0;0;0;0;;;;0;0;0;0;0;;;;0;0
"054043";"Preci";9;3;0;0;0;;;;3;0;0;0;0;;;;0;3
"054043";"Preci";10;2;0;0;0;;;;2;3;0;0;0;;;;3;5
"054043";"Preci";11;4;0;0;0;;;;4;1;0;0;0;;;;1;5
"054043";"Preci";12;3;0;0;0;;;;3;1;0;0;0;;;;1;4
"054043";"Preci";13;3;0;0;0;;;;3;2;0;0;0;;;;2;5
"054043";"Preci";14;0;0;0;0;;;;0;2;0;0;0;;;;2;2
"054043";"Preci";15;3;0;0;0;;;;3;2;0;0;0;;;;2;5
"054043";"Preci";16;1;0;0;0;;;;1;2;0;0;0;;;;2;3
"054043";"Preci";17;3;0;0;0;;;;3;1;0;0;0;;;;1;4
"054043";"Preci";18;2;0;0;0;;;;2;1;0;0;0;;;;1;3
"054043";"Preci";19;1;0;0;0;;;;1;0;0;0;0;;;;0;1
"054043";"Preci";20;2;0;0;0;;;;2;2;0;0;0;;;;2;4
"054043";"Preci";21;1;0;0;0;;;;1;2;0;0;0;;;;2;3
"054043";"Preci";22;3;0;0;0;;;;3;4;0;0;0;;;;4;7
"054043";"Preci";23;3;0;0;0;;;;3;2;0;0;0;;;;2;5
"054043";"Preci";24;3;1;0;0;;;;4;0;0;0;0;;;;0;4
"054043";"Preci";25;4;0;0;0;;;;4;1;1;0;0;;;;2;6
"054043";"Preci";26;4;0;0;0;;;;4;5;2;0;0;;;;7;11
"054043";"Preci";27;4;1;0;0;;;;5;2;2;0;0;;;;4;9
"054043";"Preci";28;0;0;0;0;;;;0;5;2;0;0;;;;7;7
"054043";"Preci";29;0;1;0;0;;;;1;3;1;0;0;;;;4;5
"054043";"Preci";30;1;2;0;0;;;;3;3;1;0;0;;;;4;7
"054043";"Preci";31;6;1;0;0;;;;7;0;1;0;0;;;;1;8
"054043";"Preci";32;3;4;0;0;;;;7;0;1;0;1;;;;2;9
"054043";"Preci";33;2;0;0;0;;;;2;1;3;0;0;;;;4;6
"054043";"Preci";34;2;2;0;0;;;;4;1;2;0;0;;;;3;7
"054043";"Preci";35;4;2;1;0;;;;7;2;2;0;0;;;;4;11
"054043";"Preci";36;3;2;0;0;;;;5;1;0;1;0;;;;2;7
"054043";"Preci";37;3;0;0;0;;;;3;3;1;0;0;;;;4;7
"054043";"Preci";38;0;1;0;0;;;;1;5;2;0;0;;;;7;8
"054043";"Preci";39;1;4;0;0;;;;5;2;3;0;0;;;;5;10
"054043";"Preci";40;4;2;0;0;;;;6;1;2;0;0;;;;3;9
"054043";"Preci";41;2;2;0;0;;;;4;1;2;0;0;;;;3;7
"054043";"Preci";42;3;2;0;0;;;;5;1;4;0;0;;;;5;10
"054043";"Preci";43;2;0;0;0;;;;2;0;1;1;0;;;;2;4
"054043";"Preci";44;0;1;0;0;;;;1;2;0;0;0;;;;2;3
"054043";"Preci";45;2;4;0;0;;;;6;0;0;0;0;;;;0;6
"054043";"Preci";46;2;1;0;0;;;;3;1;2;0;0;;;;3;6
"054043";"Preci";47;2;1;0;0;;;;3;0;4;0;0;;;;4;7
"054043";"Preci";48;2;5;0;0;;;;7;1;3;0;0;;;;4;11
"054043";"Preci";49;1;4;1;0;;;;6;0;2;0;0;;;;2;8
"054043";"Preci";50;2;1;0;0;;;;3;3;2;0;0;;;;5;8
"054043";"Preci";51;5;1;0;0;;;;6;2;1;0;0;;;;3;9
"054043";"Preci";52;3;1;2;0;;;;6;2;7;0;1;;;;10;16
"054043";"Preci";53;4;3;0;0;;;;7;2;2;2;0;;;;6;13
"054043";"Preci";54;1;5;0;0;;;;6;0;3;0;1;;;;4;10
"054043";"Preci";55;2;3;1;0;;;;6;1;5;0;0;;;;6;12
"054043";"Preci";56;0;0;2;0;;;;2;1;3;1;0;;;;5;7
"054043";"Preci";57;2;3;0;0;;;;5;0;5;1;0;;;;6;11
"054043";"Preci";58;3;5;1;0;;;;9;1;10;0;0;;;;11;20
"054043";"Preci";59;1;2;0;0;;;;3;1;5;0;1;;;;7;10
"054043";"Preci";60;1;4;1;0;;;;6;0;3;0;1;;;;4;10
"054043";"Preci";61;2;7;1;0;;;;10;0;4;1;0;;;;5;15
"054043";"Preci";62;0;5;0;0;;;;5;0;5;0;0;;;;5;10
"054043";"Preci";63;1;5;0;0;;;;6;0;5;0;1;;;;6;12
"054043";"Preci";64;0;8;0;0;;;;8;1;3;2;1;;;;7;15
"054043";"Preci";65;3;3;0;0;;;;6;0;5;0;0;;;;5;11
"054043";"Preci";66;1;1;0;1;;;;3;0;4;0;0;;;;4;7
"054043";"Preci";67;0;7;0;0;;;;7;0;5;0;0;;;;5;12
"054043";"Preci";68;0;3;1;0;;;;4;1;3;0;1;;;;5;9
"054043";"Preci";69;1;5;1;0;;;;7;1;2;0;2;;;;5;12
"054043";"Preci";70;0;3;0;0;;;;3;0;2;1;0;;;;3;6
"054043";"Preci";71;0;6;0;0;;;;6;0;2;0;0;;;;2;8
"054043";"Preci";72;0;4;1;1;;;;6;1;4;1;2;;;;8;14
"054043";"Preci";73;1;3;1;0;;;;5;0;1;0;2;;;;3;8
"054043";"Preci";74;1;3;0;0;;;;4;0;2;0;3;;;;5;9
"054043";"Preci";75;2;2;0;0;;;;4;1;2;0;1;;;;4;8
"054043";"Preci";76;0;3;0;1;;;;4;0;3;0;2;;;;5;9
"054043";"Preci";77;0;2;0;1;;;;3;0;1;0;1;;;;2;5
"054043";"Preci";78;0;6;1;0;;;;7;0;1;0;3;;;;4;11
"054043";"Preci";79;0;1;0;1;;;;2;0;3;0;2;;;;5;7
"054043";"Preci";80;0;0;0;0;;;;0;0;1;0;1;;;;2;2
"054043";"Preci";81;0;0;0;0;;;;0;0;2;1;5;;;;8;8
"054043";"Preci";82;0;4;0;0;;;;4;0;1;0;0;;;;1;5
"054043";"Preci";83;0;0;0;0;;;;0;0;2;0;3;;;;5;5
"054043";"Preci";84;0;1;0;1;;;;2;0;1;0;0;;;;1;3
"054043";"Preci";85;0;1;0;0;;;;1;0;1;0;4;;;;5;6
"054043";"Preci";86;0;2;0;0;;;;2;0;1;1;5;;;;7;9
"054043";"Preci";87;0;1;0;0;;;;1;0;0;0;1;;;;1;2
"054043";"Preci";88;0;2;0;1;;;;3;0;2;0;1;;;;3;6
"054043";"Preci";89;0;0;0;1;;;;1;1;0;0;3;;;;4;5
"054043";"Preci";90;0;3;0;0;;;;3;0;1;0;3;;;;4;7
"054043";"Preci";91;0;2;0;0;;;;2;0;0;0;3;;;;3;5
"054043";"Preci";92;0;0;0;0;;;;0;0;0;0;0;;;;0;0
"054043";"Preci";93;0;0;0;1;;;;1;0;0;0;2;;;;2;3
"054043";"Preci";94;0;1;0;0;;;;1;1;0;0;2;;;;3;4
"054043";"Preci";95;0;0;0;0;;;;0;1;0;0;0;;;;1;1
"054043";"Preci";96;0;0;0;0;;;;0;0;0;0;0;;;;0;0
"054043";"Preci";97;0;0;0;0;;;;0;0;0;0;1;;;;1;1
"054043";"Preci";98;0;0;0;0;;;;0;0;0;0;0;;;;0;0
"054043";"Preci";99;0;0;0;0;;;;0;0;0;0;0;;;;0;0
"054043";"Preci";100;0;0;0;0;;;;0;0;0;0;0;;;;0;0
"054043";"Preci";999;150;165;15;9;;;;339;111;159;13;60;;;;343;682
"054044";"San Giustino";0;35;0;0;0;;;;35;31;0;0;0;;;;31;66
"054044";"San Giustino";1;48;0;0;0;;;;48;36;0;0;0;;;;36;84
"054044";"San Giustino";2;28;0;0;0;;;;28;35;0;0;0;;;;35;63
"054044";"San Giustino";3;21;0;0;0;;;;21;25;0;0;0;;;;25;46
"054044";"San Giustino";4;41;0;0;0;;;;41;38;0;0;0;;;;38;79
"054044";"San Giustino";5;56;0;0;0;;;;56;38;0;0;0;;;;38;94
"054044";"San Giustino";6;49;0;0;0;;;;49;43;0;0;0;;;;43;92
"054044";"San Giustino";7;46;0;0;0;;;;46;40;0;0;0;;;;40;86
"054044";"San Giustino";8;62;0;0;0;;;;62;58;0;0;0;;;;58;120
"054044";"San Giustino";9;55;0;0;0;;;;55;36;0;0;0;;;;36;91
"054044";"San Giustino";10;53;0;0;0;;;;53;47;0;0;0;;;;47;100
"054044";"San Giustino";11;56;0;0;0;;;;56;59;0;0;0;;;;59;115
"054044";"San Giustino";12;54;0;0;0;;;;54;35;0;0;0;;;;35;89
"054044";"San Giustino";13;43;0;0;0;;;;43;51;0;0;0;;;;51;94
"054044";"San Giustino";14;64;0;0;0;;;;64;53;0;0;0;;;;53;117
"054044";"San Giustino";15;56;0;0;0;;;;56;52;0;0;0;;;;52;108
"054044";"San Giustino";16;65;0;0;0;;;;65;47;0;0;0;;;;47;112
"054044";"San Giustino";17;62;0;0;0;;;;62;51;0;0;0;;;;51;113
"054044";"San Giustino";18;52;0;0;0;;;;52;45;0;0;0;;;;45;97
"054044";"San Giustino";19;44;0;0;0;;;;44;42;1;0;0;;;;43;87
"054044";"San Giustino";20;48;0;0;0;;;;48;48;2;0;0;;;;50;98
"054044";"San Giustino";21;53;0;0;0;;;;53;51;0;0;0;;;;51;104
"054044";"San Giustino";22;53;1;0;0;;;;54;46;0;0;0;;;;46;100
"054044";"San Giustino";23;47;0;0;0;;;;47;50;0;0;0;;;;50;97
"054044";"San Giustino";24;54;0;0;0;;;;54;54;5;0;0;;;;59;113
"054044";"San Giustino";25;45;1;0;0;;;;46;56;3;0;0;;;;59;105
"054044";"San Giustino";26;56;2;0;0;;;;58;37;3;0;0;;;;40;98
"054044";"San Giustino";27;52;4;1;0;;;;57;52;7;0;0;;;;59;116
"054044";"San Giustino";28;45;2;0;0;;;;47;53;7;0;0;;;;60;107
"054044";"San Giustino";29;46;3;1;0;;;;50;40;9;0;0;;;;49;99
"054044";"San Giustino";30;55;5;0;0;;;;60;31;14;1;0;;;;46;106
"054044";"San Giustino";31;41;7;0;0;;;;48;34;9;1;0;;;;44;92
"054044";"San Giustino";32;45;7;0;0;;;;52;33;18;0;0;;;;51;103
"054044";"San Giustino";33;42;10;0;0;;;;52;34;14;1;0;;;;49;101
"054044";"San Giustino";34;36;18;0;0;;;;54;40;20;1;0;;;;61;115
"054044";"San Giustino";35;52;20;3;0;;;;75;38;30;2;0;;;;70;145
"054044";"San Giustino";36;38;19;1;0;;;;58;37;22;2;0;;;;61;119
"054044";"San Giustino";37;40;17;0;0;;;;57;41;25;6;0;;;;72;129
"054044";"San Giustino";38;42;22;0;0;;;;64;27;27;3;2;;;;59;123
"054044";"San Giustino";39;40;29;1;0;;;;70;22;41;3;1;;;;67;137
"054044";"San Giustino";40;30;24;4;0;;;;58;26;24;3;1;;;;54;112
"054044";"San Giustino";41;38;37;1;0;;;;76;30;42;4;1;;;;77;153
"054044";"San Giustino";42;37;32;1;0;;;;70;30;54;3;2;;;;89;159
"054044";"San Giustino";43;35;27;3;0;;;;65;13;56;8;0;;;;77;142
"054044";"San Giustino";44;32;36;6;0;;;;74;30;44;4;3;;;;81;155
"054044";"San Giustino";45;36;49;4;0;;;;89;31;55;2;0;;;;88;177
"054044";"San Giustino";46;55;49;5;1;;;;110;33;55;10;2;;;;100;210
"054044";"San Giustino";47;29;57;5;0;;;;91;26;43;7;1;;;;77;168
"054044";"San Giustino";48;29;63;4;0;;;;96;17;59;9;0;;;;85;181
"054044";"San Giustino";49;25;53;5;1;;;;84;19;61;8;1;;;;89;173
"054044";"San Giustino";50;23;54;4;1;;;;82;20;71;8;2;;;;101;183
"054044";"San Giustino";51;24;54;7;0;;;;85;14;55;7;2;;;;78;163
"054044";"San Giustino";52;23;42;6;1;;;;72;16;53;11;2;;;;82;154
"054044";"San Giustino";53;14;62;10;0;;;;86;13;72;9;6;;;;100;186
"054044";"San Giustino";54;19;82;9;1;;;;111;11;61;11;4;;;;87;198
"054044";"San Giustino";55;15;46;5;2;;;;68;9;71;11;5;;;;96;164
"054044";"San Giustino";56;14;67;5;0;;;;86;7;66;10;2;;;;85;171
"054044";"San Giustino";57;17;65;13;0;;;;95;11;63;7;6;;;;87;182
"054044";"San Giustino";58;12;50;10;1;;;;73;12;58;10;7;;;;87;160
"054044";"San Giustino";59;18;66;8;1;;;;93;16;72;8;4;;;;100;193
"054044";"San Giustino";60;7;53;10;1;;;;71;7;68;10;5;;;;90;161
"054044";"San Giustino";61;13;72;4;2;;;;91;5;50;9;8;;;;72;163
"054044";"San Giustino";62;8;54;6;1;;;;69;4;66;4;8;;;;82;151
"054044";"San Giustino";63;8;54;3;0;;;;65;7;47;8;6;;;;68;133
"054044";"San Giustino";64;7;63;10;1;;;;81;4;47;7;6;;;;64;145
"054044";"San Giustino";65;9;36;6;2;;;;53;5;72;4;12;;;;93;146
"054044";"San Giustino";66;8;54;5;1;;;;68;3;49;5;9;;;;66;134
"054044";"San Giustino";67;6;46;2;4;;;;58;7;49;2;19;;;;77;135
"054044";"San Giustino";68;6;61;0;4;;;;71;8;49;4;16;;;;77;148
"054044";"San Giustino";69;5;57;3;3;;;;68;3;55;1;13;;;;72;140
"054044";"San Giustino";70;5;48;3;3;;;;59;1;47;3;10;;;;61;120
"054044";"San Giustino";71;5;57;3;2;;;;67;4;50;2;19;;;;75;142
"054044";"San Giustino";72;5;55;1;7;;;;68;1;49;2;16;;;;68;136
"054044";"San Giustino";73;3;61;3;5;;;;72;3;58;4;19;;;;84;156
"054044";"San Giustino";74;5;57;1;7;;;;70;4;45;3;20;;;;72;142
"054044";"San Giustino";75;6;44;2;4;;;;56;1;39;4;23;;;;67;123
"054044";"San Giustino";76;3;49;1;4;;;;57;1;47;1;28;;;;77;134
"054044";"San Giustino";77;2;35;0;6;;;;43;3;33;0;14;;;;50;93
"054044";"San Giustino";78;5;42;0;3;;;;50;0;20;0;20;;;;40;90
"054044";"San Giustino";79;7;32;0;5;;;;44;0;28;3;28;;;;59;103
"054044";"San Giustino";80;6;25;1;0;;;;32;3;21;1;18;;;;43;75
"054044";"San Giustino";81;3;33;0;10;;;;46;1;23;3;33;;;;60;106
"054044";"San Giustino";82;5;35;0;4;;;;44;2;25;2;28;;;;57;101
"054044";"San Giustino";83;1;34;1;8;;;;44;0;28;1;36;;;;65;109
"054044";"San Giustino";84;0;32;0;7;;;;39;0;6;0;24;;;;30;69
"054044";"San Giustino";85;3;18;0;5;;;;26;2;21;0;30;;;;53;79
"054044";"San Giustino";86;3;19;0;3;;;;25;0;6;1;32;;;;39;64
"054044";"San Giustino";87;1;25;1;9;;;;36;0;11;0;30;;;;41;77
"054044";"San Giustino";88;1;15;0;1;;;;17;1;7;0;28;;;;36;53
"054044";"San Giustino";89;2;8;0;6;;;;16;0;2;0;21;;;;23;39
"054044";"San Giustino";90;3;3;0;1;;;;7;1;2;0;18;;;;21;28
"054044";"San Giustino";91;1;7;0;4;;;;12;0;1;0;27;;;;28;40
"054044";"San Giustino";92;0;3;0;4;;;;7;1;1;0;19;;;;21;28
"054044";"San Giustino";93;0;4;0;4;;;;8;1;1;0;12;;;;14;22
"054044";"San Giustino";94;0;0;0;1;;;;1;2;0;0;12;;;;14;15
"054044";"San Giustino";95;0;1;0;2;;;;3;0;0;0;9;;;;9;12
"054044";"San Giustino";96;0;0;0;1;;;;1;0;0;0;8;;;;8;9
"054044";"San Giustino";97;0;0;0;0;;;;0;0;0;0;5;;;;5;5
"054044";"San Giustino";98;0;0;0;0;;;;0;0;0;0;3;;;;3;3
"054044";"San Giustino";99;0;1;0;0;;;;1;0;0;0;2;;;;2;3
"054044";"San Giustino";100;0;0;0;1;;;;1;1;0;0;2;;;;3;4
"054044";"San Giustino";999;2597;2475;188;145;;;;5405;2156;2515;254;750;;;;5675;11080
"054045";"Sant'Anatolia di Narco";0;0;0;0;0;;;;0;1;0;0;0;;;;1;1
"054045";"Sant'Anatolia di Narco";1;1;0;0;0;;;;1;1;0;0;0;;;;1;2
"054045";"Sant'Anatolia di Narco";2;0;0;0;0;;;;0;2;0;0;0;;;;2;2
"054045";"Sant'Anatolia di Narco";3;2;0;0;0;;;;2;2;0;0;0;;;;2;4
"054045";"Sant'Anatolia di Narco";4;2;0;0;0;;;;2;1;0;0;0;;;;1;3
"054045";"Sant'Anatolia di Narco";5;0;0;0;0;;;;0;1;0;0;0;;;;1;1
"054045";"Sant'Anatolia di Narco";6;3;0;0;0;;;;3;1;0;0;0;;;;1;4
"054045";"Sant'Anatolia di Narco";7;2;0;0;0;;;;2;0;0;0;0;;;;0;2
"054045";"Sant'Anatolia di Narco";8;3;0;0;0;;;;3;0;0;0;0;;;;0;3
"054045";"Sant'Anatolia di Narco";9;0;0;0;0;;;;0;1;0;0;0;;;;1;1
"054045";"Sant'Anatolia di Narco";10;1;0;0;0;;;;1;3;0;0;0;;;;3;4
"054045";"Sant'Anatolia di Narco";11;2;0;0;0;;;;2;1;0;0;0;;;;1;3
"054045";"Sant'Anatolia di Narco";12;1;0;0;0;;;;1;2;0;0;0;;;;2;3
"054045";"Sant'Anatolia di Narco";13;3;0;0;0;;;;3;0;0;0;0;;;;0;3
"054045";"Sant'Anatolia di Narco";14;3;0;0;0;;;;3;2;0;0;0;;;;2;5
"054045";"Sant'Anatolia di Narco";15;6;0;0;0;;;;6;2;0;0;0;;;;2;8
"054045";"Sant'Anatolia di Narco";16;1;0;0;0;;;;1;3;0;0;0;;;;3;4
"054045";"Sant'Anatolia di Narco";17;3;0;0;0;;;;3;3;0;0;0;;;;3;6
"054045";"Sant'Anatolia di Narco";18;1;0;0;0;;;;1;1;0;0;0;;;;1;2
"054045";"Sant'Anatolia di Narco";19;2;0;0;0;;;;2;2;0;0;0;;;;2;4
"054045";"Sant'Anatolia di Narco";20;2;0;0;0;;;;2;0;0;0;0;;;;0;2
"054045";"Sant'Anatolia di Narco";21;5;0;0;0;;;;5;0;0;0;0;;;;0;5
"054045";"Sant'Anatolia di Narco";22;6;0;0;0;;;;6;1;0;0;0;;;;1;7
"054045";"Sant'Anatolia di Narco";23;2;0;0;0;;;;2;0;0;0;0;;;;0;2
"054045";"Sant'Anatolia di Narco";24;3;0;0;0;;;;3;0;0;0;0;;;;0;3
"054045";"Sant'Anatolia di Narco";25;1;0;0;0;;;;1;2;0;0;0;;;;2;3
"054045";"Sant'Anatolia di Narco";26;2;0;0;0;;;;2;3;0;0;0;;;;3;5
"054045";"Sant'Anatolia di Narco";27;2;1;0;0;;;;3;1;0;0;0;;;;1;4
"054045";"Sant'Anatolia di Narco";28;1;0;0;0;;;;1;1;0;0;0;;;;1;2
"054045";"Sant'Anatolia di Narco";29;3;0;0;0;;;;3;3;0;0;0;;;;3;6
"054045";"Sant'Anatolia di Narco";30;5;0;0;0;;;;5;1;1;0;0;;;;2;7
"054045";"Sant'Anatolia di Narco";31;0;1;0;0;;;;1;3;2;0;0;;;;5;6
"054045";"Sant'Anatolia di Narco";32;3;0;0;0;;;;3;4;1;0;0;;;;5;8
"054045";"Sant'Anatolia di Narco";33;0;0;0;0;;;;0;2;0;0;0;;;;2;2
"054045";"Sant'Anatolia di Narco";34;3;0;0;0;;;;3;4;1;0;0;;;;5;8
"054045";"Sant'Anatolia di Narco";35;5;0;0;0;;;;5;2;2;0;0;;;;4;9
"054045";"Sant'Anatolia di Narco";36;1;0;0;0;;;;1;1;3;0;0;;;;4;5
"054045";"Sant'Anatolia di Narco";37;1;1;0;0;;;;2;4;1;0;0;;;;5;7
"054045";"Sant'Anatolia di Narco";38;1;1;0;0;;;;2;2;0;0;0;;;;2;4
"054045";"Sant'Anatolia di Narco";39;1;1;0;0;;;;2;1;2;0;0;;;;3;5
"054045";"Sant'Anatolia di Narco";40;2;1;0;0;;;;3;1;1;0;0;;;;2;5
"054045";"Sant'Anatolia di Narco";41;0;2;0;0;;;;2;1;2;0;0;;;;3;5
"054045";"Sant'Anatolia di Narco";42;1;1;0;0;;;;2;0;1;0;0;;;;1;3
"054045";"Sant'Anatolia di Narco";43;2;0;0;0;;;;2;2;2;0;0;;;;4;6
"054045";"Sant'Anatolia di Narco";44;1;0;0;0;;;;1;0;1;0;0;;;;1;2
"054045";"Sant'Anatolia di Narco";45;3;2;0;0;;;;5;2;0;1;0;;;;3;8
"054045";"Sant'Anatolia di Narco";46;1;2;0;0;;;;3;0;3;0;0;;;;3;6
"054045";"Sant'Anatolia di Narco";47;2;1;1;0;;;;4;2;1;0;0;;;;3;7
"054045";"Sant'Anatolia di Narco";48;0;1;1;0;;;;2;0;0;0;0;;;;0;2
"054045";"Sant'Anatolia di Narco";49;2;3;0;0;;;;5;0;2;0;0;;;;2;7
"054045";"Sant'Anatolia di Narco";50;1;5;0;0;;;;6;0;3;0;0;;;;3;9
"054045";"Sant'Anatolia di Narco";51;0;2;0;0;;;;2;0;3;0;0;;;;3;5
"054045";"Sant'Anatolia di Narco";52;2;3;0;0;;;;5;0;5;0;0;;;;5;10
"054045";"Sant'Anatolia di Narco";53;2;2;0;0;;;;4;0;3;0;0;;;;3;7
"054045";"Sant'Anatolia di Narco";54;0;3;0;0;;;;3;0;5;0;0;;;;5;8
"054045";"Sant'Anatolia di Narco";55;1;4;0;0;;;;5;0;2;1;0;;;;3;8
"054045";"Sant'Anatolia di Narco";56;1;3;0;0;;;;4;1;3;0;0;;;;4;8
"054045";"Sant'Anatolia di Narco";57;1;4;0;0;;;;5;0;4;2;1;;;;7;12
"054045";"Sant'Anatolia di Narco";58;0;2;0;0;;;;2;1;1;0;1;;;;3;5
"054045";"Sant'Anatolia di Narco";59;1;0;0;0;;;;1;0;3;0;0;;;;3;4
"054045";"Sant'Anatolia di Narco";60;1;2;2;0;;;;5;0;2;1;0;;;;3;8
"054045";"Sant'Anatolia di Narco";61;1;6;0;0;;;;7;2;3;0;2;;;;7;14
"054045";"Sant'Anatolia di Narco";62;3;1;0;0;;;;4;0;5;0;0;;;;5;9
"054045";"Sant'Anatolia di Narco";63;0;3;0;0;;;;3;0;3;0;1;;;;4;7
"054045";"Sant'Anatolia di Narco";64;2;7;0;0;;;;9;0;5;0;1;;;;6;15
"054045";"Sant'Anatolia di Narco";65;1;7;1;0;;;;9;0;2;0;1;;;;3;12
"054045";"Sant'Anatolia di Narco";66;1;1;0;0;;;;2;0;4;0;0;;;;4;6
"054045";"Sant'Anatolia di Narco";67;0;2;1;0;;;;3;1;3;0;1;;;;5;8
"054045";"Sant'Anatolia di Narco";68;1;4;0;0;;;;5;0;3;0;0;;;;3;8
"054045";"Sant'Anatolia di Narco";69;1;5;0;0;;;;6;0;1;0;0;;;;1;7
"054045";"Sant'Anatolia di Narco";70;0;1;1;0;;;;2;0;1;1;3;;;;5;7
"054045";"Sant'Anatolia di Narco";71;0;4;1;0;;;;5;0;4;0;0;;;;4;9
"054045";"Sant'Anatolia di Narco";72;2;5;0;0;;;;7;0;1;1;2;;;;4;11
"054045";"Sant'Anatolia di Narco";73;1;1;0;0;;;;2;0;3;0;2;;;;5;7
"054045";"Sant'Anatolia di Narco";74;0;4;0;0;;;;4;0;2;0;2;;;;4;8
"054045";"Sant'Anatolia di Narco";75;0;2;0;0;;;;2;0;1;0;1;;;;2;4
"054045";"Sant'Anatolia di Narco";76;0;1;0;0;;;;1;0;2;0;0;;;;2;3
"054045";"Sant'Anatolia di Narco";77;1;2;0;0;;;;3;0;1;0;1;;;;2;5
"054045";"Sant'Anatolia di Narco";78;0;2;1;0;;;;3;0;0;0;0;;;;0;3
"054045";"Sant'Anatolia di Narco";79;1;3;0;3;;;;7;0;0;0;0;;;;0;7
"054045";"Sant'Anatolia di Narco";80;1;1;0;0;;;;2;1;2;0;0;;;;3;5
"054045";"Sant'Anatolia di Narco";81;0;3;0;0;;;;3;0;2;0;0;;;;2;5
"054045";"Sant'Anatolia di Narco";82;0;0;0;0;;;;0;1;0;0;1;;;;2;2
"054045";"Sant'Anatolia di Narco";83;0;1;0;0;;;;1;0;2;0;0;;;;2;3
"054045";"Sant'Anatolia di Narco";84;0;1;0;0;;;;1;0;0;0;2;;;;2;3
"054045";"Sant'Anatolia di Narco";85;2;1;1;3;;;;7;0;0;0;2;;;;2;9
"054045";"Sant'Anatolia di Narco";86;1;0;0;0;;;;1;0;0;0;1;;;;1;2
"054045";"Sant'Anatolia di Narco";87;0;0;0;0;;;;0;0;2;0;1;;;;3;3
"054045";"Sant'Anatolia di Narco";88;0;0;0;0;;;;0;0;0;0;1;;;;1;1
"054045";"Sant'Anatolia di Narco";89;0;1;0;1;;;;2;0;0;0;2;;;;2;4
"054045";"Sant'Anatolia di Narco";90;0;1;0;0;;;;1;0;0;0;0;;;;0;1
"054045";"Sant'Anatolia di Narco";91;0;0;0;1;;;;1;0;0;0;0;;;;0;1
"054045";"Sant'Anatolia di Narco";92;0;1;0;0;;;;1;0;0;0;2;;;;2;3
"054045";"Sant'Anatolia di Narco";93;0;0;0;0;;;;0;0;0;0;2;;;;2;2
"054045";"Sant'Anatolia di Narco";94;0;0;0;1;;;;1;0;0;0;2;;;;2;3
"054045";"Sant'Anatolia di Narco";95;0;0;0;1;;;;1;0;0;0;2;;;;2;3
"054045";"Sant'Anatolia di Narco";96;0;0;0;0;;;;0;0;0;0;0;;;;0;0
"054045";"Sant'Anatolia di Narco";97;1;0;0;0;;;;1;0;0;0;0;;;;0;1
"054045";"Sant'Anatolia di Narco";98;0;0;0;0;;;;0;0;0;0;0;;;;0;0
"054045";"Sant'Anatolia di Narco";99;0;0;0;0;;;;0;0;0;0;0;;;;0;0
"054045";"Sant'Anatolia di Narco";100;0;0;0;0;;;;0;0;0;0;0;;;;0;0
"054045";"Sant'Anatolia di Narco";999;127;119;10;10;;;;266;79;112;7;37;;;;235;501
"054046";"Scheggia e Pascelupo";0;4;0;0;0;;;;4;2;0;0;0;;;;2;6
"054046";"Scheggia e Pascelupo";1;4;0;0;0;;;;4;1;0;0;0;;;;1;5
"054046";"Scheggia e Pascelupo";2;3;0;0;0;;;;3;3;0;0;0;;;;3;6
"054046";"Scheggia e Pascelupo";3;6;0;0;0;;;;6;7;0;0;0;;;;7;13
"054046";"Scheggia e Pascelupo";4;1;0;0;0;;;;1;5;0;0;0;;;;5;6
"054046";"Scheggia e Pascelupo";5;5;0;0;0;;;;5;3;0;0;0;;;;3;8
"054046";"Scheggia e Pascelupo";6;5;0;0;0;;;;5;6;0;0;0;;;;6;11
"054046";"Scheggia e Pascelupo";7;1;0;0;0;;;;1;4;0;0;0;;;;4;5
"054046";"Scheggia e Pascelupo";8;3;0;0;0;;;;3;5;0;0;0;;;;5;8
"054046";"Scheggia e Pascelupo";9;4;0;0;0;;;;4;3;0;0;0;;;;3;7
"054046";"Scheggia e Pascelupo";10;5;0;0;0;;;;5;3;0;0;0;;;;3;8
"054046";"Scheggia e Pascelupo";11;4;0;0;0;;;;4;2;0;0;0;;;;2;6
"054046";"Scheggia e Pascelupo";12;4;0;0;0;;;;4;5;0;0;0;;;;5;9
"054046";"Scheggia e Pascelupo";13;7;0;0;0;;;;7;5;0;0;0;;;;5;12
"054046";"Scheggia e Pascelupo";14;8;0;0;0;;;;8;5;0;0;0;;;;5;13
"054046";"Scheggia e Pascelupo";15;6;0;0;0;;;;6;1;0;0;0;;;;1;7
"054046";"Scheggia e Pascelupo";16;4;0;0;0;;;;4;5;0;0;0;;;;5;9
"054046";"Scheggia e Pascelupo";17;3;0;0;0;;;;3;5;0;0;0;;;;5;8
"054046";"Scheggia e Pascelupo";18;6;0;0;0;;;;6;7;0;0;0;;;;7;13
"054046";"Scheggia e Pascelupo";19;5;0;0;0;;;;5;4;0;0;0;;;;4;9
"054046";"Scheggia e Pascelupo";20;10;0;0;0;;;;10;3;0;0;0;;;;3;13
"054046";"Scheggia e Pascelupo";21;6;0;0;0;;;;6;6;0;0;0;;;;6;12
"054046";"Scheggia e Pascelupo";22;6;0;0;0;;;;6;1;1;0;0;;;;2;8
"054046";"Scheggia e Pascelupo";23;3;0;0;0;;;;3;5;0;0;0;;;;5;8
"054046";"Scheggia e Pascelupo";24;1;0;0;0;;;;1;8;0;0;0;;;;8;9
"054046";"Scheggia e Pascelupo";25;6;0;0;0;;;;6;4;0;0;0;;;;4;10
"054046";"Scheggia e Pascelupo";26;5;1;0;0;;;;6;8;0;0;0;;;;8;14
"054046";"Scheggia e Pascelupo";27;4;0;0;0;;;;4;5;0;0;0;;;;5;9
"054046";"Scheggia e Pascelupo";28;5;0;0;0;;;;5;3;1;0;0;;;;4;9
"054046";"Scheggia e Pascelupo";29;6;1;0;0;;;;7;2;0;0;0;;;;2;9
"054046";"Scheggia e Pascelupo";30;6;0;0;0;;;;6;1;2;0;0;;;;3;9
"054046";"Scheggia e Pascelupo";31;1;0;0;0;;;;1;1;1;0;0;;;;2;3
"054046";"Scheggia e Pascelupo";32;6;0;0;0;;;;6;3;1;0;0;;;;4;10
"054046";"Scheggia e Pascelupo";33;2;1;0;0;;;;3;1;0;1;0;;;;2;5
"054046";"Scheggia e Pascelupo";34;2;1;0;0;;;;3;4;2;0;0;;;;6;9
"054046";"Scheggia e Pascelupo";35;3;1;0;0;;;;4;0;0;0;0;;;;0;4
"054046";"Scheggia e Pascelupo";36;6;1;0;0;;;;7;7;5;0;0;;;;12;19
"054046";"Scheggia e Pascelupo";37;4;0;0;0;;;;4;6;3;0;0;;;;9;13
"054046";"Scheggia e Pascelupo";38;3;2;0;0;;;;5;4;2;0;0;;;;6;11
"054046";"Scheggia e Pascelupo";39;0;2;0;0;;;;2;2;5;0;0;;;;7;9
"054046";"Scheggia e Pascelupo";40;5;4;0;0;;;;9;6;4;0;0;;;;10;19
"054046";"Scheggia e Pascelupo";41;4;4;0;0;;;;8;5;4;0;0;;;;9;17
"054046";"Scheggia e Pascelupo";42;2;1;0;0;;;;3;3;6;2;0;;;;11;14
"054046";"Scheggia e Pascelupo";43;3;7;1;0;;;;11;0;2;1;0;;;;3;14
"054046";"Scheggia e Pascelupo";44;3;4;0;0;;;;7;1;6;1;0;;;;8;15
"054046";"Scheggia e Pascelupo";45;3;5;1;0;;;;9;0;3;1;0;;;;4;13
"054046";"Scheggia e Pascelupo";46;5;3;1;0;;;;9;1;13;1;0;;;;15;24
"054046";"Scheggia e Pascelupo";47;6;5;0;0;;;;11;1;5;0;0;;;;6;17
"054046";"Scheggia e Pascelupo";48;6;11;1;0;;;;18;1;11;0;0;;;;12;30
"054046";"Scheggia e Pascelupo";49;6;7;2;0;;;;15;0;4;1;1;;;;6;21
"054046";"Scheggia e Pascelupo";50;1;8;0;0;;;;9;2;5;2;0;;;;9;18
"054046";"Scheggia e Pascelupo";51;3;5;0;0;;;;8;0;5;0;0;;;;5;13
"054046";"Scheggia e Pascelupo";52;3;7;0;0;;;;10;0;6;0;0;;;;6;16
"054046";"Scheggia e Pascelupo";53;4;9;0;0;;;;13;4;6;0;0;;;;10;23
"054046";"Scheggia e Pascelupo";54;3;10;0;0;;;;13;2;5;0;1;;;;8;21
"054046";"Scheggia e Pascelupo";55;5;6;1;0;;;;12;0;9;2;0;;;;11;23
"054046";"Scheggia e Pascelupo";56;1;7;0;0;;;;8;1;10;1;0;;;;12;20
"054046";"Scheggia e Pascelupo";57;1;10;0;0;;;;11;1;10;1;0;;;;12;23
"054046";"Scheggia e Pascelupo";58;5;5;0;0;;;;10;2;6;0;1;;;;9;19
"054046";"Scheggia e Pascelupo";59;4;9;0;0;;;;13;0;9;1;0;;;;10;23
"054046";"Scheggia e Pascelupo";60;1;6;0;0;;;;7;1;5;0;1;;;;7;14
"054046";"Scheggia e Pascelupo";61;3;6;0;1;;;;10;2;12;0;0;;;;14;24
"054046";"Scheggia e Pascelupo";62;4;8;0;0;;;;12;2;9;0;2;;;;13;25
"054046";"Scheggia e Pascelupo";63;0;12;0;0;;;;12;1;1;2;2;;;;6;18
"054046";"Scheggia e Pascelupo";64;2;4;1;0;;;;7;1;3;1;1;;;;6;13
"054046";"Scheggia e Pascelupo";65;2;7;0;0;;;;9;2;4;0;0;;;;6;15
"054046";"Scheggia e Pascelupo";66;1;7;0;0;;;;8;1;6;0;0;;;;7;15
"054046";"Scheggia e Pascelupo";67;3;9;0;2;;;;14;1;4;0;2;;;;7;21
"054046";"Scheggia e Pascelupo";68;1;4;0;0;;;;5;0;4;0;0;;;;4;9
"054046";"Scheggia e Pascelupo";69;3;8;0;0;;;;11;0;7;1;2;;;;10;21
"054046";"Scheggia e Pascelupo";70;0;3;1;0;;;;4;0;4;0;4;;;;8;12
"054046";"Scheggia e Pascelupo";71;1;4;0;0;;;;5;0;4;0;1;;;;5;10
"054046";"Scheggia e Pascelupo";72;0;7;1;0;;;;8;2;5;0;4;;;;11;19
"054046";"Scheggia e Pascelupo";73;1;4;0;4;;;;9;0;6;0;5;;;;11;20
"054046";"Scheggia e Pascelupo";74;1;8;0;1;;;;10;0;4;0;4;;;;8;18
"054046";"Scheggia e Pascelupo";75;0;4;0;0;;;;4;2;9;0;4;;;;15;19
"054046";"Scheggia e Pascelupo";76;0;9;0;1;;;;10;2;6;0;5;;;;13;23
"054046";"Scheggia e Pascelupo";77;3;4;0;1;;;;8;0;6;0;5;;;;11;19
"054046";"Scheggia e Pascelupo";78;0;8;0;0;;;;8;0;1;0;1;;;;2;10
"054046";"Scheggia e Pascelupo";79;0;4;0;3;;;;7;0;6;0;8;;;;14;21
"054046";"Scheggia e Pascelupo";80;0;7;0;0;;;;7;0;1;0;6;;;;7;14
"054046";"Scheggia e Pascelupo";81;0;3;0;0;;;;3;0;1;0;8;;;;9;12
"054046";"Scheggia e Pascelupo";82;0;6;0;1;;;;7;0;4;0;4;;;;8;15
"054046";"Scheggia e Pascelupo";83;1;2;2;2;;;;7;0;6;0;5;;;;11;18
"054046";"Scheggia e Pascelupo";84;0;3;0;0;;;;3;1;5;0;4;;;;10;13
"054046";"Scheggia e Pascelupo";85;0;4;0;3;;;;7;0;1;0;5;;;;6;13
"054046";"Scheggia e Pascelupo";86;0;7;0;0;;;;7;0;0;0;9;;;;9;16
"054046";"Scheggia e Pascelupo";87;0;2;0;1;;;;3;0;1;0;4;;;;5;8
"054046";"Scheggia e Pascelupo";88;0;2;0;0;;;;2;0;1;0;2;;;;3;5
"054046";"Scheggia e Pascelupo";89;0;0;0;0;;;;0;2;1;0;4;;;;7;7
"054046";"Scheggia e Pascelupo";90;0;1;0;1;;;;2;0;0;0;4;;;;4;6
"054046";"Scheggia e Pascelupo";91;0;1;0;1;;;;2;0;0;0;4;;;;4;6
"054046";"Scheggia e Pascelupo";92;1;0;0;1;;;;2;0;0;0;0;;;;0;2
"054046";"Scheggia e Pascelupo";93;0;1;0;0;;;;1;0;1;0;0;;;;1;2
"054046";"Scheggia e Pascelupo";94;0;1;0;0;;;;1;0;0;0;3;;;;3;4
"054046";"Scheggia e Pascelupo";95;0;0;0;1;;;;1;0;0;0;1;;;;1;2
"054046";"Scheggia e Pascelupo";96;0;0;0;0;;;;0;0;0;0;2;;;;2;2
"054046";"Scheggia e Pascelupo";97;0;0;0;1;;;;1;0;0;0;0;;;;0;1
"054046";"Scheggia e Pascelupo";98;0;0;0;0;;;;0;0;0;0;1;;;;1;1
"054046";"Scheggia e Pascelupo";99;0;0;0;0;;;;0;0;0;0;0;;;;0;0
"054046";"Scheggia e Pascelupo";100;0;0;0;0;;;;0;0;0;0;0;;;;0;0
"054046";"Scheggia e Pascelupo";999;274;303;12;25;;;;614;205;280;19;120;;;;624;1238
"054047";"Scheggino";0;1;0;0;0;;;;1;1;0;0;0;;;;1;2
"054047";"Scheggino";1;1;0;0;0;;;;1;1;0;0;0;;;;1;2
"054047";"Scheggino";2;4;0;0;0;;;;4;0;0;0;0;;;;0;4
"054047";"Scheggino";3;3;0;0;0;;;;3;0;0;0;0;;;;0;3
"054047";"Scheggino";4;3;0;0;0;;;;3;1;0;0;0;;;;1;4
"054047";"Scheggino";5;1;0;0;0;;;;1;1;0;0;0;;;;1;2
"054047";"Scheggino";6;1;0;0;0;;;;1;2;0;0;0;;;;2;3
"054047";"Scheggino";7;0;0;0;0;;;;0;0;0;0;0;;;;0;0
"054047";"Scheggino";8;1;0;0;0;;;;1;3;0;0;0;;;;3;4
"054047";"Scheggino";9;1;0;0;0;;;;1;1;0;0;0;;;;1;2
"054047";"Scheggino";10;1;0;0;0;;;;1;2;0;0;0;;;;2;3
"054047";"Scheggino";11;1;0;0;0;;;;1;1;0;0;0;;;;1;2
"054047";"Scheggino";12;3;0;0;0;;;;3;1;0;0;0;;;;1;4
"054047";"Scheggino";13;2;0;0;0;;;;2;1;0;0;0;;;;1;3
"054047";"Scheggino";14;2;0;0;0;;;;2;2;0;0;0;;;;2;4
"054047";"Scheggino";15;3;0;0;0;;;;3;3;0;0;0;;;;3;6
"054047";"Scheggino";16;1;0;0;0;;;;1;0;0;0;0;;;;0;1
"054047";"Scheggino";17;4;0;0;0;;;;4;0;0;0;0;;;;0;4
"054047";"Scheggino";18;3;0;0;0;;;;3;5;0;0;0;;;;5;8
"054047";"Scheggino";19;3;0;0;0;;;;3;4;0;0;0;;;;4;7
"054047";"Scheggino";20;1;0;0;0;;;;1;3;0;0;0;;;;3;4
"054047";"Scheggino";21;2;0;0;0;;;;2;1;1;0;0;;;;2;4
"054047";"Scheggino";22;3;0;0;0;;;;3;2;0;0;0;;;;2;5
"054047";"Scheggino";23;4;0;0;0;;;;4;2;0;0;0;;;;2;6
"054047";"Scheggino";24;2;0;0;0;;;;2;0;0;0;0;;;;0;2
"054047";"Scheggino";25;1;0;0;0;;;;1;4;0;0;0;;;;4;5
"054047";"Scheggino";26;1;0;0;0;;;;1;2;1;0;0;;;;3;4
"054047";"Scheggino";27;1;0;0;0;;;;1;1;0;0;0;;;;1;2
"054047";"Scheggino";28;3;0;0;0;;;;3;3;0;0;0;;;;3;6
"054047";"Scheggino";29;1;0;0;0;;;;1;0;2;0;0;;;;2;3
"054047";"Scheggino";30;1;1;0;0;;;;2;2;0;0;0;;;;2;4
"054047";"Scheggino";31;1;3;0;0;;;;4;0;2;0;0;;;;2;6
"054047";"Scheggino";32;1;0;0;0;;;;1;2;0;0;0;;;;2;3
"054047";"Scheggino";33;4;0;0;0;;;;4;2;1;0;0;;;;3;7
"054047";"Scheggino";34;2;1;0;0;;;;3;0;0;0;0;;;;0;3
"054047";"Scheggino";35;3;2;0;0;;;;5;2;0;0;0;;;;2;7
"054047";"Scheggino";36;1;1;0;0;;;;2;3;1;0;0;;;;4;6
"054047";"Scheggino";37;1;0;0;0;;;;1;0;0;0;0;;;;0;1
"054047";"Scheggino";38;0;1;0;0;;;;1;1;1;0;0;;;;2;3
"054047";"Scheggino";39;2;2;0;0;;;;4;1;1;1;0;;;;3;7
"054047";"Scheggino";40;0;1;1;0;;;;2;2;1;0;0;;;;3;5
"054047";"Scheggino";41;2;2;0;0;;;;4;1;0;0;0;;;;1;5
"054047";"Scheggino";42;1;1;1;0;;;;3;2;1;0;0;;;;3;6
"054047";"Scheggino";43;4;1;1;0;;;;6;0;1;0;0;;;;1;7
"054047";"Scheggino";44;1;2;0;0;;;;3;0;1;0;0;;;;1;4
"054047";"Scheggino";45;3;1;0;0;;;;4;1;1;0;0;;;;2;6
"054047";"Scheggino";46;3;1;0;0;;;;4;0;2;0;0;;;;2;6
"054047";"Scheggino";47;0;2;0;0;;;;2;2;2;0;0;;;;4;6
"054047";"Scheggino";48;0;2;0;0;;;;2;1;1;0;0;;;;2;4
"054047";"Scheggino";49;1;0;0;0;;;;1;1;0;0;0;;;;1;2
"054047";"Scheggino";50;2;1;0;0;;;;3;1;6;0;0;;;;7;10
"054047";"Scheggino";51;2;2;0;0;;;;4;1;2;0;0;;;;3;7
"054047";"Scheggino";52;1;2;1;0;;;;4;1;4;0;1;;;;6;10
"054047";"Scheggino";53;0;4;0;0;;;;4;1;2;2;0;;;;5;9
"054047";"Scheggino";54;0;2;0;0;;;;2;1;5;0;1;;;;7;9
"054047";"Scheggino";55;1;3;0;0;;;;4;0;4;1;1;;;;6;10
"054047";"Scheggino";56;2;1;0;0;;;;3;2;4;1;0;;;;7;10
"054047";"Scheggino";57;0;4;0;0;;;;4;1;3;1;1;;;;6;10
"054047";"Scheggino";58;0;4;0;1;;;;5;0;5;0;0;;;;5;10
"054047";"Scheggino";59;0;3;1;0;;;;4;0;0;0;2;;;;2;6
"054047";"Scheggino";60;1;2;0;0;;;;3;0;3;0;0;;;;3;6
"054047";"Scheggino";61;0;2;0;1;;;;3;0;1;1;0;;;;2;5
"054047";"Scheggino";62;0;1;1;0;;;;2;0;1;0;0;;;;1;3
"054047";"Scheggino";63;1;1;0;0;;;;2;2;4;0;0;;;;6;8
"054047";"Scheggino";64;0;1;0;0;;;;1;1;2;0;1;;;;4;5
"054047";"Scheggino";65;0;6;0;0;;;;6;0;3;0;1;;;;4;10
"054047";"Scheggino";66;2;2;1;0;;;;5;0;1;2;0;;;;3;8
"054047";"Scheggino";67;0;3;0;0;;;;3;0;2;0;1;;;;3;6
"054047";"Scheggino";68;0;3;1;0;;;;4;0;0;0;0;;;;0;4
"054047";"Scheggino";69;1;1;1;1;;;;4;0;2;0;0;;;;2;6
"054047";"Scheggino";70;0;3;0;0;;;;3;0;2;0;0;;;;2;5
"054047";"Scheggino";71;0;2;0;0;;;;2;1;2;0;0;;;;3;5
"054047";"Scheggino";72;0;2;0;0;;;;2;0;0;1;0;;;;1;3
"054047";"Scheggino";73;0;0;0;0;;;;0;0;0;0;0;;;;0;0
"054047";"Scheggino";74;0;2;0;0;;;;2;0;4;0;0;;;;4;6
"054047";"Scheggino";75;0;0;0;0;;;;0;2;1;0;0;;;;3;3
"054047";"Scheggino";76;0;0;0;0;;;;0;1;2;0;1;;;;4;4
"054047";"Scheggino";77;0;1;0;0;;;;1;0;1;0;3;;;;4;5
"054047";"Scheggino";78;0;1;0;0;;;;1;0;1;0;2;;;;3;4
"054047";"Scheggino";79;0;1;0;0;;;;1;1;2;0;3;;;;6;7
"054047";"Scheggino";80;0;3;1;1;;;;5;0;0;0;2;;;;2;7
"054047";"Scheggino";81;1;3;0;0;;;;4;0;1;0;0;;;;1;5
"054047";"Scheggino";82;0;2;0;1;;;;3;0;2;0;1;;;;3;6
"054047";"Scheggino";83;0;1;0;0;;;;1;0;0;0;2;;;;2;3
"054047";"Scheggino";84;0;2;0;0;;;;2;0;0;0;1;;;;1;3
"054047";"Scheggino";85;0;2;0;0;;;;2;0;1;1;0;;;;2;4
"054047";"Scheggino";86;0;0;0;1;;;;1;0;0;0;2;;;;2;3
"054047";"Scheggino";87;1;1;0;0;;;;2;0;0;0;2;;;;2;4
"054047";"Scheggino";88;0;1;0;0;;;;1;1;0;0;1;;;;2;3
"054047";"Scheggino";89;0;0;0;0;;;;0;0;0;0;1;;;;1;1
"054047";"Scheggino";90;0;0;0;2;;;;2;0;0;0;1;;;;1;3
"054047";"Scheggino";91;0;0;0;0;;;;0;0;0;0;2;;;;2;2
"054047";"Scheggino";92;0;0;0;0;;;;0;0;0;0;0;;;;0;0
"054047";"Scheggino";93;0;0;0;0;;;;0;0;0;0;1;;;;1;1
"054047";"Scheggino";94;0;0;0;0;;;;0;0;0;0;0;;;;0;0
"054047";"Scheggino";95;0;0;0;0;;;;0;0;0;0;0;;;;0;0
"054047";"Scheggino";96;0;0;0;0;;;;0;0;0;0;0;;;;0;0
"054047";"Scheggino";97;0;0;0;0;;;;0;0;0;0;0;;;;0;0
"054047";"Scheggino";98;0;0;0;0;;;;0;0;0;0;0;;;;0;0
"054047";"Scheggino";99;0;0;0;0;;;;0;0;0;0;0;;;;0;0
"054047";"Scheggino";100;0;0;0;0;;;;0;0;0;0;0;;;;0;0
"054047";"Scheggino";999;104;99;10;8;;;;221;87;93;11;34;;;;225;446
"054048";"Sellano";0;0;0;0;0;;;;0;2;0;0;0;;;;2;2
"054048";"Sellano";1;5;0;0;0;;;;5;2;0;0;0;;;;2;7
"054048";"Sellano";2;4;0;0;0;;;;4;2;0;0;0;;;;2;6
"054048";"Sellano";3;5;0;0;0;;;;5;5;0;0;0;;;;5;10
"054048";"Sellano";4;2;0;0;0;;;;2;0;0;0;0;;;;0;2
"054048";"Sellano";5;2;0;0;0;;;;2;4;0;0;0;;;;4;6
"054048";"Sellano";6;0;0;0;0;;;;0;2;0;0;0;;;;2;2
"054048";"Sellano";7;1;0;0;0;;;;1;2;0;0;0;;;;2;3
"054048";"Sellano";8;2;0;0;0;;;;2;2;0;0;0;;;;2;4
"054048";"Sellano";9;0;0;0;0;;;;0;3;0;0;0;;;;3;3
"054048";"Sellano";10;2;0;0;0;;;;2;2;0;0;0;;;;2;4
"054048";"Sellano";11;0;0;0;0;;;;0;1;0;0;0;;;;1;1
"054048";"Sellano";12;3;0;0;0;;;;3;3;0;0;0;;;;3;6
"054048";"Sellano";13;3;0;0;0;;;;3;5;0;0;0;;;;5;8
"054048";"Sellano";14;3;0;0;0;;;;3;2;0;0;0;;;;2;5
"054048";"Sellano";15;4;0;0;0;;;;4;7;0;0;0;;;;7;11
"054048";"Sellano";16;2;0;0;0;;;;2;3;0;0;0;;;;3;5
"054048";"Sellano";17;2;0;0;0;;;;2;5;0;0;0;;;;5;7
"054048";"Sellano";18;5;0;0;0;;;;5;3;0;0;0;;;;3;8
"054048";"Sellano";19;11;0;0;0;;;;11;4;0;0;0;;;;4;15
"054048";"Sellano";20;9;0;0;0;;;;9;4;0;0;0;;;;4;13
"054048";"Sellano";21;1;0;0;0;;;;1;7;0;0;0;;;;7;8
"054048";"Sellano";22;1;0;0;0;;;;1;4;0;0;0;;;;4;5
"054048";"Sellano";23;4;0;0;0;;;;4;1;0;0;0;;;;1;5
"054048";"Sellano";24;4;0;0;0;;;;4;6;1;0;0;;;;7;11
"054048";"Sellano";25;7;0;0;0;;;;7;0;1;0;0;;;;1;8
"054048";"Sellano";26;3;0;0;0;;;;3;2;0;0;0;;;;2;5
"054048";"Sellano";27;4;2;0;0;;;;6;1;0;0;0;;;;1;7
"054048";"Sellano";28;7;0;0;0;;;;7;2;0;0;0;;;;2;9
"054048";"Sellano";29;5;0;0;0;;;;5;4;2;0;0;;;;6;11
"054048";"Sellano";30;3;1;0;0;;;;4;6;1;0;0;;;;7;11
"054048";"Sellano";31;1;1;0;0;;;;2;4;1;0;0;;;;5;7
"054048";"Sellano";32;5;2;0;0;;;;7;2;1;0;0;;;;3;10
"054048";"Sellano";33;5;0;0;0;;;;5;5;0;0;0;;;;5;10
"054048";"Sellano";34;3;1;0;0;;;;4;3;4;0;0;;;;7;11
"054048";"Sellano";35;4;0;0;0;;;;4;2;0;1;0;;;;3;7
"054048";"Sellano";36;3;2;0;0;;;;5;3;2;0;0;;;;5;10
"054048";"Sellano";37;5;0;0;0;;;;5;1;2;0;0;;;;3;8
"054048";"Sellano";38;5;1;1;0;;;;7;1;3;0;0;;;;4;11
"054048";"Sellano";39;5;3;0;0;;;;8;5;1;0;0;;;;6;14
"054048";"Sellano";40;0;0;0;0;;;;0;2;0;0;0;;;;2;2
"054048";"Sellano";41;4;1;0;0;;;;5;0;1;0;0;;;;1;6
"054048";"Sellano";42;3;1;0;0;;;;4;1;2;0;0;;;;3;7
"054048";"Sellano";43;0;1;1;0;;;;2;1;4;0;0;;;;5;7
"054048";"Sellano";44;1;0;0;0;;;;1;3;2;0;0;;;;5;6
"054048";"Sellano";45;3;2;0;0;;;;5;0;4;0;0;;;;4;9
"054048";"Sellano";46;4;1;0;0;;;;5;4;3;0;0;;;;7;12
"054048";"Sellano";47;2;3;0;0;;;;5;1;1;0;0;;;;2;7
"054048";"Sellano";48;1;1;0;0;;;;2;1;1;0;1;;;;3;5
"054048";"Sellano";49;2;4;0;0;;;;6;1;6;0;0;;;;7;13
"054048";"Sellano";50;3;6;0;0;;;;9;1;2;1;1;;;;5;14
"054048";"Sellano";51;1;3;0;0;;;;4;1;7;0;0;;;;8;12
"054048";"Sellano";52;0;4;0;0;;;;4;0;10;0;1;;;;11;15
"054048";"Sellano";53;1;5;0;0;;;;6;3;7;1;0;;;;11;17
"054048";"Sellano";54;2;5;0;2;;;;9;1;5;1;0;;;;7;16
"054048";"Sellano";55;2;3;0;0;;;;5;5;7;0;0;;;;12;17
"054048";"Sellano";56;0;10;0;1;;;;11;1;9;0;0;;;;10;21
"054048";"Sellano";57;5;4;1;0;;;;10;1;9;1;0;;;;11;21
"054048";"Sellano";58;2;7;0;0;;;;9;0;10;1;0;;;;11;20
"054048";"Sellano";59;0;7;0;0;;;;7;1;4;0;0;;;;5;12
"054048";"Sellano";60;0;4;1;0;;;;5;0;6;0;2;;;;8;13
"054048";"Sellano";61;3;7;1;2;;;;13;3;6;1;1;;;;11;24
"054048";"Sellano";62;0;7;1;0;;;;8;2;7;1;2;;;;12;20
"054048";"Sellano";63;1;8;1;1;;;;11;0;4;0;1;;;;5;16
"054048";"Sellano";64;1;4;0;1;;;;6;0;8;1;0;;;;9;15
"054048";"Sellano";65;3;8;0;0;;;;11;2;3;0;0;;;;5;16
"054048";"Sellano";66;1;10;1;0;;;;12;0;6;0;1;;;;7;19
"054048";"Sellano";67;3;6;0;0;;;;9;2;4;0;0;;;;6;15
"054048";"Sellano";68;0;9;1;0;;;;10;1;8;0;0;;;;9;19
"054048";"Sellano";69;1;6;0;1;;;;8;1;4;0;0;;;;5;13
"054048";"Sellano";70;2;11;1;0;;;;14;0;3;0;0;;;;3;17
"054048";"Sellano";71;1;4;3;0;;;;8;1;4;0;0;;;;5;13
"054048";"Sellano";72;2;6;0;0;;;;8;0;3;0;0;;;;3;11
"054048";"Sellano";73;0;5;1;1;;;;7;0;4;1;1;;;;6;13
"054048";"Sellano";74;0;6;1;0;;;;7;0;6;1;4;;;;11;18
"054048";"Sellano";75;0;8;1;0;;;;9;1;5;0;2;;;;8;17
"054048";"Sellano";76;2;7;0;0;;;;9;0;4;0;2;;;;6;15
"054048";"Sellano";77;1;1;0;0;;;;2;0;1;0;1;;;;2;4
"054048";"Sellano";78;2;2;0;0;;;;4;0;3;0;3;;;;6;10
"054048";"Sellano";79;2;4;1;0;;;;7;0;3;0;1;;;;4;11
"054048";"Sellano";80;1;3;0;2;;;;6;0;2;0;1;;;;3;9
"054048";"Sellano";81;0;6;0;2;;;;8;0;1;0;3;;;;4;12
"054048";"Sellano";82;1;0;0;1;;;;2;1;0;0;3;;;;4;6
"054048";"Sellano";83;1;4;0;1;;;;6;1;5;0;6;;;;12;18
"054048";"Sellano";84;0;3;0;1;;;;4;0;2;0;5;;;;7;11
"054048";"Sellano";85;1;2;0;1;;;;4;0;0;0;7;;;;7;11
"054048";"Sellano";86;2;2;0;1;;;;5;0;0;0;4;;;;4;9
"054048";"Sellano";87;0;3;1;0;;;;4;0;2;0;4;;;;6;10
"054048";"Sellano";88;0;1;0;2;;;;3;1;0;0;2;;;;3;6
"054048";"Sellano";89;0;2;0;0;;;;2;1;0;0;2;;;;3;5
"054048";"Sellano";90;0;3;0;2;;;;5;0;1;0;6;;;;7;12
"054048";"Sellano";91;0;2;0;1;;;;3;0;0;0;7;;;;7;10
"054048";"Sellano";92;0;0;0;1;;;;1;0;0;0;3;;;;3;4
"054048";"Sellano";93;0;1;0;0;;;;1;0;0;0;2;;;;2;3
"054048";"Sellano";94;0;0;0;1;;;;1;0;0;0;1;;;;1;2
"054048";"Sellano";95;0;0;0;0;;;;0;0;0;0;3;;;;3;3
"054048";"Sellano";96;0;0;0;0;;;;0;0;0;0;2;;;;2;2
"054048";"Sellano";97;0;0;0;1;;;;1;0;0;0;0;;;;0;1
"054048";"Sellano";98;0;0;0;0;;;;0;0;0;0;4;;;;4;4
"054048";"Sellano";99;0;0;0;0;;;;0;0;0;0;0;;;;0;0
"054048";"Sellano";100;0;0;0;0;;;;0;0;0;0;0;;;;0;0
"054048";"Sellano";999;207;236;18;26;;;;487;167;218;11;89;;;;485;972
"054049";"Sigillo";0;6;0;0;0;;;;6;8;0;0;0;;;;8;14
"054049";"Sigillo";1;7;0;0;0;;;;7;4;0;0;0;;;;4;11
"054049";"Sigillo";2;2;0;0;0;;;;2;9;0;0;0;;;;9;11
"054049";"Sigillo";3;5;0;0;0;;;;5;6;0;0;0;;;;6;11
"054049";"Sigillo";4;14;0;0;0;;;;14;1;0;0;0;;;;1;15
"054049";"Sigillo";5;6;0;0;0;;;;6;11;0;0;0;;;;11;17
"054049";"Sigillo";6;11;0;0;0;;;;11;9;0;0;0;;;;9;20
"054049";"Sigillo";7;7;0;0;0;;;;7;3;0;0;0;;;;3;10
"054049";"Sigillo";8;10;0;0;0;;;;10;9;0;0;0;;;;9;19
"054049";"Sigillo";9;6;0;0;0;;;;6;5;0;0;0;;;;5;11
"054049";"Sigillo";10;11;0;0;0;;;;11;9;0;0;0;;;;9;20
"054049";"Sigillo";11;15;0;0;0;;;;15;9;0;0;0;;;;9;24
"054049";"Sigillo";12;6;0;0;0;;;;6;9;0;0;0;;;;9;15
"054049";"Sigillo";13;10;0;0;0;;;;10;7;0;0;0;;;;7;17
"054049";"Sigillo";14;13;0;0;0;;;;13;9;0;0;0;;;;9;22
"054049";"Sigillo";15;13;0;0;0;;;;13;8;0;0;0;;;;8;21
"054049";"Sigillo";16;12;0;0;0;;;;12;11;0;0;0;;;;11;23
"054049";"Sigillo";17;17;0;0;0;;;;17;9;0;0;0;;;;9;26
"054049";"Sigillo";18;7;0;0;0;;;;7;11;0;0;0;;;;11;18
"054049";"Sigillo";19;9;0;0;0;;;;9;11;0;0;0;;;;11;20
"054049";"Sigillo";20;6;0;0;0;;;;6;13;1;0;0;;;;14;20
"054049";"Sigillo";21;16;0;0;0;;;;16;5;0;0;0;;;;5;21
"054049";"Sigillo";22;9;0;0;0;;;;9;8;1;0;0;;;;9;18
"054049";"Sigillo";23;11;1;0;0;;;;12;12;1;0;0;;;;13;25
"054049";"Sigillo";24;10;1;0;0;;;;11;8;0;0;0;;;;8;19
"054049";"Sigillo";25;12;0;0;0;;;;12;8;0;0;0;;;;8;20
"054049";"Sigillo";26;10;0;0;0;;;;10;12;1;0;0;;;;13;23
"054049";"Sigillo";27;11;0;0;0;;;;11;10;0;0;0;;;;10;21
"054049";"Sigillo";28;20;0;0;0;;;;20;7;1;0;0;;;;8;28
"054049";"Sigillo";29;13;1;0;0;;;;14;8;1;0;0;;;;9;23
"054049";"Sigillo";30;12;1;0;0;;;;13;7;4;0;0;;;;11;24
"054049";"Sigillo";31;6;0;0;0;;;;6;5;3;1;0;;;;9;15
"054049";"Sigillo";32;9;1;0;0;;;;10;6;4;0;0;;;;10;20
"054049";"Sigillo";33;5;2;0;0;;;;7;6;5;0;0;;;;11;18
"054049";"Sigillo";34;5;3;0;0;;;;8;7;5;0;0;;;;12;20
"054049";"Sigillo";35;6;4;0;0;;;;10;5;4;1;0;;;;10;20
"054049";"Sigillo";36;12;1;0;0;;;;13;10;4;0;0;;;;14;27
"054049";"Sigillo";37;8;4;0;0;;;;12;8;3;0;0;;;;11;23
"054049";"Sigillo";38;2;2;0;0;;;;4;8;5;2;0;;;;15;19
"054049";"Sigillo";39;8;3;0;0;;;;11;10;5;1;0;;;;16;27
"054049";"Sigillo";40;5;5;0;0;;;;10;7;3;0;0;;;;10;20
"054049";"Sigillo";41;9;7;0;0;;;;16;3;7;1;0;;;;11;27
"054049";"Sigillo";42;5;10;1;0;;;;16;6;10;2;0;;;;18;34
"054049";"Sigillo";43;8;8;1;0;;;;17;0;8;0;0;;;;8;25
"054049";"Sigillo";44;2;10;0;0;;;;12;4;12;2;0;;;;18;30
"054049";"Sigillo";45;8;16;0;0;;;;24;2;9;3;0;;;;14;38
"054049";"Sigillo";46;8;6;1;0;;;;15;4;20;1;0;;;;25;40
"054049";"Sigillo";47;4;10;3;0;;;;17;3;21;1;1;;;;26;43
"054049";"Sigillo";48;5;8;1;0;;;;14;2;8;3;0;;;;13;27
"054049";"Sigillo";49;7;14;3;0;;;;24;3;11;1;1;;;;16;40
"054049";"Sigillo";50;7;8;0;0;;;;15;1;14;1;0;;;;16;31
"054049";"Sigillo";51;2;12;0;0;;;;14;2;15;0;1;;;;18;32
"054049";"Sigillo";52;9;17;0;0;;;;26;5;14;0;0;;;;19;45
"054049";"Sigillo";53;1;13;1;0;;;;15;1;17;2;0;;;;20;35
"054049";"Sigillo";54;5;12;1;0;;;;18;2;19;0;0;;;;21;39
"054049";"Sigillo";55;5;13;1;0;;;;19;1;14;0;0;;;;15;34
"054049";"Sigillo";56;3;16;1;0;;;;20;3;20;1;2;;;;26;46
"054049";"Sigillo";57;2;16;1;0;;;;19;2;13;2;4;;;;21;40
"054049";"Sigillo";58;8;11;1;0;;;;20;3;14;0;2;;;;19;39
"054049";"Sigillo";59;1;14;0;0;;;;15;0;15;0;1;;;;16;31
"054049";"Sigillo";60;1;18;0;0;;;;19;0;20;0;4;;;;24;43
"054049";"Sigillo";61;2;11;0;2;;;;15;2;12;0;2;;;;16;31
"054049";"Sigillo";62;4;19;2;0;;;;25;1;11;1;4;;;;17;42
"054049";"Sigillo";63;4;16;3;0;;;;23;4;16;0;2;;;;22;45
"054049";"Sigillo";64;3;17;1;0;;;;21;0;14;0;2;;;;16;37
"054049";"Sigillo";65;3;9;1;1;;;;14;1;17;1;2;;;;21;35
"054049";"Sigillo";66;1;7;2;0;;;;10;0;13;1;1;;;;15;25
"054049";"Sigillo";67;0;22;1;1;;;;24;1;8;1;3;;;;13;37
"054049";"Sigillo";68;2;7;2;1;;;;12;0;11;0;5;;;;16;28
"054049";"Sigillo";69;1;10;1;0;;;;12;0;8;1;3;;;;12;24
"054049";"Sigillo";70;1;15;0;0;;;;16;0;13;1;1;;;;15;31
"054049";"Sigillo";71;3;8;0;0;;;;11;0;9;0;4;;;;13;24
"054049";"Sigillo";72;3;14;0;0;;;;17;1;11;0;6;;;;18;35
"054049";"Sigillo";73;1;12;0;0;;;;13;0;10;0;5;;;;15;28
"054049";"Sigillo";74;0;9;1;1;;;;11;1;12;0;5;;;;18;29
"054049";"Sigillo";75;2;9;0;1;;;;12;1;7;0;6;;;;14;26
"054049";"Sigillo";76;1;8;0;0;;;;9;0;9;0;12;;;;21;30
"054049";"Sigillo";77;0;6;0;1;;;;7;1;4;0;2;;;;7;14
"054049";"Sigillo";78;2;7;0;2;;;;11;1;4;0;4;;;;9;20
"054049";"Sigillo";79;0;11;0;1;;;;12;1;7;0;9;;;;17;29
"054049";"Sigillo";80;0;10;0;2;;;;12;0;3;0;3;;;;6;18
"054049";"Sigillo";81;0;5;0;2;;;;7;2;3;0;6;;;;11;18
"054049";"Sigillo";82;1;10;0;2;;;;13;1;7;0;11;;;;19;32
"054049";"Sigillo";83;3;7;1;2;;;;13;2;3;0;6;;;;11;24
"054049";"Sigillo";84;0;5;0;1;;;;6;0;2;0;13;;;;15;21
"054049";"Sigillo";85;0;4;0;0;;;;4;2;2;0;5;;;;9;13
"054049";"Sigillo";86;1;3;0;1;;;;5;0;4;1;7;;;;12;17
"054049";"Sigillo";87;1;5;0;1;;;;7;1;1;0;9;;;;11;18
"054049";"Sigillo";88;0;6;0;2;;;;8;2;1;0;6;;;;9;17
"054049";"Sigillo";89;0;2;0;1;;;;3;1;1;0;9;;;;11;14
"054049";"Sigillo";90;0;1;0;4;;;;5;1;1;0;4;;;;6;11
"054049";"Sigillo";91;0;2;0;1;;;;3;1;0;0;6;;;;7;10
"054049";"Sigillo";92;0;2;0;3;;;;5;0;2;0;8;;;;10;15
"054049";"Sigillo";93;0;2;0;0;;;;2;2;0;0;5;;;;7;9
"054049";"Sigillo";94;0;0;0;0;;;;0;0;0;0;2;;;;2;2
"054049";"Sigillo";95;0;0;0;1;;;;1;1;0;0;3;;;;4;5
"054049";"Sigillo";96;0;0;0;0;;;;0;0;0;0;3;;;;3;3
"054049";"Sigillo";97;0;0;0;0;;;;0;0;0;0;1;;;;1;1
"054049";"Sigillo";98;0;0;0;0;;;;0;0;0;0;0;;;;0;0
"054049";"Sigillo";99;0;0;0;0;;;;0;0;0;0;1;;;;1;1
"054049";"Sigillo";100;0;0;0;0;;;;0;0;0;0;1;;;;1;1
"054049";"Sigillo";999;522;549;31;34;;;;1136;406;558;32;203;;;;1199;2335
"054050";"Spello";0;30;0;0;0;;;;30;25;0;0;0;;;;25;55
"054050";"Spello";1;17;0;0;0;;;;17;19;0;0;0;;;;19;36
"054050";"Spello";2;27;0;0;0;;;;27;13;0;0;0;;;;13;40
"054050";"Spello";3;21;0;0;0;;;;21;18;0;0;0;;;;18;39
"054050";"Spello";4;30;0;0;0;;;;30;30;0;0;0;;;;30;60
"054050";"Spello";5;31;0;0;0;;;;31;29;0;0;0;;;;29;60
"054050";"Spello";6;38;0;0;0;;;;38;24;0;0;0;;;;24;62
"054050";"Spello";7;23;0;0;0;;;;23;33;0;0;0;;;;33;56
"054050";"Spello";8;38;0;0;0;;;;38;32;0;0;0;;;;32;70
"054050";"Spello";9;31;0;0;0;;;;31;37;0;0;0;;;;37;68
"054050";"Spello";10;41;0;0;0;;;;41;34;0;0;0;;;;34;75
"054050";"Spello";11;31;0;0;0;;;;31;26;0;0;0;;;;26;57
"054050";"Spello";12;39;0;0;0;;;;39;48;0;0;0;;;;48;87
"054050";"Spello";13;28;0;0;0;;;;28;41;0;0;0;;;;41;69
"054050";"Spello";14;47;0;0;0;;;;47;32;0;0;0;;;;32;79
"054050";"Spello";15;59;0;0;0;;;;59;41;0;0;0;;;;41;100
"054050";"Spello";16;37;0;0;0;;;;37;43;0;0;0;;;;43;80
"054050";"Spello";17;36;0;0;0;;;;36;43;0;0;0;;;;43;79
"054050";"Spello";18;33;0;0;0;;;;33;35;0;0;0;;;;35;68
"054050";"Spello";19;36;0;0;0;;;;36;45;0;0;0;;;;45;81
"054050";"Spello";20;32;0;0;0;;;;32;41;0;0;0;;;;41;73
"054050";"Spello";21;44;1;0;0;;;;45;40;1;0;0;;;;41;86
"054050";"Spello";22;40;0;0;0;;;;40;29;1;0;0;;;;30;70
"054050";"Spello";23;33;0;0;0;;;;33;27;1;0;0;;;;28;61
"054050";"Spello";24;36;0;0;0;;;;36;28;1;0;0;;;;29;65
"054050";"Spello";25;24;1;0;0;;;;25;25;2;0;0;;;;27;52
"054050";"Spello";26;44;0;0;0;;;;44;26;1;0;0;;;;27;71
"054050";"Spello";27;25;2;0;0;;;;27;24;3;0;0;;;;27;54
"054050";"Spello";28;31;1;0;0;;;;32;24;2;0;0;;;;26;58
"054050";"Spello";29;27;5;0;0;;;;32;33;7;0;0;;;;40;72
"054050";"Spello";30;36;4;0;0;;;;40;31;4;0;0;;;;35;75
"054050";"Spello";31;31;7;0;0;;;;38;21;15;0;0;;;;36;74
"054050";"Spello";32;29;6;0;0;;;;35;25;9;0;0;;;;34;69
"054050";"Spello";33;38;4;0;0;;;;42;31;10;0;0;;;;41;83
"054050";"Spello";34;26;13;0;0;;;;39;29;23;0;0;;;;52;91
"054050";"Spello";35;24;19;0;0;;;;43;26;22;1;0;;;;49;92
"054050";"Spello";36;35;13;0;0;;;;48;26;27;0;0;;;;53;101
"054050";"Spello";37;11;20;0;0;;;;31;21;22;1;0;;;;44;75
"054050";"Spello";38;21;12;0;0;;;;33;18;24;1;1;;;;44;77
"054050";"Spello";39;25;28;0;0;;;;53;21;27;2;0;;;;50;103
"054050";"Spello";40;15;22;1;0;;;;38;17;31;4;1;;;;53;91
"054050";"Spello";41;21;30;1;0;;;;52;16;24;0;0;;;;40;92
"054050";"Spello";42;15;25;0;0;;;;40;10;33;2;0;;;;45;85
"054050";"Spello";43;21;34;3;1;;;;59;18;37;0;1;;;;56;115
"054050";"Spello";44;19;16;2;0;;;;37;19;32;3;1;;;;55;92
"054050";"Spello";45;19;37;1;0;;;;57;17;49;4;0;;;;70;127
"054050";"Spello";46;21;38;3;0;;;;62;11;36;3;0;;;;50;112
"054050";"Spello";47;21;36;1;0;;;;58;18;54;3;0;;;;75;133
"054050";"Spello";48;22;31;2;0;;;;55;15;42;1;1;;;;59;114
"054050";"Spello";49;28;39;3;0;;;;70;17;55;5;1;;;;78;148
"054050";"Spello";50;17;50;2;0;;;;69;12;45;3;1;;;;61;130
"054050";"Spello";51;22;40;2;1;;;;65;10;54;4;2;;;;70;135
"054050";"Spello";52;16;43;1;0;;;;60;13;51;5;1;;;;70;130
"054050";"Spello";53;16;43;2;1;;;;62;15;54;8;2;;;;79;141
"054050";"Spello";54;17;56;6;0;;;;79;19;42;6;3;;;;70;149
"054050";"Spello";55;16;64;3;0;;;;83;9;65;8;3;;;;85;168
"054050";"Spello";56;15;50;5;1;;;;71;9;61;5;2;;;;77;148
"054050";"Spello";57;12;49;2;1;;;;64;7;54;6;1;;;;68;132
"054050";"Spello";58;10;63;4;2;;;;79;8;47;9;2;;;;66;145
"054050";"Spello";59;5;43;6;2;;;;56;13;36;3;3;;;;55;111
"054050";"Spello";60;12;42;3;1;;;;58;7;56;1;6;;;;70;128
"054050";"Spello";61;6;45;9;1;;;;61;17;53;2;4;;;;76;137
"054050";"Spello";62;8;45;2;1;;;;56;7;48;3;3;;;;61;117
"054050";"Spello";63;6;51;0;3;;;;60;7;48;3;7;;;;65;125
"054050";"Spello";64;7;43;1;0;;;;51;3;41;2;4;;;;50;101
"054050";"Spello";65;4;50;4;1;;;;59;7;46;2;4;;;;59;118
"054050";"Spello";66;8;58;1;3;;;;70;5;44;5;6;;;;60;130
"054050";"Spello";67;4;44;2;0;;;;50;6;35;5;8;;;;54;104
"054050";"Spello";68;7;41;2;1;;;;51;5;34;1;6;;;;46;97
"054050";"Spello";69;4;38;1;3;;;;46;4;44;3;10;;;;61;107
"054050";"Spello";70;0;28;0;2;;;;30;2;29;2;10;;;;43;73
"054050";"Spello";71;3;50;3;1;;;;57;2;41;1;16;;;;60;117
"054050";"Spello";72;1;33;0;3;;;;37;5;43;1;7;;;;56;93
"054050";"Spello";73;7;37;0;4;;;;48;4;40;1;12;;;;57;105
"054050";"Spello";74;4;41;1;2;;;;48;4;30;2;19;;;;55;103
"054050";"Spello";75;4;44;0;4;;;;52;4;37;0;16;;;;57;109
"054050";"Spello";76;2;37;4;2;;;;45;3;37;1;12;;;;53;98
"054050";"Spello";77;4;38;2;4;;;;48;3;34;0;15;;;;52;100
"054050";"Spello";78;4;39;0;2;;;;45;1;29;2;24;;;;56;101
"054050";"Spello";79;2;38;1;2;;;;43;0;27;0;27;;;;54;97
"054050";"Spello";80;1;38;1;4;;;;44;2;28;0;22;;;;52;96
"054050";"Spello";81;1;26;0;5;;;;32;1;15;1;21;;;;38;70
"054050";"Spello";82;1;26;0;5;;;;32;0;22;0;25;;;;47;79
"054050";"Spello";83;2;28;0;5;;;;35;3;18;0;27;;;;48;83
"054050";"Spello";84;0;17;0;5;;;;22;2;13;1;21;;;;37;59
"054050";"Spello";85;0;19;0;9;;;;28;2;8;0;29;;;;39;67
"054050";"Spello";86;4;10;0;6;;;;20;0;8;0;24;;;;32;52
"054050";"Spello";87;0;18;1;8;;;;27;1;3;0;22;;;;26;53
"054050";"Spello";88;2;6;0;4;;;;12;5;0;1;21;;;;27;39
"054050";"Spello";89;0;10;2;3;;;;15;2;1;0;21;;;;24;39
"054050";"Spello";90;0;8;0;6;;;;14;2;2;0;17;;;;21;35
"054050";"Spello";91;0;6;0;1;;;;7;1;0;0;19;;;;20;27
"054050";"Spello";92;0;4;0;2;;;;6;3;3;0;11;;;;17;23
"054050";"Spello";93;0;2;0;3;;;;5;4;0;0;12;;;;16;21
"054050";"Spello";94;0;2;0;0;;;;2;0;0;0;9;;;;9;11
"054050";"Spello";95;0;2;0;3;;;;5;0;0;0;6;;;;6;11
"054050";"Spello";96;0;0;0;0;;;;0;0;0;1;4;;;;5;5
"054050";"Spello";97;0;0;0;3;;;;3;2;0;0;4;;;;6;9
"054050";"Spello";98;1;1;0;1;;;;3;1;0;0;3;;;;4;7
"054050";"Spello";99;0;0;0;1;;;;1;0;0;0;0;;;;0;1
"054050";"Spello";100;0;1;0;1;;;;2;3;0;0;1;;;;4;6
"054050";"Spello";999;1742;2011;90;124;;;;3967;1597;2021;128;561;;;;4307;8274
"054051";"Spoleto";0;103;0;0;0;0;0;0;103;98;0;0;0;0;0;0;98;201
"054051";"Spoleto";1;94;0;0;0;0;0;0;94;117;0;0;0;0;0;0;117;211
"054051";"Spoleto";2;111;0;0;0;0;0;0;111;102;0;0;0;0;0;0;102;213
"054051";"Spoleto";3;103;0;0;0;0;0;0;103;110;0;0;0;0;0;0;110;213
"054051";"Spoleto";4;119;0;0;0;0;0;0;119;106;0;0;0;0;0;0;106;225
"054051";"Spoleto";5;116;0;0;0;0;0;0;116;113;0;0;0;0;0;0;113;229
"054051";"Spoleto";6;132;0;0;0;0;0;0;132;151;0;0;0;0;0;0;151;283
"054051";"Spoleto";7;113;0;0;0;0;0;0;113;121;0;0;0;0;0;0;121;234
"054051";"Spoleto";8;120;0;0;0;0;0;0;120;137;0;0;0;0;0;0;137;257
"054051";"Spoleto";9;151;0;0;0;0;0;0;151;128;0;0;0;0;0;0;128;279
"054051";"Spoleto";10;140;0;0;0;0;0;0;140;145;0;0;0;0;0;0;145;285
"054051";"Spoleto";11;160;0;0;0;0;0;0;160;150;0;0;0;0;0;0;150;310
"054051";"Spoleto";12;147;0;0;0;0;0;0;147;167;0;0;0;0;0;0;167;314
"054051";"Spoleto";13;149;0;0;0;0;0;0;149;157;0;0;0;0;0;0;157;306
"054051";"Spoleto";14;178;0;0;0;0;0;0;178;169;0;0;0;0;0;0;169;347
"054051";"Spoleto";15;170;0;0;0;0;0;0;170;163;0;0;0;0;0;0;163;333
"054051";"Spoleto";16;170;0;0;0;0;0;0;170;148;0;0;0;0;0;0;148;318
"054051";"Spoleto";17;184;0;0;0;0;0;0;184;165;0;0;0;0;0;0;165;349
"054051";"Spoleto";18;176;0;0;0;0;0;0;176;149;0;0;0;0;0;0;149;325
"054051";"Spoleto";19;167;0;0;0;0;0;0;167;155;1;0;0;0;0;0;156;323
"054051";"Spoleto";20;172;0;0;0;0;0;0;172;140;1;0;0;0;0;0;141;313
"054051";"Spoleto";21;174;1;0;0;0;0;0;175;137;2;0;0;0;0;0;139;314
"054051";"Spoleto";22;174;0;0;0;0;0;0;174;140;1;0;0;0;0;0;141;315
"054051";"Spoleto";23;173;1;0;0;0;0;0;174;135;4;0;0;0;0;0;139;313
"054051";"Spoleto";24;199;0;1;0;0;0;0;200;157;12;0;0;0;0;0;169;369
"054051";"Spoleto";25;163;5;0;0;0;0;0;168;126;11;0;0;0;0;0;137;305
"054051";"Spoleto";26;172;5;0;0;0;0;0;177;145;12;0;0;0;0;0;157;334
"054051";"Spoleto";27;166;3;0;0;0;0;0;169;143;11;1;0;0;0;0;155;324
"054051";"Spoleto";28;176;7;0;0;0;0;0;183;127;22;0;0;0;0;0;149;332
"054051";"Spoleto";29;189;13;0;0;0;0;0;202;113;33;1;0;0;0;0;147;349
"054051";"Spoleto";30;165;16;0;0;0;0;0;181;145;49;1;0;0;0;0;195;376
"054051";"Spoleto";31;176;24;0;0;0;0;0;200;118;42;1;0;0;0;0;161;361
"054051";"Spoleto";32;151;32;0;0;0;0;0;183;105;46;2;0;0;0;0;153;336
"054051";"Spoleto";33;142;52;0;0;0;0;0;194;116;63;2;1;0;0;0;182;376
"054051";"Spoleto";34;154;48;0;0;0;0;0;202;110;80;4;1;2;0;0;197;399
"054051";"Spoleto";35;156;57;1;0;0;0;0;214;79;80;1;1;0;0;0;161;375
"054051";"Spoleto";36;123;58;3;0;0;0;0;184;85;99;8;0;0;0;0;192;376
"054051";"Spoleto";37;123;52;5;0;0;0;0;180;79;82;4;0;0;0;0;165;345
"054051";"Spoleto";38;103;79;2;0;0;0;0;184;64;106;4;4;0;0;0;178;362
"054051";"Spoleto";39;128;88;4;0;0;0;0;220;84;118;5;0;1;0;0;208;428
"054051";"Spoleto";40;101;75;4;0;0;0;0;180;65;110;3;1;0;0;0;179;359
"054051";"Spoleto";41;104;97;4;0;0;0;0;205;74;118;11;4;0;0;0;207;412
"054051";"Spoleto";42;93;103;7;0;0;0;0;203;79;126;12;1;0;0;0;218;421
"054051";"Spoleto";43;104;113;5;1;1;0;0;224;49;152;3;3;0;0;0;207;431
"054051";"Spoleto";44;93;145;5;2;0;0;0;245;82;125;8;4;0;0;0;219;464
"054051";"Spoleto";45;88;125;11;1;0;0;0;225;80;159;12;6;0;0;0;257;482
"054051";"Spoleto";46;90;138;8;1;0;0;0;237;48;174;23;3;0;0;0;248;485
"054051";"Spoleto";47;105;149;16;2;0;0;0;272;73;158;20;5;0;0;0;256;528
"054051";"Spoleto";48;85;183;16;1;0;0;0;285;82;183;16;10;0;0;0;291;576
"054051";"Spoleto";49;84;169;16;0;1;0;0;270;57;201;24;9;0;0;0;291;561
"054051";"Spoleto";50;75;170;18;6;1;0;0;270;57;171;23;10;1;0;0;262;532
"054051";"Spoleto";51;72;188;17;2;0;0;0;279;65;208;21;7;0;0;0;301;580
"054051";"Spoleto";52;82;201;20;3;0;0;0;306;50;212;22;10;0;0;0;294;600
"054051";"Spoleto";53;72;228;24;1;0;0;0;325;34;203;29;5;0;0;0;271;596
"054051";"Spoleto";54;68;211;18;3;0;0;0;300;47;236;33;15;0;0;0;331;631
"054051";"Spoleto";55;54;180;29;2;0;0;0;265;53;220;26;9;0;0;0;308;573
"054051";"Spoleto";56;63;174;16;2;0;0;0;255;41;224;19;16;0;0;0;300;555
"054051";"Spoleto";57;44;203;15;3;0;0;0;265;42;229;26;14;0;0;0;311;576
"054051";"Spoleto";58;49;253;18;6;0;0;0;326;34;232;29;16;0;0;0;311;637
"054051";"Spoleto";59;34;214;21;3;0;0;0;272;29;209;23;21;0;0;0;282;554
"054051";"Spoleto";60;46;205;16;1;0;0;0;268;32;213;19;24;0;0;0;288;556
"054051";"Spoleto";61;29;209;20;5;0;0;0;263;25;221;24;24;0;0;0;294;557
"054051";"Spoleto";62;31;187;16;9;0;0;0;243;37;207;26;23;0;0;0;293;536
"054051";"Spoleto";63;22;213;11;7;0;0;0;253;24;196;15;27;0;0;0;262;515
"054051";"Spoleto";64;26;183;10;3;0;0;0;222;16;189;24;30;0;0;0;259;481
"054051";"Spoleto";65;23;199;15;11;0;0;0;248;18;178;21;32;0;0;0;249;497
"054051";"Spoleto";66;25;196;17;7;1;0;0;246;14;185;24;28;0;0;0;251;497
"054051";"Spoleto";67;26;181;16;7;0;0;0;230;17;189;15;30;0;0;0;251;481
"054051";"Spoleto";68;13;161;10;8;0;0;0;192;20;192;13;34;0;0;0;259;451
"054051";"Spoleto";69;20;155;11;8;0;0;0;194;18;157;13;52;0;0;0;240;434
"054051";"Spoleto";70;22;191;7;10;0;0;0;230;13;168;12;44;0;0;0;237;467
"054051";"Spoleto";71;15;176;5;12;0;0;0;208;15;171;19;62;0;0;0;267;475
"054051";"Spoleto";72;15;199;11;15;0;0;0;240;18;174;12;60;0;0;0;264;504
"054051";"Spoleto";73;10;218;10;11;0;0;0;249;13;164;11;66;0;0;0;254;503
"054051";"Spoleto";74;16;199;5;17;0;0;0;237;16;192;9;62;0;0;0;279;516
"054051";"Spoleto";75;15;177;8;15;0;0;0;215;15;138;7;65;0;0;0;225;440
"054051";"Spoleto";76;9;151;6;16;1;0;0;183;19;145;5;77;0;0;0;246;429
"054051";"Spoleto";77;10;136;4;23;0;0;0;173;12;118;7;71;0;0;0;208;381
"054051";"Spoleto";78;9;129;2;8;0;0;0;148;8;120;4;95;0;0;0;227;375
"054051";"Spoleto";79;5;159;3;19;0;0;0;186;18;118;5;101;0;0;0;242;428
"054051";"Spoleto";80;19;144;1;21;0;0;0;185;15;105;5;94;0;0;0;219;404
"054051";"Spoleto";81;6;127;2;25;0;0;0;160;11;69;3;97;0;0;0;180;340
"054051";"Spoleto";82;6;126;3;21;0;0;0;156;14;85;3;104;0;0;0;206;362
"054051";"Spoleto";83;7;109;4;27;0;0;0;147;12;78;2;105;0;0;0;197;344
"054051";"Spoleto";84;8;97;4;18;0;0;0;127;8;61;3;129;0;0;0;201;328
"054051";"Spoleto";85;8;84;0;23;0;0;0;115;8;41;4;115;0;0;0;168;283
"054051";"Spoleto";86;4;67;1;17;0;0;0;89;7;41;2;99;0;0;0;149;238
"054051";"Spoleto";87;6;56;1;27;0;0;0;90;10;26;3;96;0;0;0;135;225
"054051";"Spoleto";88;7;54;0;23;0;0;0;84;11;26;1;118;0;0;0;156;240
"054051";"Spoleto";89;3;38;0;21;0;0;0;62;7;12;3;100;0;0;0;122;184
"054051";"Spoleto";90;6;38;0;16;0;0;0;60;4;9;1;84;0;0;0;98;158
"054051";"Spoleto";91;3;20;1;18;0;0;0;42;2;8;2;104;0;0;0;116;158
"054051";"Spoleto";92;2;10;0;17;0;0;0;29;5;2;1;80;0;0;0;88;117
"054051";"Spoleto";93;2;14;0;17;0;0;0;33;6;3;0;49;0;0;0;58;91
"054051";"Spoleto";94;0;10;1;8;0;0;0;19;2;0;0;32;0;0;0;34;53
"054051";"Spoleto";95;2;9;0;8;0;0;0;19;3;0;1;37;0;0;0;41;60
"054051";"Spoleto";96;0;2;1;4;0;0;0;7;2;1;2;28;0;0;0;33;40
"054051";"Spoleto";97;0;3;0;2;0;0;0;5;0;0;0;23;0;0;0;23;28
"054051";"Spoleto";98;2;2;0;4;0;0;0;8;0;0;0;16;0;0;0;16;24
"054051";"Spoleto";99;0;3;0;4;0;0;0;7;2;0;0;17;0;0;0;19;26
"054051";"Spoleto";100;0;1;0;5;0;0;0;6;2;0;0;16;0;0;0;18;24
"054051";"Spoleto";999;8020;8498;526;577;5;0;0;17626;6739;8527;738;2726;4;0;0;18734;36360
"054052";"Todi";0;45;0;0;0;;;;45;28;0;0;0;;;;28;73
"054052";"Todi";1;30;0;0;0;;;;30;39;0;0;0;;;;39;69
"054052";"Todi";2;38;0;0;0;;;;38;36;0;0;0;;;;36;74
"054052";"Todi";3;33;0;0;0;;;;33;40;0;0;0;;;;40;73
"054052";"Todi";4;38;0;0;0;;;;38;48;0;0;0;;;;48;86
"054052";"Todi";5;49;0;0;0;;;;49;48;0;0;0;;;;48;97
"054052";"Todi";6;58;0;0;0;;;;58;65;0;0;0;;;;65;123
"054052";"Todi";7;68;0;0;0;;;;68;62;0;0;0;;;;62;130
"054052";"Todi";8;66;0;0;0;;;;66;57;0;0;0;;;;57;123
"054052";"Todi";9;67;0;0;0;;;;67;66;0;0;0;;;;66;133
"054052";"Todi";10;71;0;0;0;;;;71;66;0;0;0;;;;66;137
"054052";"Todi";11;68;0;0;0;;;;68;66;0;0;0;;;;66;134
"054052";"Todi";12;80;0;0;0;;;;80;74;0;0;0;;;;74;154
"054052";"Todi";13;56;0;0;0;;;;56;61;0;0;0;;;;61;117
"054052";"Todi";14;67;0;0;0;;;;67;68;0;0;0;;;;68;135
"054052";"Todi";15;78;0;0;0;;;;78;70;0;0;0;;;;70;148
"054052";"Todi";16;66;0;0;0;;;;66;56;0;0;0;;;;56;122
"054052";"Todi";17;77;0;0;0;;;;77;64;0;0;0;;;;64;141
"054052";"Todi";18;55;0;0;0;;;;55;68;0;0;0;;;;68;123
"054052";"Todi";19;66;0;0;0;;;;66;61;0;0;0;;;;61;127
"054052";"Todi";20;65;0;0;0;;;;65;60;0;0;0;;;;60;125
"054052";"Todi";21;75;0;0;0;;;;75;63;0;0;0;;;;63;138
"054052";"Todi";22;70;0;0;0;;;;70;78;0;0;0;;;;78;148
"054052";"Todi";23;82;0;0;0;;;;82;54;1;0;0;;;;55;137
"054052";"Todi";24;55;0;0;0;;;;55;74;2;0;0;;;;76;131
"054052";"Todi";25;70;0;0;0;;;;70;63;2;0;0;;;;65;135
"054052";"Todi";26;67;1;0;0;;;;68;65;8;0;0;;;;73;141
"054052";"Todi";27;89;2;0;0;;;;91;58;11;0;0;;;;69;160
"054052";"Todi";28;66;1;0;0;;;;67;71;11;0;0;;;;82;149
"054052";"Todi";29;80;6;0;0;;;;86;68;15;1;0;;;;84;170
"054052";"Todi";30;86;11;0;0;;;;97;50;25;0;0;;;;75;172
"054052";"Todi";31;54;11;0;0;;;;65;51;31;1;1;;;;84;149
"054052";"Todi";32;69;16;1;0;;;;86;42;20;1;0;;;;63;149
"054052";"Todi";33;67;17;1;0;;;;85;53;33;0;0;;;;86;171
"054052";"Todi";34;53;13;1;0;;;;67;38;38;2;0;;;;78;145
"054052";"Todi";35;55;20;1;0;;;;76;39;37;2;0;;;;78;154
"054052";"Todi";36;65;27;2;0;;;;94;35;29;3;0;;;;67;161
"054052";"Todi";37;45;32;1;0;;;;78;25;44;2;0;;;;71;149
"054052";"Todi";38;34;35;1;0;;;;70;34;41;4;0;;;;79;149
"054052";"Todi";39;32;50;3;0;;;;85;25;62;2;0;;;;89;174
"054052";"Todi";40;38;50;1;1;;;;90;30;49;3;0;;;;82;172
"054052";"Todi";41;50;44;3;0;;;;97;31;51;3;1;;;;86;183
"054052";"Todi";42;45;54;2;0;;;;101;24;45;5;0;;;;74;175
"054052";"Todi";43;39;60;1;0;;;;100;24;46;2;2;;;;74;174
"054052";"Todi";44;32;50;2;0;;;;84;32;74;6;1;;;;113;197
"054052";"Todi";45;36;54;1;1;;;;92;27;81;5;1;;;;114;206
"054052";"Todi";46;38;70;3;1;;;;112;20;87;5;0;;;;112;224
"054052";"Todi";47;39;52;6;1;;;;98;25;87;5;0;;;;117;215
"054052";"Todi";48;42;61;6;0;;;;109;32;69;4;5;;;;110;219
"054052";"Todi";49;29;66;4;2;;;;101;24;68;12;1;;;;105;206
"054052";"Todi";50;31;92;4;1;;;;128;19;86;3;5;;;;113;241
"054052";"Todi";51;31;65;3;0;;;;99;28;93;12;3;;;;136;235
"054052";"Todi";52;23;92;9;2;;;;126;27;85;6;4;;;;122;248
"054052";"Todi";53;24;99;1;1;;;;125;13;95;6;4;;;;118;243
"054052";"Todi";54;21;66;14;3;;;;104;18;112;11;6;;;;147;251
"054052";"Todi";55;19;76;4;0;;;;99;22;78;12;3;;;;115;214
"054052";"Todi";56;24;106;4;1;;;;135;23;94;9;4;;;;130;265
"054052";"Todi";57;25;110;6;3;;;;144;16;112;9;9;;;;146;290
"054052";"Todi";58;26;113;5;2;;;;146;23;114;7;7;;;;151;297
"054052";"Todi";59;24;86;10;0;;;;120;10;100;12;10;;;;132;252
"054052";"Todi";60;17;82;8;0;;;;107;15;110;10;7;;;;142;249
"054052";"Todi";61;19;120;7;2;;;;148;10;96;5;11;;;;122;270
"054052";"Todi";62;18;98;5;0;;;;121;9;99;6;10;;;;124;245
"054052";"Todi";63;21;85;5;2;;;;113;12;79;9;15;;;;115;228
"054052";"Todi";64;12;90;8;3;;;;113;13;91;6;8;;;;118;231
"054052";"Todi";65;17;87;2;2;;;;108;7;89;5;8;;;;109;217
"054052";"Todi";66;8;71;1;1;;;;81;10;85;8;14;;;;117;198
"054052";"Todi";67;9;95;8;4;;;;116;7;73;6;11;;;;97;213
"054052";"Todi";68;5;88;8;1;;;;102;6;81;6;14;;;;107;209
"054052";"Todi";69;14;92;3;5;;;;114;6;90;4;16;;;;116;230
"054052";"Todi";70;8;77;5;5;;;;95;8;47;4;17;;;;76;171
"054052";"Todi";71;6;84;2;4;;;;96;6;83;6;15;;;;110;206
"054052";"Todi";72;5;82;6;8;;;;101;11;67;3;23;;;;104;205
"054052";"Todi";73;10;75;5;4;;;;94;1;63;5;32;;;;101;195
"054052";"Todi";74;6;77;2;5;;;;90;9;64;3;29;;;;105;195
"054052";"Todi";75;9;61;4;4;;;;78;5;50;1;28;;;;84;162
"054052";"Todi";76;6;65;2;10;;;;83;7;63;3;34;;;;107;190
"054052";"Todi";77;4;45;0;4;;;;53;7;41;4;34;;;;86;139
"054052";"Todi";78;5;64;5;8;;;;82;10;50;1;32;;;;93;175
"054052";"Todi";79;8;51;0;4;;;;63;5;51;2;38;;;;96;159
"054052";"Todi";80;6;41;4;6;;;;57;3;29;2;39;;;;73;130
"054052";"Todi";81;5;49;1;8;;;;63;7;30;5;29;;;;71;134
"054052";"Todi";82;9;74;2;9;;;;94;3;41;2;59;;;;105;199
"054052";"Todi";83;6;51;0;16;;;;73;5;37;1;60;;;;103;176
"054052";"Todi";84;6;41;5;7;;;;59;4;32;1;46;;;;83;142
"054052";"Todi";85;6;42;1;9;;;;58;7;25;1;54;;;;87;145
"054052";"Todi";86;4;38;1;10;;;;53;10;27;0;49;;;;86;139
"054052";"Todi";87;4;34;1;11;;;;50;7;15;0;44;;;;66;116
"054052";"Todi";88;5;32;0;13;;;;50;9;3;0;47;;;;59;109
"054052";"Todi";89;0;21;0;12;;;;33;2;14;1;47;;;;64;97
"054052";"Todi";90;4;22;0;9;;;;35;1;5;0;49;;;;55;90
"054052";"Todi";91;3;14;0;7;;;;24;4;5;0;28;;;;37;61
"054052";"Todi";92;0;17;0;6;;;;23;3;2;2;34;;;;41;64
"054052";"Todi";93;2;4;0;5;;;;11;0;0;0;27;;;;27;38
"054052";"Todi";94;1;4;0;8;;;;13;1;1;1;22;;;;25;38
"054052";"Todi";95;0;4;0;2;;;;6;3;0;0;20;;;;23;29
"054052";"Todi";96;0;2;1;1;;;;4;2;0;0;13;;;;15;19
"054052";"Todi";97;0;1;1;1;;;;3;2;1;0;17;;;;20;23
"054052";"Todi";98;0;1;0;2;;;;3;0;0;0;10;;;;10;13
"054052";"Todi";99;0;0;0;1;;;;1;0;0;0;5;;;;5;6
"054052";"Todi";100;0;1;0;1;;;;2;3;0;1;4;;;;8;10
"054052";"Todi";999;3359;3790;203;239;;;;7591;2897;3775;269;1166;;;;8107;15698
"054053";"Torgiano";0;16;0;0;0;;;;16;17;0;0;0;;;;17;33
"054053";"Torgiano";1;18;0;0;0;;;;18;31;0;0;0;;;;31;49
"054053";"Torgiano";2;23;0;0;0;;;;23;26;0;0;0;;;;26;49
"054053";"Torgiano";3;23;0;0;0;;;;23;11;0;0;0;;;;11;34
"054053";"Torgiano";4;29;0;0;0;;;;29;29;0;0;0;;;;29;58
"054053";"Torgiano";5;29;0;0;0;;;;29;22;0;0;0;;;;22;51
"054053";"Torgiano";6;21;0;0;0;;;;21;27;0;0;0;;;;27;48
"054053";"Torgiano";7;43;0;0;0;;;;43;24;0;0;0;;;;24;67
"054053";"Torgiano";8;32;0;0;0;;;;32;29;0;0;0;;;;29;61
"054053";"Torgiano";9;38;0;0;0;;;;38;44;0;0;0;;;;44;82
"054053";"Torgiano";10;33;0;0;0;;;;33;26;0;0;0;;;;26;59
"054053";"Torgiano";11;30;0;0;0;;;;30;31;0;0;0;;;;31;61
"054053";"Torgiano";12;44;0;0;0;;;;44;28;0;0;0;;;;28;72
"054053";"Torgiano";13;37;0;0;0;;;;37;24;0;0;0;;;;24;61
"054053";"Torgiano";14;48;0;0;0;;;;48;37;0;0;0;;;;37;85
"054053";"Torgiano";15;41;0;0;0;;;;41;34;0;0;0;;;;34;75
"054053";"Torgiano";16;33;0;0;0;;;;33;37;0;0;0;;;;37;70
"054053";"Torgiano";17;25;0;0;0;;;;25;32;0;0;0;;;;32;57
"054053";"Torgiano";18;28;0;0;0;;;;28;30;0;0;0;;;;30;58
"054053";"Torgiano";19;34;0;0;0;;;;34;25;0;0;0;;;;25;59
"054053";"Torgiano";20;31;0;0;0;;;;31;41;1;0;0;;;;42;73
"054053";"Torgiano";21;30;0;0;0;;;;30;31;0;0;0;;;;31;61
"054053";"Torgiano";22;27;0;0;0;;;;27;25;1;0;0;;;;26;53
"054053";"Torgiano";23;30;0;0;0;;;;30;24;0;0;0;;;;24;54
"054053";"Torgiano";24;36;1;0;0;;;;37;31;0;0;0;;;;31;68
"054053";"Torgiano";25;26;0;0;0;;;;26;24;1;0;0;;;;25;51
"054053";"Torgiano";26;37;0;0;0;;;;37;29;2;0;0;;;;31;68
"054053";"Torgiano";27;26;2;0;0;;;;28;30;1;0;0;;;;31;59
"054053";"Torgiano";28;26;0;0;0;;;;26;27;3;0;0;;;;30;56
"054053";"Torgiano";29;35;1;0;1;;;;37;27;6;0;0;;;;33;70
"054053";"Torgiano";30;31;2;0;0;;;;33;30;9;0;0;;;;39;72
"054053";"Torgiano";31;31;3;0;0;;;;34;20;9;0;0;;;;29;63
"054053";"Torgiano";32;24;6;0;0;;;;30;19;17;0;0;;;;36;66
"054053";"Torgiano";33;20;12;0;0;;;;32;19;6;1;0;;;;26;58
"054053";"Torgiano";34;33;10;0;0;;;;43;15;14;0;0;;;;29;72
"054053";"Torgiano";35;18;7;0;0;;;;25;12;13;0;0;;;;25;50
"054053";"Torgiano";36;12;9;0;0;;;;21;15;14;0;0;;;;29;50
"054053";"Torgiano";37;25;10;1;0;;;;36;15;10;2;0;;;;27;63
"054053";"Torgiano";38;18;13;0;0;;;;31;14;18;4;0;;;;36;67
"054053";"Torgiano";39;16;15;0;0;;;;31;11;32;4;1;;;;48;79
"054053";"Torgiano";40;17;29;2;0;;;;48;16;24;2;0;;;;42;90
"054053";"Torgiano";41;21;31;0;0;;;;52;13;24;1;0;;;;38;90
"054053";"Torgiano";42;19;16;2;0;;;;37;9;29;1;1;;;;40;77
"054053";"Torgiano";43;19;27;2;0;;;;48;14;37;1;2;;;;54;102
"054053";"Torgiano";44;17;30;1;0;;;;48;13;43;3;0;;;;59;107
"054053";"Torgiano";45;18;32;1;0;;;;51;13;33;3;1;;;;50;101
"054053";"Torgiano";46;27;39;4;0;;;;70;12;50;6;1;;;;69;139
"054053";"Torgiano";47;10;40;2;0;;;;52;18;45;0;1;;;;64;116
"054053";"Torgiano";48;20;34;1;0;;;;55;17;45;4;1;;;;67;122
"054053";"Torgiano";49;20;42;2;0;;;;64;5;37;6;0;;;;48;112
"054053";"Torgiano";50;11;44;4;0;;;;59;7;47;3;0;;;;57;116
"054053";"Torgiano";51;13;40;2;0;;;;55;20;35;5;1;;;;61;116
"054053";"Torgiano";52;10;50;2;0;;;;62;10;39;3;0;;;;52;114
"054053";"Torgiano";53;13;36;3;0;;;;52;7;47;8;2;;;;64;116
"054053";"Torgiano";54;6;31;4;1;;;;42;6;40;2;6;;;;54;96
"054053";"Torgiano";55;7;43;1;1;;;;52;7;41;4;1;;;;53;105
"054053";"Torgiano";56;5;35;5;1;;;;46;6;45;3;2;;;;56;102
"054053";"Torgiano";57;10;38;5;1;;;;54;13;32;3;3;;;;51;105
"054053";"Torgiano";58;2;42;1;0;;;;45;0;38;3;1;;;;42;87
"054053";"Torgiano";59;6;50;6;2;;;;64;3;42;5;0;;;;50;114
"054053";"Torgiano";60;2;31;2;1;;;;36;2;42;2;2;;;;48;84
"054053";"Torgiano";61;5;45;3;3;;;;56;5;35;4;5;;;;49;105
"054053";"Torgiano";62;9;38;1;0;;;;48;7;41;3;1;;;;52;100
"054053";"Torgiano";63;4;31;2;0;;;;37;2;36;3;8;;;;49;86
"054053";"Torgiano";64;3;35;1;0;;;;39;4;32;2;6;;;;44;83
"054053";"Torgiano";65;2;46;2;2;;;;52;3;32;4;1;;;;40;92
"054053";"Torgiano";66;1;36;4;1;;;;42;1;24;0;3;;;;28;70
"054053";"Torgiano";67;5;27;2;1;;;;35;2;26;3;4;;;;35;70
"054053";"Torgiano";68;2;23;1;2;;;;28;4;36;2;6;;;;48;76
"054053";"Torgiano";69;1;30;2;2;;;;35;1;35;1;5;;;;42;77
"054053";"Torgiano";70;3;25;3;1;;;;32;4;24;3;8;;;;39;71
"054053";"Torgiano";71;4;27;1;3;;;;35;3;28;2;14;;;;47;82
"054053";"Torgiano";72;5;27;0;1;;;;33;1;17;1;18;;;;37;70
"054053";"Torgiano";73;3;25;1;2;;;;31;1;31;1;5;;;;38;69
"054053";"Torgiano";74;0;26;1;1;;;;28;1;33;2;11;;;;47;75
"054053";"Torgiano";75;1;31;0;7;;;;39;1;25;3;10;;;;39;78
"054053";"Torgiano";76;2;28;3;3;;;;36;2;14;1;11;;;;28;64
"054053";"Torgiano";77;4;21;0;2;;;;27;0;9;0;8;;;;17;44
"054053";"Torgiano";78;3;19;0;2;;;;24;1;16;0;12;;;;29;53
"054053";"Torgiano";79;3;28;1;4;;;;36;2;14;0;16;;;;32;68
"054053";"Torgiano";80;2;16;0;1;;;;19;0;14;1;15;;;;30;49
"054053";"Torgiano";81;1;16;2;2;;;;21;1;11;0;16;;;;28;49
"054053";"Torgiano";82;1;12;0;10;;;;23;2;9;0;15;;;;26;49
"054053";"Torgiano";83;0;18;0;4;;;;22;2;7;0;17;;;;26;48
"054053";"Torgiano";84;1;17;0;3;;;;21;0;7;0;20;;;;27;48
"054053";"Torgiano";85;0;9;0;5;;;;14;0;8;0;17;;;;25;39
"054053";"Torgiano";86;1;7;0;6;;;;14;1;4;1;14;;;;20;34
"054053";"Torgiano";87;0;9;0;2;;;;11;0;5;0;11;;;;16;27
"054053";"Torgiano";88;0;5;1;1;;;;7;1;5;0;16;;;;22;29
"054053";"Torgiano";89;1;9;0;1;;;;11;1;3;0;9;;;;13;24
"054053";"Torgiano";90;0;10;0;1;;;;11;0;4;0;14;;;;18;29
"054053";"Torgiano";91;0;2;0;1;;;;3;0;0;0;9;;;;9;12
"054053";"Torgiano";92;0;6;0;1;;;;7;0;1;0;14;;;;15;22
"054053";"Torgiano";93;0;1;0;2;;;;3;0;0;0;6;;;;6;9
"054053";"Torgiano";94;1;1;0;2;;;;4;0;0;0;9;;;;9;13
"054053";"Torgiano";95;0;1;0;0;;;;1;0;1;0;6;;;;7;8
"054053";"Torgiano";96;0;0;0;2;;;;2;0;0;0;3;;;;3;5
"054053";"Torgiano";97;0;2;0;2;;;;4;0;1;0;2;;;;3;7
"054053";"Torgiano";98;0;0;0;0;;;;0;0;0;0;4;;;;4;4
"054053";"Torgiano";99;0;0;0;0;;;;0;0;0;0;4;;;;4;4
"054053";"Torgiano";100;0;0;0;0;;;;0;0;1;0;1;;;;2;2
"054053";"Torgiano";999;1498;1560;84;91;;;;3233;1287;1561;116;400;;;;3364;6597
"054054";"Trevi";0;22;0;0;0;;;;22;15;0;0;0;;;;15;37
"054054";"Trevi";1;17;0;0;0;;;;17;19;0;0;0;;;;19;36
"054054";"Trevi";2;34;0;0;0;;;;34;25;0;0;0;;;;25;59
"054054";"Trevi";3;28;0;0;0;;;;28;22;0;0;0;;;;22;50
"054054";"Trevi";4;28;0;0;0;;;;28;27;0;0;0;;;;27;55
"054054";"Trevi";5;30;0;0;0;;;;30;26;0;0;0;;;;26;56
"054054";"Trevi";6;39;0;0;0;;;;39;25;0;0;0;;;;25;64
"054054";"Trevi";7;45;0;0;0;;;;45;35;0;0;0;;;;35;80
"054054";"Trevi";8;32;0;0;0;;;;32;47;0;0;0;;;;47;79
"054054";"Trevi";9;44;0;0;0;;;;44;34;0;0;0;;;;34;78
"054054";"Trevi";10;39;0;0;0;;;;39;45;0;0;0;;;;45;84
"054054";"Trevi";11;37;0;0;0;;;;37;41;0;0;0;;;;41;78
"054054";"Trevi";12;43;0;0;0;;;;43;40;0;0;0;;;;40;83
"054054";"Trevi";13;32;0;0;0;;;;32;38;0;0;0;;;;38;70
"054054";"Trevi";14;43;0;0;0;;;;43;49;0;0;0;;;;49;92
"054054";"Trevi";15;41;0;0;0;;;;41;41;0;0;0;;;;41;82
"054054";"Trevi";16;42;0;0;0;;;;42;40;0;0;0;;;;40;82
"054054";"Trevi";17;41;0;0;0;;;;41;28;0;0;0;;;;28;69
"054054";"Trevi";18;49;0;0;0;;;;49;32;0;0;0;;;;32;81
"054054";"Trevi";19;31;0;0;0;;;;31;27;0;0;0;;;;27;58
"054054";"Trevi";20;31;0;0;0;;;;31;35;0;0;0;;;;35;66
"054054";"Trevi";21;51;0;0;0;;;;51;51;1;0;0;;;;52;103
"054054";"Trevi";22;27;0;0;0;;;;27;33;1;0;0;;;;34;61
"054054";"Trevi";23;39;0;0;0;;;;39;32;2;0;0;;;;34;73
"054054";"Trevi";24;33;0;0;0;;;;33;28;1;0;0;;;;29;62
"054054";"Trevi";25;32;1;0;0;;;;33;26;1;0;0;;;;27;60
"054054";"Trevi";26;25;1;0;0;;;;26;25;4;0;0;;;;29;55
"054054";"Trevi";27;23;2;0;0;;;;25;21;8;0;0;;;;29;54
"054054";"Trevi";28;38;2;0;0;;;;40;35;7;0;0;;;;42;82
"054054";"Trevi";29;33;8;0;0;;;;41;26;11;0;0;;;;37;78
"054054";"Trevi";30;30;3;1;0;;;;34;30;13;0;0;;;;43;77
"054054";"Trevi";31;30;5;0;0;;;;35;25;12;0;0;;;;37;72
"054054";"Trevi";32;40;5;0;0;;;;45;35;19;0;0;;;;54;99
"054054";"Trevi";33;27;12;0;0;;;;39;26;16;1;0;;;;43;82
"054054";"Trevi";34;30;17;0;1;;;;48;25;22;1;0;;;;48;96
"054054";"Trevi";35;40;11;0;0;;;;51;9;22;3;1;;;;35;86
"054054";"Trevi";36;32;17;0;0;;;;49;21;19;0;0;;;;40;89
"054054";"Trevi";37;26;12;1;0;;;;39;18;25;0;0;;;;43;82
"054054";"Trevi";38;36;18;1;0;;;;55;19;25;2;0;;;;46;101
"054054";"Trevi";39;23;20;1;0;;;;44;17;32;3;1;;;;53;97
"054054";"Trevi";40;36;18;0;0;;;;54;16;22;6;0;;;;44;98
"054054";"Trevi";41;22;19;1;0;;;;42;12;25;1;1;;;;39;81
"054054";"Trevi";42;20;27;2;0;;;;49;19;33;2;0;;;;54;103
"054054";"Trevi";43;22;25;3;0;;;;50;17;29;4;0;;;;50;100
"054054";"Trevi";44;23;30;0;0;;;;53;16;30;2;0;;;;48;101
"054054";"Trevi";45;9;29;2;1;;;;41;10;40;1;0;;;;51;92
"054054";"Trevi";46;29;27;0;0;;;;56;13;40;1;4;;;;58;114
"054054";"Trevi";47;27;38;0;0;;;;65;16;47;4;0;;;;67;132
"054054";"Trevi";48;27;41;4;0;;;;72;9;41;6;2;;;;58;130
"054054";"Trevi";49;21;33;2;0;;;;56;16;50;7;0;;;;73;129
"054054";"Trevi";50;15;37;3;0;;;;55;15;48;0;0;;;;63;118
"054054";"Trevi";51;17;50;6;1;;;;74;15;41;10;0;;;;66;140
"054054";"Trevi";52;15;31;5;0;;;;51;14;45;4;1;;;;64;115
"054054";"Trevi";53;15;52;4;1;;;;72;6;51;4;2;;;;63;135
"054054";"Trevi";54;8;43;4;0;;;;55;10;53;5;4;;;;72;127
"054054";"Trevi";55;11;51;3;0;;;;65;15;52;5;4;;;;76;141
"054054";"Trevi";56;13;46;4;0;;;;63;12;51;6;0;;;;69;132
"054054";"Trevi";57;9;44;3;2;;;;58;5;46;3;4;;;;58;116
"054054";"Trevi";58;10;50;6;0;;;;66;14;49;3;3;;;;69;135
"054054";"Trevi";59;6;48;2;0;;;;56;12;49;4;3;;;;68;124
"054054";"Trevi";60;11;55;3;0;;;;69;4;42;5;8;;;;59;128
"054054";"Trevi";61;8;42;3;1;;;;54;4;46;3;3;;;;56;110
"054054";"Trevi";62;3;56;5;0;;;;64;4;45;3;6;;;;58;122
"054054";"Trevi";63;7;43;4;1;;;;55;5;49;3;5;;;;62;117
"054054";"Trevi";64;7;44;1;2;;;;54;6;41;4;4;;;;55;109
"054054";"Trevi";65;4;50;5;2;;;;61;6;38;5;17;;;;66;127
"054054";"Trevi";66;6;41;4;1;;;;52;3;36;4;6;;;;49;101
"054054";"Trevi";67;2;28;3;0;;;;33;5;31;2;4;;;;42;75
"054054";"Trevi";68;6;38;4;1;;;;49;6;29;3;9;;;;47;96
"054054";"Trevi";69;6;39;3;1;;;;49;1;39;1;11;;;;52;101
"054054";"Trevi";70;2;38;2;4;;;;46;3;32;1;7;;;;43;89
"054054";"Trevi";71;3;46;1;1;;;;51;1;31;1;12;;;;45;96
"054054";"Trevi";72;1;30;2;4;;;;37;5;58;2;10;;;;75;112
"054054";"Trevi";73;6;45;1;3;;;;55;1;28;4;13;;;;46;101
"054054";"Trevi";74;1;44;0;4;;;;49;3;40;0;14;;;;57;106
"054054";"Trevi";75;4;38;0;3;;;;45;4;26;0;14;;;;44;89
"054054";"Trevi";76;1;27;1;6;;;;35;5;27;0;21;;;;53;88
"054054";"Trevi";77;2;46;1;3;;;;52;4;30;1;21;;;;56;108
"054054";"Trevi";78;2;26;0;6;;;;34;2;22;1;12;;;;37;71
"054054";"Trevi";79;3;42;0;4;;;;49;2;23;1;19;;;;45;94
"054054";"Trevi";80;3;24;0;5;;;;32;1;19;0;22;;;;42;74
"054054";"Trevi";81;1;21;0;7;;;;29;3;16;0;23;;;;42;71
"054054";"Trevi";82;0;26;1;3;;;;30;2;13;2;19;;;;36;66
"054054";"Trevi";83;1;16;0;3;;;;20;4;14;0;25;;;;43;63
"054054";"Trevi";84;1;22;1;6;;;;30;1;6;0;35;;;;42;72
"054054";"Trevi";85;1;19;0;4;;;;24;4;11;0;28;;;;43;67
"054054";"Trevi";86;0;15;0;3;;;;18;1;4;0;17;;;;22;40
"054054";"Trevi";87;1;11;2;6;;;;20;2;5;0;25;;;;32;52
"054054";"Trevi";88;2;10;1;4;;;;17;0;6;0;15;;;;21;38
"054054";"Trevi";89;1;10;0;2;;;;13;0;3;0;17;;;;20;33
"054054";"Trevi";90;0;3;0;3;;;;6;1;2;0;17;;;;20;26
"054054";"Trevi";91;0;4;0;7;;;;11;0;1;0;18;;;;19;30
"054054";"Trevi";92;2;1;0;4;;;;7;0;1;0;16;;;;17;24
"054054";"Trevi";93;1;4;0;1;;;;6;0;0;0;9;;;;9;15
"054054";"Trevi";94;0;4;0;0;;;;4;0;0;0;10;;;;10;14
"054054";"Trevi";95;0;1;0;2;;;;3;1;1;0;7;;;;9;12
"054054";"Trevi";96;0;1;0;2;;;;3;2;0;0;10;;;;12;15
"054054";"Trevi";97;0;0;0;2;;;;2;0;0;0;2;;;;2;4
"054054";"Trevi";98;0;0;0;0;;;;0;3;0;0;1;;;;4;4
"054054";"Trevi";99;0;0;0;0;;;;0;0;0;0;1;;;;1;1
"054054";"Trevi";100;0;2;0;0;;;;2;0;0;0;2;;;;2;4
"054054";"Trevi";999;1817;1885;106;117;;;;3925;1554;1898;134;565;;;;4151;8076
"054055";"Tuoro sul Trasimeno";0;10;0;0;0;;;;10;12;0;0;0;;;;12;22
"054055";"Tuoro sul Trasimeno";1;8;0;0;0;;;;8;12;0;0;0;;;;12;20
"054055";"Tuoro sul Trasimeno";2;12;0;0;0;;;;12;12;0;0;0;;;;12;24
"054055";"Tuoro sul Trasimeno";3;10;0;0;0;;;;10;10;0;0;0;;;;10;20
"054055";"Tuoro sul Trasimeno";4;7;0;0;0;;;;7;12;0;0;0;;;;12;19
"054055";"Tuoro sul Trasimeno";5;12;0;0;0;;;;12;9;0;0;0;;;;9;21
"054055";"Tuoro sul Trasimeno";6;17;0;0;0;;;;17;18;0;0;0;;;;18;35
"054055";"Tuoro sul Trasimeno";7;17;0;0;0;;;;17;7;0;0;0;;;;7;24
"054055";"Tuoro sul Trasimeno";8;6;0;0;0;;;;6;18;0;0;0;;;;18;24
"054055";"Tuoro sul Trasimeno";9;15;0;0;0;;;;15;11;0;0;0;;;;11;26
"054055";"Tuoro sul Trasimeno";10;13;0;0;0;;;;13;17;0;0;0;;;;17;30
"054055";"Tuoro sul Trasimeno";11;20;0;0;0;;;;20;12;0;0;0;;;;12;32
"054055";"Tuoro sul Trasimeno";12;16;0;0;0;;;;16;13;0;0;0;;;;13;29
"054055";"Tuoro sul Trasimeno";13;20;0;0;0;;;;20;7;0;0;0;;;;7;27
"054055";"Tuoro sul Trasimeno";14;15;0;0;0;;;;15;14;0;0;0;;;;14;29
"054055";"Tuoro sul Trasimeno";15;17;0;0;0;;;;17;16;0;0;0;;;;16;33
"054055";"Tuoro sul Trasimeno";16;23;0;0;0;;;;23;22;0;0;0;;;;22;45
"054055";"Tuoro sul Trasimeno";17;16;0;0;0;;;;16;23;0;0;0;;;;23;39
"054055";"Tuoro sul Trasimeno";18;14;0;0;0;;;;14;10;0;0;0;;;;10;24
"054055";"Tuoro sul Trasimeno";19;17;0;0;0;;;;17;12;0;0;0;;;;12;29
"054055";"Tuoro sul Trasimeno";20;14;0;0;0;;;;14;20;0;0;0;;;;20;34
"054055";"Tuoro sul Trasimeno";21;18;0;0;0;;;;18;18;0;0;0;;;;18;36
"054055";"Tuoro sul Trasimeno";22;22;0;0;0;;;;22;16;1;0;0;;;;17;39
"054055";"Tuoro sul Trasimeno";23;16;0;0;0;;;;16;22;0;0;0;;;;22;38
"054055";"Tuoro sul Trasimeno";24;23;0;0;0;;;;23;17;2;0;0;;;;19;42
"054055";"Tuoro sul Trasimeno";25;19;0;0;0;;;;19;16;1;0;0;;;;17;36
"054055";"Tuoro sul Trasimeno";26;22;0;0;0;;;;22;13;3;0;0;;;;16;38
"054055";"Tuoro sul Trasimeno";27;19;0;0;0;;;;19;23;1;0;0;;;;24;43
"054055";"Tuoro sul Trasimeno";28;15;1;0;0;;;;16;12;2;0;0;;;;14;30
"054055";"Tuoro sul Trasimeno";29;15;1;0;0;;;;16;7;3;0;0;;;;10;26
"054055";"Tuoro sul Trasimeno";30;20;4;0;0;;;;24;7;4;0;0;;;;11;35
"054055";"Tuoro sul Trasimeno";31;15;4;0;0;;;;19;10;8;0;0;;;;18;37
"054055";"Tuoro sul Trasimeno";32;11;0;0;0;;;;11;9;6;0;0;;;;15;26
"054055";"Tuoro sul Trasimeno";33;13;7;0;0;;;;20;12;4;0;0;;;;16;36
"054055";"Tuoro sul Trasimeno";34;8;5;0;0;;;;13;10;4;0;0;;;;14;27
"054055";"Tuoro sul Trasimeno";35;16;7;0;0;;;;23;9;11;0;0;;;;20;43
"054055";"Tuoro sul Trasimeno";36;14;3;1;0;;;;18;9;8;0;0;;;;17;35
"054055";"Tuoro sul Trasimeno";37;11;9;0;0;;;;20;14;10;1;0;;;;25;45
"054055";"Tuoro sul Trasimeno";38;12;10;1;0;;;;23;8;9;2;0;;;;19;42
"054055";"Tuoro sul Trasimeno";39;12;3;1;0;;;;16;1;9;0;0;;;;10;26
"054055";"Tuoro sul Trasimeno";40;8;9;0;0;;;;17;9;11;1;0;;;;21;38
"054055";"Tuoro sul Trasimeno";41;12;13;3;0;;;;28;8;16;0;0;;;;24;52
"054055";"Tuoro sul Trasimeno";42;15;14;0;0;;;;29;5;17;0;0;;;;22;51
"054055";"Tuoro sul Trasimeno";43;11;10;1;0;;;;22;7;12;2;0;;;;21;43
"054055";"Tuoro sul Trasimeno";44;12;9;0;0;;;;21;16;16;2;0;;;;34;55
"054055";"Tuoro sul Trasimeno";45;12;16;1;0;;;;29;11;18;0;0;;;;29;58
"054055";"Tuoro sul Trasimeno";46;11;19;4;0;;;;34;5;16;0;1;;;;22;56
"054055";"Tuoro sul Trasimeno";47;11;25;1;0;;;;37;7;16;1;0;;;;24;61
"054055";"Tuoro sul Trasimeno";48;14;15;3;0;;;;32;6;21;1;2;;;;30;62
"054055";"Tuoro sul Trasimeno";49;10;17;2;0;;;;29;4;21;2;0;;;;27;56
"054055";"Tuoro sul Trasimeno";50;10;20;1;0;;;;31;4;22;4;0;;;;30;61
"054055";"Tuoro sul Trasimeno";51;9;25;0;0;;;;34;3;27;6;1;;;;37;71
"054055";"Tuoro sul Trasimeno";52;4;13;2;0;;;;19;7;17;1;2;;;;27;46
"054055";"Tuoro sul Trasimeno";53;8;30;3;0;;;;41;3;24;4;1;;;;32;73
"054055";"Tuoro sul Trasimeno";54;5;20;3;0;;;;28;8;23;3;0;;;;34;62
"054055";"Tuoro sul Trasimeno";55;7;16;6;0;;;;29;4;29;2;2;;;;37;66
"054055";"Tuoro sul Trasimeno";56;5;18;2;0;;;;25;6;15;4;0;;;;25;50
"054055";"Tuoro sul Trasimeno";57;8;22;2;0;;;;32;5;16;2;3;;;;26;58
"054055";"Tuoro sul Trasimeno";58;7;29;4;0;;;;40;4;21;5;4;;;;34;74
"054055";"Tuoro sul Trasimeno";59;2;21;3;0;;;;26;5;30;3;0;;;;38;64
"054055";"Tuoro sul Trasimeno";60;2;23;3;1;;;;29;1;29;1;1;;;;32;61
"054055";"Tuoro sul Trasimeno";61;5;20;0;0;;;;25;2;22;3;3;;;;30;55
"054055";"Tuoro sul Trasimeno";62;3;22;3;0;;;;28;3;22;1;2;;;;28;56
"054055";"Tuoro sul Trasimeno";63;5;18;4;0;;;;27;2;16;3;2;;;;23;50
"054055";"Tuoro sul Trasimeno";64;6;25;1;0;;;;32;0;17;0;1;;;;18;50
"054055";"Tuoro sul Trasimeno";65;6;15;1;1;;;;23;5;19;0;3;;;;27;50
"054055";"Tuoro sul Trasimeno";66;1;15;0;0;;;;16;5;13;2;8;;;;28;44
"054055";"Tuoro sul Trasimeno";67;2;14;1;0;;;;17;0;28;0;1;;;;29;46
"054055";"Tuoro sul Trasimeno";68;3;18;0;3;;;;24;1;16;1;7;;;;25;49
"054055";"Tuoro sul Trasimeno";69;1;20;0;1;;;;22;1;24;0;6;;;;31;53
"054055";"Tuoro sul Trasimeno";70;2;17;0;1;;;;20;1;14;2;1;;;;18;38
"054055";"Tuoro sul Trasimeno";71;5;19;0;0;;;;24;1;18;2;5;;;;26;50
"054055";"Tuoro sul Trasimeno";72;3;22;3;3;;;;31;1;12;1;5;;;;19;50
"054055";"Tuoro sul Trasimeno";73;0;29;2;4;;;;35;1;26;1;8;;;;36;71
"054055";"Tuoro sul Trasimeno";74;1;12;1;2;;;;16;3;25;2;13;;;;43;59
"054055";"Tuoro sul Trasimeno";75;1;22;0;2;;;;25;1;9;0;10;;;;20;45
"054055";"Tuoro sul Trasimeno";76;2;14;0;2;;;;18;2;6;0;4;;;;12;30
"054055";"Tuoro sul Trasimeno";77;1;7;1;1;;;;10;0;9;1;13;;;;23;33
"054055";"Tuoro sul Trasimeno";78;2;21;0;1;;;;24;0;9;2;8;;;;19;43
"054055";"Tuoro sul Trasimeno";79;2;14;0;3;;;;19;1;4;0;4;;;;9;28
"054055";"Tuoro sul Trasimeno";80;1;15;0;1;;;;17;1;9;1;8;;;;19;36
"054055";"Tuoro sul Trasimeno";81;0;14;0;0;;;;14;0;4;0;10;;;;14;28
"054055";"Tuoro sul Trasimeno";82;1;10;0;3;;;;14;1;8;1;15;;;;25;39
"054055";"Tuoro sul Trasimeno";83;0;10;0;2;;;;12;0;3;1;14;;;;18;30
"054055";"Tuoro sul Trasimeno";84;1;10;0;0;;;;11;0;9;0;16;;;;25;36
"054055";"Tuoro sul Trasimeno";85;0;8;0;1;;;;9;0;4;0;14;;;;18;27
"054055";"Tuoro sul Trasimeno";86;1;3;0;1;;;;5;0;3;0;10;;;;13;18
"054055";"Tuoro sul Trasimeno";87;0;10;0;1;;;;11;0;5;0;15;;;;20;31
"054055";"Tuoro sul Trasimeno";88;0;1;0;2;;;;3;1;0;0;7;;;;8;11
"054055";"Tuoro sul Trasimeno";89;0;6;0;2;;;;8;0;0;0;6;;;;6;14
"054055";"Tuoro sul Trasimeno";90;0;3;0;4;;;;7;0;2;0;11;;;;13;20
"054055";"Tuoro sul Trasimeno";91;0;2;0;2;;;;4;1;1;0;4;;;;6;10
"054055";"Tuoro sul Trasimeno";92;0;5;0;0;;;;5;0;1;0;6;;;;7;12
"054055";"Tuoro sul Trasimeno";93;0;1;0;0;;;;1;0;0;0;7;;;;7;8
"054055";"Tuoro sul Trasimeno";94;0;1;0;1;;;;2;0;0;0;4;;;;4;6
"054055";"Tuoro sul Trasimeno";95;1;2;0;1;;;;4;0;0;0;9;;;;9;13
"054055";"Tuoro sul Trasimeno";96;0;0;0;0;;;;0;0;0;1;2;;;;3;3
"054055";"Tuoro sul Trasimeno";97;0;0;0;1;;;;1;0;0;0;2;;;;2;3
"054055";"Tuoro sul Trasimeno";98;0;0;0;0;;;;0;0;0;0;2;;;;2;2
"054055";"Tuoro sul Trasimeno";99;0;0;0;0;;;;0;1;0;0;0;;;;1;1
"054055";"Tuoro sul Trasimeno";100;0;0;0;1;;;;1;0;0;0;0;;;;0;1
"054055";"Tuoro sul Trasimeno";999;839;883;64;48;;;;1834;683;861;72;283;;;;1899;3733
"054056";"Umbertide";0;62;0;0;0;;;;62;58;0;0;0;;;;58;120
"054056";"Umbertide";1;65;0;0;0;;;;65;63;0;0;0;;;;63;128
"054056";"Umbertide";2;61;0;0;0;;;;61;54;0;0;0;;;;54;115
"054056";"Umbertide";3;67;0;0;0;;;;67;69;0;0;0;;;;69;136
"054056";"Umbertide";4;77;0;0;0;;;;77;68;0;0;0;;;;68;145
"054056";"Umbertide";5;67;0;0;0;;;;67;70;0;0;0;;;;70;137
"054056";"Umbertide";6;75;0;0;0;;;;75;57;0;0;0;;;;57;132
"054056";"Umbertide";7;71;0;0;0;;;;71;77;0;0;0;;;;77;148
"054056";"Umbertide";8;95;0;0;0;;;;95;73;0;0;0;;;;73;168
"054056";"Umbertide";9;92;0;0;0;;;;92;84;0;0;0;;;;84;176
"054056";"Umbertide";10;65;0;0;0;;;;65;80;0;0;0;;;;80;145
"054056";"Umbertide";11;89;0;0;0;;;;89;71;0;0;0;;;;71;160
"054056";"Umbertide";12;76;0;0;0;;;;76;75;0;0;0;;;;75;151
"054056";"Umbertide";13;77;0;0;0;;;;77;87;0;0;0;;;;87;164
"054056";"Umbertide";14;75;0;0;0;;;;75;105;0;0;0;;;;105;180
"054056";"Umbertide";15;81;0;0;0;;;;81;76;0;0;0;;;;76;157
"054056";"Umbertide";16;90;0;0;0;;;;90;70;0;0;0;;;;70;160
"054056";"Umbertide";17;65;0;0;0;;;;65;75;0;0;0;;;;75;140
"054056";"Umbertide";18;75;0;0;0;;;;75;88;0;0;0;;;;88;163
"054056";"Umbertide";19;88;0;0;0;;;;88;75;0;0;0;;;;75;163
"054056";"Umbertide";20;74;0;0;0;;;;74;61;1;0;0;;;;62;136
"054056";"Umbertide";21;64;1;0;0;;;;65;66;4;0;0;;;;70;135
"054056";"Umbertide";22;67;1;0;0;;;;68;67;2;0;0;;;;69;137
"054056";"Umbertide";23;65;1;0;0;;;;66;68;7;0;0;;;;75;141
"054056";"Umbertide";24;75;3;0;0;;;;78;61;7;0;0;;;;68;146
"054056";"Umbertide";25;75;3;0;0;;;;78;66;13;0;0;;;;79;157
"054056";"Umbertide";26;74;4;0;0;;;;78;69;21;0;0;;;;90;168
"054056";"Umbertide";27;59;8;1;0;;;;68;72;19;0;0;;;;91;159
"054056";"Umbertide";28;64;10;0;0;;;;74;60;21;0;0;;;;81;155
"054056";"Umbertide";29;69;6;0;0;;;;75;47;21;0;0;;;;68;143
"054056";"Umbertide";30;80;9;0;0;;;;89;46;23;1;0;;;;70;159
"054056";"Umbertide";31;71;16;0;0;;;;87;41;27;0;0;;;;68;155
"054056";"Umbertide";32;78;18;0;0;;;;96;49;54;1;0;;;;104;200
"054056";"Umbertide";33;77;29;1;0;;;;107;43;40;0;0;;;;83;190
"054056";"Umbertide";34;61;23;0;0;;;;84;57;55;0;0;;;;112;196
"054056";"Umbertide";35;61;36;0;0;;;;97;44;52;0;0;;;;96;193
"054056";"Umbertide";36;53;36;1;0;;;;90;29;53;3;2;;;;87;177
"054056";"Umbertide";37;53;46;0;0;;;;99;36;59;1;1;;;;97;196
"054056";"Umbertide";38;45;43;2;0;;;;90;29;51;1;0;;;;81;171
"054056";"Umbertide";39;53;51;0;0;;;;104;34;58;3;1;;;;96;200
"054056";"Umbertide";40;51;69;3;0;;;;123;33;57;8;1;;;;99;222
"054056";"Umbertide";41;43;52;1;0;;;;96;44;75;5;2;;;;126;222
"054056";"Umbertide";42;44;62;2;1;;;;109;38;65;5;1;;;;109;218
"054056";"Umbertide";43;61;75;5;1;;;;142;33;82;4;3;;;;122;264
"054056";"Umbertide";44;49;65;5;0;;;;119;30;67;4;2;;;;103;222
"054056";"Umbertide";45;42;68;8;0;;;;118;28;88;6;1;;;;123;241
"054056";"Umbertide";46;39;67;2;0;;;;108;26;90;7;1;;;;124;232
"054056";"Umbertide";47;41;85;6;1;;;;133;28;89;12;0;;;;129;262
"054056";"Umbertide";48;34;101;4;0;;;;139;15;101;8;0;;;;124;263
"054056";"Umbertide";49;42;83;9;0;;;;134;21;109;9;5;;;;144;278
"054056";"Umbertide";50;31;78;8;0;;;;117;22;87;7;5;;;;121;238
"054056";"Umbertide";51;33;89;7;1;;;;130;15;95;2;4;;;;116;246
"054056";"Umbertide";52;30;80;8;1;;;;119;16;78;7;3;;;;104;223
"054056";"Umbertide";53;25;73;11;2;;;;111;23;94;6;1;;;;124;235
"054056";"Umbertide";54;24;105;5;0;;;;134;18;99;10;2;;;;129;263
"054056";"Umbertide";55;28;91;7;2;;;;128;15;76;11;0;;;;102;230
"054056";"Umbertide";56;25;112;4;2;;;;143;14;93;7;4;;;;118;261
"054056";"Umbertide";57;26;94;3;2;;;;125;15;92;6;5;;;;118;243
"054056";"Umbertide";58;19;109;5;0;;;;133;11;100;10;9;;;;130;263
"054056";"Umbertide";59;11;85;9;1;;;;106;20;92;7;14;;;;133;239
"054056";"Umbertide";60;19;79;6;3;;;;107;8;96;8;14;;;;126;233
"054056";"Umbertide";61;17;94;11;0;;;;122;10;91;7;8;;;;116;238
"054056";"Umbertide";62;19;90;1;3;;;;113;3;85;7;9;;;;104;217
"054056";"Umbertide";63;14;81;5;2;;;;102;9;89;5;15;;;;118;220
"054056";"Umbertide";64;12;69;2;1;;;;84;5;91;3;12;;;;111;195
"054056";"Umbertide";65;11;69;3;2;;;;85;8;77;2;23;;;;110;195
"054056";"Umbertide";66;10;92;1;4;;;;107;7;68;7;14;;;;96;203
"054056";"Umbertide";67;8;85;1;1;;;;95;7;79;3;21;;;;110;205
"054056";"Umbertide";68;8;65;0;3;;;;76;4;81;4;20;;;;109;185
"054056";"Umbertide";69;14;85;1;8;;;;108;5;63;3;25;;;;96;204
"054056";"Umbertide";70;4;77;7;6;;;;94;8;67;3;22;;;;100;194
"054056";"Umbertide";71;8;66;2;6;;;;82;3;64;2;15;;;;84;166
"054056";"Umbertide";72;6;95;1;6;;;;108;4;71;1;28;;;;104;212
"054056";"Umbertide";73;6;74;2;8;;;;90;7;62;9;22;;;;100;190
"054056";"Umbertide";74;11;80;3;3;;;;97;4;56;3;41;;;;104;201
"054056";"Umbertide";75;9;53;3;6;;;;71;0;55;3;38;;;;96;167
"054056";"Umbertide";76;3;80;0;10;;;;93;2;54;4;30;;;;90;183
"054056";"Umbertide";77;4;46;0;1;;;;51;4;29;3;23;;;;59;110
"054056";"Umbertide";78;8;45;2;4;;;;59;5;42;1;25;;;;73;132
"054056";"Umbertide";79;8;51;1;10;;;;70;2;45;1;49;;;;97;167
"054056";"Umbertide";80;5;39;0;1;;;;45;2;18;0;25;;;;45;90
"054056";"Umbertide";81;2;45;0;12;;;;59;4;17;0;37;;;;58;117
"054056";"Umbertide";82;0;40;1;10;;;;51;3;28;0;46;;;;77;128
"054056";"Umbertide";83;3;50;0;9;;;;62;1;23;1;54;;;;79;141
"054056";"Umbertide";84;4;41;0;8;;;;53;0;19;1;55;;;;75;128
"054056";"Umbertide";85;3;32;2;10;;;;47;0;23;0;42;;;;65;112
"054056";"Umbertide";86;2;18;1;7;;;;28;2;9;0;48;;;;59;87
"054056";"Umbertide";87;2;20;1;3;;;;26;1;9;0;52;;;;62;88
"054056";"Umbertide";88;1;23;0;4;;;;28;1;8;0;44;;;;53;81
"054056";"Umbertide";89;2;15;0;11;;;;28;1;7;0;57;;;;65;93
"054056";"Umbertide";90;2;5;1;7;;;;15;1;4;0;34;;;;39;54
"054056";"Umbertide";91;0;12;1;7;;;;20;1;2;0;31;;;;34;54
"054056";"Umbertide";92;0;4;0;9;;;;13;0;0;0;26;;;;26;39
"054056";"Umbertide";93;1;4;0;2;;;;7;0;1;0;30;;;;31;38
"054056";"Umbertide";94;1;5;0;3;;;;9;0;1;0;24;;;;25;34
"054056";"Umbertide";95;0;4;0;4;;;;8;0;0;0;15;;;;15;23
"054056";"Umbertide";96;0;0;0;2;;;;2;0;0;0;14;;;;14;16
"054056";"Umbertide";97;0;0;0;0;;;;0;0;0;0;13;;;;13;13
"054056";"Umbertide";98;0;1;0;0;;;;1;0;0;0;7;;;;7;8
"054056";"Umbertide";99;0;0;0;0;;;;0;1;0;0;2;;;;3;3
"054056";"Umbertide";100;0;0;0;0;;;;0;0;0;0;7;;;;7;7
"054056";"Umbertide";999;3756;3821;176;210;;;;7963;3108;3851;232;1184;;;;8375;16338
"054057";"Valfabbrica";0;4;0;0;0;;;;4;14;0;0;0;;;;14;18
"054057";"Valfabbrica";1;10;0;0;0;;;;10;14;0;0;0;;;;14;24
"054057";"Valfabbrica";2;10;0;0;0;;;;10;10;0;0;0;;;;10;20
"054057";"Valfabbrica";3;8;0;0;0;;;;8;11;0;0;0;;;;11;19
"054057";"Valfabbrica";4;13;0;0;0;;;;13;7;0;0;0;;;;7;20
"054057";"Valfabbrica";5;11;0;0;0;;;;11;11;0;0;0;;;;11;22
"054057";"Valfabbrica";6;10;0;0;0;;;;10;11;0;0;0;;;;11;21
"054057";"Valfabbrica";7;10;0;0;0;;;;10;10;0;0;0;;;;10;20
"054057";"Valfabbrica";8;14;0;0;0;;;;14;21;0;0;0;;;;21;35
"054057";"Valfabbrica";9;18;0;0;0;;;;18;21;0;0;0;;;;21;39
"054057";"Valfabbrica";10;12;0;0;0;;;;12;11;0;0;0;;;;11;23
"054057";"Valfabbrica";11;11;0;0;0;;;;11;17;0;0;0;;;;17;28
"054057";"Valfabbrica";12;12;0;0;0;;;;12;10;0;0;0;;;;10;22
"054057";"Valfabbrica";13;16;0;0;0;;;;16;17;0;0;0;;;;17;33
"054057";"Valfabbrica";14;8;0;0;0;;;;8;17;0;0;0;;;;17;25
"054057";"Valfabbrica";15;12;0;0;0;;;;12;13;0;0;0;;;;13;25
"054057";"Valfabbrica";16;19;0;0;0;;;;19;14;0;0;0;;;;14;33
"054057";"Valfabbrica";17;12;0;0;0;;;;12;15;0;0;0;;;;15;27
"054057";"Valfabbrica";18;13;0;0;0;;;;13;16;0;0;0;;;;16;29
"054057";"Valfabbrica";19;18;0;0;0;;;;18;13;0;0;0;;;;13;31
"054057";"Valfabbrica";20;12;0;0;0;;;;12;15;0;0;0;;;;15;27
"054057";"Valfabbrica";21;15;0;0;0;;;;15;14;1;0;0;;;;15;30
"054057";"Valfabbrica";22;16;0;0;0;;;;16;17;0;0;0;;;;17;33
"054057";"Valfabbrica";23;21;1;0;0;;;;22;18;1;0;0;;;;19;41
"054057";"Valfabbrica";24;13;0;0;0;;;;13;8;0;0;0;;;;8;21
"054057";"Valfabbrica";25;8;0;0;0;;;;8;10;0;0;0;;;;10;18
"054057";"Valfabbrica";26;16;0;0;0;;;;16;12;1;0;0;;;;13;29
"054057";"Valfabbrica";27;7;0;0;0;;;;7;8;0;0;0;;;;8;15
"054057";"Valfabbrica";28;12;0;0;0;;;;12;10;5;0;0;;;;15;27
"054057";"Valfabbrica";29;16;2;0;0;;;;18;12;4;0;0;;;;16;34
"054057";"Valfabbrica";30;16;1;0;0;;;;17;9;4;0;0;;;;13;30
"054057";"Valfabbrica";31;12;1;0;0;;;;13;12;4;0;0;;;;16;29
"054057";"Valfabbrica";32;15;7;0;0;;;;22;6;6;0;0;;;;12;34
"054057";"Valfabbrica";33;10;2;1;0;;;;13;12;6;0;0;;;;18;31
"054057";"Valfabbrica";34;11;4;0;0;;;;15;7;7;0;0;;;;14;29
"054057";"Valfabbrica";35;6;5;0;0;;;;11;7;9;0;0;;;;16;27
"054057";"Valfabbrica";36;8;5;0;0;;;;13;4;7;1;0;;;;12;25
"054057";"Valfabbrica";37;11;10;1;0;;;;22;6;15;0;0;;;;21;43
"054057";"Valfabbrica";38;9;8;0;0;;;;17;5;11;0;0;;;;16;33
"054057";"Valfabbrica";39;7;13;0;0;;;;20;5;15;1;0;;;;21;41
"054057";"Valfabbrica";40;15;9;0;0;;;;24;6;7;1;0;;;;14;38
"054057";"Valfabbrica";41;4;15;0;0;;;;19;3;16;0;0;;;;19;38
"054057";"Valfabbrica";42;3;11;0;1;;;;15;4;17;1;0;;;;22;37
"054057";"Valfabbrica";43;4;13;1;0;;;;18;2;14;1;0;;;;17;35
"054057";"Valfabbrica";44;7;13;0;0;;;;20;9;15;2;0;;;;26;46
"054057";"Valfabbrica";45;5;18;1;0;;;;24;3;17;0;0;;;;20;44
"054057";"Valfabbrica";46;8;18;0;0;;;;26;6;21;1;0;;;;28;54
"054057";"Valfabbrica";47;7;16;0;0;;;;23;3;14;1;1;;;;19;42
"054057";"Valfabbrica";48;9;15;1;0;;;;25;5;20;2;1;;;;28;53
"054057";"Valfabbrica";49;10;13;1;0;;;;24;3;13;0;1;;;;17;41
"054057";"Valfabbrica";50;9;12;1;0;;;;22;3;19;2;2;;;;26;48
"054057";"Valfabbrica";51;6;18;0;0;;;;24;6;16;3;0;;;;25;49
"054057";"Valfabbrica";52;3;27;1;0;;;;31;8;13;0;3;;;;24;55
"054057";"Valfabbrica";53;12;22;3;0;;;;37;2;19;2;0;;;;23;60
"054057";"Valfabbrica";54;2;26;1;1;;;;30;4;29;1;1;;;;35;65
"054057";"Valfabbrica";55;8;13;2;0;;;;23;0;23;3;1;;;;27;50
"054057";"Valfabbrica";56;5;20;1;0;;;;26;3;21;2;1;;;;27;53
"054057";"Valfabbrica";57;7;17;3;1;;;;28;3;20;0;0;;;;23;51
"054057";"Valfabbrica";58;5;19;4;1;;;;29;4;20;2;0;;;;26;55
"054057";"Valfabbrica";59;2;20;4;1;;;;27;1;23;1;1;;;;26;53
"054057";"Valfabbrica";60;5;11;1;0;;;;17;4;12;1;4;;;;21;38
"054057";"Valfabbrica";61;3;18;0;0;;;;21;1;25;0;3;;;;29;50
"054057";"Valfabbrica";62;4;16;3;1;;;;24;1;19;1;4;;;;25;49
"054057";"Valfabbrica";63;4;21;2;2;;;;29;2;21;1;5;;;;29;58
"054057";"Valfabbrica";64;0;25;1;0;;;;26;0;14;0;4;;;;18;44
"054057";"Valfabbrica";65;4;16;1;0;;;;21;1;14;0;3;;;;18;39
"054057";"Valfabbrica";66;3;19;1;1;;;;24;0;12;0;4;;;;16;40
"054057";"Valfabbrica";67;4;16;1;1;;;;22;0;19;1;1;;;;21;43
"054057";"Valfabbrica";68;3;15;1;1;;;;20;1;16;1;0;;;;18;38
"054057";"Valfabbrica";69;3;12;0;0;;;;15;1;10;2;5;;;;18;33
"054057";"Valfabbrica";70;3;15;1;0;;;;19;0;11;0;3;;;;14;33
"054057";"Valfabbrica";71;1;17;1;1;;;;20;1;13;1;6;;;;21;41
"054057";"Valfabbrica";72;3;11;1;1;;;;16;0;18;0;8;;;;26;42
"054057";"Valfabbrica";73;0;15;1;2;;;;18;1;23;2;10;;;;36;54
"054057";"Valfabbrica";74;5;23;0;0;;;;28;3;8;0;4;;;;15;43
"054057";"Valfabbrica";75;0;11;0;1;;;;12;3;8;0;7;;;;18;30
"054057";"Valfabbrica";76;1;14;0;0;;;;15;1;14;0;5;;;;20;35
"054057";"Valfabbrica";77;1;13;0;1;;;;15;1;6;0;10;;;;17;32
"054057";"Valfabbrica";78;1;11;0;3;;;;15;1;8;1;12;;;;22;37
"054057";"Valfabbrica";79;0;14;0;4;;;;18;2;14;1;4;;;;21;39
"054057";"Valfabbrica";80;0;11;0;2;;;;13;1;8;0;8;;;;17;30
"054057";"Valfabbrica";81;1;6;0;0;;;;7;0;4;0;10;;;;14;21
"054057";"Valfabbrica";82;2;9;0;2;;;;13;0;6;0;7;;;;13;26
"054057";"Valfabbrica";83;3;14;0;2;;;;19;0;8;1;9;;;;18;37
"054057";"Valfabbrica";84;0;11;0;2;;;;13;0;9;0;10;;;;19;32
"054057";"Valfabbrica";85;1;7;0;1;;;;9;1;4;0;12;;;;17;26
"054057";"Valfabbrica";86;0;11;0;1;;;;12;1;2;0;13;;;;16;28
"054057";"Valfabbrica";87;2;5;0;6;;;;13;0;6;0;5;;;;11;24
"054057";"Valfabbrica";88;1;8;0;0;;;;9;1;2;0;10;;;;13;22
"054057";"Valfabbrica";89;0;5;0;2;;;;7;0;2;1;5;;;;8;15
"054057";"Valfabbrica";90;0;3;0;1;;;;4;0;1;0;10;;;;11;15
"054057";"Valfabbrica";91;0;1;0;2;;;;3;0;0;0;5;;;;5;8
"054057";"Valfabbrica";92;0;2;0;1;;;;3;0;0;0;4;;;;4;7
"054057";"Valfabbrica";93;0;2;0;1;;;;3;0;2;0;5;;;;7;10
"054057";"Valfabbrica";94;0;0;0;0;;;;0;0;0;0;1;;;;1;1
"054057";"Valfabbrica";95;0;2;0;0;;;;2;0;0;0;4;;;;4;6
"054057";"Valfabbrica";96;0;0;0;0;;;;0;1;0;0;4;;;;5;5
"054057";"Valfabbrica";97;0;0;0;0;;;;0;0;0;0;2;;;;2;2
"054057";"Valfabbrica";98;0;0;0;0;;;;0;0;0;0;0;;;;0;0
"054057";"Valfabbrica";99;0;1;0;0;;;;1;0;0;0;0;;;;0;1
"054057";"Valfabbrica";100;0;0;0;0;;;;0;0;0;0;2;;;;2;2
"054057";"Valfabbrica";999;671;805;41;47;;;;1564;577;792;41;240;;;;1650;3214
"054058";"Vallo di Nera";0;1;0;0;0;;;;1;0;0;0;0;;;;0;1
"054058";"Vallo di Nera";1;0;0;0;0;;;;0;1;0;0;0;;;;1;1
"054058";"Vallo di Nera";2;1;0;0;0;;;;1;1;0;0;0;;;;1;2
"054058";"Vallo di Nera";3;1;0;0;0;;;;1;0;0;0;0;;;;0;1
"054058";"Vallo di Nera";4;1;0;0;0;;;;1;0;0;0;0;;;;0;1
"054058";"Vallo di Nera";5;0;0;0;0;;;;0;1;0;0;0;;;;1;1
"054058";"Vallo di Nera";6;1;0;0;0;;;;1;1;0;0;0;;;;1;2
"054058";"Vallo di Nera";7;0;0;0;0;;;;0;0;0;0;0;;;;0;0
"054058";"Vallo di Nera";8;0;0;0;0;;;;0;1;0;0;0;;;;1;1
"054058";"Vallo di Nera";9;2;0;0;0;;;;2;1;0;0;0;;;;1;3
"054058";"Vallo di Nera";10;3;0;0;0;;;;3;3;0;0;0;;;;3;6
"054058";"Vallo di Nera";11;2;0;0;0;;;;2;2;0;0;0;;;;2;4
"054058";"Vallo di Nera";12;1;0;0;0;;;;1;1;0;0;0;;;;1;2
"054058";"Vallo di Nera";13;2;0;0;0;;;;2;2;0;0;0;;;;2;4
"054058";"Vallo di Nera";14;4;0;0;0;;;;4;2;0;0;0;;;;2;6
"054058";"Vallo di Nera";15;1;0;0;0;;;;1;2;0;0;0;;;;2;3
"054058";"Vallo di Nera";16;4;0;0;0;;;;4;0;0;0;0;;;;0;4
"054058";"Vallo di Nera";17;0;0;0;0;;;;0;0;0;0;0;;;;0;0
"054058";"Vallo di Nera";18;2;0;0;0;;;;2;4;0;0;0;;;;4;6
"054058";"Vallo di Nera";19;0;0;0;0;;;;0;1;0;0;0;;;;1;1
"054058";"Vallo di Nera";20;0;0;0;0;;;;0;2;0;0;0;;;;2;2
"054058";"Vallo di Nera";21;3;0;0;0;;;;3;0;0;0;0;;;;0;3
"054058";"Vallo di Nera";22;1;0;0;0;;;;1;3;0;0;0;;;;3;4
"054058";"Vallo di Nera";23;2;0;0;0;;;;2;0;1;0;0;;;;1;3
"054058";"Vallo di Nera";24;2;1;0;0;;;;3;0;0;0;0;;;;0;3
"054058";"Vallo di Nera";25;0;0;0;0;;;;0;4;1;0;0;;;;5;5
"054058";"Vallo di Nera";26;2;0;0;0;;;;2;0;0;0;0;;;;0;2
"054058";"Vallo di Nera";27;3;0;0;0;;;;3;1;0;0;0;;;;1;4
"054058";"Vallo di Nera";28;0;0;0;0;;;;0;0;1;0;0;;;;1;1
"054058";"Vallo di Nera";29;1;0;0;0;;;;1;3;0;0;0;;;;3;4
"054058";"Vallo di Nera";30;3;0;0;0;;;;3;0;0;0;0;;;;0;3
"054058";"Vallo di Nera";31;1;0;0;0;;;;1;1;0;0;0;;;;1;2
"054058";"Vallo di Nera";32;0;0;0;0;;;;0;1;1;0;0;;;;2;2
"054058";"Vallo di Nera";33;2;0;0;0;;;;2;0;1;0;0;;;;1;3
"054058";"Vallo di Nera";34;1;1;0;0;;;;2;1;0;0;0;;;;1;3
"054058";"Vallo di Nera";35;0;0;0;0;;;;0;0;0;0;0;;;;0;0
"054058";"Vallo di Nera";36;0;1;0;0;;;;1;0;1;0;0;;;;1;2
"054058";"Vallo di Nera";37;1;2;0;0;;;;3;0;1;0;0;;;;1;4
"054058";"Vallo di Nera";38;0;2;0;0;;;;2;1;1;0;0;;;;2;4
"054058";"Vallo di Nera";39;1;1;0;0;;;;2;1;0;0;0;;;;1;3
"054058";"Vallo di Nera";40;2;0;0;0;;;;2;0;2;0;0;;;;2;4
"054058";"Vallo di Nera";41;1;2;0;0;;;;3;0;2;0;0;;;;2;5
"054058";"Vallo di Nera";42;1;2;1;0;;;;4;0;3;0;0;;;;3;7
"054058";"Vallo di Nera";43;1;2;0;0;;;;3;1;2;1;0;;;;4;7
"054058";"Vallo di Nera";44;0;2;0;0;;;;2;0;4;1;0;;;;5;7
"054058";"Vallo di Nera";45;0;1;0;0;;;;1;1;0;0;0;;;;1;2
"054058";"Vallo di Nera";46;2;1;0;0;;;;3;0;3;1;0;;;;4;7
"054058";"Vallo di Nera";47;3;4;0;0;;;;7;1;3;0;0;;;;4;11
"054058";"Vallo di Nera";48;2;3;0;0;;;;5;1;3;0;0;;;;4;9
"054058";"Vallo di Nera";49;2;2;0;0;;;;4;1;1;0;0;;;;2;6
"054058";"Vallo di Nera";50;3;1;0;0;;;;4;0;2;0;1;;;;3;7
"054058";"Vallo di Nera";51;0;1;0;0;;;;1;2;1;0;0;;;;3;4
"054058";"Vallo di Nera";52;1;3;0;0;;;;4;2;1;0;0;;;;3;7
"054058";"Vallo di Nera";53;1;0;0;0;;;;1;0;0;0;0;;;;0;1
"054058";"Vallo di Nera";54;0;1;0;0;;;;1;0;0;0;0;;;;0;1
"054058";"Vallo di Nera";55;0;2;0;0;;;;2;2;1;0;0;;;;3;5
"054058";"Vallo di Nera";56;0;3;0;0;;;;3;0;1;0;0;;;;1;4
"054058";"Vallo di Nera";57;0;3;0;0;;;;3;1;2;1;0;;;;4;7
"054058";"Vallo di Nera";58;0;1;1;0;;;;2;1;4;0;0;;;;5;7
"054058";"Vallo di Nera";59;1;0;0;0;;;;1;1;3;0;0;;;;4;5
"054058";"Vallo di Nera";60;2;2;0;0;;;;4;0;5;0;1;;;;6;10
"054058";"Vallo di Nera";61;1;1;0;0;;;;2;0;3;0;0;;;;3;5
"054058";"Vallo di Nera";62;0;0;0;0;;;;0;0;2;1;0;;;;3;3
"054058";"Vallo di Nera";63;0;1;0;0;;;;1;0;3;1;0;;;;4;5
"054058";"Vallo di Nera";64;3;1;0;0;;;;4;2;0;0;0;;;;2;6
"054058";"Vallo di Nera";65;1;2;1;0;;;;4;1;0;0;0;;;;1;5
"054058";"Vallo di Nera";66;0;0;0;0;;;;0;0;2;0;1;;;;3;3
"054058";"Vallo di Nera";67;1;4;0;0;;;;5;0;3;0;0;;;;3;8
"054058";"Vallo di Nera";68;0;2;0;0;;;;2;0;1;0;0;;;;1;3
"054058";"Vallo di Nera";69;0;2;0;0;;;;2;0;3;0;0;;;;3;5
"054058";"Vallo di Nera";70;0;0;0;0;;;;0;0;1;0;0;;;;1;1
"054058";"Vallo di Nera";71;1;2;0;1;;;;4;0;0;0;2;;;;2;6
"054058";"Vallo di Nera";72;0;0;0;0;;;;0;0;1;0;1;;;;2;2
"054058";"Vallo di Nera";73;0;2;0;0;;;;2;0;0;0;0;;;;0;2
"054058";"Vallo di Nera";74;1;1;0;0;;;;2;0;1;0;1;;;;2;4
"054058";"Vallo di Nera";75;0;3;1;0;;;;4;0;1;0;1;;;;2;6
"054058";"Vallo di Nera";76;1;1;1;0;;;;3;1;1;0;2;;;;4;7
"054058";"Vallo di Nera";77;0;2;0;0;;;;2;1;1;1;0;;;;3;5
"054058";"Vallo di Nera";78;0;0;0;1;;;;1;1;0;0;1;;;;2;3
"054058";"Vallo di Nera";79;0;1;0;0;;;;1;0;1;0;1;;;;2;3
"054058";"Vallo di Nera";80;0;2;0;0;;;;2;0;1;0;1;;;;2;4
"054058";"Vallo di Nera";81;0;1;0;0;;;;1;0;1;0;2;;;;3;4
"054058";"Vallo di Nera";82;0;0;0;0;;;;0;0;2;0;2;;;;4;4
"054058";"Vallo di Nera";83;0;0;0;0;;;;0;0;0;0;1;;;;1;1
"054058";"Vallo di Nera";84;0;1;0;0;;;;1;0;0;0;1;;;;1;2
"054058";"Vallo di Nera";85;0;2;0;0;;;;2;0;1;0;1;;;;2;4
"054058";"Vallo di Nera";86;0;1;1;1;;;;3;0;0;0;2;;;;2;5
"054058";"Vallo di Nera";87;0;1;0;0;;;;1;1;1;0;0;;;;2;3
"054058";"Vallo di Nera";88;0;0;0;0;;;;0;0;0;0;0;;;;0;0
"054058";"Vallo di Nera";89;0;1;0;0;;;;1;0;0;0;0;;;;0;1
"054058";"Vallo di Nera";90;1;0;0;0;;;;1;0;0;0;0;;;;0;1
"054058";"Vallo di Nera";91;0;0;0;1;;;;1;0;0;0;1;;;;1;2
"054058";"Vallo di Nera";92;0;0;0;0;;;;0;0;0;0;1;;;;1;1
"054058";"Vallo di Nera";93;0;1;0;0;;;;1;0;1;0;0;;;;1;2
"054058";"Vallo di Nera";94;0;0;0;0;;;;0;0;0;0;1;;;;1;1
"054058";"Vallo di Nera";95;0;0;0;0;;;;0;0;0;0;0;;;;0;0
"054058";"Vallo di Nera";96;0;0;0;0;;;;0;0;0;0;0;;;;0;0
"054058";"Vallo di Nera";97;0;0;0;0;;;;0;0;0;0;0;;;;0;0
"054058";"Vallo di Nera";98;0;0;0;0;;;;0;0;0;0;0;;;;0;0
"054058";"Vallo di Nera";99;0;0;0;0;;;;0;0;0;0;0;;;;0;0
"054058";"Vallo di Nera";100;0;0;0;0;;;;0;0;0;0;0;;;;0;0
"054058";"Vallo di Nera";999;81;79;6;4;;;;170;62;82;7;25;;;;176;346
"054059";"Valtopina";0;7;0;0;0;;;;7;4;0;0;0;;;;4;11
"054059";"Valtopina";1;4;0;0;0;;;;4;3;0;0;0;;;;3;7
"054059";"Valtopina";2;1;0;0;0;;;;1;3;0;0;0;;;;3;4
"054059";"Valtopina";3;2;0;0;0;;;;2;3;0;0;0;;;;3;5
"054059";"Valtopina";4;7;0;0;0;;;;7;5;0;0;0;;;;5;12
"054059";"Valtopina";5;4;0;0;0;;;;4;3;0;0;0;;;;3;7
"054059";"Valtopina";6;2;0;0;0;;;;2;3;0;0;0;;;;3;5
"054059";"Valtopina";7;10;0;0;0;;;;10;5;0;0;0;;;;5;15
"054059";"Valtopina";8;1;0;0;0;;;;1;5;0;0;0;;;;5;6
"054059";"Valtopina";9;3;0;0;0;;;;3;8;0;0;0;;;;8;11
"054059";"Valtopina";10;0;0;0;0;;;;0;1;0;0;0;;;;1;1
"054059";"Valtopina";11;4;0;0;0;;;;4;7;0;0;0;;;;7;11
"054059";"Valtopina";12;9;0;0;0;;;;9;4;0;0;0;;;;4;13
"054059";"Valtopina";13;10;0;0;0;;;;10;8;0;0;0;;;;8;18
"054059";"Valtopina";14;10;0;0;0;;;;10;4;0;0;0;;;;4;14
"054059";"Valtopina";15;2;0;0;0;;;;2;4;0;0;0;;;;4;6
"054059";"Valtopina";16;7;0;0;0;;;;7;6;0;0;0;;;;6;13
"054059";"Valtopina";17;5;0;0;0;;;;5;9;0;0;0;;;;9;14
"054059";"Valtopina";18;6;0;0;0;;;;6;3;0;0;0;;;;3;9
"054059";"Valtopina";19;4;0;0;0;;;;4;6;0;0;0;;;;6;10
"054059";"Valtopina";20;7;0;0;0;;;;7;9;0;0;0;;;;9;16
"054059";"Valtopina";21;4;0;0;0;;;;4;9;0;0;0;;;;9;13
"054059";"Valtopina";22;5;1;0;0;;;;6;5;0;0;0;;;;5;11
"054059";"Valtopina";23;4;0;0;0;;;;4;5;0;0;0;;;;5;9
"054059";"Valtopina";24;2;0;0;0;;;;2;3;0;0;0;;;;3;5
"054059";"Valtopina";25;6;1;0;0;;;;7;4;0;0;0;;;;4;11
"054059";"Valtopina";26;3;0;0;0;;;;3;6;0;0;0;;;;6;9
"054059";"Valtopina";27;9;0;0;0;;;;9;6;0;0;0;;;;6;15
"054059";"Valtopina";28;2;0;0;0;;;;2;2;1;0;0;;;;3;5
"054059";"Valtopina";29;0;0;0;0;;;;0;3;0;0;0;;;;3;3
"054059";"Valtopina";30;6;1;0;0;;;;7;5;2;0;0;;;;7;14
"054059";"Valtopina";31;5;1;0;0;;;;6;7;2;0;0;;;;9;15
"054059";"Valtopina";32;4;1;0;0;;;;5;1;2;1;0;;;;4;9
"054059";"Valtopina";33;8;2;0;0;;;;10;2;1;0;0;;;;3;13
"054059";"Valtopina";34;4;2;0;0;;;;6;7;2;0;0;;;;9;15
"054059";"Valtopina";35;1;4;1;0;;;;6;0;1;0;0;;;;1;7
"054059";"Valtopina";36;5;3;0;0;;;;8;5;5;0;0;;;;10;18
"054059";"Valtopina";37;4;0;0;0;;;;4;0;3;1;0;;;;4;8
"054059";"Valtopina";38;2;1;0;0;;;;3;2;7;1;0;;;;10;13
"054059";"Valtopina";39;8;3;1;0;;;;12;1;1;0;0;;;;2;14
"054059";"Valtopina";40;5;0;1;0;;;;6;0;2;0;0;;;;2;8
"054059";"Valtopina";41;8;2;0;0;;;;10;2;2;2;0;;;;6;16
"054059";"Valtopina";42;4;5;0;0;;;;9;3;5;0;0;;;;8;17
"054059";"Valtopina";43;3;2;0;0;;;;5;1;4;0;0;;;;5;10
"054059";"Valtopina";44;6;10;0;0;;;;16;2;5;1;1;;;;9;25
"054059";"Valtopina";45;3;3;0;0;;;;6;3;5;1;0;;;;9;15
"054059";"Valtopina";46;5;5;0;0;;;;10;5;5;1;0;;;;11;21
"054059";"Valtopina";47;3;4;1;0;;;;8;3;13;0;0;;;;16;24
"054059";"Valtopina";48;3;8;0;0;;;;11;1;11;1;0;;;;13;24
"054059";"Valtopina";49;7;7;0;0;;;;14;2;6;0;1;;;;9;23
"054059";"Valtopina";50;7;11;1;0;;;;19;1;6;1;0;;;;8;27
"054059";"Valtopina";51;2;9;0;0;;;;11;2;8;1;0;;;;11;22
"054059";"Valtopina";52;3;8;0;0;;;;11;2;5;1;2;;;;10;21
"054059";"Valtopina";53;3;3;0;0;;;;6;4;6;0;0;;;;10;16
"054059";"Valtopina";54;1;12;1;0;;;;14;3;9;1;0;;;;13;27
"054059";"Valtopina";55;2;2;0;0;;;;4;2;10;2;0;;;;14;18
"054059";"Valtopina";56;1;6;1;0;;;;8;3;5;0;0;;;;8;16
"054059";"Valtopina";57;1;5;0;0;;;;6;0;7;0;0;;;;7;13
"054059";"Valtopina";58;2;9;1;0;;;;12;1;9;0;1;;;;11;23
"054059";"Valtopina";59;2;8;0;0;;;;10;1;7;0;0;;;;8;18
"054059";"Valtopina";60;0;5;0;0;;;;5;0;7;1;0;;;;8;13
"054059";"Valtopina";61;1;4;0;1;;;;6;1;8;0;0;;;;9;15
"054059";"Valtopina";62;2;6;0;0;;;;8;1;6;1;3;;;;11;19
"054059";"Valtopina";63;1;9;0;0;;;;10;1;8;0;0;;;;9;19
"054059";"Valtopina";64;1;7;0;0;;;;8;1;7;0;0;;;;8;16
"054059";"Valtopina";65;0;8;0;0;;;;8;0;3;0;2;;;;5;13
"054059";"Valtopina";66;0;6;1;0;;;;7;1;6;1;0;;;;8;15
"054059";"Valtopina";67;2;10;0;0;;;;12;1;7;1;0;;;;9;21
"054059";"Valtopina";68;0;5;0;0;;;;5;0;9;1;5;;;;15;20
"054059";"Valtopina";69;0;5;0;0;;;;5;1;5;1;0;;;;7;12
"054059";"Valtopina";70;0;9;0;0;;;;9;2;7;0;1;;;;10;19
"054059";"Valtopina";71;0;5;0;1;;;;6;1;5;0;0;;;;6;12
"054059";"Valtopina";72;1;7;1;0;;;;9;0;7;1;0;;;;8;17
"054059";"Valtopina";73;1;9;1;0;;;;11;0;10;0;0;;;;10;21
"054059";"Valtopina";74;1;13;3;2;;;;19;1;6;0;4;;;;11;30
"054059";"Valtopina";75;2;7;0;2;;;;11;0;4;0;5;;;;9;20
"054059";"Valtopina";76;1;5;0;1;;;;7;0;8;0;4;;;;12;19
"054059";"Valtopina";77;0;6;0;1;;;;7;0;3;0;5;;;;8;15
"054059";"Valtopina";78;2;7;0;0;;;;9;0;9;0;1;;;;10;19
"054059";"Valtopina";79;2;6;0;1;;;;9;0;2;0;4;;;;6;15
"054059";"Valtopina";80;2;8;0;2;;;;12;0;1;0;2;;;;3;15
"054059";"Valtopina";81;0;2;0;2;;;;4;0;5;0;5;;;;10;14
"054059";"Valtopina";82;0;7;0;1;;;;8;0;2;0;3;;;;5;13
"054059";"Valtopina";83;0;2;0;0;;;;2;1;1;0;3;;;;5;7
"054059";"Valtopina";84;0;3;0;0;;;;3;0;1;1;8;;;;10;13
"054059";"Valtopina";85;0;1;0;0;;;;1;0;0;0;2;;;;2;3
"054059";"Valtopina";86;1;3;0;3;;;;7;0;2;0;6;;;;8;15
"054059";"Valtopina";87;2;0;0;1;;;;3;0;4;0;3;;;;7;10
"054059";"Valtopina";88;1;0;0;1;;;;2;0;0;0;6;;;;6;8
"054059";"Valtopina";89;1;1;0;0;;;;2;1;1;0;5;;;;7;9
"054059";"Valtopina";90;0;2;0;0;;;;2;0;0;0;3;;;;3;5
"054059";"Valtopina";91;0;0;0;0;;;;0;0;0;0;7;;;;7;7
"054059";"Valtopina";92;0;1;0;0;;;;1;0;0;0;1;;;;1;2
"054059";"Valtopina";93;0;1;0;1;;;;2;0;0;0;0;;;;0;2
"054059";"Valtopina";94;0;0;0;1;;;;1;0;0;0;0;;;;0;1
"054059";"Valtopina";95;0;0;0;0;;;;0;0;0;0;0;;;;0;0
"054059";"Valtopina";96;0;0;0;1;;;;1;0;0;0;0;;;;0;1
"054059";"Valtopina";97;0;1;0;0;;;;1;0;0;0;3;;;;3;4
"054059";"Valtopina";98;0;0;0;0;;;;0;0;0;0;2;;;;2;2
"054059";"Valtopina";99;0;0;0;0;;;;0;0;0;0;0;;;;0;0
"054059";"Valtopina";100;0;0;0;0;;;;0;0;0;0;2;;;;2;2
"054059";"Valtopina";999;282;310;14;22;;;;628;230;301;23;100;;;;654;1282
