"Popolazione residente per età, sesso e stato civile al 1° gennaio 2021"
"Codice comune";"Comune";"Età";"Celibi";"Coniugati";"Divorziati";"Vedovi";"Uniti civilmente";"Maschi già in unione civile (per scioglimento unione)";"Maschi già in unione civile (per decesso del partner)";"Totale maschi";"Nubili";"Coniugate";"Divorziate";"Vedove";"Unite civilmente";"Femmine già in unione civile (per scioglimento unione)";"Femmine già in unione civile (per decesso del partner)";"Totale femmine";"Totale"
"054001";"Assisi";0;79;0;0;0;0;0;0;79;80;0;0;0;0;0;0;80;159
"054001";"Assisi";1;81;0;0;0;0;0;0;81;99;0;0;0;0;0;0;99;180
"054001";"Assisi";2;104;0;0;0;0;0;0;104;92;0;0;0;0;0;0;92;196
"054001";"Assisi";3;118;0;0;0;0;0;0;118;107;0;0;0;0;0;0;107;225
"054001";"Assisi";4;113;0;0;0;0;0;0;113;108;0;0;0;0;0;0;108;221
"054001";"Assisi";5;121;0;0;0;0;0;0;121;92;0;0;0;0;0;0;92;213
"054001";"Assisi";6;111;0;0;0;0;0;0;111;131;0;0;0;0;0;0;131;242
"054001";"Assisi";7;125;0;0;0;0;0;0;125;129;0;0;0;0;0;0;129;254
"054001";"Assisi";8;136;0;0;0;0;0;0;136;117;0;0;0;0;0;0;117;253
"054001";"Assisi";9;136;0;0;0;0;0;0;136;122;0;0;0;0;0;0;122;258
"054001";"Assisi";10;134;0;0;0;0;0;0;134;114;0;0;0;0;0;0;114;248
"054001";"Assisi";11;137;0;0;0;0;0;0;137;123;0;0;0;0;0;0;123;260
"054001";"Assisi";12;121;0;0;0;0;0;0;121;137;0;0;0;0;0;0;137;258
"054001";"Assisi";13;142;0;0;0;0;0;0;142;118;0;0;0;0;0;0;118;260
"054001";"Assisi";14;135;0;0;0;0;0;0;135;133;0;0;0;0;0;0;133;268
"054001";"Assisi";15;133;0;0;0;0;0;0;133;125;0;0;0;0;0;0;125;258
"054001";"Assisi";16;155;0;0;0;0;0;0;155;123;0;0;0;0;0;0;123;278
"054001";"Assisi";17;141;0;0;0;0;0;0;141;115;0;0;0;0;0;0;115;256
"054001";"Assisi";18;151;0;0;0;0;0;0;151;126;0;0;0;0;0;0;126;277
"054001";"Assisi";19;148;0;0;0;0;0;0;148;114;0;0;0;0;0;0;114;262
"054001";"Assisi";20;136;0;0;0;0;0;0;136;125;1;0;0;0;0;0;126;262
"054001";"Assisi";21;136;1;0;0;0;0;0;137;106;2;0;0;0;0;0;108;245
"054001";"Assisi";22;133;0;0;0;0;0;0;133;123;2;0;0;0;0;0;125;258
"054001";"Assisi";23;152;0;0;0;0;0;0;152;103;6;0;0;0;0;0;109;261
"054001";"Assisi";24;158;1;0;0;0;0;0;159;133;6;0;0;1;0;0;140;299
"054001";"Assisi";25;135;5;0;0;0;0;0;140;94;11;0;0;0;0;0;105;245
"054001";"Assisi";26;128;1;0;0;0;0;0;129;128;17;0;0;0;0;0;145;274
"054001";"Assisi";27;120;7;0;0;0;0;0;127;114;23;0;0;0;0;0;137;264
"054001";"Assisi";28;130;5;0;0;0;0;0;135;107;17;0;1;0;0;0;125;260
"054001";"Assisi";29;112;15;0;0;0;0;0;127;92;25;1;0;0;0;0;118;245
"054001";"Assisi";30;101;12;0;0;0;0;0;113;84;34;2;0;0;0;0;120;233
"054001";"Assisi";31;123;21;1;0;0;0;0;145;111;49;5;0;0;0;0;165;310
"054001";"Assisi";32;94;33;1;0;0;0;0;128;77;68;0;0;0;0;0;145;273
"054001";"Assisi";33;121;34;3;0;0;0;0;158;82;66;4;1;0;0;0;153;311
"054001";"Assisi";34;87;37;0;0;0;0;0;124;67;75;4;0;1;0;0;147;271
"054001";"Assisi";35;116;49;3;0;0;0;0;168;65;80;1;0;0;0;0;146;314
"054001";"Assisi";36;79;76;0;0;0;0;0;155;89;85;2;0;0;0;0;176;331
"054001";"Assisi";37;104;69;1;0;0;0;0;174;79;101;6;0;0;0;0;186;360
"054001";"Assisi";38;89;68;1;0;0;0;0;158;72;111;9;0;0;0;0;192;350
"054001";"Assisi";39;82;82;2;1;0;0;0;167;69;125;4;1;0;0;0;199;366
"054001";"Assisi";40;76;109;3;0;0;0;0;188;67;132;7;0;0;0;0;206;394
"054001";"Assisi";41;75;119;5;0;0;0;0;199;61;110;8;1;0;0;0;180;379
"054001";"Assisi";42;80;129;6;0;2;0;0;217;60;142;11;0;0;0;0;213;430
"054001";"Assisi";43;68;124;4;0;0;0;0;196;58;142;8;2;0;0;0;210;406
"054001";"Assisi";44;81;136;8;0;1;0;0;226;56;159;9;2;0;0;0;226;452
"054001";"Assisi";45;69;127;9;1;0;0;0;206;61;159;13;2;0;0;0;235;441
"054001";"Assisi";46;71;132;6;0;0;0;0;209;65;162;9;1;0;0;0;237;446
"054001";"Assisi";47;52;159;8;0;0;0;0;219;43;147;14;4;0;0;0;208;427
"054001";"Assisi";48;50;143;12;0;0;0;0;205;52;171;14;6;0;0;0;243;448
"054001";"Assisi";49;59;128;7;1;0;0;0;195;48;160;8;4;0;0;0;220;415
"054001";"Assisi";50;51;153;7;1;0;0;0;212;54;160;13;8;0;0;0;235;447
"054001";"Assisi";51;34;176;4;0;0;0;0;214;49;143;15;7;0;0;0;214;428
"054001";"Assisi";52;46;146;11;0;0;0;0;203;47;173;12;5;0;0;0;237;440
"054001";"Assisi";53;41;149;8;2;0;0;0;200;40;178;14;3;0;0;0;235;435
"054001";"Assisi";54;40;124;11;2;1;0;0;178;39;182;22;9;0;0;0;252;430
"054001";"Assisi";55;40;143;10;3;0;0;0;196;40;161;16;9;0;0;0;226;422
"054001";"Assisi";56;40;169;15;1;0;0;0;225;30;172;15;11;0;0;0;228;453
"054001";"Assisi";57;41;150;10;3;0;0;0;204;41;159;15;5;0;0;0;220;424
"054001";"Assisi";58;37;138;15;4;0;0;0;194;35;157;21;7;0;0;0;220;414
"054001";"Assisi";59;28;173;14;2;0;0;0;217;28;159;12;11;0;0;0;210;427
"054001";"Assisi";60;33;158;10;4;0;0;0;205;18;174;10;13;0;0;0;215;420
"054001";"Assisi";61;24;145;14;2;0;0;0;185;30;152;8;17;0;0;0;207;392
"054001";"Assisi";62;29;128;10;4;0;0;0;171;22;119;17;15;0;0;0;173;344
"054001";"Assisi";63;22;153;4;0;0;0;0;179;24;138;14;19;0;0;0;195;374
"054001";"Assisi";64;21;127;5;2;0;0;0;155;22;131;9;8;0;0;0;170;325
"054001";"Assisi";65;23;133;5;7;0;0;0;168;15;139;8;22;0;0;0;184;352
"054001";"Assisi";66;20;125;5;3;0;0;0;153;11;118;5;27;0;0;0;161;314
"054001";"Assisi";67;16;141;8;6;0;0;0;171;19;122;8;21;0;0;0;170;341
"054001";"Assisi";68;14;105;7;3;0;0;0;129;17;109;7;16;0;0;0;149;278
"054001";"Assisi";69;24;121;8;6;1;0;0;160;16;123;8;32;0;0;0;179;339
"054001";"Assisi";70;18;120;4;7;0;0;0;149;15;126;2;27;0;0;0;170;319
"054001";"Assisi";71;19;150;4;9;0;0;0;182;20;122;1;49;0;0;0;192;374
"054001";"Assisi";72;16;147;5;10;0;0;0;178;16;109;3;32;0;0;0;160;338
"054001";"Assisi";73;8;126;3;11;0;0;0;148;11;107;6;52;0;0;0;176;324
"054001";"Assisi";74;13;104;6;8;1;0;0;132;15;108;3;45;0;0;0;171;303
"054001";"Assisi";75;12;105;1;12;0;0;0;130;16;79;3;46;0;0;0;144;274
"054001";"Assisi";76;10;101;4;11;0;0;0;126;19;100;0;47;0;0;0;166;292
"054001";"Assisi";77;13;89;0;10;0;0;0;112;13;72;0;42;0;0;0;127;239
"054001";"Assisi";78;5;78;2;11;0;0;0;96;17;65;4;51;0;0;0;137;233
"054001";"Assisi";79;8;77;3;13;0;0;0;101;15;63;4;51;0;0;0;133;234
"054001";"Assisi";80;10;99;2;14;0;0;0;125;18;58;4;61;0;0;0;141;266
"054001";"Assisi";81;11;86;2;11;0;0;0;110;16;66;6;47;0;0;0;135;245
"054001";"Assisi";82;13;96;4;10;0;0;0;123;21;48;3;77;0;0;0;149;272
"054001";"Assisi";83;4;50;1;10;0;0;0;65;4;33;1;78;0;0;0;116;181
"054001";"Assisi";84;5;54;0;17;0;0;0;76;17;38;0;70;0;0;0;125;201
"054001";"Assisi";85;3;62;2;17;0;0;0;84;10;35;2;78;0;0;0;125;209
"054001";"Assisi";86;4;69;1;12;0;0;0;86;9;17;0;85;0;0;0;111;197
"054001";"Assisi";87;8;38;0;19;0;0;0;65;10;16;1;73;0;0;0;100;165
"054001";"Assisi";88;3;33;0;10;0;0;0;46;7;18;0;65;0;0;0;90;136
"054001";"Assisi";89;2;26;0;14;0;0;0;42;7;10;1;57;0;0;0;75;117
"054001";"Assisi";90;5;27;2;12;0;0;0;46;3;13;1;59;0;0;0;76;122
"054001";"Assisi";91;4;13;0;11;0;0;0;28;7;5;0;49;0;0;0;61;89
"054001";"Assisi";92;2;13;1;7;0;0;0;23;4;4;0;40;0;0;0;48;71
"054001";"Assisi";93;1;11;0;3;0;0;0;15;6;4;1;36;0;0;0;47;62
"054001";"Assisi";94;1;6;0;6;0;0;0;13;2;2;0;29;0;0;0;33;46
"054001";"Assisi";95;1;5;0;3;0;0;0;9;1;0;2;28;0;0;0;31;40
"054001";"Assisi";96;0;3;0;1;0;0;0;4;2;1;0;13;0;0;0;16;20
"054001";"Assisi";97;0;0;0;2;0;0;0;2;1;0;0;13;0;0;0;14;16
"054001";"Assisi";98;0;0;0;3;0;0;0;3;2;0;0;5;0;0;0;7;10
"054001";"Assisi";99;0;0;0;2;0;0;0;2;0;0;0;7;0;0;0;7;9
"054001";"Assisi";100;0;0;0;1;0;0;0;1;0;0;0;4;0;0;0;4;5
"054001";"Assisi";999;6361;6467;308;345;6;0;0;13487;5697;6676;436;1706;2;0;0;14517;28004
"054002";"Bastia Umbra";0;78;0;0;0;0;0;0;78;75;0;0;0;0;0;0;75;153
"054002";"Bastia Umbra";1;88;0;0;0;0;0;0;88;79;0;0;0;0;0;0;79;167
"054002";"Bastia Umbra";2;92;0;0;0;0;0;0;92;85;0;0;0;0;0;0;85;177
"054002";"Bastia Umbra";3;101;0;0;0;0;0;0;101;88;0;0;0;0;0;0;88;189
"054002";"Bastia Umbra";4;99;0;0;0;0;0;0;99;82;0;0;0;0;0;0;82;181
"054002";"Bastia Umbra";5;121;0;0;0;0;0;0;121;96;0;0;0;0;0;0;96;217
"054002";"Bastia Umbra";6;99;0;0;0;0;0;0;99;93;0;0;0;0;0;0;93;192
"054002";"Bastia Umbra";7;107;0;0;0;0;0;0;107;88;0;0;0;0;0;0;88;195
"054002";"Bastia Umbra";8;90;0;0;0;0;0;0;90;84;0;0;0;0;0;0;84;174
"054002";"Bastia Umbra";9;121;0;0;0;0;0;0;121;109;0;0;0;0;0;0;109;230
"054002";"Bastia Umbra";10;98;0;0;0;0;0;0;98;104;0;0;0;0;0;0;104;202
"054002";"Bastia Umbra";11;112;0;0;0;0;0;0;112;100;0;0;0;0;0;0;100;212
"054002";"Bastia Umbra";12;119;0;0;0;0;0;0;119;105;0;0;0;0;0;0;105;224
"054002";"Bastia Umbra";13;114;0;0;0;0;0;0;114;128;0;0;0;0;0;0;128;242
"054002";"Bastia Umbra";14;109;0;0;0;0;0;0;109;101;0;0;0;0;0;0;101;210
"054002";"Bastia Umbra";15;121;0;0;0;0;0;0;121;100;0;0;0;0;0;0;100;221
"054002";"Bastia Umbra";16;117;0;0;0;0;0;0;117;111;0;0;0;0;0;0;111;228
"054002";"Bastia Umbra";17;123;0;0;0;0;0;0;123;126;0;0;0;0;0;0;126;249
"054002";"Bastia Umbra";18;102;0;0;0;0;0;0;102;90;0;0;0;0;0;0;90;192
"054002";"Bastia Umbra";19;105;0;0;0;0;0;0;105;93;0;0;0;0;0;0;93;198
"054002";"Bastia Umbra";20;118;0;0;0;0;0;0;118;94;2;0;0;0;0;0;96;214
"054002";"Bastia Umbra";21;122;0;0;0;0;0;0;122;83;0;0;0;0;0;0;83;205
"054002";"Bastia Umbra";22;107;0;0;0;0;0;0;107;91;4;0;0;0;0;0;95;202
"054002";"Bastia Umbra";23;110;0;0;0;0;0;0;110;89;5;0;0;0;0;0;94;204
"054002";"Bastia Umbra";24;103;0;0;0;0;0;0;103;85;5;0;0;0;0;0;90;193
"054002";"Bastia Umbra";25;96;4;0;0;0;0;0;100;87;9;0;0;0;0;0;96;196
"054002";"Bastia Umbra";26;97;3;0;0;0;0;0;100;84;13;0;0;0;0;0;97;197
"054002";"Bastia Umbra";27;96;6;0;0;0;0;0;102;78;12;0;0;0;0;0;90;192
"054002";"Bastia Umbra";28;90;4;0;0;0;0;0;94;85;17;0;0;0;1;0;103;197
"054002";"Bastia Umbra";29;102;9;0;0;0;0;0;111;77;31;1;0;0;0;0;109;220
"054002";"Bastia Umbra";30;99;13;1;0;0;0;0;113;88;34;1;0;0;0;0;123;236
"054002";"Bastia Umbra";31;89;24;0;0;0;0;0;113;68;36;0;0;0;0;0;104;217
"054002";"Bastia Umbra";32;85;29;1;0;1;0;0;116;71;62;3;0;0;0;0;136;252
"054002";"Bastia Umbra";33;91;35;0;0;0;0;0;126;86;57;0;0;0;0;0;143;269
"054002";"Bastia Umbra";34;71;45;0;0;1;0;0;117;70;67;3;0;0;0;0;140;257
"054002";"Bastia Umbra";35;61;67;1;0;0;0;0;129;49;67;2;0;1;0;0;119;248
"054002";"Bastia Umbra";36;68;49;2;0;1;0;0;120;45;83;7;0;1;0;0;136;256
"054002";"Bastia Umbra";37;68;71;2;0;0;0;0;141;39;102;3;0;0;0;0;144;285
"054002";"Bastia Umbra";38;53;74;5;0;1;0;0;133;41;87;6;0;0;0;0;134;267
"054002";"Bastia Umbra";39;49;76;8;0;0;0;0;133;45;85;5;1;0;0;0;136;269
"054002";"Bastia Umbra";40;54;83;3;0;0;0;0;140;49;94;8;1;0;0;0;152;292
"054002";"Bastia Umbra";41;54;93;4;0;0;0;0;151;36;105;6;1;0;0;0;148;299
"054002";"Bastia Umbra";42;48;84;2;1;0;0;0;135;42;122;9;2;0;0;0;175;310
"054002";"Bastia Umbra";43;50;104;2;0;0;0;0;156;33;124;11;0;0;0;0;168;324
"054002";"Bastia Umbra";44;44;89;3;0;0;0;0;136;32;116;10;3;0;0;0;161;297
"054002";"Bastia Umbra";45;50;114;7;0;0;0;0;171;36;138;7;1;0;0;0;182;353
"054002";"Bastia Umbra";46;51;99;8;0;0;0;0;158;37;138;10;3;0;0;0;188;346
"054002";"Bastia Umbra";47;43;144;7;0;0;0;0;194;33;147;11;1;0;0;0;192;386
"054002";"Bastia Umbra";48;42;113;4;0;0;0;0;159;32;123;16;4;0;0;0;175;334
"054002";"Bastia Umbra";49;42;137;6;0;0;0;0;185;37;145;12;4;0;0;0;198;383
"054002";"Bastia Umbra";50;39;144;6;0;0;0;0;189;27;133;5;3;0;0;0;168;357
"054002";"Bastia Umbra";51;23;134;12;2;0;0;0;171;26;134;18;3;0;0;0;181;352
"054002";"Bastia Umbra";52;32;134;9;2;0;0;0;177;26;139;11;7;0;0;0;183;360
"054002";"Bastia Umbra";53;32;119;10;1;0;0;0;162;20;117;17;3;0;0;0;157;319
"054002";"Bastia Umbra";54;24;128;8;2;0;0;0;162;30;123;14;9;1;0;0;177;339
"054002";"Bastia Umbra";55;22;153;10;2;0;0;0;187;20;132;14;7;0;0;0;173;360
"054002";"Bastia Umbra";56;27;123;12;1;0;0;0;163;19;132;16;12;0;0;0;179;342
"054002";"Bastia Umbra";57;16;105;11;4;0;0;0;136;18;156;15;6;0;0;0;195;331
"054002";"Bastia Umbra";58;13;110;14;1;1;0;0;139;15;110;11;9;0;0;0;145;284
"054002";"Bastia Umbra";59;14;126;5;2;1;0;0;148;13;126;10;5;0;0;0;154;302
"054002";"Bastia Umbra";60;14;128;10;3;0;0;0;155;7;128;12;3;0;0;0;150;305
"054002";"Bastia Umbra";61;18;124;9;2;0;0;0;153;10;114;8;11;0;0;0;143;296
"054002";"Bastia Umbra";62;13;90;7;4;0;0;0;114;7;112;7;14;0;0;0;140;254
"054002";"Bastia Umbra";63;5;104;5;4;0;0;0;118;6;105;10;11;0;0;0;132;250
"054002";"Bastia Umbra";64;10;110;7;3;0;0;0;130;3;90;4;20;0;0;0;117;247
"054002";"Bastia Umbra";65;0;86;7;0;0;0;0;93;5;94;6;17;0;0;0;122;215
"054002";"Bastia Umbra";66;4;96;3;3;0;0;0;106;5;97;8;17;0;0;0;127;233
"054002";"Bastia Umbra";67;12;93;5;3;0;0;0;113;4;92;9;23;0;0;0;128;241
"054002";"Bastia Umbra";68;2;73;3;1;0;0;0;79;6;88;2;13;0;0;0;109;188
"054002";"Bastia Umbra";69;6;88;5;7;0;0;0;106;8;95;5;19;0;0;0;127;233
"054002";"Bastia Umbra";70;7;88;2;4;0;0;0;101;6;71;5;30;0;0;0;112;213
"054002";"Bastia Umbra";71;5;87;2;7;0;0;0;101;5;76;5;32;0;0;0;118;219
"054002";"Bastia Umbra";72;3;93;1;3;0;0;0;100;11;88;4;33;0;0;0;136;236
"054002";"Bastia Umbra";73;8;83;4;5;0;0;0;100;3;93;2;32;0;0;0;130;230
"054002";"Bastia Umbra";74;6;96;4;6;0;0;0;112;5;69;2;37;0;0;0;113;225
"054002";"Bastia Umbra";75;4;74;3;4;0;0;0;85;3;64;4;27;0;0;0;98;183
"054002";"Bastia Umbra";76;7;66;1;6;0;0;0;80;3;62;6;30;0;0;0;101;181
"054002";"Bastia Umbra";77;4;82;3;6;0;0;0;95;2;56;3;36;0;0;0;97;192
"054002";"Bastia Umbra";78;4;62;1;5;0;0;0;72;1;49;1;56;0;0;0;107;179
"054002";"Bastia Umbra";79;4;67;1;8;0;0;0;80;0;42;2;54;0;0;0;98;178
"054002";"Bastia Umbra";80;5;60;0;11;0;0;0;76;5;47;2;63;0;0;0;117;193
"054002";"Bastia Umbra";81;2;57;0;8;0;0;0;67;4;30;2;65;0;0;0;101;168
"054002";"Bastia Umbra";82;0;58;0;12;0;0;0;70;2;42;4;60;0;0;0;108;178
"054002";"Bastia Umbra";83;1;41;1;10;0;0;0;53;3;38;2;65;0;0;0;108;161
"054002";"Bastia Umbra";84;3;35;0;20;0;0;0;58;1;20;1;51;0;0;0;73;131
"054002";"Bastia Umbra";85;1;44;0;14;0;0;0;59;1;14;0;61;0;0;0;76;135
"054002";"Bastia Umbra";86;2;41;1;4;0;0;0;48;4;13;0;40;0;0;0;57;105
"054002";"Bastia Umbra";87;0;34;0;9;0;0;0;43;0;7;0;46;0;0;0;53;96
"054002";"Bastia Umbra";88;2;17;1;8;0;0;0;28;4;9;0;41;0;0;0;54;82
"054002";"Bastia Umbra";89;2;11;0;8;0;0;0;21;2;3;0;37;0;0;0;42;63
"054002";"Bastia Umbra";90;1;18;0;8;0;0;0;27;1;5;0;41;0;0;0;47;74
"054002";"Bastia Umbra";91;0;13;0;6;0;0;0;19;0;2;0;21;0;0;0;23;42
"054002";"Bastia Umbra";92;0;5;0;4;0;0;0;9;0;2;0;25;0;0;0;27;36
"054002";"Bastia Umbra";93;0;7;0;6;0;0;0;13;0;4;0;23;0;0;0;27;40
"054002";"Bastia Umbra";94;0;4;0;7;0;0;0;11;1;1;0;18;0;0;0;20;31
"054002";"Bastia Umbra";95;0;4;0;2;0;0;0;6;0;0;0;11;0;0;0;11;17
"054002";"Bastia Umbra";96;0;1;0;2;0;0;0;3;1;0;0;14;0;0;0;15;18
"054002";"Bastia Umbra";97;0;0;0;0;0;0;0;0;0;0;0;3;0;0;0;3;3
"054002";"Bastia Umbra";98;1;0;0;1;0;0;0;2;0;0;0;1;0;0;0;1;3
"054002";"Bastia Umbra";99;0;0;0;0;0;0;0;0;0;0;0;2;0;0;0;2;2
"054002";"Bastia Umbra";100;0;0;0;0;0;0;0;0;0;0;0;4;0;0;0;4;4
"054002";"Bastia Umbra";999;4767;5085;249;242;6;0;0;10349;4102;5254;378;1292;3;1;0;11030;21379
"054003";"Bettona";0;13;0;0;0;;;;13;15;0;0;0;;;;15;28
"054003";"Bettona";1;20;0;0;0;;;;20;16;0;0;0;;;;16;36
"054003";"Bettona";2;23;0;0;0;;;;23;17;0;0;0;;;;17;40
"054003";"Bettona";3;13;0;0;0;;;;13;12;0;0;0;;;;12;25
"054003";"Bettona";4;23;0;0;0;;;;23;19;0;0;0;;;;19;42
"054003";"Bettona";5;22;0;0;0;;;;22;14;0;0;0;;;;14;36
"054003";"Bettona";6;22;0;0;0;;;;22;20;0;0;0;;;;20;42
"054003";"Bettona";7;16;0;0;0;;;;16;23;0;0;0;;;;23;39
"054003";"Bettona";8;18;0;0;0;;;;18;18;0;0;0;;;;18;36
"054003";"Bettona";9;15;0;0;0;;;;15;31;0;0;0;;;;31;46
"054003";"Bettona";10;26;0;0;0;;;;26;21;0;0;0;;;;21;47
"054003";"Bettona";11;20;0;0;0;;;;20;22;0;0;0;;;;22;42
"054003";"Bettona";12;13;0;0;0;;;;13;24;0;0;0;;;;24;37
"054003";"Bettona";13;24;0;0;0;;;;24;21;0;0;0;;;;21;45
"054003";"Bettona";14;23;0;0;0;;;;23;24;0;0;0;;;;24;47
"054003";"Bettona";15;16;0;0;0;;;;16;22;0;0;0;;;;22;38
"054003";"Bettona";16;14;0;0;0;;;;14;24;0;0;0;;;;24;38
"054003";"Bettona";17;18;0;0;0;;;;18;16;0;0;0;;;;16;34
"054003";"Bettona";18;18;0;0;0;;;;18;19;0;0;0;;;;19;37
"054003";"Bettona";19;26;0;0;0;;;;26;21;0;0;0;;;;21;47
"054003";"Bettona";20;16;0;0;0;;;;16;18;1;0;0;;;;19;35
"054003";"Bettona";21;19;0;0;0;;;;19;25;0;0;0;;;;25;44
"054003";"Bettona";22;20;0;0;0;;;;20;14;0;0;0;;;;14;34
"054003";"Bettona";23;23;0;0;0;;;;23;16;2;0;0;;;;18;41
"054003";"Bettona";24;13;0;0;0;;;;13;13;2;0;0;;;;15;28
"054003";"Bettona";25;10;0;0;0;;;;10;29;0;0;0;;;;29;39
"054003";"Bettona";26;18;1;0;0;;;;19;19;3;0;0;;;;22;41
"054003";"Bettona";27;23;1;0;0;;;;24;21;2;0;0;;;;23;47
"054003";"Bettona";28;16;0;0;0;;;;16;21;4;0;0;;;;25;41
"054003";"Bettona";29;20;1;0;0;;;;21;14;2;0;0;;;;16;37
"054003";"Bettona";30;28;7;0;0;;;;35;26;7;0;0;;;;33;68
"054003";"Bettona";31;14;3;0;0;;;;17;17;11;0;0;;;;28;45
"054003";"Bettona";32;19;7;0;0;;;;26;13;17;0;0;;;;30;56
"054003";"Bettona";33;18;5;0;0;;;;23;12;11;0;0;;;;23;46
"054003";"Bettona";34;20;9;0;0;;;;29;11;8;0;0;;;;19;48
"054003";"Bettona";35;17;5;0;0;;;;22;15;7;1;0;;;;23;45
"054003";"Bettona";36;13;10;1;0;;;;24;8;20;0;0;;;;28;52
"054003";"Bettona";37;18;17;0;0;;;;35;9;9;0;0;;;;18;53
"054003";"Bettona";38;16;13;0;0;;;;29;8;12;0;0;;;;20;49
"054003";"Bettona";39;8;16;0;0;;;;24;11;17;0;0;;;;28;52
"054003";"Bettona";40;13;14;0;0;;;;27;8;27;0;0;;;;35;62
"054003";"Bettona";41;15;19;0;0;;;;34;9;20;3;0;;;;32;66
"054003";"Bettona";42;13;22;1;0;;;;36;5;22;3;0;;;;30;66
"054003";"Bettona";43;10;12;1;0;;;;23;12;29;0;0;;;;41;64
"054003";"Bettona";44;16;21;1;0;;;;38;4;23;0;0;;;;27;65
"054003";"Bettona";45;8;29;1;0;;;;38;9;25;2;0;;;;36;74
"054003";"Bettona";46;10;17;4;0;;;;31;6;30;1;1;;;;38;69
"054003";"Bettona";47;11;28;1;0;;;;40;10;24;0;1;;;;35;75
"054003";"Bettona";48;1;19;0;1;;;;21;7;28;2;0;;;;37;58
"054003";"Bettona";49;12;22;3;0;;;;37;4;24;2;0;;;;30;67
"054003";"Bettona";50;4;29;1;0;;;;34;4;16;4;0;;;;24;58
"054003";"Bettona";51;10;26;1;0;;;;37;4;30;1;2;;;;37;74
"054003";"Bettona";52;11;17;3;1;;;;32;3;31;3;0;;;;37;69
"054003";"Bettona";53;6;36;2;0;;;;44;3;22;2;0;;;;27;71
"054003";"Bettona";54;4;24;0;0;;;;28;8;21;2;0;;;;31;59
"054003";"Bettona";55;4;29;2;1;;;;36;4;29;2;0;;;;35;71
"054003";"Bettona";56;4;17;1;0;;;;22;3;23;2;0;;;;28;50
"054003";"Bettona";57;8;16;3;0;;;;27;5;15;0;1;;;;21;48
"054003";"Bettona";58;5;23;0;0;;;;28;3;24;3;0;;;;30;58
"054003";"Bettona";59;4;23;3;0;;;;30;5;30;1;2;;;;38;68
"054003";"Bettona";60;2;31;0;0;;;;33;4;28;1;3;;;;36;69
"054003";"Bettona";61;3;32;4;2;;;;41;7;33;1;1;;;;42;83
"054003";"Bettona";62;5;25;0;1;;;;31;4;13;0;3;;;;20;51
"054003";"Bettona";63;4;20;2;0;;;;26;0;24;0;0;;;;24;50
"054003";"Bettona";64;6;22;5;1;;;;34;2;24;2;5;;;;33;67
"054003";"Bettona";65;4;26;3;1;;;;34;3;27;1;2;;;;33;67
"054003";"Bettona";66;1;22;1;1;;;;25;1;21;0;2;;;;24;49
"054003";"Bettona";67;1;21;0;0;;;;22;2;17;1;1;;;;21;43
"054003";"Bettona";68;1;20;1;0;;;;22;3;17;2;6;;;;28;50
"054003";"Bettona";69;4;17;1;1;;;;23;2;17;0;6;;;;25;48
"054003";"Bettona";70;0;23;0;2;;;;25;1;12;0;8;;;;21;46
"054003";"Bettona";71;1;19;1;2;;;;23;0;18;1;5;;;;24;47
"054003";"Bettona";72;3;21;1;3;;;;28;1;15;0;8;;;;24;52
"054003";"Bettona";73;1;18;0;2;;;;21;1;23;0;5;;;;29;50
"054003";"Bettona";74;3;20;0;0;;;;23;2;21;1;8;;;;32;55
"054003";"Bettona";75;1;12;0;1;;;;14;1;12;1;5;;;;19;33
"054003";"Bettona";76;0;12;0;1;;;;13;1;8;1;7;;;;17;30
"054003";"Bettona";77;1;26;1;2;;;;30;0;8;1;3;;;;12;42
"054003";"Bettona";78;1;14;1;2;;;;18;1;6;0;11;;;;18;36
"054003";"Bettona";79;1;5;0;1;;;;7;1;8;0;11;;;;20;27
"054003";"Bettona";80;1;13;1;2;;;;17;4;6;0;10;;;;20;37
"054003";"Bettona";81;1;13;1;1;;;;16;2;7;0;9;;;;18;34
"054003";"Bettona";82;1;12;2;1;;;;16;0;4;0;12;;;;16;32
"054003";"Bettona";83;0;10;0;2;;;;12;1;4;0;7;;;;12;24
"054003";"Bettona";84;1;7;0;1;;;;9;0;3;0;10;;;;13;22
"054003";"Bettona";85;1;6;0;1;;;;8;1;3;0;22;;;;26;34
"054003";"Bettona";86;0;6;0;3;;;;9;1;0;0;9;;;;10;19
"054003";"Bettona";87;3;5;0;1;;;;9;0;1;0;12;;;;13;22
"054003";"Bettona";88;0;1;0;2;;;;3;1;1;0;8;;;;10;13
"054003";"Bettona";89;0;4;0;3;;;;7;0;1;0;11;;;;12;19
"054003";"Bettona";90;0;2;0;0;;;;2;0;4;0;6;;;;10;12
"054003";"Bettona";91;1;1;0;0;;;;2;1;1;0;8;;;;10;12
"054003";"Bettona";92;0;4;0;0;;;;4;1;1;0;6;;;;8;12
"054003";"Bettona";93;0;1;0;1;;;;2;2;1;0;7;;;;10;12
"054003";"Bettona";94;0;0;0;0;;;;0;0;0;0;2;;;;2;2
"054003";"Bettona";95;0;1;0;2;;;;3;0;0;0;7;;;;7;10
"054003";"Bettona";96;0;0;0;1;;;;1;0;1;0;0;;;;1;2
"054003";"Bettona";97;0;0;0;0;;;;0;0;1;0;2;;;;3;3
"054003";"Bettona";98;0;0;0;0;;;;0;0;0;0;3;;;;3;3
"054003";"Bettona";99;0;0;0;0;;;;0;0;0;0;1;;;;1;1
"054003";"Bettona";100;0;0;0;0;;;;0;0;0;0;2;;;;2;2
"054003";"Bettona";999;953;1030;54;47;;;;2084;886;1019;47;261;;;;2213;4297
"054004";"Bevagna";0;19;0;0;0;;;;19;17;0;0;0;;;;17;36
"054004";"Bevagna";1;17;0;0;0;;;;17;14;0;0;0;;;;14;31
"054004";"Bevagna";2;20;0;0;0;;;;20;12;0;0;0;;;;12;32
"054004";"Bevagna";3;8;0;0;0;;;;8;13;0;0;0;;;;13;21
"054004";"Bevagna";4;17;0;0;0;;;;17;22;0;0;0;;;;22;39
"054004";"Bevagna";5;18;0;0;0;;;;18;15;0;0;0;;;;15;33
"054004";"Bevagna";6;22;0;0;0;;;;22;14;0;0;0;;;;14;36
"054004";"Bevagna";7;20;0;0;0;;;;20;27;0;0;0;;;;27;47
"054004";"Bevagna";8;17;0;0;0;;;;17;13;0;0;0;;;;13;30
"054004";"Bevagna";9;21;0;0;0;;;;21;23;0;0;0;;;;23;44
"054004";"Bevagna";10;18;0;0;0;;;;18;21;0;0;0;;;;21;39
"054004";"Bevagna";11;24;0;0;0;;;;24;11;0;0;0;;;;11;35
"054004";"Bevagna";12;21;0;0;0;;;;21;25;0;0;0;;;;25;46
"054004";"Bevagna";13;17;0;0;0;;;;17;15;0;0;0;;;;15;32
"054004";"Bevagna";14;23;0;0;0;;;;23;15;0;0;0;;;;15;38
"054004";"Bevagna";15;25;0;0;0;;;;25;13;0;0;0;;;;13;38
"054004";"Bevagna";16;25;0;0;0;;;;25;17;0;0;0;;;;17;42
"054004";"Bevagna";17;30;0;0;0;;;;30;19;0;0;0;;;;19;49
"054004";"Bevagna";18;21;0;0;0;;;;21;18;0;0;0;;;;18;39
"054004";"Bevagna";19;23;0;0;0;;;;23;26;0;0;0;;;;26;49
"054004";"Bevagna";20;33;0;0;0;;;;33;19;0;0;0;;;;19;52
"054004";"Bevagna";21;20;0;0;0;;;;20;23;1;0;0;;;;24;44
"054004";"Bevagna";22;30;0;0;0;;;;30;18;0;0;0;;;;18;48
"054004";"Bevagna";23;29;0;0;0;;;;29;15;0;0;0;;;;15;44
"054004";"Bevagna";24;23;1;0;0;;;;24;18;2;0;0;;;;20;44
"054004";"Bevagna";25;28;1;0;0;;;;29;23;1;0;0;;;;24;53
"054004";"Bevagna";26;25;0;0;0;;;;25;13;0;0;0;;;;13;38
"054004";"Bevagna";27;15;3;0;0;;;;18;25;3;0;0;;;;28;46
"054004";"Bevagna";28;22;2;0;0;;;;24;16;2;0;0;;;;18;42
"054004";"Bevagna";29;22;1;0;0;;;;23;16;7;1;0;;;;24;47
"054004";"Bevagna";30;19;1;0;0;;;;20;17;1;0;0;;;;18;38
"054004";"Bevagna";31;20;7;0;0;;;;27;13;3;0;0;;;;16;43
"054004";"Bevagna";32;24;6;0;0;;;;30;19;8;0;0;;;;27;57
"054004";"Bevagna";33;14;4;0;0;;;;18;9;8;0;0;;;;17;35
"054004";"Bevagna";34;12;12;0;0;;;;24;16;12;0;0;;;;28;52
"054004";"Bevagna";35;16;7;0;0;;;;23;12;20;0;0;;;;32;55
"054004";"Bevagna";36;13;10;0;0;;;;23;10;13;0;0;;;;23;46
"054004";"Bevagna";37;15;12;0;0;;;;27;15;13;0;0;;;;28;55
"054004";"Bevagna";38;19;12;0;0;;;;31;11;17;2;0;;;;30;61
"054004";"Bevagna";39;18;13;0;0;;;;31;9;17;1;0;;;;27;58
"054004";"Bevagna";40;10;11;1;0;;;;22;10;29;0;0;;;;39;61
"054004";"Bevagna";41;19;14;0;0;;;;33;11;21;0;1;;;;33;66
"054004";"Bevagna";42;17;16;1;0;;;;34;10;19;1;0;;;;30;64
"054004";"Bevagna";43;9;24;0;0;;;;33;13;19;1;0;;;;33;66
"054004";"Bevagna";44;9;20;1;0;;;;30;10;29;2;1;;;;42;72
"054004";"Bevagna";45;13;23;0;0;;;;36;7;32;3;0;;;;42;78
"054004";"Bevagna";46;8;25;2;0;;;;35;6;31;1;1;;;;39;74
"054004";"Bevagna";47;11;32;3;0;;;;46;6;26;3;0;;;;35;81
"054004";"Bevagna";48;9;24;3;0;;;;36;4;20;2;0;;;;26;62
"054004";"Bevagna";49;11;30;2;0;;;;43;6;20;0;1;;;;27;70
"054004";"Bevagna";50;6;24;2;0;;;;32;6;37;3;0;;;;46;78
"054004";"Bevagna";51;11;32;1;0;;;;44;4;29;3;1;;;;37;81
"054004";"Bevagna";52;13;23;5;0;;;;41;5;33;4;0;;;;42;83
"054004";"Bevagna";53;8;32;3;0;;;;43;9;28;5;0;;;;42;85
"054004";"Bevagna";54;4;31;2;0;;;;37;3;30;2;1;;;;36;73
"054004";"Bevagna";55;7;42;0;0;;;;49;2;34;1;2;;;;39;88
"054004";"Bevagna";56;6;31;3;0;;;;40;2;39;4;1;;;;46;86
"054004";"Bevagna";57;7;25;1;0;;;;33;1;13;5;1;;;;20;53
"054004";"Bevagna";58;8;34;2;0;;;;44;2;32;2;2;;;;38;82
"054004";"Bevagna";59;2;29;2;0;;;;33;3;27;1;1;;;;32;65
"054004";"Bevagna";60;5;31;3;2;;;;41;10;33;2;2;;;;47;88
"054004";"Bevagna";61;4;28;0;2;;;;34;3;24;2;4;;;;33;67
"054004";"Bevagna";62;7;23;2;0;;;;32;2;30;1;0;;;;33;65
"054004";"Bevagna";63;1;24;0;1;;;;26;6;21;0;1;;;;28;54
"054004";"Bevagna";64;3;30;2;1;;;;36;3;37;3;1;;;;44;80
"054004";"Bevagna";65;6;26;2;3;;;;37;2;35;1;1;;;;39;76
"054004";"Bevagna";66;4;20;0;1;;;;25;1;24;2;3;;;;30;55
"054004";"Bevagna";67;4;24;0;0;;;;28;3;22;0;2;;;;27;55
"054004";"Bevagna";68;3;21;0;2;;;;26;2;29;0;5;;;;36;62
"054004";"Bevagna";69;2;30;0;0;;;;32;3;21;2;7;;;;33;65
"054004";"Bevagna";70;1;31;0;1;;;;33;3;14;1;8;;;;26;59
"054004";"Bevagna";71;2;31;2;2;;;;37;3;32;1;5;;;;41;78
"054004";"Bevagna";72;1;28;0;0;;;;29;3;20;1;6;;;;30;59
"054004";"Bevagna";73;0;23;1;2;;;;26;0;24;1;3;;;;28;54
"054004";"Bevagna";74;2;22;2;1;;;;27;1;22;0;6;;;;29;56
"054004";"Bevagna";75;0;17;1;0;;;;18;2;16;0;9;;;;27;45
"054004";"Bevagna";76;3;21;2;3;;;;29;2;11;0;8;;;;21;50
"054004";"Bevagna";77;2;25;0;1;;;;28;1;20;1;6;;;;28;56
"054004";"Bevagna";78;0;15;1;4;;;;20;1;10;2;5;;;;18;38
"054004";"Bevagna";79;2;18;0;1;;;;21;0;12;0;13;;;;25;46
"054004";"Bevagna";80;1;22;1;2;;;;26;2;14;0;14;;;;30;56
"054004";"Bevagna";81;0;14;0;1;;;;15;0;11;0;14;;;;25;40
"054004";"Bevagna";82;1;22;0;2;;;;25;0;6;0;14;;;;20;45
"054004";"Bevagna";83;0;9;2;1;;;;12;2;8;0;17;;;;27;39
"054004";"Bevagna";84;0;18;0;2;;;;20;1;14;0;17;;;;32;52
"054004";"Bevagna";85;0;10;0;1;;;;11;1;5;0;13;;;;19;30
"054004";"Bevagna";86;0;12;0;4;;;;16;0;3;0;16;;;;19;35
"054004";"Bevagna";87;0;4;0;1;;;;5;1;0;0;13;;;;14;19
"054004";"Bevagna";88;0;4;1;4;;;;9;0;4;0;6;;;;10;19
"054004";"Bevagna";89;0;5;0;4;;;;9;0;3;0;8;;;;11;20
"054004";"Bevagna";90;1;2;0;2;;;;5;2;2;0;10;;;;14;19
"054004";"Bevagna";91;0;4;0;2;;;;6;0;1;0;14;;;;15;21
"054004";"Bevagna";92;0;1;0;1;;;;2;2;1;0;7;;;;10;12
"054004";"Bevagna";93;0;3;0;1;;;;4;1;1;0;3;;;;5;9
"054004";"Bevagna";94;0;1;0;1;;;;2;1;0;0;6;;;;7;9
"054004";"Bevagna";95;0;0;0;3;;;;3;0;0;0;3;;;;3;6
"054004";"Bevagna";96;0;0;0;2;;;;2;0;0;0;2;;;;2;4
"054004";"Bevagna";97;0;0;0;1;;;;1;0;0;0;2;;;;2;3
"054004";"Bevagna";98;0;0;0;0;;;;0;0;0;0;0;;;;0;0
"054004";"Bevagna";99;0;0;0;0;;;;0;0;0;0;1;;;;1;1
"054004";"Bevagna";100;0;0;0;0;;;;0;0;0;0;4;;;;4;4
"054004";"Bevagna";999;1066;1233;56;62;;;;2417;851;1206;67;292;;;;2416;4833
"054005";"Campello sul Clitunno";0;10;0;0;0;;;;10;6;0;0;0;;;;6;16
"054005";"Campello sul Clitunno";1;8;0;0;0;;;;8;6;0;0;0;;;;6;14
"054005";"Campello sul Clitunno";2;8;0;0;0;;;;8;4;0;0;0;;;;4;12
"054005";"Campello sul Clitunno";3;12;0;0;0;;;;12;11;0;0;0;;;;11;23
"054005";"Campello sul Clitunno";4;7;0;0;0;;;;7;6;0;0;0;;;;6;13
"054005";"Campello sul Clitunno";5;7;0;0;0;;;;7;9;0;0;0;;;;9;16
"054005";"Campello sul Clitunno";6;10;0;0;0;;;;10;6;0;0;0;;;;6;16
"054005";"Campello sul Clitunno";7;7;0;0;0;;;;7;8;0;0;0;;;;8;15
"054005";"Campello sul Clitunno";8;10;0;0;0;;;;10;18;0;0;0;;;;18;28
"054005";"Campello sul Clitunno";9;9;0;0;0;;;;9;9;0;0;0;;;;9;18
"054005";"Campello sul Clitunno";10;11;0;0;0;;;;11;11;0;0;0;;;;11;22
"054005";"Campello sul Clitunno";11;13;0;0;0;;;;13;10;0;0;0;;;;10;23
"054005";"Campello sul Clitunno";12;9;0;0;0;;;;9;15;0;0;0;;;;15;24
"054005";"Campello sul Clitunno";13;9;0;0;0;;;;9;10;0;0;0;;;;10;19
"054005";"Campello sul Clitunno";14;11;0;0;0;;;;11;10;0;0;0;;;;10;21
"054005";"Campello sul Clitunno";15;8;0;0;0;;;;8;15;0;0;0;;;;15;23
"054005";"Campello sul Clitunno";16;9;0;0;0;;;;9;8;0;0;0;;;;8;17
"054005";"Campello sul Clitunno";17;19;0;0;0;;;;19;7;0;0;0;;;;7;26
"054005";"Campello sul Clitunno";18;13;0;0;0;;;;13;11;0;0;0;;;;11;24
"054005";"Campello sul Clitunno";19;7;0;0;0;;;;7;16;0;0;0;;;;16;23
"054005";"Campello sul Clitunno";20;15;0;0;0;;;;15;7;0;0;0;;;;7;22
"054005";"Campello sul Clitunno";21;1;0;0;0;;;;1;14;0;0;0;;;;14;15
"054005";"Campello sul Clitunno";22;7;0;0;0;;;;7;6;0;0;0;;;;6;13
"054005";"Campello sul Clitunno";23;16;0;0;0;;;;16;8;0;0;0;;;;8;24
"054005";"Campello sul Clitunno";24;12;0;0;0;;;;12;8;0;0;0;;;;8;20
"054005";"Campello sul Clitunno";25;7;1;0;0;;;;8;8;1;0;0;;;;9;17
"054005";"Campello sul Clitunno";26;8;0;0;0;;;;8;12;2;0;0;;;;14;22
"054005";"Campello sul Clitunno";27;6;0;0;0;;;;6;5;2;0;0;;;;7;13
"054005";"Campello sul Clitunno";28;13;2;0;0;;;;15;6;3;0;0;;;;9;24
"054005";"Campello sul Clitunno";29;9;0;0;0;;;;9;13;4;0;0;;;;17;26
"054005";"Campello sul Clitunno";30;13;4;0;0;;;;17;6;2;0;0;;;;8;25
"054005";"Campello sul Clitunno";31;6;1;0;0;;;;7;5;4;0;0;;;;9;16
"054005";"Campello sul Clitunno";32;8;6;0;0;;;;14;8;6;0;0;;;;14;28
"054005";"Campello sul Clitunno";33;14;4;0;0;;;;18;6;6;0;0;;;;12;30
"054005";"Campello sul Clitunno";34;6;2;0;0;;;;8;7;4;0;0;;;;11;19
"054005";"Campello sul Clitunno";35;3;7;0;0;;;;10;10;3;0;0;;;;13;23
"054005";"Campello sul Clitunno";36;6;6;0;0;;;;12;3;9;0;0;;;;12;24
"054005";"Campello sul Clitunno";37;9;6;0;0;;;;15;7;9;0;0;;;;16;31
"054005";"Campello sul Clitunno";38;6;5;0;0;;;;11;3;2;0;0;;;;5;16
"054005";"Campello sul Clitunno";39;8;3;0;0;;;;11;7;10;1;0;;;;18;29
"054005";"Campello sul Clitunno";40;5;6;0;0;;;;11;3;12;1;0;;;;16;27
"054005";"Campello sul Clitunno";41;9;5;1;0;;;;15;5;7;2;0;;;;14;29
"054005";"Campello sul Clitunno";42;0;12;2;0;;;;14;3;11;1;0;;;;15;29
"054005";"Campello sul Clitunno";43;6;9;1;0;;;;16;3;9;0;1;;;;13;29
"054005";"Campello sul Clitunno";44;8;12;1;0;;;;21;1;11;1;0;;;;13;34
"054005";"Campello sul Clitunno";45;8;5;1;0;;;;14;4;14;1;0;;;;19;33
"054005";"Campello sul Clitunno";46;6;12;0;0;;;;18;5;8;1;0;;;;14;32
"054005";"Campello sul Clitunno";47;5;12;1;0;;;;18;4;16;0;1;;;;21;39
"054005";"Campello sul Clitunno";48;8;5;0;0;;;;13;4;9;4;0;;;;17;30
"054005";"Campello sul Clitunno";49;9;20;0;0;;;;29;5;12;1;2;;;;20;49
"054005";"Campello sul Clitunno";50;3;12;2;0;;;;17;2;15;0;0;;;;17;34
"054005";"Campello sul Clitunno";51;3;10;2;0;;;;15;2;16;1;0;;;;19;34
"054005";"Campello sul Clitunno";52;5;12;1;0;;;;18;4;16;0;3;;;;23;41
"054005";"Campello sul Clitunno";53;7;7;2;0;;;;16;2;11;2;0;;;;15;31
"054005";"Campello sul Clitunno";54;5;17;0;0;;;;22;2;12;1;0;;;;15;37
"054005";"Campello sul Clitunno";55;7;11;0;2;;;;20;1;16;2;0;;;;19;39
"054005";"Campello sul Clitunno";56;4;21;4;0;;;;29;3;16;4;3;;;;26;55
"054005";"Campello sul Clitunno";57;2;20;1;1;;;;24;4;13;1;1;;;;19;43
"054005";"Campello sul Clitunno";58;5;15;3;0;;;;23;1;18;0;2;;;;21;44
"054005";"Campello sul Clitunno";59;3;15;4;0;;;;22;3;17;0;1;;;;21;43
"054005";"Campello sul Clitunno";60;3;13;2;0;;;;18;0;9;3;4;;;;16;34
"054005";"Campello sul Clitunno";61;2;9;1;0;;;;12;1;16;1;2;;;;20;32
"054005";"Campello sul Clitunno";62;1;4;0;0;;;;5;3;14;1;2;;;;20;25
"054005";"Campello sul Clitunno";63;1;9;1;1;;;;12;1;14;2;2;;;;19;31
"054005";"Campello sul Clitunno";64;2;13;0;0;;;;15;1;9;1;1;;;;12;27
"054005";"Campello sul Clitunno";65;2;8;0;1;;;;11;3;10;1;2;;;;16;27
"054005";"Campello sul Clitunno";66;3;13;1;0;;;;17;0;20;0;3;;;;23;40
"054005";"Campello sul Clitunno";67;1;12;0;0;;;;13;1;11;0;1;;;;13;26
"054005";"Campello sul Clitunno";68;1;11;0;1;;;;13;1;6;0;1;;;;8;21
"054005";"Campello sul Clitunno";69;1;8;1;0;;;;10;0;11;0;3;;;;14;24
"054005";"Campello sul Clitunno";70;2;14;1;1;;;;18;0;12;0;1;;;;13;31
"054005";"Campello sul Clitunno";71;3;18;0;0;;;;21;0;9;1;1;;;;11;32
"054005";"Campello sul Clitunno";72;2;14;0;0;;;;16;0;6;1;3;;;;10;26
"054005";"Campello sul Clitunno";73;2;12;2;0;;;;16;1;12;0;7;;;;20;36
"054005";"Campello sul Clitunno";74;2;13;0;2;;;;17;0;11;1;1;;;;13;30
"054005";"Campello sul Clitunno";75;0;11;0;1;;;;12;0;5;0;2;;;;7;19
"054005";"Campello sul Clitunno";76;0;13;0;2;;;;15;1;7;0;10;;;;18;33
"054005";"Campello sul Clitunno";77;0;5;0;3;;;;8;0;5;1;4;;;;10;18
"054005";"Campello sul Clitunno";78;0;7;0;2;;;;9;1;8;0;3;;;;12;21
"054005";"Campello sul Clitunno";79;2;10;0;2;;;;14;0;5;0;3;;;;8;22
"054005";"Campello sul Clitunno";80;0;8;0;2;;;;10;0;3;0;6;;;;9;19
"054005";"Campello sul Clitunno";81;1;10;0;1;;;;12;1;8;0;7;;;;16;28
"054005";"Campello sul Clitunno";82;0;6;0;2;;;;8;1;11;0;5;;;;17;25
"054005";"Campello sul Clitunno";83;0;11;0;0;;;;11;0;2;0;8;;;;10;21
"054005";"Campello sul Clitunno";84;0;7;0;2;;;;9;1;3;0;8;;;;12;21
"054005";"Campello sul Clitunno";85;0;5;0;3;;;;8;1;3;0;16;;;;20;28
"054005";"Campello sul Clitunno";86;0;3;0;3;;;;6;0;2;0;12;;;;14;20
"054005";"Campello sul Clitunno";87;0;2;0;3;;;;5;0;3;0;5;;;;8;13
"054005";"Campello sul Clitunno";88;0;4;0;1;;;;5;1;2;0;2;;;;5;10
"054005";"Campello sul Clitunno";89;0;0;0;0;;;;0;1;0;0;7;;;;8;8
"054005";"Campello sul Clitunno";90;0;1;0;0;;;;1;1;0;0;7;;;;8;9
"054005";"Campello sul Clitunno";91;0;5;0;1;;;;6;0;1;0;7;;;;8;14
"054005";"Campello sul Clitunno";92;1;1;0;0;;;;2;0;1;0;5;;;;6;8
"054005";"Campello sul Clitunno";93;0;0;0;1;;;;1;0;0;0;6;;;;6;7
"054005";"Campello sul Clitunno";94;0;0;0;1;;;;1;0;0;0;4;;;;4;5
"054005";"Campello sul Clitunno";95;0;0;0;0;;;;0;0;0;0;0;;;;0;0
"054005";"Campello sul Clitunno";96;0;0;0;2;;;;2;0;0;0;1;;;;1;3
"054005";"Campello sul Clitunno";97;0;0;0;1;;;;1;0;0;0;1;;;;1;2
"054005";"Campello sul Clitunno";98;0;1;0;0;;;;1;0;0;0;0;;;;0;1
"054005";"Campello sul Clitunno";99;0;0;0;0;;;;0;0;0;0;2;;;;2;2
"054005";"Campello sul Clitunno";100;0;0;0;0;;;;0;0;0;0;0;;;;0;0
"054005";"Campello sul Clitunno";999;510;566;35;42;;;;1153;427;565;37;179;;;;1208;2361
"054006";"Cannara";0;13;0;0;0;;;;13;10;0;0;0;;;;10;23
"054006";"Cannara";1;14;0;0;0;;;;14;15;0;0;0;;;;15;29
"054006";"Cannara";2;22;0;0;0;;;;22;15;0;0;0;;;;15;37
"054006";"Cannara";3;18;0;0;0;;;;18;16;0;0;0;;;;16;34
"054006";"Cannara";4;22;0;0;0;;;;22;20;0;0;0;;;;20;42
"054006";"Cannara";5;16;0;0;0;;;;16;16;0;0;0;;;;16;32
"054006";"Cannara";6;14;0;0;0;;;;14;21;0;0;0;;;;21;35
"054006";"Cannara";7;20;0;0;0;;;;20;12;0;0;0;;;;12;32
"054006";"Cannara";8;25;0;0;0;;;;25;17;0;0;0;;;;17;42
"054006";"Cannara";9;23;0;0;0;;;;23;29;0;0;0;;;;29;52
"054006";"Cannara";10;18;0;0;0;;;;18;21;0;0;0;;;;21;39
"054006";"Cannara";11;22;0;0;0;;;;22;17;0;0;0;;;;17;39
"054006";"Cannara";12;24;0;0;0;;;;24;27;0;0;0;;;;27;51
"054006";"Cannara";13;28;0;0;0;;;;28;22;0;0;0;;;;22;50
"054006";"Cannara";14;15;0;0;0;;;;15;13;0;0;0;;;;13;28
"054006";"Cannara";15;18;0;0;0;;;;18;24;0;0;0;;;;24;42
"054006";"Cannara";16;20;0;0;0;;;;20;18;0;0;0;;;;18;38
"054006";"Cannara";17;19;0;0;0;;;;19;15;0;0;0;;;;15;34
"054006";"Cannara";18;20;0;0;0;;;;20;21;0;0;0;;;;21;41
"054006";"Cannara";19;19;0;0;0;;;;19;22;1;0;0;;;;23;42
"054006";"Cannara";20;20;0;0;0;;;;20;14;0;0;0;;;;14;34
"054006";"Cannara";21;17;0;0;0;;;;17;28;0;0;0;;;;28;45
"054006";"Cannara";22;22;0;0;0;;;;22;14;1;0;0;;;;15;37
"054006";"Cannara";23;17;1;0;0;;;;18;15;0;0;0;;;;15;33
"054006";"Cannara";24;17;0;0;0;;;;17;20;1;0;0;;;;21;38
"054006";"Cannara";25;26;0;0;0;;;;26;9;2;0;0;;;;11;37
"054006";"Cannara";26;16;0;0;0;;;;16;9;1;0;0;;;;10;26
"054006";"Cannara";27;16;2;0;0;;;;18;12;3;0;0;;;;15;33
"054006";"Cannara";28;22;0;0;0;;;;22;22;2;0;0;;;;24;46
"054006";"Cannara";29;18;2;0;0;;;;20;24;9;0;0;;;;33;53
"054006";"Cannara";30;23;7;0;0;;;;30;15;8;1;0;;;;24;54
"054006";"Cannara";31;16;4;0;0;;;;20;11;9;0;1;;;;21;41
"054006";"Cannara";32;16;5;0;0;;;;21;18;10;0;0;;;;28;49
"054006";"Cannara";33;16;5;0;0;;;;21;14;14;0;0;;;;28;49
"054006";"Cannara";34;29;14;0;0;;;;43;10;19;0;0;;;;29;72
"054006";"Cannara";35;15;5;0;0;;;;20;11;17;1;0;;;;29;49
"054006";"Cannara";36;23;14;1;0;;;;38;8;16;0;0;;;;24;62
"054006";"Cannara";37;13;11;1;0;;;;25;12;26;0;0;;;;38;63
"054006";"Cannara";38;14;11;1;0;;;;26;6;12;1;0;;;;19;45
"054006";"Cannara";39;10;14;2;0;;;;26;11;17;3;0;;;;31;57
"054006";"Cannara";40;7;20;0;0;;;;27;4;19;2;0;;;;25;52
"054006";"Cannara";41;10;18;1;0;;;;29;7;15;2;0;;;;24;53
"054006";"Cannara";42;9;17;1;0;;;;27;7;20;1;0;;;;28;55
"054006";"Cannara";43;7;19;0;1;;;;27;8;17;2;0;;;;27;54
"054006";"Cannara";44;11;22;0;0;;;;33;2;19;1;0;;;;22;55
"054006";"Cannara";45;7;21;1;0;;;;29;6;28;3;1;;;;38;67
"054006";"Cannara";46;10;25;2;0;;;;37;4;14;3;1;;;;22;59
"054006";"Cannara";47;5;25;1;1;;;;32;4;23;2;0;;;;29;61
"054006";"Cannara";48;12;21;0;0;;;;33;10;23;1;0;;;;34;67
"054006";"Cannara";49;10;20;1;0;;;;31;6;28;3;1;;;;38;69
"054006";"Cannara";50;9;18;1;0;;;;28;4;28;2;0;;;;34;62
"054006";"Cannara";51;1;20;3;1;;;;25;4;21;1;1;;;;27;52
"054006";"Cannara";52;4;24;3;0;;;;31;1;34;1;1;;;;37;68
"054006";"Cannara";53;5;15;3;0;;;;23;4;27;2;0;;;;33;56
"054006";"Cannara";54;5;29;2;0;;;;36;10;32;2;1;;;;45;81
"054006";"Cannara";55;3;24;0;0;;;;27;6;23;2;2;;;;33;60
"054006";"Cannara";56;6;31;3;1;;;;41;0;26;5;3;;;;34;75
"054006";"Cannara";57;3;18;2;0;;;;23;2;32;4;1;;;;39;62
"054006";"Cannara";58;3;27;2;0;;;;32;2;16;1;3;;;;22;54
"054006";"Cannara";59;4;26;2;0;;;;32;5;25;3;2;;;;35;67
"054006";"Cannara";60;3;24;2;0;;;;29;2;35;2;1;;;;40;69
"054006";"Cannara";61;3;34;1;4;;;;42;2;27;0;2;;;;31;73
"054006";"Cannara";62;1;29;0;2;;;;32;3;18;1;1;;;;23;55
"054006";"Cannara";63;3;19;1;0;;;;23;1;28;2;1;;;;32;55
"054006";"Cannara";64;2;20;2;0;;;;24;1;27;1;1;;;;30;54
"054006";"Cannara";65;4;37;0;3;;;;44;3;21;1;1;;;;26;70
"054006";"Cannara";66;1;24;2;0;;;;27;1;23;2;2;;;;28;55
"054006";"Cannara";67;1;28;0;2;;;;31;1;17;1;1;;;;20;51
"054006";"Cannara";68;3;14;0;0;;;;17;2;20;0;6;;;;28;45
"054006";"Cannara";69;1;12;1;1;;;;15;0;16;2;0;;;;18;33
"054006";"Cannara";70;2;24;0;0;;;;26;0;18;0;3;;;;21;47
"054006";"Cannara";71;1;29;1;0;;;;31;3;16;0;8;;;;27;58
"054006";"Cannara";72;1;18;2;2;;;;23;1;15;0;7;;;;23;46
"054006";"Cannara";73;2;12;0;1;;;;15;1;21;2;5;;;;29;44
"054006";"Cannara";74;1;12;0;2;;;;15;0;13;1;5;;;;19;34
"054006";"Cannara";75;3;15;0;0;;;;18;2;7;0;4;;;;13;31
"054006";"Cannara";76;1;16;0;2;;;;19;0;8;1;6;;;;15;34
"054006";"Cannara";77;1;20;1;1;;;;23;2;7;0;8;;;;17;40
"054006";"Cannara";78;2;14;0;2;;;;18;1;14;0;6;;;;21;39
"054006";"Cannara";79;0;9;0;1;;;;10;1;6;0;6;;;;13;23
"054006";"Cannara";80;1;11;0;3;;;;15;1;8;1;11;;;;21;36
"054006";"Cannara";81;1;17;1;1;;;;20;0;12;0;13;;;;25;45
"054006";"Cannara";82;1;8;0;1;;;;10;0;4;0;16;;;;20;30
"054006";"Cannara";83;2;8;0;4;;;;14;1;10;0;17;;;;28;42
"054006";"Cannara";84;0;7;0;1;;;;8;0;6;0;13;;;;19;27
"054006";"Cannara";85;1;8;0;5;;;;14;1;7;0;14;;;;22;36
"054006";"Cannara";86;0;7;0;2;;;;9;0;3;0;15;;;;18;27
"054006";"Cannara";87;0;8;0;3;;;;11;0;4;0;14;;;;18;29
"054006";"Cannara";88;1;3;0;4;;;;8;1;1;0;11;;;;13;21
"054006";"Cannara";89;0;6;0;3;;;;9;0;1;0;9;;;;10;19
"054006";"Cannara";90;1;6;0;3;;;;10;1;0;0;10;;;;11;21
"054006";"Cannara";91;0;0;0;0;;;;0;0;0;0;11;;;;11;11
"054006";"Cannara";92;0;3;0;2;;;;5;2;2;0;2;;;;6;11
"054006";"Cannara";93;0;0;0;1;;;;1;1;0;0;9;;;;10;11
"054006";"Cannara";94;0;3;0;1;;;;4;0;0;0;6;;;;6;10
"054006";"Cannara";95;0;1;0;2;;;;3;0;0;0;0;;;;0;3
"054006";"Cannara";96;0;0;0;0;;;;0;0;0;0;3;;;;3;3
"054006";"Cannara";97;0;0;0;0;;;;0;0;0;0;1;;;;1;1
"054006";"Cannara";98;0;0;0;0;;;;0;0;0;0;1;;;;1;1
"054006";"Cannara";99;0;0;0;0;;;;0;0;0;0;0;;;;0;0
"054006";"Cannara";100;0;0;0;0;;;;0;1;0;0;1;;;;2;2
"054006";"Cannara";999;931;1041;47;63;;;;2082;786;1053;66;269;;;;2174;4256
"054007";"Cascia";0;10;0;0;0;;;;10;7;0;0;0;;;;7;17
"054007";"Cascia";1;11;0;0;0;;;;11;11;0;0;0;;;;11;22
"054007";"Cascia";2;5;0;0;0;;;;5;8;0;0;0;;;;8;13
"054007";"Cascia";3;10;0;0;0;;;;10;7;0;0;0;;;;7;17
"054007";"Cascia";4;10;0;0;0;;;;10;12;0;0;0;;;;12;22
"054007";"Cascia";5;3;0;0;0;;;;3;11;0;0;0;;;;11;14
"054007";"Cascia";6;8;0;0;0;;;;8;7;0;0;0;;;;7;15
"054007";"Cascia";7;14;0;0;0;;;;14;8;0;0;0;;;;8;22
"054007";"Cascia";8;11;0;0;0;;;;11;8;0;0;0;;;;8;19
"054007";"Cascia";9;10;0;0;0;;;;10;12;0;0;0;;;;12;22
"054007";"Cascia";10;9;0;0;0;;;;9;11;0;0;0;;;;11;20
"054007";"Cascia";11;11;0;0;0;;;;11;9;0;0;0;;;;9;20
"054007";"Cascia";12;15;0;0;0;;;;15;9;0;0;0;;;;9;24
"054007";"Cascia";13;19;0;0;0;;;;19;18;0;0;0;;;;18;37
"054007";"Cascia";14;9;0;0;0;;;;9;13;0;0;0;;;;13;22
"054007";"Cascia";15;9;0;0;0;;;;9;9;0;0;0;;;;9;18
"054007";"Cascia";16;13;0;0;0;;;;13;17;0;0;0;;;;17;30
"054007";"Cascia";17;21;0;0;0;;;;21;12;0;0;0;;;;12;33
"054007";"Cascia";18;9;0;0;0;;;;9;15;0;0;0;;;;15;24
"054007";"Cascia";19;14;0;0;0;;;;14;16;0;0;0;;;;16;30
"054007";"Cascia";20;14;0;0;0;;;;14;16;0;0;0;;;;16;30
"054007";"Cascia";21;24;0;0;0;;;;24;12;0;0;0;;;;12;36
"054007";"Cascia";22;16;0;0;0;;;;16;20;0;0;0;;;;20;36
"054007";"Cascia";23;10;0;0;0;;;;10;9;0;0;0;;;;9;19
"054007";"Cascia";24;25;0;1;0;;;;26;19;0;0;0;;;;19;45
"054007";"Cascia";25;22;0;0;0;;;;22;20;0;1;0;;;;21;43
"054007";"Cascia";26;12;0;0;0;;;;12;18;1;0;0;;;;19;31
"054007";"Cascia";27;15;0;0;0;;;;15;15;3;0;0;;;;18;33
"054007";"Cascia";28;26;0;0;0;;;;26;8;1;0;0;;;;9;35
"054007";"Cascia";29;24;0;0;0;;;;24;12;4;0;0;;;;16;40
"054007";"Cascia";30;16;1;0;0;;;;17;10;6;0;0;;;;16;33
"054007";"Cascia";31;14;3;0;0;;;;17;9;3;0;0;;;;12;29
"054007";"Cascia";32;14;5;0;0;;;;19;10;11;0;0;;;;21;40
"054007";"Cascia";33;18;8;0;0;;;;26;5;4;0;0;;;;9;35
"054007";"Cascia";34;20;4;0;0;;;;24;9;9;0;0;;;;18;42
"054007";"Cascia";35;7;4;0;0;;;;11;6;10;0;0;;;;16;27
"054007";"Cascia";36;6;6;0;0;;;;12;8;10;0;0;;;;18;30
"054007";"Cascia";37;18;12;0;0;;;;30;7;7;0;0;;;;14;44
"054007";"Cascia";38;10;7;0;0;;;;17;5;8;0;0;;;;13;30
"054007";"Cascia";39;11;6;0;0;;;;17;1;6;0;1;;;;8;25
"054007";"Cascia";40;10;4;0;0;;;;14;6;10;1;0;;;;17;31
"054007";"Cascia";41;7;6;0;0;;;;13;5;9;0;0;;;;14;27
"054007";"Cascia";42;5;9;1;0;;;;15;3;14;0;0;;;;17;32
"054007";"Cascia";43;12;10;0;0;;;;22;4;7;0;0;;;;11;33
"054007";"Cascia";44;6;5;0;0;;;;11;5;6;2;0;;;;13;24
"054007";"Cascia";45;3;14;0;0;;;;17;2;17;0;1;;;;20;37
"054007";"Cascia";46;4;11;1;0;;;;16;11;13;0;0;;;;24;40
"054007";"Cascia";47;4;20;0;0;;;;24;3;19;0;0;;;;22;46
"054007";"Cascia";48;6;13;0;0;;;;19;2;17;1;0;;;;20;39
"054007";"Cascia";49;3;16;0;0;;;;19;3;26;0;1;;;;30;49
"054007";"Cascia";50;4;16;0;0;;;;20;2;17;0;1;;;;20;40
"054007";"Cascia";51;6;20;2;0;;;;28;3;14;1;2;;;;20;48
"054007";"Cascia";52;7;23;1;0;;;;31;2;24;1;1;;;;28;59
"054007";"Cascia";53;5;18;1;0;;;;24;4;23;1;0;;;;28;52
"054007";"Cascia";54;4;12;1;0;;;;17;3;18;2;2;;;;25;42
"054007";"Cascia";55;3;15;2;0;;;;20;3;21;0;0;;;;24;44
"054007";"Cascia";56;2;18;0;0;;;;20;5;29;1;5;;;;40;60
"054007";"Cascia";57;6;19;0;1;;;;26;5;21;2;1;;;;29;55
"054007";"Cascia";58;3;20;0;0;;;;23;0;31;1;2;;;;34;57
"054007";"Cascia";59;3;24;3;0;;;;30;1;15;0;2;;;;18;48
"054007";"Cascia";60;1;29;0;2;;;;32;3;20;0;2;;;;25;57
"054007";"Cascia";61;5;20;1;0;;;;26;4;20;0;1;;;;25;51
"054007";"Cascia";62;7;21;1;0;;;;29;2;24;2;4;;;;32;61
"054007";"Cascia";63;3;29;1;0;;;;33;0;20;1;2;;;;23;56
"054007";"Cascia";64;1;21;0;0;;;;22;4;17;0;1;;;;22;44
"054007";"Cascia";65;5;18;1;0;;;;24;2;14;0;2;;;;18;42
"054007";"Cascia";66;2;22;2;0;;;;26;1;18;2;0;;;;21;47
"054007";"Cascia";67;2;16;1;0;;;;19;2;11;0;3;;;;16;35
"054007";"Cascia";68;3;16;0;0;;;;19;1;15;1;6;;;;23;42
"054007";"Cascia";69;3;15;0;1;;;;19;1;14;0;2;;;;17;36
"054007";"Cascia";70;2;14;1;1;;;;18;6;11;1;3;;;;21;39
"054007";"Cascia";71;0;18;0;1;;;;19;2;15;0;3;;;;20;39
"054007";"Cascia";72;1;19;1;2;;;;23;0;8;1;4;;;;13;36
"054007";"Cascia";73;2;10;0;1;;;;13;2;9;0;7;;;;18;31
"054007";"Cascia";74;3;10;0;1;;;;14;0;9;0;6;;;;15;29
"054007";"Cascia";75;1;12;0;2;;;;15;0;7;0;7;;;;14;29
"054007";"Cascia";76;0;11;0;0;;;;11;1;5;0;2;;;;8;19
"054007";"Cascia";77;0;6;1;1;;;;8;1;4;0;9;;;;14;22
"054007";"Cascia";78;2;9;0;1;;;;12;0;9;0;3;;;;12;24
"054007";"Cascia";79;1;8;0;1;;;;10;3;8;0;4;;;;15;25
"054007";"Cascia";80;2;9;1;0;;;;12;2;5;0;4;;;;11;23
"054007";"Cascia";81;1;9;0;2;;;;12;3;5;0;12;;;;20;32
"054007";"Cascia";82;1;10;0;3;;;;14;2;3;0;4;;;;9;23
"054007";"Cascia";83;1;4;1;2;;;;8;3;2;0;7;;;;12;20
"054007";"Cascia";84;0;5;0;0;;;;5;2;4;0;6;;;;12;17
"054007";"Cascia";85;2;3;0;1;;;;6;2;2;0;2;;;;6;12
"054007";"Cascia";86;2;4;0;1;;;;7;0;4;0;8;;;;12;19
"054007";"Cascia";87;1;4;0;1;;;;6;1;0;0;6;;;;7;13
"054007";"Cascia";88;1;1;0;1;;;;3;1;0;0;10;;;;11;14
"054007";"Cascia";89;1;2;0;2;;;;5;1;1;1;5;;;;8;13
"054007";"Cascia";90;0;0;0;4;;;;4;0;1;0;6;;;;7;11
"054007";"Cascia";91;1;0;0;2;;;;3;0;0;0;6;;;;6;9
"054007";"Cascia";92;0;0;0;1;;;;1;1;0;0;8;;;;9;10
"054007";"Cascia";93;0;0;0;0;;;;0;0;0;0;1;;;;1;1
"054007";"Cascia";94;0;0;0;0;;;;0;0;1;0;3;;;;4;4
"054007";"Cascia";95;0;0;0;0;;;;0;0;0;0;0;;;;0;0
"054007";"Cascia";96;0;0;0;0;;;;0;1;0;0;2;;;;3;3
"054007";"Cascia";97;0;0;0;0;;;;0;0;0;0;1;;;;1;1
"054007";"Cascia";98;0;0;0;0;;;;0;0;0;0;0;;;;0;0
"054007";"Cascia";99;0;0;0;0;;;;0;0;0;0;0;;;;0;0
"054007";"Cascia";100;0;0;1;0;;;;1;0;0;0;0;;;;0;1
"054007";"Cascia";999;703;724;26;35;;;;1488;565;720;23;181;;;;1489;2977
"054008";"Castel Ritaldi";0;2;0;0;0;;;;2;5;0;0;0;;;;5;7
"054008";"Castel Ritaldi";1;5;0;0;0;;;;5;10;0;0;0;;;;10;15
"054008";"Castel Ritaldi";2;7;0;0;0;;;;7;8;0;0;0;;;;8;15
"054008";"Castel Ritaldi";3;7;0;0;0;;;;7;10;0;0;0;;;;10;17
"054008";"Castel Ritaldi";4;16;0;0;0;;;;16;7;0;0;0;;;;7;23
"054008";"Castel Ritaldi";5;12;0;0;0;;;;12;13;0;0;0;;;;13;25
"054008";"Castel Ritaldi";6;18;0;0;0;;;;18;10;0;0;0;;;;10;28
"054008";"Castel Ritaldi";7;6;0;0;0;;;;6;10;0;0;0;;;;10;16
"054008";"Castel Ritaldi";8;15;0;0;0;;;;15;17;0;0;0;;;;17;32
"054008";"Castel Ritaldi";9;21;0;0;0;;;;21;12;0;0;0;;;;12;33
"054008";"Castel Ritaldi";10;17;0;0;0;;;;17;15;0;0;0;;;;15;32
"054008";"Castel Ritaldi";11;18;0;0;0;;;;18;19;0;0;0;;;;19;37
"054008";"Castel Ritaldi";12;10;0;0;0;;;;10;18;0;0;0;;;;18;28
"054008";"Castel Ritaldi";13;13;0;0;0;;;;13;22;0;0;0;;;;22;35
"054008";"Castel Ritaldi";14;19;0;0;0;;;;19;13;0;0;0;;;;13;32
"054008";"Castel Ritaldi";15;13;0;0;0;;;;13;13;0;0;0;;;;13;26
"054008";"Castel Ritaldi";16;16;0;0;0;;;;16;9;0;0;0;;;;9;25
"054008";"Castel Ritaldi";17;23;0;0;0;;;;23;20;0;0;0;;;;20;43
"054008";"Castel Ritaldi";18;17;0;0;0;;;;17;25;0;0;0;;;;25;42
"054008";"Castel Ritaldi";19;19;0;0;0;;;;19;14;0;0;0;;;;14;33
"054008";"Castel Ritaldi";20;12;0;0;0;;;;12;16;0;0;0;;;;16;28
"054008";"Castel Ritaldi";21;11;0;0;0;;;;11;17;1;0;0;;;;18;29
"054008";"Castel Ritaldi";22;21;0;0;0;;;;21;11;0;0;0;;;;11;32
"054008";"Castel Ritaldi";23;12;1;0;0;;;;13;19;1;0;0;;;;20;33
"054008";"Castel Ritaldi";24;14;0;0;0;;;;14;11;1;0;0;;;;12;26
"054008";"Castel Ritaldi";25;13;0;0;0;;;;13;10;2;0;0;;;;12;25
"054008";"Castel Ritaldi";26;18;1;0;0;;;;19;9;0;0;0;;;;9;28
"054008";"Castel Ritaldi";27;21;2;0;0;;;;23;11;4;0;0;;;;15;38
"054008";"Castel Ritaldi";28;14;0;0;0;;;;14;14;1;0;0;;;;15;29
"054008";"Castel Ritaldi";29;11;0;1;0;;;;12;11;0;0;0;;;;11;23
"054008";"Castel Ritaldi";30;12;3;0;0;;;;15;13;1;0;0;;;;14;29
"054008";"Castel Ritaldi";31;21;3;0;0;;;;24;9;7;0;0;;;;16;40
"054008";"Castel Ritaldi";32;9;0;0;0;;;;9;9;2;0;0;;;;11;20
"054008";"Castel Ritaldi";33;12;1;0;0;;;;13;11;4;0;0;;;;15;28
"054008";"Castel Ritaldi";34;7;4;0;0;;;;11;6;5;0;0;;;;11;22
"054008";"Castel Ritaldi";35;10;3;0;0;;;;13;4;10;0;0;;;;14;27
"054008";"Castel Ritaldi";36;8;8;0;0;;;;16;8;10;0;0;;;;18;34
"054008";"Castel Ritaldi";37;13;6;0;0;;;;19;7;10;0;0;;;;17;36
"054008";"Castel Ritaldi";38;15;9;0;0;;;;24;7;16;0;0;;;;23;47
"054008";"Castel Ritaldi";39;9;9;0;1;;;;19;2;14;0;0;;;;16;35
"054008";"Castel Ritaldi";40;9;13;0;0;;;;22;8;8;0;1;;;;17;39
"054008";"Castel Ritaldi";41;6;7;1;0;;;;14;8;13;1;0;;;;22;36
"054008";"Castel Ritaldi";42;9;9;1;0;;;;19;5;16;2;1;;;;24;43
"054008";"Castel Ritaldi";43;6;17;0;0;;;;23;6;13;1;0;;;;20;43
"054008";"Castel Ritaldi";44;13;9;2;1;;;;25;4;21;0;1;;;;26;51
"054008";"Castel Ritaldi";45;10;11;0;0;;;;21;4;19;2;0;;;;25;46
"054008";"Castel Ritaldi";46;4;20;1;0;;;;25;5;28;0;1;;;;34;59
"054008";"Castel Ritaldi";47;9;18;0;1;;;;28;4;21;1;0;;;;26;54
"054008";"Castel Ritaldi";48;10;11;3;1;;;;25;2;29;2;0;;;;33;58
"054008";"Castel Ritaldi";49;7;20;2;0;;;;29;3;18;2;0;;;;23;52
"054008";"Castel Ritaldi";50;6;30;0;0;;;;36;6;19;2;1;;;;28;64
"054008";"Castel Ritaldi";51;2;23;1;0;;;;26;4;23;1;0;;;;28;54
"054008";"Castel Ritaldi";52;4;12;0;0;;;;16;9;15;2;0;;;;26;42
"054008";"Castel Ritaldi";53;7;27;0;0;;;;34;5;20;1;0;;;;26;60
"054008";"Castel Ritaldi";54;6;18;1;0;;;;25;1;20;1;1;;;;23;48
"054008";"Castel Ritaldi";55;7;22;0;0;;;;29;2;16;0;1;;;;19;48
"054008";"Castel Ritaldi";56;1;15;2;0;;;;18;4;22;1;0;;;;27;45
"054008";"Castel Ritaldi";57;5;14;0;0;;;;19;1;17;0;2;;;;20;39
"054008";"Castel Ritaldi";58;1;29;1;1;;;;32;1;17;3;1;;;;22;54
"054008";"Castel Ritaldi";59;2;16;0;0;;;;18;1;13;1;1;;;;16;34
"054008";"Castel Ritaldi";60;2;22;2;0;;;;26;1;14;0;2;;;;17;43
"054008";"Castel Ritaldi";61;1;13;2;1;;;;17;3;24;0;3;;;;30;47
"054008";"Castel Ritaldi";62;2;11;0;0;;;;13;3;11;1;0;;;;15;28
"054008";"Castel Ritaldi";63;1;14;1;0;;;;16;3;12;1;3;;;;19;35
"054008";"Castel Ritaldi";64;1;22;2;1;;;;26;0;16;2;1;;;;19;45
"054008";"Castel Ritaldi";65;1;10;0;0;;;;11;3;15;1;4;;;;23;34
"054008";"Castel Ritaldi";66;2;13;1;0;;;;16;2;18;0;2;;;;22;38
"054008";"Castel Ritaldi";67;0;18;3;3;;;;24;1;21;1;2;;;;25;49
"054008";"Castel Ritaldi";68;3;16;0;0;;;;19;2;13;0;2;;;;17;36
"054008";"Castel Ritaldi";69;1;18;1;1;;;;21;3;15;0;3;;;;21;42
"054008";"Castel Ritaldi";70;1;16;0;1;;;;18;1;7;2;8;;;;18;36
"054008";"Castel Ritaldi";71;2;14;0;1;;;;17;1;13;1;1;;;;16;33
"054008";"Castel Ritaldi";72;1;21;1;0;;;;23;2;20;0;6;;;;28;51
"054008";"Castel Ritaldi";73;3;15;0;1;;;;19;0;14;0;7;;;;21;40
"054008";"Castel Ritaldi";74;0;16;0;2;;;;18;1;9;0;2;;;;12;30
"054008";"Castel Ritaldi";75;1;15;0;1;;;;17;1;5;0;5;;;;11;28
"054008";"Castel Ritaldi";76;4;12;1;1;;;;18;0;7;0;5;;;;12;30
"054008";"Castel Ritaldi";77;0;8;0;2;;;;10;1;6;0;7;;;;14;24
"054008";"Castel Ritaldi";78;0;3;0;2;;;;5;1;5;0;4;;;;10;15
"054008";"Castel Ritaldi";79;0;6;0;2;;;;8;0;7;0;5;;;;12;20
"054008";"Castel Ritaldi";80;1;7;0;0;;;;8;0;10;0;7;;;;17;25
"054008";"Castel Ritaldi";81;2;4;0;4;;;;10;0;8;0;8;;;;16;26
"054008";"Castel Ritaldi";82;1;8;0;1;;;;10;0;9;1;10;;;;20;30
"054008";"Castel Ritaldi";83;0;4;0;1;;;;5;0;4;0;3;;;;7;12
"054008";"Castel Ritaldi";84;1;8;0;2;;;;11;0;6;0;7;;;;13;24
"054008";"Castel Ritaldi";85;3;9;0;1;;;;13;1;3;0;7;;;;11;24
"054008";"Castel Ritaldi";86;0;5;0;2;;;;7;0;2;0;5;;;;7;14
"054008";"Castel Ritaldi";87;0;6;0;1;;;;7;0;1;0;4;;;;5;12
"054008";"Castel Ritaldi";88;0;5;0;1;;;;6;0;1;0;13;;;;14;20
"054008";"Castel Ritaldi";89;0;2;0;3;;;;5;1;2;0;7;;;;10;15
"054008";"Castel Ritaldi";90;2;4;0;1;;;;7;0;1;0;7;;;;8;15
"054008";"Castel Ritaldi";91;0;1;0;0;;;;1;0;0;0;3;;;;3;4
"054008";"Castel Ritaldi";92;0;1;0;0;;;;1;0;1;0;2;;;;3;4
"054008";"Castel Ritaldi";93;0;2;0;1;;;;3;0;0;0;4;;;;4;7
"054008";"Castel Ritaldi";94;0;1;0;0;;;;1;0;0;0;2;;;;2;3
"054008";"Castel Ritaldi";95;0;1;0;0;;;;1;0;0;0;1;;;;1;2
"054008";"Castel Ritaldi";96;1;0;0;0;;;;1;2;1;0;2;;;;5;6
"054008";"Castel Ritaldi";97;0;0;0;0;;;;0;0;0;0;0;;;;0;0
"054008";"Castel Ritaldi";98;0;0;0;0;;;;0;0;1;0;1;;;;2;2
"054008";"Castel Ritaldi";99;0;0;0;0;;;;0;0;0;0;0;;;;0;0
"054008";"Castel Ritaldi";100;0;0;0;0;;;;0;0;0;0;1;;;;1;1
"054008";"Castel Ritaldi";999;698;742;30;42;;;;1512;591;759;33;177;;;;1560;3072
"054009";"Castiglione del Lago";0;64;0;0;0;;;;64;41;0;0;0;;;;41;105
"054009";"Castiglione del Lago";1;48;0;0;0;;;;48;49;0;0;0;;;;49;97
"054009";"Castiglione del Lago";2;63;0;0;0;;;;63;48;0;0;0;;;;48;111
"054009";"Castiglione del Lago";3;58;0;0;0;;;;58;62;0;0;0;;;;62;120
"054009";"Castiglione del Lago";4;60;0;0;0;;;;60;49;0;0;0;;;;49;109
"054009";"Castiglione del Lago";5;75;0;0;0;;;;75;67;0;0;0;;;;67;142
"054009";"Castiglione del Lago";6;63;0;0;0;;;;63;67;0;0;0;;;;67;130
"054009";"Castiglione del Lago";7;85;0;0;0;;;;85;66;0;0;0;;;;66;151
"054009";"Castiglione del Lago";8;69;0;0;0;;;;69;63;0;0;0;;;;63;132
"054009";"Castiglione del Lago";9;65;0;0;0;;;;65;72;0;0;0;;;;72;137
"054009";"Castiglione del Lago";10;76;0;0;0;;;;76;59;0;0;0;;;;59;135
"054009";"Castiglione del Lago";11;70;0;0;0;;;;70;64;0;0;0;;;;64;134
"054009";"Castiglione del Lago";12;80;0;0;0;;;;80;69;0;0;0;;;;69;149
"054009";"Castiglione del Lago";13;72;0;0;0;;;;72;73;0;0;0;;;;73;145
"054009";"Castiglione del Lago";14;67;0;0;0;;;;67;58;0;0;0;;;;58;125
"054009";"Castiglione del Lago";15;66;0;0;0;;;;66;66;0;0;0;;;;66;132
"054009";"Castiglione del Lago";16;71;0;0;0;;;;71;64;0;0;0;;;;64;135
"054009";"Castiglione del Lago";17;52;0;0;0;;;;52;64;0;0;0;;;;64;116
"054009";"Castiglione del Lago";18;63;0;0;0;;;;63;66;1;0;0;;;;67;130
"054009";"Castiglione del Lago";19;71;0;0;0;;;;71;57;0;0;0;;;;57;128
"054009";"Castiglione del Lago";20;63;1;0;0;;;;64;51;2;0;0;;;;53;117
"054009";"Castiglione del Lago";21;85;1;0;0;;;;86;60;1;0;0;;;;61;147
"054009";"Castiglione del Lago";22;48;0;0;0;;;;48;58;2;0;0;;;;60;108
"054009";"Castiglione del Lago";23;72;0;0;0;;;;72;59;4;0;0;;;;63;135
"054009";"Castiglione del Lago";24;63;1;0;0;;;;64;71;6;0;0;;;;77;141
"054009";"Castiglione del Lago";25;69;2;0;0;;;;71;52;9;0;0;;;;61;132
"054009";"Castiglione del Lago";26;61;1;0;0;;;;62;50;10;0;0;;;;60;122
"054009";"Castiglione del Lago";27;68;3;0;0;;;;71;55;10;0;0;;;;65;136
"054009";"Castiglione del Lago";28;69;10;0;0;;;;79;59;20;0;0;;;;79;158
"054009";"Castiglione del Lago";29;72;8;0;0;;;;80;55;18;1;0;;;;74;154
"054009";"Castiglione del Lago";30;61;12;0;0;;;;73;50;18;0;0;;;;68;141
"054009";"Castiglione del Lago";31;71;16;0;0;;;;87;47;24;2;0;;;;73;160
"054009";"Castiglione del Lago";32;64;23;1;0;;;;88;53;29;0;0;;;;82;170
"054009";"Castiglione del Lago";33;56;24;0;0;;;;80;49;39;1;0;;;;89;169
"054009";"Castiglione del Lago";34;43;24;2;0;;;;69;45;44;2;0;;;;91;160
"054009";"Castiglione del Lago";35;42;30;2;0;;;;74;55;46;0;0;;;;101;175
"054009";"Castiglione del Lago";36;49;48;2;0;;;;99;44;40;0;0;;;;84;183
"054009";"Castiglione del Lago";37;55;39;4;0;;;;98;42;44;4;0;;;;90;188
"054009";"Castiglione del Lago";38;51;33;1;0;;;;85;38;70;1;0;;;;109;194
"054009";"Castiglione del Lago";39;45;38;3;0;;;;86;33;53;4;0;;;;90;176
"054009";"Castiglione del Lago";40;47;48;3;0;;;;98;30;53;8;0;;;;91;189
"054009";"Castiglione del Lago";41;40;44;4;0;;;;88;33;55;2;0;;;;90;178
"054009";"Castiglione del Lago";42;47;51;7;0;;;;105;30;62;3;1;;;;96;201
"054009";"Castiglione del Lago";43;48;51;2;0;;;;101;27;72;4;1;;;;104;205
"054009";"Castiglione del Lago";44;40;59;3;1;;;;103;41;66;9;1;;;;117;220
"054009";"Castiglione del Lago";45;42;66;4;1;;;;113;24;77;9;0;;;;110;223
"054009";"Castiglione del Lago";46;36;67;4;0;;;;107;26;69;3;3;;;;101;208
"054009";"Castiglione del Lago";47;36;75;7;0;;;;118;18;72;2;3;;;;95;213
"054009";"Castiglione del Lago";48;32;69;4;1;;;;106;23;80;6;0;;;;109;215
"054009";"Castiglione del Lago";49;43;81;8;0;;;;132;18;89;11;1;;;;119;251
"054009";"Castiglione del Lago";50;19;75;5;2;;;;101;13;81;15;1;;;;110;211
"054009";"Castiglione del Lago";51;30;80;7;2;;;;119;10;87;8;3;;;;108;227
"054009";"Castiglione del Lago";52;29;62;4;2;;;;97;12;97;11;5;;;;125;222
"054009";"Castiglione del Lago";53;29;82;5;0;;;;116;16;87;8;3;;;;114;230
"054009";"Castiglione del Lago";54;22;90;11;0;;;;123;13;92;4;0;;;;109;232
"054009";"Castiglione del Lago";55;15;93;6;0;;;;114;11;90;6;7;;;;114;228
"054009";"Castiglione del Lago";56;17;74;8;1;;;;100;15;94;9;3;;;;121;221
"054009";"Castiglione del Lago";57;17;70;3;1;;;;91;10;109;5;4;;;;128;219
"054009";"Castiglione del Lago";58;9;81;5;1;;;;96;11;95;7;7;;;;120;216
"054009";"Castiglione del Lago";59;10;93;5;2;;;;110;10;79;6;6;;;;101;211
"054009";"Castiglione del Lago";60;17;96;9;2;;;;124;11;97;9;6;;;;123;247
"054009";"Castiglione del Lago";61;9;95;11;3;;;;118;12;98;10;10;;;;130;248
"054009";"Castiglione del Lago";62;10;77;3;0;;;;90;7;85;7;10;;;;109;199
"054009";"Castiglione del Lago";63;9;94;6;0;;;;109;7;70;4;8;;;;89;198
"054009";"Castiglione del Lago";64;8;74;6;1;;;;89;7;86;11;12;;;;116;205
"054009";"Castiglione del Lago";65;12;85;4;4;;;;105;10;91;8;12;;;;121;226
"054009";"Castiglione del Lago";66;7;95;2;1;;;;105;10;95;3;14;;;;122;227
"054009";"Castiglione del Lago";67;9;82;1;7;;;;99;5;73;6;12;;;;96;195
"054009";"Castiglione del Lago";68;3;87;4;1;;;;95;3;72;4;21;;;;100;195
"054009";"Castiglione del Lago";69;12;78;4;4;;;;98;5;66;5;16;;;;92;190
"054009";"Castiglione del Lago";70;9;79;3;4;;;;95;6;67;7;20;;;;100;195
"054009";"Castiglione del Lago";71;2;86;10;7;;;;105;1;63;5;20;;;;89;194
"054009";"Castiglione del Lago";72;9;101;1;9;;;;120;4;71;0;33;;;;108;228
"054009";"Castiglione del Lago";73;8;81;4;7;;;;100;4;63;2;26;;;;95;195
"054009";"Castiglione del Lago";74;6;66;2;4;;;;78;6;68;4;22;;;;100;178
"054009";"Castiglione del Lago";75;1;59;2;3;;;;65;9;48;1;20;;;;78;143
"054009";"Castiglione del Lago";76;7;49;2;10;;;;68;5;36;1;31;;;;73;141
"054009";"Castiglione del Lago";77;3;45;1;6;;;;55;3;40;1;43;;;;87;142
"054009";"Castiglione del Lago";78;1;45;1;5;;;;52;0;34;1;31;;;;66;118
"054009";"Castiglione del Lago";79;5;40;1;6;;;;52;5;27;3;43;;;;78;130
"054009";"Castiglione del Lago";80;5;46;1;8;;;;60;3;38;2;39;;;;82;142
"054009";"Castiglione del Lago";81;3;43;1;10;;;;57;1;30;1;50;;;;82;139
"054009";"Castiglione del Lago";82;3;64;1;11;;;;79;2;41;1;43;;;;87;166
"054009";"Castiglione del Lago";83;4;44;0;6;;;;54;0;23;2;47;;;;72;126
"054009";"Castiglione del Lago";84;2;35;0;6;;;;43;1;24;1;53;;;;79;122
"054009";"Castiglione del Lago";85;4;37;1;6;;;;48;2;15;1;45;;;;63;111
"054009";"Castiglione del Lago";86;2;28;0;13;;;;43;2;9;1;51;;;;63;106
"054009";"Castiglione del Lago";87;6;27;1;10;;;;44;2;12;0;36;;;;50;94
"054009";"Castiglione del Lago";88;0;19;0;8;;;;27;0;6;0;38;;;;44;71
"054009";"Castiglione del Lago";89;1;16;0;7;;;;24;0;4;1;48;;;;53;77
"054009";"Castiglione del Lago";90;0;14;0;7;;;;21;1;2;1;54;;;;58;79
"054009";"Castiglione del Lago";91;0;9;0;3;;;;12;0;4;0;30;;;;34;46
"054009";"Castiglione del Lago";92;2;4;0;4;;;;10;0;0;0;20;;;;20;30
"054009";"Castiglione del Lago";93;1;6;0;2;;;;9;0;0;0;18;;;;18;27
"054009";"Castiglione del Lago";94;1;4;0;2;;;;7;0;1;0;16;;;;17;24
"054009";"Castiglione del Lago";95;0;1;0;3;;;;4;1;1;0;15;;;;17;21
"054009";"Castiglione del Lago";96;0;0;0;5;;;;5;0;0;0;10;;;;10;15
"054009";"Castiglione del Lago";97;0;0;0;1;;;;1;0;0;0;7;;;;7;8
"054009";"Castiglione del Lago";98;0;2;0;0;;;;2;0;0;0;4;;;;4;6
"054009";"Castiglione del Lago";99;0;0;0;0;;;;0;0;0;0;1;;;;1;1
"054009";"Castiglione del Lago";100;0;0;0;2;;;;2;0;0;0;4;;;;4;6
"054009";"Castiglione del Lago";999;3334;3638;202;212;;;;7386;2776;3656;254;1088;;;;7774;15160
"054010";"Cerreto di Spoleto";0;2;0;0;0;;;;2;2;0;0;0;;;;2;4
"054010";"Cerreto di Spoleto";1;2;0;0;0;;;;2;3;0;0;0;;;;3;5
"054010";"Cerreto di Spoleto";2;4;0;0;0;;;;4;1;0;0;0;;;;1;5
"054010";"Cerreto di Spoleto";3;5;0;0;0;;;;5;1;0;0;0;;;;1;6
"054010";"Cerreto di Spoleto";4;5;0;0;0;;;;5;3;0;0;0;;;;3;8
"054010";"Cerreto di Spoleto";5;6;0;0;0;;;;6;3;0;0;0;;;;3;9
"054010";"Cerreto di Spoleto";6;2;0;0;0;;;;2;5;0;0;0;;;;5;7
"054010";"Cerreto di Spoleto";7;2;0;0;0;;;;2;2;0;0;0;;;;2;4
"054010";"Cerreto di Spoleto";8;3;0;0;0;;;;3;4;0;0;0;;;;4;7
"054010";"Cerreto di Spoleto";9;2;0;0;0;;;;2;0;0;0;0;;;;0;2
"054010";"Cerreto di Spoleto";10;5;0;0;0;;;;5;2;0;0;0;;;;2;7
"054010";"Cerreto di Spoleto";11;3;0;0;0;;;;3;2;0;0;0;;;;2;5
"054010";"Cerreto di Spoleto";12;2;0;0;0;;;;2;4;0;0;0;;;;4;6
"054010";"Cerreto di Spoleto";13;6;0;0;0;;;;6;4;0;0;0;;;;4;10
"054010";"Cerreto di Spoleto";14;8;0;0;0;;;;8;4;0;0;0;;;;4;12
"054010";"Cerreto di Spoleto";15;8;0;0;0;;;;8;3;0;0;0;;;;3;11
"054010";"Cerreto di Spoleto";16;10;0;0;0;;;;10;6;0;0;0;;;;6;16
"054010";"Cerreto di Spoleto";17;6;0;0;0;;;;6;5;0;0;0;;;;5;11
"054010";"Cerreto di Spoleto";18;5;0;0;0;;;;5;3;0;0;0;;;;3;8
"054010";"Cerreto di Spoleto";19;4;0;0;0;;;;4;8;0;0;0;;;;8;12
"054010";"Cerreto di Spoleto";20;6;0;0;0;;;;6;4;0;0;0;;;;4;10
"054010";"Cerreto di Spoleto";21;6;0;0;0;;;;6;7;0;0;0;;;;7;13
"054010";"Cerreto di Spoleto";22;6;0;0;0;;;;6;7;0;0;0;;;;7;13
"054010";"Cerreto di Spoleto";23;0;0;0;0;;;;0;4;0;0;0;;;;4;4
"054010";"Cerreto di Spoleto";24;5;0;0;0;;;;5;4;0;0;0;;;;4;9
"054010";"Cerreto di Spoleto";25;5;0;0;0;;;;5;3;1;0;0;;;;4;9
"054010";"Cerreto di Spoleto";26;5;0;0;0;;;;5;2;0;0;0;;;;2;7
"054010";"Cerreto di Spoleto";27;1;0;0;0;;;;1;5;1;0;0;;;;6;7
"054010";"Cerreto di Spoleto";28;5;0;0;0;;;;5;3;0;0;0;;;;3;8
"054010";"Cerreto di Spoleto";29;1;1;0;0;;;;2;3;2;0;0;;;;5;7
"054010";"Cerreto di Spoleto";30;3;0;0;0;;;;3;2;1;0;0;;;;3;6
"054010";"Cerreto di Spoleto";31;3;1;0;0;;;;4;7;1;0;0;;;;8;12
"054010";"Cerreto di Spoleto";32;2;4;0;0;;;;6;5;2;0;0;;;;7;13
"054010";"Cerreto di Spoleto";33;1;0;0;0;;;;1;1;1;0;0;;;;2;3
"054010";"Cerreto di Spoleto";34;3;2;0;0;;;;5;4;3;0;0;;;;7;12
"054010";"Cerreto di Spoleto";35;2;1;0;0;;;;3;2;2;0;0;;;;4;7
"054010";"Cerreto di Spoleto";36;5;0;0;0;;;;5;4;5;0;0;;;;9;14
"054010";"Cerreto di Spoleto";37;3;2;0;0;;;;5;1;3;0;0;;;;4;9
"054010";"Cerreto di Spoleto";38;2;4;0;0;;;;6;1;1;2;0;;;;4;10
"054010";"Cerreto di Spoleto";39;2;3;0;0;;;;5;1;2;0;0;;;;3;8
"054010";"Cerreto di Spoleto";40;2;3;0;0;;;;5;0;3;0;0;;;;3;8
"054010";"Cerreto di Spoleto";41;0;4;0;0;;;;4;1;6;0;0;;;;7;11
"054010";"Cerreto di Spoleto";42;2;3;0;0;;;;5;0;3;1;0;;;;4;9
"054010";"Cerreto di Spoleto";43;0;1;0;0;;;;1;2;6;0;0;;;;8;9
"054010";"Cerreto di Spoleto";44;1;3;0;0;;;;4;1;4;0;0;;;;5;9
"054010";"Cerreto di Spoleto";45;2;1;1;0;;;;4;2;4;0;0;;;;6;10
"054010";"Cerreto di Spoleto";46;2;3;0;0;;;;5;1;11;1;0;;;;13;18
"054010";"Cerreto di Spoleto";47;3;3;0;0;;;;6;1;8;0;0;;;;9;15
"054010";"Cerreto di Spoleto";48;1;6;1;0;;;;8;0;6;1;0;;;;7;15
"054010";"Cerreto di Spoleto";49;2;6;0;0;;;;8;0;7;0;0;;;;7;15
"054010";"Cerreto di Spoleto";50;1;11;0;0;;;;12;3;1;1;0;;;;5;17
"054010";"Cerreto di Spoleto";51;1;7;0;0;;;;8;2;9;0;1;;;;12;20
"054010";"Cerreto di Spoleto";52;2;10;1;0;;;;13;2;3;2;0;;;;7;20
"054010";"Cerreto di Spoleto";53;2;8;0;0;;;;10;0;7;0;0;;;;7;17
"054010";"Cerreto di Spoleto";54;6;8;0;0;;;;14;2;10;0;0;;;;12;26
"054010";"Cerreto di Spoleto";55;2;7;1;0;;;;10;2;8;0;0;;;;10;20
"054010";"Cerreto di Spoleto";56;2;7;0;1;;;;10;0;9;0;0;;;;9;19
"054010";"Cerreto di Spoleto";57;1;7;0;0;;;;8;2;6;0;0;;;;8;16
"054010";"Cerreto di Spoleto";58;1;5;1;1;;;;8;0;4;1;1;;;;6;14
"054010";"Cerreto di Spoleto";59;0;9;2;0;;;;11;2;5;0;0;;;;7;18
"054010";"Cerreto di Spoleto";60;4;2;0;0;;;;6;0;7;0;0;;;;7;13
"054010";"Cerreto di Spoleto";61;1;7;0;0;;;;8;2;5;1;0;;;;8;16
"054010";"Cerreto di Spoleto";62;0;5;0;0;;;;5;1;7;0;1;;;;9;14
"054010";"Cerreto di Spoleto";63;0;5;0;0;;;;5;0;4;1;1;;;;6;11
"054010";"Cerreto di Spoleto";64;0;5;0;0;;;;5;0;7;0;1;;;;8;13
"054010";"Cerreto di Spoleto";65;3;5;0;0;;;;8;1;2;0;1;;;;4;12
"054010";"Cerreto di Spoleto";66;1;7;2;0;;;;10;0;8;0;1;;;;9;19
"054010";"Cerreto di Spoleto";67;3;3;0;0;;;;6;0;6;0;4;;;;10;16
"054010";"Cerreto di Spoleto";68;0;8;0;0;;;;8;0;4;0;1;;;;5;13
"054010";"Cerreto di Spoleto";69;0;10;0;0;;;;10;0;4;0;1;;;;5;15
"054010";"Cerreto di Spoleto";70;0;1;0;0;;;;1;0;3;0;3;;;;6;7
"054010";"Cerreto di Spoleto";71;0;4;0;0;;;;4;0;3;0;2;;;;5;9
"054010";"Cerreto di Spoleto";72;0;6;0;0;;;;6;0;5;0;1;;;;6;12
"054010";"Cerreto di Spoleto";73;0;4;0;0;;;;4;0;5;0;1;;;;6;10
"054010";"Cerreto di Spoleto";74;1;5;0;0;;;;6;1;6;0;0;;;;7;13
"054010";"Cerreto di Spoleto";75;0;3;0;1;;;;4;0;3;0;4;;;;7;11
"054010";"Cerreto di Spoleto";76;0;4;0;0;;;;4;1;3;0;3;;;;7;11
"054010";"Cerreto di Spoleto";77;1;3;0;1;;;;5;0;1;0;3;;;;4;9
"054010";"Cerreto di Spoleto";78;2;4;0;0;;;;6;0;5;0;1;;;;6;12
"054010";"Cerreto di Spoleto";79;0;1;0;1;;;;2;0;3;0;3;;;;6;8
"054010";"Cerreto di Spoleto";80;2;3;0;2;;;;7;0;7;0;3;;;;10;17
"054010";"Cerreto di Spoleto";81;1;4;0;1;;;;6;0;2;0;3;;;;5;11
"054010";"Cerreto di Spoleto";82;0;5;0;1;;;;6;0;5;0;4;;;;9;15
"054010";"Cerreto di Spoleto";83;0;3;0;0;;;;3;0;1;0;4;;;;5;8
"054010";"Cerreto di Spoleto";84;0;3;0;0;;;;3;0;2;0;5;;;;7;10
"054010";"Cerreto di Spoleto";85;2;2;0;0;;;;4;0;0;0;5;;;;5;9
"054010";"Cerreto di Spoleto";86;0;2;0;0;;;;2;1;0;0;4;;;;5;7
"054010";"Cerreto di Spoleto";87;2;4;0;1;;;;7;0;1;0;2;;;;3;10
"054010";"Cerreto di Spoleto";88;0;3;0;1;;;;4;0;1;0;1;;;;2;6
"054010";"Cerreto di Spoleto";89;0;3;0;0;;;;3;1;0;0;2;;;;3;6
"054010";"Cerreto di Spoleto";90;0;1;0;2;;;;3;0;0;0;5;;;;5;8
"054010";"Cerreto di Spoleto";91;0;0;0;1;;;;1;0;0;0;2;;;;2;3
"054010";"Cerreto di Spoleto";92;1;0;0;0;;;;1;1;0;0;3;;;;4;5
"054010";"Cerreto di Spoleto";93;0;0;0;0;;;;0;1;1;0;1;;;;3;3
"054010";"Cerreto di Spoleto";94;0;0;0;0;;;;0;0;1;0;2;;;;3;3
"054010";"Cerreto di Spoleto";95;0;0;0;0;;;;0;0;0;0;4;;;;4;4
"054010";"Cerreto di Spoleto";96;0;1;0;0;;;;1;0;0;0;1;;;;1;2
"054010";"Cerreto di Spoleto";97;0;0;0;0;;;;0;0;0;0;0;;;;0;0
"054010";"Cerreto di Spoleto";98;0;0;0;0;;;;0;0;0;0;0;;;;0;0
"054010";"Cerreto di Spoleto";99;0;0;0;0;;;;0;0;0;0;0;;;;0;0
"054010";"Cerreto di Spoleto";100;0;0;0;1;;;;1;0;0;0;0;;;;0;1
"054010";"Cerreto di Spoleto";999;213;256;9;15;;;;493;168;257;11;85;;;;521;1014
"054011";"Citerna";0;9;0;0;0;;;;9;4;0;0;0;;;;4;13
"054011";"Citerna";1;11;0;0;0;;;;11;7;0;0;0;;;;7;18
"054011";"Citerna";2;14;0;0;0;;;;14;11;0;0;0;;;;11;25
"054011";"Citerna";3;8;0;0;0;;;;8;12;0;0;0;;;;12;20
"054011";"Citerna";4;18;0;0;0;;;;18;15;0;0;0;;;;15;33
"054011";"Citerna";5;15;0;0;0;;;;15;16;0;0;0;;;;16;31
"054011";"Citerna";6;17;0;0;0;;;;17;20;0;0;0;;;;20;37
"054011";"Citerna";7;21;0;0;0;;;;21;10;0;0;0;;;;10;31
"054011";"Citerna";8;29;0;0;0;;;;29;16;0;0;0;;;;16;45
"054011";"Citerna";9;21;0;0;0;;;;21;9;0;0;0;;;;9;30
"054011";"Citerna";10;26;0;0;0;;;;26;15;0;0;0;;;;15;41
"054011";"Citerna";11;15;0;0;0;;;;15;15;0;0;0;;;;15;30
"054011";"Citerna";12;16;0;0;0;;;;16;15;0;0;0;;;;15;31
"054011";"Citerna";13;16;0;0;0;;;;16;17;0;0;0;;;;17;33
"054011";"Citerna";14;18;0;0;0;;;;18;17;0;0;0;;;;17;35
"054011";"Citerna";15;26;0;0;0;;;;26;15;0;0;0;;;;15;41
"054011";"Citerna";16;14;0;0;0;;;;14;12;0;0;0;;;;12;26
"054011";"Citerna";17;15;0;0;0;;;;15;11;0;0;0;;;;11;26
"054011";"Citerna";18;11;0;0;0;;;;11;9;0;0;0;;;;9;20
"054011";"Citerna";19;15;0;0;0;;;;15;19;0;0;0;;;;19;34
"054011";"Citerna";20;12;0;0;0;;;;12;16;0;0;0;;;;16;28
"054011";"Citerna";21;12;0;0;0;;;;12;16;0;0;0;;;;16;28
"054011";"Citerna";22;14;0;0;0;;;;14;17;2;0;0;;;;19;33
"054011";"Citerna";23;24;1;0;0;;;;25;15;0;0;0;;;;15;40
"054011";"Citerna";24;15;0;0;0;;;;15;16;0;0;0;;;;16;31
"054011";"Citerna";25;14;1;0;0;;;;15;13;1;0;0;;;;14;29
"054011";"Citerna";26;12;1;0;0;;;;13;11;0;0;0;;;;11;24
"054011";"Citerna";27;24;0;0;0;;;;24;19;4;0;0;;;;23;47
"054011";"Citerna";28;14;4;0;0;;;;18;14;1;0;0;;;;15;33
"054011";"Citerna";29;14;1;0;0;;;;15;7;3;0;0;;;;10;25
"054011";"Citerna";30;16;4;0;0;;;;20;10;2;1;0;;;;13;33
"054011";"Citerna";31;15;3;0;0;;;;18;12;7;0;0;;;;19;37
"054011";"Citerna";32;14;2;0;0;;;;16;19;5;0;0;;;;24;40
"054011";"Citerna";33;17;2;0;0;;;;19;12;4;0;0;;;;16;35
"054011";"Citerna";34;10;8;0;0;;;;18;10;11;2;1;;;;24;42
"054011";"Citerna";35;13;6;0;0;;;;19;13;14;1;0;;;;28;47
"054011";"Citerna";36;8;10;0;0;;;;18;4;14;0;0;;;;18;36
"054011";"Citerna";37;10;5;0;0;;;;15;10;17;1;0;;;;28;43
"054011";"Citerna";38;13;18;0;0;;;;31;7;9;1;0;;;;17;48
"054011";"Citerna";39;10;11;1;0;;;;22;6;21;1;0;;;;28;50
"054011";"Citerna";40;5;16;1;0;;;;22;7;11;1;0;;;;19;41
"054011";"Citerna";41;6;16;1;0;;;;23;18;12;0;0;;;;30;53
"054011";"Citerna";42;11;13;0;0;;;;24;3;19;1;0;;;;23;47
"054011";"Citerna";43;12;13;0;0;;;;25;4;19;2;0;;;;25;50
"054011";"Citerna";44;9;17;2;0;;;;28;6;14;1;0;;;;21;49
"054011";"Citerna";45;10;17;4;0;;;;31;5;19;3;0;;;;27;58
"054011";"Citerna";46;7;16;2;0;;;;25;7;23;1;0;;;;31;56
"054011";"Citerna";47;3;18;1;0;;;;22;6;24;1;1;;;;32;54
"054011";"Citerna";48;6;20;1;0;;;;27;4;14;1;0;;;;19;46
"054011";"Citerna";49;11;22;0;0;;;;33;2;16;2;0;;;;20;53
"054011";"Citerna";50;5;25;1;0;;;;31;4;18;3;0;;;;25;56
"054011";"Citerna";51;6;12;3;0;;;;21;5;18;1;1;;;;25;46
"054011";"Citerna";52;5;19;1;0;;;;25;8;19;0;0;;;;27;52
"054011";"Citerna";53;4;19;5;0;;;;28;7;20;0;1;;;;28;56
"054011";"Citerna";54;6;19;3;0;;;;28;2;26;1;0;;;;29;57
"054011";"Citerna";55;8;12;0;1;;;;21;2;28;3;1;;;;34;55
"054011";"Citerna";56;4;39;2;0;;;;45;3;24;1;3;;;;31;76
"054011";"Citerna";57;4;17;3;0;;;;24;4;22;3;3;;;;32;56
"054011";"Citerna";58;4;27;4;0;;;;35;4;16;1;0;;;;21;56
"054011";"Citerna";59;4;22;1;1;;;;28;2;22;3;1;;;;28;56
"054011";"Citerna";60;3;18;1;0;;;;22;4;17;0;4;;;;25;47
"054011";"Citerna";61;0;22;0;0;;;;22;0;20;3;0;;;;23;45
"054011";"Citerna";62;1;20;0;0;;;;21;1;18;0;3;;;;22;43
"054011";"Citerna";63;6;22;1;0;;;;29;2;21;3;3;;;;29;58
"054011";"Citerna";64;2;14;0;0;;;;16;1;13;0;2;;;;16;32
"054011";"Citerna";65;1;18;1;2;;;;22;2;19;1;2;;;;24;46
"054011";"Citerna";66;0;16;1;0;;;;17;1;22;0;0;;;;23;40
"054011";"Citerna";67;1;17;0;0;;;;18;1;12;0;4;;;;17;35
"054011";"Citerna";68;5;12;0;0;;;;17;1;9;0;2;;;;12;29
"054011";"Citerna";69;2;18;1;1;;;;22;1;15;1;4;;;;21;43
"054011";"Citerna";70;0;25;1;0;;;;26;0;11;0;2;;;;13;39
"054011";"Citerna";71;1;14;0;1;;;;16;2;13;0;5;;;;20;36
"054011";"Citerna";72;6;16;0;1;;;;23;2;20;0;6;;;;28;51
"054011";"Citerna";73;1;10;0;2;;;;13;1;12;0;3;;;;16;29
"054011";"Citerna";74;1;16;0;2;;;;19;1;9;0;5;;;;15;34
"054011";"Citerna";75;3;7;0;1;;;;11;0;13;0;4;;;;17;28
"054011";"Citerna";76;3;5;0;0;;;;8;0;8;0;5;;;;13;21
"054011";"Citerna";77;0;22;0;1;;;;23;2;6;0;4;;;;12;35
"054011";"Citerna";78;2;8;1;0;;;;11;1;10;0;2;;;;13;24
"054011";"Citerna";79;0;10;0;3;;;;13;1;13;0;11;;;;25;38
"054011";"Citerna";80;2;12;0;3;;;;17;1;10;0;6;;;;17;34
"054011";"Citerna";81;3;13;0;0;;;;16;2;3;0;8;;;;13;29
"054011";"Citerna";82;5;9;0;3;;;;17;0;8;0;11;;;;19;36
"054011";"Citerna";83;0;9;1;2;;;;12;1;4;0;9;;;;14;26
"054011";"Citerna";84;0;7;0;3;;;;10;3;2;0;10;;;;15;25
"054011";"Citerna";85;1;7;0;1;;;;9;0;3;0;10;;;;13;22
"054011";"Citerna";86;0;5;0;0;;;;5;0;3;0;13;;;;16;21
"054011";"Citerna";87;0;2;0;3;;;;5;0;1;0;8;;;;9;14
"054011";"Citerna";88;1;5;0;0;;;;6;1;0;0;10;;;;11;17
"054011";"Citerna";89;1;1;0;2;;;;4;0;2;0;6;;;;8;12
"054011";"Citerna";90;1;1;0;2;;;;4;0;1;0;5;;;;6;10
"054011";"Citerna";91;0;0;0;3;;;;3;0;0;0;1;;;;1;4
"054011";"Citerna";92;0;0;0;0;;;;0;0;0;0;2;;;;2;2
"054011";"Citerna";93;0;1;0;1;;;;2;0;0;0;0;;;;0;2
"054011";"Citerna";94;0;1;0;0;;;;1;0;0;0;1;;;;1;2
"054011";"Citerna";95;0;0;0;1;;;;1;0;0;0;2;;;;2;3
"054011";"Citerna";96;0;0;0;1;;;;1;1;0;0;2;;;;3;4
"054011";"Citerna";97;0;0;0;0;;;;0;0;0;0;0;;;;0;0
"054011";"Citerna";98;0;0;0;0;;;;0;0;0;0;1;;;;1;1
"054011";"Citerna";99;0;0;0;0;;;;0;0;0;0;0;;;;0;0
"054011";"Citerna";100;0;0;0;0;;;;0;0;0;0;0;;;;0;0
"054011";"Citerna";999;798;839;44;41;;;;1722;648;817;44;188;;;;1697;3419
"054012";"Città della Pieve";0;23;0;0;0;;;;23;19;0;0;0;;;;19;42
"054012";"Città della Pieve";1;20;0;0;0;;;;20;24;0;0;0;;;;24;44
"054012";"Città della Pieve";2;27;0;0;0;;;;27;33;0;0;0;;;;33;60
"054012";"Città della Pieve";3;23;0;0;0;;;;23;25;0;0;0;;;;25;48
"054012";"Città della Pieve";4;27;0;0;0;;;;27;30;0;0;0;;;;30;57
"054012";"Città della Pieve";5;25;0;0;0;;;;25;34;0;0;0;;;;34;59
"054012";"Città della Pieve";6;36;0;0;0;;;;36;24;0;0;0;;;;24;60
"054012";"Città della Pieve";7;40;0;0;0;;;;40;22;0;0;0;;;;22;62
"054012";"Città della Pieve";8;40;0;0;0;;;;40;25;0;0;0;;;;25;65
"054012";"Città della Pieve";9;36;0;0;0;;;;36;25;0;0;0;;;;25;61
"054012";"Città della Pieve";10;30;0;0;0;;;;30;31;0;0;0;;;;31;61
"054012";"Città della Pieve";11;33;0;0;0;;;;33;29;0;0;0;;;;29;62
"054012";"Città della Pieve";12;43;0;0;0;;;;43;37;0;0;0;;;;37;80
"054012";"Città della Pieve";13;33;0;0;0;;;;33;37;0;0;0;;;;37;70
"054012";"Città della Pieve";14;42;0;0;0;;;;42;34;0;0;0;;;;34;76
"054012";"Città della Pieve";15;28;0;0;0;;;;28;34;0;0;0;;;;34;62
"054012";"Città della Pieve";16;36;0;0;0;;;;36;35;0;0;0;;;;35;71
"054012";"Città della Pieve";17;38;0;0;0;;;;38;32;0;0;0;;;;32;70
"054012";"Città della Pieve";18;23;0;0;0;;;;23;32;0;0;0;;;;32;55
"054012";"Città della Pieve";19;28;0;0;0;;;;28;23;0;0;0;;;;23;51
"054012";"Città della Pieve";20;32;0;0;0;;;;32;31;0;0;0;;;;31;63
"054012";"Città della Pieve";21;42;0;0;0;;;;42;33;1;0;0;;;;34;76
"054012";"Città della Pieve";22;37;1;0;0;;;;38;25;0;0;0;;;;25;63
"054012";"Città della Pieve";23;33;0;0;0;;;;33;24;1;0;0;;;;25;58
"054012";"Città della Pieve";24;34;0;0;0;;;;34;31;5;0;0;;;;36;70
"054012";"Città della Pieve";25;35;0;0;0;;;;35;22;5;0;0;;;;27;62
"054012";"Città della Pieve";26;28;1;0;0;;;;29;25;3;0;0;;;;28;57
"054012";"Città della Pieve";27;36;1;0;0;;;;37;28;3;0;0;;;;31;68
"054012";"Città della Pieve";28;25;3;0;0;;;;28;33;5;0;0;;;;38;66
"054012";"Città della Pieve";29;25;4;0;0;;;;29;30;7;0;0;;;;37;66
"054012";"Città della Pieve";30;28;4;1;0;;;;33;30;3;0;0;;;;33;66
"054012";"Città della Pieve";31;30;3;0;0;;;;33;22;13;0;0;;;;35;68
"054012";"Città della Pieve";32;49;13;0;0;;;;62;37;16;1;0;;;;54;116
"054012";"Città della Pieve";33;38;3;0;0;;;;41;23;15;2;0;;;;40;81
"054012";"Città della Pieve";34;25;7;0;1;;;;33;24;8;0;0;;;;32;65
"054012";"Città della Pieve";35;26;11;0;0;;;;37;23;14;0;0;;;;37;74
"054012";"Città della Pieve";36;21;15;0;0;;;;36;24;23;2;0;;;;49;85
"054012";"Città della Pieve";37;28;11;2;0;;;;41;20;18;1;0;;;;39;80
"054012";"Città della Pieve";38;23;25;0;0;;;;48;16;23;1;0;;;;40;88
"054012";"Città della Pieve";39;25;23;1;0;;;;49;25;20;2;1;;;;48;97
"054012";"Città della Pieve";40;22;19;2;0;;;;43;19;27;0;0;;;;46;89
"054012";"Città della Pieve";41;27;20;1;0;;;;48;18;26;0;0;;;;44;92
"054012";"Città della Pieve";42;20;37;3;0;;;;60;19;36;3;0;;;;58;118
"054012";"Città della Pieve";43;25;22;1;0;;;;48;22;28;4;1;;;;55;103
"054012";"Città della Pieve";44;29;20;1;0;;;;50;20;38;1;2;;;;61;111
"054012";"Città della Pieve";45;16;28;2;0;;;;46;11;34;4;1;;;;50;96
"054012";"Città della Pieve";46;14;31;2;0;;;;47;18;52;7;0;;;;77;124
"054012";"Città della Pieve";47;15;40;3;1;;;;59;15;46;3;2;;;;66;125
"054012";"Città della Pieve";48;11;38;0;0;;;;49;16;32;2;1;;;;51;100
"054012";"Città della Pieve";49;18;32;3;0;;;;53;9;44;6;0;;;;59;112
"054012";"Città della Pieve";50;13;41;3;0;;;;57;12;28;2;2;;;;44;101
"054012";"Città della Pieve";51;16;44;6;1;;;;67;8;44;3;1;;;;56;123
"054012";"Città della Pieve";52;11;31;2;1;;;;45;15;53;1;2;;;;71;116
"054012";"Città della Pieve";53;11;49;3;1;;;;64;14;43;5;5;;;;67;131
"054012";"Città della Pieve";54;13;35;4;0;;;;52;9;46;8;1;;;;64;116
"054012";"Città della Pieve";55;12;36;2;1;;;;51;6;36;6;4;;;;52;103
"054012";"Città della Pieve";56;4;50;5;0;;;;59;10;32;7;0;;;;49;108
"054012";"Città della Pieve";57;11;46;3;1;;;;61;12;50;3;0;;;;65;126
"054012";"Città della Pieve";58;12;32;4;0;;;;48;2;44;1;6;;;;53;101
"054012";"Città della Pieve";59;4;48;2;0;;;;54;6;55;7;6;;;;74;128
"054012";"Città della Pieve";60;8;41;2;0;;;;51;5;48;9;6;;;;68;119
"054012";"Città della Pieve";61;9;39;4;0;;;;52;4;54;1;5;;;;64;116
"054012";"Città della Pieve";62;8;38;5;0;;;;51;9;41;4;2;;;;56;107
"054012";"Città della Pieve";63;2;35;0;1;;;;38;6;43;5;5;;;;59;97
"054012";"Città della Pieve";64;5;37;3;1;;;;46;4;54;4;9;;;;71;117
"054012";"Città della Pieve";65;7;53;3;0;;;;63;6;54;2;9;;;;71;134
"054012";"Città della Pieve";66;5;50;2;3;;;;60;6;41;1;10;;;;58;118
"054012";"Città della Pieve";67;2;63;2;4;;;;71;4;41;2;5;;;;52;123
"054012";"Città della Pieve";68;1;37;3;2;;;;43;3;38;3;9;;;;53;96
"054012";"Città della Pieve";69;5;42;3;1;;;;51;4;30;2;10;;;;46;97
"054012";"Città della Pieve";70;4;47;3;5;;;;59;2;28;1;10;;;;41;100
"054012";"Città della Pieve";71;3;41;2;5;;;;51;1;37;2;15;;;;55;106
"054012";"Città della Pieve";72;4;32;0;3;;;;39;0;34;1;8;;;;43;82
"054012";"Città della Pieve";73;6;42;2;2;;;;52;2;28;6;12;;;;48;100
"054012";"Città della Pieve";74;0;33;0;2;;;;35;3;26;2;14;;;;45;80
"054012";"Città della Pieve";75;2;21;0;2;;;;25;0;17;0;11;;;;28;53
"054012";"Città della Pieve";76;3;23;0;1;;;;27;1;22;1;12;;;;36;63
"054012";"Città della Pieve";77;0;28;1;6;;;;35;1;22;0;17;;;;40;75
"054012";"Città della Pieve";78;0;23;1;1;;;;25;2;24;1;14;;;;41;66
"054012";"Città della Pieve";79;3;17;1;2;;;;23;1;20;1;17;;;;39;62
"054012";"Città della Pieve";80;5;25;0;3;;;;33;0;16;2;22;;;;40;73
"054012";"Città della Pieve";81;0;24;0;9;;;;33;0;13;4;27;;;;44;77
"054012";"Città della Pieve";82;3;28;1;4;;;;36;0;17;0;23;;;;40;76
"054012";"Città della Pieve";83;1;16;0;3;;;;20;3;13;0;28;;;;44;64
"054012";"Città della Pieve";84;2;20;1;3;;;;26;1;12;0;27;;;;40;66
"054012";"Città della Pieve";85;4;20;0;6;;;;30;1;7;0;26;;;;34;64
"054012";"Città della Pieve";86;4;18;0;9;;;;31;3;10;0;21;;;;34;65
"054012";"Città della Pieve";87;1;9;0;7;;;;17;0;7;0;22;;;;29;46
"054012";"Città della Pieve";88;0;11;0;4;;;;15;0;1;0;17;;;;18;33
"054012";"Città della Pieve";89;1;11;0;2;;;;14;1;2;0;22;;;;25;39
"054012";"Città della Pieve";90;0;6;0;2;;;;8;0;5;0;25;;;;30;38
"054012";"Città della Pieve";91;0;3;0;2;;;;5;1;0;1;12;;;;14;19
"054012";"Città della Pieve";92;0;6;0;3;;;;9;0;2;0;17;;;;19;28
"054012";"Città della Pieve";93;1;1;0;1;;;;3;1;0;0;13;;;;14;17
"054012";"Città della Pieve";94;0;3;0;1;;;;4;1;1;0;10;;;;12;16
"054012";"Città della Pieve";95;1;0;0;0;;;;1;0;0;0;10;;;;10;11
"054012";"Città della Pieve";96;0;1;0;0;;;;1;2;0;0;6;;;;8;9
"054012";"Città della Pieve";97;0;1;0;0;;;;1;1;0;0;2;;;;3;4
"054012";"Città della Pieve";98;0;0;0;0;;;;0;0;0;0;0;;;;0;0
"054012";"Città della Pieve";99;0;0;0;0;;;;0;0;0;0;0;;;;0;0
"054012";"Città della Pieve";100;0;0;0;1;;;;1;3;0;0;3;;;;6;7
"054012";"Città della Pieve";999;1655;1769;95;108;;;;3627;1454;1785;137;568;;;;3944;7571
"054013";"Città di Castello";0;126;0;0;0;0;0;0;126;125;0;0;0;0;0;0;125;251
"054013";"Città di Castello";1;119;0;0;0;0;0;0;119;131;0;0;0;0;0;0;131;250
"054013";"Città di Castello";2;150;0;0;0;0;0;0;150;136;0;0;0;0;0;0;136;286
"054013";"Città di Castello";3;150;0;0;0;0;0;0;150;124;0;0;0;0;0;0;124;274
"054013";"Città di Castello";4;156;0;0;0;0;0;0;156;152;0;0;0;0;0;0;152;308
"054013";"Città di Castello";5;178;0;0;0;0;0;0;178;153;0;0;0;0;0;0;153;331
"054013";"Città di Castello";6;162;0;0;0;0;0;0;162;165;0;0;0;0;0;0;165;327
"054013";"Città di Castello";7;192;0;0;0;0;0;0;192;157;0;0;0;0;0;0;157;349
"054013";"Città di Castello";8;151;0;0;0;0;0;0;151;175;0;0;0;0;0;0;175;326
"054013";"Città di Castello";9;171;0;0;0;0;0;0;171;158;0;0;0;0;0;0;158;329
"054013";"Città di Castello";10;187;0;0;0;0;0;0;187;170;0;0;0;0;0;0;170;357
"054013";"Città di Castello";11;170;0;0;0;0;0;0;170;157;0;0;0;0;0;0;157;327
"054013";"Città di Castello";12;177;0;0;0;0;0;0;177;156;0;0;0;0;0;0;156;333
"054013";"Città di Castello";13;159;0;0;0;0;0;0;159;182;0;0;0;0;0;0;182;341
"054013";"Città di Castello";14;182;0;0;0;0;0;0;182;165;0;0;0;0;0;0;165;347
"054013";"Città di Castello";15;200;0;0;0;0;0;0;200;169;0;0;0;0;0;0;169;369
"054013";"Città di Castello";16;156;0;0;0;0;0;0;156;176;0;0;0;0;0;0;176;332
"054013";"Città di Castello";17;198;0;0;0;0;0;0;198;160;0;0;0;0;0;0;160;358
"054013";"Città di Castello";18;172;0;0;0;0;0;0;172;163;0;0;0;0;0;0;163;335
"054013";"Città di Castello";19;177;0;0;0;0;0;0;177;183;0;0;0;0;0;0;183;360
"054013";"Città di Castello";20;204;0;0;0;0;0;0;204;186;2;0;0;0;0;0;188;392
"054013";"Città di Castello";21;195;0;0;0;0;0;0;195;159;1;0;0;0;0;0;160;355
"054013";"Città di Castello";22;196;0;0;0;0;0;0;196;177;3;0;0;0;0;0;180;376
"054013";"Città di Castello";23;180;0;0;0;0;0;0;180;180;5;0;0;0;0;0;185;365
"054013";"Città di Castello";24;186;0;0;0;0;0;0;186;170;6;0;0;0;0;0;176;362
"054013";"Città di Castello";25;200;6;0;0;0;0;0;206;164;10;1;0;0;0;0;175;381
"054013";"Città di Castello";26;171;7;0;0;0;0;0;178;154;22;0;0;0;0;0;176;354
"054013";"Città di Castello";27;133;13;0;0;0;0;0;146;159;24;1;0;0;0;0;184;330
"054013";"Città di Castello";28;195;13;0;0;0;0;0;208;125;35;1;0;0;0;0;161;369
"054013";"Città di Castello";29;154;21;0;0;0;0;0;175;146;42;0;0;0;0;0;188;363
"054013";"Città di Castello";30;166;20;0;0;0;0;0;186;146;45;0;0;0;0;0;191;377
"054013";"Città di Castello";31;172;28;0;0;0;0;0;200;133;78;1;0;0;0;0;212;412
"054013";"Città di Castello";32;128;56;2;0;1;0;0;187;114;73;2;0;0;0;0;189;376
"054013";"Città di Castello";33;118;63;1;0;0;0;0;182;111;97;2;0;0;0;0;210;392
"054013";"Città di Castello";34;123;61;3;0;0;0;0;187;90;86;1;1;0;0;0;178;365
"054013";"Città di Castello";35;140;59;3;0;0;0;0;202;105;100;7;0;0;0;0;212;414
"054013";"Città di Castello";36;126;85;5;1;0;0;0;217;120;112;3;0;0;0;0;235;452
"054013";"Città di Castello";37;132;85;4;0;0;0;0;221;109;107;6;1;1;0;0;224;445
"054013";"Città di Castello";38;132;90;0;0;1;0;0;223;87;147;9;1;0;0;0;244;467
"054013";"Città di Castello";39;113;127;1;0;0;0;0;241;94;136;10;0;1;0;0;241;482
"054013";"Città di Castello";40;125;106;4;1;0;0;0;236;96;146;8;2;0;0;0;252;488
"054013";"Città di Castello";41;107;108;11;0;0;0;0;226;82;148;11;1;0;0;0;242;468
"054013";"Città di Castello";42;115;134;7;1;0;0;0;257;88;169;11;1;0;0;0;269;526
"054013";"Città di Castello";43;108;151;9;0;0;0;0;268;73;179;18;3;0;0;0;273;541
"054013";"Città di Castello";44;111;181;11;1;1;0;0;305;72;207;22;4;0;0;0;305;610
"054013";"Città di Castello";45;104;163;7;0;0;0;0;274;67;206;17;5;0;0;0;295;569
"054013";"Città di Castello";46;105;199;14;1;0;0;0;319;93;197;32;8;0;0;0;330;649
"054013";"Città di Castello";47;89;195;7;0;0;0;0;291;60;226;30;6;0;0;0;322;613
"054013";"Città di Castello";48;101;163;17;0;1;0;0;282;81;227;26;1;0;0;0;335;617
"054013";"Città di Castello";49;71;216;15;1;0;0;0;303;53;214;23;6;0;0;0;296;599
"054013";"Città di Castello";50;74;216;17;1;0;0;0;308;57;199;8;4;0;0;0;268;576
"054013";"Città di Castello";51;70;185;24;0;0;0;0;279;67;228;27;10;1;0;0;333;612
"054013";"Città di Castello";52;79;188;10;2;0;0;0;279;66;223;26;9;0;0;0;324;603
"054013";"Città di Castello";53;69;222;21;0;0;0;0;312;56;216;18;5;0;0;0;295;607
"054013";"Città di Castello";54;59;205;23;4;0;0;0;291;46;227;22;6;0;0;0;301;592
"054013";"Città di Castello";55;62;220;15;3;0;0;0;300;32;239;24;10;0;0;0;305;605
"054013";"Città di Castello";56;59;242;23;6;0;0;0;330;44;238;25;21;0;0;0;328;658
"054013";"Città di Castello";57;40;215;22;3;0;0;0;280;32;212;28;12;0;0;0;284;564
"054013";"Città di Castello";58;39;235;21;3;0;0;0;298;27;227;26;16;0;0;0;296;594
"054013";"Città di Castello";59;37;223;16;3;0;0;0;279;25;240;19;16;0;0;0;300;579
"054013";"Città di Castello";60;37;195;16;10;0;0;0;258;25;229;18;17;0;0;0;289;547
"054013";"Città di Castello";61;35;209;13;7;0;0;0;264;32;218;22;25;0;0;0;297;561
"054013";"Città di Castello";62;29;185;9;4;0;0;0;227;35;224;17;23;1;0;0;300;527
"054013";"Città di Castello";63;34;188;15;4;1;0;0;242;27;189;14;23;0;0;0;253;495
"054013";"Città di Castello";64;20;206;18;9;0;0;0;253;31;221;16;31;0;0;0;299;552
"054013";"Città di Castello";65;33;187;7;9;0;0;0;236;25;209;26;41;0;0;0;301;537
"054013";"Città di Castello";66;30;206;14;5;0;0;0;255;19;198;13;45;0;0;0;275;530
"054013";"Città di Castello";67;27;201;12;7;1;0;0;248;22;180;13;42;0;0;0;257;505
"054013";"Città di Castello";68;22;197;9;6;0;0;0;234;18;168;6;45;0;0;0;237;471
"054013";"Città di Castello";69;16;179;4;12;1;0;0;212;15;159;10;44;0;0;0;228;440
"054013";"Città di Castello";70;21;231;8;4;0;0;0;264;24;183;5;43;0;0;0;255;519
"054013";"Città di Castello";71;21;218;4;14;0;0;0;257;13;181;11;66;0;0;0;271;528
"054013";"Città di Castello";72;14;212;6;11;0;0;0;243;20;156;6;71;0;0;0;253;496
"054013";"Città di Castello";73;19;202;5;17;0;0;0;243;16;154;4;78;0;0;0;252;495
"054013";"Città di Castello";74;17;151;6;18;0;0;0;192;10;133;8;71;0;0;0;222;414
"054013";"Città di Castello";75;8;127;3;10;0;0;0;148;16;99;5;58;0;0;0;178;326
"054013";"Città di Castello";76;20;128;2;8;0;0;0;158;16;110;3;61;0;0;0;190;348
"054013";"Città di Castello";77;13;131;3;12;0;0;0;159;17;107;3;65;0;0;0;192;351
"054013";"Città di Castello";78;17;105;1;12;0;0;0;135;13;85;4;78;0;0;0;180;315
"054013";"Città di Castello";79;12;110;3;22;0;0;0;147;11;93;1;84;0;0;0;189;336
"054013";"Città di Castello";80;9;122;0;11;0;0;0;142;17;94;3;86;0;0;0;200;342
"054013";"Città di Castello";81;7;119;2;17;0;0;0;145;13;83;1;105;0;0;0;202;347
"054013";"Città di Castello";82;16;117;1;21;0;0;0;155;6;84;0;143;0;0;0;233;388
"054013";"Città di Castello";83;9;101;1;15;0;0;0;126;13;54;4;116;0;0;0;187;313
"054013";"Città di Castello";84;9;71;0;23;0;0;0;103;7;48;1;122;0;0;0;178;281
"054013";"Città di Castello";85;7;69;1;17;0;0;0;94;10;28;0;121;0;0;0;159;253
"054013";"Città di Castello";86;4;51;1;26;0;0;0;82;12;37;0;107;0;0;0;156;238
"054013";"Città di Castello";87;6;54;1;20;0;0;0;81;7;23;1;105;0;0;0;136;217
"054013";"Città di Castello";88;1;42;0;15;0;0;0;58;5;19;2;97;0;0;0;123;181
"054013";"Città di Castello";89;6;33;0;28;0;0;0;67;9;10;0;96;0;0;0;115;182
"054013";"Città di Castello";90;4;25;0;16;1;0;0;46;6;10;1;89;0;0;0;106;152
"054013";"Città di Castello";91;3;17;0;7;0;0;0;27;1;7;0;85;0;0;0;93;120
"054013";"Città di Castello";92;3;19;0;6;0;0;0;28;1;5;0;57;0;0;0;63;91
"054013";"Città di Castello";93;3;2;0;11;0;0;0;16;3;4;0;58;0;0;0;65;81
"054013";"Città di Castello";94;1;8;0;4;0;0;0;13;5;1;0;30;0;0;0;36;49
"054013";"Città di Castello";95;0;1;0;4;0;0;0;5;2;1;1;27;0;0;0;31;36
"054013";"Città di Castello";96;0;3;0;3;0;0;0;6;0;0;0;25;0;0;0;25;31
"054013";"Città di Castello";97;1;0;0;4;0;0;0;5;1;0;0;25;0;0;0;26;31
"054013";"Città di Castello";98;0;1;0;3;0;0;0;4;0;1;0;12;0;0;0;13;17
"054013";"Città di Castello";99;0;1;0;1;0;0;0;2;1;0;0;9;0;0;0;10;12
"054013";"Città di Castello";100;0;2;0;2;0;0;0;4;3;0;0;6;0;0;0;9;13
"054013";"Città di Castello";999;8655;8927;478;486;8;0;0;18554;7630;9104;684;2681;4;0;0;20103;38657
"054014";"Collazzone";0;10;0;0;0;;;;10;15;0;0;0;;;;15;25
"054014";"Collazzone";1;16;0;0;0;;;;16;15;0;0;0;;;;15;31
"054014";"Collazzone";2;9;0;0;0;;;;9;17;0;0;0;;;;17;26
"054014";"Collazzone";3;13;0;0;0;;;;13;17;0;0;0;;;;17;30
"054014";"Collazzone";4;19;0;0;0;;;;19;19;0;0;0;;;;19;38
"054014";"Collazzone";5;16;0;0;0;;;;16;17;0;0;0;;;;17;33
"054014";"Collazzone";6;21;0;0;0;;;;21;16;0;0;0;;;;16;37
"054014";"Collazzone";7;7;0;0;0;;;;7;17;0;0;0;;;;17;24
"054014";"Collazzone";8;15;0;0;0;;;;15;14;0;0;0;;;;14;29
"054014";"Collazzone";9;15;0;0;0;;;;15;31;0;0;0;;;;31;46
"054014";"Collazzone";10;17;0;0;0;;;;17;14;0;0;0;;;;14;31
"054014";"Collazzone";11;14;0;0;0;;;;14;13;0;0;0;;;;13;27
"054014";"Collazzone";12;4;0;0;0;;;;4;11;0;0;0;;;;11;15
"054014";"Collazzone";13;25;0;0;0;;;;25;23;0;0;0;;;;23;48
"054014";"Collazzone";14;16;0;0;0;;;;16;12;0;0;0;;;;12;28
"054014";"Collazzone";15;17;0;0;0;;;;17;18;0;0;0;;;;18;35
"054014";"Collazzone";16;17;0;0;0;;;;17;17;0;0;0;;;;17;34
"054014";"Collazzone";17;15;0;0;0;;;;15;6;0;0;0;;;;6;21
"054014";"Collazzone";18;10;0;0;0;;;;10;23;0;0;0;;;;23;33
"054014";"Collazzone";19;18;0;0;0;;;;18;18;0;0;0;;;;18;36
"054014";"Collazzone";20;25;0;0;0;;;;25;16;0;0;0;;;;16;41
"054014";"Collazzone";21;17;0;0;0;;;;17;14;3;0;0;;;;17;34
"054014";"Collazzone";22;12;0;0;0;;;;12;7;2;0;0;;;;9;21
"054014";"Collazzone";23;12;0;0;0;;;;12;14;1;0;0;;;;15;27
"054014";"Collazzone";24;8;1;0;0;;;;9;14;1;0;0;;;;15;24
"054014";"Collazzone";25;16;0;0;0;;;;16;11;4;0;0;;;;15;31
"054014";"Collazzone";26;14;0;0;0;;;;14;11;1;0;0;;;;12;26
"054014";"Collazzone";27;16;2;0;0;;;;18;12;5;0;0;;;;17;35
"054014";"Collazzone";28;13;2;0;0;;;;15;11;7;0;0;;;;18;33
"054014";"Collazzone";29;10;1;0;0;;;;11;10;7;0;0;;;;17;28
"054014";"Collazzone";30;12;4;0;0;;;;16;10;9;0;0;;;;19;35
"054014";"Collazzone";31;13;1;0;0;;;;14;13;10;1;0;;;;24;38
"054014";"Collazzone";32;15;8;0;0;;;;23;15;3;1;0;;;;19;42
"054014";"Collazzone";33;11;6;0;0;;;;17;9;3;0;0;;;;12;29
"054014";"Collazzone";34;17;8;0;0;;;;25;8;8;0;0;;;;16;41
"054014";"Collazzone";35;11;6;0;0;;;;17;9;12;0;0;;;;21;38
"054014";"Collazzone";36;13;11;0;0;;;;24;10;13;0;0;;;;23;47
"054014";"Collazzone";37;6;5;0;0;;;;11;9;14;1;0;;;;24;35
"054014";"Collazzone";38;17;11;0;0;;;;28;13;12;0;0;;;;25;53
"054014";"Collazzone";39;9;12;0;0;;;;21;15;14;0;0;;;;29;50
"054014";"Collazzone";40;10;12;0;0;;;;22;8;10;3;0;;;;21;43
"054014";"Collazzone";41;10;12;0;0;;;;22;14;13;1;0;;;;28;50
"054014";"Collazzone";42;11;10;0;0;;;;21;4;17;0;2;;;;23;44
"054014";"Collazzone";43;8;10;2;0;;;;20;8;20;0;0;;;;28;48
"054014";"Collazzone";44;8;22;1;0;;;;31;7;23;0;0;;;;30;61
"054014";"Collazzone";45;7;17;0;0;;;;24;7;15;1;4;;;;27;51
"054014";"Collazzone";46;7;13;1;0;;;;21;6;14;3;0;;;;23;44
"054014";"Collazzone";47;3;20;2;0;;;;25;10;20;2;0;;;;32;57
"054014";"Collazzone";48;6;21;0;0;;;;27;8;21;0;1;;;;30;57
"054014";"Collazzone";49;7;21;0;0;;;;28;2;15;0;0;;;;17;45
"054014";"Collazzone";50;9;18;0;0;;;;27;1;16;2;0;;;;19;46
"054014";"Collazzone";51;5;19;0;1;;;;25;2;28;1;0;;;;31;56
"054014";"Collazzone";52;8;21;0;0;;;;29;3;23;1;3;;;;30;59
"054014";"Collazzone";53;6;19;3;0;;;;28;2;21;0;1;;;;24;52
"054014";"Collazzone";54;3;21;2;0;;;;26;2;17;2;0;;;;21;47
"054014";"Collazzone";55;7;23;3;1;;;;34;2;23;2;0;;;;27;61
"054014";"Collazzone";56;4;27;0;0;;;;31;2;22;0;2;;;;26;57
"054014";"Collazzone";57;4;14;3;2;;;;23;1;15;1;2;;;;19;42
"054014";"Collazzone";58;2;16;0;0;;;;18;2;23;0;1;;;;26;44
"054014";"Collazzone";59;6;15;3;2;;;;26;3;19;3;1;;;;26;52
"054014";"Collazzone";60;3;13;1;0;;;;17;2;11;4;3;;;;20;37
"054014";"Collazzone";61;4;24;1;0;;;;29;2;17;1;2;;;;22;51
"054014";"Collazzone";62;4;12;1;1;;;;18;2;20;5;2;;;;29;47
"054014";"Collazzone";63;0;19;2;0;;;;21;2;12;4;3;;;;21;42
"054014";"Collazzone";64;0;12;2;2;;;;16;2;20;1;1;;;;24;40
"054014";"Collazzone";65;0;24;2;1;;;;27;1;15;1;3;;;;20;47
"054014";"Collazzone";66;4;19;2;0;;;;25;1;10;0;3;;;;14;39
"054014";"Collazzone";67;0;10;0;0;;;;10;0;20;2;7;;;;29;39
"054014";"Collazzone";68;3;5;1;0;;;;9;2;19;0;2;;;;23;32
"054014";"Collazzone";69;5;17;0;0;;;;22;1;16;1;2;;;;20;42
"054014";"Collazzone";70;0;15;1;1;;;;17;1;17;1;2;;;;21;38
"054014";"Collazzone";71;1;16;1;0;;;;18;0;6;0;1;;;;7;25
"054014";"Collazzone";72;2;11;0;0;;;;13;2;16;0;3;;;;21;34
"054014";"Collazzone";73;1;20;0;1;;;;22;1;14;0;3;;;;18;40
"054014";"Collazzone";74;0;22;0;0;;;;22;0;13;0;1;;;;14;36
"054014";"Collazzone";75;1;13;0;4;;;;18;0;12;0;9;;;;21;39
"054014";"Collazzone";76;3;7;1;1;;;;12;2;9;0;5;;;;16;28
"054014";"Collazzone";77;2;22;0;1;;;;25;0;10;0;7;;;;17;42
"054014";"Collazzone";78;1;12;0;0;;;;13;0;7;0;3;;;;10;23
"054014";"Collazzone";79;3;14;0;2;;;;19;0;6;0;9;;;;15;34
"054014";"Collazzone";80;1;12;0;0;;;;13;0;7;0;12;;;;19;32
"054014";"Collazzone";81;4;4;0;1;;;;9;0;7;0;10;;;;17;26
"054014";"Collazzone";82;3;14;1;1;;;;19;0;8;0;9;;;;17;36
"054014";"Collazzone";83;1;8;0;1;;;;10;0;5;0;10;;;;15;25
"054014";"Collazzone";84;0;8;0;0;;;;8;0;1;0;12;;;;13;21
"054014";"Collazzone";85;1;7;0;3;;;;11;0;5;0;9;;;;14;25
"054014";"Collazzone";86;1;4;0;0;;;;5;0;3;0;9;;;;12;17
"054014";"Collazzone";87;0;7;1;2;;;;10;1;3;0;6;;;;10;20
"054014";"Collazzone";88;2;4;0;1;;;;7;0;3;0;3;;;;6;13
"054014";"Collazzone";89;1;4;0;1;;;;6;0;1;0;11;;;;12;18
"054014";"Collazzone";90;0;3;0;2;;;;5;0;0;0;7;;;;7;12
"054014";"Collazzone";91;1;1;0;2;;;;4;0;0;0;6;;;;6;10
"054014";"Collazzone";92;0;2;0;0;;;;2;0;1;0;2;;;;3;5
"054014";"Collazzone";93;0;1;0;1;;;;2;0;0;0;8;;;;8;10
"054014";"Collazzone";94;0;0;0;3;;;;3;0;0;0;9;;;;9;12
"054014";"Collazzone";95;0;0;0;0;;;;0;0;0;0;4;;;;4;4
"054014";"Collazzone";96;0;0;0;0;;;;0;0;0;0;3;;;;3;3
"054014";"Collazzone";97;0;0;0;0;;;;0;0;0;0;1;;;;1;1
"054014";"Collazzone";98;0;0;0;1;;;;1;0;0;0;0;;;;0;1
"054014";"Collazzone";99;0;0;0;0;;;;0;0;0;0;1;;;;1;1
"054014";"Collazzone";100;0;0;0;0;;;;0;1;0;0;1;;;;2;2
"054014";"Collazzone";999;744;815;37;39;;;;1635;681;818;45;221;;;;1765;3400
"054015";"Corciano";0;84;0;0;0;0;0;0;84;84;0;0;0;0;0;0;84;168
"054015";"Corciano";1;99;0;0;0;0;0;0;99;79;0;0;0;0;0;0;79;178
"054015";"Corciano";2;87;0;0;0;0;0;0;87;86;0;0;0;0;0;0;86;173
"054015";"Corciano";3;89;0;0;0;0;0;0;89;108;0;0;0;0;0;0;108;197
"054015";"Corciano";4;113;0;0;0;0;0;0;113;103;0;0;0;0;0;0;103;216
"054015";"Corciano";5;105;0;0;0;0;0;0;105;91;0;0;0;0;0;0;91;196
"054015";"Corciano";6;109;0;0;0;0;0;0;109;97;0;0;0;0;0;0;97;206
"054015";"Corciano";7;104;0;0;0;0;0;0;104;103;0;0;0;0;0;0;103;207
"054015";"Corciano";8;124;0;0;0;0;0;0;124;126;0;0;0;0;0;0;126;250
"054015";"Corciano";9;114;0;0;0;0;0;0;114;114;0;0;0;0;0;0;114;228
"054015";"Corciano";10;140;0;0;0;0;0;0;140;121;0;0;0;0;0;0;121;261
"054015";"Corciano";11;130;0;0;0;0;0;0;130;116;0;0;0;0;0;0;116;246
"054015";"Corciano";12;123;0;0;0;0;0;0;123;127;0;0;0;0;0;0;127;250
"054015";"Corciano";13;119;0;0;0;0;0;0;119;111;0;0;0;0;0;0;111;230
"054015";"Corciano";14;99;0;0;0;0;0;0;99;122;0;0;0;0;0;0;122;221
"054015";"Corciano";15;103;0;0;0;0;0;0;103;111;0;0;0;0;0;0;111;214
"054015";"Corciano";16;100;0;0;0;0;0;0;100;91;0;0;0;0;0;0;91;191
"054015";"Corciano";17;120;0;0;0;0;0;0;120;104;0;0;0;0;0;0;104;224
"054015";"Corciano";18;107;0;0;0;0;0;0;107;108;0;0;0;0;0;0;108;215
"054015";"Corciano";19;104;0;0;0;0;0;0;104;91;0;0;0;0;0;0;91;195
"054015";"Corciano";20;93;0;0;0;0;0;0;93;105;0;0;0;0;0;0;105;198
"054015";"Corciano";21;122;0;0;0;0;0;0;122;82;0;0;0;0;0;0;82;204
"054015";"Corciano";22;88;0;0;0;0;0;0;88;105;3;0;0;0;0;0;108;196
"054015";"Corciano";23;88;0;0;0;0;0;0;88;93;0;0;0;0;0;0;93;181
"054015";"Corciano";24;95;0;0;0;0;0;0;95;84;3;0;0;0;0;0;87;182
"054015";"Corciano";25;86;2;0;0;0;0;0;88;80;4;0;0;0;0;0;84;172
"054015";"Corciano";26;82;2;0;0;0;0;0;84;73;6;0;0;0;0;0;79;163
"054015";"Corciano";27;98;6;0;0;0;0;0;104;78;8;0;0;0;0;0;86;190
"054015";"Corciano";28;113;6;0;0;0;0;0;119;83;21;1;0;0;0;0;105;224
"054015";"Corciano";29;89;5;1;0;0;0;0;95;79;33;1;0;0;0;0;113;208
"054015";"Corciano";30;84;11;0;0;0;0;0;95;72;33;1;0;0;0;0;106;201
"054015";"Corciano";31;96;24;0;0;1;0;0;121;78;47;1;0;0;0;0;126;247
"054015";"Corciano";32;88;35;0;0;1;0;0;124;88;48;0;1;0;0;0;137;261
"054015";"Corciano";33;74;31;0;0;0;0;0;105;61;49;2;1;0;0;0;113;218
"054015";"Corciano";34;79;34;2;0;0;0;0;115;74;56;4;0;0;0;0;134;249
"054015";"Corciano";35;80;49;1;0;0;0;0;130;52;58;2;0;0;0;0;112;242
"054015";"Corciano";36;66;47;2;0;0;0;0;115;66;75;2;0;0;0;0;143;258
"054015";"Corciano";37;59;70;4;0;0;0;0;133;48;84;4;0;0;0;0;136;269
"054015";"Corciano";38;66;51;2;0;0;0;0;119;56;80;3;0;0;0;0;139;258
"054015";"Corciano";39;64;72;3;0;0;0;0;139;44;95;6;0;1;0;0;146;285
"054015";"Corciano";40;66;65;5;0;0;0;0;136;53;103;10;0;0;0;0;166;302
"054015";"Corciano";41;86;76;3;0;0;0;0;165;53;115;10;4;0;0;0;182;347
"054015";"Corciano";42;62;77;5;0;0;0;0;144;54;113;8;2;0;0;0;177;321
"054015";"Corciano";43;69;113;3;0;0;0;0;185;37;112;11;3;1;0;0;164;349
"054015";"Corciano";44;61;109;10;0;0;0;0;180;51;122;8;0;0;0;0;181;361
"054015";"Corciano";45;47;115;8;1;0;0;0;171;55;143;10;2;1;1;0;212;383
"054015";"Corciano";46;54;130;9;0;1;0;0;194;44;131;14;5;0;0;0;194;388
"054015";"Corciano";47;72;126;5;1;1;0;0;205;38;134;13;3;0;0;0;188;393
"054015";"Corciano";48;43;115;12;1;0;0;0;171;43;145;9;0;0;0;0;197;368
"054015";"Corciano";49;48;123;13;2;0;0;0;186;45;138;18;1;0;0;0;202;388
"054015";"Corciano";50;45;118;14;0;0;0;0;177;32;144;10;7;0;0;0;193;370
"054015";"Corciano";51;41;139;14;1;1;0;0;196;32;97;21;5;0;0;0;155;351
"054015";"Corciano";52;21;133;5;2;0;0;0;161;25;141;21;5;0;0;0;192;353
"054015";"Corciano";53;29;124;12;2;0;0;0;167;34;136;12;5;0;0;0;187;354
"054015";"Corciano";54;30;131;9;1;1;0;0;172;30;132;15;1;0;0;0;178;350
"054015";"Corciano";55;25;132;10;1;0;0;0;168;33;122;11;5;1;0;0;172;340
"054015";"Corciano";56;20;109;13;1;0;0;0;143;14;108;23;5;0;0;0;150;293
"054015";"Corciano";57;20;101;16;3;1;0;0;141;16;131;12;3;0;0;0;162;303
"054015";"Corciano";58;21;116;12;2;0;0;0;151;21;123;16;12;0;0;0;172;323
"054015";"Corciano";59;16;99;13;0;0;0;0;128;9;107;9;10;0;0;0;135;263
"054015";"Corciano";60;14;101;5;0;0;0;0;120;9;116;14;8;0;0;0;147;267
"054015";"Corciano";61;7;88;10;6;0;0;0;111;12;110;11;6;0;0;0;139;250
"054015";"Corciano";62;7;87;4;3;0;0;0;101;6;94;6;7;0;0;0;113;214
"054015";"Corciano";63;3;108;9;2;0;0;0;122;12;88;11;11;0;0;0;122;244
"054015";"Corciano";64;9;95;8;3;1;0;0;116;7;111;5;9;0;0;0;132;248
"054015";"Corciano";65;11;101;8;3;0;0;0;123;10;97;4;16;0;0;0;127;250
"054015";"Corciano";66;6;93;3;2;0;0;0;104;13;92;6;13;0;0;0;124;228
"054015";"Corciano";67;5;96;7;7;0;0;0;115;7;97;6;14;1;0;0;125;240
"054015";"Corciano";68;9;86;6;3;0;0;0;104;7;87;5;15;0;0;0;114;218
"054015";"Corciano";69;2;82;2;2;0;0;0;88;7;103;6;21;0;0;0;137;225
"054015";"Corciano";70;1;88;6;10;0;0;0;105;8;90;6;20;1;0;0;125;230
"054015";"Corciano";71;11;109;5;6;0;0;0;131;7;82;11;29;0;0;0;129;260
"054015";"Corciano";72;4;119;2;6;0;0;0;131;1;88;7;28;0;0;0;124;255
"054015";"Corciano";73;3;101;3;8;0;0;0;115;7;83;8;39;0;0;0;137;252
"054015";"Corciano";74;5;98;2;12;0;0;0;117;4;71;4;28;0;0;0;107;224
"054015";"Corciano";75;3;70;1;5;0;0;0;79;4;38;3;25;0;0;0;70;149
"054015";"Corciano";76;2;56;3;9;0;0;0;70;2;55;3;31;0;0;0;91;161
"054015";"Corciano";77;7;49;3;8;0;0;0;67;2;49;2;27;0;0;0;80;147
"054015";"Corciano";78;5;55;1;6;0;0;0;67;2;53;2;41;1;0;0;99;166
"054015";"Corciano";79;2;56;1;14;0;0;0;73;4;51;2;34;0;0;0;91;164
"054015";"Corciano";80;5;54;6;7;0;0;0;72;1;49;1;53;0;0;0;104;176
"054015";"Corciano";81;4;60;0;7;0;0;0;71;1;42;1;42;0;0;0;86;157
"054015";"Corciano";82;3;52;1;7;0;0;0;63;3;39;1;51;0;0;0;94;157
"054015";"Corciano";83;5;41;2;11;0;0;0;59;3;28;1;37;0;0;0;69;128
"054015";"Corciano";84;1;56;0;5;0;0;0;62;0;17;1;40;0;0;0;58;120
"054015";"Corciano";85;1;39;0;8;0;0;0;48;1;17;0;49;0;0;0;67;115
"054015";"Corciano";86;1;33;0;8;0;0;0;42;1;16;2;48;0;0;0;67;109
"054015";"Corciano";87;2;22;1;8;0;0;0;33;0;11;0;38;0;0;0;49;82
"054015";"Corciano";88;0;27;0;5;0;0;0;32;4;8;0;39;0;0;0;51;83
"054015";"Corciano";89;1;15;0;9;0;0;0;25;2;2;0;40;0;0;0;44;69
"054015";"Corciano";90;0;8;0;6;0;0;0;14;2;6;1;28;0;0;0;37;51
"054015";"Corciano";91;0;10;0;4;0;0;0;14;0;3;0;25;0;0;0;28;42
"054015";"Corciano";92;0;6;0;5;0;0;0;11;0;1;0;23;0;0;0;24;35
"054015";"Corciano";93;1;3;0;1;0;0;0;5;0;0;0;19;0;0;0;19;24
"054015";"Corciano";94;0;5;0;1;0;0;0;6;0;0;0;24;0;0;0;24;30
"054015";"Corciano";95;0;1;0;4;0;0;0;5;0;0;0;11;0;0;0;11;16
"054015";"Corciano";96;0;0;0;3;0;0;0;3;0;0;0;10;0;0;0;10;13
"054015";"Corciano";97;0;1;0;0;0;0;0;1;1;0;0;4;0;0;0;5;6
"054015";"Corciano";98;0;0;0;3;0;0;0;3;0;0;0;6;0;0;0;6;9
"054015";"Corciano";99;0;0;0;1;0;0;0;1;0;0;0;1;0;0;0;1;2
"054015";"Corciano";100;0;0;0;0;0;0;0;0;0;0;0;3;0;0;0;3;3
"054015";"Corciano";999;4899;4867;305;236;8;0;0;10315;4463;5094;418;1093;7;1;0;11076;21391
"054016";"Costacciaro";0;2;0;0;0;;;;2;1;0;0;0;;;;1;3
"054016";"Costacciaro";1;2;0;0;0;;;;2;1;0;0;0;;;;1;3
"054016";"Costacciaro";2;2;0;0;0;;;;2;2;0;0;0;;;;2;4
"054016";"Costacciaro";3;2;0;0;0;;;;2;1;0;0;0;;;;1;3
"054016";"Costacciaro";4;2;0;0;0;;;;2;3;0;0;0;;;;3;5
"054016";"Costacciaro";5;2;0;0;0;;;;2;1;0;0;0;;;;1;3
"054016";"Costacciaro";6;6;0;0;0;;;;6;4;0;0;0;;;;4;10
"054016";"Costacciaro";7;4;0;0;0;;;;4;1;0;0;0;;;;1;5
"054016";"Costacciaro";8;4;0;0;0;;;;4;2;0;0;0;;;;2;6
"054016";"Costacciaro";9;5;0;0;0;;;;5;0;0;0;0;;;;0;5
"054016";"Costacciaro";10;6;0;0;0;;;;6;6;0;0;0;;;;6;12
"054016";"Costacciaro";11;4;0;0;0;;;;4;1;0;0;0;;;;1;5
"054016";"Costacciaro";12;1;0;0;0;;;;1;5;0;0;0;;;;5;6
"054016";"Costacciaro";13;5;0;0;0;;;;5;7;0;0;0;;;;7;12
"054016";"Costacciaro";14;5;0;0;0;;;;5;0;0;0;0;;;;0;5
"054016";"Costacciaro";15;5;0;0;0;;;;5;5;0;0;0;;;;5;10
"054016";"Costacciaro";16;4;0;0;0;;;;4;6;0;0;0;;;;6;10
"054016";"Costacciaro";17;4;0;0;0;;;;4;7;0;0;0;;;;7;11
"054016";"Costacciaro";18;1;0;0;0;;;;1;2;0;0;0;;;;2;3
"054016";"Costacciaro";19;4;0;0;0;;;;4;5;0;0;0;;;;5;9
"054016";"Costacciaro";20;8;0;0;0;;;;8;4;0;0;0;;;;4;12
"054016";"Costacciaro";21;3;0;0;0;;;;3;3;0;0;0;;;;3;6
"054016";"Costacciaro";22;4;0;0;0;;;;4;4;0;0;0;;;;4;8
"054016";"Costacciaro";23;3;0;0;0;;;;3;6;0;0;0;;;;6;9
"054016";"Costacciaro";24;5;0;0;0;;;;5;4;0;0;0;;;;4;9
"054016";"Costacciaro";25;4;0;0;0;;;;4;7;0;0;0;;;;7;11
"054016";"Costacciaro";26;5;0;0;0;;;;5;8;1;0;0;;;;9;14
"054016";"Costacciaro";27;6;1;0;0;;;;7;6;1;0;0;;;;7;14
"054016";"Costacciaro";28;1;0;0;0;;;;1;2;0;0;0;;;;2;3
"054016";"Costacciaro";29;6;1;0;0;;;;7;4;0;0;0;;;;4;11
"054016";"Costacciaro";30;3;0;0;0;;;;3;3;3;0;0;;;;6;9
"054016";"Costacciaro";31;5;2;0;0;;;;7;3;0;0;0;;;;3;10
"054016";"Costacciaro";32;2;1;0;0;;;;3;6;2;0;0;;;;8;11
"054016";"Costacciaro";33;7;1;0;0;;;;8;0;2;1;0;;;;3;11
"054016";"Costacciaro";34;4;2;0;0;;;;6;4;1;0;0;;;;5;11
"054016";"Costacciaro";35;1;2;0;0;;;;3;2;4;0;1;;;;7;10
"054016";"Costacciaro";36;4;1;1;0;;;;6;4;2;0;0;;;;6;12
"054016";"Costacciaro";37;6;4;0;0;;;;10;2;2;0;0;;;;4;14
"054016";"Costacciaro";38;3;2;0;0;;;;5;1;2;1;0;;;;4;9
"054016";"Costacciaro";39;3;1;0;0;;;;4;3;7;0;1;;;;11;15
"054016";"Costacciaro";40;4;2;0;0;;;;6;1;7;0;0;;;;8;14
"054016";"Costacciaro";41;5;1;0;0;;;;6;1;3;0;0;;;;4;10
"054016";"Costacciaro";42;5;4;1;0;;;;10;5;2;0;0;;;;7;17
"054016";"Costacciaro";43;4;3;0;0;;;;7;3;2;0;0;;;;5;12
"054016";"Costacciaro";44;0;4;0;0;;;;4;2;1;0;0;;;;3;7
"054016";"Costacciaro";45;3;3;1;0;;;;7;2;9;1;0;;;;12;19
"054016";"Costacciaro";46;7;4;1;0;;;;12;1;2;0;0;;;;3;15
"054016";"Costacciaro";47;5;4;1;0;;;;10;0;5;1;0;;;;6;16
"054016";"Costacciaro";48;2;11;1;0;;;;14;2;8;1;0;;;;11;25
"054016";"Costacciaro";49;0;4;1;0;;;;5;0;5;1;0;;;;6;11
"054016";"Costacciaro";50;4;4;0;0;;;;8;1;11;1;1;;;;14;22
"054016";"Costacciaro";51;1;4;1;0;;;;6;0;5;1;1;;;;7;13
"054016";"Costacciaro";52;4;5;1;1;;;;11;1;6;0;0;;;;7;18
"054016";"Costacciaro";53;5;10;0;0;;;;15;2;6;1;0;;;;9;24
"054016";"Costacciaro";54;2;7;0;0;;;;9;1;6;0;0;;;;7;16
"054016";"Costacciaro";55;0;10;0;0;;;;10;1;10;3;2;;;;16;26
"054016";"Costacciaro";56;6;4;0;0;;;;10;0;3;1;1;;;;5;15
"054016";"Costacciaro";57;4;4;0;0;;;;8;1;13;1;1;;;;16;24
"054016";"Costacciaro";58;1;4;0;0;;;;5;1;8;1;0;;;;10;15
"054016";"Costacciaro";59;0;8;0;0;;;;8;1;6;0;5;;;;12;20
"054016";"Costacciaro";60;1;7;1;0;;;;9;0;2;1;1;;;;4;13
"054016";"Costacciaro";61;3;8;0;0;;;;11;1;5;0;1;;;;7;18
"054016";"Costacciaro";62;1;4;1;0;;;;6;0;7;0;1;;;;8;14
"054016";"Costacciaro";63;2;9;0;0;;;;11;1;9;0;0;;;;10;21
"054016";"Costacciaro";64;0;6;0;0;;;;6;1;7;1;3;;;;12;18
"054016";"Costacciaro";65;2;5;0;0;;;;7;0;9;2;1;;;;12;19
"054016";"Costacciaro";66;2;7;1;1;;;;11;0;2;0;0;;;;2;13
"054016";"Costacciaro";67;1;4;1;1;;;;7;0;1;0;0;;;;1;8
"054016";"Costacciaro";68;0;6;0;0;;;;6;0;5;1;0;;;;6;12
"054016";"Costacciaro";69;1;7;0;0;;;;8;0;5;1;2;;;;8;16
"054016";"Costacciaro";70;2;9;0;0;;;;11;0;9;0;2;;;;11;22
"054016";"Costacciaro";71;0;4;0;1;;;;5;1;6;0;1;;;;8;13
"054016";"Costacciaro";72;1;6;0;1;;;;8;0;7;1;3;;;;11;19
"054016";"Costacciaro";73;0;4;0;0;;;;4;0;3;0;3;;;;6;10
"054016";"Costacciaro";74;0;11;0;1;;;;12;0;6;1;2;;;;9;21
"054016";"Costacciaro";75;1;2;0;0;;;;3;0;5;0;2;;;;7;10
"054016";"Costacciaro";76;0;4;0;1;;;;5;0;4;0;3;;;;7;12
"054016";"Costacciaro";77;3;8;0;1;;;;12;1;6;0;3;;;;10;22
"054016";"Costacciaro";78;2;4;0;0;;;;6;0;1;1;3;;;;5;11
"054016";"Costacciaro";79;0;3;0;1;;;;4;0;4;1;5;;;;10;14
"054016";"Costacciaro";80;1;3;0;0;;;;4;0;7;0;6;;;;13;17
"054016";"Costacciaro";81;2;8;0;0;;;;10;0;4;0;5;;;;9;19
"054016";"Costacciaro";82;3;2;0;1;;;;6;1;1;0;3;;;;5;11
"054016";"Costacciaro";83;1;3;0;1;;;;5;0;1;0;5;;;;6;11
"054016";"Costacciaro";84;0;3;0;1;;;;4;0;2;0;6;;;;8;12
"054016";"Costacciaro";85;0;2;0;1;;;;3;1;1;0;6;;;;8;11
"054016";"Costacciaro";86;0;4;0;0;;;;4;0;1;0;2;;;;3;7
"054016";"Costacciaro";87;0;5;0;0;;;;5;1;0;0;5;;;;6;11
"054016";"Costacciaro";88;0;0;0;0;;;;0;1;2;0;0;;;;3;3
"054016";"Costacciaro";89;0;0;0;0;;;;0;0;0;0;2;;;;2;2
"054016";"Costacciaro";90;0;2;0;1;;;;3;0;1;0;1;;;;2;5
"054016";"Costacciaro";91;0;2;0;0;;;;2;0;0;0;2;;;;2;4
"054016";"Costacciaro";92;0;2;0;1;;;;3;0;0;0;4;;;;4;7
"054016";"Costacciaro";93;0;0;0;0;;;;0;0;0;0;6;;;;6;6
"054016";"Costacciaro";94;0;0;0;1;;;;1;0;0;0;1;;;;1;2
"054016";"Costacciaro";95;0;1;0;0;;;;1;0;0;0;3;;;;3;4
"054016";"Costacciaro";96;0;0;0;0;;;;0;0;0;0;0;;;;0;0
"054016";"Costacciaro";97;0;0;0;0;;;;0;0;0;0;0;;;;0;0
"054016";"Costacciaro";98;0;0;0;0;;;;0;0;0;0;2;;;;2;2
"054016";"Costacciaro";99;0;0;0;0;;;;0;0;0;0;1;;;;1;1
"054016";"Costacciaro";100;0;0;0;0;;;;0;0;0;0;0;;;;0;0
"054016";"Costacciaro";999;244;273;13;16;;;;546;171;268;25;109;;;;573;1119
"054017";"Deruta";0;30;0;0;0;;;;30;26;0;0;0;;;;26;56
"054017";"Deruta";1;22;0;0;0;;;;22;35;0;0;0;;;;35;57
"054017";"Deruta";2;44;0;0;0;;;;44;34;0;0;0;;;;34;78
"054017";"Deruta";3;49;0;0;0;;;;49;38;0;0;0;;;;38;87
"054017";"Deruta";4;44;0;0;0;;;;44;39;0;0;0;;;;39;83
"054017";"Deruta";5;46;0;0;0;;;;46;25;0;0;0;;;;25;71
"054017";"Deruta";6;37;0;0;0;;;;37;32;0;0;0;;;;32;69
"054017";"Deruta";7;52;0;0;0;;;;52;44;0;0;0;;;;44;96
"054017";"Deruta";8;38;0;0;0;;;;38;65;0;0;0;;;;65;103
"054017";"Deruta";9;56;0;0;0;;;;56;43;0;0;0;;;;43;99
"054017";"Deruta";10;43;0;0;0;;;;43;38;0;0;0;;;;38;81
"054017";"Deruta";11;50;0;0;0;;;;50;42;0;0;0;;;;42;92
"054017";"Deruta";12;48;0;0;0;;;;48;45;0;0;0;;;;45;93
"054017";"Deruta";13;40;0;0;0;;;;40;54;0;0;0;;;;54;94
"054017";"Deruta";14;56;0;0;0;;;;56;60;0;0;0;;;;60;116
"054017";"Deruta";15;55;0;0;0;;;;55;45;0;0;0;;;;45;100
"054017";"Deruta";16;47;0;0;0;;;;47;39;0;0;0;;;;39;86
"054017";"Deruta";17;52;0;0;0;;;;52;44;0;0;0;;;;44;96
"054017";"Deruta";18;47;0;0;0;;;;47;38;0;0;0;;;;38;85
"054017";"Deruta";19;44;0;0;0;;;;44;51;0;0;0;;;;51;95
"054017";"Deruta";20;47;0;0;0;;;;47;40;0;0;0;;;;40;87
"054017";"Deruta";21;38;0;0;0;;;;38;33;0;0;0;;;;33;71
"054017";"Deruta";22;57;0;0;0;;;;57;40;3;0;0;;;;43;100
"054017";"Deruta";23;53;0;0;0;;;;53;39;1;0;0;;;;40;93
"054017";"Deruta";24;38;0;0;0;;;;38;34;3;0;0;;;;37;75
"054017";"Deruta";25;30;1;0;0;;;;31;48;3;0;0;;;;51;82
"054017";"Deruta";26;44;1;0;0;;;;45;35;3;0;0;;;;38;83
"054017";"Deruta";27;36;1;0;0;;;;37;30;7;0;0;;;;37;74
"054017";"Deruta";28;34;3;0;0;;;;37;27;9;0;0;;;;36;73
"054017";"Deruta";29;42;6;0;0;;;;48;27;17;0;0;;;;44;92
"054017";"Deruta";30;36;8;0;0;;;;44;24;11;0;0;;;;35;79
"054017";"Deruta";31;43;7;0;0;;;;50;29;11;0;0;;;;40;90
"054017";"Deruta";32;29;13;0;0;;;;42;31;23;0;0;;;;54;96
"054017";"Deruta";33;35;16;0;0;;;;51;28;28;0;1;;;;57;108
"054017";"Deruta";34;30;14;3;0;;;;47;21;29;0;1;;;;51;98
"054017";"Deruta";35;26;24;0;0;;;;50;22;26;2;0;;;;50;100
"054017";"Deruta";36;39;21;0;0;;;;60;29;33;0;0;;;;62;122
"054017";"Deruta";37;33;32;0;0;;;;65;22;39;3;0;;;;64;129
"054017";"Deruta";38;31;32;0;1;;;;64;28;39;1;0;;;;68;132
"054017";"Deruta";39;28;35;1;0;;;;64;18;54;1;0;;;;73;137
"054017";"Deruta";40;29;32;1;0;;;;62;18;30;3;1;;;;52;114
"054017";"Deruta";41;25;39;3;0;;;;67;13;39;3;0;;;;55;122
"054017";"Deruta";42;27;35;4;0;;;;66;18;40;2;0;;;;60;126
"054017";"Deruta";43;18;43;1;0;;;;62;17;56;5;0;;;;78;140
"054017";"Deruta";44;18;44;8;0;;;;70;11;45;4;0;;;;60;130
"054017";"Deruta";45;27;59;4;1;;;;91;16;62;1;0;;;;79;170
"054017";"Deruta";46;22;46;1;0;;;;69;23;68;7;0;;;;98;167
"054017";"Deruta";47;22;55;0;0;;;;77;21;54;3;1;;;;79;156
"054017";"Deruta";48;12;50;5;0;;;;67;14;62;4;1;;;;81;148
"054017";"Deruta";49;23;53;2;0;;;;78;14;63;9;0;;;;86;164
"054017";"Deruta";50;20;52;0;0;;;;72;9;64;4;1;;;;78;150
"054017";"Deruta";51;11;49;5;0;;;;65;14;45;12;0;;;;71;136
"054017";"Deruta";52;19;48;8;1;;;;76;15;60;6;2;;;;83;159
"054017";"Deruta";53;11;71;1;1;;;;84;10;59;6;2;;;;77;161
"054017";"Deruta";54;15;60;3;1;;;;79;11;60;6;5;;;;82;161
"054017";"Deruta";55;18;63;5;1;;;;87;6;58;5;2;;;;71;158
"054017";"Deruta";56;17;44;5;1;;;;67;9;48;9;2;;;;68;135
"054017";"Deruta";57;13;62;1;0;;;;76;6;60;9;2;;;;77;153
"054017";"Deruta";58;7;50;4;0;;;;61;4;49;10;2;;;;65;126
"054017";"Deruta";59;8;51;1;0;;;;60;7;47;4;2;;;;60;120
"054017";"Deruta";60;2;48;4;2;;;;56;5;52;5;3;;;;65;121
"054017";"Deruta";61;13;50;5;1;;;;69;6;51;6;5;;;;68;137
"054017";"Deruta";62;13;46;4;2;;;;65;7;49;2;6;;;;64;129
"054017";"Deruta";63;3;46;4;0;;;;53;2;57;2;4;;;;65;118
"054017";"Deruta";64;12;43;5;1;;;;61;4;58;4;1;;;;67;128
"054017";"Deruta";65;9;32;1;2;;;;44;1;53;5;7;;;;66;110
"054017";"Deruta";66;7;43;0;1;;;;51;5;43;2;8;;;;58;109
"054017";"Deruta";67;8;54;3;3;;;;68;5;47;7;7;;;;66;134
"054017";"Deruta";68;7;52;0;2;;;;61;2;31;3;8;;;;44;105
"054017";"Deruta";69;3;48;1;0;;;;52;3;35;3;6;;;;47;99
"054017";"Deruta";70;2;56;3;4;;;;65;2;50;1;9;;;;62;127
"054017";"Deruta";71;1;47;2;2;;;;52;2;44;1;14;;;;61;113
"054017";"Deruta";72;4;44;0;3;;;;51;3;43;2;14;;;;62;113
"054017";"Deruta";73;3;37;0;1;;;;41;1;35;2;9;;;;47;88
"054017";"Deruta";74;4;39;1;5;;;;49;4;43;2;12;;;;61;110
"054017";"Deruta";75;3;22;1;1;;;;27;2;31;1;12;;;;46;73
"054017";"Deruta";76;3;43;1;10;;;;57;1;17;2;23;;;;43;100
"054017";"Deruta";77;3;44;1;0;;;;48;2;26;1;13;;;;42;90
"054017";"Deruta";78;3;32;0;2;;;;37;1;23;0;17;;;;41;78
"054017";"Deruta";79;5;24;1;3;;;;33;1;21;0;13;;;;35;68
"054017";"Deruta";80;3;34;0;3;;;;40;2;23;0;15;;;;40;80
"054017";"Deruta";81;1;27;2;6;;;;36;2;21;1;15;;;;39;75
"054017";"Deruta";82;3;34;1;3;;;;41;2;18;0;20;;;;40;81
"054017";"Deruta";83;0;28;0;3;;;;31;1;14;1;27;;;;43;74
"054017";"Deruta";84;0;16;0;5;;;;21;1;2;0;24;;;;27;48
"054017";"Deruta";85;2;21;0;3;;;;26;2;9;1;23;;;;35;61
"054017";"Deruta";86;1;15;1;4;;;;21;1;5;0;38;;;;44;65
"054017";"Deruta";87;0;8;0;3;;;;11;1;3;0;22;;;;26;37
"054017";"Deruta";88;0;10;0;4;;;;14;1;4;0;20;;;;25;39
"054017";"Deruta";89;1;12;0;4;;;;17;0;4;0;25;;;;29;46
"054017";"Deruta";90;0;6;0;4;;;;10;2;2;0;26;;;;30;40
"054017";"Deruta";91;0;4;0;2;;;;6;0;1;0;20;;;;21;27
"054017";"Deruta";92;0;2;0;2;;;;4;0;5;0;15;;;;20;24
"054017";"Deruta";93;0;7;0;2;;;;9;0;3;0;20;;;;23;32
"054017";"Deruta";94;0;3;0;2;;;;5;1;1;0;10;;;;12;17
"054017";"Deruta";95;0;0;0;1;;;;1;0;0;0;8;;;;8;9
"054017";"Deruta";96;0;0;0;2;;;;2;1;0;0;5;;;;6;8
"054017";"Deruta";97;0;0;0;1;;;;1;0;0;0;2;;;;2;3
"054017";"Deruta";98;0;0;0;0;;;;0;0;0;0;2;;;;2;2
"054017";"Deruta";99;0;0;0;1;;;;1;0;0;0;2;;;;2;3
"054017";"Deruta";100;0;0;0;0;;;;0;0;0;0;3;;;;3;3
"054017";"Deruta";999;2130;2297;107;107;;;;4641;1774;2332;173;558;;;;4837;9478
"054018";"Foligno";0;202;0;0;0;0;0;0;202;173;0;0;0;0;0;0;173;375
"054018";"Foligno";1;187;0;0;0;0;0;0;187;188;0;0;0;0;0;0;188;375
"054018";"Foligno";2;204;0;0;0;0;0;0;204;188;0;0;0;0;0;0;188;392
"054018";"Foligno";3;200;0;0;0;0;0;0;200;190;0;0;0;0;0;0;190;390
"054018";"Foligno";4;218;0;0;0;0;0;0;218;223;0;0;0;0;0;0;223;441
"054018";"Foligno";5;217;0;0;0;0;0;0;217;243;0;0;0;0;0;0;243;460
"054018";"Foligno";6;234;0;0;0;0;0;0;234;232;0;0;0;0;0;0;232;466
"054018";"Foligno";7;273;0;0;0;0;0;0;273;229;0;0;0;0;0;0;229;502
"054018";"Foligno";8;284;0;0;0;0;0;0;284;263;0;0;0;0;0;0;263;547
"054018";"Foligno";9;257;0;0;0;0;0;0;257;245;0;0;0;0;0;0;245;502
"054018";"Foligno";10;270;0;0;0;0;0;0;270;256;0;0;0;0;0;0;256;526
"054018";"Foligno";11;291;0;0;0;0;0;0;291;271;0;0;0;0;0;0;271;562
"054018";"Foligno";12;280;0;0;0;0;0;0;280;284;0;0;0;0;0;0;284;564
"054018";"Foligno";13;263;0;0;0;0;0;0;263;243;0;0;0;0;0;0;243;506
"054018";"Foligno";14;262;0;0;0;0;0;0;262;247;0;0;0;0;0;0;247;509
"054018";"Foligno";15;272;0;0;0;0;0;0;272;259;0;0;0;0;0;0;259;531
"054018";"Foligno";16;239;0;0;0;0;0;0;239;244;0;0;0;0;0;0;244;483
"054018";"Foligno";17;258;0;0;0;0;0;0;258;233;0;0;0;0;0;0;233;491
"054018";"Foligno";18;248;0;0;0;0;0;0;248;243;1;0;0;0;0;0;244;492
"054018";"Foligno";19;265;0;0;0;0;0;0;265;237;0;0;0;0;0;0;237;502
"054018";"Foligno";20;233;0;0;0;0;0;0;233;246;5;0;0;0;0;0;251;484
"054018";"Foligno";21;250;0;0;0;0;0;0;250;232;6;0;0;0;0;0;238;488
"054018";"Foligno";22;273;1;0;0;0;0;0;274;210;11;0;0;0;0;0;221;495
"054018";"Foligno";23;259;4;0;0;0;0;0;263;221;12;0;0;0;0;0;233;496
"054018";"Foligno";24;260;2;0;0;0;0;0;262;219;15;0;0;0;0;0;234;496
"054018";"Foligno";25;271;7;0;0;0;0;0;278;237;29;0;0;0;0;0;266;544
"054018";"Foligno";26;255;10;0;0;0;0;0;265;213;43;0;0;1;0;0;257;522
"054018";"Foligno";27;243;18;0;0;0;0;0;261;215;48;0;0;0;0;0;263;524
"054018";"Foligno";28;242;23;0;0;0;0;0;265;221;59;0;0;0;0;0;280;545
"054018";"Foligno";29;234;31;1;0;0;0;0;266;212;72;3;0;0;0;0;287;553
"054018";"Foligno";30;221;39;1;0;0;0;0;261;225;80;2;0;0;0;0;307;568
"054018";"Foligno";31;248;64;0;0;0;0;0;312;174;103;2;0;0;0;0;279;591
"054018";"Foligno";32;250;63;0;0;0;0;0;313;195;104;3;0;0;0;0;302;615
"054018";"Foligno";33;179;68;0;0;0;0;0;247;142;131;10;2;0;0;0;285;532
"054018";"Foligno";34;199;74;0;0;0;0;0;273;176;134;9;0;0;0;0;319;592
"054018";"Foligno";35;204;110;3;0;0;0;0;317;177;171;9;1;0;0;0;358;675
"054018";"Foligno";36;182;133;2;0;0;0;0;317;151;195;6;2;1;0;0;355;672
"054018";"Foligno";37;190;143;1;0;0;0;0;334;143;195;11;0;1;0;0;350;684
"054018";"Foligno";38;188;167;5;0;0;0;0;360;156;175;12;1;0;0;0;344;704
"054018";"Foligno";39;177;150;8;0;0;0;0;335;148;240;7;0;1;0;0;396;731
"054018";"Foligno";40;152;208;1;0;0;0;0;361;125;221;9;4;0;0;0;359;720
"054018";"Foligno";41;154;202;10;0;0;0;0;366;121;208;14;5;0;0;0;348;714
"054018";"Foligno";42;159;189;16;0;0;0;0;364;125;255;17;5;1;0;0;403;767
"054018";"Foligno";43;156;213;7;1;1;0;0;378;118;233;25;7;0;0;0;383;761
"054018";"Foligno";44;167;233;10;2;0;0;0;412;129;269;19;6;0;0;0;423;835
"054018";"Foligno";45;155;260;8;1;0;0;0;424;133;305;36;2;0;0;0;476;900
"054018";"Foligno";46;133;272;14;1;0;0;0;420;131;318;22;4;0;0;0;475;895
"054018";"Foligno";47;138;273;14;1;0;0;0;426;122;317;31;5;0;0;0;475;901
"054018";"Foligno";48;126;302;17;1;0;0;0;446;101;304;25;8;0;0;0;438;884
"054018";"Foligno";49;114;269;25;1;0;0;0;409;98;283;32;7;0;0;0;420;829
"054018";"Foligno";50;101;275;25;1;0;0;0;402;84;270;32;10;0;0;0;396;798
"054018";"Foligno";51;90;265;22;3;0;0;0;380;95;335;34;5;0;0;0;469;849
"054018";"Foligno";52;82;285;22;2;0;0;0;391;92;288;38;12;0;0;0;430;821
"054018";"Foligno";53;89;291;19;3;0;0;0;402;97;326;34;13;0;0;0;470;872
"054018";"Foligno";54;75;260;25;4;1;0;0;365;67;337;39;11;0;0;0;454;819
"054018";"Foligno";55;88;327;26;4;0;0;0;445;85;303;44;17;0;0;0;449;894
"054018";"Foligno";56;72;336;39;2;0;0;0;449;70;314;45;20;0;0;0;449;898
"054018";"Foligno";57;67;318;27;8;0;0;0;420;72;308;34;18;0;0;0;432;852
"054018";"Foligno";58;57;286;24;4;0;0;0;371;59;313;38;15;0;0;0;425;796
"054018";"Foligno";59;57;270;24;6;0;0;0;357;72;290;41;26;0;0;0;429;786
"054018";"Foligno";60;44;277;23;4;0;0;0;348;70;310;38;17;0;0;0;435;783
"054018";"Foligno";61;43;284;21;4;0;0;0;352;49;256;36;34;0;0;0;375;727
"054018";"Foligno";62;42;284;24;7;0;0;0;357;43;291;24;32;0;0;0;390;747
"054018";"Foligno";63;42;261;18;9;0;0;0;330;43;268;27;36;0;0;0;374;704
"054018";"Foligno";64;34;288;18;6;0;0;0;346;54;273;27;35;0;0;0;389;735
"054018";"Foligno";65;36;294;25;8;0;0;0;363;34;266;21;40;0;0;0;361;724
"054018";"Foligno";66;22;278;23;10;0;0;0;333;41;214;27;46;0;0;0;328;661
"054018";"Foligno";67;35;246;11;6;0;0;0;298;36;252;25;40;0;0;0;353;651
"054018";"Foligno";68;30;252;15;10;0;0;0;307;43;193;18;51;0;0;0;305;612
"054018";"Foligno";69;18;269;12;12;0;0;0;311;31;270;21;66;0;0;0;388;699
"054018";"Foligno";70;27;251;11;14;1;0;0;304;26;251;20;59;0;0;0;356;660
"054018";"Foligno";71;17;266;13;14;0;0;0;310;32;251;27;72;0;0;0;382;692
"054018";"Foligno";72;25;325;13;16;0;0;0;379;30;253;17;77;0;0;0;377;756
"054018";"Foligno";73;25;258;8;16;0;0;0;307;30;246;18;81;0;0;0;375;682
"054018";"Foligno";74;27;262;8;22;0;0;0;319;30;235;17;101;0;0;0;383;702
"054018";"Foligno";75;17;174;10;17;0;0;0;218;13;173;12;88;0;0;0;286;504
"054018";"Foligno";76;13;191;7;22;0;0;0;233;22;176;8;112;0;0;0;318;551
"054018";"Foligno";77;9;201;4;26;0;0;0;240;15;164;8;99;0;0;0;286;526
"054018";"Foligno";78;15;187;3;26;0;0;0;231;12;153;9;106;0;0;0;280;511
"054018";"Foligno";79;16;199;7;25;0;0;0;247;13;127;9;108;0;0;0;257;504
"054018";"Foligno";80;16;184;2;29;0;0;0;231;17;118;13;148;0;0;0;296;527
"054018";"Foligno";81;21;151;3;27;0;0;0;202;20;121;3;147;0;0;0;291;493
"054018";"Foligno";82;11;186;3;30;0;0;0;230;9;112;4;163;0;0;0;288;518
"054018";"Foligno";83;9;140;0;28;0;0;0;177;16;85;5;151;0;0;0;257;434
"054018";"Foligno";84;11;104;1;30;0;0;0;146;16;70;2;155;0;0;0;243;389
"054018";"Foligno";85;7;100;0;22;0;0;0;129;13;56;2;163;0;0;0;234;363
"054018";"Foligno";86;6;77;0;29;0;0;0;112;14;43;3;146;0;0;0;206;318
"054018";"Foligno";87;8;81;0;26;0;0;0;115;8;38;2;153;0;0;0;201;316
"054018";"Foligno";88;7;57;0;26;0;0;0;90;8;25;4;134;0;0;0;171;261
"054018";"Foligno";89;2;51;0;20;0;0;0;73;9;18;3;150;0;0;0;180;253
"054018";"Foligno";90;2;49;0;18;0;0;0;69;5;20;1;156;0;0;0;182;251
"054018";"Foligno";91;3;30;0;17;0;0;0;50;10;9;3;124;0;0;0;146;196
"054018";"Foligno";92;5;22;0;12;0;0;0;39;8;8;0;98;0;0;0;114;153
"054018";"Foligno";93;3;19;0;11;0;0;0;33;7;5;2;100;0;0;0;114;147
"054018";"Foligno";94;3;17;0;13;0;0;0;33;2;0;0;68;0;0;0;70;103
"054018";"Foligno";95;1;4;0;7;0;0;0;12;6;0;1;61;0;0;0;68;80
"054018";"Foligno";96;1;7;0;10;0;0;0;18;2;1;0;43;0;0;0;46;64
"054018";"Foligno";97;0;6;0;5;0;0;0;11;2;1;0;32;0;0;0;35;46
"054018";"Foligno";98;1;0;0;1;0;0;0;2;0;1;1;16;0;0;0;18;20
"054018";"Foligno";99;0;2;0;1;0;0;0;3;2;0;0;21;0;0;0;23;26
"054018";"Foligno";100;0;1;0;0;0;0;0;1;1;0;0;22;0;0;0;23;24
"054018";"Foligno";999;12368;12776;679;681;3;0;0;26507;11442;12979;1141;3757;5;0;0;29324;55831
"054019";"Fossato di Vico";0;6;0;0;0;;;;6;9;0;0;0;;;;9;15
"054019";"Fossato di Vico";1;8;0;0;0;;;;8;10;0;0;0;;;;10;18
"054019";"Fossato di Vico";2;12;0;0;0;;;;12;12;0;0;0;;;;12;24
"054019";"Fossato di Vico";3;8;0;0;0;;;;8;7;0;0;0;;;;7;15
"054019";"Fossato di Vico";4;8;0;0;0;;;;8;10;0;0;0;;;;10;18
"054019";"Fossato di Vico";5;10;0;0;0;;;;10;13;0;0;0;;;;13;23
"054019";"Fossato di Vico";6;14;0;0;0;;;;14;10;0;0;0;;;;10;24
"054019";"Fossato di Vico";7;10;0;0;0;;;;10;10;0;0;0;;;;10;20
"054019";"Fossato di Vico";8;13;0;0;0;;;;13;15;0;0;0;;;;15;28
"054019";"Fossato di Vico";9;19;0;0;0;;;;19;12;0;0;0;;;;12;31
"054019";"Fossato di Vico";10;17;0;0;0;;;;17;13;0;0;0;;;;13;30
"054019";"Fossato di Vico";11;16;0;0;0;;;;16;18;0;0;0;;;;18;34
"054019";"Fossato di Vico";12;11;0;0;0;;;;11;9;0;0;0;;;;9;20
"054019";"Fossato di Vico";13;24;0;0;0;;;;24;9;0;0;0;;;;9;33
"054019";"Fossato di Vico";14;12;0;0;0;;;;12;16;0;0;0;;;;16;28
"054019";"Fossato di Vico";15;12;0;0;0;;;;12;13;0;0;0;;;;13;25
"054019";"Fossato di Vico";16;16;0;0;0;;;;16;14;0;0;0;;;;14;30
"054019";"Fossato di Vico";17;10;0;0;0;;;;10;8;0;0;0;;;;8;18
"054019";"Fossato di Vico";18;18;0;0;0;;;;18;7;0;0;0;;;;7;25
"054019";"Fossato di Vico";19;15;0;0;0;;;;15;6;0;0;0;;;;6;21
"054019";"Fossato di Vico";20;12;0;0;0;;;;12;12;0;0;0;;;;12;24
"054019";"Fossato di Vico";21;11;0;0;0;;;;11;7;0;0;0;;;;7;18
"054019";"Fossato di Vico";22;12;0;0;0;;;;12;14;0;0;0;;;;14;26
"054019";"Fossato di Vico";23;8;0;0;0;;;;8;6;1;0;0;;;;7;15
"054019";"Fossato di Vico";24;9;0;0;0;;;;9;11;2;0;0;;;;13;22
"054019";"Fossato di Vico";25;22;0;0;0;;;;22;7;0;0;0;;;;7;29
"054019";"Fossato di Vico";26;11;1;0;0;;;;12;9;2;0;0;;;;11;23
"054019";"Fossato di Vico";27;10;0;0;0;;;;10;8;7;0;0;;;;15;25
"054019";"Fossato di Vico";28;7;2;0;0;;;;9;9;3;0;0;;;;12;21
"054019";"Fossato di Vico";29;7;2;1;0;;;;10;13;7;1;0;;;;21;31
"054019";"Fossato di Vico";30;8;2;0;0;;;;10;8;6;0;0;;;;14;24
"054019";"Fossato di Vico";31;11;2;0;0;;;;13;6;3;0;0;;;;9;22
"054019";"Fossato di Vico";32;9;5;1;0;;;;15;4;5;0;0;;;;9;24
"054019";"Fossato di Vico";33;4;5;0;0;;;;9;5;6;2;0;;;;13;22
"054019";"Fossato di Vico";34;6;4;0;0;;;;10;6;4;3;0;;;;13;23
"054019";"Fossato di Vico";35;10;5;2;0;;;;17;8;8;0;1;;;;17;34
"054019";"Fossato di Vico";36;12;7;1;0;;;;20;5;5;0;0;;;;10;30
"054019";"Fossato di Vico";37;8;10;1;0;;;;19;6;15;0;0;;;;21;40
"054019";"Fossato di Vico";38;8;10;0;0;;;;18;8;15;0;0;;;;23;41
"054019";"Fossato di Vico";39;4;9;1;0;;;;14;5;15;1;0;;;;21;35
"054019";"Fossato di Vico";40;5;8;0;0;;;;13;4;9;2;0;;;;15;28
"054019";"Fossato di Vico";41;1;11;2;0;;;;14;6;12;0;0;;;;18;32
"054019";"Fossato di Vico";42;7;13;0;0;;;;20;7;10;3;0;;;;20;40
"054019";"Fossato di Vico";43;12;11;3;0;;;;26;5;13;2;1;;;;21;47
"054019";"Fossato di Vico";44;12;12;0;0;;;;24;5;16;0;0;;;;21;45
"054019";"Fossato di Vico";45;11;18;0;1;;;;30;4;17;1;0;;;;22;52
"054019";"Fossato di Vico";46;7;10;1;0;;;;18;2;14;2;0;;;;18;36
"054019";"Fossato di Vico";47;7;15;0;0;;;;22;4;10;3;2;;;;19;41
"054019";"Fossato di Vico";48;6;12;3;0;;;;21;0;17;0;2;;;;19;40
"054019";"Fossato di Vico";49;4;12;2;0;;;;18;4;9;2;1;;;;16;34
"054019";"Fossato di Vico";50;5;17;1;0;;;;23;2;18;2;1;;;;23;46
"054019";"Fossato di Vico";51;3;16;2;0;;;;21;3;21;1;0;;;;25;46
"054019";"Fossato di Vico";52;4;9;1;0;;;;14;1;12;4;1;;;;18;32
"054019";"Fossato di Vico";53;4;18;1;0;;;;23;2;13;2;0;;;;17;40
"054019";"Fossato di Vico";54;3;19;0;0;;;;22;0;12;2;1;;;;15;37
"054019";"Fossato di Vico";55;5;11;2;1;;;;19;2;10;2;1;;;;15;34
"054019";"Fossato di Vico";56;5;16;0;0;;;;21;2;24;1;1;;;;28;49
"054019";"Fossato di Vico";57;3;9;4;0;;;;16;7;15;1;0;;;;23;39
"054019";"Fossato di Vico";58;2;14;2;1;;;;19;0;6;1;1;;;;8;27
"054019";"Fossato di Vico";59;3;15;2;0;;;;20;1;15;0;2;;;;18;38
"054019";"Fossato di Vico";60;2;5;2;0;;;;9;1;9;1;1;;;;12;21
"054019";"Fossato di Vico";61;1;18;0;0;;;;19;0;12;1;3;;;;16;35
"054019";"Fossato di Vico";62;3;11;1;1;;;;16;1;18;2;3;;;;24;40
"054019";"Fossato di Vico";63;2;10;0;0;;;;12;2;13;1;5;;;;21;33
"054019";"Fossato di Vico";64;2;8;0;2;;;;12;0;11;0;1;;;;12;24
"054019";"Fossato di Vico";65;3;9;1;0;;;;13;0;19;1;1;;;;21;34
"054019";"Fossato di Vico";66;4;12;1;1;;;;18;0;14;1;1;;;;16;34
"054019";"Fossato di Vico";67;0;10;2;0;;;;12;2;9;0;2;;;;13;25
"054019";"Fossato di Vico";68;0;13;1;0;;;;14;2;12;0;5;;;;19;33
"054019";"Fossato di Vico";69;1;21;2;1;;;;25;0;14;0;3;;;;17;42
"054019";"Fossato di Vico";70;2;15;0;1;;;;18;1;10;1;1;;;;13;31
"054019";"Fossato di Vico";71;0;22;0;2;;;;24;1;14;1;3;;;;19;43
"054019";"Fossato di Vico";72;2;17;0;0;;;;19;0;13;0;7;;;;20;39
"054019";"Fossato di Vico";73;4;12;0;0;;;;16;1;11;0;6;;;;18;34
"054019";"Fossato di Vico";74;2;8;0;1;;;;11;0;5;0;9;;;;14;25
"054019";"Fossato di Vico";75;1;11;0;0;;;;12;1;6;0;6;;;;13;25
"054019";"Fossato di Vico";76;1;5;0;1;;;;7;0;10;0;7;;;;17;24
"054019";"Fossato di Vico";77;0;10;0;0;;;;10;0;16;0;8;;;;24;34
"054019";"Fossato di Vico";78;3;8;0;2;;;;13;0;6;0;6;;;;12;25
"054019";"Fossato di Vico";79;1;9;0;1;;;;11;0;5;1;8;;;;14;25
"054019";"Fossato di Vico";80;0;10;0;2;;;;12;1;6;0;12;;;;19;31
"054019";"Fossato di Vico";81;1;8;0;2;;;;11;0;7;0;7;;;;14;25
"054019";"Fossato di Vico";82;1;9;1;0;;;;11;1;3;0;10;;;;14;25
"054019";"Fossato di Vico";83;0;7;1;0;;;;8;0;2;1;5;;;;8;16
"054019";"Fossato di Vico";84;0;5;0;1;;;;6;0;3;0;6;;;;9;15
"054019";"Fossato di Vico";85;0;2;1;1;;;;4;1;6;0;13;;;;20;24
"054019";"Fossato di Vico";86;2;7;1;0;;;;10;0;1;0;7;;;;8;18
"054019";"Fossato di Vico";87;0;3;0;0;;;;3;2;1;0;4;;;;7;10
"054019";"Fossato di Vico";88;0;4;0;2;;;;6;1;1;0;10;;;;12;18
"054019";"Fossato di Vico";89;0;6;0;1;;;;7;0;0;0;8;;;;8;15
"054019";"Fossato di Vico";90;0;2;0;1;;;;3;1;0;0;5;;;;6;9
"054019";"Fossato di Vico";91;0;2;1;1;;;;4;1;0;0;3;;;;4;8
"054019";"Fossato di Vico";92;0;0;0;0;;;;0;0;0;0;5;;;;5;5
"054019";"Fossato di Vico";93;0;1;0;0;;;;1;0;0;0;1;;;;1;2
"054019";"Fossato di Vico";94;0;0;0;0;;;;0;1;0;0;2;;;;3;3
"054019";"Fossato di Vico";95;0;0;0;0;;;;0;0;0;0;2;;;;2;2
"054019";"Fossato di Vico";96;0;0;0;0;;;;0;0;0;0;3;;;;3;3
"054019";"Fossato di Vico";97;0;0;0;0;;;;0;0;0;0;3;;;;3;3
"054019";"Fossato di Vico";98;0;0;0;0;;;;0;0;0;0;0;;;;0;0
"054019";"Fossato di Vico";99;0;0;0;0;;;;0;0;0;0;0;;;;0;0
"054019";"Fossato di Vico";100;0;0;0;0;;;;0;0;0;0;0;;;;0;0
"054019";"Fossato di Vico";999;595;630;48;27;;;;1300;460;634;49;207;;;;1350;2650
"054020";"Fratta Todina";0;7;0;0;0;;;;7;5;0;0;0;;;;5;12
"054020";"Fratta Todina";1;4;0;0;0;;;;4;7;0;0;0;;;;7;11
"054020";"Fratta Todina";2;5;0;0;0;;;;5;3;0;0;0;;;;3;8
"054020";"Fratta Todina";3;6;0;0;0;;;;6;9;0;0;0;;;;9;15
"054020";"Fratta Todina";4;7;0;0;0;;;;7;7;0;0;0;;;;7;14
"054020";"Fratta Todina";5;6;0;0;0;;;;6;6;0;0;0;;;;6;12
"054020";"Fratta Todina";6;7;0;0;0;;;;7;6;0;0;0;;;;6;13
"054020";"Fratta Todina";7;5;0;0;0;;;;5;4;0;0;0;;;;4;9
"054020";"Fratta Todina";8;3;0;0;0;;;;3;5;0;0;0;;;;5;8
"054020";"Fratta Todina";9;8;0;0;0;;;;8;10;0;0;0;;;;10;18
"054020";"Fratta Todina";10;7;0;0;0;;;;7;8;0;0;0;;;;8;15
"054020";"Fratta Todina";11;9;0;0;0;;;;9;9;0;0;0;;;;9;18
"054020";"Fratta Todina";12;6;0;0;0;;;;6;9;0;0;0;;;;9;15
"054020";"Fratta Todina";13;14;0;0;0;;;;14;4;0;0;0;;;;4;18
"054020";"Fratta Todina";14;12;0;0;0;;;;12;9;0;0;0;;;;9;21
"054020";"Fratta Todina";15;7;0;0;0;;;;7;5;0;0;0;;;;5;12
"054020";"Fratta Todina";16;5;0;0;0;;;;5;7;0;0;0;;;;7;12
"054020";"Fratta Todina";17;11;0;0;0;;;;11;12;0;0;0;;;;12;23
"054020";"Fratta Todina";18;6;0;0;0;;;;6;3;0;0;0;;;;3;9
"054020";"Fratta Todina";19;7;0;0;0;;;;7;10;0;0;0;;;;10;17
"054020";"Fratta Todina";20;10;0;0;0;;;;10;10;0;0;0;;;;10;20
"054020";"Fratta Todina";21;17;0;0;0;;;;17;11;0;0;0;;;;11;28
"054020";"Fratta Todina";22;15;0;0;0;;;;15;4;1;0;0;;;;5;20
"054020";"Fratta Todina";23;9;0;0;0;;;;9;9;1;0;0;;;;10;19
"054020";"Fratta Todina";24;13;0;0;0;;;;13;9;0;0;0;;;;9;22
"054020";"Fratta Todina";25;13;0;0;0;;;;13;10;1;0;0;;;;11;24
"054020";"Fratta Todina";26;8;0;0;0;;;;8;11;0;0;0;;;;11;19
"054020";"Fratta Todina";27;11;0;0;0;;;;11;10;0;0;0;;;;10;21
"054020";"Fratta Todina";28;12;0;0;0;;;;12;12;3;0;0;;;;15;27
"054020";"Fratta Todina";29;9;0;0;0;;;;9;2;2;0;0;;;;4;13
"054020";"Fratta Todina";30;11;0;0;0;;;;11;5;4;0;0;;;;9;20
"054020";"Fratta Todina";31;5;4;0;0;;;;9;1;7;0;0;;;;8;17
"054020";"Fratta Todina";32;15;4;0;0;;;;19;4;6;0;0;;;;10;29
"054020";"Fratta Todina";33;8;4;0;0;;;;12;5;4;1;0;;;;10;22
"054020";"Fratta Todina";34;10;1;0;0;;;;11;2;3;0;0;;;;5;16
"054020";"Fratta Todina";35;4;1;0;0;;;;5;9;6;0;0;;;;15;20
"054020";"Fratta Todina";36;5;2;0;0;;;;7;5;7;0;0;;;;12;19
"054020";"Fratta Todina";37;8;6;0;0;;;;14;9;9;0;0;;;;18;32
"054020";"Fratta Todina";38;5;6;0;0;;;;11;1;4;0;0;;;;5;16
"054020";"Fratta Todina";39;3;4;1;0;;;;8;2;6;1;0;;;;9;17
"054020";"Fratta Todina";40;6;6;0;0;;;;12;3;5;0;0;;;;8;20
"054020";"Fratta Todina";41;3;5;1;0;;;;9;4;5;0;0;;;;9;18
"054020";"Fratta Todina";42;0;6;0;0;;;;6;3;5;1;0;;;;9;15
"054020";"Fratta Todina";43;3;3;1;0;;;;7;8;13;0;0;;;;21;28
"054020";"Fratta Todina";44;4;14;1;0;;;;19;2;7;0;0;;;;9;28
"054020";"Fratta Todina";45;3;7;0;0;;;;10;5;5;0;0;;;;10;20
"054020";"Fratta Todina";46;8;4;1;0;;;;13;4;9;1;1;;;;15;28
"054020";"Fratta Todina";47;4;11;0;0;;;;15;1;8;0;0;;;;9;24
"054020";"Fratta Todina";48;3;5;1;0;;;;9;4;10;0;0;;;;14;23
"054020";"Fratta Todina";49;6;11;2;0;;;;19;1;14;0;0;;;;15;34
"054020";"Fratta Todina";50;4;6;0;0;;;;10;1;8;0;0;;;;9;19
"054020";"Fratta Todina";51;3;7;1;0;;;;11;2;7;0;0;;;;9;20
"054020";"Fratta Todina";52;4;10;0;0;;;;14;2;17;0;0;;;;19;33
"054020";"Fratta Todina";53;3;14;0;0;;;;17;0;19;0;0;;;;19;36
"054020";"Fratta Todina";54;4;14;0;0;;;;18;2;13;1;0;;;;16;34
"054020";"Fratta Todina";55;4;12;0;0;;;;16;1;19;1;0;;;;21;37
"054020";"Fratta Todina";56;0;26;0;1;;;;27;0;15;0;0;;;;15;42
"054020";"Fratta Todina";57;2;8;0;0;;;;10;2;16;1;0;;;;19;29
"054020";"Fratta Todina";58;2;11;1;0;;;;14;1;17;1;0;;;;19;33
"054020";"Fratta Todina";59;3;7;0;0;;;;10;1;7;0;0;;;;8;18
"054020";"Fratta Todina";60;1;12;0;0;;;;13;2;11;1;2;;;;16;29
"054020";"Fratta Todina";61;0;9;0;0;;;;9;3;10;0;2;;;;15;24
"054020";"Fratta Todina";62;0;13;0;0;;;;13;1;15;0;0;;;;16;29
"054020";"Fratta Todina";63;2;8;0;0;;;;10;0;10;0;3;;;;13;23
"054020";"Fratta Todina";64;0;10;0;0;;;;10;1;6;2;0;;;;9;19
"054020";"Fratta Todina";65;1;5;0;1;;;;7;0;6;0;2;;;;8;15
"054020";"Fratta Todina";66;0;6;0;2;;;;8;1;10;0;2;;;;13;21
"054020";"Fratta Todina";67;0;7;0;0;;;;7;1;5;0;2;;;;8;15
"054020";"Fratta Todina";68;3;10;0;0;;;;13;1;2;0;0;;;;3;16
"054020";"Fratta Todina";69;0;4;0;0;;;;4;0;10;0;1;;;;11;15
"054020";"Fratta Todina";70;3;7;1;1;;;;12;0;6;0;1;;;;7;19
"054020";"Fratta Todina";71;2;10;0;1;;;;13;1;4;0;3;;;;8;21
"054020";"Fratta Todina";72;0;8;0;0;;;;8;1;11;0;1;;;;13;21
"054020";"Fratta Todina";73;0;8;0;0;;;;8;1;8;1;4;;;;14;22
"054020";"Fratta Todina";74;0;3;0;0;;;;3;0;8;0;4;;;;12;15
"054020";"Fratta Todina";75;0;8;0;0;;;;8;1;4;0;3;;;;8;16
"054020";"Fratta Todina";76;1;3;0;0;;;;4;0;6;0;3;;;;9;13
"054020";"Fratta Todina";77;1;7;0;2;;;;10;1;7;0;4;;;;12;22
"054020";"Fratta Todina";78;0;11;0;1;;;;12;1;6;0;3;;;;10;22
"054020";"Fratta Todina";79;1;2;0;1;;;;4;0;6;0;2;;;;8;12
"054020";"Fratta Todina";80;0;7;0;2;;;;9;1;4;0;5;;;;10;19
"054020";"Fratta Todina";81;0;7;0;0;;;;7;4;8;0;4;;;;16;23
"054020";"Fratta Todina";82;1;4;0;0;;;;5;1;2;0;10;;;;13;18
"054020";"Fratta Todina";83;0;8;0;1;;;;9;0;2;0;7;;;;9;18
"054020";"Fratta Todina";84;0;4;0;0;;;;4;2;1;0;9;;;;12;16
"054020";"Fratta Todina";85;0;5;0;1;;;;6;1;3;0;5;;;;9;15
"054020";"Fratta Todina";86;1;5;0;2;;;;8;2;1;0;9;;;;12;20
"054020";"Fratta Todina";87;0;5;0;0;;;;5;0;3;0;4;;;;7;12
"054020";"Fratta Todina";88;1;2;1;0;;;;4;1;1;0;4;;;;6;10
"054020";"Fratta Todina";89;0;2;0;0;;;;2;0;2;0;3;;;;5;7
"054020";"Fratta Todina";90;0;0;0;1;;;;1;0;0;0;2;;;;2;3
"054020";"Fratta Todina";91;0;1;0;1;;;;2;0;0;0;5;;;;5;7
"054020";"Fratta Todina";92;0;1;0;2;;;;3;0;0;1;6;;;;7;10
"054020";"Fratta Todina";93;0;2;0;0;;;;2;0;0;0;4;;;;4;6
"054020";"Fratta Todina";94;0;0;0;0;;;;0;0;0;0;2;;;;2;2
"054020";"Fratta Todina";95;0;0;0;0;;;;0;0;0;0;3;;;;3;3
"054020";"Fratta Todina";96;0;0;0;0;;;;0;0;0;0;2;;;;2;2
"054020";"Fratta Todina";97;0;0;0;0;;;;0;0;0;0;1;;;;1;1
"054020";"Fratta Todina";98;0;0;0;0;;;;0;1;0;0;0;;;;1;1
"054020";"Fratta Todina";99;0;0;0;0;;;;0;0;0;0;0;;;;0;0
"054020";"Fratta Todina";100;0;0;0;0;;;;0;0;0;0;1;;;;1;1
"054020";"Fratta Todina";999;420;423;12;20;;;;875;345;461;13;129;;;;948;1823
"054021";"Giano dell'Umbria";0;8;0;0;0;;;;8;12;0;0;0;;;;12;20
"054021";"Giano dell'Umbria";1;13;0;0;0;;;;13;15;0;0;0;;;;15;28
"054021";"Giano dell'Umbria";2;17;0;0;0;;;;17;14;0;0;0;;;;14;31
"054021";"Giano dell'Umbria";3;14;0;0;0;;;;14;13;0;0;0;;;;13;27
"054021";"Giano dell'Umbria";4;18;0;0;0;;;;18;19;0;0;0;;;;19;37
"054021";"Giano dell'Umbria";5;18;0;0;0;;;;18;14;0;0;0;;;;14;32
"054021";"Giano dell'Umbria";6;16;0;0;0;;;;16;15;0;0;0;;;;15;31
"054021";"Giano dell'Umbria";7;15;0;0;0;;;;15;18;0;0;0;;;;18;33
"054021";"Giano dell'Umbria";8;18;0;0;0;;;;18;20;0;0;0;;;;20;38
"054021";"Giano dell'Umbria";9;18;0;0;0;;;;18;14;0;0;0;;;;14;32
"054021";"Giano dell'Umbria";10;20;0;0;0;;;;20;17;0;0;0;;;;17;37
"054021";"Giano dell'Umbria";11;27;0;0;0;;;;27;14;0;0;0;;;;14;41
"054021";"Giano dell'Umbria";12;19;0;0;0;;;;19;16;0;0;0;;;;16;35
"054021";"Giano dell'Umbria";13;19;0;0;0;;;;19;24;0;0;0;;;;24;43
"054021";"Giano dell'Umbria";14;21;0;0;0;;;;21;15;0;0;0;;;;15;36
"054021";"Giano dell'Umbria";15;25;0;0;0;;;;25;26;0;0;0;;;;26;51
"054021";"Giano dell'Umbria";16;21;0;0;0;;;;21;15;0;0;0;;;;15;36
"054021";"Giano dell'Umbria";17;14;0;0;0;;;;14;17;0;0;0;;;;17;31
"054021";"Giano dell'Umbria";18;26;0;0;0;;;;26;22;0;0;0;;;;22;48
"054021";"Giano dell'Umbria";19;18;0;0;0;;;;18;14;0;0;0;;;;14;32
"054021";"Giano dell'Umbria";20;17;0;0;0;;;;17;19;2;0;0;;;;21;38
"054021";"Giano dell'Umbria";21;23;1;0;0;;;;24;12;0;0;0;;;;12;36
"054021";"Giano dell'Umbria";22;22;2;0;0;;;;24;15;0;0;0;;;;15;39
"054021";"Giano dell'Umbria";23;24;0;0;0;;;;24;13;0;0;0;;;;13;37
"054021";"Giano dell'Umbria";24;16;2;0;0;;;;18;17;6;0;0;;;;23;41
"054021";"Giano dell'Umbria";25;17;3;0;0;;;;20;11;4;0;0;;;;15;35
"054021";"Giano dell'Umbria";26;11;3;0;0;;;;14;13;5;0;0;;;;18;32
"054021";"Giano dell'Umbria";27;26;3;0;0;;;;29;10;4;0;0;;;;14;43
"054021";"Giano dell'Umbria";28;20;5;0;0;;;;25;19;6;0;0;;;;25;50
"054021";"Giano dell'Umbria";29;13;5;0;0;;;;18;12;3;0;1;;;;16;34
"054021";"Giano dell'Umbria";30;17;9;1;0;;;;27;13;9;0;0;;;;22;49
"054021";"Giano dell'Umbria";31;15;15;0;0;;;;30;11;9;0;0;;;;20;50
"054021";"Giano dell'Umbria";32;9;15;0;0;;;;24;14;15;0;0;;;;29;53
"054021";"Giano dell'Umbria";33;12;17;0;1;;;;30;5;9;0;0;;;;14;44
"054021";"Giano dell'Umbria";34;18;16;1;0;;;;35;18;16;0;0;;;;34;69
"054021";"Giano dell'Umbria";35;8;10;0;0;;;;18;7;16;0;0;;;;23;41
"054021";"Giano dell'Umbria";36;9;8;0;0;;;;17;6;9;0;0;;;;15;32
"054021";"Giano dell'Umbria";37;10;21;0;0;;;;31;9;16;0;0;;;;25;56
"054021";"Giano dell'Umbria";38;8;10;0;1;;;;19;6;12;0;0;;;;18;37
"054021";"Giano dell'Umbria";39;7;24;0;0;;;;31;6;16;0;0;;;;22;53
"054021";"Giano dell'Umbria";40;9;19;0;0;;;;28;8;19;0;0;;;;27;55
"054021";"Giano dell'Umbria";41;10;19;1;0;;;;30;5;15;1;0;;;;21;51
"054021";"Giano dell'Umbria";42;10;26;1;0;;;;37;5;14;0;0;;;;19;56
"054021";"Giano dell'Umbria";43;5;21;0;0;;;;26;5;20;1;0;;;;26;52
"054021";"Giano dell'Umbria";44;8;16;1;0;;;;25;2;21;2;1;;;;26;51
"054021";"Giano dell'Umbria";45;6;20;0;0;;;;26;3;14;3;0;;;;20;46
"054021";"Giano dell'Umbria";46;8;28;2;0;;;;38;4;23;4;0;;;;31;69
"054021";"Giano dell'Umbria";47;8;17;0;0;;;;25;2;23;1;0;;;;26;51
"054021";"Giano dell'Umbria";48;7;20;1;0;;;;28;2;26;1;0;;;;29;57
"054021";"Giano dell'Umbria";49;4;23;2;0;;;;29;3;17;3;1;;;;24;53
"054021";"Giano dell'Umbria";50;3;25;2;0;;;;30;6;17;3;0;;;;26;56
"054021";"Giano dell'Umbria";51;11;16;1;0;;;;28;5;19;1;1;;;;26;54
"054021";"Giano dell'Umbria";52;6;21;1;0;;;;28;1;19;2;0;;;;22;50
"054021";"Giano dell'Umbria";53;3;29;5;1;;;;38;3;24;0;0;;;;27;65
"054021";"Giano dell'Umbria";54;4;28;0;0;;;;32;0;29;5;1;;;;35;67
"054021";"Giano dell'Umbria";55;7;30;1;0;;;;38;3;22;1;2;;;;28;66
"054021";"Giano dell'Umbria";56;7;16;1;1;;;;25;0;31;2;1;;;;34;59
"054021";"Giano dell'Umbria";57;3;19;1;0;;;;23;3;17;1;2;;;;23;46
"054021";"Giano dell'Umbria";58;2;24;2;0;;;;28;1;28;0;1;;;;30;58
"054021";"Giano dell'Umbria";59;5;32;3;1;;;;41;2;23;2;1;;;;28;69
"054021";"Giano dell'Umbria";60;4;27;0;0;;;;31;1;16;1;1;;;;19;50
"054021";"Giano dell'Umbria";61;5;22;1;0;;;;28;3;23;4;2;;;;32;60
"054021";"Giano dell'Umbria";62;2;22;1;1;;;;26;2;15;0;5;;;;22;48
"054021";"Giano dell'Umbria";63;3;10;0;0;;;;13;0;22;1;1;;;;24;37
"054021";"Giano dell'Umbria";64;4;18;2;2;;;;26;2;13;1;2;;;;18;44
"054021";"Giano dell'Umbria";65;1;12;2;1;;;;16;0;14;1;3;;;;18;34
"054021";"Giano dell'Umbria";66;3;15;1;1;;;;20;2;14;1;2;;;;19;39
"054021";"Giano dell'Umbria";67;4;14;0;0;;;;18;2;17;2;3;;;;24;42
"054021";"Giano dell'Umbria";68;1;21;1;1;;;;24;2;12;0;1;;;;15;39
"054021";"Giano dell'Umbria";69;0;10;1;0;;;;11;0;16;1;7;;;;24;35
"054021";"Giano dell'Umbria";70;0;18;0;2;;;;20;2;14;1;4;;;;21;41
"054021";"Giano dell'Umbria";71;0;19;0;0;;;;19;0;12;1;5;;;;18;37
"054021";"Giano dell'Umbria";72;2;15;0;2;;;;19;2;20;0;3;;;;25;44
"054021";"Giano dell'Umbria";73;2;18;1;2;;;;23;1;15;0;3;;;;19;42
"054021";"Giano dell'Umbria";74;1;22;0;0;;;;23;0;17;0;8;;;;25;48
"054021";"Giano dell'Umbria";75;1;15;1;3;;;;20;1;6;0;6;;;;13;33
"054021";"Giano dell'Umbria";76;0;15;0;0;;;;15;0;9;0;2;;;;11;26
"054021";"Giano dell'Umbria";77;0;10;0;0;;;;10;0;5;0;5;;;;10;20
"054021";"Giano dell'Umbria";78;1;12;0;2;;;;15;1;6;0;7;;;;14;29
"054021";"Giano dell'Umbria";79;0;6;0;2;;;;8;0;8;0;5;;;;13;21
"054021";"Giano dell'Umbria";80;3;12;0;2;;;;17;0;8;0;9;;;;17;34
"054021";"Giano dell'Umbria";81;0;11;0;1;;;;12;2;3;0;14;;;;19;31
"054021";"Giano dell'Umbria";82;1;4;1;2;;;;8;1;9;0;13;;;;23;31
"054021";"Giano dell'Umbria";83;0;3;0;2;;;;5;2;5;0;10;;;;17;22
"054021";"Giano dell'Umbria";84;0;6;0;1;;;;7;0;3;0;10;;;;13;20
"054021";"Giano dell'Umbria";85;0;7;0;0;;;;7;0;3;0;9;;;;12;19
"054021";"Giano dell'Umbria";86;0;8;0;1;;;;9;0;2;0;9;;;;11;20
"054021";"Giano dell'Umbria";87;0;5;0;2;;;;7;0;3;0;11;;;;14;21
"054021";"Giano dell'Umbria";88;0;4;0;0;;;;4;0;1;0;10;;;;11;15
"054021";"Giano dell'Umbria";89;0;1;1;1;;;;3;0;1;0;12;;;;13;16
"054021";"Giano dell'Umbria";90;0;5;0;2;;;;7;0;1;0;9;;;;10;17
"054021";"Giano dell'Umbria";91;0;2;0;1;;;;3;0;1;0;6;;;;7;10
"054021";"Giano dell'Umbria";92;0;2;0;1;;;;3;0;0;0;5;;;;5;8
"054021";"Giano dell'Umbria";93;0;1;0;1;;;;2;0;0;0;5;;;;5;7
"054021";"Giano dell'Umbria";94;1;0;0;1;;;;2;0;0;0;3;;;;3;5
"054021";"Giano dell'Umbria";95;0;0;0;0;;;;0;0;0;0;2;;;;2;2
"054021";"Giano dell'Umbria";96;0;0;0;0;;;;0;0;0;0;1;;;;1;1
"054021";"Giano dell'Umbria";97;0;0;0;1;;;;1;0;0;0;3;;;;3;4
"054021";"Giano dell'Umbria";98;0;0;0;2;;;;2;0;0;0;2;;;;2;4
"054021";"Giano dell'Umbria";99;0;0;0;0;;;;0;0;0;0;0;;;;0;0
"054021";"Giano dell'Umbria";100;0;0;0;0;;;;0;0;0;0;1;;;;1;1
"054021";"Giano dell'Umbria";999;832;1010;40;45;;;;1927;659;892;47;231;;;;1829;3756
"054022";"Gualdo Cattaneo";0;16;0;0;0;;;;16;12;0;0;0;;;;12;28
"054022";"Gualdo Cattaneo";1;12;0;0;0;;;;12;12;0;0;0;;;;12;24
"054022";"Gualdo Cattaneo";2;11;0;0;0;;;;11;14;0;0;0;;;;14;25
"054022";"Gualdo Cattaneo";3;26;0;0;0;;;;26;11;0;0;0;;;;11;37
"054022";"Gualdo Cattaneo";4;20;0;0;0;;;;20;13;0;0;0;;;;13;33
"054022";"Gualdo Cattaneo";5;17;0;0;0;;;;17;12;0;0;0;;;;12;29
"054022";"Gualdo Cattaneo";6;29;0;0;0;;;;29;13;0;0;0;;;;13;42
"054022";"Gualdo Cattaneo";7;23;0;0;0;;;;23;30;0;0;0;;;;30;53
"054022";"Gualdo Cattaneo";8;25;0;0;0;;;;25;29;0;0;0;;;;29;54
"054022";"Gualdo Cattaneo";9;29;0;0;0;;;;29;21;0;0;0;;;;21;50
"054022";"Gualdo Cattaneo";10;26;0;0;0;;;;26;19;0;0;0;;;;19;45
"054022";"Gualdo Cattaneo";11;21;0;0;0;;;;21;28;0;0;0;;;;28;49
"054022";"Gualdo Cattaneo";12;27;0;0;0;;;;27;30;0;0;0;;;;30;57
"054022";"Gualdo Cattaneo";13;22;0;0;0;;;;22;17;0;0;0;;;;17;39
"054022";"Gualdo Cattaneo";14;23;0;0;0;;;;23;28;0;0;0;;;;28;51
"054022";"Gualdo Cattaneo";15;18;0;0;0;;;;18;24;0;0;0;;;;24;42
"054022";"Gualdo Cattaneo";16;13;0;0;0;;;;13;25;0;0;0;;;;25;38
"054022";"Gualdo Cattaneo";17;26;0;0;0;;;;26;21;0;0;0;;;;21;47
"054022";"Gualdo Cattaneo";18;24;0;0;0;;;;24;15;0;0;0;;;;15;39
"054022";"Gualdo Cattaneo";19;25;0;0;0;;;;25;18;0;0;0;;;;18;43
"054022";"Gualdo Cattaneo";20;25;0;0;0;;;;25;32;0;0;0;;;;32;57
"054022";"Gualdo Cattaneo";21;28;2;0;0;;;;30;21;2;0;0;;;;23;53
"054022";"Gualdo Cattaneo";22;35;0;0;0;;;;35;27;0;0;0;;;;27;62
"054022";"Gualdo Cattaneo";23;40;0;0;0;;;;40;26;1;0;0;;;;27;67
"054022";"Gualdo Cattaneo";24;28;0;0;0;;;;28;27;4;0;0;;;;31;59
"054022";"Gualdo Cattaneo";25;33;2;0;0;;;;35;18;0;0;0;;;;18;53
"054022";"Gualdo Cattaneo";26;20;2;0;0;;;;22;14;1;0;0;;;;15;37
"054022";"Gualdo Cattaneo";27;34;3;0;0;;;;37;18;3;0;0;;;;21;58
"054022";"Gualdo Cattaneo";28;28;3;0;0;;;;31;26;3;0;0;;;;29;60
"054022";"Gualdo Cattaneo";29;36;8;0;0;;;;44;17;4;0;0;;;;21;65
"054022";"Gualdo Cattaneo";30;35;5;0;0;;;;40;23;7;0;0;;;;30;70
"054022";"Gualdo Cattaneo";31;35;3;0;0;;;;38;13;11;0;0;;;;24;62
"054022";"Gualdo Cattaneo";32;31;9;2;0;;;;42;18;10;0;0;;;;28;70
"054022";"Gualdo Cattaneo";33;26;5;0;0;;;;31;19;8;0;0;;;;27;58
"054022";"Gualdo Cattaneo";34;24;13;0;0;;;;37;13;8;1;0;;;;22;59
"054022";"Gualdo Cattaneo";35;28;5;1;0;;;;34;9;14;1;1;;;;25;59
"054022";"Gualdo Cattaneo";36;21;13;2;0;;;;36;15;15;0;0;;;;30;66
"054022";"Gualdo Cattaneo";37;25;18;0;0;;;;43;13;16;2;0;;;;31;74
"054022";"Gualdo Cattaneo";38;13;16;0;0;;;;29;12;13;0;0;;;;25;54
"054022";"Gualdo Cattaneo";39;25;20;0;0;;;;45;14;19;1;0;;;;34;79
"054022";"Gualdo Cattaneo";40;17;23;1;0;;;;41;5;16;0;0;;;;21;62
"054022";"Gualdo Cattaneo";41;15;21;0;0;;;;36;12;16;1;0;;;;29;65
"054022";"Gualdo Cattaneo";42;10;33;1;0;;;;44;9;22;2;1;;;;34;78
"054022";"Gualdo Cattaneo";43;16;23;1;0;;;;40;12;31;1;1;;;;45;85
"054022";"Gualdo Cattaneo";44;12;31;0;0;;;;43;8;29;2;1;;;;40;83
"054022";"Gualdo Cattaneo";45;19;20;2;0;;;;41;5;24;0;0;;;;29;70
"054022";"Gualdo Cattaneo";46;15;20;1;0;;;;36;7;26;2;2;;;;37;73
"054022";"Gualdo Cattaneo";47;6;47;4;0;;;;57;5;34;2;1;;;;42;99
"054022";"Gualdo Cattaneo";48;14;20;2;0;;;;36;7;27;2;0;;;;36;72
"054022";"Gualdo Cattaneo";49;3;29;0;0;;;;32;14;32;3;0;;;;49;81
"054022";"Gualdo Cattaneo";50;8;24;0;0;;;;32;5;29;4;1;;;;39;71
"054022";"Gualdo Cattaneo";51;13;43;4;0;;;;60;2;38;5;3;;;;48;108
"054022";"Gualdo Cattaneo";52;10;32;2;1;;;;45;4;34;5;1;;;;44;89
"054022";"Gualdo Cattaneo";53;5;40;5;0;;;;50;6;37;3;1;;;;47;97
"054022";"Gualdo Cattaneo";54;7;37;2;0;;;;46;1;39;3;3;;;;46;92
"054022";"Gualdo Cattaneo";55;5;51;4;0;;;;60;5;30;3;4;;;;42;102
"054022";"Gualdo Cattaneo";56;5;42;5;0;;;;52;3;36;0;1;;;;40;92
"054022";"Gualdo Cattaneo";57;7;42;2;1;;;;52;4;37;4;4;;;;49;101
"054022";"Gualdo Cattaneo";58;8;32;0;0;;;;40;3;36;1;1;;;;41;81
"054022";"Gualdo Cattaneo";59;2;28;4;1;;;;35;7;45;1;3;;;;56;91
"054022";"Gualdo Cattaneo";60;3;42;5;2;;;;52;2;40;1;3;;;;46;98
"054022";"Gualdo Cattaneo";61;4;36;0;0;;;;40;3;33;3;1;;;;40;80
"054022";"Gualdo Cattaneo";62;5;25;0;0;;;;30;4;41;1;1;;;;47;77
"054022";"Gualdo Cattaneo";63;3;21;5;0;;;;29;2;29;1;4;;;;36;65
"054022";"Gualdo Cattaneo";64;8;36;2;1;;;;47;1;34;4;4;;;;43;90
"054022";"Gualdo Cattaneo";65;2;42;1;1;;;;46;0;25;1;8;;;;34;80
"054022";"Gualdo Cattaneo";66;1;33;3;0;;;;37;2;36;1;7;;;;46;83
"054022";"Gualdo Cattaneo";67;3;28;1;3;;;;35;2;41;0;7;;;;50;85
"054022";"Gualdo Cattaneo";68;0;31;1;1;;;;33;2;24;0;9;;;;35;68
"054022";"Gualdo Cattaneo";69;6;21;2;0;;;;29;1;23;0;4;;;;28;57
"054022";"Gualdo Cattaneo";70;3;35;3;2;;;;43;1;24;0;6;;;;31;74
"054022";"Gualdo Cattaneo";71;2;35;0;4;;;;41;0;28;1;5;;;;34;75
"054022";"Gualdo Cattaneo";72;0;37;1;1;;;;39;1;21;0;4;;;;26;65
"054022";"Gualdo Cattaneo";73;2;33;0;2;;;;37;0;26;0;7;;;;33;70
"054022";"Gualdo Cattaneo";74;3;25;0;1;;;;29;1;27;0;10;;;;38;67
"054022";"Gualdo Cattaneo";75;0;22;0;3;;;;25;0;11;0;4;;;;15;40
"054022";"Gualdo Cattaneo";76;2;21;0;3;;;;26;3;17;0;11;;;;31;57
"054022";"Gualdo Cattaneo";77;3;19;1;2;;;;25;0;15;0;12;;;;27;52
"054022";"Gualdo Cattaneo";78;0;18;1;5;;;;24;0;16;2;14;;;;32;56
"054022";"Gualdo Cattaneo";79;3;24;1;4;;;;32;1;16;0;12;;;;29;61
"054022";"Gualdo Cattaneo";80;1;18;1;1;;;;21;3;11;0;12;;;;26;47
"054022";"Gualdo Cattaneo";81;1;22;0;5;;;;28;0;17;2;16;;;;35;63
"054022";"Gualdo Cattaneo";82;0;24;0;4;;;;28;0;12;0;14;;;;26;54
"054022";"Gualdo Cattaneo";83;3;15;0;3;;;;21;0;14;1;19;;;;34;55
"054022";"Gualdo Cattaneo";84;1;16;0;2;;;;19;0;11;0;24;;;;35;54
"054022";"Gualdo Cattaneo";85;2;9;0;4;;;;15;1;12;0;18;;;;31;46
"054022";"Gualdo Cattaneo";86;1;19;0;3;;;;23;0;12;0;23;;;;35;58
"054022";"Gualdo Cattaneo";87;1;17;0;1;;;;19;0;6;0;12;;;;18;37
"054022";"Gualdo Cattaneo";88;1;9;0;5;;;;15;0;2;0;20;;;;22;37
"054022";"Gualdo Cattaneo";89;0;10;0;6;;;;16;0;2;0;24;;;;26;42
"054022";"Gualdo Cattaneo";90;2;8;0;5;;;;15;0;1;0;11;;;;12;27
"054022";"Gualdo Cattaneo";91;0;4;0;2;;;;6;2;1;0;17;;;;20;26
"054022";"Gualdo Cattaneo";92;0;2;0;2;;;;4;0;1;0;14;;;;15;19
"054022";"Gualdo Cattaneo";93;0;2;0;4;;;;6;0;0;0;6;;;;6;12
"054022";"Gualdo Cattaneo";94;0;0;0;3;;;;3;0;0;0;9;;;;9;12
"054022";"Gualdo Cattaneo";95;0;1;0;0;;;;1;1;0;0;8;;;;9;10
"054022";"Gualdo Cattaneo";96;0;0;0;2;;;;2;0;1;0;3;;;;4;6
"054022";"Gualdo Cattaneo";97;0;0;0;0;;;;0;0;0;0;5;;;;5;5
"054022";"Gualdo Cattaneo";98;0;1;0;0;;;;1;0;0;0;3;;;;3;4
"054022";"Gualdo Cattaneo";99;0;0;0;0;;;;0;0;0;0;4;;;;4;4
"054022";"Gualdo Cattaneo";100;0;0;0;0;;;;0;0;0;0;2;;;;2;2
"054022";"Gualdo Cattaneo";999;1266;1526;73;90;;;;2955;924;1387;67;426;;;;2804;5759
"054023";"Gualdo Tadino";0;44;0;0;0;;;;44;38;0;0;0;;;;38;82
"054023";"Gualdo Tadino";1;32;0;0;0;;;;32;40;0;0;0;;;;40;72
"054023";"Gualdo Tadino";2;50;0;0;0;;;;50;37;0;0;0;;;;37;87
"054023";"Gualdo Tadino";3;38;0;0;0;;;;38;48;0;0;0;;;;48;86
"054023";"Gualdo Tadino";4;50;0;0;0;;;;50;42;0;0;0;;;;42;92
"054023";"Gualdo Tadino";5;51;0;0;0;;;;51;39;0;0;0;;;;39;90
"054023";"Gualdo Tadino";6;55;0;0;0;;;;55;51;0;0;0;;;;51;106
"054023";"Gualdo Tadino";7;55;0;0;0;;;;55;58;0;0;0;;;;58;113
"054023";"Gualdo Tadino";8;64;0;0;0;;;;64;75;0;0;0;;;;75;139
"054023";"Gualdo Tadino";9;57;0;0;0;;;;57;54;0;0;0;;;;54;111
"054023";"Gualdo Tadino";10;56;0;0;0;;;;56;73;0;0;0;;;;73;129
"054023";"Gualdo Tadino";11;73;0;0;0;;;;73;65;0;0;0;;;;65;138
"054023";"Gualdo Tadino";12;75;0;0;0;;;;75;78;0;0;0;;;;78;153
"054023";"Gualdo Tadino";13;64;0;0;0;;;;64;72;0;0;0;;;;72;136
"054023";"Gualdo Tadino";14;60;0;0;0;;;;60;76;0;0;0;;;;76;136
"054023";"Gualdo Tadino";15;61;0;0;0;;;;61;69;0;0;0;;;;69;130
"054023";"Gualdo Tadino";16;62;0;0;0;;;;62;64;0;0;0;;;;64;126
"054023";"Gualdo Tadino";17;57;0;0;0;;;;57;56;0;0;0;;;;56;113
"054023";"Gualdo Tadino";18;66;0;0;0;;;;66;56;0;0;0;;;;56;122
"054023";"Gualdo Tadino";19;65;0;0;0;;;;65;59;0;0;0;;;;59;124
"054023";"Gualdo Tadino";20;56;0;0;0;;;;56;75;3;0;0;;;;78;134
"054023";"Gualdo Tadino";21;72;0;0;0;;;;72;52;0;0;0;;;;52;124
"054023";"Gualdo Tadino";22;56;0;0;0;;;;56;61;1;0;0;;;;62;118
"054023";"Gualdo Tadino";23;58;0;0;0;;;;58;64;3;0;0;;;;67;125
"054023";"Gualdo Tadino";24;58;1;0;0;;;;59;55;2;0;0;;;;57;116
"054023";"Gualdo Tadino";25;65;0;0;0;;;;65;64;2;0;0;;;;66;131
"054023";"Gualdo Tadino";26;62;0;0;0;;;;62;48;6;0;0;;;;54;116
"054023";"Gualdo Tadino";27;66;1;0;0;;;;67;41;8;0;0;;;;49;116
"054023";"Gualdo Tadino";28;59;1;0;0;;;;60;47;11;0;0;;;;58;118
"054023";"Gualdo Tadino";29;68;7;0;0;;;;75;50;20;0;0;;;;70;145
"054023";"Gualdo Tadino";30;59;9;0;0;;;;68;56;20;0;0;;;;76;144
"054023";"Gualdo Tadino";31;60;12;0;0;;;;72;44;17;2;0;;;;63;135
"054023";"Gualdo Tadino";32;52;11;0;0;;;;63;48;28;0;0;;;;76;139
"054023";"Gualdo Tadino";33;37;17;0;0;;;;54;36;37;1;0;;;;74;128
"054023";"Gualdo Tadino";34;53;24;2;0;;;;79;42;37;1;0;;;;80;159
"054023";"Gualdo Tadino";35;38;20;1;0;;;;59;47;49;4;1;;;;101;160
"054023";"Gualdo Tadino";36;53;33;2;0;;;;88;30;52;3;0;;;;85;173
"054023";"Gualdo Tadino";37;42;35;2;1;;;;80;19;56;5;0;;;;80;160
"054023";"Gualdo Tadino";38;41;40;0;0;;;;81;22;42;2;2;;;;68;149
"054023";"Gualdo Tadino";39;31;45;3;0;;;;79;21;43;4;1;;;;69;148
"054023";"Gualdo Tadino";40;38;51;2;0;;;;91;27;50;7;0;;;;84;175
"054023";"Gualdo Tadino";41;32;54;2;0;;;;88;20;63;3;2;;;;88;176
"054023";"Gualdo Tadino";42;31;75;4;1;;;;111;18;70;4;1;;;;93;204
"054023";"Gualdo Tadino";43;28;58;6;0;;;;92;20;63;7;0;;;;90;182
"054023";"Gualdo Tadino";44;30;56;3;0;;;;89;28;91;5;2;;;;126;215
"054023";"Gualdo Tadino";45;44;61;5;0;;;;110;19;84;8;2;;;;113;223
"054023";"Gualdo Tadino";46;26;74;5;1;;;;106;26;99;9;3;;;;137;243
"054023";"Gualdo Tadino";47;30;67;4;1;;;;102;23;64;10;4;;;;101;203
"054023";"Gualdo Tadino";48;20;63;6;3;;;;92;17;95;9;2;;;;123;215
"054023";"Gualdo Tadino";49;29;67;8;0;;;;104;13;82;16;4;;;;115;219
"054023";"Gualdo Tadino";50;24;70;9;1;;;;104;13;88;12;4;;;;117;221
"054023";"Gualdo Tadino";51;26;62;7;0;;;;95;12;85;5;2;;;;104;199
"054023";"Gualdo Tadino";52;12;97;8;0;;;;117;6;80;13;3;;;;102;219
"054023";"Gualdo Tadino";53;14;91;12;1;;;;118;10;91;13;4;;;;118;236
"054023";"Gualdo Tadino";54;20;90;8;1;;;;119;11;84;7;5;;;;107;226
"054023";"Gualdo Tadino";55;16;88;4;0;;;;108;13;86;8;9;;;;116;224
"054023";"Gualdo Tadino";56;17;93;1;2;;;;113;8;106;6;5;;;;125;238
"054023";"Gualdo Tadino";57;12;89;7;1;;;;109;6;99;12;8;;;;125;234
"054023";"Gualdo Tadino";58;15;84;12;0;;;;111;7;77;10;8;;;;102;213
"054023";"Gualdo Tadino";59;19;78;9;0;;;;106;8;116;8;8;;;;140;246
"054023";"Gualdo Tadino";60;14;94;5;2;;;;115;9;95;7;5;;;;116;231
"054023";"Gualdo Tadino";61;9;89;4;2;;;;104;8;72;7;7;;;;94;198
"054023";"Gualdo Tadino";62;10;82;6;2;;;;100;6;75;3;7;;;;91;191
"054023";"Gualdo Tadino";63;18;74;3;4;;;;99;4;85;5;16;;;;110;209
"054023";"Gualdo Tadino";64;10;87;3;2;;;;102;9;71;5;15;;;;100;202
"054023";"Gualdo Tadino";65;9;67;4;2;;;;82;7;83;2;6;;;;98;180
"054023";"Gualdo Tadino";66;8;70;2;6;;;;86;3;74;2;14;;;;93;179
"054023";"Gualdo Tadino";67;4;88;1;3;;;;96;3;59;5;22;;;;89;185
"054023";"Gualdo Tadino";68;7;68;3;2;;;;80;3;74;1;24;;;;102;182
"054023";"Gualdo Tadino";69;9;83;1;2;;;;95;5;57;1;25;;;;88;183
"054023";"Gualdo Tadino";70;3;80;6;4;;;;93;5;77;7;19;;;;108;201
"054023";"Gualdo Tadino";71;8;64;3;3;;;;78;4;78;2;30;;;;114;192
"054023";"Gualdo Tadino";72;6;77;2;2;;;;87;6;56;2;27;;;;91;178
"054023";"Gualdo Tadino";73;5;80;1;6;;;;92;2;81;2;21;;;;106;198
"054023";"Gualdo Tadino";74;9;69;2;6;;;;86;4;66;4;35;;;;109;195
"054023";"Gualdo Tadino";75;6;58;1;5;;;;70;2;46;0;31;;;;79;149
"054023";"Gualdo Tadino";76;2;84;0;5;;;;91;2;46;1;37;;;;86;177
"054023";"Gualdo Tadino";77;4;62;2;9;;;;77;1;39;0;36;;;;76;153
"054023";"Gualdo Tadino";78;5;52;1;6;;;;64;0;29;0;33;;;;62;126
"054023";"Gualdo Tadino";79;4;34;1;3;;;;42;2;39;1;43;;;;85;127
"054023";"Gualdo Tadino";80;3;46;1;7;;;;57;1;38;2;39;;;;80;137
"054023";"Gualdo Tadino";81;4;40;0;9;;;;53;1;26;2;42;;;;71;124
"054023";"Gualdo Tadino";82;5;55;2;8;;;;70;1;35;2;48;;;;86;156
"054023";"Gualdo Tadino";83;3;40;0;6;;;;49;3;14;3;55;;;;75;124
"054023";"Gualdo Tadino";84;3;38;0;6;;;;47;2;27;0;54;;;;83;130
"054023";"Gualdo Tadino";85;2;36;1;6;;;;45;1;9;0;36;;;;46;91
"054023";"Gualdo Tadino";86;3;31;0;7;;;;41;3;15;0;54;;;;72;113
"054023";"Gualdo Tadino";87;0;18;0;11;;;;29;3;8;2;46;;;;59;88
"054023";"Gualdo Tadino";88;1;22;1;8;;;;32;0;8;0;45;;;;53;85
"054023";"Gualdo Tadino";89;2;11;0;1;;;;14;5;4;0;56;;;;65;79
"054023";"Gualdo Tadino";90;0;9;0;7;;;;16;1;2;0;41;;;;44;60
"054023";"Gualdo Tadino";91;1;8;0;4;;;;13;2;4;0;33;;;;39;52
"054023";"Gualdo Tadino";92;0;6;0;3;;;;9;1;1;0;39;;;;41;50
"054023";"Gualdo Tadino";93;2;6;0;4;;;;12;2;2;0;24;;;;28;40
"054023";"Gualdo Tadino";94;0;4;0;4;;;;8;0;0;0;24;;;;24;32
"054023";"Gualdo Tadino";95;1;3;0;1;;;;5;0;0;0;20;;;;20;25
"054023";"Gualdo Tadino";96;1;2;0;3;;;;6;1;0;1;13;;;;15;21
"054023";"Gualdo Tadino";97;0;2;0;0;;;;2;1;0;0;5;;;;6;8
"054023";"Gualdo Tadino";98;0;0;0;0;;;;0;0;0;0;6;;;;6;6
"054023";"Gualdo Tadino";99;0;0;0;1;;;;1;0;0;0;3;;;;3;4
"054023";"Gualdo Tadino";100;0;2;0;1;;;;3;0;0;0;10;;;;10;13
"054023";"Gualdo Tadino";999;2885;3565;188;186;;;;6824;2490;3605;263;1226;;;;7584;14408
"054024";"Gubbio";0;89;0;0;0;0;0;0;89;85;0;0;0;0;0;0;85;174
"054024";"Gubbio";1;110;0;0;0;0;0;0;110;87;0;0;0;0;0;0;87;197
"054024";"Gubbio";2;91;0;0;0;0;0;0;91;92;0;0;0;0;0;0;92;183
"054024";"Gubbio";3;111;0;0;0;0;0;0;111;106;0;0;0;0;0;0;106;217
"054024";"Gubbio";4;104;0;0;0;0;0;0;104;102;0;0;0;0;0;0;102;206
"054024";"Gubbio";5;104;0;0;0;0;0;0;104;99;0;0;0;0;0;0;99;203
"054024";"Gubbio";6;117;0;0;0;0;0;0;117;130;0;0;0;0;0;0;130;247
"054024";"Gubbio";7;124;0;0;0;0;0;0;124;135;0;0;0;0;0;0;135;259
"054024";"Gubbio";8;125;0;0;0;0;0;0;125;104;0;0;0;0;0;0;104;229
"054024";"Gubbio";9;133;0;0;0;0;0;0;133;131;0;0;0;0;0;0;131;264
"054024";"Gubbio";10;127;0;0;0;0;0;0;127;146;0;0;0;0;0;0;146;273
"054024";"Gubbio";11;159;0;0;0;0;0;0;159;129;0;0;0;0;0;0;129;288
"054024";"Gubbio";12;146;0;0;0;0;0;0;146;157;0;0;0;0;0;0;157;303
"054024";"Gubbio";13;136;0;0;0;0;0;0;136;134;0;0;0;0;0;0;134;270
"054024";"Gubbio";14;140;0;0;0;0;0;0;140;127;0;0;0;0;0;0;127;267
"054024";"Gubbio";15;133;0;0;0;0;0;0;133;139;0;0;0;0;0;0;139;272
"054024";"Gubbio";16;134;0;0;0;0;0;0;134;129;0;0;0;0;0;0;129;263
"054024";"Gubbio";17;143;0;0;0;0;0;0;143;137;0;0;0;0;0;0;137;280
"054024";"Gubbio";18;150;0;0;0;0;0;0;150;137;0;0;0;0;0;0;137;287
"054024";"Gubbio";19;135;0;0;0;0;0;0;135;154;0;0;0;0;0;0;154;289
"054024";"Gubbio";20;148;0;0;0;0;0;0;148;150;1;0;0;0;0;0;151;299
"054024";"Gubbio";21;157;0;0;0;0;0;0;157;130;1;0;0;0;0;0;131;288
"054024";"Gubbio";22;183;0;0;0;0;0;0;183;126;5;0;0;0;0;0;131;314
"054024";"Gubbio";23;162;0;0;0;0;0;0;162;153;5;0;0;0;0;0;158;320
"054024";"Gubbio";24;175;2;0;0;0;0;0;177;136;7;0;0;0;0;0;143;320
"054024";"Gubbio";25;164;3;0;0;0;0;0;167;130;3;0;0;0;0;0;133;300
"054024";"Gubbio";26;162;2;0;0;0;0;0;164;144;7;0;0;0;0;0;151;315
"054024";"Gubbio";27;164;3;0;0;0;0;0;167;140;10;0;0;0;0;0;150;317
"054024";"Gubbio";28;141;12;1;0;1;0;0;155;111;28;0;0;0;0;0;139;294
"054024";"Gubbio";29;154;12;0;0;0;0;0;166;105;34;0;0;0;0;0;139;305
"054024";"Gubbio";30;133;12;0;0;0;0;0;145;110;39;1;0;0;0;0;150;295
"054024";"Gubbio";31;132;30;0;0;0;0;0;162;86;66;0;0;0;0;0;152;314
"054024";"Gubbio";32;149;35;0;0;1;0;0;185;76;52;4;0;0;0;0;132;317
"054024";"Gubbio";33;96;43;2;0;0;0;0;141;76;81;3;0;0;0;0;160;301
"054024";"Gubbio";34;88;62;4;0;0;0;0;154;68;96;3;1;0;0;0;168;322
"054024";"Gubbio";35;119;51;0;0;0;0;0;170;63;98;1;0;0;0;0;162;332
"054024";"Gubbio";36;78;84;0;0;0;0;0;162;62;100;6;1;0;0;0;169;331
"054024";"Gubbio";37;89;86;2;1;0;0;0;178;59;134;11;0;0;0;0;204;382
"054024";"Gubbio";38;76;99;2;0;0;0;0;177;53;117;6;1;0;0;0;177;354
"054024";"Gubbio";39;58;97;4;0;0;0;0;159;46;125;3;1;0;0;0;175;334
"054024";"Gubbio";40;59;105;5;1;0;0;0;170;48;125;2;0;0;0;0;175;345
"054024";"Gubbio";41;67;113;9;0;0;0;0;189;46;168;13;0;0;0;0;227;416
"054024";"Gubbio";42;77;121;3;0;0;0;0;201;41;147;9;0;0;0;0;197;398
"054024";"Gubbio";43;63;131;13;1;0;0;0;208;41;159;9;2;0;0;0;211;419
"054024";"Gubbio";44;67;130;9;0;0;0;0;206;50;148;11;3;0;0;0;212;418
"054024";"Gubbio";45;71;158;5;1;1;0;0;236;35;160;7;2;0;0;0;204;440
"054024";"Gubbio";46;60;176;3;1;1;0;0;241;27;166;11;1;0;0;0;205;446
"054024";"Gubbio";47;66;153;5;1;0;0;0;225;35;193;12;2;0;0;0;242;467
"054024";"Gubbio";48;55;175;21;0;0;0;0;251;29;199;16;1;0;0;0;245;496
"054024";"Gubbio";49;54;175;9;1;0;0;0;239;35;185;20;5;0;0;0;245;484
"054024";"Gubbio";50;54;169;9;0;0;0;0;232;26;209;16;6;0;0;0;257;489
"054024";"Gubbio";51;37;181;16;1;0;0;0;235;24;203;15;4;0;0;0;246;481
"054024";"Gubbio";52;46;172;16;1;0;0;0;235;26;198;13;13;0;0;0;250;485
"054024";"Gubbio";53;47;181;16;1;0;0;0;245;24;217;17;6;0;0;0;264;509
"054024";"Gubbio";54;40;193;16;0;0;0;0;249;30;190;17;8;0;0;0;245;494
"054024";"Gubbio";55;39;191;8;3;0;0;0;241;23;239;17;17;0;0;0;296;537
"054024";"Gubbio";56;34;193;8;2;0;0;0;237;24;228;19;12;0;0;0;283;520
"054024";"Gubbio";57;34;180;13;1;0;0;0;228;21;201;16;14;0;0;0;252;480
"054024";"Gubbio";58;29;181;7;2;0;0;1;220;16;194;19;6;0;0;0;235;455
"054024";"Gubbio";59;13;195;9;1;0;0;0;218;25;181;10;11;0;0;0;227;445
"054024";"Gubbio";60;27;189;12;4;0;0;0;232;16;192;12;19;0;0;0;239;471
"054024";"Gubbio";61;27;171;9;1;0;0;0;208;21;206;7;24;0;0;0;258;466
"054024";"Gubbio";62;28;168;9;3;0;0;0;208;17;143;9;17;0;0;0;186;394
"054024";"Gubbio";63;15;179;7;4;0;0;0;205;12;169;9;17;0;0;0;207;412
"054024";"Gubbio";64;20;179;7;3;0;0;0;209;10;155;2;18;0;0;0;185;394
"054024";"Gubbio";65;13;165;11;5;0;0;0;194;10;165;7;13;0;0;0;195;389
"054024";"Gubbio";66;19;171;5;3;0;0;0;198;11;161;4;27;0;0;0;203;401
"054024";"Gubbio";67;19;158;4;9;0;0;0;190;5;153;6;33;0;0;0;197;387
"054024";"Gubbio";68;14;129;3;5;0;0;0;151;11;146;7;46;0;0;0;210;361
"054024";"Gubbio";69;17;178;4;9;0;0;0;208;13;137;4;32;0;0;0;186;394
"054024";"Gubbio";70;18;163;4;11;0;0;0;196;7;144;5;38;0;0;0;194;390
"054024";"Gubbio";71;10;148;5;9;0;0;0;172;6;124;7;38;0;0;0;175;347
"054024";"Gubbio";72;15;140;2;11;0;0;0;168;10;140;6;52;0;0;0;208;376
"054024";"Gubbio";73;20;162;0;10;0;0;0;192;8;141;3;59;0;0;0;211;403
"054024";"Gubbio";74;22;136;2;8;0;0;0;168;3;101;5;58;0;0;0;167;335
"054024";"Gubbio";75;9;126;2;10;0;0;0;147;4;98;0;48;0;0;0;150;297
"054024";"Gubbio";76;15;112;1;16;0;0;0;144;9;110;2;58;0;0;0;179;323
"054024";"Gubbio";77;13;125;0;13;0;0;0;151;9;108;2;70;0;0;0;189;340
"054024";"Gubbio";78;7;108;1;17;0;0;0;133;7;65;1;71;0;0;0;144;277
"054024";"Gubbio";79;16;109;2;14;0;0;0;141;7;72;2;72;0;0;0;153;294
"054024";"Gubbio";80;14;95;3;20;0;0;0;132;11;76;3;81;0;0;0;171;303
"054024";"Gubbio";81;14;104;0;25;0;0;0;143;9;87;1;96;0;0;0;193;336
"054024";"Gubbio";82;12;106;1;23;0;0;0;142;7;60;1;99;0;0;0;167;309
"054024";"Gubbio";83;8;70;0;15;0;0;0;93;6;50;2;106;0;0;0;164;257
"054024";"Gubbio";84;6;80;0;15;0;0;0;101;3;31;0;92;0;0;0;126;227
"054024";"Gubbio";85;7;59;0;12;0;0;0;78;6;43;2;109;0;0;0;160;238
"054024";"Gubbio";86;7;62;0;12;0;0;0;81;8;26;0;86;0;0;0;120;201
"054024";"Gubbio";87;2;64;0;18;0;0;0;84;4;21;0;74;0;0;0;99;183
"054024";"Gubbio";88;6;30;2;12;0;0;0;50;8;14;2;79;0;0;0;103;153
"054024";"Gubbio";89;7;34;0;17;0;0;0;58;2;9;1;87;0;0;0;99;157
"054024";"Gubbio";90;4;21;0;15;0;0;0;40;1;9;0;65;0;0;0;75;115
"054024";"Gubbio";91;0;14;0;10;0;0;0;24;2;3;0;67;0;0;0;72;96
"054024";"Gubbio";92;6;13;0;12;0;0;0;31;1;5;1;40;0;0;0;47;78
"054024";"Gubbio";93;2;9;0;11;0;0;0;22;5;1;0;55;0;0;0;61;83
"054024";"Gubbio";94;1;8;0;7;0;0;0;16;3;3;1;32;0;0;0;39;55
"054024";"Gubbio";95;0;4;0;4;0;0;0;8;1;1;0;31;0;0;0;33;41
"054024";"Gubbio";96;0;8;0;3;0;0;0;11;2;1;0;17;0;0;0;20;31
"054024";"Gubbio";97;0;2;0;1;0;0;0;3;0;0;0;10;0;0;0;10;13
"054024";"Gubbio";98;0;1;0;4;0;0;0;5;0;0;0;6;0;0;0;6;11
"054024";"Gubbio";99;0;1;0;2;0;0;0;3;0;1;1;8;0;0;0;10;13
"054024";"Gubbio";100;0;0;0;2;0;0;0;2;2;2;0;17;0;0;0;21;23
"054024";"Gubbio";999;6591;7707;311;424;4;0;1;15038;5387;7892;422;2184;0;0;0;15885;30923
"054025";"Lisciano Niccone";0;1;0;0;0;;;;1;0;0;0;0;;;;0;1
"054025";"Lisciano Niccone";1;3;0;0;0;;;;3;1;0;0;0;;;;1;4
"054025";"Lisciano Niccone";2;6;0;0;0;;;;6;1;0;0;0;;;;1;7
"054025";"Lisciano Niccone";3;1;0;0;0;;;;1;3;0;0;0;;;;3;4
"054025";"Lisciano Niccone";4;1;0;0;0;;;;1;0;0;0;0;;;;0;1
"054025";"Lisciano Niccone";5;1;0;0;0;;;;1;2;0;0;0;;;;2;3
"054025";"Lisciano Niccone";6;2;0;0;0;;;;2;2;0;0;0;;;;2;4
"054025";"Lisciano Niccone";7;2;0;0;0;;;;2;3;0;0;0;;;;3;5
"054025";"Lisciano Niccone";8;3;0;0;0;;;;3;1;0;0;0;;;;1;4
"054025";"Lisciano Niccone";9;1;0;0;0;;;;1;3;0;0;0;;;;3;4
"054025";"Lisciano Niccone";10;5;0;0;0;;;;5;3;0;0;0;;;;3;8
"054025";"Lisciano Niccone";11;3;0;0;0;;;;3;2;0;0;0;;;;2;5
"054025";"Lisciano Niccone";12;3;0;0;0;;;;3;1;0;0;0;;;;1;4
"054025";"Lisciano Niccone";13;5;0;0;0;;;;5;2;0;0;0;;;;2;7
"054025";"Lisciano Niccone";14;0;0;0;0;;;;0;1;0;0;0;;;;1;1
"054025";"Lisciano Niccone";15;3;0;0;0;;;;3;2;0;0;0;;;;2;5
"054025";"Lisciano Niccone";16;1;0;0;0;;;;1;1;0;0;0;;;;1;2
"054025";"Lisciano Niccone";17;5;0;0;0;;;;5;1;0;0;0;;;;1;6
"054025";"Lisciano Niccone";18;1;0;0;0;;;;1;2;0;0;0;;;;2;3
"054025";"Lisciano Niccone";19;2;0;0;0;;;;2;1;0;0;0;;;;1;3
"054025";"Lisciano Niccone";20;1;0;0;0;;;;1;3;1;0;0;;;;4;5
"054025";"Lisciano Niccone";21;2;0;0;0;;;;2;2;0;0;0;;;;2;4
"054025";"Lisciano Niccone";22;2;0;0;0;;;;2;2;0;0;0;;;;2;4
"054025";"Lisciano Niccone";23;2;0;0;0;;;;2;2;0;0;0;;;;2;4
"054025";"Lisciano Niccone";24;2;0;0;0;;;;2;3;1;0;0;;;;4;6
"054025";"Lisciano Niccone";25;3;0;0;0;;;;3;1;0;0;0;;;;1;4
"054025";"Lisciano Niccone";26;0;0;0;0;;;;0;1;0;0;0;;;;1;1
"054025";"Lisciano Niccone";27;1;0;0;0;;;;1;3;0;0;0;;;;3;4
"054025";"Lisciano Niccone";28;1;1;0;0;;;;2;3;1;0;0;;;;4;6
"054025";"Lisciano Niccone";29;4;0;0;0;;;;4;1;1;0;0;;;;2;6
"054025";"Lisciano Niccone";30;2;2;0;0;;;;4;2;0;0;0;;;;2;6
"054025";"Lisciano Niccone";31;1;0;0;0;;;;1;4;4;0;0;;;;8;9
"054025";"Lisciano Niccone";32;4;0;0;0;;;;4;2;0;0;0;;;;2;6
"054025";"Lisciano Niccone";33;4;1;0;0;;;;5;2;1;0;0;;;;3;8
"054025";"Lisciano Niccone";34;2;1;0;0;;;;3;2;3;0;0;;;;5;8
"054025";"Lisciano Niccone";35;4;2;0;0;;;;6;1;0;0;0;;;;1;7
"054025";"Lisciano Niccone";36;3;1;0;0;;;;4;1;1;0;0;;;;2;6
"054025";"Lisciano Niccone";37;5;1;0;1;;;;7;1;1;0;0;;;;2;9
"054025";"Lisciano Niccone";38;0;3;0;0;;;;3;1;1;0;0;;;;2;5
"054025";"Lisciano Niccone";39;2;2;0;0;;;;4;3;1;0;0;;;;4;8
"054025";"Lisciano Niccone";40;1;1;0;0;;;;2;2;2;0;0;;;;4;6
"054025";"Lisciano Niccone";41;1;1;0;0;;;;2;0;0;0;0;;;;0;2
"054025";"Lisciano Niccone";42;1;1;0;0;;;;2;0;3;0;0;;;;3;5
"054025";"Lisciano Niccone";43;3;3;0;0;;;;6;0;3;0;0;;;;3;9
"054025";"Lisciano Niccone";44;2;1;0;0;;;;3;1;3;0;0;;;;4;7
"054025";"Lisciano Niccone";45;2;4;0;0;;;;6;2;6;0;0;;;;8;14
"054025";"Lisciano Niccone";46;0;3;0;0;;;;3;0;2;0;0;;;;2;5
"054025";"Lisciano Niccone";47;1;2;1;0;;;;4;0;4;0;0;;;;4;8
"054025";"Lisciano Niccone";48;0;2;0;0;;;;2;0;2;1;0;;;;3;5
"054025";"Lisciano Niccone";49;1;1;0;0;;;;2;0;0;1;0;;;;1;3
"054025";"Lisciano Niccone";50;2;1;1;0;;;;4;0;5;0;0;;;;5;9
"054025";"Lisciano Niccone";51;1;3;0;0;;;;4;0;4;0;0;;;;4;8
"054025";"Lisciano Niccone";52;0;3;0;0;;;;3;2;2;0;0;;;;4;7
"054025";"Lisciano Niccone";53;0;4;1;0;;;;5;0;3;0;0;;;;3;8
"054025";"Lisciano Niccone";54;1;3;0;0;;;;4;1;1;0;1;;;;3;7
"054025";"Lisciano Niccone";55;0;2;0;0;;;;2;0;3;0;1;;;;4;6
"054025";"Lisciano Niccone";56;2;2;1;0;;;;5;1;6;0;0;;;;7;12
"054025";"Lisciano Niccone";57;0;3;0;0;;;;3;0;6;1;0;;;;7;10
"054025";"Lisciano Niccone";58;0;3;0;0;;;;3;0;6;0;0;;;;6;9
"054025";"Lisciano Niccone";59;2;3;0;0;;;;5;0;6;0;0;;;;6;11
"054025";"Lisciano Niccone";60;1;2;0;0;;;;3;0;7;0;0;;;;7;10
"054025";"Lisciano Niccone";61;0;3;1;0;;;;4;2;0;0;0;;;;2;6
"054025";"Lisciano Niccone";62;0;2;0;0;;;;2;1;2;0;3;;;;6;8
"054025";"Lisciano Niccone";63;4;5;0;0;;;;9;0;8;1;2;;;;11;20
"054025";"Lisciano Niccone";64;1;4;1;0;;;;6;0;5;0;2;;;;7;13
"054025";"Lisciano Niccone";65;0;3;0;1;;;;4;1;4;1;0;;;;6;10
"054025";"Lisciano Niccone";66;1;6;0;0;;;;7;0;8;0;0;;;;8;15
"054025";"Lisciano Niccone";67;0;5;0;0;;;;5;0;2;0;0;;;;2;7
"054025";"Lisciano Niccone";68;0;4;0;0;;;;4;0;6;0;0;;;;6;10
"054025";"Lisciano Niccone";69;0;5;0;0;;;;5;0;4;1;1;;;;6;11
"054025";"Lisciano Niccone";70;1;4;1;0;;;;6;0;4;0;1;;;;5;11
"054025";"Lisciano Niccone";71;0;6;0;0;;;;6;0;3;0;0;;;;3;9
"054025";"Lisciano Niccone";72;0;4;0;0;;;;4;0;3;0;0;;;;3;7
"054025";"Lisciano Niccone";73;3;3;0;1;;;;7;0;2;0;1;;;;3;10
"054025";"Lisciano Niccone";74;1;3;0;0;;;;4;0;2;0;0;;;;2;6
"054025";"Lisciano Niccone";75;0;3;0;0;;;;3;0;2;1;1;;;;4;7
"054025";"Lisciano Niccone";76;0;3;0;0;;;;3;1;1;0;1;;;;3;6
"054025";"Lisciano Niccone";77;1;0;0;0;;;;1;0;2;2;0;;;;4;5
"054025";"Lisciano Niccone";78;0;2;0;0;;;;2;0;1;0;1;;;;2;4
"054025";"Lisciano Niccone";79;1;3;0;0;;;;4;0;1;0;1;;;;2;6
"054025";"Lisciano Niccone";80;0;2;0;1;;;;3;0;1;0;3;;;;4;7
"054025";"Lisciano Niccone";81;0;1;1;1;;;;3;0;4;0;3;;;;7;10
"054025";"Lisciano Niccone";82;0;3;0;0;;;;3;0;1;0;0;;;;1;4
"054025";"Lisciano Niccone";83;0;1;0;0;;;;1;0;0;0;1;;;;1;2
"054025";"Lisciano Niccone";84;0;2;0;1;;;;3;0;0;0;1;;;;1;4
"054025";"Lisciano Niccone";85;0;4;0;0;;;;4;0;1;0;2;;;;3;7
"054025";"Lisciano Niccone";86;0;1;0;0;;;;1;0;1;0;4;;;;5;6
"054025";"Lisciano Niccone";87;0;1;0;0;;;;1;0;0;1;4;;;;5;6
"054025";"Lisciano Niccone";88;0;0;0;0;;;;0;0;2;0;2;;;;4;4
"054025";"Lisciano Niccone";89;0;1;0;0;;;;1;0;0;0;2;;;;2;3
"054025";"Lisciano Niccone";90;0;1;0;0;;;;1;0;0;0;1;;;;1;2
"054025";"Lisciano Niccone";91;0;0;0;0;;;;0;0;0;0;2;;;;2;2
"054025";"Lisciano Niccone";92;0;0;0;0;;;;0;0;1;0;0;;;;1;1
"054025";"Lisciano Niccone";93;0;1;0;0;;;;1;0;0;0;1;;;;1;2
"054025";"Lisciano Niccone";94;0;0;0;0;;;;0;0;0;0;1;;;;1;1
"054025";"Lisciano Niccone";95;0;0;0;0;;;;0;0;0;0;0;;;;0;0
"054025";"Lisciano Niccone";96;0;0;0;0;;;;0;0;0;0;0;;;;0;0
"054025";"Lisciano Niccone";97;0;0;0;0;;;;0;0;0;0;0;;;;0;0
"054025";"Lisciano Niccone";98;0;0;0;0;;;;0;0;0;0;0;;;;0;0
"054025";"Lisciano Niccone";99;0;0;0;0;;;;0;0;0;0;0;;;;0;0
"054025";"Lisciano Niccone";100;0;0;0;0;;;;0;0;0;0;0;;;;0;0
"054025";"Lisciano Niccone";999;128;148;8;6;;;;290;86;161;10;43;;;;300;590
"054026";"Magione";0;38;0;0;0;;;;38;38;0;0;0;;;;38;76
"054026";"Magione";1;60;0;0;0;;;;60;57;0;0;0;;;;57;117
"054026";"Magione";2;59;0;0;0;;;;59;53;0;0;0;;;;53;112
"054026";"Magione";3;55;0;0;0;;;;55;50;0;0;0;;;;50;105
"054026";"Magione";4;76;0;0;0;;;;76;51;0;0;0;;;;51;127
"054026";"Magione";5;65;0;0;0;;;;65;55;0;0;0;;;;55;120
"054026";"Magione";6;58;0;0;0;;;;58;63;0;0;0;;;;63;121
"054026";"Magione";7;56;0;0;0;;;;56;56;0;0;0;;;;56;112
"054026";"Magione";8;70;0;0;0;;;;70;60;0;0;0;;;;60;130
"054026";"Magione";9;61;0;0;0;;;;61;73;0;0;0;;;;73;134
"054026";"Magione";10;82;0;0;0;;;;82;64;0;0;0;;;;64;146
"054026";"Magione";11;74;0;0;0;;;;74;82;0;0;0;;;;82;156
"054026";"Magione";12;77;0;0;0;;;;77;82;0;0;0;;;;82;159
"054026";"Magione";13;83;0;0;0;;;;83;78;0;0;0;;;;78;161
"054026";"Magione";14;75;0;0;0;;;;75;71;0;0;0;;;;71;146
"054026";"Magione";15;62;0;0;0;;;;62;78;0;0;0;;;;78;140
"054026";"Magione";16;64;0;0;0;;;;64;83;0;0;0;;;;83;147
"054026";"Magione";17;99;0;0;0;;;;99;58;0;0;0;;;;58;157
"054026";"Magione";18;61;0;0;0;;;;61;75;0;0;0;;;;75;136
"054026";"Magione";19;59;0;0;0;;;;59;59;0;0;0;;;;59;118
"054026";"Magione";20;72;0;0;0;;;;72;61;0;0;0;;;;61;133
"054026";"Magione";21;73;0;0;0;;;;73;51;1;0;0;;;;52;125
"054026";"Magione";22;63;0;0;0;;;;63;50;3;0;0;;;;53;116
"054026";"Magione";23;56;1;0;0;;;;57;56;1;0;0;;;;57;114
"054026";"Magione";24;44;0;0;0;;;;44;49;7;0;0;;;;56;100
"054026";"Magione";25;58;5;0;0;;;;63;52;5;0;0;;;;57;120
"054026";"Magione";26;46;4;0;0;;;;50;56;8;0;0;;;;64;114
"054026";"Magione";27;63;7;0;0;;;;70;53;5;0;0;;;;58;128
"054026";"Magione";28;67;7;0;0;;;;74;42;21;0;0;;;;63;137
"054026";"Magione";29;54;15;1;0;;;;70;45;11;0;0;;;;56;126
"054026";"Magione";30;67;9;0;0;;;;76;45;19;0;0;;;;64;140
"054026";"Magione";31;65;15;0;0;;;;80;36;20;1;0;;;;57;137
"054026";"Magione";32;54;18;0;0;;;;72;46;34;1;0;;;;81;153
"054026";"Magione";33;64;21;1;0;;;;86;42;32;0;0;;;;74;160
"054026";"Magione";34;41;21;0;0;;;;62;39;30;2;0;;;;71;133
"054026";"Magione";35;57;27;0;0;;;;84;33;37;4;0;;;;74;158
"054026";"Magione";36;44;24;0;0;;;;68;42;48;0;0;;;;90;158
"054026";"Magione";37;49;28;2;0;;;;79;34;43;3;0;;;;80;159
"054026";"Magione";38;48;37;1;0;;;;86;30;50;0;0;;;;80;166
"054026";"Magione";39;36;51;2;0;;;;89;33;63;4;0;;;;100;189
"054026";"Magione";40;49;55;3;0;;;;107;39;51;4;0;;;;94;201
"054026";"Magione";41;36;48;0;0;;;;84;36;63;5;0;;;;104;188
"054026";"Magione";42;55;55;4;0;;;;114;32;81;1;0;;;;114;228
"054026";"Magione";43;37;65;3;0;;;;105;30;80;9;2;;;;121;226
"054026";"Magione";44;42;60;5;0;;;;107;34;82;4;0;;;;120;227
"054026";"Magione";45;45;74;8;0;;;;127;29;73;6;1;;;;109;236
"054026";"Magione";46;40;79;4;0;;;;123;37;92;6;1;;;;136;259
"054026";"Magione";47;44;76;2;1;;;;123;15;90;12;2;;;;119;242
"054026";"Magione";48;39;77;6;1;;;;123;23;93;12;3;;;;131;254
"054026";"Magione";49;35;69;11;1;;;;116;21;100;9;2;;;;132;248
"054026";"Magione";50;26;82;3;0;;;;111;22;90;16;1;;;;129;240
"054026";"Magione";51;32;75;8;0;;;;115;30;95;17;3;;;;145;260
"054026";"Magione";52;30;84;4;1;;;;119;20;86;14;4;;;;124;243
"054026";"Magione";53;24;69;5;0;;;;98;11;99;16;3;;;;129;227
"054026";"Magione";54;23;76;7;2;;;;108;16;71;7;4;;;;98;206
"054026";"Magione";55;25;109;5;2;;;;141;19;101;9;5;;;;134;275
"054026";"Magione";56;22;95;9;2;;;;128;13;82;9;5;;;;109;237
"054026";"Magione";57;13;66;12;1;;;;92;10;75;5;4;;;;94;186
"054026";"Magione";58;19;75;11;1;;;;106;8;79;4;4;;;;95;201
"054026";"Magione";59;16;69;7;0;;;;92;8;91;5;7;;;;111;203
"054026";"Magione";60;14;103;10;2;;;;129;4;79;6;15;;;;104;233
"054026";"Magione";61;8;81;6;5;;;;100;5;86;5;6;;;;102;202
"054026";"Magione";62;8;70;5;2;;;;85;7;77;7;5;;;;96;181
"054026";"Magione";63;12;88;4;3;;;;107;7;72;5;8;;;;92;199
"054026";"Magione";64;8;60;6;6;;;;80;5;73;6;12;;;;96;176
"054026";"Magione";65;15;76;5;1;;;;97;5;76;5;11;;;;97;194
"054026";"Magione";66;5;64;4;4;;;;77;8;62;4;10;;;;84;161
"054026";"Magione";67;6;65;1;2;;;;74;9;56;1;12;;;;78;152
"054026";"Magione";68;5;75;7;6;;;;93;5;66;5;20;;;;96;189
"054026";"Magione";69;13;82;3;1;;;;99;1;67;3;16;;;;87;186
"054026";"Magione";70;7;69;0;1;;;;77;3;59;2;11;;;;75;152
"054026";"Magione";71;6;71;1;8;;;;86;4;56;1;24;;;;85;171
"054026";"Magione";72;7;63;4;5;;;;79;4;59;2;28;;;;93;172
"054026";"Magione";73;8;68;2;4;;;;82;1;59;0;27;;;;87;169
"054026";"Magione";74;6;46;3;5;;;;60;0;56;1;30;;;;87;147
"054026";"Magione";75;4;31;1;9;;;;45;4;35;2;24;;;;65;110
"054026";"Magione";76;5;55;0;5;;;;65;5;34;1;29;;;;69;134
"054026";"Magione";77;7;53;0;6;;;;66;3;36;4;33;;;;76;142
"054026";"Magione";78;1;49;3;6;;;;59;1;36;1;23;;;;61;120
"054026";"Magione";79;4;37;1;3;;;;45;2;38;0;25;;;;65;110
"054026";"Magione";80;7;65;3;5;;;;80;2;38;0;33;;;;73;153
"054026";"Magione";81;3;46;1;4;;;;54;4;32;0;38;;;;74;128
"054026";"Magione";82;7;53;1;9;;;;70;0;31;2;56;;;;89;159
"054026";"Magione";83;4;27;2;8;;;;41;1;25;0;43;;;;69;110
"054026";"Magione";84;3;37;0;10;;;;50;0;17;2;34;;;;53;103
"054026";"Magione";85;3;36;0;11;;;;50;2;16;0;48;;;;66;116
"054026";"Magione";86;1;30;0;9;;;;40;3;9;0;48;;;;60;100
"054026";"Magione";87;1;27;0;8;;;;36;2;12;0;37;;;;51;87
"054026";"Magione";88;1;22;0;6;;;;29;1;10;0;38;;;;49;78
"054026";"Magione";89;1;15;1;11;;;;28;0;5;0;46;;;;51;79
"054026";"Magione";90;0;11;0;3;;;;14;1;5;0;30;;;;36;50
"054026";"Magione";91;0;11;0;4;;;;15;0;3;1;24;;;;28;43
"054026";"Magione";92;0;10;0;1;;;;11;1;1;0;19;;;;21;32
"054026";"Magione";93;1;0;1;4;;;;6;1;1;0;24;;;;26;32
"054026";"Magione";94;0;1;0;1;;;;2;0;0;0;17;;;;17;19
"054026";"Magione";95;0;3;0;3;;;;6;2;0;0;8;;;;10;16
"054026";"Magione";96;0;1;0;2;;;;3;1;0;0;12;;;;13;16
"054026";"Magione";97;1;1;0;1;;;;3;0;0;0;4;;;;4;7
"054026";"Magione";98;0;0;0;1;;;;1;0;0;0;3;;;;3;4
"054026";"Magione";99;0;1;0;0;;;;1;0;0;0;3;;;;3;4
"054026";"Magione";100;0;0;0;0;;;;0;0;0;0;3;;;;3;3
"054026";"Magione";999;3289;3451;199;197;;;;7136;2738;3499;251;988;;;;7476;14612
"054027";"Marsciano";0;55;0;0;0;;;;55;59;0;0;0;;;;59;114
"054027";"Marsciano";1;67;0;0;0;;;;67;65;0;0;0;;;;65;132
"054027";"Marsciano";2;72;0;0;0;;;;72;52;0;0;0;;;;52;124
"054027";"Marsciano";3;79;0;0;0;;;;79;78;0;0;0;;;;78;157
"054027";"Marsciano";4;75;0;0;0;;;;75;69;0;0;0;;;;69;144
"054027";"Marsciano";5;74;0;0;0;;;;74;94;0;0;0;;;;94;168
"054027";"Marsciano";6;83;0;0;0;;;;83;73;0;0;0;;;;73;156
"054027";"Marsciano";7;79;0;0;0;;;;79;65;0;0;0;;;;65;144
"054027";"Marsciano";8;95;0;0;0;;;;95;103;0;0;0;;;;103;198
"054027";"Marsciano";9;96;0;0;0;;;;96;79;0;0;0;;;;79;175
"054027";"Marsciano";10;85;0;0;0;;;;85;89;0;0;0;;;;89;174
"054027";"Marsciano";11;96;0;0;0;;;;96;74;0;0;0;;;;74;170
"054027";"Marsciano";12;110;0;0;0;;;;110;83;0;0;0;;;;83;193
"054027";"Marsciano";13;88;0;0;0;;;;88;89;0;0;0;;;;89;177
"054027";"Marsciano";14;85;0;0;0;;;;85;88;0;0;0;;;;88;173
"054027";"Marsciano";15;89;0;0;0;;;;89;92;0;0;0;;;;92;181
"054027";"Marsciano";16;101;0;0;0;;;;101;75;0;0;0;;;;75;176
"054027";"Marsciano";17;76;0;0;0;;;;76;86;0;0;0;;;;86;162
"054027";"Marsciano";18;89;0;0;0;;;;89;83;0;0;0;;;;83;172
"054027";"Marsciano";19;96;0;0;0;;;;96;88;1;0;0;;;;89;185
"054027";"Marsciano";20;85;0;0;0;;;;85;79;0;0;0;;;;79;164
"054027";"Marsciano";21;94;0;0;0;;;;94;91;5;0;0;;;;96;190
"054027";"Marsciano";22;90;1;0;0;;;;91;83;3;0;0;;;;86;177
"054027";"Marsciano";23;87;0;0;0;;;;87;89;4;0;0;;;;93;180
"054027";"Marsciano";24;101;1;0;0;;;;102;73;5;0;0;;;;78;180
"054027";"Marsciano";25;70;2;0;0;;;;72;76;7;0;0;;;;83;155
"054027";"Marsciano";26;92;3;0;0;;;;95;73;7;0;0;;;;80;175
"054027";"Marsciano";27;74;8;0;0;;;;82;84;9;0;0;;;;93;175
"054027";"Marsciano";28;82;8;0;0;;;;90;81;15;0;0;;;;96;186
"054027";"Marsciano";29;90;6;0;0;;;;96;77;25;0;0;;;;102;198
"054027";"Marsciano";30;93;12;0;0;;;;105;58;30;1;0;;;;89;194
"054027";"Marsciano";31;71;19;0;0;;;;90;55;33;0;0;;;;88;178
"054027";"Marsciano";32;78;32;1;0;;;;111;60;42;0;0;;;;102;213
"054027";"Marsciano";33;68;34;1;0;;;;103;48;48;3;0;;;;99;202
"054027";"Marsciano";34;71;27;0;1;;;;99;46;45;1;0;;;;92;191
"054027";"Marsciano";35;68;35;0;0;;;;103;55;59;4;1;;;;119;222
"054027";"Marsciano";36;57;36;0;0;;;;93;38;53;4;0;;;;95;188
"054027";"Marsciano";37;50;56;0;0;;;;106;40;62;6;0;;;;108;214
"054027";"Marsciano";38;51;64;1;0;;;;116;35;48;6;0;;;;89;205
"054027";"Marsciano";39;49;48;0;0;;;;97;34;83;3;1;;;;121;218
"054027";"Marsciano";40;42;58;1;0;;;;101;26;65;6;0;;;;97;198
"054027";"Marsciano";41;46;86;2;0;;;;134;36;82;11;1;;;;130;264
"054027";"Marsciano";42;55;58;2;0;;;;115;35;95;3;0;;;;133;248
"054027";"Marsciano";43;42;89;5;1;;;;137;21;95;6;1;;;;123;260
"054027";"Marsciano";44;41;74;3;0;;;;118;30;95;5;0;;;;130;248
"054027";"Marsciano";45;45;86;5;0;;;;136;32;98;6;3;;;;139;275
"054027";"Marsciano";46;56;100;6;0;;;;162;27;113;6;1;;;;147;309
"054027";"Marsciano";47;42;81;8;0;;;;131;29;105;8;1;;;;143;274
"054027";"Marsciano";48;37;83;8;0;;;;128;24;109;4;2;;;;139;267
"054027";"Marsciano";49;36;91;2;0;;;;129;26;108;7;5;;;;146;275
"054027";"Marsciano";50;25;141;3;0;;;;169;18;127;12;3;;;;160;329
"054027";"Marsciano";51;25;85;6;1;;;;117;10;128;8;4;;;;150;267
"054027";"Marsciano";52;30;100;4;0;;;;134;26;109;10;9;;;;154;288
"054027";"Marsciano";53;24;105;6;0;;;;135;23;117;10;5;;;;155;290
"054027";"Marsciano";54;22;103;7;0;;;;132;19;108;12;5;;;;144;276
"054027";"Marsciano";55;14;129;9;0;;;;152;12;133;6;3;;;;154;306
"054027";"Marsciano";56;23;92;9;3;;;;127;12;126;8;3;;;;149;276
"054027";"Marsciano";57;15;105;3;0;;;;123;13;98;13;7;;;;131;254
"054027";"Marsciano";58;11;125;7;3;;;;146;12;115;7;4;;;;138;284
"054027";"Marsciano";59;13;116;7;2;;;;138;10;112;9;11;;;;142;280
"054027";"Marsciano";60;12;99;8;1;;;;120;11;118;13;6;;;;148;268
"054027";"Marsciano";61;13;103;5;1;;;;122;9;108;14;4;;;;135;257
"054027";"Marsciano";62;18;95;7;3;;;;123;9;98;8;6;;;;121;244
"054027";"Marsciano";63;8;99;3;2;;;;112;11;83;4;9;;;;107;219
"054027";"Marsciano";64;9;100;8;6;;;;123;11;90;2;12;;;;115;238
"054027";"Marsciano";65;9;96;2;4;;;;111;7;98;6;9;;;;120;231
"054027";"Marsciano";66;12;85;3;3;;;;103;9;98;5;12;;;;124;227
"054027";"Marsciano";67;13;95;3;3;;;;114;7;74;4;16;;;;101;215
"054027";"Marsciano";68;3;73;2;4;;;;82;8;76;3;10;;;;97;179
"054027";"Marsciano";69;11;111;7;4;;;;133;6;79;6;19;;;;110;243
"054027";"Marsciano";70;8;83;4;5;;;;100;5;60;2;25;;;;92;192
"054027";"Marsciano";71;6;84;2;4;;;;96;3;85;6;30;;;;124;220
"054027";"Marsciano";72;5;97;5;5;;;;112;4;58;1;25;;;;88;200
"054027";"Marsciano";73;8;92;2;6;;;;108;11;68;2;20;;;;101;209
"054027";"Marsciano";74;5;41;3;8;;;;57;4;76;3;24;;;;107;164
"054027";"Marsciano";75;6;54;1;3;;;;64;0;35;2;14;;;;51;115
"054027";"Marsciano";76;4;57;1;4;;;;66;3;52;2;34;;;;91;157
"054027";"Marsciano";77;11;66;1;10;;;;88;3;45;3;24;;;;75;163
"054027";"Marsciano";78;4;58;2;7;;;;71;1;44;1;30;;;;76;147
"054027";"Marsciano";79;2;56;0;7;;;;65;2;43;1;42;;;;88;153
"054027";"Marsciano";80;5;58;1;10;;;;74;4;50;0;37;;;;91;165
"054027";"Marsciano";81;5;63;2;10;;;;80;4;43;0;50;;;;97;177
"054027";"Marsciano";82;7;46;0;8;;;;61;3;29;0;42;;;;74;135
"054027";"Marsciano";83;3;49;1;8;;;;61;2;25;2;60;;;;89;150
"054027";"Marsciano";84;5;33;0;11;;;;49;0;21;1;53;;;;75;124
"054027";"Marsciano";85;3;51;1;9;;;;64;1;21;0;45;;;;67;131
"054027";"Marsciano";86;4;32;0;10;;;;46;0;16;2;59;;;;77;123
"054027";"Marsciano";87;4;23;1;9;;;;37;3;11;0;39;;;;53;90
"054027";"Marsciano";88;1;35;0;6;;;;42;3;7;1;50;;;;61;103
"054027";"Marsciano";89;0;20;0;7;;;;27;1;7;0;44;;;;52;79
"054027";"Marsciano";90;5;21;0;8;;;;34;6;2;0;41;;;;49;83
"054027";"Marsciano";91;2;12;0;4;;;;18;1;3;1;37;;;;42;60
"054027";"Marsciano";92;1;8;0;8;;;;17;0;2;0;37;;;;39;56
"054027";"Marsciano";93;0;5;0;5;;;;10;1;2;0;28;;;;31;41
"054027";"Marsciano";94;0;2;0;2;;;;4;1;3;0;11;;;;15;19
"054027";"Marsciano";95;0;6;0;5;;;;11;1;0;0;14;;;;15;26
"054027";"Marsciano";96;0;2;0;2;;;;4;0;1;0;13;;;;14;18
"054027";"Marsciano";97;0;1;0;1;;;;2;0;0;0;6;;;;6;8
"054027";"Marsciano";98;0;1;0;0;;;;1;1;0;0;8;;;;9;10
"054027";"Marsciano";99;0;0;0;3;;;;3;0;0;0;3;;;;3;6
"054027";"Marsciano";100;0;0;0;1;;;;1;2;0;0;5;;;;7;8
"054027";"Marsciano";999;4067;4411;181;228;;;;8887;3458;4453;280;1123;;;;9314;18201
"054028";"Massa Martana";0;12;0;0;0;;;;12;10;0;0;0;;;;10;22
"054028";"Massa Martana";1;17;0;0;0;;;;17;13;0;0;0;;;;13;30
"054028";"Massa Martana";2;12;0;0;0;;;;12;10;0;0;0;;;;10;22
"054028";"Massa Martana";3;18;0;0;0;;;;18;15;0;0;0;;;;15;33
"054028";"Massa Martana";4;18;0;0;0;;;;18;14;0;0;0;;;;14;32
"054028";"Massa Martana";5;19;0;0;0;;;;19;16;0;0;0;;;;16;35
"054028";"Massa Martana";6;13;0;0;0;;;;13;8;0;0;0;;;;8;21
"054028";"Massa Martana";7;15;0;0;0;;;;15;15;0;0;0;;;;15;30
"054028";"Massa Martana";8;16;0;0;0;;;;16;12;0;0;0;;;;12;28
"054028";"Massa Martana";9;21;0;0;0;;;;21;14;0;0;0;;;;14;35
"054028";"Massa Martana";10;14;0;0;0;;;;14;14;0;0;0;;;;14;28
"054028";"Massa Martana";11;17;0;0;0;;;;17;15;0;0;0;;;;15;32
"054028";"Massa Martana";12;19;0;0;0;;;;19;12;0;0;0;;;;12;31
"054028";"Massa Martana";13;10;0;0;0;;;;10;19;0;0;0;;;;19;29
"054028";"Massa Martana";14;26;0;0;0;;;;26;11;0;0;0;;;;11;37
"054028";"Massa Martana";15;18;0;0;0;;;;18;13;0;0;0;;;;13;31
"054028";"Massa Martana";16;14;0;0;0;;;;14;18;0;0;0;;;;18;32
"054028";"Massa Martana";17;11;0;0;0;;;;11;19;0;0;0;;;;19;30
"054028";"Massa Martana";18;16;0;0;0;;;;16;16;0;0;0;;;;16;32
"054028";"Massa Martana";19;17;0;0;0;;;;17;11;0;0;0;;;;11;28
"054028";"Massa Martana";20;17;0;0;0;;;;17;22;0;0;0;;;;22;39
"054028";"Massa Martana";21;21;0;0;0;;;;21;15;0;0;0;;;;15;36
"054028";"Massa Martana";22;19;0;0;0;;;;19;16;0;0;0;;;;16;35
"054028";"Massa Martana";23;19;0;0;0;;;;19;19;2;0;0;;;;21;40
"054028";"Massa Martana";24;16;1;0;0;;;;17;10;0;0;0;;;;10;27
"054028";"Massa Martana";25;19;1;0;0;;;;20;16;2;0;0;;;;18;38
"054028";"Massa Martana";26;11;1;0;0;;;;12;13;1;0;0;;;;14;26
"054028";"Massa Martana";27;19;2;0;0;;;;21;12;5;0;0;;;;17;38
"054028";"Massa Martana";28;14;6;0;0;;;;20;9;3;0;0;;;;12;32
"054028";"Massa Martana";29;17;2;0;0;;;;19;8;3;0;0;;;;11;30
"054028";"Massa Martana";30;10;3;0;0;;;;13;10;9;0;0;;;;19;32
"054028";"Massa Martana";31;15;2;0;0;;;;17;15;7;0;0;;;;22;39
"054028";"Massa Martana";32;13;4;0;0;;;;17;7;14;1;0;;;;22;39
"054028";"Massa Martana";33;11;10;0;0;;;;21;8;11;0;0;;;;19;40
"054028";"Massa Martana";34;12;7;0;0;;;;19;9;8;0;0;;;;17;36
"054028";"Massa Martana";35;14;10;0;0;;;;24;12;13;1;0;;;;26;50
"054028";"Massa Martana";36;11;10;1;0;;;;22;10;9;1;0;;;;20;42
"054028";"Massa Martana";37;6;14;0;0;;;;20;4;10;0;0;;;;14;34
"054028";"Massa Martana";38;12;8;0;0;;;;20;8;19;0;0;;;;27;47
"054028";"Massa Martana";39;12;13;0;0;;;;25;3;13;0;0;;;;16;41
"054028";"Massa Martana";40;12;16;0;0;;;;28;8;13;0;0;;;;21;49
"054028";"Massa Martana";41;9;9;0;0;;;;18;6;14;1;0;;;;21;39
"054028";"Massa Martana";42;4;16;0;0;;;;20;4;16;0;0;;;;20;40
"054028";"Massa Martana";43;9;11;0;0;;;;20;3;12;1;0;;;;16;36
"054028";"Massa Martana";44;7;16;1;0;;;;24;6;16;0;1;;;;23;47
"054028";"Massa Martana";45;9;13;0;0;;;;22;9;23;2;0;;;;34;56
"054028";"Massa Martana";46;2;17;1;0;;;;20;7;29;0;1;;;;37;57
"054028";"Massa Martana";47;4;17;0;0;;;;21;3;16;1;0;;;;20;41
"054028";"Massa Martana";48;6;18;2;0;;;;26;4;24;2;0;;;;30;56
"054028";"Massa Martana";49;6;15;1;0;;;;22;6;25;0;0;;;;31;53
"054028";"Massa Martana";50;7;20;3;0;;;;30;6;20;0;0;;;;26;56
"054028";"Massa Martana";51;5;20;2;0;;;;27;1;26;2;1;;;;30;57
"054028";"Massa Martana";52;6;30;4;0;;;;40;6;28;0;2;;;;36;76
"054028";"Massa Martana";53;5;17;1;0;;;;23;5;23;2;2;;;;32;55
"054028";"Massa Martana";54;9;28;2;1;;;;40;2;22;2;0;;;;26;66
"054028";"Massa Martana";55;3;25;2;0;;;;30;3;22;1;0;;;;26;56
"054028";"Massa Martana";56;8;19;2;2;;;;31;1;20;0;0;;;;21;52
"054028";"Massa Martana";57;6;25;4;0;;;;35;3;21;1;4;;;;29;64
"054028";"Massa Martana";58;5;12;1;1;;;;19;2;24;1;4;;;;31;50
"054028";"Massa Martana";59;4;20;1;1;;;;26;4;29;2;2;;;;37;63
"054028";"Massa Martana";60;3;37;0;0;;;;40;1;22;2;2;;;;27;67
"054028";"Massa Martana";61;4;19;1;0;;;;24;2;25;0;1;;;;28;52
"054028";"Massa Martana";62;3;23;0;0;;;;26;2;22;0;3;;;;27;53
"054028";"Massa Martana";63;7;21;2;1;;;;31;2;15;1;2;;;;20;51
"054028";"Massa Martana";64;3;17;1;2;;;;23;3;18;0;0;;;;21;44
"054028";"Massa Martana";65;2;20;1;0;;;;23;0;14;2;0;;;;16;39
"054028";"Massa Martana";66;3;31;0;0;;;;34;0;15;1;3;;;;19;53
"054028";"Massa Martana";67;3;18;1;1;;;;23;1;18;1;6;;;;26;49
"054028";"Massa Martana";68;3;26;0;2;;;;31;2;20;0;6;;;;28;59
"054028";"Massa Martana";69;0;17;1;0;;;;18;1;21;1;3;;;;26;44
"054028";"Massa Martana";70;3;15;1;0;;;;19;1;18;0;4;;;;23;42
"054028";"Massa Martana";71;1;21;0;1;;;;23;0;14;0;2;;;;16;39
"054028";"Massa Martana";72;2;20;0;1;;;;23;1;8;0;11;;;;20;43
"054028";"Massa Martana";73;3;13;1;1;;;;18;0;22;0;6;;;;28;46
"054028";"Massa Martana";74;0;17;0;1;;;;18;0;16;0;1;;;;17;35
"054028";"Massa Martana";75;2;12;0;3;;;;17;0;9;0;7;;;;16;33
"054028";"Massa Martana";76;2;13;0;1;;;;16;1;12;0;7;;;;20;36
"054028";"Massa Martana";77;1;11;0;1;;;;13;1;11;0;5;;;;17;30
"054028";"Massa Martana";78;4;12;2;3;;;;21;0;8;0;8;;;;16;37
"054028";"Massa Martana";79;1;14;1;3;;;;19;0;15;1;10;;;;26;45
"054028";"Massa Martana";80;2;14;1;2;;;;19;0;9;0;11;;;;20;39
"054028";"Massa Martana";81;1;11;0;3;;;;15;1;9;0;17;;;;27;42
"054028";"Massa Martana";82;1;13;0;2;;;;16;0;4;0;12;;;;16;32
"054028";"Massa Martana";83;1;12;0;3;;;;16;0;6;0;15;;;;21;37
"054028";"Massa Martana";84;1;8;0;0;;;;9;0;3;0;6;;;;9;18
"054028";"Massa Martana";85;0;10;0;2;;;;12;0;3;0;11;;;;14;26
"054028";"Massa Martana";86;1;3;0;2;;;;6;0;4;0;9;;;;13;19
"054028";"Massa Martana";87;3;6;0;5;;;;14;1;2;0;14;;;;17;31
"054028";"Massa Martana";88;1;2;0;0;;;;3;0;2;0;6;;;;8;11
"054028";"Massa Martana";89;1;9;0;4;;;;14;0;0;0;6;;;;6;20
"054028";"Massa Martana";90;1;4;0;1;;;;6;0;2;0;8;;;;10;16
"054028";"Massa Martana";91;0;2;0;2;;;;4;0;0;0;7;;;;7;11
"054028";"Massa Martana";92;0;3;0;0;;;;3;2;0;0;5;;;;7;10
"054028";"Massa Martana";93;0;2;0;0;;;;2;0;1;0;3;;;;4;6
"054028";"Massa Martana";94;0;0;0;2;;;;2;0;0;0;3;;;;3;5
"054028";"Massa Martana";95;0;0;0;2;;;;2;0;0;0;4;;;;4;6
"054028";"Massa Martana";96;0;0;0;1;;;;1;0;0;0;3;;;;3;4
"054028";"Massa Martana";97;0;0;0;1;;;;1;0;0;0;3;;;;3;4
"054028";"Massa Martana";98;0;0;0;0;;;;0;0;0;0;0;;;;0;0
"054028";"Massa Martana";99;0;0;0;0;;;;0;0;0;0;0;;;;0;0
"054028";"Massa Martana";100;0;0;0;0;;;;0;0;0;0;0;;;;0;0
"054028";"Massa Martana";999;800;934;41;58;;;;1833;612;920;30;247;;;;1809;3642
"054029";"Monte Castello di Vibio";0;6;0;0;0;;;;6;2;0;0;0;;;;2;8
"054029";"Monte Castello di Vibio";1;4;0;0;0;;;;4;4;0;0;0;;;;4;8
"054029";"Monte Castello di Vibio";2;3;0;0;0;;;;3;5;0;0;0;;;;5;8
"054029";"Monte Castello di Vibio";3;4;0;0;0;;;;4;3;0;0;0;;;;3;7
"054029";"Monte Castello di Vibio";4;4;0;0;0;;;;4;1;0;0;0;;;;1;5
"054029";"Monte Castello di Vibio";5;9;0;0;0;;;;9;12;0;0;0;;;;12;21
"054029";"Monte Castello di Vibio";6;5;0;0;0;;;;5;5;0;0;0;;;;5;10
"054029";"Monte Castello di Vibio";7;10;0;0;0;;;;10;8;0;0;0;;;;8;18
"054029";"Monte Castello di Vibio";8;3;0;0;0;;;;3;5;0;0;0;;;;5;8
"054029";"Monte Castello di Vibio";9;6;0;0;0;;;;6;3;0;0;0;;;;3;9
"054029";"Monte Castello di Vibio";10;11;0;0;0;;;;11;3;0;0;0;;;;3;14
"054029";"Monte Castello di Vibio";11;4;0;0;0;;;;4;6;0;0;0;;;;6;10
"054029";"Monte Castello di Vibio";12;5;0;0;0;;;;5;7;0;0;0;;;;7;12
"054029";"Monte Castello di Vibio";13;4;0;0;0;;;;4;5;0;0;0;;;;5;9
"054029";"Monte Castello di Vibio";14;6;0;0;0;;;;6;4;0;0;0;;;;4;10
"054029";"Monte Castello di Vibio";15;4;0;0;0;;;;4;2;0;0;0;;;;2;6
"054029";"Monte Castello di Vibio";16;10;0;0;0;;;;10;5;0;0;0;;;;5;15
"054029";"Monte Castello di Vibio";17;3;0;0;0;;;;3;5;0;0;0;;;;5;8
"054029";"Monte Castello di Vibio";18;4;0;0;0;;;;4;0;0;0;0;;;;0;4
"054029";"Monte Castello di Vibio";19;4;0;0;0;;;;4;5;0;0;0;;;;5;9
"054029";"Monte Castello di Vibio";20;5;0;0;0;;;;5;5;0;0;0;;;;5;10
"054029";"Monte Castello di Vibio";21;5;0;0;0;;;;5;4;0;0;0;;;;4;9
"054029";"Monte Castello di Vibio";22;5;0;0;0;;;;5;8;0;0;0;;;;8;13
"054029";"Monte Castello di Vibio";23;8;0;0;0;;;;8;3;0;0;0;;;;3;11
"054029";"Monte Castello di Vibio";24;5;0;0;0;;;;5;3;1;0;0;;;;4;9
"054029";"Monte Castello di Vibio";25;2;0;0;0;;;;2;6;1;0;0;;;;7;9
"054029";"Monte Castello di Vibio";26;5;0;0;0;;;;5;4;1;0;0;;;;5;10
"054029";"Monte Castello di Vibio";27;11;1;0;0;;;;12;10;0;0;0;;;;10;22
"054029";"Monte Castello di Vibio";28;4;2;0;0;;;;6;8;0;0;0;;;;8;14
"054029";"Monte Castello di Vibio";29;8;0;0;0;;;;8;12;1;0;0;;;;13;21
"054029";"Monte Castello di Vibio";30;6;0;0;0;;;;6;6;1;0;0;;;;7;13
"054029";"Monte Castello di Vibio";31;9;2;0;0;;;;11;4;0;0;0;;;;4;15
"054029";"Monte Castello di Vibio";32;6;0;0;0;;;;6;2;2;0;0;;;;4;10
"054029";"Monte Castello di Vibio";33;7;0;0;0;;;;7;5;4;1;0;;;;10;17
"054029";"Monte Castello di Vibio";34;6;0;0;0;;;;6;2;2;0;0;;;;4;10
"054029";"Monte Castello di Vibio";35;2;4;0;0;;;;6;5;1;0;0;;;;6;12
"054029";"Monte Castello di Vibio";36;9;2;0;0;;;;11;2;4;0;0;;;;6;17
"054029";"Monte Castello di Vibio";37;9;4;0;0;;;;13;5;4;1;0;;;;10;23
"054029";"Monte Castello di Vibio";38;6;4;0;0;;;;10;2;4;1;0;;;;7;17
"054029";"Monte Castello di Vibio";39;2;4;0;0;;;;6;4;4;0;0;;;;8;14
"054029";"Monte Castello di Vibio";40;4;3;0;0;;;;7;5;5;0;0;;;;10;17
"054029";"Monte Castello di Vibio";41;1;5;0;0;;;;6;4;4;1;0;;;;9;15
"054029";"Monte Castello di Vibio";42;2;3;0;0;;;;5;4;5;1;0;;;;10;15
"054029";"Monte Castello di Vibio";43;5;6;0;0;;;;11;2;4;1;0;;;;7;18
"054029";"Monte Castello di Vibio";44;4;5;1;0;;;;10;0;6;0;0;;;;6;16
"054029";"Monte Castello di Vibio";45;2;8;0;0;;;;10;4;3;0;0;;;;7;17
"054029";"Monte Castello di Vibio";46;1;2;0;0;;;;3;2;11;0;0;;;;13;16
"054029";"Monte Castello di Vibio";47;3;9;0;0;;;;12;0;7;1;1;;;;9;21
"054029";"Monte Castello di Vibio";48;2;7;0;0;;;;9;1;4;0;0;;;;5;14
"054029";"Monte Castello di Vibio";49;6;6;0;0;;;;12;1;7;0;0;;;;8;20
"054029";"Monte Castello di Vibio";50;1;6;1;0;;;;8;1;11;0;0;;;;12;20
"054029";"Monte Castello di Vibio";51;3;11;1;0;;;;15;2;7;0;0;;;;9;24
"054029";"Monte Castello di Vibio";52;4;11;0;0;;;;15;3;7;2;1;;;;13;28
"054029";"Monte Castello di Vibio";53;6;5;2;0;;;;13;1;8;2;1;;;;12;25
"054029";"Monte Castello di Vibio";54;1;15;1;0;;;;17;2;5;0;0;;;;7;24
"054029";"Monte Castello di Vibio";55;1;4;0;0;;;;5;1;5;2;0;;;;8;13
"054029";"Monte Castello di Vibio";56;0;9;1;0;;;;10;2;12;0;0;;;;14;24
"054029";"Monte Castello di Vibio";57;1;11;1;0;;;;13;0;7;1;0;;;;8;21
"054029";"Monte Castello di Vibio";58;1;8;0;0;;;;9;0;5;2;0;;;;7;16
"054029";"Monte Castello di Vibio";59;1;7;0;1;;;;9;1;11;0;1;;;;13;22
"054029";"Monte Castello di Vibio";60;3;6;1;0;;;;10;2;11;0;0;;;;13;23
"054029";"Monte Castello di Vibio";61;1;10;0;0;;;;11;2;13;0;1;;;;16;27
"054029";"Monte Castello di Vibio";62;1;10;2;0;;;;13;0;7;0;1;;;;8;21
"054029";"Monte Castello di Vibio";63;2;11;1;1;;;;15;2;12;0;0;;;;14;29
"054029";"Monte Castello di Vibio";64;2;8;1;0;;;;11;1;9;0;1;;;;11;22
"054029";"Monte Castello di Vibio";65;2;8;0;0;;;;10;0;12;0;0;;;;12;22
"054029";"Monte Castello di Vibio";66;1;9;2;0;;;;12;2;11;2;1;;;;16;28
"054029";"Monte Castello di Vibio";67;1;10;2;1;;;;14;0;7;1;2;;;;10;24
"054029";"Monte Castello di Vibio";68;1;13;1;2;;;;17;1;1;2;3;;;;7;24
"054029";"Monte Castello di Vibio";69;3;10;1;0;;;;14;1;13;0;0;;;;14;28
"054029";"Monte Castello di Vibio";70;1;15;1;0;;;;17;1;6;0;3;;;;10;27
"054029";"Monte Castello di Vibio";71;1;9;0;0;;;;10;0;10;0;3;;;;13;23
"054029";"Monte Castello di Vibio";72;3;7;0;1;;;;11;1;7;1;2;;;;11;22
"054029";"Monte Castello di Vibio";73;0;4;2;0;;;;6;1;10;1;3;;;;15;21
"054029";"Monte Castello di Vibio";74;1;4;1;1;;;;7;0;7;0;3;;;;10;17
"054029";"Monte Castello di Vibio";75;1;5;0;0;;;;6;1;2;1;2;;;;6;12
"054029";"Monte Castello di Vibio";76;0;6;0;0;;;;6;0;8;0;7;;;;15;21
"054029";"Monte Castello di Vibio";77;2;8;0;0;;;;10;1;3;0;3;;;;7;17
"054029";"Monte Castello di Vibio";78;1;7;0;0;;;;8;0;6;0;7;;;;13;21
"054029";"Monte Castello di Vibio";79;0;6;0;1;;;;7;0;2;1;4;;;;7;14
"054029";"Monte Castello di Vibio";80;2;8;1;1;;;;12;0;3;0;4;;;;7;19
"054029";"Monte Castello di Vibio";81;3;5;0;0;;;;8;0;2;0;5;;;;7;15
"054029";"Monte Castello di Vibio";82;0;7;0;1;;;;8;0;1;0;8;;;;9;17
"054029";"Monte Castello di Vibio";83;1;1;1;0;;;;3;0;4;0;7;;;;11;14
"054029";"Monte Castello di Vibio";84;1;5;0;0;;;;6;0;3;0;6;;;;9;15
"054029";"Monte Castello di Vibio";85;2;2;0;1;;;;5;0;0;0;5;;;;5;10
"054029";"Monte Castello di Vibio";86;0;1;0;0;;;;1;0;2;0;3;;;;5;6
"054029";"Monte Castello di Vibio";87;0;3;0;3;;;;6;0;0;0;5;;;;5;11
"054029";"Monte Castello di Vibio";88;0;3;0;0;;;;3;0;0;0;2;;;;2;5
"054029";"Monte Castello di Vibio";89;1;2;0;1;;;;4;1;0;0;7;;;;8;12
"054029";"Monte Castello di Vibio";90;0;2;0;1;;;;3;0;0;0;1;;;;1;4
"054029";"Monte Castello di Vibio";91;0;0;0;0;;;;0;0;0;0;3;;;;3;3
"054029";"Monte Castello di Vibio";92;0;0;0;1;;;;1;1;0;0;6;;;;7;8
"054029";"Monte Castello di Vibio";93;0;0;0;0;;;;0;0;0;0;2;;;;2;2
"054029";"Monte Castello di Vibio";94;0;0;0;0;;;;0;0;0;0;3;;;;3;3
"054029";"Monte Castello di Vibio";95;1;1;0;0;;;;2;1;0;0;0;;;;1;3
"054029";"Monte Castello di Vibio";96;0;0;0;0;;;;0;0;0;0;3;;;;3;3
"054029";"Monte Castello di Vibio";97;0;0;0;0;;;;0;0;0;0;1;;;;1;1
"054029";"Monte Castello di Vibio";98;0;0;0;0;;;;0;0;0;0;0;;;;0;0
"054029";"Monte Castello di Vibio";99;0;0;0;0;;;;0;0;0;0;0;;;;0;0
"054029";"Monte Castello di Vibio";100;0;0;0;0;;;;0;0;0;0;0;;;;0;0
"054029";"Monte Castello di Vibio";999;316;370;25;17;;;;728;245;336;25;121;;;;727;1455
"054030";"Montefalco";0;16;0;0;0;;;;16;17;0;0;0;;;;17;33
"054030";"Montefalco";1;18;0;0;0;;;;18;22;0;0;0;;;;22;40
"054030";"Montefalco";2;20;0;0;0;;;;20;17;0;0;0;;;;17;37
"054030";"Montefalco";3;28;0;0;0;;;;28;15;0;0;0;;;;15;43
"054030";"Montefalco";4;25;0;0;0;;;;25;25;0;0;0;;;;25;50
"054030";"Montefalco";5;16;0;0;0;;;;16;21;0;0;0;;;;21;37
"054030";"Montefalco";6;14;0;0;0;;;;14;23;0;0;0;;;;23;37
"054030";"Montefalco";7;28;0;0;0;;;;28;19;0;0;0;;;;19;47
"054030";"Montefalco";8;14;0;0;0;;;;14;14;0;0;0;;;;14;28
"054030";"Montefalco";9;15;0;0;0;;;;15;38;0;0;0;;;;38;53
"054030";"Montefalco";10;23;0;0;0;;;;23;16;0;0;0;;;;16;39
"054030";"Montefalco";11;17;0;0;0;;;;17;21;0;0;0;;;;21;38
"054030";"Montefalco";12;14;0;0;0;;;;14;19;0;0;0;;;;19;33
"054030";"Montefalco";13;17;0;0;0;;;;17;23;0;0;0;;;;23;40
"054030";"Montefalco";14;30;0;0;0;;;;30;25;0;0;0;;;;25;55
"054030";"Montefalco";15;25;0;0;0;;;;25;20;0;0;0;;;;20;45
"054030";"Montefalco";16;23;0;0;0;;;;23;24;0;0;0;;;;24;47
"054030";"Montefalco";17;25;0;0;0;;;;25;18;0;0;0;;;;18;43
"054030";"Montefalco";18;18;0;0;0;;;;18;13;0;0;0;;;;13;31
"054030";"Montefalco";19;24;0;0;0;;;;24;24;0;0;0;;;;24;48
"054030";"Montefalco";20;33;0;0;0;;;;33;26;0;0;0;;;;26;59
"054030";"Montefalco";21;25;0;0;0;;;;25;19;2;0;0;;;;21;46
"054030";"Montefalco";22;23;0;0;0;;;;23;24;2;0;0;;;;26;49
"054030";"Montefalco";23;21;0;0;0;;;;21;21;0;0;0;;;;21;42
"054030";"Montefalco";24;25;0;0;0;;;;25;21;2;0;0;;;;23;48
"054030";"Montefalco";25;27;2;0;0;;;;29;22;1;0;0;;;;23;52
"054030";"Montefalco";26;19;3;0;0;;;;22;32;5;0;0;;;;37;59
"054030";"Montefalco";27;33;3;0;0;;;;36;24;4;0;0;;;;28;64
"054030";"Montefalco";28;22;0;0;0;;;;22;19;4;0;0;;;;23;45
"054030";"Montefalco";29;28;1;0;0;;;;29;18;3;0;0;;;;21;50
"054030";"Montefalco";30;26;1;1;0;;;;28;17;3;0;0;;;;20;48
"054030";"Montefalco";31;23;5;0;1;;;;29;21;5;1;0;;;;27;56
"054030";"Montefalco";32;15;10;0;0;;;;25;16;13;1;0;;;;30;55
"054030";"Montefalco";33;28;9;0;0;;;;37;27;14;0;0;;;;41;78
"054030";"Montefalco";34;19;13;0;0;;;;32;8;9;0;0;;;;17;49
"054030";"Montefalco";35;20;9;0;0;;;;29;12;15;1;0;;;;28;57
"054030";"Montefalco";36;18;6;1;0;;;;25;11;18;1;0;;;;30;55
"054030";"Montefalco";37;19;14;0;2;;;;35;11;12;1;0;;;;24;59
"054030";"Montefalco";38;17;20;0;0;;;;37;15;15;0;0;;;;30;67
"054030";"Montefalco";39;21;19;0;0;;;;40;16;18;2;0;;;;36;76
"054030";"Montefalco";40;22;13;0;0;;;;35;13;17;0;0;;;;30;65
"054030";"Montefalco";41;15;19;1;0;;;;35;7;20;0;0;;;;27;62
"054030";"Montefalco";42;14;22;2;1;;;;39;11;24;2;1;;;;38;77
"054030";"Montefalco";43;20;21;5;0;;;;46;8;15;1;0;;;;24;70
"054030";"Montefalco";44;12;19;0;0;;;;31;10;35;5;2;;;;52;83
"054030";"Montefalco";45;14;17;1;0;;;;32;16;22;3;0;;;;41;73
"054030";"Montefalco";46;13;20;2;0;;;;35;8;26;1;0;;;;35;70
"054030";"Montefalco";47;15;20;3;0;;;;38;8;39;2;1;;;;50;88
"054030";"Montefalco";48;15;40;1;0;;;;56;8;29;1;0;;;;38;94
"054030";"Montefalco";49;10;33;2;1;;;;46;8;34;1;0;;;;43;89
"054030";"Montefalco";50;9;28;2;0;;;;39;3;30;3;1;;;;37;76
"054030";"Montefalco";51;11;26;1;0;;;;38;2;25;3;0;;;;30;68
"054030";"Montefalco";52;11;23;1;1;;;;36;4;29;1;4;;;;38;74
"054030";"Montefalco";53;8;24;2;0;;;;34;5;39;1;1;;;;46;80
"054030";"Montefalco";54;9;26;3;1;;;;39;5;32;3;2;;;;42;81
"054030";"Montefalco";55;6;38;2;1;;;;47;4;33;3;0;;;;40;87
"054030";"Montefalco";56;4;42;5;0;;;;51;4;40;1;1;;;;46;97
"054030";"Montefalco";57;6;32;1;1;;;;40;8;43;1;2;;;;54;94
"054030";"Montefalco";58;7;35;4;0;;;;46;3;35;6;1;;;;45;91
"054030";"Montefalco";59;11;28;2;0;;;;41;3;32;2;1;;;;38;79
"054030";"Montefalco";60;4;29;3;1;;;;37;3;33;2;1;;;;39;76
"054030";"Montefalco";61;4;35;1;0;;;;40;2;33;2;4;;;;41;81
"054030";"Montefalco";62;5;36;0;2;;;;43;3;32;4;2;;;;41;84
"054030";"Montefalco";63;1;34;0;0;;;;35;7;26;2;3;;;;38;73
"054030";"Montefalco";64;2;32;2;1;;;;37;0;27;2;1;;;;30;67
"054030";"Montefalco";65;2;18;1;2;;;;23;3;27;1;3;;;;34;57
"054030";"Montefalco";66;3;35;2;4;;;;44;3;26;0;5;;;;34;78
"054030";"Montefalco";67;8;23;2;1;;;;34;2;30;0;3;;;;35;69
"054030";"Montefalco";68;4;24;1;0;;;;29;0;30;1;8;;;;39;68
"054030";"Montefalco";69;4;32;0;2;;;;38;1;27;1;3;;;;32;70
"054030";"Montefalco";70;1;25;1;3;;;;30;1;33;0;5;;;;39;69
"054030";"Montefalco";71;1;34;3;1;;;;39;1;23;1;5;;;;30;69
"054030";"Montefalco";72;2;36;1;4;;;;43;2;27;3;9;;;;41;84
"054030";"Montefalco";73;3;22;0;1;;;;26;3;20;1;9;;;;33;59
"054030";"Montefalco";74;5;31;0;5;;;;41;0;25;0;7;;;;32;73
"054030";"Montefalco";75;3;29;1;2;;;;35;3;20;1;10;;;;34;69
"054030";"Montefalco";76;0;28;1;0;;;;29;1;10;0;13;;;;24;53
"054030";"Montefalco";77;2;16;0;2;;;;20;1;18;2;7;;;;28;48
"054030";"Montefalco";78;2;31;0;3;;;;36;0;11;1;16;;;;28;64
"054030";"Montefalco";79;5;20;1;4;;;;30;2;17;0;14;;;;33;63
"054030";"Montefalco";80;2;17;0;4;;;;23;1;9;0;17;;;;27;50
"054030";"Montefalco";81;2;13;0;3;;;;18;2;8;0;20;;;;30;48
"054030";"Montefalco";82;2;16;0;7;;;;25;2;11;0;17;;;;30;55
"054030";"Montefalco";83;3;16;1;4;;;;24;1;8;1;14;;;;24;48
"054030";"Montefalco";84;2;8;0;7;;;;17;0;10;0;16;;;;26;43
"054030";"Montefalco";85;5;12;0;1;;;;18;0;6;0;23;;;;29;47
"054030";"Montefalco";86;2;7;0;4;;;;13;3;9;0;20;;;;32;45
"054030";"Montefalco";87;1;4;0;4;;;;9;3;9;0;15;;;;27;36
"054030";"Montefalco";88;0;15;0;2;;;;17;0;3;2;17;;;;22;39
"054030";"Montefalco";89;2;9;0;5;;;;16;2;2;0;9;;;;13;29
"054030";"Montefalco";90;1;10;0;2;;;;13;2;4;0;13;;;;19;32
"054030";"Montefalco";91;0;3;0;2;;;;5;0;1;0;7;;;;8;13
"054030";"Montefalco";92;0;3;0;0;;;;3;1;1;0;13;;;;15;18
"054030";"Montefalco";93;0;5;0;3;;;;8;1;0;0;8;;;;9;17
"054030";"Montefalco";94;0;0;0;2;;;;2;0;0;0;5;;;;5;7
"054030";"Montefalco";95;0;0;0;2;;;;2;0;0;0;7;;;;7;9
"054030";"Montefalco";96;0;2;0;0;;;;2;0;0;0;3;;;;3;5
"054030";"Montefalco";97;0;0;0;0;;;;0;0;0;0;2;;;;2;2
"054030";"Montefalco";98;0;0;0;1;;;;1;0;0;0;2;;;;2;3
"054030";"Montefalco";99;0;0;0;0;;;;0;0;0;0;1;;;;1;1
"054030";"Montefalco";100;0;0;0;1;;;;1;0;1;0;2;;;;3;4
"054030";"Montefalco";999;1187;1351;63;101;;;;2702;988;1321;74;376;;;;2759;5461
"054031";"Monteleone di Spoleto";0;2;0;0;0;;;;2;1;0;0;0;;;;1;3
"054031";"Monteleone di Spoleto";1;2;0;0;0;;;;2;2;0;0;0;;;;2;4
"054031";"Monteleone di Spoleto";2;0;0;0;0;;;;0;2;0;0;0;;;;2;2
"054031";"Monteleone di Spoleto";3;0;0;0;0;;;;0;3;0;0;0;;;;3;3
"054031";"Monteleone di Spoleto";4;1;0;0;0;;;;1;0;0;0;0;;;;0;1
"054031";"Monteleone di Spoleto";5;2;0;0;0;;;;2;1;0;0;0;;;;1;3
"054031";"Monteleone di Spoleto";6;0;0;0;0;;;;0;4;0;0;0;;;;4;4
"054031";"Monteleone di Spoleto";7;1;0;0;0;;;;1;2;0;0;0;;;;2;3
"054031";"Monteleone di Spoleto";8;0;0;0;0;;;;0;0;0;0;0;;;;0;0
"054031";"Monteleone di Spoleto";9;3;0;0;0;;;;3;3;0;0;0;;;;3;6
"054031";"Monteleone di Spoleto";10;0;0;0;0;;;;0;2;0;0;0;;;;2;2
"054031";"Monteleone di Spoleto";11;2;0;0;0;;;;2;1;0;0;0;;;;1;3
"054031";"Monteleone di Spoleto";12;1;0;0;0;;;;1;1;0;0;0;;;;1;2
"054031";"Monteleone di Spoleto";13;1;0;0;0;;;;1;4;0;0;0;;;;4;5
"054031";"Monteleone di Spoleto";14;3;0;0;0;;;;3;3;0;0;0;;;;3;6
"054031";"Monteleone di Spoleto";15;2;0;0;0;;;;2;1;0;0;0;;;;1;3
"054031";"Monteleone di Spoleto";16;1;0;0;0;;;;1;2;0;0;0;;;;2;3
"054031";"Monteleone di Spoleto";17;5;0;0;0;;;;5;8;0;0;0;;;;8;13
"054031";"Monteleone di Spoleto";18;3;0;0;0;;;;3;1;0;0;0;;;;1;4
"054031";"Monteleone di Spoleto";19;2;0;0;0;;;;2;3;0;0;0;;;;3;5
"054031";"Monteleone di Spoleto";20;4;0;0;0;;;;4;3;0;0;0;;;;3;7
"054031";"Monteleone di Spoleto";21;4;0;0;0;;;;4;1;0;0;0;;;;1;5
"054031";"Monteleone di Spoleto";22;5;0;0;0;;;;5;3;0;0;0;;;;3;8
"054031";"Monteleone di Spoleto";23;6;0;0;0;;;;6;3;0;0;0;;;;3;9
"054031";"Monteleone di Spoleto";24;1;0;0;0;;;;1;2;0;0;0;;;;2;3
"054031";"Monteleone di Spoleto";25;4;0;0;0;;;;4;1;0;0;0;;;;1;5
"054031";"Monteleone di Spoleto";26;7;0;0;0;;;;7;3;0;0;0;;;;3;10
"054031";"Monteleone di Spoleto";27;5;1;0;0;;;;6;7;0;0;0;;;;7;13
"054031";"Monteleone di Spoleto";28;1;0;0;0;;;;1;2;0;0;0;;;;2;3
"054031";"Monteleone di Spoleto";29;2;0;0;0;;;;2;3;0;0;0;;;;3;5
"054031";"Monteleone di Spoleto";30;6;0;0;0;;;;6;2;1;0;0;;;;3;9
"054031";"Monteleone di Spoleto";31;2;0;0;0;;;;2;1;0;0;0;;;;1;3
"054031";"Monteleone di Spoleto";32;3;0;0;0;;;;3;2;0;0;0;;;;2;5
"054031";"Monteleone di Spoleto";33;4;0;0;0;;;;4;4;0;0;0;;;;4;8
"054031";"Monteleone di Spoleto";34;2;0;0;0;;;;2;1;0;0;0;;;;1;3
"054031";"Monteleone di Spoleto";35;3;0;0;0;;;;3;0;3;1;0;;;;4;7
"054031";"Monteleone di Spoleto";36;1;0;0;0;;;;1;0;1;0;0;;;;1;2
"054031";"Monteleone di Spoleto";37;4;0;0;0;;;;4;4;0;1;0;;;;5;9
"054031";"Monteleone di Spoleto";38;3;1;0;0;;;;4;1;1;0;1;;;;3;7
"054031";"Monteleone di Spoleto";39;1;1;0;0;;;;2;1;2;0;0;;;;3;5
"054031";"Monteleone di Spoleto";40;5;3;0;0;;;;8;2;3;0;0;;;;5;13
"054031";"Monteleone di Spoleto";41;2;1;0;0;;;;3;0;1;0;0;;;;1;4
"054031";"Monteleone di Spoleto";42;2;0;0;0;;;;2;1;0;0;0;;;;1;3
"054031";"Monteleone di Spoleto";43;2;1;0;0;;;;3;1;2;0;0;;;;3;6
"054031";"Monteleone di Spoleto";44;0;0;0;0;;;;0;0;3;0;0;;;;3;3
"054031";"Monteleone di Spoleto";45;1;0;0;0;;;;1;0;4;0;0;;;;4;5
"054031";"Monteleone di Spoleto";46;3;3;0;0;;;;6;0;3;0;0;;;;3;9
"054031";"Monteleone di Spoleto";47;0;0;0;0;;;;0;1;3;0;0;;;;4;4
"054031";"Monteleone di Spoleto";48;2;4;1;0;;;;7;0;3;0;0;;;;3;10
"054031";"Monteleone di Spoleto";49;1;3;0;0;;;;4;0;3;1;0;;;;4;8
"054031";"Monteleone di Spoleto";50;1;3;0;0;;;;4;2;5;0;0;;;;7;11
"054031";"Monteleone di Spoleto";51;0;6;0;1;;;;7;1;0;0;0;;;;1;8
"054031";"Monteleone di Spoleto";52;1;2;0;0;;;;3;0;2;0;0;;;;2;5
"054031";"Monteleone di Spoleto";53;0;4;0;0;;;;4;0;6;1;0;;;;7;11
"054031";"Monteleone di Spoleto";54;2;3;2;0;;;;7;0;4;0;0;;;;4;11
"054031";"Monteleone di Spoleto";55;1;3;0;0;;;;4;0;6;0;0;;;;6;10
"054031";"Monteleone di Spoleto";56;0;6;0;0;;;;6;0;6;0;0;;;;6;12
"054031";"Monteleone di Spoleto";57;0;4;0;0;;;;4;1;3;0;1;;;;5;9
"054031";"Monteleone di Spoleto";58;0;8;0;1;;;;9;0;4;0;0;;;;4;13
"054031";"Monteleone di Spoleto";59;0;7;0;0;;;;7;0;3;0;1;;;;4;11
"054031";"Monteleone di Spoleto";60;0;8;0;0;;;;8;0;5;0;0;;;;5;13
"054031";"Monteleone di Spoleto";61;0;3;0;0;;;;3;1;2;0;0;;;;3;6
"054031";"Monteleone di Spoleto";62;0;3;0;0;;;;3;1;3;0;1;;;;5;8
"054031";"Monteleone di Spoleto";63;2;6;0;0;;;;8;0;4;1;1;;;;6;14
"054031";"Monteleone di Spoleto";64;0;8;1;0;;;;9;0;6;0;1;;;;7;16
"054031";"Monteleone di Spoleto";65;1;1;0;0;;;;2;0;4;1;0;;;;5;7
"054031";"Monteleone di Spoleto";66;2;6;0;0;;;;8;0;5;0;1;;;;6;14
"054031";"Monteleone di Spoleto";67;0;4;0;0;;;;4;0;1;0;0;;;;1;5
"054031";"Monteleone di Spoleto";68;0;4;0;0;;;;4;0;4;0;0;;;;4;8
"054031";"Monteleone di Spoleto";69;1;7;0;0;;;;8;0;2;0;1;;;;3;11
"054031";"Monteleone di Spoleto";70;0;2;0;0;;;;2;1;4;1;2;;;;8;10
"054031";"Monteleone di Spoleto";71;0;2;0;0;;;;2;0;1;0;0;;;;1;3
"054031";"Monteleone di Spoleto";72;1;2;0;0;;;;3;0;2;0;1;;;;3;6
"054031";"Monteleone di Spoleto";73;0;7;0;0;;;;7;1;3;0;0;;;;4;11
"054031";"Monteleone di Spoleto";74;0;3;0;0;;;;3;0;2;0;1;;;;3;6
"054031";"Monteleone di Spoleto";75;1;2;0;0;;;;3;0;2;0;1;;;;3;6
"054031";"Monteleone di Spoleto";76;1;1;0;0;;;;2;1;2;0;0;;;;3;5
"054031";"Monteleone di Spoleto";77;0;0;0;0;;;;0;0;2;0;0;;;;2;2
"054031";"Monteleone di Spoleto";78;1;4;0;1;;;;6;0;2;0;1;;;;3;9
"054031";"Monteleone di Spoleto";79;0;2;0;0;;;;2;0;0;0;1;;;;1;3
"054031";"Monteleone di Spoleto";80;1;2;0;0;;;;3;0;2;0;2;;;;4;7
"054031";"Monteleone di Spoleto";81;0;2;0;1;;;;3;0;0;0;2;;;;2;5
"054031";"Monteleone di Spoleto";82;0;2;0;0;;;;2;0;0;0;2;;;;2;4
"054031";"Monteleone di Spoleto";83;0;0;0;0;;;;0;0;0;0;1;;;;1;1
"054031";"Monteleone di Spoleto";84;1;1;0;0;;;;2;1;0;0;1;;;;2;4
"054031";"Monteleone di Spoleto";85;0;0;0;0;;;;0;0;0;0;3;;;;3;3
"054031";"Monteleone di Spoleto";86;0;0;0;0;;;;0;0;1;0;2;;;;3;3
"054031";"Monteleone di Spoleto";87;0;2;0;1;;;;3;0;0;0;1;;;;1;4
"054031";"Monteleone di Spoleto";88;0;0;0;0;;;;0;0;2;0;1;;;;3;3
"054031";"Monteleone di Spoleto";89;0;0;0;1;;;;1;0;0;0;4;;;;4;5
"054031";"Monteleone di Spoleto";90;0;1;0;0;;;;1;0;0;0;1;;;;1;2
"054031";"Monteleone di Spoleto";91;0;0;0;0;;;;0;0;0;0;1;;;;1;1
"054031";"Monteleone di Spoleto";92;0;0;0;0;;;;0;0;0;0;0;;;;0;0
"054031";"Monteleone di Spoleto";93;0;0;0;0;;;;0;0;0;0;0;;;;0;0
"054031";"Monteleone di Spoleto";94;0;0;0;0;;;;0;0;0;0;0;;;;0;0
"054031";"Monteleone di Spoleto";95;0;0;0;0;;;;0;0;0;0;1;;;;1;1
"054031";"Monteleone di Spoleto";96;0;0;0;0;;;;0;0;0;0;0;;;;0;0
"054031";"Monteleone di Spoleto";97;0;0;0;0;;;;0;0;0;0;0;;;;0;0
"054031";"Monteleone di Spoleto";98;0;0;0;0;;;;0;0;0;0;0;;;;0;0
"054031";"Monteleone di Spoleto";99;0;0;0;0;;;;0;0;0;0;0;;;;0;0
"054031";"Monteleone di Spoleto";100;0;0;0;1;;;;1;0;0;0;0;;;;0;1
"054031";"Monteleone di Spoleto";999;134;149;4;7;;;;294;103;133;7;37;;;;280;574
"054032";"Monte Santa Maria Tiberina";0;3;0;0;0;;;;3;5;0;0;0;;;;5;8
"054032";"Monte Santa Maria Tiberina";1;1;0;0;0;;;;1;5;0;0;0;;;;5;6
"054032";"Monte Santa Maria Tiberina";2;4;0;0;0;;;;4;5;0;0;0;;;;5;9
"054032";"Monte Santa Maria Tiberina";3;0;0;0;0;;;;0;9;0;0;0;;;;9;9
"054032";"Monte Santa Maria Tiberina";4;1;0;0;0;;;;1;5;0;0;0;;;;5;6
"054032";"Monte Santa Maria Tiberina";5;0;0;0;0;;;;0;3;0;0;0;;;;3;3
"054032";"Monte Santa Maria Tiberina";6;6;0;0;0;;;;6;2;0;0;0;;;;2;8
"054032";"Monte Santa Maria Tiberina";7;4;0;0;0;;;;4;3;0;0;0;;;;3;7
"054032";"Monte Santa Maria Tiberina";8;3;0;0;0;;;;3;7;0;0;0;;;;7;10
"054032";"Monte Santa Maria Tiberina";9;3;0;0;0;;;;3;6;0;0;0;;;;6;9
"054032";"Monte Santa Maria Tiberina";10;6;0;0;0;;;;6;3;0;0;0;;;;3;9
"054032";"Monte Santa Maria Tiberina";11;3;0;0;0;;;;3;3;0;0;0;;;;3;6
"054032";"Monte Santa Maria Tiberina";12;4;0;0;0;;;;4;5;0;0;0;;;;5;9
"054032";"Monte Santa Maria Tiberina";13;5;0;0;0;;;;5;6;0;0;0;;;;6;11
"054032";"Monte Santa Maria Tiberina";14;9;0;0;0;;;;9;3;0;0;0;;;;3;12
"054032";"Monte Santa Maria Tiberina";15;7;0;0;0;;;;7;7;0;0;0;;;;7;14
"054032";"Monte Santa Maria Tiberina";16;5;0;0;0;;;;5;2;0;0;0;;;;2;7
"054032";"Monte Santa Maria Tiberina";17;5;0;0;0;;;;5;5;0;0;0;;;;5;10
"054032";"Monte Santa Maria Tiberina";18;3;0;0;0;;;;3;3;0;0;0;;;;3;6
"054032";"Monte Santa Maria Tiberina";19;5;0;0;0;;;;5;0;0;0;0;;;;0;5
"054032";"Monte Santa Maria Tiberina";20;4;0;0;0;;;;4;3;0;0;0;;;;3;7
"054032";"Monte Santa Maria Tiberina";21;6;0;0;0;;;;6;10;0;0;0;;;;10;16
"054032";"Monte Santa Maria Tiberina";22;6;0;0;0;;;;6;4;0;0;0;;;;4;10
"054032";"Monte Santa Maria Tiberina";23;3;0;0;0;;;;3;3;0;0;0;;;;3;6
"054032";"Monte Santa Maria Tiberina";24;4;0;0;0;;;;4;6;0;0;0;;;;6;10
"054032";"Monte Santa Maria Tiberina";25;6;0;0;0;;;;6;4;0;0;0;;;;4;10
"054032";"Monte Santa Maria Tiberina";26;7;0;0;0;;;;7;6;0;0;0;;;;6;13
"054032";"Monte Santa Maria Tiberina";27;9;1;0;0;;;;10;1;0;0;0;;;;1;11
"054032";"Monte Santa Maria Tiberina";28;3;0;0;0;;;;3;1;2;0;0;;;;3;6
"054032";"Monte Santa Maria Tiberina";29;2;0;0;0;;;;2;0;2;0;0;;;;2;4
"054032";"Monte Santa Maria Tiberina";30;6;0;0;0;;;;6;0;0;0;0;;;;0;6
"054032";"Monte Santa Maria Tiberina";31;5;0;0;0;;;;5;4;3;0;0;;;;7;12
"054032";"Monte Santa Maria Tiberina";32;7;2;0;0;;;;9;3;4;0;0;;;;7;16
"054032";"Monte Santa Maria Tiberina";33;6;2;0;0;;;;8;2;5;0;0;;;;7;15
"054032";"Monte Santa Maria Tiberina";34;3;3;0;0;;;;6;0;2;0;0;;;;2;8
"054032";"Monte Santa Maria Tiberina";35;5;3;0;0;;;;8;2;4;0;0;;;;6;14
"054032";"Monte Santa Maria Tiberina";36;4;0;0;0;;;;4;3;5;1;0;;;;9;13
"054032";"Monte Santa Maria Tiberina";37;1;4;0;0;;;;5;4;6;0;0;;;;10;15
"054032";"Monte Santa Maria Tiberina";38;0;4;0;0;;;;4;2;4;0;0;;;;6;10
"054032";"Monte Santa Maria Tiberina";39;5;5;1;0;;;;11;1;4;0;0;;;;5;16
"054032";"Monte Santa Maria Tiberina";40;1;2;0;0;;;;3;0;7;0;0;;;;7;10
"054032";"Monte Santa Maria Tiberina";41;1;3;0;0;;;;4;3;3;0;0;;;;6;10
"054032";"Monte Santa Maria Tiberina";42;1;3;0;0;;;;4;3;5;0;0;;;;8;12
"054032";"Monte Santa Maria Tiberina";43;2;2;0;0;;;;4;2;1;0;0;;;;3;7
"054032";"Monte Santa Maria Tiberina";44;4;4;0;0;;;;8;4;4;1;0;;;;9;17
"054032";"Monte Santa Maria Tiberina";45;2;4;0;0;;;;6;4;4;1;0;;;;9;15
"054032";"Monte Santa Maria Tiberina";46;7;6;1;0;;;;14;3;9;0;0;;;;12;26
"054032";"Monte Santa Maria Tiberina";47;0;5;1;0;;;;6;2;7;0;0;;;;9;15
"054032";"Monte Santa Maria Tiberina";48;6;3;0;0;;;;9;3;6;0;1;;;;10;19
"054032";"Monte Santa Maria Tiberina";49;1;5;0;0;;;;6;0;16;0;0;;;;16;22
"054032";"Monte Santa Maria Tiberina";50;2;7;0;0;;;;9;0;6;1;0;;;;7;16
"054032";"Monte Santa Maria Tiberina";51;3;7;1;0;;;;11;0;9;0;0;;;;9;20
"054032";"Monte Santa Maria Tiberina";52;5;4;1;0;;;;10;4;7;0;0;;;;11;21
"054032";"Monte Santa Maria Tiberina";53;2;6;0;0;;;;8;1;3;0;0;;;;4;12
"054032";"Monte Santa Maria Tiberina";54;2;6;1;0;;;;9;0;7;0;0;;;;7;16
"054032";"Monte Santa Maria Tiberina";55;5;12;3;1;;;;21;0;3;0;0;;;;3;24
"054032";"Monte Santa Maria Tiberina";56;1;7;0;0;;;;8;3;7;0;0;;;;10;18
"054032";"Monte Santa Maria Tiberina";57;2;7;0;0;;;;9;1;11;0;0;;;;12;21
"054032";"Monte Santa Maria Tiberina";58;4;11;0;0;;;;15;1;13;0;0;;;;14;29
"054032";"Monte Santa Maria Tiberina";59;1;6;0;0;;;;7;1;11;0;0;;;;12;19
"054032";"Monte Santa Maria Tiberina";60;0;7;0;0;;;;7;1;7;1;0;;;;9;16
"054032";"Monte Santa Maria Tiberina";61;2;9;0;0;;;;11;0;6;2;0;;;;8;19
"054032";"Monte Santa Maria Tiberina";62;0;5;0;1;;;;6;0;9;1;2;;;;12;18
"054032";"Monte Santa Maria Tiberina";63;2;8;0;1;;;;11;0;7;0;0;;;;7;18
"054032";"Monte Santa Maria Tiberina";64;0;13;0;1;;;;14;0;7;1;1;;;;9;23
"054032";"Monte Santa Maria Tiberina";65;0;8;1;0;;;;9;1;6;1;2;;;;10;19
"054032";"Monte Santa Maria Tiberina";66;1;9;0;1;;;;11;1;6;0;3;;;;10;21
"054032";"Monte Santa Maria Tiberina";67;0;6;0;0;;;;6;1;5;0;1;;;;7;13
"054032";"Monte Santa Maria Tiberina";68;1;4;0;0;;;;5;0;6;0;0;;;;6;11
"054032";"Monte Santa Maria Tiberina";69;2;6;0;0;;;;8;1;2;0;0;;;;3;11
"054032";"Monte Santa Maria Tiberina";70;2;4;0;0;;;;6;0;4;0;2;;;;6;12
"054032";"Monte Santa Maria Tiberina";71;1;4;0;0;;;;5;1;8;0;1;;;;10;15
"054032";"Monte Santa Maria Tiberina";72;2;4;0;1;;;;7;0;6;1;2;;;;9;16
"054032";"Monte Santa Maria Tiberina";73;0;3;0;1;;;;4;0;5;0;1;;;;6;10
"054032";"Monte Santa Maria Tiberina";74;0;2;0;1;;;;3;0;2;0;4;;;;6;9
"054032";"Monte Santa Maria Tiberina";75;2;8;0;0;;;;10;0;1;0;0;;;;1;11
"054032";"Monte Santa Maria Tiberina";76;3;6;0;0;;;;9;0;3;0;2;;;;5;14
"054032";"Monte Santa Maria Tiberina";77;0;4;0;0;;;;4;0;4;0;4;;;;8;12
"054032";"Monte Santa Maria Tiberina";78;2;5;0;1;;;;8;0;1;0;2;;;;3;11
"054032";"Monte Santa Maria Tiberina";79;2;6;0;2;;;;10;0;0;0;0;;;;0;10
"054032";"Monte Santa Maria Tiberina";80;1;1;0;1;;;;3;0;3;0;1;;;;4;7
"054032";"Monte Santa Maria Tiberina";81;0;1;0;1;;;;2;0;5;0;5;;;;10;12
"054032";"Monte Santa Maria Tiberina";82;1;3;0;2;;;;6;0;3;0;3;;;;6;12
"054032";"Monte Santa Maria Tiberina";83;0;0;0;1;;;;1;0;0;1;4;;;;5;6
"054032";"Monte Santa Maria Tiberina";84;1;1;0;0;;;;2;0;2;0;2;;;;4;6
"054032";"Monte Santa Maria Tiberina";85;1;2;0;1;;;;4;0;0;0;2;;;;2;6
"054032";"Monte Santa Maria Tiberina";86;1;2;0;0;;;;3;0;1;0;2;;;;3;6
"054032";"Monte Santa Maria Tiberina";87;0;2;0;1;;;;3;0;0;0;5;;;;5;8
"054032";"Monte Santa Maria Tiberina";88;0;1;0;0;;;;1;0;0;0;2;;;;2;3
"054032";"Monte Santa Maria Tiberina";89;0;4;0;1;;;;5;0;0;0;5;;;;5;10
"054032";"Monte Santa Maria Tiberina";90;0;1;0;0;;;;1;0;1;0;4;;;;5;6
"054032";"Monte Santa Maria Tiberina";91;0;1;0;0;;;;1;0;0;0;4;;;;4;5
"054032";"Monte Santa Maria Tiberina";92;0;0;0;0;;;;0;0;1;0;1;;;;2;2
"054032";"Monte Santa Maria Tiberina";93;0;0;0;1;;;;1;0;0;0;0;;;;0;1
"054032";"Monte Santa Maria Tiberina";94;0;1;0;1;;;;2;0;0;0;2;;;;2;4
"054032";"Monte Santa Maria Tiberina";95;0;1;0;0;;;;1;0;0;0;1;;;;1;2
"054032";"Monte Santa Maria Tiberina";96;1;0;0;0;;;;1;0;0;0;1;;;;1;2
"054032";"Monte Santa Maria Tiberina";97;0;0;0;0;;;;0;0;0;0;1;;;;1;1
"054032";"Monte Santa Maria Tiberina";98;0;0;0;0;;;;0;0;0;0;1;;;;1;1
"054032";"Monte Santa Maria Tiberina";99;0;0;0;0;;;;0;0;0;0;0;;;;0;0
"054032";"Monte Santa Maria Tiberina";100;0;0;0;0;;;;0;0;0;0;0;;;;0;0
"054032";"Monte Santa Maria Tiberina";999;249;276;10;21;;;;556;187;291;12;74;;;;564;1120
"054033";"Montone";0;5;0;0;0;;;;5;5;0;0;0;;;;5;10
"054033";"Montone";1;5;0;0;0;;;;5;4;0;0;0;;;;4;9
"054033";"Montone";2;7;0;0;0;;;;7;1;0;0;0;;;;1;8
"054033";"Montone";3;2;0;0;0;;;;2;3;0;0;0;;;;3;5
"054033";"Montone";4;4;0;0;0;;;;4;6;0;0;0;;;;6;10
"054033";"Montone";5;4;0;0;0;;;;4;4;0;0;0;;;;4;8
"054033";"Montone";6;6;0;0;0;;;;6;12;0;0;0;;;;12;18
"054033";"Montone";7;5;0;0;0;;;;5;4;0;0;0;;;;4;9
"054033";"Montone";8;6;0;0;0;;;;6;6;0;0;0;;;;6;12
"054033";"Montone";9;7;0;0;0;;;;7;4;0;0;0;;;;4;11
"054033";"Montone";10;8;0;0;0;;;;8;14;0;0;0;;;;14;22
"054033";"Montone";11;5;0;0;0;;;;5;9;0;0;0;;;;9;14
"054033";"Montone";12;18;0;0;0;;;;18;6;0;0;0;;;;6;24
"054033";"Montone";13;10;0;0;0;;;;10;9;0;0;0;;;;9;19
"054033";"Montone";14;7;0;0;0;;;;7;7;0;0;0;;;;7;14
"054033";"Montone";15;4;0;0;0;;;;4;4;0;0;0;;;;4;8
"054033";"Montone";16;12;0;0;0;;;;12;10;0;0;0;;;;10;22
"054033";"Montone";17;8;0;0;0;;;;8;7;0;0;0;;;;7;15
"054033";"Montone";18;8;0;0;0;;;;8;7;0;0;0;;;;7;15
"054033";"Montone";19;8;0;0;0;;;;8;9;1;0;0;;;;10;18
"054033";"Montone";20;8;0;0;0;;;;8;5;0;0;0;;;;5;13
"054033";"Montone";21;4;0;0;0;;;;4;7;0;0;0;;;;7;11
"054033";"Montone";22;6;0;0;0;;;;6;5;0;0;0;;;;5;11
"054033";"Montone";23;7;0;0;0;;;;7;5;0;0;0;;;;5;12
"054033";"Montone";24;6;0;0;0;;;;6;4;0;0;0;;;;4;10
"054033";"Montone";25;7;0;0;0;;;;7;5;1;0;0;;;;6;13
"054033";"Montone";26;14;0;0;0;;;;14;7;0;0;0;;;;7;21
"054033";"Montone";27;4;0;0;0;;;;4;7;0;0;0;;;;7;11
"054033";"Montone";28;3;2;0;0;;;;5;10;2;0;0;;;;12;17
"054033";"Montone";29;3;0;0;0;;;;3;2;1;0;0;;;;3;6
"054033";"Montone";30;13;1;0;0;;;;14;4;0;0;0;;;;4;18
"054033";"Montone";31;9;1;0;0;;;;10;2;2;0;0;;;;4;14
"054033";"Montone";32;8;0;0;0;;;;8;7;4;1;0;;;;12;20
"054033";"Montone";33;4;1;0;0;;;;5;5;5;0;0;;;;10;15
"054033";"Montone";34;5;3;0;0;;;;8;3;6;0;0;;;;9;17
"054033";"Montone";35;4;2;0;0;;;;6;7;4;2;0;;;;13;19
"054033";"Montone";36;6;5;0;0;;;;11;2;4;0;0;;;;6;17
"054033";"Montone";37;3;5;0;0;;;;8;4;0;0;0;;;;4;12
"054033";"Montone";38;3;0;0;0;;;;3;4;3;0;0;;;;7;10
"054033";"Montone";39;1;7;1;0;;;;9;2;8;0;0;;;;10;19
"054033";"Montone";40;4;3;0;0;;;;7;4;3;1;0;;;;8;15
"054033";"Montone";41;3;4;0;0;;;;7;5;8;0;0;;;;13;20
"054033";"Montone";42;3;7;1;0;;;;11;1;4;0;0;;;;5;16
"054033";"Montone";43;4;8;0;0;;;;12;2;12;1;0;;;;15;27
"054033";"Montone";44;2;3;0;0;;;;5;5;13;1;0;;;;19;24
"054033";"Montone";45;3;4;0;0;;;;7;1;5;1;0;;;;7;14
"054033";"Montone";46;3;8;1;0;;;;12;4;11;1;0;;;;16;28
"054033";"Montone";47;5;10;0;0;;;;15;2;6;0;0;;;;8;23
"054033";"Montone";48;0;7;0;0;;;;7;5;12;0;0;;;;17;24
"054033";"Montone";49;3;10;0;0;;;;13;0;8;1;0;;;;9;22
"054033";"Montone";50;3;11;2;0;;;;16;1;11;2;0;;;;14;30
"054033";"Montone";51;5;16;3;0;;;;24;2;19;0;0;;;;21;45
"054033";"Montone";52;2;10;0;1;;;;13;1;9;3;1;;;;14;27
"054033";"Montone";53;3;13;0;0;;;;16;1;10;2;0;;;;13;29
"054033";"Montone";54;3;11;0;0;;;;14;0;5;1;0;;;;6;20
"054033";"Montone";55;1;4;0;0;;;;5;2;8;0;0;;;;10;15
"054033";"Montone";56;3;12;0;1;;;;16;2;12;2;0;;;;16;32
"054033";"Montone";57;6;11;0;0;;;;17;0;11;1;0;;;;12;29
"054033";"Montone";58;1;10;0;1;;;;12;4;6;0;2;;;;12;24
"054033";"Montone";59;0;7;0;0;;;;7;3;11;0;0;;;;14;21
"054033";"Montone";60;3;10;1;0;;;;14;0;13;0;2;;;;15;29
"054033";"Montone";61;3;7;1;0;;;;11;2;7;0;2;;;;11;22
"054033";"Montone";62;0;7;1;0;;;;8;0;6;0;0;;;;6;14
"054033";"Montone";63;2;10;0;0;;;;12;2;10;0;2;;;;14;26
"054033";"Montone";64;0;9;1;0;;;;10;2;15;0;2;;;;19;29
"054033";"Montone";65;0;6;0;1;;;;7;1;5;1;1;;;;8;15
"054033";"Montone";66;3;11;1;0;;;;15;3;11;0;0;;;;14;29
"054033";"Montone";67;3;7;0;1;;;;11;4;9;0;1;;;;14;25
"054033";"Montone";68;0;10;0;0;;;;10;0;10;1;1;;;;12;22
"054033";"Montone";69;0;9;1;1;;;;11;0;8;0;0;;;;8;19
"054033";"Montone";70;1;6;0;0;;;;7;0;6;1;2;;;;9;16
"054033";"Montone";71;1;9;0;0;;;;10;1;11;0;2;;;;14;24
"054033";"Montone";72;1;8;0;0;;;;9;0;4;0;3;;;;7;16
"054033";"Montone";73;2;11;1;1;;;;15;2;5;0;3;;;;10;25
"054033";"Montone";74;0;9;0;0;;;;9;0;4;0;2;;;;6;15
"054033";"Montone";75;1;6;0;0;;;;7;0;4;0;2;;;;6;13
"054033";"Montone";76;0;8;0;1;;;;9;0;5;0;5;;;;10;19
"054033";"Montone";77;2;6;0;0;;;;8;0;5;0;3;;;;8;16
"054033";"Montone";78;0;3;0;0;;;;3;0;3;1;1;;;;5;8
"054033";"Montone";79;0;3;0;1;;;;4;1;5;1;4;;;;11;15
"054033";"Montone";80;2;3;0;1;;;;6;0;2;0;2;;;;4;10
"054033";"Montone";81;1;7;0;1;;;;9;2;7;0;3;;;;12;21
"054033";"Montone";82;0;5;0;1;;;;6;0;3;0;9;;;;12;18
"054033";"Montone";83;1;2;0;0;;;;3;0;6;0;7;;;;13;16
"054033";"Montone";84;1;7;0;0;;;;8;0;0;0;5;;;;5;13
"054033";"Montone";85;0;4;0;0;;;;4;2;2;1;9;;;;14;18
"054033";"Montone";86;0;1;0;0;;;;1;0;0;0;8;;;;8;9
"054033";"Montone";87;0;1;0;1;;;;2;0;0;0;9;;;;9;11
"054033";"Montone";88;0;3;0;1;;;;4;0;1;0;4;;;;5;9
"054033";"Montone";89;0;2;0;0;;;;2;0;1;0;3;;;;4;6
"054033";"Montone";90;0;0;0;1;;;;1;0;0;0;2;;;;2;3
"054033";"Montone";91;0;0;0;1;;;;1;0;0;1;9;;;;10;11
"054033";"Montone";92;0;0;0;0;;;;0;0;0;0;4;;;;4;4
"054033";"Montone";93;0;0;0;1;;;;1;0;0;0;3;;;;3;4
"054033";"Montone";94;0;0;0;1;;;;1;0;0;0;1;;;;1;2
"054033";"Montone";95;0;0;0;0;;;;0;0;0;0;1;;;;1;1
"054033";"Montone";96;0;0;0;0;;;;0;1;0;0;3;;;;4;4
"054033";"Montone";97;0;0;0;0;;;;0;0;0;0;0;;;;0;0
"054033";"Montone";98;0;0;0;1;;;;1;0;0;0;2;;;;2;3
"054033";"Montone";99;0;0;0;0;;;;0;0;0;0;1;;;;1;1
"054033";"Montone";100;0;0;0;0;;;;0;0;0;0;0;;;;0;0
"054033";"Montone";999;341;386;15;19;;;;761;296;393;27;126;;;;842;1603
"054034";"Nocera Umbra";0;18;0;0;0;;;;18;15;0;0;0;;;;15;33
"054034";"Nocera Umbra";1;27;0;0;0;;;;27;16;0;0;0;;;;16;43
"054034";"Nocera Umbra";2;8;0;0;0;;;;8;13;0;0;0;;;;13;21
"054034";"Nocera Umbra";3;22;0;0;0;;;;22;14;0;0;0;;;;14;36
"054034";"Nocera Umbra";4;27;0;0;0;;;;27;14;0;0;0;;;;14;41
"054034";"Nocera Umbra";5;16;0;0;0;;;;16;19;0;0;0;;;;19;35
"054034";"Nocera Umbra";6;18;0;0;0;;;;18;21;0;0;0;;;;21;39
"054034";"Nocera Umbra";7;16;0;0;0;;;;16;24;0;0;0;;;;24;40
"054034";"Nocera Umbra";8;19;0;0;0;;;;19;18;0;0;0;;;;18;37
"054034";"Nocera Umbra";9;19;0;0;0;;;;19;28;0;0;0;;;;28;47
"054034";"Nocera Umbra";10;23;0;0;0;;;;23;20;0;0;0;;;;20;43
"054034";"Nocera Umbra";11;22;0;0;0;;;;22;22;0;0;0;;;;22;44
"054034";"Nocera Umbra";12;37;0;0;0;;;;37;27;0;0;0;;;;27;64
"054034";"Nocera Umbra";13;27;0;0;0;;;;27;24;0;0;0;;;;24;51
"054034";"Nocera Umbra";14;22;0;0;0;;;;22;22;0;0;0;;;;22;44
"054034";"Nocera Umbra";15;28;0;0;0;;;;28;21;0;0;0;;;;21;49
"054034";"Nocera Umbra";16;31;0;0;0;;;;31;29;0;0;0;;;;29;60
"054034";"Nocera Umbra";17;31;0;0;0;;;;31;19;0;0;0;;;;19;50
"054034";"Nocera Umbra";18;25;0;0;0;;;;25;23;0;0;0;;;;23;48
"054034";"Nocera Umbra";19;21;0;0;0;;;;21;19;0;0;0;;;;19;40
"054034";"Nocera Umbra";20;31;0;0;0;;;;31;19;0;0;0;;;;19;50
"054034";"Nocera Umbra";21;21;0;0;0;;;;21;20;0;0;0;;;;20;41
"054034";"Nocera Umbra";22;24;1;0;0;;;;25;18;0;0;0;;;;18;43
"054034";"Nocera Umbra";23;29;0;0;0;;;;29;20;0;0;0;;;;20;49
"054034";"Nocera Umbra";24;26;0;0;0;;;;26;16;0;0;0;;;;16;42
"054034";"Nocera Umbra";25;15;1;0;0;;;;16;26;1;0;0;;;;27;43
"054034";"Nocera Umbra";26;15;0;0;0;;;;15;15;3;0;0;;;;18;33
"054034";"Nocera Umbra";27;28;0;0;0;;;;28;26;1;0;0;;;;27;55
"054034";"Nocera Umbra";28;27;0;0;0;;;;27;19;3;0;0;;;;22;49
"054034";"Nocera Umbra";29;21;2;0;0;;;;23;18;3;0;1;;;;22;45
"054034";"Nocera Umbra";30;13;2;0;0;;;;15;24;9;0;0;;;;33;48
"054034";"Nocera Umbra";31;25;2;0;0;;;;27;15;7;0;0;;;;22;49
"054034";"Nocera Umbra";32;24;0;1;0;;;;25;20;11;0;0;;;;31;56
"054034";"Nocera Umbra";33;22;3;1;0;;;;26;17;12;0;0;;;;29;55
"054034";"Nocera Umbra";34;16;11;0;0;;;;27;21;7;1;0;;;;29;56
"054034";"Nocera Umbra";35;27;5;0;0;;;;32;16;20;0;0;;;;36;68
"054034";"Nocera Umbra";36;23;12;0;0;;;;35;19;14;0;0;;;;33;68
"054034";"Nocera Umbra";37;20;11;0;0;;;;31;15;11;1;1;;;;28;59
"054034";"Nocera Umbra";38;21;15;0;0;;;;36;17;15;2;0;;;;34;70
"054034";"Nocera Umbra";39;21;15;1;0;;;;37;14;21;1;0;;;;36;73
"054034";"Nocera Umbra";40;16;13;0;0;;;;29;10;17;1;0;;;;28;57
"054034";"Nocera Umbra";41;19;10;2;0;;;;31;3;23;0;0;;;;26;57
"054034";"Nocera Umbra";42;16;21;2;0;;;;39;10;25;2;1;;;;38;77
"054034";"Nocera Umbra";43;12;18;0;0;;;;30;9;29;1;0;;;;39;69
"054034";"Nocera Umbra";44;14;27;5;0;;;;46;8;29;0;0;;;;37;83
"054034";"Nocera Umbra";45;16;29;2;0;;;;47;10;23;2;0;;;;35;82
"054034";"Nocera Umbra";46;15;23;3;0;;;;41;12;29;2;0;;;;43;84
"054034";"Nocera Umbra";47;15;24;1;0;;;;40;7;30;5;0;;;;42;82
"054034";"Nocera Umbra";48;20;31;2;0;;;;53;12;38;1;0;;;;51;104
"054034";"Nocera Umbra";49;13;22;1;0;;;;36;6;30;1;1;;;;38;74
"054034";"Nocera Umbra";50;17;27;5;0;;;;49;6;33;3;1;;;;43;92
"054034";"Nocera Umbra";51;8;25;0;0;;;;33;6;26;4;0;;;;36;69
"054034";"Nocera Umbra";52;5;23;3;0;;;;31;5;35;5;1;;;;46;77
"054034";"Nocera Umbra";53;10;50;5;0;;;;65;4;36;2;1;;;;43;108
"054034";"Nocera Umbra";54;10;33;2;1;;;;46;2;35;4;1;;;;42;88
"054034";"Nocera Umbra";55;5;34;3;1;;;;43;5;34;8;4;;;;51;94
"054034";"Nocera Umbra";56;10;34;0;0;;;;44;7;35;5;0;;;;47;91
"054034";"Nocera Umbra";57;4;30;5;1;;;;40;3;32;1;5;;;;41;81
"054034";"Nocera Umbra";58;8;33;3;1;;;;45;2;27;3;0;;;;32;77
"054034";"Nocera Umbra";59;2;38;5;0;;;;45;2;35;2;2;;;;41;86
"054034";"Nocera Umbra";60;4;32;4;1;;;;41;5;36;7;4;;;;52;93
"054034";"Nocera Umbra";61;6;34;4;1;;;;45;2;32;4;1;;;;39;84
"054034";"Nocera Umbra";62;2;29;1;0;;;;32;3;28;2;2;;;;35;67
"054034";"Nocera Umbra";63;3;25;1;1;;;;30;1;24;3;3;;;;31;61
"054034";"Nocera Umbra";64;2;33;2;1;;;;38;2;29;2;7;;;;40;78
"054034";"Nocera Umbra";65;3;35;1;2;;;;41;4;33;0;4;;;;41;82
"054034";"Nocera Umbra";66;4;34;3;1;;;;42;4;32;1;6;;;;43;85
"054034";"Nocera Umbra";67;2;41;1;3;;;;47;1;26;0;9;;;;36;83
"054034";"Nocera Umbra";68;6;25;0;2;;;;33;1;25;3;7;;;;36;69
"054034";"Nocera Umbra";69;4;30;2;1;;;;37;0;21;1;8;;;;30;67
"054034";"Nocera Umbra";70;11;31;1;2;;;;45;2;24;2;4;;;;32;77
"054034";"Nocera Umbra";71;3;27;1;0;;;;31;4;27;2;7;;;;40;71
"054034";"Nocera Umbra";72;4;26;3;3;;;;36;0;32;1;8;;;;41;77
"054034";"Nocera Umbra";73;4;32;1;2;;;;39;2;32;1;9;;;;44;83
"054034";"Nocera Umbra";74;5;30;2;1;;;;38;0;26;1;19;;;;46;84
"054034";"Nocera Umbra";75;3;22;0;3;;;;28;0;11;0;7;;;;18;46
"054034";"Nocera Umbra";76;2;20;0;4;;;;26;2;16;0;16;;;;34;60
"054034";"Nocera Umbra";77;3;29;1;5;;;;38;0;20;1;19;;;;40;78
"054034";"Nocera Umbra";78;5;20;2;4;;;;31;1;11;0;11;;;;23;54
"054034";"Nocera Umbra";79;8;26;2;0;;;;36;3;16;1;15;;;;35;71
"054034";"Nocera Umbra";80;4;16;1;1;;;;22;0;14;0;18;;;;32;54
"054034";"Nocera Umbra";81;2;14;0;5;;;;21;0;16;0;16;;;;32;53
"054034";"Nocera Umbra";82;2;14;1;2;;;;19;0;11;0;19;;;;30;49
"054034";"Nocera Umbra";83;0;17;0;2;;;;19;0;17;1;13;;;;31;50
"054034";"Nocera Umbra";84;2;14;1;1;;;;18;2;9;0;10;;;;21;39
"054034";"Nocera Umbra";85;4;14;0;2;;;;20;2;5;0;17;;;;24;44
"054034";"Nocera Umbra";86;2;15;0;4;;;;21;0;6;0;27;;;;33;54
"054034";"Nocera Umbra";87;2;8;0;6;;;;16;3;4;0;20;;;;27;43
"054034";"Nocera Umbra";88;1;5;0;2;;;;8;0;2;0;16;;;;18;26
"054034";"Nocera Umbra";89;1;4;0;3;;;;8;1;3;0;18;;;;22;30
"054034";"Nocera Umbra";90;2;8;0;6;;;;16;0;0;0;14;;;;14;30
"054034";"Nocera Umbra";91;0;3;0;2;;;;5;0;0;0;23;;;;23;28
"054034";"Nocera Umbra";92;0;5;0;1;;;;6;1;1;0;10;;;;12;18
"054034";"Nocera Umbra";93;0;1;0;1;;;;2;0;2;0;13;;;;15;17
"054034";"Nocera Umbra";94;0;0;0;5;;;;5;0;1;0;12;;;;13;18
"054034";"Nocera Umbra";95;0;0;0;2;;;;2;0;2;0;7;;;;9;11
"054034";"Nocera Umbra";96;1;0;0;1;;;;2;0;1;0;7;;;;8;10
"054034";"Nocera Umbra";97;0;0;0;0;;;;0;0;0;0;4;;;;4;4
"054034";"Nocera Umbra";98;0;0;0;0;;;;0;0;0;0;1;;;;1;1
"054034";"Nocera Umbra";99;0;0;0;0;;;;0;0;0;0;1;;;;1;1
"054034";"Nocera Umbra";100;0;0;0;0;;;;0;0;0;0;2;;;;2;2
"054034";"Nocera Umbra";999;1248;1344;87;87;;;;2766;958;1334;90;453;;;;2835;5601
"054035";"Norcia";0;19;0;0;0;;;;19;15;0;0;0;;;;15;34
"054035";"Norcia";1;25;0;0;0;;;;25;16;0;0;0;;;;16;41
"054035";"Norcia";2;29;0;0;0;;;;29;10;0;0;0;;;;10;39
"054035";"Norcia";3;13;0;0;0;;;;13;15;0;0;0;;;;15;28
"054035";"Norcia";4;25;0;0;0;;;;25;19;0;0;0;;;;19;44
"054035";"Norcia";5;10;0;0;0;;;;10;15;0;0;0;;;;15;25
"054035";"Norcia";6;26;0;0;0;;;;26;11;0;0;0;;;;11;37
"054035";"Norcia";7;21;0;0;0;;;;21;14;0;0;0;;;;14;35
"054035";"Norcia";8;19;0;0;0;;;;19;10;0;0;0;;;;10;29
"054035";"Norcia";9;18;0;0;0;;;;18;16;0;0;0;;;;16;34
"054035";"Norcia";10;19;0;0;0;;;;19;17;0;0;0;;;;17;36
"054035";"Norcia";11;20;0;0;0;;;;20;22;0;0;0;;;;22;42
"054035";"Norcia";12;19;0;0;0;;;;19;18;0;0;0;;;;18;37
"054035";"Norcia";13;22;0;0;0;;;;22;19;0;0;0;;;;19;41
"054035";"Norcia";14;25;0;0;0;;;;25;28;0;0;0;;;;28;53
"054035";"Norcia";15;32;0;0;0;;;;32;18;0;0;0;;;;18;50
"054035";"Norcia";16;16;0;0;0;;;;16;24;0;0;0;;;;24;40
"054035";"Norcia";17;19;0;0;0;;;;19;19;0;0;0;;;;19;38
"054035";"Norcia";18;28;0;0;0;;;;28;28;0;0;0;;;;28;56
"054035";"Norcia";19;22;0;0;0;;;;22;19;0;0;0;;;;19;41
"054035";"Norcia";20;25;0;0;0;;;;25;17;2;0;0;;;;19;44
"054035";"Norcia";21;32;1;0;0;;;;33;20;1;0;0;;;;21;54
"054035";"Norcia";22;29;0;0;0;;;;29;24;1;0;0;;;;25;54
"054035";"Norcia";23;16;0;0;0;;;;16;15;1;0;0;;;;16;32
"054035";"Norcia";24;35;0;0;0;;;;35;24;3;0;0;;;;27;62
"054035";"Norcia";25;29;0;0;0;;;;29;27;2;0;0;;;;29;58
"054035";"Norcia";26;15;2;0;0;;;;17;23;2;0;0;;;;25;42
"054035";"Norcia";27;21;4;0;0;;;;25;18;4;0;0;;;;22;47
"054035";"Norcia";28;23;3;0;0;;;;26;16;5;0;0;;;;21;47
"054035";"Norcia";29;22;6;0;0;;;;28;15;5;0;0;;;;20;48
"054035";"Norcia";30;30;3;0;0;;;;33;14;6;0;0;;;;20;53
"054035";"Norcia";31;13;11;0;0;;;;24;13;7;0;0;;;;20;44
"054035";"Norcia";32;24;3;0;0;;;;27;20;10;0;0;;;;30;57
"054035";"Norcia";33;17;5;0;0;;;;22;5;13;0;0;;;;18;40
"054035";"Norcia";34;12;11;1;0;;;;24;8;13;0;1;;;;22;46
"054035";"Norcia";35;20;13;0;0;;;;33;14;12;0;0;;;;26;59
"054035";"Norcia";36;13;6;0;0;;;;19;14;17;0;0;;;;31;50
"054035";"Norcia";37;15;14;0;0;;;;29;8;15;1;0;;;;24;53
"054035";"Norcia";38;12;19;0;0;;;;31;8;15;0;0;;;;23;54
"054035";"Norcia";39;17;12;0;0;;;;29;3;11;0;0;;;;14;43
"054035";"Norcia";40;16;6;0;0;;;;22;5;15;1;0;;;;21;43
"054035";"Norcia";41;13;12;0;0;;;;25;5;17;0;0;;;;22;47
"054035";"Norcia";42;6;15;0;0;;;;21;10;16;0;0;;;;26;47
"054035";"Norcia";43;11;20;0;0;;;;31;7;24;0;0;;;;31;62
"054035";"Norcia";44;11;16;2;0;;;;29;15;27;0;0;;;;42;71
"054035";"Norcia";45;5;17;0;0;;;;22;6;25;3;1;;;;35;57
"054035";"Norcia";46;14;22;2;0;;;;38;6;25;0;0;;;;31;69
"054035";"Norcia";47;4;27;0;0;;;;31;8;21;0;2;;;;31;62
"054035";"Norcia";48;6;16;1;0;;;;23;7;22;1;2;;;;32;55
"054035";"Norcia";49;12;32;0;0;;;;44;6;33;0;0;;;;39;83
"054035";"Norcia";50;7;28;0;0;;;;35;4;35;1;1;;;;41;76
"054035";"Norcia";51;6;33;0;0;;;;39;3;43;0;0;;;;46;85
"054035";"Norcia";52;10;26;1;0;;;;37;8;29;2;0;;;;39;76
"054035";"Norcia";53;5;28;1;0;;;;34;5;39;2;2;;;;48;82
"054035";"Norcia";54;7;28;1;0;;;;36;1;31;1;1;;;;34;70
"054035";"Norcia";55;11;30;2;1;;;;44;1;31;2;3;;;;37;81
"054035";"Norcia";56;4;27;4;0;;;;35;3;33;1;3;;;;40;75
"054035";"Norcia";57;3;29;1;0;;;;33;3;32;1;2;;;;38;71
"054035";"Norcia";58;9;36;1;0;;;;46;2;22;0;7;;;;31;77
"054035";"Norcia";59;6;26;1;4;;;;37;0;31;1;1;;;;33;70
"054035";"Norcia";60;4;25;1;2;;;;32;2;25;1;2;;;;30;62
"054035";"Norcia";61;5;36;2;0;;;;43;0;21;0;3;;;;24;67
"054035";"Norcia";62;5;21;0;0;;;;26;5;16;1;5;;;;27;53
"054035";"Norcia";63;5;30;2;3;;;;40;5;23;2;7;;;;37;77
"054035";"Norcia";64;2;21;0;1;;;;24;5;23;1;3;;;;32;56
"054035";"Norcia";65;3;20;2;2;;;;27;3;20;1;2;;;;26;53
"054035";"Norcia";66;6;24;1;2;;;;33;3;24;1;4;;;;32;65
"054035";"Norcia";67;8;23;2;1;;;;34;5;19;0;5;;;;29;63
"054035";"Norcia";68;2;19;1;2;;;;24;2;18;2;5;;;;27;51
"054035";"Norcia";69;6;19;1;1;;;;27;2;20;2;7;;;;31;58
"054035";"Norcia";70;3;29;0;2;;;;34;2;16;1;6;;;;25;59
"054035";"Norcia";71;3;18;0;2;;;;23;3;24;1;7;;;;35;58
"054035";"Norcia";72;3;27;1;4;;;;35;3;25;0;16;;;;44;79
"054035";"Norcia";73;3;25;0;2;;;;30;0;18;0;6;;;;24;54
"054035";"Norcia";74;4;27;1;1;;;;33;5;12;1;11;;;;29;62
"054035";"Norcia";75;1;13;1;3;;;;18;0;10;0;9;;;;19;37
"054035";"Norcia";76;4;11;0;2;;;;17;1;8;1;9;;;;19;36
"054035";"Norcia";77;3;14;0;2;;;;19;1;13;1;7;;;;22;41
"054035";"Norcia";78;2;14;0;3;;;;19;4;9;0;8;;;;21;40
"054035";"Norcia";79;1;16;1;3;;;;21;1;8;0;8;;;;17;38
"054035";"Norcia";80;1;16;1;1;;;;19;0;8;2;12;;;;22;41
"054035";"Norcia";81;1;10;0;1;;;;12;2;4;1;20;;;;27;39
"054035";"Norcia";82;0;14;0;1;;;;15;2;13;0;15;;;;30;45
"054035";"Norcia";83;1;11;0;2;;;;14;2;6;1;12;;;;21;35
"054035";"Norcia";84;0;4;1;3;;;;8;0;3;1;12;;;;16;24
"054035";"Norcia";85;1;3;0;4;;;;8;1;5;0;9;;;;15;23
"054035";"Norcia";86;1;5;0;5;;;;11;0;3;0;5;;;;8;19
"054035";"Norcia";87;0;1;0;2;;;;3;0;2;0;9;;;;11;14
"054035";"Norcia";88;0;4;0;5;;;;9;1;1;0;14;;;;16;25
"054035";"Norcia";89;1;3;0;2;;;;6;0;3;0;14;;;;17;23
"054035";"Norcia";90;1;8;0;3;;;;12;3;1;0;9;;;;13;25
"054035";"Norcia";91;0;10;0;2;;;;12;0;0;0;10;;;;10;22
"054035";"Norcia";92;0;1;0;5;;;;6;1;1;0;4;;;;6;12
"054035";"Norcia";93;0;1;0;2;;;;3;0;1;0;4;;;;5;8
"054035";"Norcia";94;1;2;0;1;;;;4;1;0;0;2;;;;3;7
"054035";"Norcia";95;0;0;0;0;;;;0;2;0;0;5;;;;7;7
"054035";"Norcia";96;0;1;0;0;;;;1;1;0;0;4;;;;5;6
"054035";"Norcia";97;0;0;0;0;;;;0;0;0;0;2;;;;2;2
"054035";"Norcia";98;0;0;0;2;;;;2;0;0;0;2;;;;2;4
"054035";"Norcia";99;0;0;0;0;;;;0;0;0;0;1;;;;1;1
"054035";"Norcia";100;0;0;0;0;;;;0;0;0;0;0;;;;0;0
"054035";"Norcia";999;1094;1113;36;84;;;;2327;832;1099;38;321;;;;2290;4617
"054036";"Paciano";0;3;0;0;0;;;;3;2;0;0;0;;;;2;5
"054036";"Paciano";1;2;0;0;0;;;;2;3;0;0;0;;;;3;5
"054036";"Paciano";2;2;0;0;0;;;;2;1;0;0;0;;;;1;3
"054036";"Paciano";3;5;0;0;0;;;;5;6;0;0;0;;;;6;11
"054036";"Paciano";4;1;0;0;0;;;;1;3;0;0;0;;;;3;4
"054036";"Paciano";5;6;0;0;0;;;;6;2;0;0;0;;;;2;8
"054036";"Paciano";6;2;0;0;0;;;;2;1;0;0;0;;;;1;3
"054036";"Paciano";7;4;0;0;0;;;;4;4;0;0;0;;;;4;8
"054036";"Paciano";8;2;0;0;0;;;;2;4;0;0;0;;;;4;6
"054036";"Paciano";9;5;0;0;0;;;;5;5;0;0;0;;;;5;10
"054036";"Paciano";10;1;0;0;0;;;;1;5;0;0;0;;;;5;6
"054036";"Paciano";11;4;0;0;0;;;;4;5;0;0;0;;;;5;9
"054036";"Paciano";12;3;0;0;0;;;;3;6;0;0;0;;;;6;9
"054036";"Paciano";13;5;0;0;0;;;;5;4;0;0;0;;;;4;9
"054036";"Paciano";14;7;0;0;0;;;;7;7;0;0;0;;;;7;14
"054036";"Paciano";15;5;0;0;0;;;;5;1;0;0;0;;;;1;6
"054036";"Paciano";16;4;0;0;0;;;;4;2;0;0;0;;;;2;6
"054036";"Paciano";17;0;0;0;0;;;;0;3;0;0;0;;;;3;3
"054036";"Paciano";18;9;0;0;0;;;;9;3;0;0;0;;;;3;12
"054036";"Paciano";19;3;0;0;0;;;;3;2;1;0;0;;;;3;6
"054036";"Paciano";20;2;0;0;0;;;;2;4;0;0;0;;;;4;6
"054036";"Paciano";21;3;0;0;0;;;;3;2;0;0;0;;;;2;5
"054036";"Paciano";22;1;0;0;0;;;;1;1;0;0;0;;;;1;2
"054036";"Paciano";23;4;0;0;0;;;;4;0;0;0;0;;;;0;4
"054036";"Paciano";24;1;0;0;0;;;;1;6;0;0;0;;;;6;7
"054036";"Paciano";25;0;0;0;0;;;;0;2;0;0;0;;;;2;2
"054036";"Paciano";26;6;0;0;0;;;;6;5;0;0;0;;;;5;11
"054036";"Paciano";27;10;0;0;0;;;;10;3;0;0;0;;;;3;13
"054036";"Paciano";28;8;0;0;0;;;;8;3;0;0;0;;;;3;11
"054036";"Paciano";29;2;0;0;0;;;;2;2;0;0;0;;;;2;4
"054036";"Paciano";30;5;1;0;0;;;;6;4;1;0;0;;;;5;11
"054036";"Paciano";31;7;0;0;0;;;;7;3;1;0;0;;;;4;11
"054036";"Paciano";32;6;0;0;0;;;;6;3;0;0;0;;;;3;9
"054036";"Paciano";33;3;1;1;0;;;;5;2;2;0;0;;;;4;9
"054036";"Paciano";34;1;1;0;0;;;;2;3;3;0;0;;;;6;8
"054036";"Paciano";35;6;2;0;0;;;;8;2;4;0;0;;;;6;14
"054036";"Paciano";36;5;3;0;0;;;;8;4;3;0;0;;;;7;15
"054036";"Paciano";37;3;0;0;0;;;;3;1;3;0;0;;;;4;7
"054036";"Paciano";38;0;4;0;0;;;;4;3;5;0;0;;;;8;12
"054036";"Paciano";39;2;1;0;0;;;;3;1;3;0;0;;;;4;7
"054036";"Paciano";40;1;5;0;0;;;;6;3;4;0;0;;;;7;13
"054036";"Paciano";41;2;2;0;0;;;;4;2;2;0;0;;;;4;8
"054036";"Paciano";42;0;1;0;0;;;;1;1;2;0;0;;;;3;4
"054036";"Paciano";43;6;1;1;0;;;;8;2;3;0;0;;;;5;13
"054036";"Paciano";44;3;6;1;0;;;;10;4;5;1;0;;;;10;20
"054036";"Paciano";45;2;4;0;0;;;;6;4;5;2;0;;;;11;17
"054036";"Paciano";46;2;8;0;0;;;;10;1;4;1;0;;;;6;16
"054036";"Paciano";47;0;5;1;0;;;;6;4;3;0;0;;;;7;13
"054036";"Paciano";48;2;5;1;0;;;;8;1;3;0;0;;;;4;12
"054036";"Paciano";49;3;4;0;0;;;;7;3;1;1;0;;;;5;12
"054036";"Paciano";50;1;1;1;0;;;;3;2;5;1;0;;;;8;11
"054036";"Paciano";51;4;2;0;0;;;;6;1;2;0;0;;;;3;9
"054036";"Paciano";52;2;1;1;0;;;;4;1;5;0;0;;;;6;10
"054036";"Paciano";53;3;3;0;1;;;;7;4;2;0;0;;;;6;13
"054036";"Paciano";54;5;6;0;0;;;;11;0;9;0;0;;;;9;20
"054036";"Paciano";55;1;6;0;1;;;;8;0;7;0;1;;;;8;16
"054036";"Paciano";56;0;3;0;0;;;;3;0;8;2;1;;;;11;14
"054036";"Paciano";57;4;4;1;1;;;;10;3;10;0;0;;;;13;23
"054036";"Paciano";58;0;5;0;0;;;;5;0;9;0;0;;;;9;14
"054036";"Paciano";59;1;8;0;0;;;;9;0;8;0;1;;;;9;18
"054036";"Paciano";60;2;4;0;0;;;;6;0;8;1;2;;;;11;17
"054036";"Paciano";61;0;5;1;1;;;;7;3;10;0;0;;;;13;20
"054036";"Paciano";62;1;9;0;0;;;;10;1;3;1;1;;;;6;16
"054036";"Paciano";63;1;6;3;0;;;;10;0;3;1;1;;;;5;15
"054036";"Paciano";64;2;9;1;1;;;;13;1;5;1;1;;;;8;21
"054036";"Paciano";65;0;8;0;0;;;;8;0;7;1;1;;;;9;17
"054036";"Paciano";66;0;4;1;0;;;;5;2;8;0;2;;;;12;17
"054036";"Paciano";67;0;4;1;0;;;;5;1;5;0;1;;;;7;12
"054036";"Paciano";68;1;7;2;0;;;;10;0;8;2;1;;;;11;21
"054036";"Paciano";69;1;4;0;1;;;;6;0;7;0;2;;;;9;15
"054036";"Paciano";70;0;11;1;0;;;;12;0;6;0;1;;;;7;19
"054036";"Paciano";71;0;7;0;0;;;;7;1;5;1;2;;;;9;16
"054036";"Paciano";72;2;5;0;0;;;;7;0;7;0;2;;;;9;16
"054036";"Paciano";73;0;4;0;2;;;;6;0;6;0;1;;;;7;13
"054036";"Paciano";74;0;2;0;1;;;;3;1;0;0;0;;;;1;4
"054036";"Paciano";75;0;5;0;0;;;;5;0;2;0;2;;;;4;9
"054036";"Paciano";76;1;2;0;0;;;;3;0;2;0;3;;;;5;8
"054036";"Paciano";77;0;7;0;1;;;;8;0;2;1;1;;;;4;12
"054036";"Paciano";78;1;3;0;0;;;;4;0;1;0;2;;;;3;7
"054036";"Paciano";79;0;4;0;0;;;;4;0;4;0;1;;;;5;9
"054036";"Paciano";80;0;5;0;0;;;;5;0;1;0;2;;;;3;8
"054036";"Paciano";81;0;4;1;1;;;;6;0;1;0;2;;;;3;9
"054036";"Paciano";82;1;0;0;0;;;;1;0;1;1;2;;;;4;5
"054036";"Paciano";83;0;1;0;2;;;;3;0;1;0;3;;;;4;7
"054036";"Paciano";84;0;0;0;2;;;;2;0;2;0;2;;;;4;6
"054036";"Paciano";85;0;1;0;0;;;;1;0;2;0;7;;;;9;10
"054036";"Paciano";86;0;0;0;0;;;;0;0;0;0;4;;;;4;4
"054036";"Paciano";87;0;1;0;0;;;;1;0;1;0;3;;;;4;5
"054036";"Paciano";88;0;1;0;0;;;;1;0;1;0;2;;;;3;4
"054036";"Paciano";89;0;1;0;1;;;;2;0;0;0;1;;;;1;3
"054036";"Paciano";90;0;1;0;0;;;;1;0;0;0;4;;;;4;5
"054036";"Paciano";91;0;0;0;1;;;;1;0;0;0;0;;;;0;1
"054036";"Paciano";92;0;1;0;0;;;;1;0;0;0;0;;;;0;1
"054036";"Paciano";93;0;2;0;0;;;;2;0;1;0;1;;;;2;4
"054036";"Paciano";94;0;0;0;1;;;;1;0;0;0;0;;;;0;1
"054036";"Paciano";95;0;0;0;1;;;;1;0;0;0;3;;;;3;4
"054036";"Paciano";96;0;0;0;0;;;;0;0;0;0;1;;;;1;1
"054036";"Paciano";97;0;0;0;0;;;;0;0;0;0;0;;;;0;0
"054036";"Paciano";98;0;0;0;0;;;;0;0;0;0;0;;;;0;0
"054036";"Paciano";99;0;0;0;0;;;;0;0;0;0;0;;;;0;0
"054036";"Paciano";100;0;0;0;1;;;;1;0;0;0;0;;;;0;1
"054036";"Paciano";999;203;221;19;20;;;;463;169;233;18;67;;;;487;950
"054037";"Panicale";0;14;0;0;0;;;;14;16;0;0;0;;;;16;30
"054037";"Panicale";1;19;0;0;0;;;;19;22;0;0;0;;;;22;41
"054037";"Panicale";2;17;0;0;0;;;;17;19;0;0;0;;;;19;36
"054037";"Panicale";3;17;0;0;0;;;;17;16;0;0;0;;;;16;33
"054037";"Panicale";4;17;0;0;0;;;;17;24;0;0;0;;;;24;41
"054037";"Panicale";5;20;0;0;0;;;;20;19;0;0;0;;;;19;39
"054037";"Panicale";6;15;0;0;0;;;;15;16;0;0;0;;;;16;31
"054037";"Panicale";7;24;0;0;0;;;;24;22;0;0;0;;;;22;46
"054037";"Panicale";8;13;0;0;0;;;;13;16;0;0;0;;;;16;29
"054037";"Panicale";9;18;0;0;0;;;;18;25;0;0;0;;;;25;43
"054037";"Panicale";10;25;0;0;0;;;;25;21;0;0;0;;;;21;46
"054037";"Panicale";11;24;0;0;0;;;;24;29;0;0;0;;;;29;53
"054037";"Panicale";12;25;0;0;0;;;;25;33;0;0;0;;;;33;58
"054037";"Panicale";13;26;0;0;0;;;;26;20;0;0;0;;;;20;46
"054037";"Panicale";14;39;0;0;0;;;;39;22;0;0;0;;;;22;61
"054037";"Panicale";15;32;0;0;0;;;;32;33;0;0;0;;;;33;65
"054037";"Panicale";16;29;0;0;0;;;;29;26;0;0;0;;;;26;55
"054037";"Panicale";17;28;0;0;0;;;;28;17;0;0;0;;;;17;45
"054037";"Panicale";18;27;0;0;0;;;;27;18;0;0;0;;;;18;45
"054037";"Panicale";19;31;0;0;0;;;;31;21;0;0;0;;;;21;52
"054037";"Panicale";20;26;0;0;0;;;;26;22;0;0;0;;;;22;48
"054037";"Panicale";21;16;0;0;0;;;;16;24;1;0;0;;;;25;41
"054037";"Panicale";22;29;0;0;0;;;;29;22;1;0;0;;;;23;52
"054037";"Panicale";23;27;0;0;0;;;;27;21;1;0;0;;;;22;49
"054037";"Panicale";24;31;0;0;0;;;;31;26;1;0;0;;;;27;58
"054037";"Panicale";25;30;1;0;0;;;;31;24;0;0;0;;;;24;55
"054037";"Panicale";26;22;0;0;0;;;;22;27;4;1;0;;;;32;54
"054037";"Panicale";27;26;1;0;0;;;;27;30;4;0;0;;;;34;61
"054037";"Panicale";28;17;1;0;0;;;;18;27;5;0;0;;;;32;50
"054037";"Panicale";29;34;5;0;0;;;;39;18;5;0;0;;;;23;62
"054037";"Panicale";30;21;2;0;0;;;;23;14;8;0;0;;;;22;45
"054037";"Panicale";31;18;4;0;0;;;;22;15;15;0;0;;;;30;52
"054037";"Panicale";32;13;4;1;0;;;;18;15;3;0;0;;;;18;36
"054037";"Panicale";33;16;5;0;0;;;;21;18;9;0;0;;;;27;48
"054037";"Panicale";34;27;5;0;0;;;;32;9;11;0;0;;;;20;52
"054037";"Panicale";35;15;8;0;0;;;;23;12;13;0;1;;;;26;49
"054037";"Panicale";36;14;9;0;0;;;;23;12;23;1;0;;;;36;59
"054037";"Panicale";37;16;17;0;0;;;;33;14;16;0;0;;;;30;63
"054037";"Panicale";38;12;14;1;0;;;;27;8;20;0;0;;;;28;55
"054037";"Panicale";39;13;14;0;0;;;;27;10;16;0;0;;;;26;53
"054037";"Panicale";40;18;12;1;0;;;;31;9;15;0;0;;;;24;55
"054037";"Panicale";41;13;16;0;0;;;;29;9;18;1;1;;;;29;58
"054037";"Panicale";42;14;17;0;0;;;;31;15;20;0;1;;;;36;67
"054037";"Panicale";43;10;20;2;0;;;;32;9;24;1;0;;;;34;66
"054037";"Panicale";44;20;24;0;0;;;;44;14;21;1;0;;;;36;80
"054037";"Panicale";45;16;25;2;0;;;;43;6;31;2;0;;;;39;82
"054037";"Panicale";46;9;31;2;0;;;;42;6;43;3;0;;;;52;94
"054037";"Panicale";47;11;20;0;0;;;;31;6;36;5;0;;;;47;78
"054037";"Panicale";48;11;24;0;0;;;;35;9;28;3;1;;;;41;76
"054037";"Panicale";49;9;26;4;0;;;;39;5;33;6;1;;;;45;84
"054037";"Panicale";50;9;37;1;0;;;;47;5;30;4;0;;;;39;86
"054037";"Panicale";51;13;19;0;0;;;;32;8;33;4;3;;;;48;80
"054037";"Panicale";52;8;30;1;0;;;;39;3;32;4;0;;;;39;78
"054037";"Panicale";53;8;38;3;0;;;;49;3;42;1;3;;;;49;98
"054037";"Panicale";54;7;30;2;0;;;;39;2;37;1;3;;;;43;82
"054037";"Panicale";55;5;38;1;0;;;;44;4;31;2;3;;;;40;84
"054037";"Panicale";56;7;30;2;0;;;;39;5;35;4;1;;;;45;84
"054037";"Panicale";57;10;39;0;0;;;;49;3;40;0;2;;;;45;94
"054037";"Panicale";58;6;30;3;0;;;;39;1;32;3;3;;;;39;78
"054037";"Panicale";59;4;38;4;1;;;;47;2;39;0;3;;;;44;91
"054037";"Panicale";60;6;33;1;1;;;;41;1;26;1;4;;;;32;73
"054037";"Panicale";61;4;36;2;0;;;;42;0;38;3;2;;;;43;85
"054037";"Panicale";62;7;40;0;2;;;;49;4;33;0;2;;;;39;88
"054037";"Panicale";63;3;24;1;0;;;;28;2;22;2;3;;;;29;57
"054037";"Panicale";64;5;22;1;0;;;;28;5;30;2;3;;;;40;68
"054037";"Panicale";65;6;29;0;0;;;;35;5;32;1;2;;;;40;75
"054037";"Panicale";66;5;28;2;0;;;;35;1;28;1;3;;;;33;68
"054037";"Panicale";67;5;29;3;0;;;;37;2;25;2;7;;;;36;73
"054037";"Panicale";68;3;19;1;3;;;;26;2;26;1;8;;;;37;63
"054037";"Panicale";69;2;33;1;0;;;;36;2;28;2;6;;;;38;74
"054037";"Panicale";70;7;25;1;0;;;;33;2;32;1;9;;;;44;77
"054037";"Panicale";71;5;18;2;2;;;;27;2;25;1;9;;;;37;64
"054037";"Panicale";72;0;40;0;5;;;;45;1;33;3;15;;;;52;97
"054037";"Panicale";73;4;17;1;2;;;;24;2;23;1;11;;;;37;61
"054037";"Panicale";74;2;37;0;3;;;;42;0;21;0;10;;;;31;73
"054037";"Panicale";75;1;24;0;2;;;;27;3;14;2;12;;;;31;58
"054037";"Panicale";76;3;30;1;2;;;;36;0;14;1;10;;;;25;61
"054037";"Panicale";77;3;19;0;2;;;;24;1;16;2;7;;;;26;50
"054037";"Panicale";78;2;18;0;0;;;;20;0;13;0;16;;;;29;49
"054037";"Panicale";79;1;12;0;3;;;;16;1;9;0;6;;;;16;32
"054037";"Panicale";80;0;21;0;3;;;;24;0;7;1;19;;;;27;51
"054037";"Panicale";81;2;22;0;3;;;;27;1;14;0;17;;;;32;59
"054037";"Panicale";82;1;21;1;6;;;;29;1;15;1;15;;;;32;61
"054037";"Panicale";83;1;10;0;3;;;;14;1;6;1;17;;;;25;39
"054037";"Panicale";84;0;6;0;6;;;;12;1;9;1;17;;;;28;40
"054037";"Panicale";85;2;12;1;3;;;;18;2;5;0;16;;;;23;41
"054037";"Panicale";86;2;16;0;5;;;;23;2;8;0;23;;;;33;56
"054037";"Panicale";87;0;12;0;4;;;;16;0;3;0;13;;;;16;32
"054037";"Panicale";88;1;3;0;3;;;;7;1;2;0;12;;;;15;22
"054037";"Panicale";89;0;9;0;2;;;;11;0;1;0;15;;;;16;27
"054037";"Panicale";90;0;4;0;4;;;;8;0;5;0;16;;;;21;29
"054037";"Panicale";91;0;3;0;3;;;;6;2;1;0;9;;;;12;18
"054037";"Panicale";92;0;1;0;1;;;;2;0;1;0;11;;;;12;14
"054037";"Panicale";93;1;4;0;2;;;;7;0;1;0;14;;;;15;22
"054037";"Panicale";94;0;1;0;1;;;;2;0;0;0;7;;;;7;9
"054037";"Panicale";95;0;3;0;1;;;;4;0;0;0;6;;;;6;10
"054037";"Panicale";96;0;0;0;1;;;;1;0;0;0;5;;;;5;6
"054037";"Panicale";97;0;0;0;0;;;;0;1;0;0;2;;;;3;3
"054037";"Panicale";98;0;0;0;0;;;;0;0;0;0;0;;;;0;0
"054037";"Panicale";99;0;0;0;0;;;;0;0;0;0;1;;;;1;1
"054037";"Panicale";100;0;0;0;0;;;;0;0;0;0;3;;;;3;3
"054037";"Panicale";999;1175;1315;49;79;;;;2618;975;1342;77;409;;;;2803;5421
"054038";"Passignano sul Trasimeno";0;12;0;0;0;;;;12;11;0;0;0;;;;11;23
"054038";"Passignano sul Trasimeno";1;22;0;0;0;;;;22;20;0;0;0;;;;20;42
"054038";"Passignano sul Trasimeno";2;28;0;0;0;;;;28;16;0;0;0;;;;16;44
"054038";"Passignano sul Trasimeno";3;28;0;0;0;;;;28;18;0;0;0;;;;18;46
"054038";"Passignano sul Trasimeno";4;19;0;0;0;;;;19;23;0;0;0;;;;23;42
"054038";"Passignano sul Trasimeno";5;22;0;0;0;;;;22;29;0;0;0;;;;29;51
"054038";"Passignano sul Trasimeno";6;21;0;0;0;;;;21;23;0;0;0;;;;23;44
"054038";"Passignano sul Trasimeno";7;19;0;0;0;;;;19;20;0;0;0;;;;20;39
"054038";"Passignano sul Trasimeno";8;20;0;0;0;;;;20;35;0;0;0;;;;35;55
"054038";"Passignano sul Trasimeno";9;31;0;0;0;;;;31;19;0;0;0;;;;19;50
"054038";"Passignano sul Trasimeno";10;27;0;0;0;;;;27;22;0;0;0;;;;22;49
"054038";"Passignano sul Trasimeno";11;27;0;0;0;;;;27;25;0;0;0;;;;25;52
"054038";"Passignano sul Trasimeno";12;27;0;0;0;;;;27;27;0;0;0;;;;27;54
"054038";"Passignano sul Trasimeno";13;30;0;0;0;;;;30;25;0;0;0;;;;25;55
"054038";"Passignano sul Trasimeno";14;31;0;0;0;;;;31;32;0;0;0;;;;32;63
"054038";"Passignano sul Trasimeno";15;16;0;0;0;;;;16;28;0;0;0;;;;28;44
"054038";"Passignano sul Trasimeno";16;28;0;0;0;;;;28;37;0;0;0;;;;37;65
"054038";"Passignano sul Trasimeno";17;23;0;0;0;;;;23;21;0;0;0;;;;21;44
"054038";"Passignano sul Trasimeno";18;28;0;0;0;;;;28;24;0;0;0;;;;24;52
"054038";"Passignano sul Trasimeno";19;25;0;0;0;;;;25;18;0;0;0;;;;18;43
"054038";"Passignano sul Trasimeno";20;40;0;0;0;;;;40;27;0;0;0;;;;27;67
"054038";"Passignano sul Trasimeno";21;31;0;0;0;;;;31;14;0;0;0;;;;14;45
"054038";"Passignano sul Trasimeno";22;28;0;0;0;;;;28;25;4;0;0;;;;29;57
"054038";"Passignano sul Trasimeno";23;22;0;0;0;;;;22;26;0;0;0;;;;26;48
"054038";"Passignano sul Trasimeno";24;35;1;0;0;;;;36;14;2;0;0;;;;16;52
"054038";"Passignano sul Trasimeno";25;25;0;0;0;;;;25;14;2;0;0;;;;16;41
"054038";"Passignano sul Trasimeno";26;19;2;0;0;;;;21;17;4;0;0;;;;21;42
"054038";"Passignano sul Trasimeno";27;27;5;0;0;;;;32;23;4;0;0;;;;27;59
"054038";"Passignano sul Trasimeno";28;20;2;0;0;;;;22;14;10;1;0;;;;25;47
"054038";"Passignano sul Trasimeno";29;22;4;0;0;;;;26;18;7;0;0;;;;25;51
"054038";"Passignano sul Trasimeno";30;21;6;0;0;;;;27;20;10;1;0;;;;31;58
"054038";"Passignano sul Trasimeno";31;18;5;0;0;;;;23;21;8;0;0;;;;29;52
"054038";"Passignano sul Trasimeno";32;21;6;0;0;;;;27;19;13;0;0;;;;32;59
"054038";"Passignano sul Trasimeno";33;18;5;0;0;;;;23;22;19;1;1;;;;43;66
"054038";"Passignano sul Trasimeno";34;20;6;0;0;;;;26;15;8;1;0;;;;24;50
"054038";"Passignano sul Trasimeno";35;20;12;0;0;;;;32;20;10;0;0;;;;30;62
"054038";"Passignano sul Trasimeno";36;19;15;0;0;;;;34;13;20;1;0;;;;34;68
"054038";"Passignano sul Trasimeno";37;16;9;0;0;;;;25;14;19;0;0;;;;33;58
"054038";"Passignano sul Trasimeno";38;14;14;0;0;;;;28;17;31;2;1;;;;51;79
"054038";"Passignano sul Trasimeno";39;16;12;1;0;;;;29;13;17;2;0;;;;32;61
"054038";"Passignano sul Trasimeno";40;14;22;2;0;;;;38;9;21;1;1;;;;32;70
"054038";"Passignano sul Trasimeno";41;11;16;2;0;;;;29;6;26;3;0;;;;35;64
"054038";"Passignano sul Trasimeno";42;22;19;0;0;;;;41;13;18;0;1;;;;32;73
"054038";"Passignano sul Trasimeno";43;23;26;2;0;;;;51;9;27;4;0;;;;40;91
"054038";"Passignano sul Trasimeno";44;15;22;2;0;;;;39;15;35;3;0;;;;53;92
"054038";"Passignano sul Trasimeno";45;21;22;1;0;;;;44;9;25;4;0;;;;38;82
"054038";"Passignano sul Trasimeno";46;17;23;2;0;;;;42;8;36;5;0;;;;49;91
"054038";"Passignano sul Trasimeno";47;12;31;3;1;;;;47;9;28;0;0;;;;37;84
"054038";"Passignano sul Trasimeno";48;13;30;2;0;;;;45;12;43;4;1;;;;60;105
"054038";"Passignano sul Trasimeno";49;15;29;1;0;;;;45;4;32;2;0;;;;38;83
"054038";"Passignano sul Trasimeno";50;11;34;4;0;;;;49;6;34;3;1;;;;44;93
"054038";"Passignano sul Trasimeno";51;7;34;2;0;;;;43;13;30;1;0;;;;44;87
"054038";"Passignano sul Trasimeno";52;7;29;2;0;;;;38;5;32;5;0;;;;42;80
"054038";"Passignano sul Trasimeno";53;6;30;0;1;;;;37;6;38;1;3;;;;48;85
"054038";"Passignano sul Trasimeno";54;9;36;1;1;;;;47;12;37;3;0;;;;52;99
"054038";"Passignano sul Trasimeno";55;7;36;4;2;;;;49;7;28;1;3;;;;39;88
"054038";"Passignano sul Trasimeno";56;6;45;4;0;;;;55;7;34;3;0;;;;44;99
"054038";"Passignano sul Trasimeno";57;6;22;2;2;;;;32;1;31;5;4;;;;41;73
"054038";"Passignano sul Trasimeno";58;10;30;3;1;;;;44;6;32;4;2;;;;44;88
"054038";"Passignano sul Trasimeno";59;7;36;5;0;;;;48;4;26;3;5;;;;38;86
"054038";"Passignano sul Trasimeno";60;6;32;1;0;;;;39;6;27;2;4;;;;39;78
"054038";"Passignano sul Trasimeno";61;4;24;1;1;;;;30;4;20;3;3;;;;30;60
"054038";"Passignano sul Trasimeno";62;5;26;3;0;;;;34;2;31;4;2;;;;39;73
"054038";"Passignano sul Trasimeno";63;5;23;2;1;;;;31;2;32;1;5;;;;40;71
"054038";"Passignano sul Trasimeno";64;7;24;4;1;;;;36;0;30;1;3;;;;34;70
"054038";"Passignano sul Trasimeno";65;1;22;1;2;;;;26;1;37;0;3;;;;41;67
"054038";"Passignano sul Trasimeno";66;5;25;3;1;;;;34;2;32;3;7;;;;44;78
"054038";"Passignano sul Trasimeno";67;0;26;1;0;;;;27;2;33;3;5;;;;43;70
"054038";"Passignano sul Trasimeno";68;1;31;1;0;;;;33;2;26;3;7;;;;38;71
"054038";"Passignano sul Trasimeno";69;2;36;1;2;;;;41;3;21;1;7;;;;32;73
"054038";"Passignano sul Trasimeno";70;4;30;0;0;;;;34;1;31;4;7;;;;43;77
"054038";"Passignano sul Trasimeno";71;3;26;3;2;;;;34;3;23;0;9;;;;35;69
"054038";"Passignano sul Trasimeno";72;0;35;0;4;;;;39;1;25;1;7;;;;34;73
"054038";"Passignano sul Trasimeno";73;2;33;5;4;;;;44;0;21;2;16;;;;39;83
"054038";"Passignano sul Trasimeno";74;2;24;1;3;;;;30;2;23;2;6;;;;33;63
"054038";"Passignano sul Trasimeno";75;1;20;0;1;;;;22;0;20;1;10;;;;31;53
"054038";"Passignano sul Trasimeno";76;1;17;1;2;;;;21;2;18;1;16;;;;37;58
"054038";"Passignano sul Trasimeno";77;1;18;2;2;;;;23;3;19;0;12;;;;34;57
"054038";"Passignano sul Trasimeno";78;1;20;1;1;;;;23;2;11;1;9;;;;23;46
"054038";"Passignano sul Trasimeno";79;3;28;0;2;;;;33;2;19;0;11;;;;32;65
"054038";"Passignano sul Trasimeno";80;1;17;2;0;;;;20;1;16;0;16;;;;33;53
"054038";"Passignano sul Trasimeno";81;1;16;0;8;;;;25;1;17;0;13;;;;31;56
"054038";"Passignano sul Trasimeno";82;1;19;0;3;;;;23;2;11;0;12;;;;25;48
"054038";"Passignano sul Trasimeno";83;1;25;0;3;;;;29;0;9;0;11;;;;20;49
"054038";"Passignano sul Trasimeno";84;2;17;0;2;;;;21;1;11;0;19;;;;31;52
"054038";"Passignano sul Trasimeno";85;1;12;0;1;;;;14;2;8;0;13;;;;23;37
"054038";"Passignano sul Trasimeno";86;1;7;0;2;;;;10;1;2;0;22;;;;25;35
"054038";"Passignano sul Trasimeno";87;0;3;0;5;;;;8;2;6;1;14;;;;23;31
"054038";"Passignano sul Trasimeno";88;0;7;0;1;;;;8;0;2;0;14;;;;16;24
"054038";"Passignano sul Trasimeno";89;0;8;0;1;;;;9;0;3;0;14;;;;17;26
"054038";"Passignano sul Trasimeno";90;0;5;0;2;;;;7;1;1;0;8;;;;10;17
"054038";"Passignano sul Trasimeno";91;0;7;0;1;;;;8;2;0;0;9;;;;11;19
"054038";"Passignano sul Trasimeno";92;0;2;0;3;;;;5;0;0;0;10;;;;10;15
"054038";"Passignano sul Trasimeno";93;0;0;0;0;;;;0;0;1;0;11;;;;12;12
"054038";"Passignano sul Trasimeno";94;0;1;0;0;;;;1;0;0;0;11;;;;11;12
"054038";"Passignano sul Trasimeno";95;0;0;0;0;;;;0;0;0;0;4;;;;4;4
"054038";"Passignano sul Trasimeno";96;0;0;0;1;;;;1;0;0;0;4;;;;4;5
"054038";"Passignano sul Trasimeno";97;0;0;0;3;;;;3;1;0;0;2;;;;3;6
"054038";"Passignano sul Trasimeno";98;0;0;0;0;;;;0;0;0;0;0;;;;0;0
"054038";"Passignano sul Trasimeno";99;0;0;0;1;;;;1;0;0;0;1;;;;1;2
"054038";"Passignano sul Trasimeno";100;0;0;0;0;;;;0;0;0;0;1;;;;1;1
"054038";"Passignano sul Trasimeno";999;1237;1342;78;74;;;;2731;1054;1387;98;381;;;;2920;5651
"054039";"Perugia";0;567;0;0;0;0;0;0;567;535;0;0;0;0;0;0;535;1102
"054039";"Perugia";1;598;0;0;0;0;0;0;598;595;0;0;0;0;0;0;595;1193
"054039";"Perugia";2;596;0;0;0;0;0;0;596;533;0;0;0;0;0;0;533;1129
"054039";"Perugia";3;647;0;0;0;0;0;0;647;582;0;0;0;0;0;0;582;1229
"054039";"Perugia";4;638;0;0;0;0;0;0;638;597;0;0;0;0;0;0;597;1235
"054039";"Perugia";5;685;0;0;0;0;0;0;685;633;0;0;0;0;0;0;633;1318
"054039";"Perugia";6;668;0;0;0;0;0;0;668;660;0;0;0;0;0;0;660;1328
"054039";"Perugia";7;695;0;0;0;0;0;0;695;675;0;0;0;0;0;0;675;1370
"054039";"Perugia";8;736;0;0;0;0;0;0;736;778;0;0;0;0;0;0;778;1514
"054039";"Perugia";9;748;0;0;0;0;0;0;748;750;0;0;0;0;0;0;750;1498
"054039";"Perugia";10;787;0;0;0;0;0;0;787;677;0;0;0;0;0;0;677;1464
"054039";"Perugia";11;808;0;0;0;0;0;0;808;723;0;0;0;0;0;0;723;1531
"054039";"Perugia";12;774;0;0;0;0;0;0;774;781;0;0;0;0;0;0;781;1555
"054039";"Perugia";13;840;0;0;0;0;0;0;840;686;0;0;0;0;0;0;686;1526
"054039";"Perugia";14;834;0;0;0;0;0;0;834;757;0;0;0;0;0;0;757;1591
"054039";"Perugia";15;843;0;0;0;0;0;0;843;773;0;0;0;0;0;0;773;1616
"054039";"Perugia";16;788;0;0;0;0;0;0;788;736;1;0;0;0;0;0;737;1525
"054039";"Perugia";17;783;0;0;0;0;0;0;783;701;0;0;0;0;0;0;701;1484
"054039";"Perugia";18;783;0;0;0;0;0;0;783;760;0;0;0;0;0;0;760;1543
"054039";"Perugia";19;824;0;0;0;0;0;0;824;744;1;0;0;0;0;0;745;1569
"054039";"Perugia";20;814;0;0;0;0;0;0;814;825;9;0;0;0;0;0;834;1648
"054039";"Perugia";21;891;2;0;0;0;0;0;893;809;26;1;0;0;0;0;836;1729
"054039";"Perugia";22;896;0;0;0;0;0;0;896;817;40;0;0;1;0;0;858;1754
"054039";"Perugia";23;891;13;0;0;0;0;0;904;862;38;0;0;0;0;0;900;1804
"054039";"Perugia";24;868;5;1;0;0;0;0;874;751;46;1;0;0;0;0;798;1672
"054039";"Perugia";25;832;30;0;0;0;0;0;862;759;59;2;0;0;0;0;820;1682
"054039";"Perugia";26;834;35;0;0;0;0;0;869;705;84;2;0;0;0;0;791;1660
"054039";"Perugia";27;860;55;3;0;0;0;0;918;680;107;1;0;0;0;0;788;1706
"054039";"Perugia";28;934;56;0;0;1;0;0;991;743;148;1;0;0;0;0;892;1883
"054039";"Perugia";29;841;105;1;0;0;0;0;947;667;182;5;0;0;0;0;854;1801
"054039";"Perugia";30;810;124;3;0;1;0;0;938;617;236;5;0;1;0;0;859;1797
"054039";"Perugia";31;768;161;1;0;3;0;0;933;652;265;10;0;0;0;0;927;1860
"054039";"Perugia";32;734;205;1;0;1;0;0;941;600;331;8;3;1;0;0;943;1884
"054039";"Perugia";33;644;226;9;0;2;0;0;881;518;340;9;0;0;0;0;867;1748
"054039";"Perugia";34;599;302;8;0;1;0;0;910;516;400;16;2;0;0;0;934;1844
"054039";"Perugia";35;569;331;5;0;1;0;0;906;484;440;17;1;0;0;0;942;1848
"054039";"Perugia";36;591;363;11;0;2;0;0;967;441;487;22;7;0;0;0;957;1924
"054039";"Perugia";37;594;440;7;2;1;0;0;1044;425;581;23;4;2;0;0;1035;2079
"054039";"Perugia";38;544;440;18;0;2;0;0;1004;411;566;25;2;3;0;0;1007;2011
"054039";"Perugia";39;507;470;18;0;3;0;0;998;405;599;37;1;0;0;0;1042;2040
"054039";"Perugia";40;478;530;22;0;2;0;0;1032;367;650;41;4;1;0;0;1063;2095
"054039";"Perugia";41;490;521;30;0;2;0;0;1043;352;715;58;4;0;0;0;1129;2172
"054039";"Perugia";42;452;579;30;1;2;0;0;1064;385;682;62;5;1;0;0;1135;2199
"054039";"Perugia";43;462;682;30;0;0;0;0;1174;370;741;61;5;1;0;0;1178;2352
"054039";"Perugia";44;412;595;40;0;0;0;0;1047;361;738;57;6;1;0;0;1163;2210
"054039";"Perugia";45;433;667;46;1;0;0;0;1147;376;819;70;16;1;0;0;1282;2429
"054039";"Perugia";46;446;814;39;4;0;0;0;1303;317;837;85;13;0;0;0;1252;2555
"054039";"Perugia";47;429;766;56;4;4;0;0;1259;297;882;76;19;1;0;0;1275;2534
"054039";"Perugia";48;370;781;63;4;3;0;0;1221;316;833;107;17;1;0;0;1274;2495
"054039";"Perugia";49;321;813;59;3;5;0;0;1201;283;943;83;19;1;0;0;1329;2530
"054039";"Perugia";50;319;824;78;4;2;0;0;1227;260;897;119;23;1;0;0;1300;2527
"054039";"Perugia";51;328;826;60;8;1;0;0;1223;289;995;99;20;0;0;0;1403;2626
"054039";"Perugia";52;282;855;76;5;1;0;0;1219;263;908;120;40;0;0;0;1331;2550
"054039";"Perugia";53;232;814;72;8;3;0;0;1129;244;896;109;33;0;0;0;1282;2411
"054039";"Perugia";54;286;926;66;7;3;0;0;1288;218;901;112;38;1;0;0;1270;2558
"054039";"Perugia";55;263;903;85;8;2;0;0;1261;249;991;126;43;0;0;0;1409;2670
"054039";"Perugia";56;222;946;90;10;0;0;0;1268;216;982;142;56;0;0;0;1396;2664
"054039";"Perugia";57;209;807;85;12;2;0;0;1115;197;997;124;55;0;0;0;1373;2488
"054039";"Perugia";58;190;863;77;12;1;0;0;1143;162;971;123;72;1;0;0;1329;2472
"054039";"Perugia";59;179;878;69;24;1;0;0;1151;159;877;124;89;0;0;0;1249;2400
"054039";"Perugia";60;147;879;87;12;1;0;0;1126;165;921;120;66;0;0;0;1272;2398
"054039";"Perugia";61;140;834;75;15;2;0;0;1066;151;854;112;81;0;0;0;1198;2264
"054039";"Perugia";62;124;782;57;22;3;0;0;988;129;800;104;89;0;0;0;1122;2110
"054039";"Perugia";63;109;711;65;22;2;0;0;909;123;813;88;101;0;0;0;1125;2034
"054039";"Perugia";64;99;807;49;27;2;0;0;984;113;781;77;112;0;0;0;1083;2067
"054039";"Perugia";65;90;753;37;31;0;0;0;911;100;737;75;94;0;0;0;1006;1917
"054039";"Perugia";66;76;716;61;23;0;0;0;876;79;771;63;126;0;0;0;1039;1915
"054039";"Perugia";67;68;717;36;17;0;0;0;838;85;716;63;149;0;0;0;1013;1851
"054039";"Perugia";68;77;653;25;21;2;0;0;778;82;658;70;138;0;0;0;948;1726
"054039";"Perugia";69;63;654;44;37;0;0;0;798;73;715;71;147;0;0;0;1006;1804
"054039";"Perugia";70;54;681;40;55;3;0;0;833;74;709;69;138;0;0;0;990;1823
"054039";"Perugia";71;51;711;32;35;0;0;0;829;73;716;57;169;0;0;0;1015;1844
"054039";"Perugia";72;61;785;42;42;2;0;0;932;71;831;58;236;0;0;0;1196;2128
"054039";"Perugia";73;50;733;20;41;0;0;0;844;75;608;48;255;0;0;0;986;1830
"054039";"Perugia";74;50;697;28;57;0;0;0;832;48;604;41;256;0;0;0;949;1781
"054039";"Perugia";75;48;545;13;34;0;0;0;640;43;505;36;236;0;0;0;820;1460
"054039";"Perugia";76;38;565;21;56;1;0;0;681;44;500;33;262;0;0;0;839;1520
"054039";"Perugia";77;45;576;9;69;0;0;0;699;45;471;26;311;0;0;0;853;1552
"054039";"Perugia";78;39;500;17;68;0;0;0;624;38;425;23;306;0;0;0;792;1416
"054039";"Perugia";79;41;530;12;82;0;0;0;665;51;416;22;335;0;0;0;824;1489
"054039";"Perugia";80;32;604;16;74;0;0;0;726;45;413;28;438;0;0;0;924;1650
"054039";"Perugia";81;32;512;8;88;0;0;0;640;43;391;28;426;0;0;0;888;1528
"054039";"Perugia";82;31;499;12;90;0;0;0;632;49;359;17;472;0;0;0;897;1529
"054039";"Perugia";83;22;426;6;70;0;0;0;524;27;254;16;433;0;0;0;730;1254
"054039";"Perugia";84;16;337;4;74;0;0;0;431;42;193;12;416;0;0;0;663;1094
"054039";"Perugia";85;15;316;4;75;0;0;0;410;31;162;13;421;0;0;0;627;1037
"054039";"Perugia";86;19;269;8;83;1;0;0;380;32;134;3;452;0;0;0;621;1001
"054039";"Perugia";87;18;247;4;77;0;0;0;346;29;110;10;427;0;0;0;576;922
"054039";"Perugia";88;12;188;2;69;0;0;0;271;35;77;4;376;0;0;0;492;763
"054039";"Perugia";89;7;189;1;74;0;0;0;271;29;60;8;352;0;0;0;449;720
"054039";"Perugia";90;7;127;0;58;0;0;0;192;15;40;5;362;0;0;0;422;614
"054039";"Perugia";91;4;92;0;47;0;0;0;143;14;20;3;270;0;0;0;307;450
"054039";"Perugia";92;0;61;1;41;0;0;0;103;23;26;5;256;0;0;0;310;413
"054039";"Perugia";93;2;41;0;38;0;0;0;81;12;15;0;216;0;0;0;243;324
"054039";"Perugia";94;4;29;0;35;0;0;0;68;14;6;3;159;0;0;0;182;250
"054039";"Perugia";95;1;23;1;17;0;0;0;42;14;2;1;158;0;0;0;175;217
"054039";"Perugia";96;2;18;0;17;0;0;0;37;15;1;2;93;0;0;0;111;148
"054039";"Perugia";97;1;5;0;7;0;0;0;13;3;1;2;68;0;0;0;74;87
"054039";"Perugia";98;1;4;0;6;0;0;0;11;3;0;2;43;0;0;0;48;59
"054039";"Perugia";99;0;0;0;6;0;0;0;6;0;0;0;36;0;0;0;36;42
"054039";"Perugia";100;0;1;0;6;0;0;0;7;1;0;0;51;0;0;0;52;59
"054039";"Perugia";999;38162;36570;2096;1935;71;0;0;78834;34182;38056;3501;10129;19;0;0;85887;164721
"054040";"Piegaro";0;7;0;0;0;;;;7;9;0;0;0;;;;9;16
"054040";"Piegaro";1;7;0;0;0;;;;7;12;0;0;0;;;;12;19
"054040";"Piegaro";2;10;0;0;0;;;;10;9;0;0;0;;;;9;19
"054040";"Piegaro";3;9;0;0;0;;;;9;11;0;0;0;;;;11;20
"054040";"Piegaro";4;14;0;0;0;;;;14;10;0;0;0;;;;10;24
"054040";"Piegaro";5;17;0;0;0;;;;17;14;0;0;0;;;;14;31
"054040";"Piegaro";6;20;0;0;0;;;;20;7;0;0;0;;;;7;27
"054040";"Piegaro";7;10;0;0;0;;;;10;13;0;0;0;;;;13;23
"054040";"Piegaro";8;10;0;0;0;;;;10;8;0;0;0;;;;8;18
"054040";"Piegaro";9;14;0;0;0;;;;14;9;0;0;0;;;;9;23
"054040";"Piegaro";10;15;0;0;0;;;;15;14;0;0;0;;;;14;29
"054040";"Piegaro";11;25;0;0;0;;;;25;18;0;0;0;;;;18;43
"054040";"Piegaro";12;14;0;0;0;;;;14;16;0;0;0;;;;16;30
"054040";"Piegaro";13;18;0;0;0;;;;18;16;0;0;0;;;;16;34
"054040";"Piegaro";14;16;0;0;0;;;;16;18;0;0;0;;;;18;34
"054040";"Piegaro";15;15;0;0;0;;;;15;9;0;0;0;;;;9;24
"054040";"Piegaro";16;21;0;0;0;;;;21;16;0;0;0;;;;16;37
"054040";"Piegaro";17;13;0;0;0;;;;13;19;0;0;0;;;;19;32
"054040";"Piegaro";18;15;0;0;0;;;;15;10;0;0;0;;;;10;25
"054040";"Piegaro";19;13;0;0;0;;;;13;18;0;0;0;;;;18;31
"054040";"Piegaro";20;11;0;0;0;;;;11;14;0;0;0;;;;14;25
"054040";"Piegaro";21;13;0;0;0;;;;13;11;0;0;0;;;;11;24
"054040";"Piegaro";22;10;0;0;0;;;;10;10;0;0;0;;;;10;20
"054040";"Piegaro";23;14;0;0;0;;;;14;13;0;0;0;;;;13;27
"054040";"Piegaro";24;12;0;0;0;;;;12;14;0;0;0;;;;14;26
"054040";"Piegaro";25;14;0;0;0;;;;14;11;2;0;0;;;;13;27
"054040";"Piegaro";26;20;1;0;0;;;;21;14;0;0;0;;;;14;35
"054040";"Piegaro";27;14;0;0;0;;;;14;13;5;0;0;;;;18;32
"054040";"Piegaro";28;16;1;0;0;;;;17;14;3;0;0;;;;17;34
"054040";"Piegaro";29;15;1;0;0;;;;16;4;1;0;0;;;;5;21
"054040";"Piegaro";30;14;3;0;0;;;;17;13;2;1;0;;;;16;33
"054040";"Piegaro";31;4;5;0;0;;;;9;10;7;0;0;;;;17;26
"054040";"Piegaro";32;14;4;0;0;;;;18;12;6;0;0;;;;18;36
"054040";"Piegaro";33;11;6;0;0;;;;17;11;6;0;0;;;;17;34
"054040";"Piegaro";34;8;2;0;0;;;;10;10;7;0;0;;;;17;27
"054040";"Piegaro";35;13;4;0;0;;;;17;13;11;0;0;;;;24;41
"054040";"Piegaro";36;14;7;0;0;;;;21;8;14;0;0;;;;22;43
"054040";"Piegaro";37;8;12;0;0;;;;20;15;10;1;0;;;;26;46
"054040";"Piegaro";38;11;8;0;0;;;;19;5;12;1;0;;;;18;37
"054040";"Piegaro";39;10;7;1;0;;;;18;6;13;0;0;;;;19;37
"054040";"Piegaro";40;10;13;0;0;;;;23;6;15;2;0;;;;23;46
"054040";"Piegaro";41;8;6;1;0;;;;15;5;19;0;0;;;;24;39
"054040";"Piegaro";42;19;12;0;0;;;;31;5;14;0;0;;;;19;50
"054040";"Piegaro";43;4;12;1;0;;;;17;10;14;3;0;;;;27;44
"054040";"Piegaro";44;8;21;0;0;;;;29;4;15;0;0;;;;19;48
"054040";"Piegaro";45;10;11;0;0;;;;21;4;15;0;0;;;;19;40
"054040";"Piegaro";46;7;16;0;0;;;;23;4;22;2;1;;;;29;52
"054040";"Piegaro";47;7;19;1;0;;;;27;12;13;1;0;;;;26;53
"054040";"Piegaro";48;9;19;0;0;;;;28;4;24;4;1;;;;33;61
"054040";"Piegaro";49;4;22;1;0;;;;27;3;19;0;2;;;;24;51
"054040";"Piegaro";50;9;18;0;0;;;;27;3;26;1;0;;;;30;57
"054040";"Piegaro";51;6;24;2;0;;;;32;6;13;4;3;;;;26;58
"054040";"Piegaro";52;3;12;1;0;;;;16;5;21;0;2;;;;28;44
"054040";"Piegaro";53;7;14;1;0;;;;22;3;23;3;2;;;;31;53
"054040";"Piegaro";54;5;21;2;0;;;;28;1;14;4;1;;;;20;48
"054040";"Piegaro";55;3;21;2;0;;;;26;4;34;3;2;;;;43;69
"054040";"Piegaro";56;4;15;3;1;;;;23;3;19;1;3;;;;26;49
"054040";"Piegaro";57;3;16;1;1;;;;21;3;25;0;3;;;;31;52
"054040";"Piegaro";58;4;15;1;1;;;;21;2;24;0;1;;;;27;48
"054040";"Piegaro";59;7;27;1;1;;;;36;2;20;2;2;;;;26;62
"054040";"Piegaro";60;4;25;2;0;;;;31;2;28;2;2;;;;34;65
"054040";"Piegaro";61;3;17;1;0;;;;21;2;11;0;3;;;;16;37
"054040";"Piegaro";62;3;32;3;1;;;;39;1;24;0;3;;;;28;67
"054040";"Piegaro";63;3;17;2;0;;;;22;1;24;3;5;;;;33;55
"054040";"Piegaro";64;2;23;3;1;;;;29;3;19;1;2;;;;25;54
"054040";"Piegaro";65;4;15;0;1;;;;20;1;29;0;2;;;;32;52
"054040";"Piegaro";66;0;23;0;0;;;;23;3;16;0;1;;;;20;43
"054040";"Piegaro";67;2;22;1;1;;;;26;1;16;1;3;;;;21;47
"054040";"Piegaro";68;0;18;2;3;;;;23;2;16;1;1;;;;20;43
"054040";"Piegaro";69;2;18;0;0;;;;20;0;20;0;3;;;;23;43
"054040";"Piegaro";70;1;20;0;0;;;;21;1;15;0;4;;;;20;41
"054040";"Piegaro";71;1;18;2;0;;;;21;2;18;1;7;;;;28;49
"054040";"Piegaro";72;0;18;0;2;;;;20;4;17;0;11;;;;32;52
"054040";"Piegaro";73;3;16;2;3;;;;24;0;19;0;5;;;;24;48
"054040";"Piegaro";74;0;22;0;0;;;;22;1;12;0;4;;;;17;39
"054040";"Piegaro";75;0;14;0;0;;;;14;0;9;0;4;;;;13;27
"054040";"Piegaro";76;1;9;0;4;;;;14;0;14;0;6;;;;20;34
"054040";"Piegaro";77;1;18;0;1;;;;20;1;12;0;11;;;;24;44
"054040";"Piegaro";78;0;13;0;2;;;;15;1;9;0;6;;;;16;31
"054040";"Piegaro";79;0;5;0;2;;;;7;0;7;0;11;;;;18;25
"054040";"Piegaro";80;0;15;0;2;;;;17;0;8;0;13;;;;21;38
"054040";"Piegaro";81;0;15;0;0;;;;15;0;8;1;6;;;;15;30
"054040";"Piegaro";82;0;16;0;2;;;;18;0;3;0;14;;;;17;35
"054040";"Piegaro";83;0;7;0;2;;;;9;1;7;0;10;;;;18;27
"054040";"Piegaro";84;2;13;0;2;;;;17;1;8;1;14;;;;24;41
"054040";"Piegaro";85;0;9;0;0;;;;9;0;3;1;11;;;;15;24
"054040";"Piegaro";86;0;6;0;1;;;;7;0;4;0;8;;;;12;19
"054040";"Piegaro";87;0;5;1;0;;;;6;0;3;1;4;;;;8;14
"054040";"Piegaro";88;0;2;0;1;;;;3;0;1;0;8;;;;9;12
"054040";"Piegaro";89;0;8;1;1;;;;10;0;0;0;7;;;;7;17
"054040";"Piegaro";90;0;2;0;2;;;;4;0;0;0;10;;;;10;14
"054040";"Piegaro";91;0;4;0;2;;;;6;0;1;0;11;;;;12;18
"054040";"Piegaro";92;0;0;0;2;;;;2;0;0;0;8;;;;8;10
"054040";"Piegaro";93;0;2;0;2;;;;4;0;0;0;4;;;;4;8
"054040";"Piegaro";94;0;0;0;0;;;;0;0;0;0;5;;;;5;5
"054040";"Piegaro";95;0;0;0;0;;;;0;0;0;0;4;;;;4;4
"054040";"Piegaro";96;0;0;0;2;;;;2;0;0;0;3;;;;3;5
"054040";"Piegaro";97;0;0;0;3;;;;3;0;0;0;1;;;;1;4
"054040";"Piegaro";98;0;0;0;3;;;;3;0;0;0;0;;;;0;3
"054040";"Piegaro";99;0;0;0;0;;;;0;0;0;0;0;;;;0;0
"054040";"Piegaro";100;0;0;0;0;;;;0;0;1;0;0;;;;1;1
"054040";"Piegaro";999;698;862;39;52;;;;1651;594;870;46;258;;;;1768;3419
"054041";"Pietralunga";0;3;0;0;0;;;;3;7;0;0;0;;;;7;10
"054041";"Pietralunga";1;4;0;0;0;;;;4;3;0;0;0;;;;3;7
"054041";"Pietralunga";2;4;0;0;0;;;;4;7;0;0;0;;;;7;11
"054041";"Pietralunga";3;4;0;0;0;;;;4;7;0;0;0;;;;7;11
"054041";"Pietralunga";4;3;0;0;0;;;;3;7;0;0;0;;;;7;10
"054041";"Pietralunga";5;6;0;0;0;;;;6;9;0;0;0;;;;9;15
"054041";"Pietralunga";6;14;0;0;0;;;;14;3;0;0;0;;;;3;17
"054041";"Pietralunga";7;3;0;0;0;;;;3;8;0;0;0;;;;8;11
"054041";"Pietralunga";8;3;0;0;0;;;;3;3;0;0;0;;;;3;6
"054041";"Pietralunga";9;3;0;0;0;;;;3;7;0;0;0;;;;7;10
"054041";"Pietralunga";10;5;0;0;0;;;;5;12;0;0;0;;;;12;17
"054041";"Pietralunga";11;8;0;0;0;;;;8;7;0;0;0;;;;7;15
"054041";"Pietralunga";12;6;0;0;0;;;;6;7;0;0;0;;;;7;13
"054041";"Pietralunga";13;5;0;0;0;;;;5;10;0;0;0;;;;10;15
"054041";"Pietralunga";14;5;0;0;0;;;;5;16;0;0;0;;;;16;21
"054041";"Pietralunga";15;3;0;0;0;;;;3;9;0;0;0;;;;9;12
"054041";"Pietralunga";16;13;0;0;0;;;;13;7;0;0;0;;;;7;20
"054041";"Pietralunga";17;3;0;0;0;;;;3;12;0;0;0;;;;12;15
"054041";"Pietralunga";18;4;0;0;0;;;;4;6;0;0;0;;;;6;10
"054041";"Pietralunga";19;11;0;0;0;;;;11;6;0;0;0;;;;6;17
"054041";"Pietralunga";20;9;0;0;0;;;;9;15;0;0;0;;;;15;24
"054041";"Pietralunga";21;14;0;0;0;;;;14;7;1;0;0;;;;8;22
"054041";"Pietralunga";22;13;0;0;0;;;;13;10;1;0;0;;;;11;24
"054041";"Pietralunga";23;11;0;0;0;;;;11;3;0;0;0;;;;3;14
"054041";"Pietralunga";24;8;0;0;0;;;;8;8;0;0;0;;;;8;16
"054041";"Pietralunga";25;8;0;0;0;;;;8;10;0;0;0;;;;10;18
"054041";"Pietralunga";26;7;0;0;0;;;;7;7;0;0;0;;;;7;14
"054041";"Pietralunga";27;11;1;0;0;;;;12;13;0;0;0;;;;13;25
"054041";"Pietralunga";28;5;2;0;0;;;;7;2;2;0;0;;;;4;11
"054041";"Pietralunga";29;9;0;0;0;;;;9;4;3;0;0;;;;7;16
"054041";"Pietralunga";30;6;1;0;0;;;;7;11;4;0;0;;;;15;22
"054041";"Pietralunga";31;11;1;0;0;;;;12;6;2;0;0;;;;8;20
"054041";"Pietralunga";32;9;0;0;0;;;;9;5;4;1;0;;;;10;19
"054041";"Pietralunga";33;7;3;0;0;;;;10;7;1;0;0;;;;8;18
"054041";"Pietralunga";34;7;0;0;0;;;;7;7;3;0;0;;;;10;17
"054041";"Pietralunga";35;12;5;0;0;;;;17;2;4;0;0;;;;6;23
"054041";"Pietralunga";36;10;2;0;0;;;;12;6;8;0;0;;;;14;26
"054041";"Pietralunga";37;8;3;0;0;;;;11;8;6;0;0;;;;14;25
"054041";"Pietralunga";38;8;4;0;0;;;;12;6;4;1;1;;;;12;24
"054041";"Pietralunga";39;6;4;0;0;;;;10;1;2;1;0;;;;4;14
"054041";"Pietralunga";40;9;2;0;0;;;;11;3;5;1;1;;;;10;21
"054041";"Pietralunga";41;5;5;0;0;;;;10;3;8;0;0;;;;11;21
"054041";"Pietralunga";42;10;4;1;0;;;;15;6;4;1;0;;;;11;26
"054041";"Pietralunga";43;7;4;0;0;;;;11;4;6;0;0;;;;10;21
"054041";"Pietralunga";44;7;5;0;0;;;;12;4;5;1;0;;;;10;22
"054041";"Pietralunga";45;7;5;0;0;;;;12;2;5;1;0;;;;8;20
"054041";"Pietralunga";46;5;8;0;0;;;;13;3;9;0;0;;;;12;25
"054041";"Pietralunga";47;6;5;1;0;;;;12;4;9;0;0;;;;13;25
"054041";"Pietralunga";48;2;8;1;0;;;;11;1;11;2;0;;;;14;25
"054041";"Pietralunga";49;5;7;1;0;;;;13;1;8;0;1;;;;10;23
"054041";"Pietralunga";50;6;6;0;0;;;;12;4;11;2;0;;;;17;29
"054041";"Pietralunga";51;2;11;0;0;;;;13;1;13;2;0;;;;16;29
"054041";"Pietralunga";52;8;7;0;0;;;;15;1;6;0;0;;;;7;22
"054041";"Pietralunga";53;4;17;0;0;;;;21;1;13;0;2;;;;16;37
"054041";"Pietralunga";54;5;12;1;0;;;;18;0;17;1;4;;;;22;40
"054041";"Pietralunga";55;3;10;3;1;;;;17;0;11;0;1;;;;12;29
"054041";"Pietralunga";56;4;14;1;0;;;;19;2;13;2;0;;;;17;36
"054041";"Pietralunga";57;8;10;0;0;;;;18;2;16;3;0;;;;21;39
"054041";"Pietralunga";58;3;13;1;0;;;;17;2;19;0;1;;;;22;39
"054041";"Pietralunga";59;1;14;0;1;;;;16;2;8;1;2;;;;13;29
"054041";"Pietralunga";60;3;10;1;2;;;;16;2;11;1;0;;;;14;30
"054041";"Pietralunga";61;2;17;0;1;;;;20;1;11;0;0;;;;12;32
"054041";"Pietralunga";62;1;9;0;0;;;;10;5;13;2;1;;;;21;31
"054041";"Pietralunga";63;1;8;2;0;;;;11;1;11;0;4;;;;16;27
"054041";"Pietralunga";64;1;20;0;1;;;;22;3;9;0;1;;;;13;35
"054041";"Pietralunga";65;4;14;0;0;;;;18;1;15;0;0;;;;16;34
"054041";"Pietralunga";66;1;11;0;1;;;;13;0;8;1;2;;;;11;24
"054041";"Pietralunga";67;3;18;1;0;;;;22;2;11;2;0;;;;15;37
"054041";"Pietralunga";68;1;15;0;0;;;;16;1;13;0;3;;;;17;33
"054041";"Pietralunga";69;1;13;1;2;;;;17;0;13;0;3;;;;16;33
"054041";"Pietralunga";70;5;7;0;0;;;;12;0;6;1;2;;;;9;21
"054041";"Pietralunga";71;5;8;0;2;;;;15;1;9;0;3;;;;13;28
"054041";"Pietralunga";72;0;11;0;0;;;;11;1;9;0;5;;;;15;26
"054041";"Pietralunga";73;2;10;0;1;;;;13;1;5;0;3;;;;9;22
"054041";"Pietralunga";74;2;9;0;0;;;;11;1;10;0;4;;;;15;26
"054041";"Pietralunga";75;3;17;0;1;;;;21;0;6;0;1;;;;7;28
"054041";"Pietralunga";76;1;2;0;1;;;;4;0;6;0;5;;;;11;15
"054041";"Pietralunga";77;0;10;0;1;;;;11;0;4;0;2;;;;6;17
"054041";"Pietralunga";78;1;6;0;0;;;;7;1;4;0;6;;;;11;18
"054041";"Pietralunga";79;0;2;0;1;;;;3;0;5;0;4;;;;9;12
"054041";"Pietralunga";80;2;7;0;1;;;;10;0;6;0;10;;;;16;26
"054041";"Pietralunga";81;0;5;1;1;;;;7;1;3;0;11;;;;15;22
"054041";"Pietralunga";82;1;8;0;1;;;;10;1;6;0;9;;;;16;26
"054041";"Pietralunga";83;2;8;0;0;;;;10;1;2;0;10;;;;13;23
"054041";"Pietralunga";84;1;5;0;0;;;;6;0;2;0;15;;;;17;23
"054041";"Pietralunga";85;1;4;0;2;;;;7;0;1;0;10;;;;11;18
"054041";"Pietralunga";86;0;3;0;2;;;;5;0;2;0;10;;;;12;17
"054041";"Pietralunga";87;0;5;0;2;;;;7;0;1;0;9;;;;10;17
"054041";"Pietralunga";88;3;4;0;1;;;;8;0;2;0;7;;;;9;17
"054041";"Pietralunga";89;2;1;1;1;;;;5;0;1;0;10;;;;11;16
"054041";"Pietralunga";90;0;3;0;2;;;;5;0;0;0;6;;;;6;11
"054041";"Pietralunga";91;0;1;0;1;;;;2;0;0;0;5;;;;5;7
"054041";"Pietralunga";92;0;0;0;3;;;;3;0;1;0;4;;;;5;8
"054041";"Pietralunga";93;1;2;0;1;;;;4;0;0;0;2;;;;2;6
"054041";"Pietralunga";94;0;1;0;0;;;;1;0;0;0;3;;;;3;4
"054041";"Pietralunga";95;0;0;0;0;;;;0;0;0;0;4;;;;4;4
"054041";"Pietralunga";96;0;0;0;0;;;;0;0;0;0;2;;;;2;2
"054041";"Pietralunga";97;0;0;0;0;;;;0;1;0;0;1;;;;2;2
"054041";"Pietralunga";98;0;0;0;1;;;;1;0;0;0;2;;;;2;3
"054041";"Pietralunga";99;0;0;0;0;;;;0;0;0;0;0;;;;0;0
"054041";"Pietralunga";100;0;1;0;0;;;;1;0;0;0;0;;;;0;1
"054041";"Pietralunga";999;446;468;17;35;;;;966;362;448;27;192;;;;1029;1995
"054042";"Poggiodomo";0;0;0;0;0;;;;0;0;0;0;0;;;;0;0
"054042";"Poggiodomo";1;0;0;0;0;;;;0;0;0;0;0;;;;0;0
"054042";"Poggiodomo";2;0;0;0;0;;;;0;1;0;0;0;;;;1;1
"054042";"Poggiodomo";3;0;0;0;0;;;;0;0;0;0;0;;;;0;0
"054042";"Poggiodomo";4;0;0;0;0;;;;0;0;0;0;0;;;;0;0
"054042";"Poggiodomo";5;1;0;0;0;;;;1;0;0;0;0;;;;0;1
"054042";"Poggiodomo";6;0;0;0;0;;;;0;0;0;0;0;;;;0;0
"054042";"Poggiodomo";7;0;0;0;0;;;;0;0;0;0;0;;;;0;0
"054042";"Poggiodomo";8;0;0;0;0;;;;0;1;0;0;0;;;;1;1
"054042";"Poggiodomo";9;0;0;0;0;;;;0;0;0;0;0;;;;0;0
"054042";"Poggiodomo";10;0;0;0;0;;;;0;0;0;0;0;;;;0;0
"054042";"Poggiodomo";11;0;0;0;0;;;;0;0;0;0;0;;;;0;0
"054042";"Poggiodomo";12;0;0;0;0;;;;0;0;0;0;0;;;;0;0
"054042";"Poggiodomo";13;0;0;0;0;;;;0;0;0;0;0;;;;0;0
"054042";"Poggiodomo";14;0;0;0;0;;;;0;0;0;0;0;;;;0;0
"054042";"Poggiodomo";15;0;0;0;0;;;;0;0;0;0;0;;;;0;0
"054042";"Poggiodomo";16;0;0;0;0;;;;0;0;0;0;0;;;;0;0
"054042";"Poggiodomo";17;0;0;0;0;;;;0;0;0;0;0;;;;0;0
"054042";"Poggiodomo";18;1;0;0;0;;;;1;0;0;0;0;;;;0;1
"054042";"Poggiodomo";19;0;0;0;0;;;;0;0;0;0;0;;;;0;0
"054042";"Poggiodomo";20;0;0;0;0;;;;0;0;0;0;0;;;;0;0
"054042";"Poggiodomo";21;0;0;0;0;;;;0;0;0;0;0;;;;0;0
"054042";"Poggiodomo";22;0;0;0;0;;;;0;0;0;0;0;;;;0;0
"054042";"Poggiodomo";23;0;0;0;0;;;;0;0;0;0;0;;;;0;0
"054042";"Poggiodomo";24;0;0;0;0;;;;0;0;0;0;0;;;;0;0
"054042";"Poggiodomo";25;0;0;0;0;;;;0;0;0;0;0;;;;0;0
"054042";"Poggiodomo";26;0;0;0;0;;;;0;0;0;0;0;;;;0;0
"054042";"Poggiodomo";27;0;0;0;0;;;;0;0;0;0;0;;;;0;0
"054042";"Poggiodomo";28;0;0;0;0;;;;0;0;0;0;0;;;;0;0
"054042";"Poggiodomo";29;0;0;0;0;;;;0;0;0;0;0;;;;0;0
"054042";"Poggiodomo";30;0;0;0;0;;;;0;0;0;0;0;;;;0;0
"054042";"Poggiodomo";31;0;0;0;0;;;;0;0;0;0;0;;;;0;0
"054042";"Poggiodomo";32;0;0;0;0;;;;0;0;0;0;0;;;;0;0
"054042";"Poggiodomo";33;0;0;0;0;;;;0;0;0;0;0;;;;0;0
"054042";"Poggiodomo";34;0;1;0;0;;;;1;0;0;0;0;;;;0;1
"054042";"Poggiodomo";35;0;0;0;0;;;;0;1;0;0;0;;;;1;1
"054042";"Poggiodomo";36;0;0;0;0;;;;0;0;0;0;0;;;;0;0
"054042";"Poggiodomo";37;0;0;0;0;;;;0;0;1;0;0;;;;1;1
"054042";"Poggiodomo";38;0;0;0;0;;;;0;0;0;0;0;;;;0;0
"054042";"Poggiodomo";39;0;0;0;0;;;;0;0;1;0;0;;;;1;1
"054042";"Poggiodomo";40;1;0;0;0;;;;1;0;0;0;0;;;;0;1
"054042";"Poggiodomo";41;0;0;0;0;;;;0;0;0;0;0;;;;0;0
"054042";"Poggiodomo";42;0;0;1;0;;;;1;0;0;1;0;;;;1;2
"054042";"Poggiodomo";43;0;0;0;0;;;;0;0;0;0;0;;;;0;0
"054042";"Poggiodomo";44;2;0;0;0;;;;2;0;0;0;0;;;;0;2
"054042";"Poggiodomo";45;0;0;0;0;;;;0;1;0;0;0;;;;1;1
"054042";"Poggiodomo";46;1;0;0;0;;;;1;0;0;0;0;;;;0;1
"054042";"Poggiodomo";47;1;1;0;0;;;;2;0;0;0;0;;;;0;2
"054042";"Poggiodomo";48;0;0;0;0;;;;0;0;0;0;0;;;;0;0
"054042";"Poggiodomo";49;1;0;0;0;;;;1;0;1;0;0;;;;1;2
"054042";"Poggiodomo";50;0;1;0;0;;;;1;0;0;0;0;;;;0;1
"054042";"Poggiodomo";51;0;0;0;0;;;;0;0;0;0;0;;;;0;0
"054042";"Poggiodomo";52;0;0;0;0;;;;0;0;0;0;0;;;;0;0
"054042";"Poggiodomo";53;0;0;0;0;;;;0;0;0;0;0;;;;0;0
"054042";"Poggiodomo";54;1;0;0;0;;;;1;0;0;0;0;;;;0;1
"054042";"Poggiodomo";55;0;1;0;0;;;;1;0;1;0;0;;;;1;2
"054042";"Poggiodomo";56;1;1;0;0;;;;2;0;1;0;0;;;;1;3
"054042";"Poggiodomo";57;0;0;0;0;;;;0;0;2;0;0;;;;2;2
"054042";"Poggiodomo";58;0;0;0;0;;;;0;0;0;0;0;;;;0;0
"054042";"Poggiodomo";59;1;0;0;0;;;;1;0;3;0;0;;;;3;4
"054042";"Poggiodomo";60;1;1;0;0;;;;2;1;0;0;0;;;;1;3
"054042";"Poggiodomo";61;0;1;1;0;;;;2;0;3;0;0;;;;3;5
"054042";"Poggiodomo";62;0;1;0;0;;;;1;0;0;0;0;;;;0;1
"054042";"Poggiodomo";63;1;1;0;0;;;;2;0;0;0;0;;;;0;2
"054042";"Poggiodomo";64;0;0;0;0;;;;0;0;0;0;0;;;;0;0
"054042";"Poggiodomo";65;0;1;0;0;;;;1;0;0;0;0;;;;0;1
"054042";"Poggiodomo";66;0;1;0;0;;;;1;0;0;0;0;;;;0;1
"054042";"Poggiodomo";67;0;0;0;0;;;;0;1;0;0;0;;;;1;1
"054042";"Poggiodomo";68;0;1;0;0;;;;1;0;0;0;0;;;;0;1
"054042";"Poggiodomo";69;0;0;0;0;;;;0;0;1;0;0;;;;1;1
"054042";"Poggiodomo";70;0;1;0;0;;;;1;0;0;0;1;;;;1;2
"054042";"Poggiodomo";71;0;0;0;0;;;;0;0;1;0;0;;;;1;1
"054042";"Poggiodomo";72;0;5;0;0;;;;5;0;3;0;0;;;;3;8
"054042";"Poggiodomo";73;1;0;0;0;;;;1;0;3;0;0;;;;3;4
"054042";"Poggiodomo";74;0;1;0;0;;;;1;1;0;0;0;;;;1;2
"054042";"Poggiodomo";75;0;0;0;0;;;;0;0;0;0;0;;;;0;0
"054042";"Poggiodomo";76;0;1;0;0;;;;1;0;1;0;0;;;;1;2
"054042";"Poggiodomo";77;0;1;1;0;;;;2;0;0;0;0;;;;0;2
"054042";"Poggiodomo";78;0;0;0;1;;;;1;0;0;0;1;;;;1;2
"054042";"Poggiodomo";79;2;0;0;0;;;;2;0;2;0;0;;;;2;4
"054042";"Poggiodomo";80;0;0;0;0;;;;0;0;0;0;0;;;;0;0
"054042";"Poggiodomo";81;0;0;0;0;;;;0;0;0;0;1;;;;1;1
"054042";"Poggiodomo";82;0;1;0;0;;;;1;0;0;0;0;;;;0;1
"054042";"Poggiodomo";83;0;3;0;0;;;;3;0;0;0;0;;;;0;3
"054042";"Poggiodomo";84;0;0;0;0;;;;0;0;1;0;0;;;;1;1
"054042";"Poggiodomo";85;0;0;0;1;;;;1;0;0;0;1;;;;1;2
"054042";"Poggiodomo";86;0;0;0;0;;;;0;0;0;0;0;;;;0;0
"054042";"Poggiodomo";87;0;2;0;0;;;;2;0;0;0;0;;;;0;2
"054042";"Poggiodomo";88;0;0;0;0;;;;0;0;0;0;0;;;;0;0
"054042";"Poggiodomo";89;0;0;0;0;;;;0;0;0;0;0;;;;0;0
"054042";"Poggiodomo";90;0;2;0;0;;;;2;0;0;0;0;;;;0;2
"054042";"Poggiodomo";91;0;0;0;0;;;;0;0;0;0;3;;;;3;3
"054042";"Poggiodomo";92;0;1;0;0;;;;1;0;0;0;0;;;;0;1
"054042";"Poggiodomo";93;0;0;0;0;;;;0;0;0;0;0;;;;0;0
"054042";"Poggiodomo";94;0;0;0;1;;;;1;0;0;0;1;;;;1;2
"054042";"Poggiodomo";95;0;0;0;0;;;;0;0;0;0;0;;;;0;0
"054042";"Poggiodomo";96;0;0;0;0;;;;0;0;0;0;0;;;;0;0
"054042";"Poggiodomo";97;0;0;0;0;;;;0;0;0;0;0;;;;0;0
"054042";"Poggiodomo";98;0;0;0;0;;;;0;0;0;0;1;;;;1;1
"054042";"Poggiodomo";99;0;0;0;0;;;;0;0;0;0;0;;;;0;0
"054042";"Poggiodomo";100;0;0;0;0;;;;0;0;0;0;0;;;;0;0
"054042";"Poggiodomo";999;16;30;3;3;;;;52;7;25;1;9;;;;42;94
"054043";"Preci";0;1;0;0;0;;;;1;0;0;0;0;;;;0;1
"054043";"Preci";1;4;0;0;0;;;;4;8;0;0;0;;;;8;12
"054043";"Preci";2;0;0;0;0;;;;0;3;0;0;0;;;;3;3
"054043";"Preci";3;2;0;0;0;;;;2;2;0;0;0;;;;2;4
"054043";"Preci";4;3;0;0;0;;;;3;3;0;0;0;;;;3;6
"054043";"Preci";5;3;0;0;0;;;;3;3;0;0;0;;;;3;6
"054043";"Preci";6;0;0;0;0;;;;0;0;0;0;0;;;;0;0
"054043";"Preci";7;3;0;0;0;;;;3;0;0;0;0;;;;0;3
"054043";"Preci";8;3;0;0;0;;;;3;3;0;0;0;;;;3;6
"054043";"Preci";9;4;0;0;0;;;;4;2;0;0;0;;;;2;6
"054043";"Preci";10;3;0;0;0;;;;3;1;0;0;0;;;;1;4
"054043";"Preci";11;3;0;0;0;;;;3;2;0;0;0;;;;2;5
"054043";"Preci";12;1;0;0;0;;;;1;2;0;0;0;;;;2;3
"054043";"Preci";13;2;0;0;0;;;;2;2;0;0;0;;;;2;4
"054043";"Preci";14;1;0;0;0;;;;1;2;0;0;0;;;;2;3
"054043";"Preci";15;3;0;0;0;;;;3;1;0;0;0;;;;1;4
"054043";"Preci";16;3;0;0;0;;;;3;1;0;0;0;;;;1;4
"054043";"Preci";17;1;0;0;0;;;;1;0;0;0;0;;;;0;1
"054043";"Preci";18;2;0;0;0;;;;2;1;0;0;0;;;;1;3
"054043";"Preci";19;1;0;0;0;;;;1;1;0;0;0;;;;1;2
"054043";"Preci";20;3;0;0;0;;;;3;4;0;0;0;;;;4;7
"054043";"Preci";21;3;0;0;0;;;;3;2;0;0;0;;;;2;5
"054043";"Preci";22;3;0;0;0;;;;3;0;0;0;0;;;;0;3
"054043";"Preci";23;3;0;0;0;;;;3;1;1;0;0;;;;2;5
"054043";"Preci";24;3;0;0;0;;;;3;6;2;0;0;;;;8;11
"054043";"Preci";25;4;1;0;0;;;;5;2;1;0;0;;;;3;8
"054043";"Preci";26;0;0;0;0;;;;0;5;1;0;0;;;;6;6
"054043";"Preci";27;0;0;0;0;;;;0;3;1;0;0;;;;4;4
"054043";"Preci";28;1;2;0;0;;;;3;2;2;0;0;;;;4;7
"054043";"Preci";29;7;1;0;0;;;;8;1;2;0;0;;;;3;11
"054043";"Preci";30;3;4;0;0;;;;7;0;2;0;0;;;;2;9
"054043";"Preci";31;2;0;0;0;;;;2;3;2;0;0;;;;5;7
"054043";"Preci";32;3;1;0;0;;;;4;1;1;0;0;;;;2;6
"054043";"Preci";33;4;2;1;0;;;;7;3;1;0;0;;;;4;11
"054043";"Preci";34;3;1;0;0;;;;4;2;0;0;0;;;;2;6
"054043";"Preci";35;3;0;0;0;;;;3;4;0;0;0;;;;4;7
"054043";"Preci";36;0;1;0;0;;;;1;5;2;0;0;;;;7;8
"054043";"Preci";37;2;3;0;0;;;;5;2;2;0;0;;;;4;9
"054043";"Preci";38;4;2;0;0;;;;6;1;2;0;0;;;;3;9
"054043";"Preci";39;4;1;0;0;;;;5;1;3;0;0;;;;4;9
"054043";"Preci";40;3;3;0;0;;;;6;1;4;0;0;;;;5;11
"054043";"Preci";41;2;0;0;0;;;;2;0;1;0;0;;;;1;3
"054043";"Preci";42;0;1;0;0;;;;1;2;0;0;0;;;;2;3
"054043";"Preci";43;3;4;0;0;;;;7;0;0;0;0;;;;0;7
"054043";"Preci";44;1;2;1;0;;;;4;1;2;0;0;;;;3;7
"054043";"Preci";45;2;1;0;0;;;;3;0;4;0;0;;;;4;7
"054043";"Preci";46;2;5;0;0;;;;7;1;2;1;0;;;;4;11
"054043";"Preci";47;1;5;0;0;;;;6;1;2;0;0;;;;3;9
"054043";"Preci";48;2;1;0;0;;;;3;3;3;0;0;;;;6;9
"054043";"Preci";49;6;1;0;0;;;;7;2;1;0;0;;;;3;10
"054043";"Preci";50;3;1;2;0;;;;6;3;7;0;0;;;;10;16
"054043";"Preci";51;4;3;0;0;;;;7;2;3;0;0;;;;5;12
"054043";"Preci";52;1;5;0;0;;;;6;0;3;0;1;;;;4;10
"054043";"Preci";53;2;4;1;0;;;;7;1;4;0;0;;;;5;12
"054043";"Preci";54;0;2;0;0;;;;2;1;3;0;0;;;;4;6
"054043";"Preci";55;2;4;0;0;;;;6;0;5;2;0;;;;7;13
"054043";"Preci";56;4;6;1;0;;;;11;1;10;0;0;;;;11;22
"054043";"Preci";57;1;2;0;0;;;;3;1;5;0;1;;;;7;10
"054043";"Preci";58;1;4;1;0;;;;6;0;3;0;1;;;;4;10
"054043";"Preci";59;2;7;1;0;;;;10;0;5;1;0;;;;6;16
"054043";"Preci";60;0;5;0;0;;;;5;0;5;0;0;;;;5;10
"054043";"Preci";61;1;5;0;0;;;;6;0;5;0;1;;;;6;12
"054043";"Preci";62;0;8;0;0;;;;8;1;3;2;1;;;;7;15
"054043";"Preci";63;3;3;0;0;;;;6;0;5;0;0;;;;5;11
"054043";"Preci";64;1;2;0;1;;;;4;0;4;0;0;;;;4;8
"054043";"Preci";65;0;7;0;0;;;;7;0;4;0;0;;;;4;11
"054043";"Preci";66;0;4;1;0;;;;5;1;3;0;1;;;;5;10
"054043";"Preci";67;0;5;1;0;;;;6;1;1;0;3;;;;5;11
"054043";"Preci";68;0;3;0;0;;;;3;0;2;1;0;;;;3;6
"054043";"Preci";69;0;5;1;0;;;;6;0;2;0;0;;;;2;8
"054043";"Preci";70;0;5;1;1;;;;7;1;4;1;2;;;;8;15
"054043";"Preci";71;1;3;1;0;;;;5;0;1;0;2;;;;3;8
"054043";"Preci";72;1;4;0;0;;;;5;0;2;0;3;;;;5;10
"054043";"Preci";73;2;3;0;0;;;;5;1;3;0;1;;;;5;10
"054043";"Preci";74;0;3;0;1;;;;4;0;3;0;1;;;;4;8
"054043";"Preci";75;0;2;0;2;;;;4;0;1;0;1;;;;2;6
"054043";"Preci";76;0;6;1;0;;;;7;0;1;0;3;;;;4;11
"054043";"Preci";77;0;1;0;1;;;;2;0;3;0;2;;;;5;7
"054043";"Preci";78;0;0;0;0;;;;0;0;2;0;1;;;;3;3
"054043";"Preci";79;0;1;0;0;;;;1;0;3;1;4;;;;8;9
"054043";"Preci";80;0;4;0;0;;;;4;0;1;0;0;;;;1;5
"054043";"Preci";81;0;0;0;0;;;;0;0;3;0;2;;;;5;5
"054043";"Preci";82;0;3;0;1;;;;4;0;1;0;1;;;;2;6
"054043";"Preci";83;0;1;0;0;;;;1;0;1;0;4;;;;5;6
"054043";"Preci";84;0;2;0;0;;;;2;0;2;1;4;;;;7;9
"054043";"Preci";85;0;1;0;0;;;;1;0;0;0;1;;;;1;2
"054043";"Preci";86;0;3;0;2;;;;5;0;2;0;1;;;;3;8
"054043";"Preci";87;0;0;0;1;;;;1;1;0;0;3;;;;4;5
"054043";"Preci";88;0;3;0;0;;;;3;0;2;0;3;;;;5;8
"054043";"Preci";89;0;2;0;0;;;;2;0;0;0;3;;;;3;5
"054043";"Preci";90;0;0;0;0;;;;0;0;0;0;0;;;;0;0
"054043";"Preci";91;0;2;0;1;;;;3;1;0;0;4;;;;5;8
"054043";"Preci";92;0;1;0;0;;;;1;1;0;0;4;;;;5;6
"054043";"Preci";93;0;1;0;0;;;;1;1;0;0;0;;;;1;2
"054043";"Preci";94;0;0;0;0;;;;0;0;0;0;0;;;;0;0
"054043";"Preci";95;0;0;0;0;;;;0;0;0;0;1;;;;1;1
"054043";"Preci";96;0;0;0;0;;;;0;0;0;0;0;;;;0;0
"054043";"Preci";97;0;0;0;0;;;;0;0;0;0;1;;;;1;1
"054043";"Preci";98;0;0;0;0;;;;0;0;0;0;2;;;;2;2
"054043";"Preci";99;0;0;0;0;;;;0;0;0;0;0;;;;0;0
"054043";"Preci";100;0;0;0;0;;;;0;0;0;0;0;;;;0;0
"054043";"Preci";999;149;178;14;11;;;;352;114;161;10;63;;;;348;700
"054044";"San Giustino";0;26;0;0;0;;;;26;31;0;0;0;;;;31;57
"054044";"San Giustino";1;23;0;0;0;;;;23;24;0;0;0;;;;24;47
"054044";"San Giustino";2;37;0;0;0;;;;37;35;0;0;0;;;;35;72
"054044";"San Giustino";3;50;0;0;0;;;;50;38;0;0;0;;;;38;88
"054044";"San Giustino";4;52;0;0;0;;;;52;43;0;0;0;;;;43;95
"054044";"San Giustino";5;45;0;0;0;;;;45;39;0;0;0;;;;39;84
"054044";"San Giustino";6;59;0;0;0;;;;59;51;0;0;0;;;;51;110
"054044";"San Giustino";7;54;0;0;0;;;;54;32;0;0;0;;;;32;86
"054044";"San Giustino";8;51;0;0;0;;;;51;45;0;0;0;;;;45;96
"054044";"San Giustino";9;56;0;0;0;;;;56;60;0;0;0;;;;60;116
"054044";"San Giustino";10;53;0;0;0;;;;53;36;0;0;0;;;;36;89
"054044";"San Giustino";11;41;0;0;0;;;;41;50;0;0;0;;;;50;91
"054044";"San Giustino";12;64;0;0;0;;;;64;57;0;0;0;;;;57;121
"054044";"San Giustino";13;56;0;0;0;;;;56;52;0;0;0;;;;52;108
"054044";"San Giustino";14;62;0;0;0;;;;62;47;0;0;0;;;;47;109
"054044";"San Giustino";15;60;0;0;0;;;;60;49;0;0;0;;;;49;109
"054044";"San Giustino";16;53;0;0;0;;;;53;45;0;0;0;;;;45;98
"054044";"San Giustino";17;41;0;0;0;;;;41;44;0;0;0;;;;44;85
"054044";"San Giustino";18;45;0;0;0;;;;45;49;0;0;0;;;;49;94
"054044";"San Giustino";19;51;0;0;0;;;;51;49;0;0;0;;;;49;100
"054044";"San Giustino";20;53;0;0;0;;;;53;45;0;0;0;;;;45;98
"054044";"San Giustino";21;45;0;0;0;;;;45;48;1;0;0;;;;49;94
"054044";"San Giustino";22;51;0;0;0;;;;51;52;2;0;0;;;;54;105
"054044";"San Giustino";23;41;0;0;0;;;;41;55;1;0;0;;;;56;97
"054044";"San Giustino";24;52;0;0;0;;;;52;35;2;0;0;;;;37;89
"054044";"San Giustino";25;52;2;1;0;;;;55;50;3;0;0;;;;53;108
"054044";"San Giustino";26;43;1;0;0;;;;44;44;5;0;0;;;;49;93
"054044";"San Giustino";27;49;4;0;0;;;;53;40;8;0;0;;;;48;101
"054044";"San Giustino";28;56;3;0;0;;;;59;32;12;0;0;;;;44;103
"054044";"San Giustino";29;41;2;0;0;;;;43;33;5;0;0;;;;38;81
"054044";"San Giustino";30;42;4;0;0;;;;46;31;14;0;0;;;;45;91
"054044";"San Giustino";31;46;7;0;0;;;;53;37;12;1;0;;;;50;103
"054044";"San Giustino";32;37;12;0;0;;;;49;40;19;0;0;;;;59;108
"054044";"San Giustino";33;52;21;1;0;;;;74;35;26;2;0;;;;63;137
"054044";"San Giustino";34;35;17;1;0;;;;53;34;21;2;0;;;;57;110
"054044";"San Giustino";35;40;15;1;0;;;;56;40;23;5;0;;;;68;124
"054044";"San Giustino";36;47;18;1;0;;;;66;25;30;2;1;;;;58;124
"054044";"San Giustino";37;35;29;0;0;;;;64;22;48;0;1;;;;71;135
"054044";"San Giustino";38;34;23;3;0;;;;60;25;23;2;1;;;;51;111
"054044";"San Giustino";39;37;36;0;0;;;;73;29;41;4;1;;;;75;148
"054044";"San Giustino";40;37;32;0;0;;;;69;29;49;2;0;;;;80;149
"054044";"San Giustino";41;33;31;1;0;;;;65;16;53;7;0;;;;76;141
"054044";"San Giustino";42;35;38;3;0;;;;76;30;48;2;1;;;;81;157
"054044";"San Giustino";43;34;48;5;0;;;;87;29;58;2;0;;;;89;176
"054044";"San Giustino";44;53;48;4;0;;;;105;31;60;7;0;;;;98;203
"054044";"San Giustino";45;27;60;3;0;;;;90;22;44;6;1;;;;73;163
"054044";"San Giustino";46;29;63;4;0;;;;96;16;57;8;0;;;;81;177
"054044";"San Giustino";47;25;55;2;1;;;;83;19;62;6;1;;;;88;171
"054044";"San Giustino";48;22;57;4;1;;;;84;23;75;7;2;;;;107;191
"054044";"San Giustino";49;23;54;5;0;;;;82;12;57;3;1;;;;73;155
"054044";"San Giustino";50;22;41;6;0;;;;69;13;57;6;2;;;;78;147
"054044";"San Giustino";51;14;64;7;0;;;;85;13;75;11;5;;;;104;189
"054044";"San Giustino";52;21;81;8;1;;;;111;10;61;10;5;;;;86;197
"054044";"San Giustino";53;17;47;4;1;;;;69;9;69;10;3;;;;91;160
"054044";"San Giustino";54;14;68;5;0;;;;87;7;65;10;2;;;;84;171
"054044";"San Giustino";55;17;63;10;0;;;;90;12;66;6;3;;;;87;177
"054044";"San Giustino";56;10;52;9;0;;;;71;11;61;9;5;;;;86;157
"054044";"San Giustino";57;17;66;8;1;;;;92;13;67;8;4;;;;92;184
"054044";"San Giustino";58;8;54;9;1;;;;72;5;70;10;4;;;;89;161
"054044";"San Giustino";59;13;69;6;1;;;;89;5;52;8;7;;;;72;161
"054044";"San Giustino";60;8;54;6;1;;;;69;4;68;4;6;;;;82;151
"054044";"San Giustino";61;8;56;3;0;;;;67;7;49;6;5;;;;67;134
"054044";"San Giustino";62;9;63;8;1;;;;81;3;46;6;5;;;;60;141
"054044";"San Giustino";63;10;36;4;1;;;;51;5;74;5;11;;;;95;146
"054044";"San Giustino";64;7;55;3;1;;;;66;3;50;6;6;;;;65;131
"054044";"San Giustino";65;7;50;2;3;;;;62;6;52;2;13;;;;73;135
"054044";"San Giustino";66;8;61;0;3;;;;72;8;52;4;11;;;;75;147
"054044";"San Giustino";67;4;59;3;3;;;;69;3;57;1;12;;;;73;142
"054044";"San Giustino";68;6;47;3;3;;;;59;2;49;3;7;;;;61;120
"054044";"San Giustino";69;6;59;5;2;;;;72;5;52;2;16;;;;75;147
"054044";"San Giustino";70;6;59;2;7;;;;74;1;57;2;11;;;;71;145
"054044";"San Giustino";71;3;64;4;4;;;;75;3;62;3;19;;;;87;162
"054044";"San Giustino";72;7;62;1;7;;;;77;4;54;3;15;;;;76;153
"054044";"San Giustino";73;6;47;2;4;;;;59;2;46;4;15;;;;67;126
"054044";"San Giustino";74;3;55;1;1;;;;60;1;50;1;26;;;;78;138
"054044";"San Giustino";75;2;37;0;5;;;;44;3;36;0;11;;;;50;94
"054044";"San Giustino";76;6;46;0;3;;;;55;0;26;0;19;;;;45;100
"054044";"San Giustino";77;7;34;0;4;;;;45;0;30;3;26;;;;59;104
"054044";"San Giustino";78;6;28;1;1;;;;36;2;25;1;19;;;;47;83
"054044";"San Giustino";79;3;36;0;9;;;;48;1;31;3;31;;;;66;114
"054044";"San Giustino";80;5;42;0;5;;;;52;3;31;2;25;;;;61;113
"054044";"San Giustino";81;1;38;0;6;;;;45;0;38;0;37;;;;75;120
"054044";"San Giustino";82;1;38;0;5;;;;44;0;10;0;27;;;;37;81
"054044";"San Giustino";83;3;23;1;6;;;;33;2;27;0;31;;;;60;93
"054044";"San Giustino";84;3;27;0;4;;;;34;0;11;1;30;;;;42;76
"054044";"San Giustino";85;1;31;1;10;;;;43;0;14;0;31;;;;45;88
"054044";"San Giustino";86;1;19;0;2;;;;22;1;11;0;34;;;;46;68
"054044";"San Giustino";87;2;12;0;7;;;;21;1;5;0;27;;;;33;54
"054044";"San Giustino";88;3;12;0;4;;;;19;2;5;0;18;;;;25;44
"054044";"San Giustino";89;2;8;0;5;;;;15;1;3;0;29;;;;33;48
"054044";"San Giustino";90;1;5;0;4;;;;10;2;2;0;22;;;;26;36
"054044";"San Giustino";91;0;7;0;6;;;;13;1;1;0;19;;;;21;34
"054044";"San Giustino";92;0;3;0;4;;;;7;2;0;0;16;;;;18;25
"054044";"San Giustino";93;0;2;0;2;;;;4;0;2;0;16;;;;18;22
"054044";"San Giustino";94;0;0;0;3;;;;3;0;0;0;16;;;;16;19
"054044";"San Giustino";95;0;1;0;1;;;;2;0;0;0;9;;;;9;11
"054044";"San Giustino";96;0;0;0;2;;;;2;0;0;0;8;;;;8;10
"054044";"San Giustino";97;0;3;0;0;;;;3;0;0;0;2;;;;2;5
"054044";"San Giustino";98;0;0;0;1;;;;1;0;0;0;3;;;;3;4
"054044";"San Giustino";99;0;0;0;0;;;;0;2;0;0;3;;;;5;5
"054044";"San Giustino";100;0;0;0;0;;;;0;0;0;0;4;;;;4;4
"054044";"San Giustino";999;2483;2564;161;147;;;;5355;2033;2628;218;741;;;;5620;10975
"054045";"Sant'Anatolia di Narco";0;1;0;0;0;;;;1;2;0;0;0;;;;2;3
"054045";"Sant'Anatolia di Narco";1;1;0;0;0;;;;1;2;0;0;0;;;;2;3
"054045";"Sant'Anatolia di Narco";2;2;0;0;0;;;;2;1;0;0;0;;;;1;3
"054045";"Sant'Anatolia di Narco";3;0;0;0;0;;;;0;1;0;0;0;;;;1;1
"054045";"Sant'Anatolia di Narco";4;3;0;0;0;;;;3;2;0;0;0;;;;2;5
"054045";"Sant'Anatolia di Narco";5;2;0;0;0;;;;2;0;0;0;0;;;;0;2
"054045";"Sant'Anatolia di Narco";6;3;0;0;0;;;;3;0;0;0;0;;;;0;3
"054045";"Sant'Anatolia di Narco";7;0;0;0;0;;;;0;1;0;0;0;;;;1;1
"054045";"Sant'Anatolia di Narco";8;0;0;0;0;;;;0;3;0;0;0;;;;3;3
"054045";"Sant'Anatolia di Narco";9;2;0;0;0;;;;2;1;0;0;0;;;;1;3
"054045";"Sant'Anatolia di Narco";10;1;0;0;0;;;;1;1;0;0;0;;;;1;2
"054045";"Sant'Anatolia di Narco";11;4;0;0;0;;;;4;0;0;0;0;;;;0;4
"054045";"Sant'Anatolia di Narco";12;3;0;0;0;;;;3;2;0;0;0;;;;2;5
"054045";"Sant'Anatolia di Narco";13;6;0;0;0;;;;6;2;0;0;0;;;;2;8
"054045";"Sant'Anatolia di Narco";14;1;0;0;0;;;;1;3;0;0;0;;;;3;4
"054045";"Sant'Anatolia di Narco";15;3;0;0;0;;;;3;3;0;0;0;;;;3;6
"054045";"Sant'Anatolia di Narco";16;3;0;0;0;;;;3;1;0;0;0;;;;1;4
"054045";"Sant'Anatolia di Narco";17;2;0;0;0;;;;2;2;0;0;0;;;;2;4
"054045";"Sant'Anatolia di Narco";18;3;0;0;0;;;;3;0;0;0;0;;;;0;3
"054045";"Sant'Anatolia di Narco";19;5;0;0;0;;;;5;0;0;0;0;;;;0;5
"054045";"Sant'Anatolia di Narco";20;6;0;0;0;;;;6;3;0;0;0;;;;3;9
"054045";"Sant'Anatolia di Narco";21;2;0;0;0;;;;2;0;0;0;0;;;;0;2
"054045";"Sant'Anatolia di Narco";22;3;0;0;0;;;;3;0;0;0;0;;;;0;3
"054045";"Sant'Anatolia di Narco";23;1;0;0;0;;;;1;2;0;0;0;;;;2;3
"054045";"Sant'Anatolia di Narco";24;2;0;0;0;;;;2;3;0;0;0;;;;3;5
"054045";"Sant'Anatolia di Narco";25;2;0;0;0;;;;2;1;0;0;0;;;;1;3
"054045";"Sant'Anatolia di Narco";26;1;0;0;0;;;;1;0;0;0;0;;;;0;1
"054045";"Sant'Anatolia di Narco";27;3;0;0;0;;;;3;3;0;0;0;;;;3;6
"054045";"Sant'Anatolia di Narco";28;6;0;0;0;;;;6;1;1;0;0;;;;2;8
"054045";"Sant'Anatolia di Narco";29;0;0;0;0;;;;0;3;2;0;0;;;;5;5
"054045";"Sant'Anatolia di Narco";30;3;0;0;0;;;;3;3;1;0;0;;;;4;7
"054045";"Sant'Anatolia di Narco";31;0;0;0;0;;;;0;2;1;0;0;;;;3;3
"054045";"Sant'Anatolia di Narco";32;3;0;0;0;;;;3;4;1;0;0;;;;5;8
"054045";"Sant'Anatolia di Narco";33;5;0;0;0;;;;5;3;1;0;0;;;;4;9
"054045";"Sant'Anatolia di Narco";34;2;1;0;0;;;;3;1;2;0;0;;;;3;6
"054045";"Sant'Anatolia di Narco";35;1;0;0;0;;;;1;4;1;0;0;;;;5;6
"054045";"Sant'Anatolia di Narco";36;1;1;0;0;;;;2;2;0;0;0;;;;2;4
"054045";"Sant'Anatolia di Narco";37;1;1;0;0;;;;2;1;2;0;0;;;;3;5
"054045";"Sant'Anatolia di Narco";38;2;1;0;0;;;;3;1;1;0;0;;;;2;5
"054045";"Sant'Anatolia di Narco";39;0;2;0;0;;;;2;1;2;0;0;;;;3;5
"054045";"Sant'Anatolia di Narco";40;2;1;0;0;;;;3;0;1;0;0;;;;1;4
"054045";"Sant'Anatolia di Narco";41;4;0;0;0;;;;4;2;2;0;0;;;;4;8
"054045";"Sant'Anatolia di Narco";42;1;0;0;0;;;;1;0;1;0;0;;;;1;2
"054045";"Sant'Anatolia di Narco";43;3;2;0;0;;;;5;2;0;1;0;;;;3;8
"054045";"Sant'Anatolia di Narco";44;1;2;0;0;;;;3;0;3;0;0;;;;3;6
"054045";"Sant'Anatolia di Narco";45;2;0;1;0;;;;3;2;2;0;0;;;;4;7
"054045";"Sant'Anatolia di Narco";46;0;2;0;0;;;;2;0;1;0;0;;;;1;3
"054045";"Sant'Anatolia di Narco";47;2;3;0;0;;;;5;0;2;0;0;;;;2;7
"054045";"Sant'Anatolia di Narco";48;1;6;0;0;;;;7;1;3;0;0;;;;4;11
"054045";"Sant'Anatolia di Narco";49;1;2;0;0;;;;3;0;3;0;0;;;;3;6
"054045";"Sant'Anatolia di Narco";50;2;3;0;0;;;;5;0;5;0;0;;;;5;10
"054045";"Sant'Anatolia di Narco";51;2;2;0;0;;;;4;0;4;0;0;;;;4;8
"054045";"Sant'Anatolia di Narco";52;0;3;0;0;;;;3;0;5;0;0;;;;5;8
"054045";"Sant'Anatolia di Narco";53;1;4;0;0;;;;5;0;2;0;0;;;;2;7
"054045";"Sant'Anatolia di Narco";54;1;3;0;0;;;;4;1;3;0;0;;;;4;8
"054045";"Sant'Anatolia di Narco";55;1;4;0;0;;;;5;0;5;2;1;;;;8;13
"054045";"Sant'Anatolia di Narco";56;0;3;0;0;;;;3;1;1;0;1;;;;3;6
"054045";"Sant'Anatolia di Narco";57;1;1;0;0;;;;2;0;3;0;0;;;;3;5
"054045";"Sant'Anatolia di Narco";58;1;2;2;0;;;;5;0;2;1;0;;;;3;8
"054045";"Sant'Anatolia di Narco";59;1;6;0;0;;;;7;2;3;0;1;;;;6;13
"054045";"Sant'Anatolia di Narco";60;2;2;0;0;;;;4;0;5;0;0;;;;5;9
"054045";"Sant'Anatolia di Narco";61;1;3;0;0;;;;4;0;3;0;1;;;;4;8
"054045";"Sant'Anatolia di Narco";62;2;7;0;0;;;;9;0;5;0;1;;;;6;15
"054045";"Sant'Anatolia di Narco";63;1;7;1;0;;;;9;0;2;1;1;;;;4;13
"054045";"Sant'Anatolia di Narco";64;1;1;0;0;;;;2;0;4;0;0;;;;4;6
"054045";"Sant'Anatolia di Narco";65;0;2;1;0;;;;3;1;3;0;1;;;;5;8
"054045";"Sant'Anatolia di Narco";66;1;4;0;0;;;;5;0;3;0;0;;;;3;8
"054045";"Sant'Anatolia di Narco";67;1;5;0;0;;;;6;0;1;0;0;;;;1;7
"054045";"Sant'Anatolia di Narco";68;0;1;1;0;;;;2;0;1;1;3;;;;5;7
"054045";"Sant'Anatolia di Narco";69;0;3;1;0;;;;4;0;4;0;0;;;;4;8
"054045";"Sant'Anatolia di Narco";70;2;5;0;0;;;;7;0;1;1;2;;;;4;11
"054045";"Sant'Anatolia di Narco";71;1;1;0;0;;;;2;0;3;0;2;;;;5;7
"054045";"Sant'Anatolia di Narco";72;0;4;0;0;;;;4;0;2;0;2;;;;4;8
"054045";"Sant'Anatolia di Narco";73;0;2;0;0;;;;2;0;2;0;1;;;;3;5
"054045";"Sant'Anatolia di Narco";74;0;1;0;0;;;;1;0;1;0;0;;;;1;2
"054045";"Sant'Anatolia di Narco";75;1;2;0;0;;;;3;0;1;0;1;;;;2;5
"054045";"Sant'Anatolia di Narco";76;0;1;1;0;;;;2;0;0;0;1;;;;1;3
"054045";"Sant'Anatolia di Narco";77;1;3;0;3;;;;7;0;0;0;0;;;;0;7
"054045";"Sant'Anatolia di Narco";78;1;1;0;0;;;;2;0;2;0;0;;;;2;4
"054045";"Sant'Anatolia di Narco";79;0;3;0;0;;;;3;0;2;0;0;;;;2;5
"054045";"Sant'Anatolia di Narco";80;0;0;0;0;;;;0;1;1;0;0;;;;2;2
"054045";"Sant'Anatolia di Narco";81;0;1;0;0;;;;1;0;3;0;0;;;;3;4
"054045";"Sant'Anatolia di Narco";82;0;2;0;0;;;;2;0;0;0;2;;;;2;4
"054045";"Sant'Anatolia di Narco";83;2;2;1;2;;;;7;0;1;0;1;;;;2;9
"054045";"Sant'Anatolia di Narco";84;2;0;0;0;;;;2;0;1;0;0;;;;1;3
"054045";"Sant'Anatolia di Narco";85;0;1;0;0;;;;1;0;2;0;1;;;;3;4
"054045";"Sant'Anatolia di Narco";86;0;0;0;0;;;;0;0;0;0;2;;;;2;2
"054045";"Sant'Anatolia di Narco";87;1;2;0;1;;;;4;0;1;0;3;;;;4;8
"054045";"Sant'Anatolia di Narco";88;0;1;0;0;;;;1;0;0;0;0;;;;0;1
"054045";"Sant'Anatolia di Narco";89;0;0;0;1;;;;1;0;0;0;0;;;;0;1
"054045";"Sant'Anatolia di Narco";90;0;2;0;0;;;;2;0;1;0;3;;;;4;6
"054045";"Sant'Anatolia di Narco";91;0;0;0;0;;;;0;0;0;0;2;;;;2;2
"054045";"Sant'Anatolia di Narco";92;1;1;0;0;;;;2;0;0;0;2;;;;2;4
"054045";"Sant'Anatolia di Narco";93;0;1;0;0;;;;1;0;0;0;2;;;;2;3
"054045";"Sant'Anatolia di Narco";94;0;0;0;0;;;;0;1;0;0;0;;;;1;1
"054045";"Sant'Anatolia di Narco";95;1;0;0;0;;;;1;0;0;0;0;;;;0;1
"054045";"Sant'Anatolia di Narco";96;0;0;0;1;;;;1;0;0;0;0;;;;0;1
"054045";"Sant'Anatolia di Narco";97;0;0;0;0;;;;0;0;0;0;1;;;;1;1
"054045";"Sant'Anatolia di Narco";98;0;0;0;0;;;;0;0;0;0;0;;;;0;0
"054045";"Sant'Anatolia di Narco";99;0;0;0;0;;;;0;0;0;0;0;;;;0;0
"054045";"Sant'Anatolia di Narco";100;0;0;0;0;;;;0;0;0;0;0;;;;0;0
"054045";"Sant'Anatolia di Narco";999;138;126;9;8;;;;281;79;121;7;38;;;;245;526
"054046";"Scheggia e Pascelupo";0;4;0;0;0;;;;4;3;0;0;0;;;;3;7
"054046";"Scheggia e Pascelupo";1;6;0;0;0;;;;6;7;0;0;0;;;;7;13
"054046";"Scheggia e Pascelupo";2;1;0;0;0;;;;1;4;0;0;0;;;;4;5
"054046";"Scheggia e Pascelupo";3;6;0;0;0;;;;6;3;0;0;0;;;;3;9
"054046";"Scheggia e Pascelupo";4;5;0;0;0;;;;5;7;0;0;0;;;;7;12
"054046";"Scheggia e Pascelupo";5;2;0;0;0;;;;2;5;0;0;0;;;;5;7
"054046";"Scheggia e Pascelupo";6;4;0;0;0;;;;4;6;0;0;0;;;;6;10
"054046";"Scheggia e Pascelupo";7;3;0;0;0;;;;3;3;0;0;0;;;;3;6
"054046";"Scheggia e Pascelupo";8;8;0;0;0;;;;8;5;0;0;0;;;;5;13
"054046";"Scheggia e Pascelupo";9;5;0;0;0;;;;5;3;0;0;0;;;;3;8
"054046";"Scheggia e Pascelupo";10;5;0;0;0;;;;5;4;0;0;0;;;;4;9
"054046";"Scheggia e Pascelupo";11;8;0;0;0;;;;8;5;0;0;0;;;;5;13
"054046";"Scheggia e Pascelupo";12;11;0;0;0;;;;11;6;0;0;0;;;;6;17
"054046";"Scheggia e Pascelupo";13;7;0;0;0;;;;7;1;0;0;0;;;;1;8
"054046";"Scheggia e Pascelupo";14;4;0;0;0;;;;4;5;0;0;0;;;;5;9
"054046";"Scheggia e Pascelupo";15;4;0;0;0;;;;4;7;0;0;0;;;;7;11
"054046";"Scheggia e Pascelupo";16;6;0;0;0;;;;6;7;0;0;0;;;;7;13
"054046";"Scheggia e Pascelupo";17;6;0;0;0;;;;6;4;0;0;0;;;;4;10
"054046";"Scheggia e Pascelupo";18;10;0;0;0;;;;10;3;0;0;0;;;;3;13
"054046";"Scheggia e Pascelupo";19;4;0;0;0;;;;4;5;0;0;0;;;;5;9
"054046";"Scheggia e Pascelupo";20;6;0;0;0;;;;6;2;0;0;0;;;;2;8
"054046";"Scheggia e Pascelupo";21;2;0;0;0;;;;2;4;0;0;0;;;;4;6
"054046";"Scheggia e Pascelupo";22;2;0;0;0;;;;2;8;0;0;0;;;;8;10
"054046";"Scheggia e Pascelupo";23;6;0;0;0;;;;6;5;0;0;0;;;;5;11
"054046";"Scheggia e Pascelupo";24;7;0;0;0;;;;7;6;0;0;0;;;;6;13
"054046";"Scheggia e Pascelupo";25;4;0;0;0;;;;4;6;0;0;0;;;;6;10
"054046";"Scheggia e Pascelupo";26;5;0;0;0;;;;5;4;1;0;0;;;;5;10
"054046";"Scheggia e Pascelupo";27;5;1;0;0;;;;6;2;0;0;0;;;;2;8
"054046";"Scheggia e Pascelupo";28;5;0;0;0;;;;5;1;3;0;0;;;;4;9
"054046";"Scheggia e Pascelupo";29;1;0;0;0;;;;1;0;1;0;0;;;;1;2
"054046";"Scheggia e Pascelupo";30;7;0;0;0;;;;7;3;2;0;0;;;;5;12
"054046";"Scheggia e Pascelupo";31;3;1;0;0;;;;4;2;0;1;0;;;;3;7
"054046";"Scheggia e Pascelupo";32;1;1;0;0;;;;2;4;2;0;0;;;;6;8
"054046";"Scheggia e Pascelupo";33;4;1;0;0;;;;5;0;0;0;0;;;;0;5
"054046";"Scheggia e Pascelupo";34;6;2;0;0;;;;8;8;5;0;0;;;;13;21
"054046";"Scheggia e Pascelupo";35;4;0;0;0;;;;4;5;4;0;0;;;;9;13
"054046";"Scheggia e Pascelupo";36;3;2;0;0;;;;5;4;2;0;0;;;;6;11
"054046";"Scheggia e Pascelupo";37;1;2;0;0;;;;3;1;8;0;0;;;;9;12
"054046";"Scheggia e Pascelupo";38;5;4;0;0;;;;9;5;4;0;0;;;;9;18
"054046";"Scheggia e Pascelupo";39;5;4;0;0;;;;9;4;5;0;0;;;;9;18
"054046";"Scheggia e Pascelupo";40;2;1;0;0;;;;3;4;7;0;0;;;;11;14
"054046";"Scheggia e Pascelupo";41;3;6;2;0;;;;11;0;3;0;0;;;;3;14
"054046";"Scheggia e Pascelupo";42;4;4;0;0;;;;8;1;7;0;0;;;;8;16
"054046";"Scheggia e Pascelupo";43;3;5;1;0;;;;9;0;4;0;0;;;;4;13
"054046";"Scheggia e Pascelupo";44;5;5;0;0;;;;10;1;14;0;0;;;;15;25
"054046";"Scheggia e Pascelupo";45;6;4;1;0;;;;11;1;5;0;0;;;;6;17
"054046";"Scheggia e Pascelupo";46;7;12;0;0;;;;19;1;12;0;0;;;;13;32
"054046";"Scheggia e Pascelupo";47;5;7;0;0;;;;12;0;4;1;1;;;;6;18
"054046";"Scheggia e Pascelupo";48;1;9;0;0;;;;10;2;6;2;0;;;;10;20
"054046";"Scheggia e Pascelupo";49;3;6;0;0;;;;9;0;4;0;0;;;;4;13
"054046";"Scheggia e Pascelupo";50;4;7;0;0;;;;11;0;6;0;0;;;;6;17
"054046";"Scheggia e Pascelupo";51;5;10;0;0;;;;15;4;6;0;0;;;;10;25
"054046";"Scheggia e Pascelupo";52;4;10;0;0;;;;14;2;5;0;1;;;;8;22
"054046";"Scheggia e Pascelupo";53;5;5;1;0;;;;11;1;7;2;0;;;;10;21
"054046";"Scheggia e Pascelupo";54;2;6;1;0;;;;9;1;9;1;0;;;;11;20
"054046";"Scheggia e Pascelupo";55;2;9;0;0;;;;11;1;10;1;0;;;;12;23
"054046";"Scheggia e Pascelupo";56;5;4;0;0;;;;9;1;6;0;1;;;;8;17
"054046";"Scheggia e Pascelupo";57;5;9;0;0;;;;14;0;7;1;0;;;;8;22
"054046";"Scheggia e Pascelupo";58;1;6;0;0;;;;7;0;7;0;0;;;;7;14
"054046";"Scheggia e Pascelupo";59;3;6;0;1;;;;10;2;12;0;0;;;;14;24
"054046";"Scheggia e Pascelupo";60;4;8;0;0;;;;12;2;9;0;2;;;;13;25
"054046";"Scheggia e Pascelupo";61;1;12;0;0;;;;13;1;1;2;2;;;;6;19
"054046";"Scheggia e Pascelupo";62;2;6;1;0;;;;9;1;4;0;1;;;;6;15
"054046";"Scheggia e Pascelupo";63;2;7;0;0;;;;9;2;4;0;0;;;;6;15
"054046";"Scheggia e Pascelupo";64;1;7;0;0;;;;8;1;6;0;0;;;;7;15
"054046";"Scheggia e Pascelupo";65;3;11;0;1;;;;15;1;4;0;2;;;;7;22
"054046";"Scheggia e Pascelupo";66;2;4;0;0;;;;6;0;4;0;0;;;;4;10
"054046";"Scheggia e Pascelupo";67;3;8;0;0;;;;11;0;8;1;1;;;;10;21
"054046";"Scheggia e Pascelupo";68;1;2;0;0;;;;3;0;5;0;3;;;;8;11
"054046";"Scheggia e Pascelupo";69;1;5;0;0;;;;6;1;5;0;1;;;;7;13
"054046";"Scheggia e Pascelupo";70;1;7;1;0;;;;9;1;5;0;4;;;;10;19
"054046";"Scheggia e Pascelupo";71;1;6;0;3;;;;10;0;7;0;4;;;;11;21
"054046";"Scheggia e Pascelupo";72;1;9;0;1;;;;11;0;5;0;5;;;;10;21
"054046";"Scheggia e Pascelupo";73;0;4;0;0;;;;4;2;12;0;3;;;;17;21
"054046";"Scheggia e Pascelupo";74;0;10;0;0;;;;10;2;7;0;4;;;;13;23
"054046";"Scheggia e Pascelupo";75;3;5;0;1;;;;9;0;7;0;4;;;;11;20
"054046";"Scheggia e Pascelupo";76;0;9;0;0;;;;9;0;1;0;2;;;;3;12
"054046";"Scheggia e Pascelupo";77;0;4;0;3;;;;7;0;9;0;7;;;;16;23
"054046";"Scheggia e Pascelupo";78;0;8;0;0;;;;8;0;1;0;6;;;;7;15
"054046";"Scheggia e Pascelupo";79;0;4;0;0;;;;4;0;3;0;8;;;;11;15
"054046";"Scheggia e Pascelupo";80;0;6;0;1;;;;7;1;5;0;5;;;;11;18
"054046";"Scheggia e Pascelupo";81;1;3;2;3;;;;9;0;6;0;4;;;;10;19
"054046";"Scheggia e Pascelupo";82;1;4;0;0;;;;5;1;5;0;5;;;;11;16
"054046";"Scheggia e Pascelupo";83;0;6;0;1;;;;7;0;1;0;5;;;;6;13
"054046";"Scheggia e Pascelupo";84;0;7;0;0;;;;7;0;3;0;6;;;;9;16
"054046";"Scheggia e Pascelupo";85;0;5;0;0;;;;5;1;0;0;5;;;;6;11
"054046";"Scheggia e Pascelupo";86;0;3;0;1;;;;4;0;2;0;4;;;;6;10
"054046";"Scheggia e Pascelupo";87;1;1;0;0;;;;2;2;1;0;5;;;;8;10
"054046";"Scheggia e Pascelupo";88;0;2;0;1;;;;3;0;2;0;5;;;;7;10
"054046";"Scheggia e Pascelupo";89;0;2;0;1;;;;3;0;0;0;6;;;;6;9
"054046";"Scheggia e Pascelupo";90;1;2;0;1;;;;4;0;0;0;1;;;;1;5
"054046";"Scheggia e Pascelupo";91;0;2;0;1;;;;3;0;1;0;1;;;;2;5
"054046";"Scheggia e Pascelupo";92;0;1;0;0;;;;1;0;0;0;3;;;;3;4
"054046";"Scheggia e Pascelupo";93;0;0;0;2;;;;2;0;0;0;1;;;;1;3
"054046";"Scheggia e Pascelupo";94;0;0;0;0;;;;0;0;0;0;2;;;;2;2
"054046";"Scheggia e Pascelupo";95;0;0;0;1;;;;1;0;0;0;0;;;;0;1
"054046";"Scheggia e Pascelupo";96;0;0;0;0;;;;0;0;0;0;3;;;;3;3
"054046";"Scheggia e Pascelupo";97;0;0;0;0;;;;0;0;0;0;2;;;;2;2
"054046";"Scheggia e Pascelupo";98;0;0;0;0;;;;0;0;0;0;1;;;;1;1
"054046";"Scheggia e Pascelupo";99;0;0;0;0;;;;0;0;0;0;0;;;;0;0
"054046";"Scheggia e Pascelupo";100;0;0;0;0;;;;0;0;0;0;0;;;;0;0
"054046";"Scheggia e Pascelupo";999;296;329;10;23;;;;658;208;311;12;126;;;;657;1315
"054047";"Scheggino";0;4;0;0;0;;;;4;0;0;0;0;;;;0;4
"054047";"Scheggino";1;3;0;0;0;;;;3;0;0;0;0;;;;0;3
"054047";"Scheggino";2;3;0;0;0;;;;3;1;0;0;0;;;;1;4
"054047";"Scheggino";3;1;0;0;0;;;;1;1;0;0;0;;;;1;2
"054047";"Scheggino";4;2;0;0;0;;;;2;2;0;0;0;;;;2;4
"054047";"Scheggino";5;0;0;0;0;;;;0;0;0;0;0;;;;0;0
"054047";"Scheggino";6;2;0;0;0;;;;2;3;0;0;0;;;;3;5
"054047";"Scheggino";7;1;0;0;0;;;;1;1;0;0;0;;;;1;2
"054047";"Scheggino";8;1;0;0;0;;;;1;2;0;0;0;;;;2;3
"054047";"Scheggino";9;1;0;0;0;;;;1;1;0;0;0;;;;1;2
"054047";"Scheggino";10;3;0;0;0;;;;3;1;0;0;0;;;;1;4
"054047";"Scheggino";11;2;0;0;0;;;;2;0;0;0;0;;;;0;2
"054047";"Scheggino";12;2;0;0;0;;;;2;3;0;0;0;;;;3;5
"054047";"Scheggino";13;3;0;0;0;;;;3;3;0;0;0;;;;3;6
"054047";"Scheggino";14;1;0;0;0;;;;1;0;0;0;0;;;;0;1
"054047";"Scheggino";15;4;0;0;0;;;;4;1;0;0;0;;;;1;5
"054047";"Scheggino";16;3;0;0;0;;;;3;5;0;0;0;;;;5;8
"054047";"Scheggino";17;3;0;0;0;;;;3;4;0;0;0;;;;4;7
"054047";"Scheggino";18;1;0;0;0;;;;1;3;0;0;0;;;;3;4
"054047";"Scheggino";19;2;0;0;0;;;;2;1;1;0;0;;;;2;4
"054047";"Scheggino";20;3;0;0;0;;;;3;1;0;0;0;;;;1;4
"054047";"Scheggino";21;4;0;0;0;;;;4;2;0;0;0;;;;2;6
"054047";"Scheggino";22;2;0;0;0;;;;2;1;0;0;0;;;;1;3
"054047";"Scheggino";23;1;0;0;0;;;;1;3;0;0;0;;;;3;4
"054047";"Scheggino";24;1;0;0;0;;;;1;3;0;0;0;;;;3;4
"054047";"Scheggino";25;0;0;0;0;;;;0;1;0;0;0;;;;1;1
"054047";"Scheggino";26;3;0;0;0;;;;3;5;1;0;0;;;;6;9
"054047";"Scheggino";27;1;0;0;0;;;;1;0;1;0;0;;;;1;2
"054047";"Scheggino";28;2;0;0;0;;;;2;5;0;0;0;;;;5;7
"054047";"Scheggino";29;1;0;0;0;;;;1;1;0;0;0;;;;1;2
"054047";"Scheggino";30;1;0;0;0;;;;1;2;0;0;0;;;;2;3
"054047";"Scheggino";31;2;0;0;0;;;;2;2;1;0;0;;;;3;5
"054047";"Scheggino";32;3;1;0;0;;;;4;0;0;0;0;;;;0;4
"054047";"Scheggino";33;4;0;0;0;;;;4;2;0;0;0;;;;2;6
"054047";"Scheggino";34;2;1;0;0;;;;3;3;1;0;0;;;;4;7
"054047";"Scheggino";35;2;0;0;0;;;;2;0;0;0;0;;;;0;2
"054047";"Scheggino";36;0;1;0;0;;;;1;1;2;0;0;;;;3;4
"054047";"Scheggino";37;2;2;0;0;;;;4;1;3;0;0;;;;4;8
"054047";"Scheggino";38;0;2;0;0;;;;2;2;1;0;0;;;;3;5
"054047";"Scheggino";39;2;2;0;0;;;;4;0;1;0;0;;;;1;5
"054047";"Scheggino";40;1;1;1;0;;;;3;3;1;0;0;;;;4;7
"054047";"Scheggino";41;5;1;1;0;;;;7;0;1;0;0;;;;1;8
"054047";"Scheggino";42;1;2;0;0;;;;3;0;1;0;0;;;;1;4
"054047";"Scheggino";43;3;1;1;0;;;;5;0;1;0;0;;;;1;6
"054047";"Scheggino";44;3;2;0;0;;;;5;0;3;0;0;;;;3;8
"054047";"Scheggino";45;0;2;0;0;;;;2;2;1;0;0;;;;3;5
"054047";"Scheggino";46;0;2;0;0;;;;2;2;0;0;0;;;;2;4
"054047";"Scheggino";47;1;0;0;0;;;;1;1;1;0;0;;;;2;3
"054047";"Scheggino";48;2;1;0;0;;;;3;1;4;0;0;;;;5;8
"054047";"Scheggino";49;2;2;0;0;;;;4;1;2;0;0;;;;3;7
"054047";"Scheggino";50;1;3;0;0;;;;4;1;4;0;0;;;;5;9
"054047";"Scheggino";51;0;4;0;0;;;;4;1;2;2;0;;;;5;9
"054047";"Scheggino";52;0;2;0;0;;;;2;1;5;0;1;;;;7;9
"054047";"Scheggino";53;1;3;0;0;;;;4;0;3;1;1;;;;5;9
"054047";"Scheggino";54;2;1;0;0;;;;3;3;6;0;0;;;;9;12
"054047";"Scheggino";55;0;5;0;0;;;;5;2;4;1;0;;;;7;12
"054047";"Scheggino";56;0;5;0;1;;;;6;0;4;0;0;;;;4;10
"054047";"Scheggino";57;0;4;1;0;;;;5;0;1;0;2;;;;3;8
"054047";"Scheggino";58;1;2;0;0;;;;3;0;3;0;0;;;;3;6
"054047";"Scheggino";59;0;3;0;0;;;;3;0;1;1;0;;;;2;5
"054047";"Scheggino";60;0;1;1;0;;;;2;0;1;0;0;;;;1;3
"054047";"Scheggino";61;1;1;0;0;;;;2;2;4;0;0;;;;6;8
"054047";"Scheggino";62;0;0;0;0;;;;0;1;2;0;0;;;;3;3
"054047";"Scheggino";63;0;7;0;0;;;;7;0;4;0;1;;;;5;12
"054047";"Scheggino";64;2;2;1;0;;;;5;0;1;2;0;;;;3;8
"054047";"Scheggino";65;0;4;0;0;;;;4;0;2;0;1;;;;3;7
"054047";"Scheggino";66;0;3;1;0;;;;4;0;0;0;0;;;;0;4
"054047";"Scheggino";67;1;1;1;1;;;;4;0;2;0;0;;;;2;6
"054047";"Scheggino";68;0;3;0;0;;;;3;0;2;0;0;;;;2;5
"054047";"Scheggino";69;0;1;0;0;;;;1;0;1;0;0;;;;1;2
"054047";"Scheggino";70;0;2;0;0;;;;2;0;0;1;0;;;;1;3
"054047";"Scheggino";71;0;1;0;0;;;;1;0;0;0;0;;;;0;1
"054047";"Scheggino";72;0;2;0;0;;;;2;0;4;0;0;;;;4;6
"054047";"Scheggino";73;0;0;0;0;;;;0;2;1;0;0;;;;3;3
"054047";"Scheggino";74;0;0;0;0;;;;0;1;2;0;1;;;;4;4
"054047";"Scheggino";75;0;1;0;0;;;;1;0;2;0;2;;;;4;5
"054047";"Scheggino";76;0;1;0;0;;;;1;0;1;0;2;;;;3;4
"054047";"Scheggino";77;0;1;0;0;;;;1;1;2;0;3;;;;6;7
"054047";"Scheggino";78;0;3;1;1;;;;5;0;1;0;2;;;;3;8
"054047";"Scheggino";79;1;3;0;0;;;;4;0;1;0;0;;;;1;5
"054047";"Scheggino";80;0;2;0;1;;;;3;0;2;0;1;;;;3;6
"054047";"Scheggino";81;0;2;0;0;;;;2;0;0;0;2;;;;2;4
"054047";"Scheggino";82;0;3;0;0;;;;3;0;0;0;1;;;;1;4
"054047";"Scheggino";83;0;2;0;0;;;;2;0;1;1;0;;;;2;4
"054047";"Scheggino";84;0;1;0;1;;;;2;0;1;0;1;;;;2;4
"054047";"Scheggino";85;1;1;0;0;;;;2;0;0;0;2;;;;2;4
"054047";"Scheggino";86;0;1;0;0;;;;1;1;0;0;1;;;;2;3
"054047";"Scheggino";87;0;0;0;1;;;;1;0;0;0;1;;;;1;2
"054047";"Scheggino";88;0;0;0;3;;;;3;0;0;0;1;;;;1;4
"054047";"Scheggino";89;0;0;0;0;;;;0;0;0;0;5;;;;5;5
"054047";"Scheggino";90;0;0;0;0;;;;0;0;0;0;0;;;;0;0
"054047";"Scheggino";91;0;0;0;0;;;;0;0;0;0;1;;;;1;1
"054047";"Scheggino";92;0;0;0;0;;;;0;0;0;0;1;;;;1;1
"054047";"Scheggino";93;0;0;0;0;;;;0;0;0;0;1;;;;1;1
"054047";"Scheggino";94;0;0;0;0;;;;0;0;0;0;0;;;;0;0
"054047";"Scheggino";95;0;1;0;0;;;;1;0;0;0;0;;;;0;1
"054047";"Scheggino";96;0;0;0;0;;;;0;0;0;0;0;;;;0;0
"054047";"Scheggino";97;0;0;0;0;;;;0;0;0;0;0;;;;0;0
"054047";"Scheggino";98;0;0;0;0;;;;0;0;0;0;0;;;;0;0
"054047";"Scheggino";99;0;0;0;0;;;;0;0;0;0;0;;;;0;0
"054047";"Scheggino";100;0;0;0;0;;;;0;0;0;0;0;;;;0;0
"054047";"Scheggino";999;107;105;9;9;;;;230;93;97;9;34;;;;233;463
"054048";"Sellano";0;4;0;0;0;;;;4;2;0;0;0;;;;2;6
"054048";"Sellano";1;5;0;0;0;;;;5;4;0;0;0;;;;4;9
"054048";"Sellano";2;2;0;0;0;;;;2;0;0;0;0;;;;0;2
"054048";"Sellano";3;2;0;0;0;;;;2;3;0;0;0;;;;3;5
"054048";"Sellano";4;0;0;0;0;;;;0;3;0;0;0;;;;3;3
"054048";"Sellano";5;2;0;0;0;;;;2;2;0;0;0;;;;2;4
"054048";"Sellano";6;2;0;0;0;;;;2;2;0;0;0;;;;2;4
"054048";"Sellano";7;0;0;0;0;;;;0;2;0;0;0;;;;2;2
"054048";"Sellano";8;1;0;0;0;;;;1;3;0;0;0;;;;3;4
"054048";"Sellano";9;2;0;0;0;;;;2;2;0;0;0;;;;2;4
"054048";"Sellano";10;1;0;0;0;;;;1;3;0;0;0;;;;3;4
"054048";"Sellano";11;4;0;0;0;;;;4;5;0;0;0;;;;5;9
"054048";"Sellano";12;3;0;0;0;;;;3;2;0;0;0;;;;2;5
"054048";"Sellano";13;3;0;0;0;;;;3;7;0;0;0;;;;7;10
"054048";"Sellano";14;2;0;0;0;;;;2;4;0;0;0;;;;4;6
"054048";"Sellano";15;2;0;0;0;;;;2;5;0;0;0;;;;5;7
"054048";"Sellano";16;5;0;0;0;;;;5;3;0;0;0;;;;3;8
"054048";"Sellano";17;10;0;0;0;;;;10;6;0;0;0;;;;6;16
"054048";"Sellano";18;8;0;0;0;;;;8;5;0;0;0;;;;5;13
"054048";"Sellano";19;1;0;0;0;;;;1;5;0;0;0;;;;5;6
"054048";"Sellano";20;1;0;0;0;;;;1;4;0;0;0;;;;4;5
"054048";"Sellano";21;4;0;0;0;;;;4;1;0;0;0;;;;1;5
"054048";"Sellano";22;4;0;0;0;;;;4;8;1;0;0;;;;9;13
"054048";"Sellano";23;7;0;0;0;;;;7;0;1;0;0;;;;1;8
"054048";"Sellano";24;3;0;0;0;;;;3;4;0;0;0;;;;4;7
"054048";"Sellano";25;6;1;0;0;;;;7;1;0;0;0;;;;1;8
"054048";"Sellano";26;7;0;0;0;;;;7;2;0;0;0;;;;2;9
"054048";"Sellano";27;5;0;0;0;;;;5;4;1;0;0;;;;5;10
"054048";"Sellano";28;3;1;0;0;;;;4;7;0;0;0;;;;7;11
"054048";"Sellano";29;2;0;0;0;;;;2;3;1;0;0;;;;4;6
"054048";"Sellano";30;8;0;0;0;;;;8;5;0;0;0;;;;5;13
"054048";"Sellano";31;5;0;0;0;;;;5;5;0;0;0;;;;5;10
"054048";"Sellano";32;2;1;0;0;;;;3;5;3;0;0;;;;8;11
"054048";"Sellano";33;5;1;0;0;;;;6;2;0;1;0;;;;3;9
"054048";"Sellano";34;5;1;0;0;;;;6;5;0;0;0;;;;5;11
"054048";"Sellano";35;4;0;0;0;;;;4;1;1;0;0;;;;2;6
"054048";"Sellano";36;6;1;1;0;;;;8;1;2;0;0;;;;3;11
"054048";"Sellano";37;5;3;0;0;;;;8;4;1;0;0;;;;5;13
"054048";"Sellano";38;2;0;0;0;;;;2;1;2;0;0;;;;3;5
"054048";"Sellano";39;4;1;0;0;;;;5;0;1;0;0;;;;1;6
"054048";"Sellano";40;3;1;0;0;;;;4;0;3;0;0;;;;3;7
"054048";"Sellano";41;0;1;1;0;;;;2;1;5;0;0;;;;6;8
"054048";"Sellano";42;2;0;0;0;;;;2;3;2;0;0;;;;5;7
"054048";"Sellano";43;3;2;0;0;;;;5;0;4;0;0;;;;4;9
"054048";"Sellano";44;3;0;0;0;;;;3;4;3;0;0;;;;7;10
"054048";"Sellano";45;2;3;0;0;;;;5;1;3;0;0;;;;4;9
"054048";"Sellano";46;2;1;0;0;;;;3;1;2;0;0;;;;3;6
"054048";"Sellano";47;2;3;0;0;;;;5;1;5;0;0;;;;6;11
"054048";"Sellano";48;2;6;0;0;;;;8;1;3;1;0;;;;5;13
"054048";"Sellano";49;1;3;0;0;;;;4;0;7;1;0;;;;8;12
"054048";"Sellano";50;1;4;0;0;;;;5;0;12;0;0;;;;12;17
"054048";"Sellano";51;2;4;0;0;;;;6;3;6;1;0;;;;10;16
"054048";"Sellano";52;2;7;0;1;;;;10;0;7;0;0;;;;7;17
"054048";"Sellano";53;2;3;0;0;;;;5;5;6;1;0;;;;12;17
"054048";"Sellano";54;0;10;0;1;;;;11;1;9;0;0;;;;10;21
"054048";"Sellano";55;5;4;0;0;;;;9;1;9;1;0;;;;11;20
"054048";"Sellano";56;2;9;0;0;;;;11;0;11;0;0;;;;11;22
"054048";"Sellano";57;2;5;0;0;;;;7;1;3;0;0;;;;4;11
"054048";"Sellano";58;1;4;0;0;;;;5;0;7;0;0;;;;7;12
"054048";"Sellano";59;3;10;1;0;;;;14;1;8;1;1;;;;11;25
"054048";"Sellano";60;0;8;1;0;;;;9;1;7;1;2;;;;11;20
"054048";"Sellano";61;1;8;0;1;;;;10;0;4;0;1;;;;5;15
"054048";"Sellano";62;2;2;0;1;;;;5;0;8;0;0;;;;8;13
"054048";"Sellano";63;3;8;0;0;;;;11;1;4;0;0;;;;5;16
"054048";"Sellano";64;1;10;1;1;;;;13;0;6;0;1;;;;7;20
"054048";"Sellano";65;3;7;0;0;;;;10;2;5;0;0;;;;7;17
"054048";"Sellano";66;0;10;0;0;;;;10;0;6;0;0;;;;6;16
"054048";"Sellano";67;1;6;0;1;;;;8;1;4;0;0;;;;5;13
"054048";"Sellano";68;1;11;1;0;;;;13;0;3;0;2;;;;5;18
"054048";"Sellano";69;1;5;3;0;;;;9;1;5;0;0;;;;6;15
"054048";"Sellano";70;2;6;0;0;;;;8;0;3;0;0;;;;3;11
"054048";"Sellano";71;0;5;1;1;;;;7;0;3;0;1;;;;4;11
"054048";"Sellano";72;0;6;1;0;;;;7;0;6;1;4;;;;11;18
"054048";"Sellano";73;0;8;1;0;;;;9;1;5;0;2;;;;8;17
"054048";"Sellano";74;2;8;0;0;;;;10;0;6;0;0;;;;6;16
"054048";"Sellano";75;3;1;0;0;;;;4;0;1;0;1;;;;2;6
"054048";"Sellano";76;2;3;0;0;;;;5;0;5;0;2;;;;7;12
"054048";"Sellano";77;2;4;0;0;;;;6;0;3;0;1;;;;4;10
"054048";"Sellano";78;1;5;0;2;;;;8;0;3;0;1;;;;4;12
"054048";"Sellano";79;0;7;0;1;;;;8;0;1;0;3;;;;4;12
"054048";"Sellano";80;1;1;0;0;;;;2;1;1;0;3;;;;5;7
"054048";"Sellano";81;1;4;0;1;;;;6;2;7;0;6;;;;15;21
"054048";"Sellano";82;0;4;0;0;;;;4;0;2;0;6;;;;8;12
"054048";"Sellano";83;1;3;0;1;;;;5;0;2;0;7;;;;9;14
"054048";"Sellano";84;3;2;0;1;;;;6;0;0;0;4;;;;4;10
"054048";"Sellano";85;0;4;1;1;;;;6;0;2;0;5;;;;7;13
"054048";"Sellano";86;0;1;0;2;;;;3;1;0;0;2;;;;3;6
"054048";"Sellano";87;0;3;0;0;;;;3;1;0;0;3;;;;4;7
"054048";"Sellano";88;0;3;0;2;;;;5;0;2;0;6;;;;8;13
"054048";"Sellano";89;0;2;0;1;;;;3;1;0;0;7;;;;8;11
"054048";"Sellano";90;0;0;0;1;;;;1;0;0;0;4;;;;4;5
"054048";"Sellano";91;0;2;0;0;;;;2;0;0;0;2;;;;2;4
"054048";"Sellano";92;1;0;0;1;;;;2;0;0;0;1;;;;1;3
"054048";"Sellano";93;0;0;0;0;;;;0;0;0;0;4;;;;4;4
"054048";"Sellano";94;0;0;0;0;;;;0;0;0;0;3;;;;3;3
"054048";"Sellano";95;0;0;0;2;;;;2;0;0;0;0;;;;0;2
"054048";"Sellano";96;0;0;0;0;;;;0;0;0;0;4;;;;4;4
"054048";"Sellano";97;0;0;0;0;;;;0;0;0;0;1;;;;1;1
"054048";"Sellano";98;0;0;0;0;;;;0;0;0;0;0;;;;0;0
"054048";"Sellano";99;0;0;0;0;;;;0;0;0;0;1;;;;1;1
"054048";"Sellano";100;0;0;0;0;;;;0;0;0;0;0;;;;0;0
"054048";"Sellano";999;219;247;13;23;;;;502;168;233;9;91;;;;501;1003
"054049";"Sigillo";0;3;0;0;0;;;;3;7;0;0;0;;;;7;10
"054049";"Sigillo";1;5;0;0;0;;;;5;5;0;0;0;;;;5;10
"054049";"Sigillo";2;13;0;0;0;;;;13;2;0;0;0;;;;2;15
"054049";"Sigillo";3;7;0;0;0;;;;7;9;0;0;0;;;;9;16
"054049";"Sigillo";4;10;0;0;0;;;;10;9;0;0;0;;;;9;19
"054049";"Sigillo";5;6;0;0;0;;;;6;4;0;0;0;;;;4;10
"054049";"Sigillo";6;8;0;0;0;;;;8;8;0;0;0;;;;8;16
"054049";"Sigillo";7;6;0;0;0;;;;6;4;0;0;0;;;;4;10
"054049";"Sigillo";8;11;0;0;0;;;;11;8;0;0;0;;;;8;19
"054049";"Sigillo";9;15;0;0;0;;;;15;8;0;0;0;;;;8;23
"054049";"Sigillo";10;6;0;0;0;;;;6;8;0;0;0;;;;8;14
"054049";"Sigillo";11;10;0;0;0;;;;10;7;0;0;0;;;;7;17
"054049";"Sigillo";12;13;0;0;0;;;;13;9;0;0;0;;;;9;22
"054049";"Sigillo";13;13;0;0;0;;;;13;8;0;0;0;;;;8;21
"054049";"Sigillo";14;12;0;0;0;;;;12;12;0;0;0;;;;12;24
"054049";"Sigillo";15;17;0;0;0;;;;17;8;0;0;0;;;;8;25
"054049";"Sigillo";16;6;0;0;0;;;;6;13;0;0;0;;;;13;19
"054049";"Sigillo";17;10;0;0;0;;;;10;10;0;0;0;;;;10;20
"054049";"Sigillo";18;6;0;0;0;;;;6;14;0;0;0;;;;14;20
"054049";"Sigillo";19;16;0;0;0;;;;16;6;0;0;0;;;;6;22
"054049";"Sigillo";20;8;0;0;0;;;;8;8;0;0;0;;;;8;16
"054049";"Sigillo";21;11;0;0;0;;;;11;12;0;0;0;;;;12;23
"054049";"Sigillo";22;10;0;0;0;;;;10;8;1;0;0;;;;9;19
"054049";"Sigillo";23;10;0;0;0;;;;10;6;1;0;0;;;;7;17
"054049";"Sigillo";24;10;0;0;0;;;;10;14;0;0;0;;;;14;24
"054049";"Sigillo";25;9;0;0;0;;;;9;12;0;0;0;;;;12;21
"054049";"Sigillo";26;16;0;0;0;;;;16;10;1;0;0;;;;11;27
"054049";"Sigillo";27;12;0;0;0;;;;12;10;1;0;0;;;;11;23
"054049";"Sigillo";28;10;0;0;0;;;;10;7;2;0;0;;;;9;19
"054049";"Sigillo";29;7;0;0;0;;;;7;4;4;0;0;;;;8;15
"054049";"Sigillo";30;10;1;1;0;;;;12;6;3;0;0;;;;9;21
"054049";"Sigillo";31;5;2;0;0;;;;7;7;4;0;0;;;;11;18
"054049";"Sigillo";32;7;1;0;0;;;;8;6;5;0;0;;;;11;19
"054049";"Sigillo";33;6;3;0;0;;;;9;6;3;0;0;;;;9;18
"054049";"Sigillo";34;10;1;0;0;;;;11;8;3;0;0;;;;11;22
"054049";"Sigillo";35;7;4;0;0;;;;11;4;4;0;0;;;;8;19
"054049";"Sigillo";36;2;2;0;0;;;;4;10;6;1;0;;;;17;21
"054049";"Sigillo";37;9;3;0;0;;;;12;11;5;1;0;;;;17;29
"054049";"Sigillo";38;5;5;0;0;;;;10;5;3;0;0;;;;8;18
"054049";"Sigillo";39;10;6;0;0;;;;16;2;6;1;0;;;;9;25
"054049";"Sigillo";40;5;9;1;0;;;;15;3;13;1;0;;;;17;32
"054049";"Sigillo";41;9;8;1;0;;;;18;0;8;0;0;;;;8;26
"054049";"Sigillo";42;1;8;0;0;;;;9;5;12;1;0;;;;18;27
"054049";"Sigillo";43;7;16;0;0;;;;23;2;11;2;0;;;;15;38
"054049";"Sigillo";44;8;8;0;0;;;;16;4;19;0;0;;;;23;39
"054049";"Sigillo";45;5;11;1;0;;;;17;3;20;1;1;;;;25;42
"054049";"Sigillo";46;5;8;1;0;;;;14;2;9;4;0;;;;15;29
"054049";"Sigillo";47;5;13;3;0;;;;21;2;12;1;1;;;;16;37
"054049";"Sigillo";48;8;7;0;0;;;;15;1;16;2;0;;;;19;34
"054049";"Sigillo";49;2;11;0;0;;;;13;2;14;0;0;;;;16;29
"054049";"Sigillo";50;7;18;0;0;;;;25;5;12;0;0;;;;17;42
"054049";"Sigillo";51;2;13;1;0;;;;16;1;15;2;0;;;;18;34
"054049";"Sigillo";52;5;11;1;0;;;;17;2;18;0;0;;;;20;37
"054049";"Sigillo";53;4;13;1;0;;;;18;1;14;0;0;;;;15;33
"054049";"Sigillo";54;3;16;1;0;;;;20;2;19;1;1;;;;23;43
"054049";"Sigillo";55;2;15;1;0;;;;18;2;14;2;2;;;;20;38
"054049";"Sigillo";56;7;12;0;0;;;;19;3;15;0;2;;;;20;39
"054049";"Sigillo";57;1;13;0;0;;;;14;0;14;0;0;;;;14;28
"054049";"Sigillo";58;1;17;1;0;;;;19;0;21;1;4;;;;26;45
"054049";"Sigillo";59;2;11;0;1;;;;14;1;12;0;2;;;;15;29
"054049";"Sigillo";60;3;19;2;0;;;;24;1;11;1;4;;;;17;41
"054049";"Sigillo";61;4;15;3;0;;;;22;4;18;0;2;;;;24;46
"054049";"Sigillo";62;3;17;1;0;;;;21;0;17;0;0;;;;17;38
"054049";"Sigillo";63;3;10;0;1;;;;14;1;17;1;2;;;;21;35
"054049";"Sigillo";64;1;9;1;0;;;;11;0;13;1;1;;;;15;26
"054049";"Sigillo";65;0;22;1;1;;;;24;1;8;0;3;;;;12;36
"054049";"Sigillo";66;2;8;2;1;;;;13;0;11;0;5;;;;16;29
"054049";"Sigillo";67;1;10;1;0;;;;12;0;9;1;1;;;;11;23
"054049";"Sigillo";68;1;14;0;0;;;;15;0;13;1;0;;;;14;29
"054049";"Sigillo";69;3;8;0;0;;;;11;0;12;0;2;;;;14;25
"054049";"Sigillo";70;3;15;0;0;;;;18;1;12;0;5;;;;18;36
"054049";"Sigillo";71;1;13;0;0;;;;14;0;11;0;4;;;;15;29
"054049";"Sigillo";72;0;10;2;2;;;;14;1;14;0;4;;;;19;33
"054049";"Sigillo";73;2;8;0;2;;;;12;1;8;0;6;;;;15;27
"054049";"Sigillo";74;2;8;0;0;;;;10;0;9;0;12;;;;21;31
"054049";"Sigillo";75;0;7;0;1;;;;8;1;5;0;3;;;;9;17
"054049";"Sigillo";76;2;7;0;2;;;;11;0;4;0;4;;;;8;19
"054049";"Sigillo";77;0;13;0;1;;;;14;1;8;0;7;;;;16;30
"054049";"Sigillo";78;1;11;0;1;;;;13;0;4;0;1;;;;5;18
"054049";"Sigillo";79;0;5;0;2;;;;7;2;6;0;4;;;;12;19
"054049";"Sigillo";80;3;11;0;2;;;;16;0;8;0;10;;;;18;34
"054049";"Sigillo";81;3;8;1;3;;;;15;2;6;1;4;;;;13;28
"054049";"Sigillo";82;0;6;0;1;;;;7;0;2;0;13;;;;15;22
"054049";"Sigillo";83;0;6;0;0;;;;6;2;2;0;6;;;;10;16
"054049";"Sigillo";84;1;4;0;2;;;;7;0;4;1;9;;;;14;21
"054049";"Sigillo";85;1;8;0;1;;;;10;2;2;0;11;;;;15;25
"054049";"Sigillo";86;0;7;0;2;;;;9;1;2;0;8;;;;11;20
"054049";"Sigillo";87;1;2;0;1;;;;4;1;3;0;10;;;;14;18
"054049";"Sigillo";88;0;4;0;3;;;;7;1;1;0;4;;;;6;13
"054049";"Sigillo";89;0;2;0;1;;;;3;1;0;0;9;;;;10;13
"054049";"Sigillo";90;0;3;0;2;;;;5;0;3;0;8;;;;11;16
"054049";"Sigillo";91;0;2;0;0;;;;2;2;0;0;9;;;;11;13
"054049";"Sigillo";92;0;0;0;0;;;;0;0;0;0;4;;;;4;4
"054049";"Sigillo";93;0;2;0;1;;;;3;1;0;0;4;;;;5;8
"054049";"Sigillo";94;0;0;0;0;;;;0;0;1;0;4;;;;5;5
"054049";"Sigillo";95;0;0;0;0;;;;0;1;0;0;1;;;;2;2
"054049";"Sigillo";96;0;0;0;0;;;;0;0;0;0;1;;;;1;1
"054049";"Sigillo";97;0;0;0;0;;;;0;0;0;0;1;;;;1;1
"054049";"Sigillo";98;0;0;0;0;;;;0;0;0;0;2;;;;2;2
"054049";"Sigillo";99;0;0;0;0;;;;0;0;0;0;1;;;;1;1
"054049";"Sigillo";100;0;0;0;1;;;;1;0;0;0;1;;;;1;2
"054049";"Sigillo";999;497;560;28;35;;;;1120;384;584;28;203;;;;1199;2319
"054050";"Spello";0;26;0;0;0;;;;26;13;0;0;0;;;;13;39
"054050";"Spello";1;24;0;0;0;;;;24;19;0;0;0;;;;19;43
"054050";"Spello";2;31;0;0;0;;;;31;33;0;0;0;;;;33;64
"054050";"Spello";3;30;0;0;0;;;;30;33;0;0;0;;;;33;63
"054050";"Spello";4;37;0;0;0;;;;37;23;0;0;0;;;;23;60
"054050";"Spello";5;26;0;0;0;;;;26;28;0;0;0;;;;28;54
"054050";"Spello";6;39;0;0;0;;;;39;33;0;0;0;;;;33;72
"054050";"Spello";7;30;0;0;0;;;;30;40;0;0;0;;;;40;70
"054050";"Spello";8;42;0;0;0;;;;42;34;0;0;0;;;;34;76
"054050";"Spello";9;31;0;0;0;;;;31;23;0;0;0;;;;23;54
"054050";"Spello";10;39;0;0;0;;;;39;50;0;0;0;;;;50;89
"054050";"Spello";11;29;0;0;0;;;;29;41;0;0;0;;;;41;70
"054050";"Spello";12;46;0;0;0;;;;46;32;0;0;0;;;;32;78
"054050";"Spello";13;56;0;0;0;;;;56;40;0;0;0;;;;40;96
"054050";"Spello";14;41;0;0;0;;;;41;43;0;0;0;;;;43;84
"054050";"Spello";15;38;0;0;0;;;;38;41;0;0;0;;;;41;79
"054050";"Spello";16;32;0;0;0;;;;32;36;0;0;0;;;;36;68
"054050";"Spello";17;34;0;0;0;;;;34;44;0;0;0;;;;44;78
"054050";"Spello";18;33;0;0;0;;;;33;42;0;0;0;;;;42;75
"054050";"Spello";19;44;0;0;0;;;;44;39;0;0;0;;;;39;83
"054050";"Spello";20;40;0;0;0;;;;40;31;1;0;0;;;;32;72
"054050";"Spello";21;34;0;0;0;;;;34;30;0;0;0;;;;30;64
"054050";"Spello";22;37;0;0;0;;;;37;29;0;0;0;;;;29;66
"054050";"Spello";23;21;1;0;0;;;;22;30;1;0;0;;;;31;53
"054050";"Spello";24;48;0;0;0;;;;48;27;1;0;0;;;;28;76
"054050";"Spello";25;29;1;0;0;;;;30;25;1;0;0;;;;26;56
"054050";"Spello";26;31;0;0;0;;;;31;22;1;0;0;;;;23;54
"054050";"Spello";27;28;2;0;0;;;;30;34;3;0;0;;;;37;67
"054050";"Spello";28;39;2;0;0;;;;41;27;2;0;0;;;;29;70
"054050";"Spello";29;34;5;0;0;;;;39;29;10;0;0;;;;39;78
"054050";"Spello";30;30;4;0;0;;;;34;22;8;0;0;;;;30;64
"054050";"Spello";31;38;4;0;0;;;;42;34;9;0;0;;;;43;85
"054050";"Spello";32;30;12;0;0;;;;42;34;20;0;0;;;;54;96
"054050";"Spello";33;30;13;1;0;;;;44;27;17;1;0;;;;45;89
"054050";"Spello";34;32;11;0;0;;;;43;32;21;0;0;;;;53;96
"054050";"Spello";35;12;18;0;0;;;;30;22;22;1;0;;;;45;75
"054050";"Spello";36;22;8;0;0;;;;30;19;21;1;1;;;;42;72
"054050";"Spello";37;25;24;0;0;;;;49;22;30;1;0;;;;53;102
"054050";"Spello";38;18;21;0;0;;;;39;17;27;5;1;;;;50;89
"054050";"Spello";39;22;33;0;0;;;;55;16;23;0;0;;;;39;94
"054050";"Spello";40;19;27;0;0;;;;46;12;34;1;0;;;;47;93
"054050";"Spello";41;22;32;3;1;;;;58;19;39;2;0;;;;60;118
"054050";"Spello";42;19;18;2;0;;;;39;18;33;3;1;;;;55;94
"054050";"Spello";43;21;35;1;0;;;;57;19;49;3;0;;;;71;128
"054050";"Spello";44;21;38;3;0;;;;62;13;37;1;0;;;;51;113
"054050";"Spello";45;22;34;2;0;;;;58;20;55;0;0;;;;75;133
"054050";"Spello";46;20;35;1;0;;;;56;15;43;1;1;;;;60;116
"054050";"Spello";47;30;39;2;0;;;;71;16;57;4;1;;;;78;149
"054050";"Spello";48;18;50;2;0;;;;70;11;45;3;1;;;;60;130
"054050";"Spello";49;23;41;1;1;;;;66;8;56;2;1;;;;67;133
"054050";"Spello";50;16;43;1;0;;;;60;15;49;5;0;;;;69;129
"054050";"Spello";51;15;45;1;0;;;;61;13;57;4;2;;;;76;137
"054050";"Spello";52;16;53;6;0;;;;75;17;42;5;3;;;;67;142
"054050";"Spello";53;16;66;2;0;;;;84;10;66;5;1;;;;82;166
"054050";"Spello";54;14;50;4;1;;;;69;11;56;3;2;;;;72;141
"054050";"Spello";55;12;47;1;1;;;;61;8;52;4;1;;;;65;126
"054050";"Spello";56;11;63;4;2;;;;80;7;50;8;1;;;;66;146
"054050";"Spello";57;8;46;5;2;;;;61;13;37;3;3;;;;56;117
"054050";"Spello";58;10;42;2;0;;;;54;7;61;1;5;;;;74;128
"054050";"Spello";59;7;43;7;1;;;;58;15;51;2;3;;;;71;129
"054050";"Spello";60;8;44;2;0;;;;54;5;47;4;3;;;;59;113
"054050";"Spello";61;6;51;1;5;;;;63;5;50;3;5;;;;63;126
"054050";"Spello";62;8;42;1;0;;;;51;3;40;2;3;;;;48;99
"054050";"Spello";63;4;49;3;1;;;;57;7;47;2;4;;;;60;117
"054050";"Spello";64;8;55;1;2;;;;66;4;44;5;4;;;;57;123
"054050";"Spello";65;4;46;0;0;;;;50;5;35;5;7;;;;52;102
"054050";"Spello";66;7;40;0;0;;;;47;4;37;1;6;;;;48;95
"054050";"Spello";67;3;41;1;3;;;;48;5;45;3;9;;;;62;110
"054050";"Spello";68;0;30;0;2;;;;32;3;31;2;10;;;;46;78
"054050";"Spello";69;3;51;2;1;;;;57;3;39;1;15;;;;58;115
"054050";"Spello";70;2;37;0;2;;;;41;5;43;1;6;;;;55;96
"054050";"Spello";71;7;37;0;4;;;;48;4;42;1;13;;;;60;108
"054050";"Spello";72;4;40;1;1;;;;46;4;34;2;18;;;;58;104
"054050";"Spello";73;4;47;0;5;;;;56;4;40;0;13;;;;57;113
"054050";"Spello";74;2;41;4;1;;;;48;4;40;1;9;;;;54;102
"054050";"Spello";75;4;38;2;4;;;;48;3;40;0;9;;;;52;100
"054050";"Spello";76;4;40;0;2;;;;46;1;32;2;21;;;;56;102
"054050";"Spello";77;2;41;2;1;;;;46;0;32;0;25;;;;57;103
"054050";"Spello";78;2;45;1;2;;;;50;2;30;0;22;;;;54;104
"054050";"Spello";79;2;30;0;6;;;;38;1;19;1;21;;;;42;80
"054050";"Spello";80;3;29;0;5;;;;37;0;25;1;28;;;;54;91
"054050";"Spello";81;2;33;0;8;;;;43;3;21;0;26;;;;50;93
"054050";"Spello";82;1;21;0;5;;;;27;2;18;1;22;;;;43;70
"054050";"Spello";83;1;23;0;11;;;;35;2;14;0;27;;;;43;78
"054050";"Spello";84;4;15;1;4;;;;24;0;15;1;24;;;;40;64
"054050";"Spello";85;1;21;1;8;;;;31;1;6;0;21;;;;28;59
"054050";"Spello";86;3;9;1;4;;;;17;5;5;2;20;;;;32;49
"054050";"Spello";87;0;21;2;3;;;;26;2;5;0;20;;;;27;53
"054050";"Spello";88;1;14;0;6;;;;21;1;3;0;18;;;;22;43
"054050";"Spello";89;0;9;0;1;;;;10;2;4;0;23;;;;29;39
"054050";"Spello";90;0;7;0;4;;;;11;4;7;0;12;;;;23;34
"054050";"Spello";91;0;4;0;4;;;;8;4;0;1;18;;;;23;31
"054050";"Spello";92;0;5;0;2;;;;7;0;2;0;12;;;;14;21
"054050";"Spello";93;0;4;0;6;;;;10;1;0;0;9;;;;10;20
"054050";"Spello";94;0;1;0;0;;;;1;2;0;1;12;;;;15;16
"054050";"Spello";95;0;1;0;2;;;;3;2;0;0;7;;;;9;12
"054050";"Spello";96;1;1;0;1;;;;3;1;0;0;9;;;;10;13
"054050";"Spello";97;0;1;0;0;;;;1;0;0;0;3;;;;3;4
"054050";"Spello";98;0;1;0;0;;;;1;2;0;0;0;;;;2;3
"054050";"Spello";99;0;1;0;1;;;;2;0;0;0;1;;;;1;3
"054050";"Spello";100;0;0;0;0;;;;0;1;1;0;2;;;;4;4
"054050";"Spello";999;1749;2072;77;126;;;;4024;1590;2080;112;565;;;;4347;8371
"054051";"Spoleto";0;102;0;0;0;0;0;0;102;101;0;0;0;0;0;0;101;203
"054051";"Spoleto";1;108;0;0;0;0;0;0;108;111;0;0;0;0;0;0;111;219
"054051";"Spoleto";2;115;0;0;0;0;0;0;115;109;0;0;0;0;0;0;109;224
"054051";"Spoleto";3;119;0;0;0;0;0;0;119;111;0;0;0;0;0;0;111;230
"054051";"Spoleto";4;130;0;0;0;0;0;0;130;155;0;0;0;0;0;0;155;285
"054051";"Spoleto";5;111;0;0;0;0;0;0;111;118;0;0;0;0;0;0;118;229
"054051";"Spoleto";6;119;0;0;0;0;0;0;119;136;0;0;0;0;0;0;136;255
"054051";"Spoleto";7;150;0;0;0;0;0;0;150;127;0;0;0;0;0;0;127;277
"054051";"Spoleto";8;144;0;0;0;0;0;0;144;142;0;0;0;0;0;0;142;286
"054051";"Spoleto";9;156;0;0;0;0;0;0;156;148;0;0;0;0;0;0;148;304
"054051";"Spoleto";10;147;0;0;0;0;0;0;147;168;0;0;0;0;0;0;168;315
"054051";"Spoleto";11;147;0;0;0;0;0;0;147;161;0;0;0;0;0;0;161;308
"054051";"Spoleto";12;177;0;0;0;0;0;0;177;169;0;0;0;0;0;0;169;346
"054051";"Spoleto";13;163;0;0;0;0;0;0;163;158;0;0;0;0;0;0;158;321
"054051";"Spoleto";14;167;0;0;0;0;0;0;167;147;0;0;0;0;0;0;147;314
"054051";"Spoleto";15;180;0;0;0;0;0;0;180;165;0;0;0;0;0;0;165;345
"054051";"Spoleto";16;177;0;0;0;0;0;0;177;147;0;0;0;0;0;0;147;324
"054051";"Spoleto";17;164;0;0;0;0;0;0;164;167;0;0;0;0;0;0;167;331
"054051";"Spoleto";18;169;0;0;0;0;0;0;169;139;0;0;0;0;0;0;139;308
"054051";"Spoleto";19;167;0;0;0;0;0;0;167;141;1;0;0;0;0;0;142;309
"054051";"Spoleto";20;170;0;0;0;0;0;0;170;139;0;0;0;0;0;0;139;309
"054051";"Spoleto";21;174;0;0;0;0;0;0;174;139;1;0;0;0;0;0;140;314
"054051";"Spoleto";22;193;0;0;0;0;0;0;193;154;5;0;0;0;0;0;159;352
"054051";"Spoleto";23;174;0;0;0;0;0;0;174;119;5;0;0;0;0;0;124;298
"054051";"Spoleto";24;165;3;0;0;0;0;0;168;159;8;0;0;0;0;0;167;335
"054051";"Spoleto";25;165;2;0;0;0;0;0;167;148;10;0;0;0;0;0;158;325
"054051";"Spoleto";26;182;3;0;0;0;0;0;185;130;17;0;0;0;0;0;147;332
"054051";"Spoleto";27;196;7;0;0;0;0;0;203;119;21;1;0;0;0;0;141;344
"054051";"Spoleto";28;164;9;0;0;0;0;0;173;154;39;0;0;0;0;0;193;366
"054051";"Spoleto";29;181;16;0;0;0;0;0;197;129;22;0;0;0;0;0;151;348
"054051";"Spoleto";30;158;21;0;0;0;0;0;179;107;42;1;0;0;0;0;150;329
"054051";"Spoleto";31;162;36;0;0;0;0;0;198;118;56;0;0;0;0;0;174;372
"054051";"Spoleto";32;168;42;1;0;0;0;0;211;120;76;4;0;0;0;0;200;411
"054051";"Spoleto";33;155;56;1;0;0;0;0;212;83;80;2;0;0;0;0;165;377
"054051";"Spoleto";34;126;52;2;0;0;0;0;180;91;96;3;0;0;0;0;190;370
"054051";"Spoleto";35;129;51;5;0;0;0;0;185;83;83;2;0;0;0;0;168;353
"054051";"Spoleto";36;107;75;1;0;0;0;0;183;73;105;3;0;0;0;0;181;364
"054051";"Spoleto";37;131;82;0;0;0;0;0;213;84;111;7;0;0;0;0;202;415
"054051";"Spoleto";38;106;69;5;0;0;0;0;180;70;110;4;0;0;0;0;184;364
"054051";"Spoleto";39;111;90;4;0;0;0;0;205;79;115;6;3;0;0;0;203;408
"054051";"Spoleto";40;105;96;7;0;0;0;0;208;80;132;7;0;0;0;0;219;427
"054051";"Spoleto";41;111;117;1;0;0;0;0;229;48;160;2;1;0;0;0;211;440
"054051";"Spoleto";42;100;149;3;1;0;0;0;253;80;130;6;4;0;0;0;220;473
"054051";"Spoleto";43;86;124;11;0;0;0;0;221;76;163;5;4;0;0;0;248;469
"054051";"Spoleto";44;93;133;6;1;0;0;0;233;50;183;13;3;0;0;0;249;482
"054051";"Spoleto";45;109;155;9;0;0;0;0;273;75;172;16;2;0;0;0;265;538
"054051";"Spoleto";46;89;190;12;1;0;0;0;292;80;190;13;7;0;0;0;290;582
"054051";"Spoleto";47;95;167;12;1;1;0;0;276;58;213;20;7;0;0;0;298;574
"054051";"Spoleto";48;76;175;14;4;2;0;0;271;56;170;22;8;1;0;0;257;528
"054051";"Spoleto";49;78;192;15;1;0;0;0;286;66;213;19;4;0;0;0;302;588
"054051";"Spoleto";50;82;198;20;2;0;0;0;302;51;216;18;6;0;0;0;291;593
"054051";"Spoleto";51;71;227;18;1;0;0;0;317;36;206;25;5;0;0;0;272;589
"054051";"Spoleto";52;63;223;17;2;0;0;0;305;45;236;31;14;0;0;0;326;631
"054051";"Spoleto";53;58;189;25;0;0;0;0;272;49;226;25;5;0;0;0;305;577
"054051";"Spoleto";54;66;180;16;2;0;0;0;264;41;229;18;11;0;0;0;299;563
"054051";"Spoleto";55;46;198;17;4;0;0;0;265;40;233;24;10;0;0;0;307;572
"054051";"Spoleto";56;50;258;15;6;0;0;0;329;36;228;27;11;0;0;0;302;631
"054051";"Spoleto";57;34;221;16;3;0;0;0;274;27;221;21;14;0;0;0;283;557
"054051";"Spoleto";58;48;212;16;1;0;0;0;277;30;226;17;20;0;0;0;293;570
"054051";"Spoleto";59;35;215;19;3;0;0;0;272;26;221;21;20;0;0;0;288;560
"054051";"Spoleto";60;32;191;17;7;0;0;0;247;37;217;26;16;0;0;0;296;543
"054051";"Spoleto";61;20;221;8;4;0;0;0;253;25;205;15;21;0;0;0;266;519
"054051";"Spoleto";62;28;185;10;3;0;0;0;226;20;197;23;22;0;0;0;262;488
"054051";"Spoleto";63;24;204;15;8;0;0;0;251;17;188;22;25;0;0;0;252;503
"054051";"Spoleto";64;30;200;16;7;0;0;0;253;16;188;26;26;0;0;0;256;509
"054051";"Spoleto";65;28;190;15;5;0;0;0;238;20;191;15;25;0;0;0;251;489
"054051";"Spoleto";66;13;165;9;7;0;0;0;194;18;205;9;26;0;0;0;258;452
"054051";"Spoleto";67;20;162;11;7;0;0;0;200;19;168;12;41;0;0;0;240;440
"054051";"Spoleto";68;24;194;7;7;0;0;0;232;12;179;12;38;0;0;0;241;473
"054051";"Spoleto";69;15;186;5;6;0;0;0;212;15;189;17;48;0;0;0;269;481
"054051";"Spoleto";70;16;213;12;15;0;0;0;256;21;196;10;44;0;0;0;271;527
"054051";"Spoleto";71;11;226;9;9;0;0;0;255;14;178;11;57;0;0;0;260;515
"054051";"Spoleto";72;17;218;7;14;0;0;0;256;17;218;9;52;0;0;0;296;552
"054051";"Spoleto";73;15;193;8;14;0;0;0;230;16;155;6;56;0;0;0;233;463
"054051";"Spoleto";74;10;164;7;11;0;0;0;192;23;160;6;64;0;0;0;253;445
"054051";"Spoleto";75;10;150;2;20;0;0;0;182;14;133;6;65;0;0;0;218;400
"054051";"Spoleto";76;11;153;2;4;0;0;0;170;8;141;4;89;0;0;0;242;412
"054051";"Spoleto";77;6;176;3;17;0;0;0;202;20;142;4;82;0;0;0;248;450
"054051";"Spoleto";78;19;152;2;20;0;0;0;193;20;124;5;87;0;0;0;236;429
"054051";"Spoleto";79;8;144;3;19;0;0;0;174;13;88;3;84;0;0;0;188;362
"054051";"Spoleto";80;11;146;3;19;0;0;0;179;14;110;3;97;0;0;0;224;403
"054051";"Spoleto";81;8;135;4;20;0;0;0;167;14;99;2;102;0;0;0;217;384
"054051";"Spoleto";82;10;115;4;13;0;0;0;142;10;76;4;126;0;0;0;216;358
"054051";"Spoleto";83;9;105;0;20;0;0;0;134;8;59;4;120;0;0;0;191;325
"054051";"Spoleto";84;5;85;1;15;0;0;0;106;11;56;2;108;0;0;0;177;283
"054051";"Spoleto";85;11;76;2;30;0;0;0;119;13;37;3;103;0;0;0;156;275
"054051";"Spoleto";86;9;67;0;24;0;0;0;100;10;38;2;125;0;0;0;175;275
"054051";"Spoleto";87;7;59;0;21;0;0;0;87;7;21;4;115;0;0;0;147;234
"054051";"Spoleto";88;7;48;0;18;0;0;0;73;8;21;1;99;0;0;0;129;202
"054051";"Spoleto";89;4;37;0;18;0;0;0;59;5;19;2;115;0;0;0;141;200
"054051";"Spoleto";90;4;26;0;13;0;0;0;43;5;6;1;101;0;0;0;113;156
"054051";"Spoleto";91;2;36;0;17;0;0;0;55;12;5;1;73;0;0;0;91;146
"054051";"Spoleto";92;0;20;2;16;0;0;0;38;4;3;0;59;0;0;0;66;104
"054051";"Spoleto";93;2;12;0;15;0;0;0;29;6;2;1;56;0;0;0;65;94
"054051";"Spoleto";94;0;5;1;12;0;0;0;18;3;2;2;48;0;0;0;55;73
"054051";"Spoleto";95;1;4;0;7;0;0;0;12;0;1;0;43;0;0;0;44;56
"054051";"Spoleto";96;2;4;0;9;0;0;0;15;1;0;0;26;0;0;0;27;42
"054051";"Spoleto";97;0;5;0;2;0;0;0;7;3;0;1;24;0;0;0;28;35
"054051";"Spoleto";98;0;1;0;3;0;0;0;4;2;0;0;19;0;0;0;21;25
"054051";"Spoleto";99;0;1;0;2;0;0;0;3;0;0;0;10;0;0;0;10;13
"054051";"Spoleto";100;0;0;0;1;0;0;0;1;0;0;0;15;0;0;0;15;16
"054051";"Spoleto";999;7973;8907;473;532;3;0;0;17888;6669;8988;657;2711;1;0;0;19026;36914
"054052";"Todi";0;40;0;0;0;;;;40;38;0;0;0;;;;38;78
"054052";"Todi";1;29;0;0;0;;;;29;41;0;0;0;;;;41;70
"054052";"Todi";2;41;0;0;0;;;;41;51;0;0;0;;;;51;92
"054052";"Todi";3;51;0;0;0;;;;51;50;0;0;0;;;;50;101
"054052";"Todi";4;58;0;0;0;;;;58;65;0;0;0;;;;65;123
"054052";"Todi";5;68;0;0;0;;;;68;57;0;0;0;;;;57;125
"054052";"Todi";6;67;0;0;0;;;;67;53;0;0;0;;;;53;120
"054052";"Todi";7;67;0;0;0;;;;67;64;0;0;0;;;;64;131
"054052";"Todi";8;70;0;0;0;;;;70;62;0;0;0;;;;62;132
"054052";"Todi";9;67;0;0;0;;;;67;62;0;0;0;;;;62;129
"054052";"Todi";10;76;0;0;0;;;;76;71;0;0;0;;;;71;147
"054052";"Todi";11;56;0;0;0;;;;56;58;0;0;0;;;;58;114
"054052";"Todi";12;67;0;0;0;;;;67;65;0;0;0;;;;65;132
"054052";"Todi";13;78;0;0;0;;;;78;69;0;0;0;;;;69;147
"054052";"Todi";14;61;0;0;0;;;;61;58;0;0;0;;;;58;119
"054052";"Todi";15;75;0;0;0;;;;75;63;0;0;0;;;;63;138
"054052";"Todi";16;51;0;0;0;;;;51;68;0;0;0;;;;68;119
"054052";"Todi";17;64;0;0;0;;;;64;59;0;0;0;;;;59;123
"054052";"Todi";18;63;0;0;0;;;;63;60;0;0;0;;;;60;123
"054052";"Todi";19;75;0;0;0;;;;75;64;0;0;0;;;;64;139
"054052";"Todi";20;69;0;0;0;;;;69;77;0;0;0;;;;77;146
"054052";"Todi";21;80;0;0;0;;;;80;54;0;0;0;;;;54;134
"054052";"Todi";22;59;0;0;0;;;;59;68;1;0;0;;;;69;128
"054052";"Todi";23;71;0;0;0;;;;71;63;1;0;0;;;;64;135
"054052";"Todi";24;69;0;0;0;;;;69;62;6;0;0;;;;68;137
"054052";"Todi";25;86;0;0;0;;;;86;66;4;0;0;;;;70;156
"054052";"Todi";26;66;0;0;0;;;;66;71;7;0;0;;;;78;144
"054052";"Todi";27;78;1;0;0;;;;79;72;8;1;0;;;;81;160
"054052";"Todi";28;87;8;0;0;;;;95;55;19;0;0;;;;74;169
"054052";"Todi";29;61;6;0;0;;;;67;58;22;0;1;;;;81;148
"054052";"Todi";30;81;7;0;0;;;;88;54;15;1;0;;;;70;158
"054052";"Todi";31;72;14;1;0;;;;87;62;24;0;0;;;;86;173
"054052";"Todi";32;59;7;1;0;;;;67;38;35;2;0;;;;75;142
"054052";"Todi";33;61;16;0;0;;;;77;43;39;1;0;;;;83;160
"054052";"Todi";34;69;27;0;0;;;;96;36;29;2;0;;;;67;163
"054052";"Todi";35;47;26;2;0;;;;75;29;42;1;0;;;;72;147
"054052";"Todi";36;36;39;1;0;;;;76;32;45;3;0;;;;80;156
"054052";"Todi";37;36;46;1;0;;;;83;27;63;1;0;;;;91;174
"054052";"Todi";38;41;43;1;0;;;;85;34;43;3;0;;;;80;165
"054052";"Todi";39;53;48;3;0;;;;104;28;51;1;1;;;;81;185
"054052";"Todi";40;47;56;3;0;;;;106;23;41;5;0;;;;69;175
"054052";"Todi";41;40;57;1;0;;;;98;24;46;4;0;;;;74;172
"054052";"Todi";42;35;47;2;0;;;;84;35;76;2;0;;;;113;197
"054052";"Todi";43;38;53;1;1;;;;93;25;84;2;1;;;;112;205
"054052";"Todi";44;42;70;3;1;;;;116;18;90;3;0;;;;111;227
"054052";"Todi";45;39;52;5;0;;;;96;24;89;3;0;;;;116;212
"054052";"Todi";46;41;64;4;0;;;;109;35;69;4;4;;;;112;221
"054052";"Todi";47;30;62;1;2;;;;95;24;71;11;0;;;;106;201
"054052";"Todi";48;29;93;4;0;;;;126;16;88;3;3;;;;110;236
"054052";"Todi";49;31;65;3;0;;;;99;21;96;11;2;;;;130;229
"054052";"Todi";50;22;94;6;1;;;;123;26;89;4;3;;;;122;245
"054052";"Todi";51;26;96;2;1;;;;125;11;95;7;2;;;;115;240
"054052";"Todi";52;23;71;9;2;;;;105;20;117;9;4;;;;150;255
"054052";"Todi";53;19;79;3;0;;;;101;19;84;9;2;;;;114;215
"054052";"Todi";54;23;107;4;1;;;;135;20;97;8;4;;;;129;264
"054052";"Todi";55;26;110;4;2;;;;142;16;112;8;7;;;;143;285
"054052";"Todi";56;23;114;3;1;;;;141;25;115;6;5;;;;151;292
"054052";"Todi";57;23;88;7;0;;;;118;11;102;11;9;;;;133;251
"054052";"Todi";58;19;78;8;0;;;;105;15;110;9;5;;;;139;244
"054052";"Todi";59;18;124;5;1;;;;148;7;98;6;5;;;;116;264
"054052";"Todi";60;15;100;3;0;;;;118;9;98;5;8;;;;120;238
"054052";"Todi";61;22;87;5;2;;;;116;13;87;7;10;;;;117;233
"054052";"Todi";62;11;95;7;2;;;;115;16;98;5;7;;;;126;241
"054052";"Todi";63;17;88;2;1;;;;108;6;92;4;6;;;;108;216
"054052";"Todi";64;7;67;1;1;;;;76;8;88;8;12;;;;116;192
"054052";"Todi";65;7;100;7;3;;;;117;7;75;6;9;;;;97;214
"054052";"Todi";66;6;91;9;0;;;;106;6;82;7;11;;;;106;212
"054052";"Todi";67;15;97;3;4;;;;119;7;89;5;13;;;;114;233
"054052";"Todi";68;8;80;5;7;;;;100;10;51;5;14;;;;80;180
"054052";"Todi";69;8;89;1;4;;;;102;6;91;5;13;;;;115;217
"054052";"Todi";70;4;87;6;4;;;;101;12;73;4;19;;;;108;209
"054052";"Todi";71;11;77;6;3;;;;97;2;72;5;26;;;;105;202
"054052";"Todi";72;8;78;2;5;;;;93;9;73;3;23;;;;108;201
"054052";"Todi";73;9;67;0;3;;;;79;3;58;1;23;;;;85;164
"054052";"Todi";74;9;69;2;9;;;;89;6;68;2;32;;;;108;197
"054052";"Todi";75;5;45;0;3;;;;53;7;47;3;31;;;;88;141
"054052";"Todi";76;3;69;4;7;;;;83;10;54;1;31;;;;96;179
"054052";"Todi";77;9;55;3;2;;;;69;6;58;2;36;;;;102;171
"054052";"Todi";78;6;52;4;4;;;;66;4;33;2;43;;;;82;148
"054052";"Todi";79;4;53;1;7;;;;65;6;33;4;27;;;;70;135
"054052";"Todi";80;9;81;2;8;;;;100;3;51;2;54;;;;110;210
"054052";"Todi";81;6;59;0;14;;;;79;5;46;1;62;;;;114;193
"054052";"Todi";82;11;47;5;7;;;;70;4;44;1;46;;;;95;165
"054052";"Todi";83;7;52;1;5;;;;65;9;29;1;58;;;;97;162
"054052";"Todi";84;5;48;1;8;;;;62;12;36;0;47;;;;95;157
"054052";"Todi";85;5;40;1;10;;;;56;7;25;0;46;;;;78;134
"054052";"Todi";86;6;39;0;15;;;;60;7;7;0;54;;;;68;128
"054052";"Todi";87;2;29;0;13;;;;44;3;22;1;53;;;;79;123
"054052";"Todi";88;5;33;0;11;;;;49;3;13;0;53;;;;69;118
"054052";"Todi";89;4;18;0;11;;;;33;5;8;0;35;;;;48;81
"054052";"Todi";90;2;22;0;8;;;;32;3;6;2;43;;;;54;86
"054052";"Todi";91;1;11;0;3;;;;15;1;0;1;37;;;;39;54
"054052";"Todi";92;2;10;0;8;;;;20;3;1;1;30;;;;35;55
"054052";"Todi";93;0;9;0;2;;;;11;3;1;0;32;;;;36;47
"054052";"Todi";94;0;5;1;2;;;;8;4;1;0;20;;;;25;33
"054052";"Todi";95;0;4;1;2;;;;7;4;1;0;29;;;;34;41
"054052";"Todi";96;1;1;0;2;;;;4;0;0;0;17;;;;17;21
"054052";"Todi";97;0;0;0;2;;;;2;1;1;0;9;;;;11;13
"054052";"Todi";98;0;3;0;0;;;;3;2;0;1;6;;;;9;12
"054052";"Todi";99;0;0;0;0;;;;0;1;0;0;3;;;;4;4
"054052";"Todi";100;0;0;0;2;;;;2;0;0;0;3;;;;3;5
"054052";"Todi";999;3349;3925;171;217;;;;7662;2855;3935;236;1189;;;;8215;15877
"054053";"Torgiano";0;22;0;0;0;;;;22;25;0;0;0;;;;25;47
"054053";"Torgiano";1;17;0;0;0;;;;17;14;0;0;0;;;;14;31
"054053";"Torgiano";2;28;0;0;0;;;;28;30;0;0;0;;;;30;58
"054053";"Torgiano";3;29;0;0;0;;;;29;23;0;0;0;;;;23;52
"054053";"Torgiano";4;20;0;0;0;;;;20;31;0;0;0;;;;31;51
"054053";"Torgiano";5;40;0;0;0;;;;40;24;0;0;0;;;;24;64
"054053";"Torgiano";6;36;0;0;0;;;;36;31;0;0;0;;;;31;67
"054053";"Torgiano";7;38;0;0;0;;;;38;42;0;0;0;;;;42;80
"054053";"Torgiano";8;34;0;0;0;;;;34;27;0;0;0;;;;27;61
"054053";"Torgiano";9;28;0;0;0;;;;28;32;0;0;0;;;;32;60
"054053";"Torgiano";10;45;0;0;0;;;;45;25;0;0;0;;;;25;70
"054053";"Torgiano";11;36;0;0;0;;;;36;25;0;0;0;;;;25;61
"054053";"Torgiano";12;47;0;0;0;;;;47;35;0;0;0;;;;35;82
"054053";"Torgiano";13;40;0;0;0;;;;40;34;0;0;0;;;;34;74
"054053";"Torgiano";14;32;0;0;0;;;;32;37;0;0;0;;;;37;69
"054053";"Torgiano";15;26;0;0;0;;;;26;30;0;0;0;;;;30;56
"054053";"Torgiano";16;30;0;0;0;;;;30;31;0;0;0;;;;31;61
"054053";"Torgiano";17;35;0;0;0;;;;35;23;0;0;0;;;;23;58
"054053";"Torgiano";18;29;0;0;0;;;;29;41;0;0;0;;;;41;70
"054053";"Torgiano";19;32;0;0;0;;;;32;31;0;0;0;;;;31;63
"054053";"Torgiano";20;26;0;0;0;;;;26;25;0;0;0;;;;25;51
"054053";"Torgiano";21;31;0;0;0;;;;31;26;1;0;0;;;;27;58
"054053";"Torgiano";22;36;0;0;0;;;;36;31;1;0;0;;;;32;68
"054053";"Torgiano";23;25;0;0;0;;;;25;26;1;0;0;;;;27;52
"054053";"Torgiano";24;34;0;0;0;;;;34;26;1;0;0;;;;27;61
"054053";"Torgiano";25;27;1;0;0;;;;28;28;0;0;0;;;;28;56
"054053";"Torgiano";26;27;0;0;0;;;;27;30;2;0;0;;;;32;59
"054053";"Torgiano";27;32;1;0;0;;;;33;29;3;0;0;;;;32;65
"054053";"Torgiano";28;32;0;0;0;;;;32;31;5;0;0;;;;36;68
"054053";"Torgiano";29;27;1;0;0;;;;28;23;6;0;0;;;;29;57
"054053";"Torgiano";30;27;5;0;0;;;;32;21;11;0;0;;;;32;64
"054053";"Torgiano";31;24;8;0;0;;;;32;21;8;0;0;;;;29;61
"054053";"Torgiano";32;34;5;0;0;;;;39;18;11;0;0;;;;29;68
"054053";"Torgiano";33;23;6;0;0;;;;29;13;12;1;0;;;;26;55
"054053";"Torgiano";34;14;12;0;0;;;;26;19;16;0;0;;;;35;61
"054053";"Torgiano";35;32;9;0;0;;;;41;17;7;1;0;;;;25;66
"054053";"Torgiano";36;19;11;0;0;;;;30;16;19;4;0;;;;39;69
"054053";"Torgiano";37;17;15;0;0;;;;32;10;34;3;0;;;;47;79
"054053";"Torgiano";38;22;25;2;0;;;;49;14;25;2;0;;;;41;90
"054053";"Torgiano";39;22;28;0;0;;;;50;14;24;1;0;;;;39;89
"054053";"Torgiano";40;18;19;2;0;;;;39;9;30;0;0;;;;39;78
"054053";"Torgiano";41;21;26;1;0;;;;48;16;36;0;1;;;;53;101
"054053";"Torgiano";42;17;31;0;0;;;;48;13;39;4;0;;;;56;104
"054053";"Torgiano";43;20;32;1;0;;;;53;14;31;2;0;;;;47;100
"054053";"Torgiano";44;28;41;4;0;;;;73;12;56;4;1;;;;73;146
"054053";"Torgiano";45;11;45;0;0;;;;56;17;45;0;0;;;;62;118
"054053";"Torgiano";46;19;36;2;0;;;;57;17;48;4;0;;;;69;126
"054053";"Torgiano";47;21;42;3;0;;;;66;6;36;4;0;;;;46;112
"054053";"Torgiano";48;11;44;4;0;;;;59;4;45;3;0;;;;52;111
"054053";"Torgiano";49;14;39;1;0;;;;54;19;34;4;1;;;;58;112
"054053";"Torgiano";50;12;48;1;0;;;;61;10;41;4;0;;;;55;116
"054053";"Torgiano";51;12;35;3;0;;;;50;7;46;7;1;;;;61;111
"054053";"Torgiano";52;5;34;3;1;;;;43;6;42;3;4;;;;55;98
"054053";"Torgiano";53;7;44;1;0;;;;52;5;43;3;2;;;;53;105
"054053";"Torgiano";54;5;33;6;1;;;;45;7;45;3;2;;;;57;102
"054053";"Torgiano";55;8;39;5;1;;;;53;13;32;3;3;;;;51;104
"054053";"Torgiano";56;2;42;2;0;;;;46;0;37;4;2;;;;43;89
"054053";"Torgiano";57;8;50;7;2;;;;67;3;42;3;0;;;;48;115
"054053";"Torgiano";58;3;29;3;1;;;;36;3;39;3;2;;;;47;83
"054053";"Torgiano";59;5;44;4;2;;;;55;6;35;1;3;;;;45;100
"054053";"Torgiano";60;9;36;1;0;;;;46;8;44;2;0;;;;54;100
"054053";"Torgiano";61;5;30;3;0;;;;38;3;35;3;6;;;;47;85
"054053";"Torgiano";62;3;33;1;0;;;;37;4;34;2;4;;;;44;81
"054053";"Torgiano";63;3;47;3;1;;;;54;3;36;4;1;;;;44;98
"054053";"Torgiano";64;2;36;4;1;;;;43;3;24;0;2;;;;29;72
"054053";"Torgiano";65;5;28;2;1;;;;36;1;27;3;4;;;;35;71
"054053";"Torgiano";66;3;26;1;1;;;;31;4;37;3;4;;;;48;79
"054053";"Torgiano";67;2;31;2;2;;;;37;1;36;1;4;;;;42;79
"054053";"Torgiano";68;3;26;3;1;;;;33;4;25;2;7;;;;38;71
"054053";"Torgiano";69;4;28;1;4;;;;37;3;30;2;13;;;;48;85
"054053";"Torgiano";70;4;27;0;2;;;;33;1;20;1;15;;;;37;70
"054053";"Torgiano";71;4;29;1;2;;;;36;1;33;1;4;;;;39;75
"054053";"Torgiano";72;0;28;0;1;;;;29;2;36;2;8;;;;48;77
"054053";"Torgiano";73;1;34;0;7;;;;42;2;30;3;9;;;;44;86
"054053";"Torgiano";74;2;29;4;2;;;;37;2;16;1;9;;;;28;65
"054053";"Torgiano";75;4;22;0;2;;;;28;0;12;1;6;;;;19;47
"054053";"Torgiano";76;4;21;0;2;;;;27;1;19;0;10;;;;30;57
"054053";"Torgiano";77;3;30;1;3;;;;37;1;17;0;16;;;;34;71
"054053";"Torgiano";78;2;19;0;1;;;;22;0;19;1;13;;;;33;55
"054053";"Torgiano";79;2;16;2;2;;;;22;1;11;0;16;;;;28;50
"054053";"Torgiano";80;2;18;0;11;;;;31;2;13;0;12;;;;27;58
"054053";"Torgiano";81;0;20;0;3;;;;23;3;8;0;16;;;;27;50
"054053";"Torgiano";82;1;19;0;3;;;;23;0;9;0;20;;;;29;52
"054053";"Torgiano";83;1;13;0;4;;;;18;0;9;0;18;;;;27;45
"054053";"Torgiano";84;1;7;0;7;;;;15;1;7;1;13;;;;22;37
"054053";"Torgiano";85;2;9;0;2;;;;13;0;5;0;14;;;;19;32
"054053";"Torgiano";86;1;7;1;0;;;;9;1;8;0;19;;;;28;37
"054053";"Torgiano";87;2;13;0;1;;;;16;1;6;0;8;;;;15;31
"054053";"Torgiano";88;0;10;0;1;;;;11;0;6;0;12;;;;18;29
"054053";"Torgiano";89;0;4;0;2;;;;6;0;0;0;15;;;;15;21
"054053";"Torgiano";90;0;13;0;2;;;;15;0;2;0;17;;;;19;34
"054053";"Torgiano";91;0;3;0;1;;;;4;0;0;0;9;;;;9;13
"054053";"Torgiano";92;1;1;0;2;;;;4;0;0;0;16;;;;16;20
"054053";"Torgiano";93;0;1;0;3;;;;4;0;1;0;12;;;;13;17
"054053";"Torgiano";94;0;0;0;3;;;;3;0;0;0;4;;;;4;7
"054053";"Torgiano";95;0;2;0;2;;;;4;0;1;0;3;;;;4;8
"054053";"Torgiano";96;0;0;0;0;;;;0;0;0;0;5;;;;5;5
"054053";"Torgiano";97;0;0;0;0;;;;0;0;0;0;5;;;;5;5
"054053";"Torgiano";98;0;0;0;0;;;;0;0;0;0;2;;;;2;2
"054053";"Torgiano";99;0;0;0;0;;;;0;0;1;0;2;;;;3;3
"054053";"Torgiano";100;0;0;0;0;;;;0;0;0;0;1;;;;1;1
"054053";"Torgiano";999;1498;1596;85;90;;;;3269;1269;1606;104;396;;;;3375;6644
"054054";"Trevi";0;33;0;0;0;;;;33;26;0;0;0;;;;26;59
"054054";"Trevi";1;25;0;0;0;;;;25;23;0;0;0;;;;23;48
"054054";"Trevi";2;32;0;0;0;;;;32;28;0;0;0;;;;28;60
"054054";"Trevi";3;28;0;0;0;;;;28;25;0;0;0;;;;25;53
"054054";"Trevi";4;36;0;0;0;;;;36;27;0;0;0;;;;27;63
"054054";"Trevi";5;50;0;0;0;;;;50;36;0;0;0;;;;36;86
"054054";"Trevi";6;31;0;0;0;;;;31;47;0;0;0;;;;47;78
"054054";"Trevi";7;41;0;0;0;;;;41;37;0;0;0;;;;37;78
"054054";"Trevi";8;40;0;0;0;;;;40;43;0;0;0;;;;43;83
"054054";"Trevi";9;36;0;0;0;;;;36;37;0;0;0;;;;37;73
"054054";"Trevi";10;40;0;0;0;;;;40;41;0;0;0;;;;41;81
"054054";"Trevi";11;35;0;0;0;;;;35;33;0;0;0;;;;33;68
"054054";"Trevi";12;45;0;0;0;;;;45;46;0;0;0;;;;46;91
"054054";"Trevi";13;42;0;0;0;;;;42;43;0;0;0;;;;43;85
"054054";"Trevi";14;38;0;0;0;;;;38;39;0;0;0;;;;39;77
"054054";"Trevi";15;42;0;0;0;;;;42;29;0;0;0;;;;29;71
"054054";"Trevi";16;46;0;0;0;;;;46;32;0;0;0;;;;32;78
"054054";"Trevi";17;34;0;0;0;;;;34;29;0;0;0;;;;29;63
"054054";"Trevi";18;27;0;0;0;;;;27;39;0;0;0;;;;39;66
"054054";"Trevi";19;49;0;0;0;;;;49;49;0;0;0;;;;49;98
"054054";"Trevi";20;22;0;0;0;;;;22;29;1;0;0;;;;30;52
"054054";"Trevi";21;38;0;0;0;;;;38;30;1;0;0;;;;31;69
"054054";"Trevi";22;33;0;0;0;;;;33;25;1;0;0;;;;26;59
"054054";"Trevi";23;34;0;0;0;;;;34;31;1;0;0;;;;32;66
"054054";"Trevi";24;26;1;0;0;;;;27;24;4;0;0;;;;28;55
"054054";"Trevi";25;23;2;0;0;;;;25;21;4;0;0;;;;25;50
"054054";"Trevi";26;39;1;0;0;;;;40;34;4;0;0;;;;38;78
"054054";"Trevi";27;34;4;0;0;;;;38;30;11;0;0;;;;41;79
"054054";"Trevi";28;33;2;0;0;;;;35;34;11;0;0;;;;45;80
"054054";"Trevi";29;36;4;0;0;;;;40;26;9;0;0;;;;35;75
"054054";"Trevi";30;41;4;0;0;;;;45;37;13;0;0;;;;50;95
"054054";"Trevi";31;33;10;0;0;;;;43;28;16;1;0;;;;45;88
"054054";"Trevi";32;33;12;0;0;;;;45;25;21;0;0;;;;46;91
"054054";"Trevi";33;39;10;0;0;;;;49;8;19;1;1;;;;29;78
"054054";"Trevi";34;33;15;0;0;;;;48;19;16;1;0;;;;36;84
"054054";"Trevi";35;27;13;1;0;;;;41;21;26;1;0;;;;48;89
"054054";"Trevi";36;36;16;1;0;;;;53;19;24;1;0;;;;44;97
"054054";"Trevi";37;21;23;1;0;;;;45;15;29;2;0;;;;46;91
"054054";"Trevi";38;40;15;0;0;;;;55;15;23;2;0;;;;40;95
"054054";"Trevi";39;20;17;0;0;;;;37;10;31;0;0;;;;41;78
"054054";"Trevi";40;20;25;2;0;;;;47;19;31;2;0;;;;52;99
"054054";"Trevi";41;20;26;3;0;;;;49;16;29;3;0;;;;48;97
"054054";"Trevi";42;24;27;0;0;;;;51;16;30;2;0;;;;48;99
"054054";"Trevi";43;9;30;2;1;;;;42;12;41;1;0;;;;54;96
"054054";"Trevi";44;28;28;0;0;;;;56;14;41;2;3;;;;60;116
"054054";"Trevi";45;25;39;1;0;;;;65;16;48;3;0;;;;67;132
"054054";"Trevi";46;27;44;4;0;;;;75;9;45;2;1;;;;57;132
"054054";"Trevi";47;22;34;1;0;;;;57;19;45;7;0;;;;71;128
"054054";"Trevi";48;15;41;2;0;;;;58;16;49;1;1;;;;67;125
"054054";"Trevi";49;14;55;4;1;;;;74;15;43;7;0;;;;65;139
"054054";"Trevi";50;15;34;3;0;;;;52;12;46;4;0;;;;62;114
"054054";"Trevi";51;16;52;4;1;;;;73;8;51;3;0;;;;62;135
"054054";"Trevi";52;10;45;2;0;;;;57;7;53;6;1;;;;67;124
"054054";"Trevi";53;13;51;3;0;;;;67;14;53;3;3;;;;73;140
"054054";"Trevi";54;13;48;4;1;;;;66;12;47;6;0;;;;65;131
"054054";"Trevi";55;7;41;1;2;;;;51;8;47;3;2;;;;60;111
"054054";"Trevi";56;11;51;6;0;;;;68;13;47;2;3;;;;65;133
"054054";"Trevi";57;6;47;1;1;;;;55;11;49;5;2;;;;67;122
"054054";"Trevi";58;11;52;4;0;;;;67;3;42;6;7;;;;58;125
"054054";"Trevi";59;9;41;3;1;;;;54;4;47;4;2;;;;57;111
"054054";"Trevi";60;3;55;6;0;;;;64;4;47;3;7;;;;61;125
"054054";"Trevi";61;7;45;4;0;;;;56;5;48;4;5;;;;62;118
"054054";"Trevi";62;6;44;1;2;;;;53;7;42;4;4;;;;57;110
"054054";"Trevi";63;4;50;5;2;;;;61;7;39;5;17;;;;68;129
"054054";"Trevi";64;6;43;4;1;;;;54;3;36;2;5;;;;46;100
"054054";"Trevi";65;2;29;3;0;;;;34;3;31;2;4;;;;40;74
"054054";"Trevi";66;6;39;4;0;;;;49;7;30;4;8;;;;49;98
"054054";"Trevi";67;6;40;3;1;;;;50;1;44;1;9;;;;55;105
"054054";"Trevi";68;4;38;4;4;;;;50;5;35;1;4;;;;45;95
"054054";"Trevi";69;3;45;2;1;;;;51;1;34;1;9;;;;45;96
"054054";"Trevi";70;1;30;2;5;;;;38;5;60;3;8;;;;76;114
"054054";"Trevi";71;5;45;1;3;;;;54;1;32;3;12;;;;48;102
"054054";"Trevi";72;1;48;0;3;;;;52;3;44;0;12;;;;59;111
"054054";"Trevi";73;4;39;0;3;;;;46;4;28;0;12;;;;44;90
"054054";"Trevi";74;2;28;1;5;;;;36;6;33;0;17;;;;56;92
"054054";"Trevi";75;2;46;1;3;;;;52;4;34;1;18;;;;57;109
"054054";"Trevi";76;2;31;0;3;;;;36;1;25;1;12;;;;39;75
"054054";"Trevi";77;3;47;0;4;;;;54;2;27;1;16;;;;46;100
"054054";"Trevi";78;3;24;0;6;;;;33;1;22;0;20;;;;43;76
"054054";"Trevi";79;3;26;0;5;;;;34;3;20;0;21;;;;44;78
"054054";"Trevi";80;0;30;1;4;;;;35;3;17;2;16;;;;38;73
"054054";"Trevi";81;1;19;1;2;;;;23;4;17;0;28;;;;49;72
"054054";"Trevi";82;1;25;1;8;;;;35;1;11;0;30;;;;42;77
"054054";"Trevi";83;1;24;0;5;;;;30;5;14;0;28;;;;47;77
"054054";"Trevi";84;0;18;0;2;;;;20;3;5;0;18;;;;26;46
"054054";"Trevi";85;1;14;3;6;;;;24;2;9;0;24;;;;35;59
"054054";"Trevi";86;2;15;2;5;;;;24;0;8;0;17;;;;25;49
"054054";"Trevi";87;2;13;0;2;;;;17;0;5;0;18;;;;23;40
"054054";"Trevi";88;0;11;0;4;;;;15;1;5;0;15;;;;21;36
"054054";"Trevi";89;0;7;0;8;;;;15;0;3;0;23;;;;26;41
"054054";"Trevi";90;2;2;0;4;;;;8;1;1;0;21;;;;23;31
"054054";"Trevi";91;1;7;0;2;;;;10;0;1;0;12;;;;13;23
"054054";"Trevi";92;0;5;0;1;;;;6;0;0;0;16;;;;16;22
"054054";"Trevi";93;0;2;0;2;;;;4;1;1;0;10;;;;12;16
"054054";"Trevi";94;0;1;0;2;;;;3;2;0;0;14;;;;16;19
"054054";"Trevi";95;0;0;0;4;;;;4;0;0;0;7;;;;7;11
"054054";"Trevi";96;0;0;0;0;;;;0;3;0;0;4;;;;7;7
"054054";"Trevi";97;0;0;0;0;;;;0;1;0;0;2;;;;3;3
"054054";"Trevi";98;0;2;0;0;;;;2;0;0;0;4;;;;4;6
"054054";"Trevi";99;1;0;0;0;;;;1;0;0;0;1;;;;1;2
"054054";"Trevi";100;0;1;0;1;;;;2;0;0;0;4;;;;4;6
"054054";"Trevi";999;1791;1948;102;121;;;;3962;1534;1957;119;558;;;;4168;8130
"054055";"Tuoro sul Trasimeno";0;11;0;0;0;;;;11;10;0;0;0;;;;10;21
"054055";"Tuoro sul Trasimeno";1;11;0;0;0;;;;11;9;0;0;0;;;;9;20
"054055";"Tuoro sul Trasimeno";2;6;0;0;0;;;;6;11;0;0;0;;;;11;17
"054055";"Tuoro sul Trasimeno";3;12;0;0;0;;;;12;10;0;0;0;;;;10;22
"054055";"Tuoro sul Trasimeno";4;18;0;0;0;;;;18;19;0;0;0;;;;19;37
"054055";"Tuoro sul Trasimeno";5;19;0;0;0;;;;19;7;0;0;0;;;;7;26
"054055";"Tuoro sul Trasimeno";6;6;0;0;0;;;;6;21;0;0;0;;;;21;27
"054055";"Tuoro sul Trasimeno";7;11;0;0;0;;;;11;11;0;0;0;;;;11;22
"054055";"Tuoro sul Trasimeno";8;12;0;0;0;;;;12;18;0;0;0;;;;18;30
"054055";"Tuoro sul Trasimeno";9;21;0;0;0;;;;21;12;0;0;0;;;;12;33
"054055";"Tuoro sul Trasimeno";10;14;0;0;0;;;;14;12;0;0;0;;;;12;26
"054055";"Tuoro sul Trasimeno";11;18;0;0;0;;;;18;9;0;0;0;;;;9;27
"054055";"Tuoro sul Trasimeno";12;15;0;0;0;;;;15;12;0;0;0;;;;12;27
"054055";"Tuoro sul Trasimeno";13;17;0;0;0;;;;17;15;0;0;0;;;;15;32
"054055";"Tuoro sul Trasimeno";14;24;0;0;0;;;;24;24;0;0;0;;;;24;48
"054055";"Tuoro sul Trasimeno";15;15;0;0;0;;;;15;23;0;0;0;;;;23;38
"054055";"Tuoro sul Trasimeno";16;11;0;0;0;;;;11;10;0;0;0;;;;10;21
"054055";"Tuoro sul Trasimeno";17;17;0;0;0;;;;17;12;0;0;0;;;;12;29
"054055";"Tuoro sul Trasimeno";18;14;0;0;0;;;;14;21;0;0;0;;;;21;35
"054055";"Tuoro sul Trasimeno";19;16;0;0;0;;;;16;19;0;0;0;;;;19;35
"054055";"Tuoro sul Trasimeno";20;18;0;0;0;;;;18;17;0;0;0;;;;17;35
"054055";"Tuoro sul Trasimeno";21;15;0;0;0;;;;15;22;0;0;0;;;;22;37
"054055";"Tuoro sul Trasimeno";22;24;0;0;0;;;;24;15;0;0;0;;;;15;39
"054055";"Tuoro sul Trasimeno";23;24;0;0;0;;;;24;15;1;0;0;;;;16;40
"054055";"Tuoro sul Trasimeno";24;20;0;0;0;;;;20;15;2;0;0;;;;17;37
"054055";"Tuoro sul Trasimeno";25;20;0;0;0;;;;20;22;0;0;0;;;;22;42
"054055";"Tuoro sul Trasimeno";26;16;0;0;0;;;;16;12;2;0;0;;;;14;30
"054055";"Tuoro sul Trasimeno";27;12;0;0;0;;;;12;7;2;1;0;;;;10;22
"054055";"Tuoro sul Trasimeno";28;21;0;0;0;;;;21;8;4;0;0;;;;12;33
"054055";"Tuoro sul Trasimeno";29;15;2;0;0;;;;17;9;5;0;0;;;;14;31
"054055";"Tuoro sul Trasimeno";30;10;1;0;0;;;;11;9;6;0;0;;;;15;26
"054055";"Tuoro sul Trasimeno";31;16;3;1;0;;;;20;13;4;0;0;;;;17;37
"054055";"Tuoro sul Trasimeno";32;7;7;0;0;;;;14;10;4;0;0;;;;14;28
"054055";"Tuoro sul Trasimeno";33;14;7;0;0;;;;21;7;9;0;0;;;;16;37
"054055";"Tuoro sul Trasimeno";34;13;2;1;0;;;;16;7;7;0;0;;;;14;30
"054055";"Tuoro sul Trasimeno";35;10;9;0;0;;;;19;16;11;0;0;;;;27;46
"054055";"Tuoro sul Trasimeno";36;13;7;0;0;;;;20;9;8;0;0;;;;17;37
"054055";"Tuoro sul Trasimeno";37;12;3;0;0;;;;15;1;9;0;0;;;;10;25
"054055";"Tuoro sul Trasimeno";38;9;9;0;0;;;;18;9;12;1;0;;;;22;40
"054055";"Tuoro sul Trasimeno";39;12;12;1;0;;;;25;9;16;1;0;;;;26;51
"054055";"Tuoro sul Trasimeno";40;18;9;0;0;;;;27;5;16;0;0;;;;21;48
"054055";"Tuoro sul Trasimeno";41;11;10;1;0;;;;22;6;13;1;0;;;;20;42
"054055";"Tuoro sul Trasimeno";42;16;8;0;0;;;;24;18;16;0;0;;;;34;58
"054055";"Tuoro sul Trasimeno";43;10;17;0;0;;;;27;11;17;1;0;;;;29;56
"054055";"Tuoro sul Trasimeno";44;13;20;3;0;;;;36;5;19;0;0;;;;24;60
"054055";"Tuoro sul Trasimeno";45;10;24;0;0;;;;34;6;16;2;0;;;;24;58
"054055";"Tuoro sul Trasimeno";46;15;12;3;0;;;;30;6;22;2;2;;;;32;62
"054055";"Tuoro sul Trasimeno";47;8;17;2;0;;;;27;5;20;1;0;;;;26;53
"054055";"Tuoro sul Trasimeno";48;10;18;1;0;;;;29;5;22;6;0;;;;33;62
"054055";"Tuoro sul Trasimeno";49;10;24;0;0;;;;34;3;23;4;1;;;;31;65
"054055";"Tuoro sul Trasimeno";50;4;14;1;0;;;;19;5;16;2;1;;;;24;43
"054055";"Tuoro sul Trasimeno";51;8;31;2;0;;;;41;2;25;2;0;;;;29;70
"054055";"Tuoro sul Trasimeno";52;6;19;2;0;;;;27;8;22;2;0;;;;32;59
"054055";"Tuoro sul Trasimeno";53;7;20;3;0;;;;30;3;28;3;1;;;;35;65
"054055";"Tuoro sul Trasimeno";54;5;19;2;0;;;;26;6;16;3;0;;;;25;51
"054055";"Tuoro sul Trasimeno";55;9;23;1;0;;;;33;6;16;3;3;;;;28;61
"054055";"Tuoro sul Trasimeno";56;6;29;3;0;;;;38;4;21;5;4;;;;34;72
"054055";"Tuoro sul Trasimeno";57;2;21;1;0;;;;24;4;27;4;0;;;;35;59
"054055";"Tuoro sul Trasimeno";58;2;22;3;1;;;;28;0;29;1;1;;;;31;59
"054055";"Tuoro sul Trasimeno";59;4;20;0;1;;;;25;1;21;5;3;;;;30;55
"054055";"Tuoro sul Trasimeno";60;3;23;2;0;;;;28;2;24;2;1;;;;29;57
"054055";"Tuoro sul Trasimeno";61;3;17;2;0;;;;22;2;18;2;1;;;;23;45
"054055";"Tuoro sul Trasimeno";62;5;26;1;1;;;;33;0;18;0;0;;;;18;51
"054055";"Tuoro sul Trasimeno";63;5;18;1;1;;;;25;3;19;0;3;;;;25;50
"054055";"Tuoro sul Trasimeno";64;1;15;0;0;;;;16;6;14;3;7;;;;30;46
"054055";"Tuoro sul Trasimeno";65;2;14;1;0;;;;17;0;28;0;1;;;;29;46
"054055";"Tuoro sul Trasimeno";66;3;19;0;3;;;;25;4;18;0;2;;;;24;49
"054055";"Tuoro sul Trasimeno";67;1;20;0;0;;;;21;1;25;0;6;;;;32;53
"054055";"Tuoro sul Trasimeno";68;2;17;0;1;;;;20;1;14;2;1;;;;18;38
"054055";"Tuoro sul Trasimeno";69;5;18;0;0;;;;23;1;20;2;7;;;;30;53
"054055";"Tuoro sul Trasimeno";70;4;24;3;4;;;;35;1;13;2;5;;;;21;56
"054055";"Tuoro sul Trasimeno";71;0;31;1;3;;;;35;1;28;1;8;;;;38;73
"054055";"Tuoro sul Trasimeno";72;1;13;1;2;;;;17;2;30;1;10;;;;43;60
"054055";"Tuoro sul Trasimeno";73;1;23;0;3;;;;27;1;10;0;9;;;;20;47
"054055";"Tuoro sul Trasimeno";74;2;17;0;2;;;;21;3;8;0;5;;;;16;37
"054055";"Tuoro sul Trasimeno";75;1;10;0;2;;;;13;0;12;0;14;;;;26;39
"054055";"Tuoro sul Trasimeno";76;1;21;0;1;;;;23;0;11;2;8;;;;21;44
"054055";"Tuoro sul Trasimeno";77;2;16;0;2;;;;20;1;5;0;6;;;;12;32
"054055";"Tuoro sul Trasimeno";78;1;15;0;1;;;;17;1;10;1;7;;;;19;36
"054055";"Tuoro sul Trasimeno";79;0;16;0;0;;;;16;0;6;0;9;;;;15;31
"054055";"Tuoro sul Trasimeno";80;1;11;0;3;;;;15;1;10;0;13;;;;24;39
"054055";"Tuoro sul Trasimeno";81;0;13;0;0;;;;13;0;7;1;11;;;;19;32
"054055";"Tuoro sul Trasimeno";82;1;12;0;0;;;;13;0;11;0;15;;;;26;39
"054055";"Tuoro sul Trasimeno";83;0;9;0;2;;;;11;0;5;0;16;;;;21;32
"054055";"Tuoro sul Trasimeno";84;1;4;0;2;;;;7;0;4;0;15;;;;19;26
"054055";"Tuoro sul Trasimeno";85;0;13;0;1;;;;14;0;7;1;19;;;;27;41
"054055";"Tuoro sul Trasimeno";86;0;2;0;2;;;;4;2;2;0;7;;;;11;15
"054055";"Tuoro sul Trasimeno";87;1;8;0;2;;;;11;0;0;0;8;;;;8;19
"054055";"Tuoro sul Trasimeno";88;0;4;0;5;;;;9;0;4;0;11;;;;15;24
"054055";"Tuoro sul Trasimeno";89;1;2;0;2;;;;5;1;1;0;6;;;;8;13
"054055";"Tuoro sul Trasimeno";90;0;7;0;0;;;;7;0;1;0;9;;;;10;17
"054055";"Tuoro sul Trasimeno";91;0;3;0;0;;;;3;0;0;0;10;;;;10;13
"054055";"Tuoro sul Trasimeno";92;0;2;0;0;;;;2;0;1;0;8;;;;9;11
"054055";"Tuoro sul Trasimeno";93;1;2;0;1;;;;4;0;0;0;9;;;;9;13
"054055";"Tuoro sul Trasimeno";94;0;0;0;0;;;;0;1;0;1;4;;;;6;6
"054055";"Tuoro sul Trasimeno";95;0;0;0;1;;;;1;0;0;1;5;;;;6;7
"054055";"Tuoro sul Trasimeno";96;0;1;0;0;;;;1;1;0;0;3;;;;4;5
"054055";"Tuoro sul Trasimeno";97;0;0;0;0;;;;0;1;0;0;2;;;;3;3
"054055";"Tuoro sul Trasimeno";98;1;0;0;1;;;;2;0;0;0;2;;;;2;4
"054055";"Tuoro sul Trasimeno";99;0;0;0;1;;;;1;0;0;0;0;;;;0;1
"054055";"Tuoro sul Trasimeno";100;0;0;0;0;;;;0;0;0;0;1;;;;1;1
"054055";"Tuoro sul Trasimeno";999;813;905;43;51;;;;1812;663;891;72;300;;;;1926;3738
"054056";"Umbertide";0;59;0;0;0;;;;59;56;0;0;0;;;;56;115
"054056";"Umbertide";1;68;0;0;0;;;;68;68;0;0;0;;;;68;136
"054056";"Umbertide";2;79;0;0;0;;;;79;65;0;0;0;;;;65;144
"054056";"Umbertide";3;67;0;0;0;;;;67;69;0;0;0;;;;69;136
"054056";"Umbertide";4;79;0;0;0;;;;79;60;0;0;0;;;;60;139
"054056";"Umbertide";5;72;0;0;0;;;;72;80;0;0;0;;;;80;152
"054056";"Umbertide";6;94;0;0;0;;;;94;74;0;0;0;;;;74;168
"054056";"Umbertide";7;89;0;0;0;;;;89;78;0;0;0;;;;78;167
"054056";"Umbertide";8;65;0;0;0;;;;65;80;0;0;0;;;;80;145
"054056";"Umbertide";9;84;0;0;0;;;;84;70;0;0;0;;;;70;154
"054056";"Umbertide";10;78;0;0;0;;;;78;72;0;0;0;;;;72;150
"054056";"Umbertide";11;75;0;0;0;;;;75;84;0;0;0;;;;84;159
"054056";"Umbertide";12;78;0;0;0;;;;78;98;0;0;0;;;;98;176
"054056";"Umbertide";13;83;0;0;0;;;;83;76;0;0;0;;;;76;159
"054056";"Umbertide";14;90;0;0;0;;;;90;67;0;0;0;;;;67;157
"054056";"Umbertide";15;66;0;0;0;;;;66;75;0;0;0;;;;75;141
"054056";"Umbertide";16;73;0;0;0;;;;73;88;0;0;0;;;;88;161
"054056";"Umbertide";17;84;0;0;0;;;;84;76;0;0;0;;;;76;160
"054056";"Umbertide";18;72;0;0;0;;;;72;62;0;0;0;;;;62;134
"054056";"Umbertide";19;68;0;0;0;;;;68;66;0;0;0;;;;66;134
"054056";"Umbertide";20;65;0;0;0;;;;65;68;0;0;0;;;;68;133
"054056";"Umbertide";21;65;0;0;0;;;;65;66;3;0;0;;;;69;134
"054056";"Umbertide";22;75;0;0;0;;;;75;64;4;0;0;;;;68;143
"054056";"Umbertide";23;78;1;0;0;;;;79;67;11;0;0;;;;78;157
"054056";"Umbertide";24;78;1;0;0;;;;79;71;15;0;0;;;;86;165
"054056";"Umbertide";25;68;3;1;0;;;;72;77;8;0;0;;;;85;157
"054056";"Umbertide";26;68;9;0;0;;;;77;59;16;0;0;;;;75;152
"054056";"Umbertide";27;71;3;0;0;;;;74;57;18;0;0;;;;75;149
"054056";"Umbertide";28;78;8;0;0;;;;86;48;21;1;0;;;;70;156
"054056";"Umbertide";29;72;13;0;0;;;;85;48;24;0;0;;;;72;157
"054056";"Umbertide";30;71;16;0;0;;;;87;57;44;1;0;;;;102;189
"054056";"Umbertide";31;70;25;1;0;;;;96;47;34;0;0;;;;81;177
"054056";"Umbertide";32;62;21;0;0;;;;83;65;49;0;0;;;;114;197
"054056";"Umbertide";33;64;29;1;0;;;;94;40;48;0;0;;;;88;182
"054056";"Umbertide";34;58;31;0;0;;;;89;31;55;1;0;;;;87;176
"054056";"Umbertide";35;56;42;0;0;;;;98;38;54;1;0;;;;93;191
"054056";"Umbertide";36;57;38;4;0;;;;99;28;48;0;0;;;;76;175
"054056";"Umbertide";37;54;53;0;0;;;;107;36;61;2;1;;;;100;207
"054056";"Umbertide";38;52;66;3;0;;;;121;31;58;6;0;;;;95;216
"054056";"Umbertide";39;47;51;1;0;;;;99;39;72;4;2;;;;117;216
"054056";"Umbertide";40;51;62;0;0;;;;113;34;70;7;0;;;;111;224
"054056";"Umbertide";41;62;77;2;0;;;;141;37;79;4;4;;;;124;265
"054056";"Umbertide";42;49;62;4;0;;;;115;29;65;4;2;;;;100;215
"054056";"Umbertide";43;48;62;7;0;;;;117;29;89;4;1;;;;123;240
"054056";"Umbertide";44;42;65;2;0;;;;109;27;95;6;0;;;;128;237
"054056";"Umbertide";45;41;88;5;0;;;;134;30;87;10;0;;;;127;261
"054056";"Umbertide";46;32;104;4;0;;;;140;15;104;7;0;;;;126;266
"054056";"Umbertide";47;43;82;8;0;;;;133;21;110;9;3;;;;143;276
"054056";"Umbertide";48;30;82;3;0;;;;115;18;88;5;3;;;;114;229
"054056";"Umbertide";49;29;99;5;1;;;;134;15;90;3;2;;;;110;244
"054056";"Umbertide";50;30;83;9;1;;;;123;14;81;5;4;;;;104;227
"054056";"Umbertide";51;23;75;10;2;;;;110;23;96;6;0;;;;125;235
"054056";"Umbertide";52;20;103;5;0;;;;128;16;100;12;0;;;;128;256
"054056";"Umbertide";53;25;95;9;2;;;;131;17;80;10;0;;;;107;238
"054056";"Umbertide";54;26;111;4;2;;;;143;14;91;6;4;;;;115;258
"054056";"Umbertide";55;24;98;5;1;;;;128;17;93;4;5;;;;119;247
"054056";"Umbertide";56;19;111;2;0;;;;132;10;104;10;7;;;;131;263
"054056";"Umbertide";57;11;85;7;2;;;;105;23;96;5;13;;;;137;242
"054056";"Umbertide";58;20;79;6;2;;;;107;7;96;9;10;;;;122;229
"054056";"Umbertide";59;17;95;11;1;;;;124;9;91;8;7;;;;115;239
"054056";"Umbertide";60;19;89;1;4;;;;113;3;82;5;11;;;;101;214
"054056";"Umbertide";61;14;81;5;1;;;;101;8;95;5;12;;;;120;221
"054056";"Umbertide";62;13;73;2;1;;;;89;7;97;3;11;;;;118;207
"054056";"Umbertide";63;7;75;4;2;;;;88;8;84;1;19;;;;112;200
"054056";"Umbertide";64;10;92;1;3;;;;106;8;69;7;14;;;;98;204
"054056";"Umbertide";65;8;87;1;0;;;;96;7;87;2;13;;;;109;205
"054056";"Umbertide";66;8;69;0;3;;;;80;4;84;3;19;;;;110;190
"054056";"Umbertide";67;14;86;2;7;;;;109;4;69;3;21;;;;97;206
"054056";"Umbertide";68;4;80;5;3;;;;92;8;72;2;19;;;;101;193
"054056";"Umbertide";69;7;70;2;5;;;;84;3;69;2;11;;;;85;169
"054056";"Umbertide";70;7;100;0;6;;;;113;4;75;1;21;;;;101;214
"054056";"Umbertide";71;7;79;2;6;;;;94;8;67;9;18;;;;102;196
"054056";"Umbertide";72;12;82;4;3;;;;101;5;66;3;33;;;;107;208
"054056";"Umbertide";73;12;61;4;5;;;;82;1;66;4;29;;;;100;182
"054056";"Umbertide";74;3;81;0;10;;;;94;2;60;4;24;;;;90;184
"054056";"Umbertide";75;4;50;0;2;;;;56;4;35;2;18;;;;59;115
"054056";"Umbertide";76;8;51;1;3;;;;63;7;41;1;25;;;;74;137
"054056";"Umbertide";77;8;63;1;5;;;;77;2;60;1;37;;;;100;177
"054056";"Umbertide";78;6;43;0;2;;;;51;3;16;0;26;;;;45;96
"054056";"Umbertide";79;2;55;0;8;;;;65;4;26;0;29;;;;59;124
"054056";"Umbertide";80;0;45;1;9;;;;55;3;35;0;42;;;;80;135
"054056";"Umbertide";81;3;56;0;6;;;;65;1;35;1;46;;;;83;148
"054056";"Umbertide";82;4;51;0;5;;;;60;0;29;2;51;;;;82;142
"054056";"Umbertide";83;5;44;2;9;;;;60;0;29;0;42;;;;71;131
"054056";"Umbertide";84;3;26;1;8;;;;38;2;16;0;46;;;;64;102
"054056";"Umbertide";85;2;26;1;3;;;;32;2;15;0;51;;;;68;100
"054056";"Umbertide";86;2;31;0;6;;;;39;1;11;0;53;;;;65;104
"054056";"Umbertide";87;3;20;0;10;;;;33;1;13;0;67;;;;81;114
"054056";"Umbertide";88;3;13;1;7;;;;24;1;8;0;43;;;;52;76
"054056";"Umbertide";89;0;16;1;11;;;;28;1;4;0;46;;;;51;79
"054056";"Umbertide";90;0;13;0;7;;;;20;0;1;0;35;;;;36;56
"054056";"Umbertide";91;2;7;0;2;;;;11;1;2;0;39;;;;42;53
"054056";"Umbertide";92;2;10;0;2;;;;14;1;1;0;34;;;;36;50
"054056";"Umbertide";93;0;4;0;4;;;;8;0;0;0;24;;;;24;32
"054056";"Umbertide";94;2;3;0;4;;;;9;0;0;0;24;;;;24;33
"054056";"Umbertide";95;0;1;0;2;;;;3;0;0;0;19;;;;19;22
"054056";"Umbertide";96;0;2;0;1;;;;3;0;0;0;14;;;;14;17
"054056";"Umbertide";97;0;0;0;0;;;;0;1;0;0;5;;;;6;6
"054056";"Umbertide";98;0;0;0;1;;;;1;0;0;0;8;;;;8;9
"054056";"Umbertide";99;0;1;0;1;;;;2;0;0;0;5;;;;5;7
"054056";"Umbertide";100;0;0;0;0;;;;0;0;0;0;2;;;;2;2
"054056";"Umbertide";999;3678;3964;161;191;;;;7994;3021;3967;211;1174;;;;8373;16367
"054057";"Valfabbrica";0;10;0;0;0;;;;10;11;0;0;0;;;;11;21
"054057";"Valfabbrica";1;7;0;0;0;;;;7;12;0;0;0;;;;12;19
"054057";"Valfabbrica";2;14;0;0;0;;;;14;5;0;0;0;;;;5;19
"054057";"Valfabbrica";3;11;0;0;0;;;;11;11;0;0;0;;;;11;22
"054057";"Valfabbrica";4;10;0;0;0;;;;10;11;0;0;0;;;;11;21
"054057";"Valfabbrica";5;9;0;0;0;;;;9;11;0;0;0;;;;11;20
"054057";"Valfabbrica";6;15;0;0;0;;;;15;19;0;0;0;;;;19;34
"054057";"Valfabbrica";7;17;0;0;0;;;;17;21;0;0;0;;;;21;38
"054057";"Valfabbrica";8;12;0;0;0;;;;12;9;0;0;0;;;;9;21
"054057";"Valfabbrica";9;10;0;0;0;;;;10;17;0;0;0;;;;17;27
"054057";"Valfabbrica";10;11;0;0;0;;;;11;10;0;0;0;;;;10;21
"054057";"Valfabbrica";11;17;0;0;0;;;;17;18;0;0;0;;;;18;35
"054057";"Valfabbrica";12;8;0;0;0;;;;8;16;0;0;0;;;;16;24
"054057";"Valfabbrica";13;13;0;0;0;;;;13;14;0;0;0;;;;14;27
"054057";"Valfabbrica";14;19;0;0;0;;;;19;16;0;0;0;;;;16;35
"054057";"Valfabbrica";15;12;0;0;0;;;;12;16;0;0;0;;;;16;28
"054057";"Valfabbrica";16;12;0;0;0;;;;12;17;0;0;0;;;;17;29
"054057";"Valfabbrica";17;16;0;0;0;;;;16;14;0;0;0;;;;14;30
"054057";"Valfabbrica";18;13;0;0;0;;;;13;15;1;0;0;;;;16;29
"054057";"Valfabbrica";19;13;0;0;0;;;;13;14;0;0;0;;;;14;27
"054057";"Valfabbrica";20;16;0;0;0;;;;16;17;0;0;0;;;;17;33
"054057";"Valfabbrica";21;20;0;0;0;;;;20;20;0;0;0;;;;20;40
"054057";"Valfabbrica";22;13;0;0;0;;;;13;7;0;0;0;;;;7;20
"054057";"Valfabbrica";23;8;0;0;0;;;;8;10;0;0;0;;;;10;18
"054057";"Valfabbrica";24;17;0;0;0;;;;17;13;0;0;0;;;;13;30
"054057";"Valfabbrica";25;6;0;0;0;;;;6;10;0;0;0;;;;10;16
"054057";"Valfabbrica";26;13;0;0;0;;;;13;11;4;0;0;;;;15;28
"054057";"Valfabbrica";27;19;0;0;0;;;;19;16;3;0;0;;;;19;38
"054057";"Valfabbrica";28;18;2;0;0;;;;20;9;3;0;0;;;;12;32
"054057";"Valfabbrica";29;12;0;0;0;;;;12;11;4;0;0;;;;15;27
"054057";"Valfabbrica";30;17;5;0;0;;;;22;8;5;0;0;;;;13;35
"054057";"Valfabbrica";31;13;2;1;0;;;;16;11;5;0;0;;;;16;32
"054057";"Valfabbrica";32;11;4;0;0;;;;15;8;8;0;0;;;;16;31
"054057";"Valfabbrica";33;8;3;0;0;;;;11;7;7;0;0;;;;14;25
"054057";"Valfabbrica";34;10;5;0;0;;;;15;2;7;0;0;;;;9;24
"054057";"Valfabbrica";35;13;7;1;0;;;;21;7;12;0;0;;;;19;40
"054057";"Valfabbrica";36;12;6;0;0;;;;18;7;10;0;0;;;;17;35
"054057";"Valfabbrica";37;10;13;0;0;;;;23;6;13;1;0;;;;20;43
"054057";"Valfabbrica";38;17;9;0;0;;;;26;7;10;0;0;;;;17;43
"054057";"Valfabbrica";39;4;15;0;0;;;;19;3;17;0;0;;;;20;39
"054057";"Valfabbrica";40;6;11;0;0;;;;17;4;17;1;0;;;;22;39
"054057";"Valfabbrica";41;5;14;0;0;;;;19;4;14;1;0;;;;19;38
"054057";"Valfabbrica";42;6;13;0;0;;;;19;9;16;1;0;;;;26;45
"054057";"Valfabbrica";43;9;15;1;0;;;;25;3;17;0;0;;;;20;45
"054057";"Valfabbrica";44;8;18;0;0;;;;26;6;18;1;0;;;;25;51
"054057";"Valfabbrica";45;7;14;0;0;;;;21;3;16;0;0;;;;19;40
"054057";"Valfabbrica";46;9;15;0;0;;;;24;4;21;2;0;;;;27;51
"054057";"Valfabbrica";47;10;14;0;0;;;;24;4;16;0;1;;;;21;45
"054057";"Valfabbrica";48;9;14;0;0;;;;23;3;15;2;2;;;;22;45
"054057";"Valfabbrica";49;4;16;0;0;;;;20;5;16;2;0;;;;23;43
"054057";"Valfabbrica";50;2;26;0;0;;;;28;6;14;0;2;;;;22;50
"054057";"Valfabbrica";51;13;21;3;0;;;;37;2;19;2;0;;;;23;60
"054057";"Valfabbrica";52;2;27;1;1;;;;31;5;29;1;1;;;;36;67
"054057";"Valfabbrica";53;9;13;2;0;;;;24;0;24;3;1;;;;28;52
"054057";"Valfabbrica";54;5;20;2;0;;;;27;3;20;3;1;;;;27;54
"054057";"Valfabbrica";55;7;16;2;1;;;;26;2;20;0;0;;;;22;48
"054057";"Valfabbrica";56;5;19;2;1;;;;27;3;20;2;0;;;;25;52
"054057";"Valfabbrica";57;2;19;3;1;;;;25;1;23;0;2;;;;26;51
"054057";"Valfabbrica";58;5;12;1;0;;;;18;3;11;2;3;;;;19;37
"054057";"Valfabbrica";59;2;19;0;0;;;;21;1;28;0;2;;;;31;52
"054057";"Valfabbrica";60;4;17;2;0;;;;23;2;19;1;4;;;;26;49
"054057";"Valfabbrica";61;4;20;4;2;;;;30;1;21;1;6;;;;29;59
"054057";"Valfabbrica";62;0;26;1;0;;;;27;0;14;1;4;;;;19;46
"054057";"Valfabbrica";63;4;16;1;0;;;;21;1;14;0;3;;;;18;39
"054057";"Valfabbrica";64;3;20;1;0;;;;24;0;13;0;4;;;;17;41
"054057";"Valfabbrica";65;6;16;1;0;;;;23;0;20;1;1;;;;22;45
"054057";"Valfabbrica";66;4;14;1;1;;;;20;1;15;1;0;;;;17;37
"054057";"Valfabbrica";67;3;12;0;0;;;;15;1;13;2;4;;;;20;35
"054057";"Valfabbrica";68;3;16;0;0;;;;19;0;11;0;2;;;;13;32
"054057";"Valfabbrica";69;1;17;0;1;;;;19;1;15;1;6;;;;23;42
"054057";"Valfabbrica";70;2;12;1;1;;;;16;0;20;0;7;;;;27;43
"054057";"Valfabbrica";71;1;17;1;1;;;;20;1;24;2;10;;;;37;57
"054057";"Valfabbrica";72;5;21;0;0;;;;26;3;10;0;5;;;;18;44
"054057";"Valfabbrica";73;0;11;0;1;;;;12;3;12;0;4;;;;19;31
"054057";"Valfabbrica";74;1;15;0;0;;;;16;1;15;0;4;;;;20;36
"054057";"Valfabbrica";75;1;14;0;1;;;;16;1;8;0;8;;;;17;33
"054057";"Valfabbrica";76;2;14;0;3;;;;19;1;11;1;9;;;;22;41
"054057";"Valfabbrica";77;0;14;0;4;;;;18;2;15;1;5;;;;23;41
"054057";"Valfabbrica";78;0;14;0;2;;;;16;1;10;0;6;;;;17;33
"054057";"Valfabbrica";79;1;7;0;1;;;;9;0;7;0;8;;;;15;24
"054057";"Valfabbrica";80;2;12;0;2;;;;16;0;6;0;7;;;;13;29
"054057";"Valfabbrica";81;3;15;0;1;;;;19;0;9;1;10;;;;20;39
"054057";"Valfabbrica";82;1;11;0;3;;;;15;0;9;0;11;;;;20;35
"054057";"Valfabbrica";83;1;7;0;2;;;;10;1;9;0;9;;;;19;29
"054057";"Valfabbrica";84;0;14;0;1;;;;15;1;4;0;11;;;;16;31
"054057";"Valfabbrica";85;2;12;0;3;;;;17;0;7;0;5;;;;12;29
"054057";"Valfabbrica";86;1;10;0;0;;;;11;1;6;0;9;;;;16;27
"054057";"Valfabbrica";87;0;7;0;2;;;;9;0;2;1;7;;;;10;19
"054057";"Valfabbrica";88;0;4;0;1;;;;5;0;1;0;11;;;;12;17
"054057";"Valfabbrica";89;0;2;0;2;;;;4;0;1;0;9;;;;10;14
"054057";"Valfabbrica";90;0;4;0;2;;;;6;0;0;0;6;;;;6;12
"054057";"Valfabbrica";91;0;3;0;1;;;;4;0;2;0;9;;;;11;15
"054057";"Valfabbrica";92;0;1;0;0;;;;1;0;0;0;4;;;;4;5
"054057";"Valfabbrica";93;0;2;0;0;;;;2;1;0;0;7;;;;8;10
"054057";"Valfabbrica";94;0;0;0;0;;;;0;1;0;0;4;;;;5;5
"054057";"Valfabbrica";95;0;0;0;0;;;;0;0;0;0;2;;;;2;2
"054057";"Valfabbrica";96;0;0;0;1;;;;1;0;0;0;1;;;;1;2
"054057";"Valfabbrica";97;0;1;0;0;;;;1;0;0;0;1;;;;1;2
"054057";"Valfabbrica";98;0;0;0;0;;;;0;0;0;0;1;;;;1;1
"054057";"Valfabbrica";99;0;0;0;0;;;;0;0;0;0;1;;;;1;1
"054057";"Valfabbrica";100;0;0;0;0;;;;0;0;0;0;0;;;;0;0
"054057";"Valfabbrica";999;686;825;32;43;;;;1586;563;826;38;240;;;;1667;3253
"054058";"Vallo di Nera";0;0;0;0;0;;;;0;1;0;0;0;;;;1;1
"054058";"Vallo di Nera";1;0;0;0;0;;;;0;0;0;0;0;;;;0;0
"054058";"Vallo di Nera";2;2;0;0;0;;;;2;0;0;0;0;;;;0;2
"054058";"Vallo di Nera";3;0;0;0;0;;;;0;1;0;0;0;;;;1;1
"054058";"Vallo di Nera";4;1;0;0;0;;;;1;1;0;0;0;;;;1;2
"054058";"Vallo di Nera";5;0;0;0;0;;;;0;0;0;0;0;;;;0;0
"054058";"Vallo di Nera";6;1;0;0;0;;;;1;1;0;0;0;;;;1;2
"054058";"Vallo di Nera";7;2;0;0;0;;;;2;1;0;0;0;;;;1;3
"054058";"Vallo di Nera";8;2;0;0;0;;;;2;3;0;0;0;;;;3;5
"054058";"Vallo di Nera";9;1;0;0;0;;;;1;2;0;0;0;;;;2;3
"054058";"Vallo di Nera";10;1;0;0;0;;;;1;1;0;0;0;;;;1;2
"054058";"Vallo di Nera";11;1;0;0;0;;;;1;3;0;0;0;;;;3;4
"054058";"Vallo di Nera";12;4;0;0;0;;;;4;1;0;0;0;;;;1;5
"054058";"Vallo di Nera";13;1;0;0;0;;;;1;2;0;0;0;;;;2;3
"054058";"Vallo di Nera";14;4;0;0;0;;;;4;1;0;0;0;;;;1;5
"054058";"Vallo di Nera";15;0;0;0;0;;;;0;0;0;0;0;;;;0;0
"054058";"Vallo di Nera";16;3;0;0;0;;;;3;4;0;0;0;;;;4;7
"054058";"Vallo di Nera";17;0;0;0;0;;;;0;2;0;0;0;;;;2;2
"054058";"Vallo di Nera";18;0;0;0;0;;;;0;2;0;0;0;;;;2;2
"054058";"Vallo di Nera";19;3;0;0;0;;;;3;1;0;0;0;;;;1;4
"054058";"Vallo di Nera";20;1;0;0;0;;;;1;2;0;0;0;;;;2;3
"054058";"Vallo di Nera";21;2;0;0;0;;;;2;1;0;0;0;;;;1;3
"054058";"Vallo di Nera";22;2;0;0;0;;;;2;0;0;0;0;;;;0;2
"054058";"Vallo di Nera";23;0;0;0;0;;;;0;5;0;0;0;;;;5;5
"054058";"Vallo di Nera";24;2;0;0;0;;;;2;0;0;0;0;;;;0;2
"054058";"Vallo di Nera";25;2;0;0;0;;;;2;1;0;0;0;;;;1;3
"054058";"Vallo di Nera";26;0;0;0;0;;;;0;1;0;0;0;;;;1;1
"054058";"Vallo di Nera";27;1;0;0;0;;;;1;3;0;0;0;;;;3;4
"054058";"Vallo di Nera";28;3;0;0;0;;;;3;0;0;0;0;;;;0;3
"054058";"Vallo di Nera";29;1;0;0;0;;;;1;1;0;0;0;;;;1;2
"054058";"Vallo di Nera";30;0;0;0;0;;;;0;2;0;0;0;;;;2;2
"054058";"Vallo di Nera";31;1;0;0;0;;;;1;1;0;0;0;;;;1;2
"054058";"Vallo di Nera";32;2;0;0;0;;;;2;1;0;0;0;;;;1;3
"054058";"Vallo di Nera";33;0;0;0;0;;;;0;0;0;0;0;;;;0;0
"054058";"Vallo di Nera";34;0;0;0;0;;;;0;0;1;0;0;;;;1;1
"054058";"Vallo di Nera";35;2;0;0;0;;;;2;0;1;0;0;;;;1;3
"054058";"Vallo di Nera";36;0;2;0;0;;;;2;1;1;0;0;;;;2;4
"054058";"Vallo di Nera";37;1;1;0;0;;;;2;1;0;0;0;;;;1;3
"054058";"Vallo di Nera";38;1;0;0;0;;;;1;0;3;0;0;;;;3;4
"054058";"Vallo di Nera";39;0;2;0;0;;;;2;0;2;1;0;;;;3;5
"054058";"Vallo di Nera";40;2;2;1;0;;;;5;0;3;0;0;;;;3;8
"054058";"Vallo di Nera";41;1;2;0;0;;;;3;0;2;1;0;;;;3;6
"054058";"Vallo di Nera";42;0;2;0;0;;;;2;0;3;1;0;;;;4;6
"054058";"Vallo di Nera";43;0;1;0;0;;;;1;1;0;0;0;;;;1;2
"054058";"Vallo di Nera";44;2;1;0;0;;;;3;1;4;0;0;;;;5;8
"054058";"Vallo di Nera";45;3;4;0;0;;;;7;0;3;0;0;;;;3;10
"054058";"Vallo di Nera";46;2;3;0;0;;;;5;1;3;0;0;;;;4;9
"054058";"Vallo di Nera";47;3;2;0;0;;;;5;1;1;0;0;;;;2;7
"054058";"Vallo di Nera";48;3;1;0;0;;;;4;0;3;0;0;;;;3;7
"054058";"Vallo di Nera";49;0;1;0;0;;;;1;2;1;0;0;;;;3;4
"054058";"Vallo di Nera";50;1;3;0;0;;;;4;3;1;0;0;;;;4;8
"054058";"Vallo di Nera";51;1;0;0;0;;;;1;0;0;0;0;;;;0;1
"054058";"Vallo di Nera";52;0;1;0;0;;;;1;0;0;0;0;;;;0;1
"054058";"Vallo di Nera";53;0;1;0;0;;;;1;2;2;0;0;;;;4;5
"054058";"Vallo di Nera";54;0;3;0;0;;;;3;0;1;0;0;;;;1;4
"054058";"Vallo di Nera";55;0;3;0;0;;;;3;1;2;0;0;;;;3;6
"054058";"Vallo di Nera";56;0;1;1;0;;;;2;1;3;0;0;;;;4;6
"054058";"Vallo di Nera";57;1;0;0;0;;;;1;1;3;0;0;;;;4;5
"054058";"Vallo di Nera";58;2;2;0;0;;;;4;0;5;0;1;;;;6;10
"054058";"Vallo di Nera";59;1;1;0;0;;;;2;0;3;0;0;;;;3;5
"054058";"Vallo di Nera";60;0;0;0;0;;;;0;0;2;1;0;;;;3;3
"054058";"Vallo di Nera";61;0;1;0;0;;;;1;0;3;1;0;;;;4;5
"054058";"Vallo di Nera";62;3;2;0;0;;;;5;2;0;0;0;;;;2;7
"054058";"Vallo di Nera";63;1;2;0;0;;;;3;1;0;0;0;;;;1;4
"054058";"Vallo di Nera";64;0;0;0;0;;;;0;0;3;0;0;;;;3;3
"054058";"Vallo di Nera";65;1;4;0;0;;;;5;0;3;0;0;;;;3;8
"054058";"Vallo di Nera";66;0;2;0;0;;;;2;0;1;0;0;;;;1;3
"054058";"Vallo di Nera";67;0;2;0;0;;;;2;0;4;0;0;;;;4;6
"054058";"Vallo di Nera";68;0;1;0;0;;;;1;0;1;0;0;;;;1;2
"054058";"Vallo di Nera";69;2;1;0;1;;;;4;0;0;0;2;;;;2;6
"054058";"Vallo di Nera";70;0;0;0;0;;;;0;0;1;0;1;;;;2;2
"054058";"Vallo di Nera";71;0;2;0;0;;;;2;0;0;0;0;;;;0;2
"054058";"Vallo di Nera";72;1;1;0;0;;;;2;0;1;0;1;;;;2;4
"054058";"Vallo di Nera";73;1;5;1;0;;;;7;1;1;0;0;;;;2;9
"054058";"Vallo di Nera";74;1;1;1;0;;;;3;1;2;0;1;;;;4;7
"054058";"Vallo di Nera";75;0;2;0;0;;;;2;1;1;1;0;;;;3;5
"054058";"Vallo di Nera";76;0;0;0;1;;;;1;1;0;1;2;;;;4;5
"054058";"Vallo di Nera";77;0;1;0;0;;;;1;0;1;0;1;;;;2;3
"054058";"Vallo di Nera";78;0;2;0;0;;;;2;0;1;0;2;;;;3;5
"054058";"Vallo di Nera";79;0;1;0;0;;;;1;0;1;0;2;;;;3;4
"054058";"Vallo di Nera";80;0;0;0;0;;;;0;0;1;0;2;;;;3;3
"054058";"Vallo di Nera";81;0;0;0;1;;;;1;0;0;0;1;;;;1;2
"054058";"Vallo di Nera";82;0;1;0;0;;;;1;0;0;0;1;;;;1;2
"054058";"Vallo di Nera";83;0;2;0;0;;;;2;0;1;0;1;;;;2;4
"054058";"Vallo di Nera";84;0;2;1;0;;;;3;0;0;0;2;;;;2;5
"054058";"Vallo di Nera";85;0;1;0;0;;;;1;1;1;0;0;;;;2;3
"054058";"Vallo di Nera";86;0;0;0;0;;;;0;0;0;0;0;;;;0;0
"054058";"Vallo di Nera";87;0;1;0;0;;;;1;0;0;0;0;;;;0;1
"054058";"Vallo di Nera";88;1;0;0;0;;;;1;0;0;0;1;;;;1;2
"054058";"Vallo di Nera";89;0;0;0;1;;;;1;0;0;0;1;;;;1;2
"054058";"Vallo di Nera";90;0;0;0;0;;;;0;0;1;0;1;;;;2;2
"054058";"Vallo di Nera";91;0;1;0;0;;;;1;0;1;0;0;;;;1;2
"054058";"Vallo di Nera";92;0;0;0;0;;;;0;0;0;0;1;;;;1;1
"054058";"Vallo di Nera";93;0;0;0;0;;;;0;0;0;0;0;;;;0;0
"054058";"Vallo di Nera";94;0;0;0;0;;;;0;0;0;0;2;;;;2;2
"054058";"Vallo di Nera";95;0;0;0;0;;;;0;0;0;0;0;;;;0;0
"054058";"Vallo di Nera";96;0;0;0;0;;;;0;0;0;0;0;;;;0;0
"054058";"Vallo di Nera";97;0;0;0;0;;;;0;0;0;0;0;;;;0;0
"054058";"Vallo di Nera";98;0;0;0;0;;;;0;0;0;0;0;;;;0;0
"054058";"Vallo di Nera";99;0;0;0;0;;;;0;0;0;0;0;;;;0;0
"054058";"Vallo di Nera";100;0;0;0;0;;;;0;0;0;0;0;;;;0;0
"054058";"Vallo di Nera";999;80;77;5;4;;;;166;69;82;7;26;;;;184;350
"054059";"Valtopina";0;1;0;0;0;;;;1;4;0;0;0;;;;4;5
"054059";"Valtopina";1;2;0;0;0;;;;2;3;0;0;0;;;;3;5
"054059";"Valtopina";2;6;0;0;0;;;;6;5;0;0;0;;;;5;11
"054059";"Valtopina";3;3;0;0;0;;;;3;4;0;0;0;;;;4;7
"054059";"Valtopina";4;3;0;0;0;;;;3;4;0;0;0;;;;4;7
"054059";"Valtopina";5;10;0;0;0;;;;10;4;0;0;0;;;;4;14
"054059";"Valtopina";6;2;0;0;0;;;;2;6;0;0;0;;;;6;8
"054059";"Valtopina";7;3;0;0;0;;;;3;8;0;0;0;;;;8;11
"054059";"Valtopina";8;0;0;0;0;;;;0;1;0;0;0;;;;1;1
"054059";"Valtopina";9;4;0;0;0;;;;4;6;0;0;0;;;;6;10
"054059";"Valtopina";10;10;0;0;0;;;;10;4;0;0;0;;;;4;14
"054059";"Valtopina";11;10;0;0;0;;;;10;8;0;0;0;;;;8;18
"054059";"Valtopina";12;11;0;0;0;;;;11;4;0;0;0;;;;4;15
"054059";"Valtopina";13;2;0;0;0;;;;2;4;0;0;0;;;;4;6
"054059";"Valtopina";14;7;0;0;0;;;;7;5;0;0;0;;;;5;12
"054059";"Valtopina";15;5;0;0;0;;;;5;9;0;0;0;;;;9;14
"054059";"Valtopina";16;6;0;0;0;;;;6;3;0;0;0;;;;3;9
"054059";"Valtopina";17;4;0;0;0;;;;4;7;0;0;0;;;;7;11
"054059";"Valtopina";18;8;0;0;0;;;;8;10;0;0;0;;;;10;18
"054059";"Valtopina";19;4;0;0;0;;;;4;9;0;0;0;;;;9;13
"054059";"Valtopina";20;5;0;0;0;;;;5;5;0;0;0;;;;5;10
"054059";"Valtopina";21;3;0;0;0;;;;3;4;0;0;0;;;;4;7
"054059";"Valtopina";22;2;0;0;0;;;;2;4;0;0;0;;;;4;6
"054059";"Valtopina";23;6;0;0;0;;;;6;3;0;0;0;;;;3;9
"054059";"Valtopina";24;3;0;0;0;;;;3;6;0;0;0;;;;6;9
"054059";"Valtopina";25;9;0;0;0;;;;9;6;0;0;0;;;;6;15
"054059";"Valtopina";26;3;0;0;0;;;;3;1;1;0;0;;;;2;5
"054059";"Valtopina";27;2;0;0;0;;;;2;2;1;0;0;;;;3;5
"054059";"Valtopina";28;5;1;0;0;;;;6;4;0;0;0;;;;4;10
"054059";"Valtopina";29;5;0;0;0;;;;5;4;2;0;0;;;;6;11
"054059";"Valtopina";30;4;2;0;0;;;;6;1;2;1;0;;;;4;10
"054059";"Valtopina";31;7;1;0;0;;;;8;2;1;0;0;;;;3;11
"054059";"Valtopina";32;3;2;0;0;;;;5;6;1;0;0;;;;7;12
"054059";"Valtopina";33;0;2;1;0;;;;3;0;2;0;0;;;;2;5
"054059";"Valtopina";34;5;2;0;0;;;;7;5;6;0;0;;;;11;18
"054059";"Valtopina";35;2;1;0;0;;;;3;1;4;1;0;;;;6;9
"054059";"Valtopina";36;2;0;0;0;;;;2;1;6;0;0;;;;7;9
"054059";"Valtopina";37;7;3;1;0;;;;11;1;1;0;0;;;;2;13
"054059";"Valtopina";38;4;1;1;0;;;;6;2;3;0;0;;;;5;11
"054059";"Valtopina";39;5;2;0;0;;;;7;2;3;2;0;;;;7;14
"054059";"Valtopina";40;3;5;0;0;;;;8;2;5;1;0;;;;8;16
"054059";"Valtopina";41;4;3;0;0;;;;7;0;4;0;0;;;;4;11
"054059";"Valtopina";42;6;11;0;0;;;;17;4;6;1;0;;;;11;28
"054059";"Valtopina";43;2;3;0;0;;;;5;3;7;0;0;;;;10;15
"054059";"Valtopina";44;5;5;0;0;;;;10;4;7;1;0;;;;12;22
"054059";"Valtopina";45;4;5;1;0;;;;10;3;13;0;0;;;;16;26
"054059";"Valtopina";46;3;9;0;0;;;;12;1;12;0;0;;;;13;25
"054059";"Valtopina";47;7;8;0;0;;;;15;2;6;0;1;;;;9;24
"054059";"Valtopina";48;7;12;0;0;;;;19;1;6;1;0;;;;8;27
"054059";"Valtopina";49;2;9;0;0;;;;11;2;8;1;0;;;;11;22
"054059";"Valtopina";50;3;10;0;0;;;;13;1;8;1;2;;;;12;25
"054059";"Valtopina";51;3;2;1;0;;;;6;5;6;0;0;;;;11;17
"054059";"Valtopina";52;1;11;1;0;;;;13;3;9;0;1;;;;13;26
"054059";"Valtopina";53;2;2;0;0;;;;4;2;10;1;0;;;;13;17
"054059";"Valtopina";54;1;6;1;0;;;;8;2;5;0;0;;;;7;15
"054059";"Valtopina";55;1;4;0;0;;;;5;0;7;0;0;;;;7;12
"054059";"Valtopina";56;2;8;1;0;;;;11;1;10;0;1;;;;12;23
"054059";"Valtopina";57;2;9;0;0;;;;11;1;7;0;0;;;;8;19
"054059";"Valtopina";58;0;5;0;0;;;;5;0;6;2;0;;;;8;13
"054059";"Valtopina";59;1;4;0;1;;;;6;1;7;0;0;;;;8;14
"054059";"Valtopina";60;2;6;0;0;;;;8;1;8;1;2;;;;12;20
"054059";"Valtopina";61;1;9;0;0;;;;10;2;8;0;0;;;;10;20
"054059";"Valtopina";62;2;6;0;0;;;;8;1;7;0;0;;;;8;16
"054059";"Valtopina";63;0;8;0;0;;;;8;0;3;0;2;;;;5;13
"054059";"Valtopina";64;0;6;1;0;;;;7;1;6;1;0;;;;8;15
"054059";"Valtopina";65;3;10;0;0;;;;13;1;7;1;0;;;;9;22
"054059";"Valtopina";66;0;4;1;0;;;;5;0;9;1;3;;;;13;18
"054059";"Valtopina";67;0;5;0;0;;;;5;1;5;1;0;;;;7;12
"054059";"Valtopina";68;0;10;0;0;;;;10;1;8;0;0;;;;9;19
"054059";"Valtopina";69;0;4;1;1;;;;6;1;5;0;0;;;;6;12
"054059";"Valtopina";70;1;7;1;0;;;;9;0;8;1;0;;;;9;18
"054059";"Valtopina";71;1;9;1;0;;;;11;0;10;0;0;;;;10;21
"054059";"Valtopina";72;1;13;2;2;;;;18;1;6;0;4;;;;11;29
"054059";"Valtopina";73;2;8;0;2;;;;12;0;7;0;3;;;;10;22
"054059";"Valtopina";74;1;6;0;1;;;;8;0;9;0;3;;;;12;20
"054059";"Valtopina";75;0;6;1;1;;;;8;0;3;0;5;;;;8;16
"054059";"Valtopina";76;2;7;0;0;;;;9;0;8;0;1;;;;9;18
"054059";"Valtopina";77;2;6;0;1;;;;9;0;2;0;3;;;;5;14
"054059";"Valtopina";78;2;8;0;2;;;;12;0;2;0;2;;;;4;16
"054059";"Valtopina";79;0;2;1;2;;;;5;0;5;0;5;;;;10;15
"054059";"Valtopina";80;0;7;0;1;;;;8;0;2;0;3;;;;5;13
"054059";"Valtopina";81;0;2;0;0;;;;2;1;1;0;3;;;;5;7
"054059";"Valtopina";82;0;6;1;0;;;;7;0;1;1;8;;;;10;17
"054059";"Valtopina";83;0;2;0;1;;;;3;0;0;0;2;;;;2;5
"054059";"Valtopina";84;1;4;0;3;;;;8;0;3;0;6;;;;9;17
"054059";"Valtopina";85;2;0;0;1;;;;3;0;5;0;3;;;;8;11
"054059";"Valtopina";86;1;0;0;2;;;;3;0;0;0;6;;;;6;9
"054059";"Valtopina";87;1;1;0;1;;;;3;1;1;0;5;;;;7;10
"054059";"Valtopina";88;0;3;0;1;;;;4;0;0;0;7;;;;7;11
"054059";"Valtopina";89;0;0;0;2;;;;2;0;1;0;7;;;;8;10
"054059";"Valtopina";90;0;1;0;0;;;;1;0;0;0;4;;;;4;5
"054059";"Valtopina";91;0;1;0;1;;;;2;0;0;0;2;;;;2;4
"054059";"Valtopina";92;0;1;0;0;;;;1;0;0;0;0;;;;0;1
"054059";"Valtopina";93;1;0;0;0;;;;1;0;0;0;0;;;;0;1
"054059";"Valtopina";94;0;0;0;2;;;;2;0;0;0;0;;;;0;2
"054059";"Valtopina";95;0;1;0;0;;;;1;0;0;0;3;;;;3;4
"054059";"Valtopina";96;0;0;0;0;;;;0;0;0;0;3;;;;3;3
"054059";"Valtopina";97;0;0;0;0;;;;0;0;0;0;2;;;;2;2
"054059";"Valtopina";98;0;0;0;0;;;;0;0;0;0;1;;;;1;1
"054059";"Valtopina";99;0;0;0;0;;;;0;0;0;0;2;;;;2;2
"054059";"Valtopina";100;0;0;0;0;;;;0;0;0;0;0;;;;0;0
"054059";"Valtopina";999;268;317;18;28;;;;631;218;322;20;105;;;;665;1296
