"Popolazione residente per età, sesso e stato civile al 1° gennaio 2022"
"Codice comune";"Comune";"Età";"Celibi";"Coniugati";"Divorziati";"Vedovi";"Uniti civilmente";"Maschi già in unione civile (per scioglimento unione)";"Maschi già in unione civile (per decesso del partner)";"Totale maschi";"Nubili";"Coniugate";"Divorziate";"Vedove";"Unite civilmente";"Femmine già in unione civile (per scioglimento unione)";"Femmine già in unione civile (per decesso del partner)";"Totale femmine";"Totale"
"054001";"Assisi";0;99;0;0;0;0;0;0;99;74;0;0;0;0;0;0;74;173
"054001";"Assisi";1;78;0;0;0;0;0;0;78;81;0;0;0;0;0;0;81;159
"054001";"Assisi";2;81;0;0;0;0;0;0;81;96;0;0;0;0;0;0;96;177
"054001";"Assisi";3;109;0;0;0;0;0;0;109;91;0;0;0;0;0;0;91;200
"054001";"Assisi";4;116;0;0;0;0;0;0;116;104;0;0;0;0;0;0;104;220
"054001";"Assisi";5;113;0;0;0;0;0;0;113;111;0;0;0;0;0;0;111;224
"054001";"Assisi";6;116;0;0;0;0;0;0;116;93;0;0;0;0;0;0;93;209
"054001";"Assisi";7;115;0;0;0;0;0;0;115;135;0;0;0;0;0;0;135;250
"054001";"Assisi";8;124;0;0;0;0;0;0;124;131;0;0;0;0;0;0;131;255
"054001";"Assisi";9;144;0;0;0;0;0;0;144;119;0;0;0;0;0;0;119;263
"054001";"Assisi";10;138;0;0;0;0;0;0;138;127;0;0;0;0;0;0;127;265
"054001";"Assisi";11;132;0;0;0;0;0;0;132;115;0;0;0;0;0;0;115;247
"054001";"Assisi";12;135;0;0;0;0;0;0;135;126;0;0;0;0;0;0;126;261
"054001";"Assisi";13;123;0;0;0;0;0;0;123;142;0;0;0;0;0;0;142;265
"054001";"Assisi";14;146;0;0;0;0;0;0;146;121;0;0;0;0;0;0;121;267
"054001";"Assisi";15;137;0;0;0;0;0;0;137;130;0;0;0;0;0;0;130;267
"054001";"Assisi";16;130;0;0;0;0;0;0;130;125;0;0;0;0;0;0;125;255
"054001";"Assisi";17;150;0;0;0;0;0;0;150;122;0;0;0;0;0;0;122;272
"054001";"Assisi";18;132;0;0;0;0;0;0;132;115;0;0;0;0;0;0;115;247
"054001";"Assisi";19;151;0;0;0;0;0;0;151;120;0;0;0;0;0;0;120;271
"054001";"Assisi";20;142;0;0;0;0;0;0;142;109;2;0;0;0;0;0;111;253
"054001";"Assisi";21;134;0;0;0;0;0;0;134;122;4;0;0;0;0;0;126;260
"054001";"Assisi";22;136;1;0;0;0;0;0;137;104;1;0;0;0;0;0;105;242
"054001";"Assisi";23;138;0;0;0;0;0;0;138;125;2;0;0;0;0;0;127;265
"054001";"Assisi";24;152;1;0;0;0;0;0;153;103;8;0;0;0;0;0;111;264
"054001";"Assisi";25;152;1;0;0;0;0;0;153;130;6;0;0;1;0;0;137;290
"054001";"Assisi";26;137;5;0;0;0;0;0;142;91;13;0;0;0;0;0;104;246
"054001";"Assisi";27;125;3;0;0;0;0;0;128;127;19;0;0;0;0;0;146;274
"054001";"Assisi";28;119;8;0;0;0;0;0;127;107;23;0;0;0;0;0;130;257
"054001";"Assisi";29;131;8;1;0;0;0;0;140;105;21;0;1;0;0;0;127;267
"054001";"Assisi";30;106;20;0;0;1;0;0;127;88;28;1;0;0;0;0;117;244
"054001";"Assisi";31;104;16;0;0;0;0;0;120;81;37;2;0;0;0;0;120;240
"054001";"Assisi";32;109;27;1;0;0;0;0;137;108;51;2;0;0;0;0;161;298
"054001";"Assisi";33;89;34;1;0;1;0;0;125;83;70;1;0;0;0;0;154;279
"054001";"Assisi";34;119;38;3;0;0;0;0;160;74;70;3;1;0;0;0;148;308
"054001";"Assisi";35;84;43;0;0;0;0;0;127;67;77;4;0;1;0;0;149;276
"054001";"Assisi";36;112;50;3;0;0;0;0;165;70;78;1;0;0;0;0;149;314
"054001";"Assisi";37;85;75;0;0;0;0;0;160;82;89;4;0;0;0;0;175;335
"054001";"Assisi";38;97;76;0;0;0;0;0;173;78;104;7;0;0;0;0;189;362
"054001";"Assisi";39;91;68;1;0;0;0;0;160;70;111;9;0;0;0;0;190;350
"054001";"Assisi";40;79;85;3;1;0;0;0;168;65;126;5;1;0;0;0;197;365
"054001";"Assisi";41;75;109;4;0;0;0;0;188;64;133;9;0;0;0;0;206;394
"054001";"Assisi";42;74;121;4;0;0;0;0;199;64;115;8;1;0;0;0;188;387
"054001";"Assisi";43;82;128;7;0;2;0;0;219;60;144;14;0;0;0;0;218;437
"054001";"Assisi";44;70;129;5;0;0;0;0;204;61;140;9;3;0;0;0;213;417
"054001";"Assisi";45;84;133;8;0;0;1;0;226;57;156;9;4;0;0;0;226;452
"054001";"Assisi";46;72;126;10;1;0;0;0;209;58;156;14;3;0;0;0;231;440
"054001";"Assisi";47;71;133;7;0;0;0;0;211;64;162;10;1;0;0;0;237;448
"054001";"Assisi";48;52;163;10;0;0;0;0;225;44;145;16;5;0;0;0;210;435
"054001";"Assisi";49;51;146;14;0;0;0;0;211;53;174;11;6;0;0;0;244;455
"054001";"Assisi";50;60;132;7;1;0;0;0;200;51;152;13;4;0;0;0;220;420
"054001";"Assisi";51;52;151;6;2;0;0;0;211;53;156;14;8;0;0;0;231;442
"054001";"Assisi";52;33;175;7;0;0;0;0;215;50;140;15;9;0;0;0;214;429
"054001";"Assisi";53;46;147;11;0;0;0;0;204;48;171;11;5;0;0;0;235;439
"054001";"Assisi";54;41;155;7;2;0;0;0;205;38;176;13;5;0;0;0;232;437
"054001";"Assisi";55;41;124;12;3;1;0;0;181;41;180;20;10;0;0;0;251;432
"054001";"Assisi";56;37;145;12;3;0;0;0;197;41;161;16;9;0;0;0;227;424
"054001";"Assisi";57;36;168;16;1;0;0;0;221;31;172;18;12;0;0;0;233;454
"054001";"Assisi";58;43;149;13;4;0;0;0;209;38;160;16;4;0;0;0;218;427
"054001";"Assisi";59;36;138;18;4;0;0;0;196;36;149;22;8;0;0;0;215;411
"054001";"Assisi";60;28;168;14;5;0;0;0;215;29;156;12;12;0;0;0;209;424
"054001";"Assisi";61;34;161;10;4;0;0;0;209;21;166;11;17;0;0;0;215;424
"054001";"Assisi";62;22;145;16;2;0;0;0;185;28;155;9;17;0;0;0;209;394
"054001";"Assisi";63;28;127;10;5;0;0;0;170;23;119;17;14;0;0;0;173;343
"054001";"Assisi";64;22;147;5;0;0;0;0;174;23;134;16;20;0;0;0;193;367
"054001";"Assisi";65;19;124;7;3;0;0;0;153;18;131;7;10;0;0;0;166;319
"054001";"Assisi";66;24;132;6;8;0;0;0;170;16;136;8;25;0;0;0;185;355
"054001";"Assisi";67;17;123;7;4;0;0;0;151;11;118;6;29;0;0;0;164;315
"054001";"Assisi";68;15;138;7;8;0;0;0;168;19;121;7;20;0;0;0;167;335
"054001";"Assisi";69;13;105;6;3;0;0;0;127;15;106;8;18;0;0;0;147;274
"054001";"Assisi";70;21;120;7;7;1;0;0;156;15;115;8;35;0;0;0;173;329
"054001";"Assisi";71;17;118;5;7;1;0;0;148;14;124;3;29;0;0;0;170;318
"054001";"Assisi";72;20;147;3;9;0;0;0;179;19;119;2;50;0;0;0;190;369
"054001";"Assisi";73;15;143;5;10;0;0;0;173;13;99;4;37;0;0;0;153;326
"054001";"Assisi";74;10;124;3;10;1;0;0;148;10;101;5;57;0;0;0;173;321
"054001";"Assisi";75;11;100;6;7;0;0;0;124;14;108;3;45;0;0;0;170;294
"054001";"Assisi";76;10;99;2;14;0;0;0;125;14;70;3;49;0;0;0;136;261
"054001";"Assisi";77;10;99;4;13;0;0;0;126;20;96;0;46;0;0;0;162;288
"054001";"Assisi";78;10;85;1;12;0;0;0;108;12;68;0;44;0;0;0;124;232
"054001";"Assisi";79;5;76;2;12;0;0;0;95;17;55;3;54;0;0;0;129;224
"054001";"Assisi";80;8;74;3;12;0;0;0;97;13;58;4;54;0;0;0;129;226
"054001";"Assisi";81;10;93;2;16;0;0;0;121;16;52;4;63;0;0;0;135;256
"054001";"Assisi";82;11;79;1;11;0;0;0;102;15;60;6;52;0;0;0;133;235
"054001";"Assisi";83;12;86;4;15;0;0;0;117;22;47;3;71;0;0;0;143;260
"054001";"Assisi";84;3;44;1;10;0;0;0;58;5;26;1;77;0;0;0;109;167
"054001";"Assisi";85;5;49;0;16;0;0;0;70;16;32;0;70;0;0;0;118;188
"054001";"Assisi";86;3;54;2;19;0;0;0;78;11;25;1;82;0;0;0;119;197
"054001";"Assisi";87;4;61;1;10;0;0;0;76;8;14;0;77;0;0;0;99;175
"054001";"Assisi";88;8;31;0;14;0;0;0;53;9;13;1;67;0;0;0;90;143
"054001";"Assisi";89;2;29;0;9;0;0;0;40;6;14;0;66;0;0;0;86;126
"054001";"Assisi";90;1;18;0;15;0;0;0;34;6;7;0;47;0;0;0;60;94
"054001";"Assisi";91;5;22;1;10;0;0;0;38;2;10;1;54;0;0;0;67;105
"054001";"Assisi";92;4;11;0;10;0;0;0;25;5;1;0;40;0;0;0;46;71
"054001";"Assisi";93;2;9;0;8;0;0;0;19;4;3;0;33;0;0;0;40;59
"054001";"Assisi";94;0;6;0;3;0;0;0;9;4;4;1;25;0;0;0;34;43
"054001";"Assisi";95;1;3;0;4;0;0;0;8;1;1;0;26;0;0;0;28;36
"054001";"Assisi";96;0;4;0;2;0;0;0;6;1;0;2;20;0;0;0;23;29
"054001";"Assisi";97;0;3;0;1;0;0;0;4;1;0;0;8;0;0;0;9;13
"054001";"Assisi";98;0;0;0;1;0;0;0;1;1;0;0;8;0;0;0;9;10
"054001";"Assisi";99;0;0;0;3;0;0;0;3;2;0;0;5;0;0;0;7;10
"054001";"Assisi";100;0;0;0;2;0;0;0;2;0;0;0;7;0;0;0;7;9
"054001";"Assisi";999;6396;6388;332;356;8;1;0;13481;5718;6546;453;1680;2;0;0;14399;27880
"054002";"Bastia Umbra";0;58;0;0;0;0;0;0;58;82;0;0;0;0;0;0;82;140
"054002";"Bastia Umbra";1;80;0;0;0;0;0;0;80;75;0;0;0;0;0;0;75;155
"054002";"Bastia Umbra";2;90;0;0;0;0;0;0;90;87;0;0;0;0;0;0;87;177
"054002";"Bastia Umbra";3;89;0;0;0;0;0;0;89;87;0;0;0;0;0;0;87;176
"054002";"Bastia Umbra";4;98;0;0;0;0;0;0;98;91;0;0;0;0;0;0;91;189
"054002";"Bastia Umbra";5;101;0;0;0;0;0;0;101;79;0;0;0;0;0;0;79;180
"054002";"Bastia Umbra";6;125;0;0;0;0;0;0;125;92;0;0;0;0;0;0;92;217
"054002";"Bastia Umbra";7;93;0;0;0;0;0;0;93;96;0;0;0;0;0;0;96;189
"054002";"Bastia Umbra";8;107;0;0;0;0;0;0;107;86;0;0;0;0;0;0;86;193
"054002";"Bastia Umbra";9;92;0;0;0;0;0;0;92;84;0;0;0;0;0;0;84;176
"054002";"Bastia Umbra";10;123;0;0;0;0;0;0;123;104;0;0;0;0;0;0;104;227
"054002";"Bastia Umbra";11;101;0;0;0;0;0;0;101;101;0;0;0;0;0;0;101;202
"054002";"Bastia Umbra";12;106;0;0;0;0;0;0;106;96;0;0;0;0;0;0;96;202
"054002";"Bastia Umbra";13;118;0;0;0;0;0;0;118;101;0;0;0;0;0;0;101;219
"054002";"Bastia Umbra";14;113;0;0;0;0;0;0;113;122;0;0;0;0;0;0;122;235
"054002";"Bastia Umbra";15;110;0;0;0;0;0;0;110;101;0;0;0;0;0;0;101;211
"054002";"Bastia Umbra";16;119;0;0;0;0;0;0;119;100;0;0;0;0;0;0;100;219
"054002";"Bastia Umbra";17;118;0;0;0;0;0;0;118;110;0;0;0;0;0;0;110;228
"054002";"Bastia Umbra";18;123;0;0;0;0;0;0;123;122;0;0;0;0;0;0;122;245
"054002";"Bastia Umbra";19;103;0;0;0;0;0;0;103;92;0;0;0;0;0;0;92;195
"054002";"Bastia Umbra";20;107;0;0;0;0;0;0;107;92;0;0;0;0;0;0;92;199
"054002";"Bastia Umbra";21;119;0;0;0;0;0;0;119;94;2;0;0;0;0;0;96;215
"054002";"Bastia Umbra";22;123;0;0;0;0;0;0;123;83;1;0;0;0;0;0;84;207
"054002";"Bastia Umbra";23;104;0;0;0;0;0;0;104;87;5;0;0;0;0;0;92;196
"054002";"Bastia Umbra";24;109;2;0;0;0;0;0;111;85;6;0;0;0;0;0;91;202
"054002";"Bastia Umbra";25;98;1;0;0;0;0;0;99;87;8;0;0;0;0;0;95;194
"054002";"Bastia Umbra";26;94;5;0;0;0;0;0;99;93;12;0;0;0;0;0;105;204
"054002";"Bastia Umbra";27;95;2;0;0;0;0;0;97;79;12;0;0;0;0;0;91;188
"054002";"Bastia Umbra";28;91;7;0;0;0;0;0;98;81;18;0;0;0;0;0;99;197
"054002";"Bastia Umbra";29;86;5;0;0;0;0;0;91;81;21;0;0;0;1;0;103;194
"054002";"Bastia Umbra";30;97;14;1;0;0;0;0;112;79;36;1;0;0;0;0;116;228
"054002";"Bastia Umbra";31;86;19;1;0;0;0;0;106;88;40;1;0;0;0;0;129;235
"054002";"Bastia Umbra";32;89;26;0;0;0;0;0;115;68;36;0;0;0;0;0;104;219
"054002";"Bastia Umbra";33;82;28;1;0;1;0;0;112;67;57;3;0;0;0;0;127;239
"054002";"Bastia Umbra";34;85;37;1;0;0;0;0;123;89;52;1;0;0;0;0;142;265
"054002";"Bastia Umbra";35;69;52;0;0;1;0;0;122;75;73;3;0;0;0;0;151;273
"054002";"Bastia Umbra";36;68;64;2;0;0;0;0;134;46;70;1;0;1;0;0;118;252
"054002";"Bastia Umbra";37;59;55;1;0;1;0;0;116;43;81;6;0;1;0;0;131;247
"054002";"Bastia Umbra";38;64;73;2;0;0;0;0;139;38;101;5;0;0;0;0;144;283
"054002";"Bastia Umbra";39;53;70;7;0;1;0;0;131;42;90;4;0;0;0;0;136;267
"054002";"Bastia Umbra";40;48;74;9;0;0;0;0;131;45;85;6;0;0;0;0;136;267
"054002";"Bastia Umbra";41;52;84;4;0;0;0;0;140;49;94;9;1;0;0;0;153;293
"054002";"Bastia Umbra";42;58;96;5;0;0;0;0;159;40;106;7;1;0;0;0;154;313
"054002";"Bastia Umbra";43;50;86;2;1;0;0;0;139;43;119;11;2;0;0;0;175;314
"054002";"Bastia Umbra";44;49;99;2;1;0;0;0;151;31;120;12;0;0;0;0;163;314
"054002";"Bastia Umbra";45;40;88;3;1;1;0;0;133;29;119;12;4;0;0;0;164;297
"054002";"Bastia Umbra";46;48;113;8;0;0;0;0;169;35;136;7;1;0;0;0;179;348
"054002";"Bastia Umbra";47;51;98;6;1;0;0;0;156;37;135;11;3;0;0;0;186;342
"054002";"Bastia Umbra";48;41;141;7;1;0;0;0;190;35;145;14;1;0;0;0;195;385
"054002";"Bastia Umbra";49;40;114;4;0;0;0;0;158;32;116;17;4;0;0;0;169;327
"054002";"Bastia Umbra";50;42;137;9;0;0;0;0;188;35;146;12;4;0;0;0;197;385
"054002";"Bastia Umbra";51;39;140;8;0;0;0;0;187;25;134;8;4;0;0;0;171;358
"054002";"Bastia Umbra";52;26;131;13;2;0;0;0;172;26;128;19;3;0;0;0;176;348
"054002";"Bastia Umbra";53;31;130;10;2;0;0;0;173;27;135;14;9;0;0;0;185;358
"054002";"Bastia Umbra";54;30;115;8;2;0;0;0;155;18;115;16;6;0;0;0;155;310
"054002";"Bastia Umbra";55;23;123;11;1;0;0;0;158;30;125;15;8;1;0;0;179;337
"054002";"Bastia Umbra";56;22;152;10;2;0;0;0;186;20;132;13;8;0;0;0;173;359
"054002";"Bastia Umbra";57;25;119;11;2;0;0;0;157;20;124;18;12;0;0;0;174;331
"054002";"Bastia Umbra";58;16;103;13;4;0;0;0;136;18;151;16;6;0;0;0;191;327
"054002";"Bastia Umbra";59;13;112;12;2;1;0;0;140;15;112;14;9;0;0;0;150;290
"054002";"Bastia Umbra";60;13;127;5;2;1;0;0;148;13;124;11;8;0;0;0;156;304
"054002";"Bastia Umbra";61;13;128;10;4;0;0;0;155;7;128;11;5;0;0;0;151;306
"054002";"Bastia Umbra";62;19;121;10;3;0;0;0;153;9;108;8;11;0;0;0;136;289
"054002";"Bastia Umbra";63;12;87;7;6;0;0;0;112;7;111;8;13;0;0;0;139;251
"054002";"Bastia Umbra";64;6;103;5;5;0;0;0;119;6;101;10;14;0;0;0;131;250
"054002";"Bastia Umbra";65;9;106;7;7;0;0;0;129;4;86;4;20;0;0;0;114;243
"054002";"Bastia Umbra";66;1;80;6;2;0;0;0;89;6;91;5;19;0;0;0;121;210
"054002";"Bastia Umbra";67;4;92;3;5;0;0;0;104;5;92;8;19;0;0;0;124;228
"054002";"Bastia Umbra";68;10;92;6;5;0;0;0;113;4;90;8;21;0;0;0;123;236
"054002";"Bastia Umbra";69;2;73;3;2;0;0;0;80;6;87;2;14;0;0;0;109;189
"054002";"Bastia Umbra";70;5;89;4;7;0;0;0;105;8;94;4;20;0;0;0;126;231
"054002";"Bastia Umbra";71;6;85;1;4;0;0;0;96;4;70;5;29;0;0;0;108;204
"054002";"Bastia Umbra";72;4;84;1;7;0;0;0;96;5;77;5;33;0;0;0;120;216
"054002";"Bastia Umbra";73;4;92;1;3;0;0;0;100;11;85;4;33;0;0;0;133;233
"054002";"Bastia Umbra";74;9;83;4;5;0;0;0;101;3;91;2;33;0;0;0;129;230
"054002";"Bastia Umbra";75;5;94;4;6;0;0;0;109;5;65;2;41;0;0;0;113;222
"054002";"Bastia Umbra";76;3;75;1;4;0;0;0;83;1;60;4;30;0;0;0;95;178
"054002";"Bastia Umbra";77;7;62;2;6;0;0;0;77;3;57;6;36;0;0;0;102;179
"054002";"Bastia Umbra";78;4;76;3;7;1;0;0;91;2;50;3;42;0;0;0;97;188
"054002";"Bastia Umbra";79;3;58;1;5;0;0;0;67;1;45;1;59;0;0;0;106;173
"054002";"Bastia Umbra";80;4;63;1;8;0;0;0;76;0;39;2;56;0;0;0;97;173
"054002";"Bastia Umbra";81;5;59;0;10;0;0;0;74;5;43;2;65;0;0;0;115;189
"054002";"Bastia Umbra";82;0;48;0;9;0;0;0;57;4;28;2;59;0;0;0;93;150
"054002";"Bastia Umbra";83;0;55;0;11;0;0;0;66;2;35;5;66;0;0;0;108;174
"054002";"Bastia Umbra";84;1;39;1;9;0;0;0;50;4;35;2;68;0;0;0;109;159
"054002";"Bastia Umbra";85;2;32;0;18;0;0;0;52;1;17;1;49;0;0;0;68;120
"054002";"Bastia Umbra";86;1;36;0;15;0;0;0;52;1;12;0;57;0;0;0;70;122
"054002";"Bastia Umbra";87;2;35;1;6;0;0;0;44;4;10;0;38;0;0;0;52;96
"054002";"Bastia Umbra";88;0;32;0;8;0;0;0;40;0;3;0;49;0;0;0;52;92
"054002";"Bastia Umbra";89;1;17;0;7;0;0;0;25;4;5;0;35;0;0;0;44;69
"054002";"Bastia Umbra";90;1;7;0;9;0;0;0;17;2;2;0;33;0;0;0;37;54
"054002";"Bastia Umbra";91;1;14;0;7;0;0;0;22;1;2;0;40;0;0;0;43;65
"054002";"Bastia Umbra";92;0;8;0;6;0;0;0;14;0;1;0;21;0;0;0;22;36
"054002";"Bastia Umbra";93;0;3;0;6;0;0;0;9;0;1;0;24;0;0;0;25;34
"054002";"Bastia Umbra";94;0;3;0;4;0;0;0;7;0;1;0;19;0;0;0;20;27
"054002";"Bastia Umbra";95;0;2;0;6;0;0;0;8;1;1;0;18;0;0;0;20;28
"054002";"Bastia Umbra";96;0;2;0;1;0;0;0;3;0;0;0;6;0;0;0;6;9
"054002";"Bastia Umbra";97;0;0;0;2;0;0;0;2;0;0;0;8;0;0;0;8;10
"054002";"Bastia Umbra";98;0;0;0;0;0;0;0;0;0;0;0;3;0;0;0;3;3
"054002";"Bastia Umbra";99;0;0;0;0;0;0;0;0;0;0;0;0;0;0;0;0;0
"054002";"Bastia Umbra";100;0;0;0;0;0;0;0;0;0;0;0;4;0;0;0;4;4
"054002";"Bastia Umbra";999;4746;4977;258;259;8;0;0;10248;4154;5145;401;1304;3;1;0;11008;21256
"054003";"Bettona";0;13;0;0;0;;;;13;15;0;0;0;;;;15;28
"054003";"Bettona";1;10;0;0;0;;;;10;16;0;0;0;;;;16;26
"054003";"Bettona";2;17;0;0;0;;;;17;16;0;0;0;;;;16;33
"054003";"Bettona";3;23;0;0;0;;;;23;18;0;0;0;;;;18;41
"054003";"Bettona";4;14;0;0;0;;;;14;10;0;0;0;;;;10;24
"054003";"Bettona";5;22;0;0;0;;;;22;18;0;0;0;;;;18;40
"054003";"Bettona";6;22;0;0;0;;;;22;14;0;0;0;;;;14;36
"054003";"Bettona";7;23;0;0;0;;;;23;22;0;0;0;;;;22;45
"054003";"Bettona";8;17;0;0;0;;;;17;26;0;0;0;;;;26;43
"054003";"Bettona";9;17;0;0;0;;;;17;19;0;0;0;;;;19;36
"054003";"Bettona";10;15;0;0;0;;;;15;32;0;0;0;;;;32;47
"054003";"Bettona";11;25;0;0;0;;;;25;21;0;0;0;;;;21;46
"054003";"Bettona";12;17;0;0;0;;;;17;22;0;0;0;;;;22;39
"054003";"Bettona";13;14;0;0;0;;;;14;24;0;0;0;;;;24;38
"054003";"Bettona";14;24;0;0;0;;;;24;21;0;0;0;;;;21;45
"054003";"Bettona";15;22;0;0;0;;;;22;24;0;0;0;;;;24;46
"054003";"Bettona";16;17;0;0;0;;;;17;20;0;0;0;;;;20;37
"054003";"Bettona";17;14;0;0;0;;;;14;25;0;0;0;;;;25;39
"054003";"Bettona";18;17;0;0;0;;;;17;17;0;0;0;;;;17;34
"054003";"Bettona";19;18;0;0;0;;;;18;20;0;0;0;;;;20;38
"054003";"Bettona";20;28;0;0;0;;;;28;22;0;0;0;;;;22;50
"054003";"Bettona";21;18;0;0;0;;;;18;19;1;0;0;;;;20;38
"054003";"Bettona";22;20;0;0;0;;;;20;25;0;0;0;;;;25;45
"054003";"Bettona";23;22;0;0;0;;;;22;14;0;0;0;;;;14;36
"054003";"Bettona";24;20;1;0;0;;;;21;15;1;0;0;;;;16;37
"054003";"Bettona";25;10;1;0;0;;;;11;14;2;0;0;;;;16;27
"054003";"Bettona";26;13;0;0;0;;;;13;23;1;0;0;;;;24;37
"054003";"Bettona";27;19;4;0;0;;;;23;19;4;0;0;;;;23;46
"054003";"Bettona";28;26;1;0;0;;;;27;20;2;0;0;;;;22;49
"054003";"Bettona";29;17;0;0;0;;;;17;22;4;0;0;;;;26;43
"054003";"Bettona";30;14;0;0;0;;;;14;14;2;0;0;;;;16;30
"054003";"Bettona";31;30;9;0;0;;;;39;24;8;0;0;;;;32;71
"054003";"Bettona";32;13;4;0;0;;;;17;15;14;0;0;;;;29;46
"054003";"Bettona";33;18;7;0;0;;;;25;13;17;2;0;;;;32;57
"054003";"Bettona";34;19;6;0;0;;;;25;12;14;0;0;;;;26;51
"054003";"Bettona";35;18;8;0;0;;;;26;10;8;0;0;;;;18;44
"054003";"Bettona";36;16;6;0;0;;;;22;12;7;0;0;;;;19;41
"054003";"Bettona";37;13;10;1;0;;;;24;7;18;1;0;;;;26;50
"054003";"Bettona";38;19;15;0;0;;;;34;10;10;0;0;;;;20;54
"054003";"Bettona";39;16;12;0;0;;;;28;6;15;0;0;;;;21;49
"054003";"Bettona";40;8;17;0;0;;;;25;10;18;0;0;;;;28;53
"054003";"Bettona";41;13;13;0;0;;;;26;9;25;0;0;;;;34;60
"054003";"Bettona";42;15;19;0;0;;;;34;9;20;2;0;;;;31;65
"054003";"Bettona";43;13;23;2;0;;;;38;5;22;3;0;;;;30;68
"054003";"Bettona";44;10;13;1;0;;;;24;12;29;0;0;;;;41;65
"054003";"Bettona";45;16;21;1;0;;;;38;4;23;0;0;;;;27;65
"054003";"Bettona";46;8;28;1;0;;;;37;9;27;2;0;;;;38;75
"054003";"Bettona";47;10;18;4;0;;;;32;6;29;1;1;;;;37;69
"054003";"Bettona";48;12;26;2;0;;;;40;10;25;0;1;;;;36;76
"054003";"Bettona";49;2;18;0;1;;;;21;7;27;1;0;;;;35;56
"054003";"Bettona";50;13;22;3;0;;;;38;4;26;2;0;;;;32;70
"054003";"Bettona";51;5;30;1;0;;;;36;4;17;4;0;;;;25;61
"054003";"Bettona";52;8;27;0;0;;;;35;4;31;1;2;;;;38;73
"054003";"Bettona";53;12;18;4;1;;;;35;4;32;3;0;;;;39;74
"054003";"Bettona";54;6;35;3;0;;;;44;3;24;1;0;;;;28;72
"054003";"Bettona";55;4;23;0;0;;;;27;8;21;3;1;;;;33;60
"054003";"Bettona";56;4;30;2;1;;;;37;5;31;2;0;;;;38;75
"054003";"Bettona";57;4;19;1;0;;;;24;4;21;3;1;;;;29;53
"054003";"Bettona";58;7;15;3;0;;;;25;5;15;0;0;;;;20;45
"054003";"Bettona";59;4;24;0;0;;;;28;3;24;3;0;;;;30;58
"054003";"Bettona";60;3;23;3;0;;;;29;3;29;1;2;;;;35;64
"054003";"Bettona";61;2;31;0;0;;;;33;5;27;1;3;;;;36;69
"054003";"Bettona";62;3;32;3;2;;;;40;7;34;0;1;;;;42;82
"054003";"Bettona";63;5;26;0;1;;;;32;4;12;0;3;;;;19;51
"054003";"Bettona";64;4;21;2;0;;;;27;0;25;0;1;;;;26;53
"054003";"Bettona";65;5;24;4;1;;;;34;2;24;2;5;;;;33;67
"054003";"Bettona";66;2;26;3;1;;;;32;2;27;2;2;;;;33;65
"054003";"Bettona";67;1;22;1;1;;;;25;1;22;0;2;;;;25;50
"054003";"Bettona";68;1;20;0;0;;;;21;2;16;1;2;;;;21;42
"054003";"Bettona";69;1;20;0;0;;;;21;3;16;2;7;;;;28;49
"054003";"Bettona";70;4;16;1;1;;;;22;2;17;0;6;;;;25;47
"054003";"Bettona";71;0;23;0;1;;;;24;1;12;0;8;;;;21;45
"054003";"Bettona";72;1;18;1;2;;;;22;0;17;2;5;;;;24;46
"054003";"Bettona";73;3;20;1;3;;;;27;1;15;0;8;;;;24;51
"054003";"Bettona";74;1;18;0;2;;;;21;1;23;0;5;;;;29;50
"054003";"Bettona";75;3;19;1;0;;;;23;2;21;1;7;;;;31;54
"054003";"Bettona";76;1;11;0;1;;;;13;1;10;1;6;;;;18;31
"054003";"Bettona";77;0;12;0;1;;;;13;1;7;1;8;;;;17;30
"054003";"Bettona";78;1;24;0;2;;;;27;0;8;1;3;;;;12;39
"054003";"Bettona";79;1;12;1;2;;;;16;1;5;0;10;;;;16;32
"054003";"Bettona";80;0;6;0;1;;;;7;1;6;0;12;;;;19;26
"054003";"Bettona";81;1;12;1;2;;;;16;3;6;0;9;;;;18;34
"054003";"Bettona";82;1;14;1;1;;;;17;2;5;0;10;;;;17;34
"054003";"Bettona";83;1;11;2;1;;;;15;0;3;0;13;;;;16;31
"054003";"Bettona";84;0;10;0;2;;;;12;1;5;0;7;;;;13;25
"054003";"Bettona";85;1;3;0;3;;;;7;0;3;0;8;;;;11;18
"054003";"Bettona";86;1;6;0;1;;;;8;1;2;0;20;;;;23;31
"054003";"Bettona";87;0;5;0;4;;;;9;1;0;0;8;;;;9;18
"054003";"Bettona";88;2;3;0;1;;;;6;0;1;0;12;;;;13;19
"054003";"Bettona";89;0;0;0;1;;;;1;1;1;0;6;;;;8;9
"054003";"Bettona";90;0;4;0;3;;;;7;0;1;0;8;;;;9;16
"054003";"Bettona";91;0;2;0;0;;;;2;0;1;0;9;;;;10;12
"054003";"Bettona";92;0;1;0;0;;;;1;1;1;0;5;;;;7;8
"054003";"Bettona";93;0;2;0;1;;;;3;1;0;0;4;;;;5;8
"054003";"Bettona";94;0;0;0;0;;;;0;2;0;0;6;;;;8;8
"054003";"Bettona";95;0;0;0;0;;;;0;0;0;0;2;;;;2;2
"054003";"Bettona";96;0;0;0;2;;;;2;0;0;0;7;;;;7;9
"054003";"Bettona";97;0;0;0;0;;;;0;0;1;0;0;;;;1;1
"054003";"Bettona";98;0;0;0;0;;;;0;0;1;0;2;;;;3;3
"054003";"Bettona";99;0;0;0;0;;;;0;0;0;0;2;;;;2;2
"054003";"Bettona";100;0;0;0;0;;;;0;0;0;0;2;;;;2;2
"054003";"Bettona";999;953;1020;54;47;;;;2074;894;1019;49;252;;;;2214;4288
"054004";"Bevagna";0;11;0;0;0;;;;11;19;0;0;0;;;;19;30
"054004";"Bevagna";1;19;0;0;0;;;;19;19;0;0;0;;;;19;38
"054004";"Bevagna";2;16;0;0;0;;;;16;13;0;0;0;;;;13;29
"054004";"Bevagna";3;18;0;0;0;;;;18;13;0;0;0;;;;13;31
"054004";"Bevagna";4;8;0;0;0;;;;8;13;0;0;0;;;;13;21
"054004";"Bevagna";5;19;0;0;0;;;;19;19;0;0;0;;;;19;38
"054004";"Bevagna";6;19;0;0;0;;;;19;14;0;0;0;;;;14;33
"054004";"Bevagna";7;22;0;0;0;;;;22;16;0;0;0;;;;16;38
"054004";"Bevagna";8;19;0;0;0;;;;19;28;0;0;0;;;;28;47
"054004";"Bevagna";9;18;0;0;0;;;;18;13;0;0;0;;;;13;31
"054004";"Bevagna";10;23;0;0;0;;;;23;23;0;0;0;;;;23;46
"054004";"Bevagna";11;19;0;0;0;;;;19;22;0;0;0;;;;22;41
"054004";"Bevagna";12;27;0;0;0;;;;27;11;0;0;0;;;;11;38
"054004";"Bevagna";13;21;0;0;0;;;;21;25;0;0;0;;;;25;46
"054004";"Bevagna";14;17;0;0;0;;;;17;15;0;0;0;;;;15;32
"054004";"Bevagna";15;23;0;0;0;;;;23;14;0;0;0;;;;14;37
"054004";"Bevagna";16;26;0;0;0;;;;26;13;0;0;0;;;;13;39
"054004";"Bevagna";17;25;0;0;0;;;;25;16;0;0;0;;;;16;41
"054004";"Bevagna";18;29;0;0;0;;;;29;20;0;0;0;;;;20;49
"054004";"Bevagna";19;19;0;0;0;;;;19;18;0;0;0;;;;18;37
"054004";"Bevagna";20;22;0;0;0;;;;22;25;0;0;0;;;;25;47
"054004";"Bevagna";21;33;0;0;0;;;;33;18;0;0;0;;;;18;51
"054004";"Bevagna";22;18;0;0;0;;;;18;20;0;0;0;;;;20;38
"054004";"Bevagna";23;25;0;0;0;;;;25;19;0;0;0;;;;19;44
"054004";"Bevagna";24;27;0;0;0;;;;27;14;1;0;0;;;;15;42
"054004";"Bevagna";25;23;1;0;0;;;;24;19;2;0;0;;;;21;45
"054004";"Bevagna";26;25;0;0;0;;;;25;22;1;0;0;;;;23;48
"054004";"Bevagna";27;24;0;0;0;;;;24;12;1;0;0;;;;13;37
"054004";"Bevagna";28;17;2;0;0;;;;19;25;2;0;0;;;;27;46
"054004";"Bevagna";29;19;1;0;0;;;;20;15;3;0;0;;;;18;38
"054004";"Bevagna";30;22;0;0;0;;;;22;17;6;1;0;;;;24;46
"054004";"Bevagna";31;17;3;1;0;;;;21;16;1;0;0;;;;17;38
"054004";"Bevagna";32;19;6;0;0;;;;25;13;5;0;0;;;;18;43
"054004";"Bevagna";33;24;7;0;0;;;;31;22;8;0;0;;;;30;61
"054004";"Bevagna";34;13;5;0;0;;;;18;8;9;0;0;;;;17;35
"054004";"Bevagna";35;11;11;0;0;;;;22;13;12;0;0;;;;25;47
"054004";"Bevagna";36;15;4;0;0;;;;19;14;18;0;1;;;;33;52
"054004";"Bevagna";37;12;8;0;0;;;;20;10;13;1;0;;;;24;44
"054004";"Bevagna";38;17;11;0;0;;;;28;16;12;0;0;;;;28;56
"054004";"Bevagna";39;19;11;0;0;;;;30;11;17;2;0;;;;30;60
"054004";"Bevagna";40;20;15;0;0;;;;35;10;18;1;0;;;;29;64
"054004";"Bevagna";41;10;11;1;0;;;;22;9;30;0;0;;;;39;61
"054004";"Bevagna";42;21;13;0;0;;;;34;10;19;1;0;;;;30;64
"054004";"Bevagna";43;15;15;1;0;;;;31;9;18;1;0;;;;28;59
"054004";"Bevagna";44;9;23;0;0;;;;32;10;19;1;0;;;;30;62
"054004";"Bevagna";45;8;18;1;0;;;;27;11;30;2;1;;;;44;71
"054004";"Bevagna";46;13;23;1;0;;;;37;5;33;2;0;;;;40;77
"054004";"Bevagna";47;8;23;2;0;;;;33;7;30;2;1;;;;40;73
"054004";"Bevagna";48;11;29;3;0;;;;43;6;25;3;1;;;;35;78
"054004";"Bevagna";49;9;24;3;0;;;;36;4;21;2;0;;;;27;63
"054004";"Bevagna";50;13;29;2;0;;;;44;6;21;0;1;;;;28;72
"054004";"Bevagna";51;6;27;1;0;;;;34;6;38;3;0;;;;47;81
"054004";"Bevagna";52;10;32;1;0;;;;43;4;28;3;1;;;;36;79
"054004";"Bevagna";53;14;24;3;0;;;;41;5;33;3;0;;;;41;82
"054004";"Bevagna";54;8;32;3;0;;;;43;8;29;5;1;;;;43;86
"054004";"Bevagna";55;3;32;2;0;;;;37;3;30;2;1;;;;36;73
"054004";"Bevagna";56;7;41;0;0;;;;48;3;34;2;2;;;;41;89
"054004";"Bevagna";57;6;29;3;1;;;;39;2;41;3;1;;;;47;86
"054004";"Bevagna";58;7;26;1;0;;;;34;1;15;5;1;;;;22;56
"054004";"Bevagna";59;8;34;3;0;;;;45;2;33;3;2;;;;40;85
"054004";"Bevagna";60;2;28;3;1;;;;34;2;29;2;1;;;;34;68
"054004";"Bevagna";61;5;31;3;2;;;;41;9;34;3;2;;;;48;89
"054004";"Bevagna";62;4;30;0;2;;;;36;2;25;3;4;;;;34;70
"054004";"Bevagna";63;8;23;2;0;;;;33;2;29;1;0;;;;32;65
"054004";"Bevagna";64;3;23;0;1;;;;27;6;21;0;1;;;;28;55
"054004";"Bevagna";65;3;30;2;1;;;;36;4;33;3;2;;;;42;78
"054004";"Bevagna";66;6;25;2;3;;;;36;2;32;1;2;;;;37;73
"054004";"Bevagna";67;4;19;0;1;;;;24;1;22;2;4;;;;29;53
"054004";"Bevagna";68;4;24;0;0;;;;28;3;20;0;2;;;;25;53
"054004";"Bevagna";69;4;21;0;3;;;;28;2;27;0;7;;;;36;64
"054004";"Bevagna";70;2;30;0;0;;;;32;3;20;2;8;;;;33;65
"054004";"Bevagna";71;1;31;0;0;;;;32;3;14;0;8;;;;25;57
"054004";"Bevagna";72;2;30;2;2;;;;36;3;30;1;5;;;;39;75
"054004";"Bevagna";73;1;26;0;1;;;;28;2;20;1;7;;;;30;58
"054004";"Bevagna";74;0;21;1;2;;;;24;0;22;1;5;;;;28;52
"054004";"Bevagna";75;2;19;2;2;;;;25;1;21;0;6;;;;28;53
"054004";"Bevagna";76;0;17;1;0;;;;18;2;15;0;10;;;;27;45
"054004";"Bevagna";77;3;20;2;4;;;;29;2;10;0;9;;;;21;50
"054004";"Bevagna";78;2;22;0;1;;;;25;1;19;1;6;;;;27;52
"054004";"Bevagna";79;0;15;1;4;;;;20;1;8;2;6;;;;17;37
"054004";"Bevagna";80;2;16;0;1;;;;19;0;12;0;12;;;;24;43
"054004";"Bevagna";81;1;21;1;2;;;;25;1;13;0;14;;;;28;53
"054004";"Bevagna";82;0;13;0;1;;;;14;0;11;0;14;;;;25;39
"054004";"Bevagna";83;1;21;0;2;;;;24;0;5;0;15;;;;20;44
"054004";"Bevagna";84;0;7;2;1;;;;10;1;8;0;17;;;;26;36
"054004";"Bevagna";85;0;17;0;2;;;;19;1;11;0;18;;;;30;49
"054004";"Bevagna";86;0;9;0;2;;;;11;1;3;0;14;;;;18;29
"054004";"Bevagna";87;0;8;0;5;;;;13;0;3;0;17;;;;20;33
"054004";"Bevagna";88;0;3;0;1;;;;4;1;0;0;11;;;;12;16
"054004";"Bevagna";89;0;4;1;4;;;;9;0;3;0;4;;;;7;16
"054004";"Bevagna";90;0;5;0;2;;;;7;0;3;0;5;;;;8;15
"054004";"Bevagna";91;1;1;0;2;;;;4;2;2;0;9;;;;13;17
"054004";"Bevagna";92;0;3;0;1;;;;4;0;1;0;10;;;;11;15
"054004";"Bevagna";93;0;1;0;1;;;;2;1;1;0;7;;;;9;11
"054004";"Bevagna";94;0;3;0;1;;;;4;1;1;0;3;;;;5;9
"054004";"Bevagna";95;0;1;0;0;;;;1;1;0;0;5;;;;6;7
"054004";"Bevagna";96;0;0;0;1;;;;1;0;0;0;2;;;;2;3
"054004";"Bevagna";97;0;0;0;0;;;;0;0;0;0;2;;;;2;2
"054004";"Bevagna";98;0;0;0;2;;;;2;0;0;0;2;;;;2;4
"054004";"Bevagna";99;0;0;0;0;;;;0;0;0;0;0;;;;0;0
"054004";"Bevagna";100;0;0;0;0;;;;0;0;0;0;3;;;;3;3
"054004";"Bevagna";999;1067;1188;57;62;;;;2374;855;1184;71;293;;;;2403;4777
"054005";"Campello sul Clitunno";0;13;0;0;0;;;;13;6;0;0;0;;;;6;19
"054005";"Campello sul Clitunno";1;11;0;0;0;;;;11;8;0;0;0;;;;8;19
"054005";"Campello sul Clitunno";2;8;0;0;0;;;;8;7;0;0;0;;;;7;15
"054005";"Campello sul Clitunno";3;8;0;0;0;;;;8;4;0;0;0;;;;4;12
"054005";"Campello sul Clitunno";4;12;0;0;0;;;;12;13;0;0;0;;;;13;25
"054005";"Campello sul Clitunno";5;8;0;0;0;;;;8;6;0;0;0;;;;6;14
"054005";"Campello sul Clitunno";6;7;0;0;0;;;;7;9;0;0;0;;;;9;16
"054005";"Campello sul Clitunno";7;10;0;0;0;;;;10;5;0;0;0;;;;5;15
"054005";"Campello sul Clitunno";8;6;0;0;0;;;;6;8;0;0;0;;;;8;14
"054005";"Campello sul Clitunno";9;9;0;0;0;;;;9;18;0;0;0;;;;18;27
"054005";"Campello sul Clitunno";10;8;0;0;0;;;;8;10;0;0;0;;;;10;18
"054005";"Campello sul Clitunno";11;11;0;0;0;;;;11;10;0;0;0;;;;10;21
"054005";"Campello sul Clitunno";12;13;0;0;0;;;;13;10;0;0;0;;;;10;23
"054005";"Campello sul Clitunno";13;9;0;0;0;;;;9;15;0;0;0;;;;15;24
"054005";"Campello sul Clitunno";14;10;0;0;0;;;;10;11;0;0;0;;;;11;21
"054005";"Campello sul Clitunno";15;11;0;0;0;;;;11;10;0;0;0;;;;10;21
"054005";"Campello sul Clitunno";16;8;0;0;0;;;;8;15;0;0;0;;;;15;23
"054005";"Campello sul Clitunno";17;9;0;0;0;;;;9;7;0;0;0;;;;7;16
"054005";"Campello sul Clitunno";18;18;0;0;0;;;;18;7;0;0;0;;;;7;25
"054005";"Campello sul Clitunno";19;13;0;0;0;;;;13;12;0;0;0;;;;12;25
"054005";"Campello sul Clitunno";20;7;0;0;0;;;;7;16;0;0;0;;;;16;23
"054005";"Campello sul Clitunno";21;15;0;0;0;;;;15;8;0;0;0;;;;8;23
"054005";"Campello sul Clitunno";22;1;0;0;0;;;;1;14;0;0;0;;;;14;15
"054005";"Campello sul Clitunno";23;7;0;0;0;;;;7;5;0;0;0;;;;5;12
"054005";"Campello sul Clitunno";24;16;0;0;0;;;;16;8;0;0;0;;;;8;24
"054005";"Campello sul Clitunno";25;13;0;0;0;;;;13;8;0;0;0;;;;8;21
"054005";"Campello sul Clitunno";26;6;1;0;0;;;;7;7;1;0;0;;;;8;15
"054005";"Campello sul Clitunno";27;6;0;0;0;;;;6;13;2;0;0;;;;15;21
"054005";"Campello sul Clitunno";28;6;1;0;0;;;;7;4;2;0;0;;;;6;13
"054005";"Campello sul Clitunno";29;13;2;0;0;;;;15;5;3;0;0;;;;8;23
"054005";"Campello sul Clitunno";30;8;0;0;0;;;;8;14;4;0;0;;;;18;26
"054005";"Campello sul Clitunno";31;13;5;0;0;;;;18;5;2;0;0;;;;7;25
"054005";"Campello sul Clitunno";32;5;2;0;0;;;;7;5;4;0;0;;;;9;16
"054005";"Campello sul Clitunno";33;8;6;0;0;;;;14;9;6;0;0;;;;15;29
"054005";"Campello sul Clitunno";34;16;5;0;0;;;;21;6;7;0;0;;;;13;34
"054005";"Campello sul Clitunno";35;5;2;0;0;;;;7;7;6;0;0;;;;13;20
"054005";"Campello sul Clitunno";36;3;8;0;0;;;;11;8;3;0;0;;;;11;22
"054005";"Campello sul Clitunno";37;5;6;0;0;;;;11;3;9;0;0;;;;12;23
"054005";"Campello sul Clitunno";38;10;6;0;0;;;;16;8;9;0;0;;;;17;33
"054005";"Campello sul Clitunno";39;6;5;0;0;;;;11;3;2;0;0;;;;5;16
"054005";"Campello sul Clitunno";40;8;4;0;0;;;;12;7;9;1;0;;;;17;29
"054005";"Campello sul Clitunno";41;5;5;0;0;;;;10;3;11;1;0;;;;15;25
"054005";"Campello sul Clitunno";42;8;5;1;0;;;;14;5;7;2;0;;;;14;28
"054005";"Campello sul Clitunno";43;0;13;1;0;;;;14;3;11;1;0;;;;15;29
"054005";"Campello sul Clitunno";44;6;9;1;0;;;;16;3;9;0;1;;;;13;29
"054005";"Campello sul Clitunno";45;8;12;0;0;;;;20;2;10;1;0;;;;13;33
"054005";"Campello sul Clitunno";46;8;5;0;0;;;;13;5;16;0;0;;;;21;34
"054005";"Campello sul Clitunno";47;6;11;0;0;;;;17;5;8;1;0;;;;14;31
"054005";"Campello sul Clitunno";48;5;11;1;0;;;;17;3;16;0;1;;;;20;37
"054005";"Campello sul Clitunno";49;8;5;0;0;;;;13;3;9;5;0;;;;17;30
"054005";"Campello sul Clitunno";50;9;21;0;0;;;;30;5;12;1;1;;;;19;49
"054005";"Campello sul Clitunno";51;4;12;2;0;;;;18;2;12;1;0;;;;15;33
"054005";"Campello sul Clitunno";52;4;9;3;0;;;;16;2;16;1;0;;;;19;35
"054005";"Campello sul Clitunno";53;6;12;1;0;;;;19;4;18;0;3;;;;25;44
"054005";"Campello sul Clitunno";54;8;7;2;0;;;;17;2;10;2;0;;;;14;31
"054005";"Campello sul Clitunno";55;5;17;0;0;;;;22;2;10;1;0;;;;13;35
"054005";"Campello sul Clitunno";56;6;12;0;2;;;;20;1;16;2;0;;;;19;39
"054005";"Campello sul Clitunno";57;4;22;6;0;;;;32;2;15;6;3;;;;26;58
"054005";"Campello sul Clitunno";58;2;20;1;1;;;;24;3;14;1;1;;;;19;43
"054005";"Campello sul Clitunno";59;5;13;3;0;;;;21;1;18;0;2;;;;21;42
"054005";"Campello sul Clitunno";60;3;16;4;0;;;;23;3;16;0;1;;;;20;43
"054005";"Campello sul Clitunno";61;3;12;3;0;;;;18;0;9;3;4;;;;16;34
"054005";"Campello sul Clitunno";62;2;9;1;0;;;;12;1;14;1;2;;;;18;30
"054005";"Campello sul Clitunno";63;3;4;0;0;;;;7;3;13;1;2;;;;19;26
"054005";"Campello sul Clitunno";64;1;9;1;1;;;;12;1;13;2;2;;;;18;30
"054005";"Campello sul Clitunno";65;2;11;0;0;;;;13;0;9;1;1;;;;11;24
"054005";"Campello sul Clitunno";66;2;8;0;1;;;;11;3;10;2;2;;;;17;28
"054005";"Campello sul Clitunno";67;3;13;1;0;;;;17;0;20;0;3;;;;23;40
"054005";"Campello sul Clitunno";68;1;13;0;0;;;;14;1;12;0;1;;;;14;28
"054005";"Campello sul Clitunno";69;1;11;0;1;;;;13;1;5;0;2;;;;8;21
"054005";"Campello sul Clitunno";70;1;8;1;0;;;;10;0;11;0;3;;;;14;24
"054005";"Campello sul Clitunno";71;2;13;1;1;;;;17;0;14;0;2;;;;16;33
"054005";"Campello sul Clitunno";72;3;19;0;0;;;;22;0;8;1;1;;;;10;32
"054005";"Campello sul Clitunno";73;2;13;0;0;;;;15;0;6;1;3;;;;10;25
"054005";"Campello sul Clitunno";74;2;12;2;0;;;;16;1;12;0;7;;;;20;36
"054005";"Campello sul Clitunno";75;2;11;0;2;;;;15;0;11;1;1;;;;13;28
"054005";"Campello sul Clitunno";76;0;11;0;1;;;;12;0;4;0;3;;;;7;19
"054005";"Campello sul Clitunno";77;0;12;0;2;;;;14;1;7;0;10;;;;18;32
"054005";"Campello sul Clitunno";78;0;4;0;2;;;;6;0;6;0;3;;;;9;15
"054005";"Campello sul Clitunno";79;0;7;0;2;;;;9;1;8;0;2;;;;11;20
"054005";"Campello sul Clitunno";80;1;9;0;2;;;;12;0;5;0;3;;;;8;20
"054005";"Campello sul Clitunno";81;0;8;0;1;;;;9;0;3;0;5;;;;8;17
"054005";"Campello sul Clitunno";82;1;11;0;1;;;;13;1;8;0;7;;;;16;29
"054005";"Campello sul Clitunno";83;0;6;0;2;;;;8;1;10;0;6;;;;17;25
"054005";"Campello sul Clitunno";84;0;11;0;0;;;;11;0;0;0;10;;;;10;21
"054005";"Campello sul Clitunno";85;0;5;0;2;;;;7;1;3;0;6;;;;10;17
"054005";"Campello sul Clitunno";86;0;4;0;2;;;;6;1;1;0;16;;;;18;24
"054005";"Campello sul Clitunno";87;0;2;0;0;;;;2;0;1;0;12;;;;13;15
"054005";"Campello sul Clitunno";88;0;1;0;3;;;;4;0;2;0;5;;;;7;11
"054005";"Campello sul Clitunno";89;0;3;0;1;;;;4;1;1;0;2;;;;4;8
"054005";"Campello sul Clitunno";90;0;0;0;0;;;;0;1;0;0;6;;;;7;7
"054005";"Campello sul Clitunno";91;0;1;0;0;;;;1;1;0;0;7;;;;8;9
"054005";"Campello sul Clitunno";92;0;2;0;2;;;;4;0;1;0;7;;;;8;12
"054005";"Campello sul Clitunno";93;1;1;0;0;;;;2;0;0;0;5;;;;5;7
"054005";"Campello sul Clitunno";94;0;0;0;1;;;;1;0;0;0;5;;;;5;6
"054005";"Campello sul Clitunno";95;0;0;0;1;;;;1;0;0;0;4;;;;4;5
"054005";"Campello sul Clitunno";96;0;0;0;0;;;;0;0;0;0;0;;;;0;0
"054005";"Campello sul Clitunno";97;0;0;0;2;;;;2;0;0;0;0;;;;0;2
"054005";"Campello sul Clitunno";98;0;0;0;1;;;;1;0;0;0;0;;;;0;1
"054005";"Campello sul Clitunno";99;0;0;0;0;;;;0;0;0;0;0;;;;0;0
"054005";"Campello sul Clitunno";100;0;0;0;0;;;;0;0;0;0;2;;;;2;2
"054005";"Campello sul Clitunno";999;522;554;36;37;;;;1149;433;550;40;175;;;;1198;2347
"054006";"Cannara";0;16;0;0;0;;;;16;9;0;0;0;;;;9;25
"054006";"Cannara";1;11;0;0;0;;;;11;11;0;0;0;;;;11;22
"054006";"Cannara";2;15;0;0;0;;;;15;15;0;0;0;;;;15;30
"054006";"Cannara";3;21;0;0;0;;;;21;15;0;0;0;;;;15;36
"054006";"Cannara";4;20;0;0;0;;;;20;17;0;0;0;;;;17;37
"054006";"Cannara";5;22;0;0;0;;;;22;21;0;0;0;;;;21;43
"054006";"Cannara";6;16;0;0;0;;;;16;16;0;0;0;;;;16;32
"054006";"Cannara";7;14;0;0;0;;;;14;20;0;0;0;;;;20;34
"054006";"Cannara";8;22;0;0;0;;;;22;14;0;0;0;;;;14;36
"054006";"Cannara";9;26;0;0;0;;;;26;17;0;0;0;;;;17;43
"054006";"Cannara";10;24;0;0;0;;;;24;30;0;0;0;;;;30;54
"054006";"Cannara";11;18;0;0;0;;;;18;22;0;0;0;;;;22;40
"054006";"Cannara";12;22;0;0;0;;;;22;18;0;0;0;;;;18;40
"054006";"Cannara";13;23;0;0;0;;;;23;26;0;0;0;;;;26;49
"054006";"Cannara";14;28;0;0;0;;;;28;22;0;0;0;;;;22;50
"054006";"Cannara";15;15;0;0;0;;;;15;13;0;0;0;;;;13;28
"054006";"Cannara";16;19;0;0;0;;;;19;23;0;0;0;;;;23;42
"054006";"Cannara";17;20;0;0;0;;;;20;17;0;0;0;;;;17;37
"054006";"Cannara";18;21;0;0;0;;;;21;15;0;0;0;;;;15;36
"054006";"Cannara";19;20;0;0;0;;;;20;22;0;0;0;;;;22;42
"054006";"Cannara";20;19;0;0;0;;;;19;21;1;0;0;;;;22;41
"054006";"Cannara";21;21;0;0;0;;;;21;13;0;0;0;;;;13;34
"054006";"Cannara";22;17;0;0;0;;;;17;30;0;0;0;;;;30;47
"054006";"Cannara";23;23;0;0;0;;;;23;14;2;0;0;;;;16;39
"054006";"Cannara";24;16;1;0;0;;;;17;14;1;0;0;;;;15;32
"054006";"Cannara";25;16;0;0;0;;;;16;18;1;0;0;;;;19;35
"054006";"Cannara";26;29;0;0;0;;;;29;8;3;0;0;;;;11;40
"054006";"Cannara";27;17;0;0;0;;;;17;6;2;0;0;;;;8;25
"054006";"Cannara";28;14;3;0;0;;;;17;13;3;0;0;;;;16;33
"054006";"Cannara";29;21;1;0;0;;;;22;22;2;0;0;;;;24;46
"054006";"Cannara";30;18;3;0;0;;;;21;21;12;0;0;;;;33;54
"054006";"Cannara";31;20;8;0;0;;;;28;15;9;1;0;;;;25;53
"054006";"Cannara";32;14;3;0;0;;;;17;14;8;0;1;;;;23;40
"054006";"Cannara";33;15;4;0;0;;;;19;14;12;0;0;;;;26;45
"054006";"Cannara";34;13;7;0;0;;;;20;13;14;0;0;;;;27;47
"054006";"Cannara";35;27;16;0;0;;;;43;9;20;0;0;;;;29;72
"054006";"Cannara";36;13;6;0;0;;;;19;10;20;1;0;;;;31;50
"054006";"Cannara";37;22;16;1;0;;;;39;8;16;0;0;;;;24;63
"054006";"Cannara";38;12;12;1;0;;;;25;12;25;0;0;;;;37;62
"054006";"Cannara";39;13;12;1;0;;;;26;6;12;1;0;;;;19;45
"054006";"Cannara";40;9;14;1;0;;;;24;11;17;2;0;;;;30;54
"054006";"Cannara";41;6;20;0;0;;;;26;4;18;2;0;;;;24;50
"054006";"Cannara";42;10;19;0;0;;;;29;7;14;2;0;;;;23;52
"054006";"Cannara";43;7;17;0;0;;;;24;7;21;2;0;;;;30;54
"054006";"Cannara";44;7;19;0;1;;;;27;7;19;2;0;;;;28;55
"054006";"Cannara";45;10;23;0;0;;;;33;2;20;1;0;;;;23;56
"054006";"Cannara";46;7;21;1;0;;;;29;6;29;3;1;;;;39;68
"054006";"Cannara";47;10;27;2;0;;;;39;5;14;3;1;;;;23;62
"054006";"Cannara";48;6;25;1;1;;;;33;4;22;2;0;;;;28;61
"054006";"Cannara";49;11;22;1;0;;;;34;9;25;1;0;;;;35;69
"054006";"Cannara";50;10;20;1;0;;;;31;4;27;3;1;;;;35;66
"054006";"Cannara";51;9;17;2;0;;;;28;5;29;1;0;;;;35;63
"054006";"Cannara";52;1;20;3;1;;;;25;2;21;1;2;;;;26;51
"054006";"Cannara";53;4;23;3;0;;;;30;2;30;4;1;;;;37;67
"054006";"Cannara";54;4;14;2;0;;;;20;4;28;2;0;;;;34;54
"054006";"Cannara";55;5;27;2;0;;;;34;10;31;2;1;;;;44;78
"054006";"Cannara";56;3;22;0;0;;;;25;5;22;1;2;;;;30;55
"054006";"Cannara";57;7;31;3;1;;;;42;0;26;5;3;;;;34;76
"054006";"Cannara";58;2;16;2;0;;;;20;2;31;4;1;;;;38;58
"054006";"Cannara";59;3;27;2;0;;;;32;2;15;1;3;;;;21;53
"054006";"Cannara";60;3;26;2;0;;;;31;4;25;3;2;;;;34;65
"054006";"Cannara";61;3;24;2;0;;;;29;3;33;1;1;;;;38;67
"054006";"Cannara";62;4;33;1;3;;;;41;2;27;0;2;;;;31;72
"054006";"Cannara";63;1;30;0;1;;;;32;3;18;1;1;;;;23;55
"054006";"Cannara";64;3;19;1;1;;;;24;1;28;2;1;;;;32;56
"054006";"Cannara";65;2;21;1;0;;;;24;1;26;1;1;;;;29;53
"054006";"Cannara";66;3;36;0;3;;;;42;3;21;1;2;;;;27;69
"054006";"Cannara";67;1;25;2;0;;;;28;1;23;2;2;;;;28;56
"054006";"Cannara";68;1;29;0;2;;;;32;1;16;1;2;;;;20;52
"054006";"Cannara";69;3;13;0;0;;;;16;2;19;0;6;;;;27;43
"054006";"Cannara";70;1;12;1;0;;;;14;0;16;2;0;;;;18;32
"054006";"Cannara";71;2;24;0;0;;;;26;0;18;0;3;;;;21;47
"054006";"Cannara";72;0;28;1;0;;;;29;2;15;0;8;;;;25;54
"054006";"Cannara";73;1;18;2;2;;;;23;1;13;0;9;;;;23;46
"054006";"Cannara";74;1;11;0;1;;;;13;1;20;2;5;;;;28;41
"054006";"Cannara";75;1;12;0;1;;;;14;1;13;1;5;;;;20;34
"054006";"Cannara";76;3;15;0;0;;;;18;1;6;0;4;;;;11;29
"054006";"Cannara";77;1;15;0;2;;;;18;0;8;1;6;;;;15;33
"054006";"Cannara";78;1;19;1;1;;;;22;2;6;0;9;;;;17;39
"054006";"Cannara";79;2;12;0;3;;;;17;1;13;0;7;;;;21;38
"054006";"Cannara";80;0;9;0;1;;;;10;1;4;0;7;;;;12;22
"054006";"Cannara";81;1;11;0;3;;;;15;1;8;1;11;;;;21;36
"054006";"Cannara";82;1;15;1;1;;;;18;0;10;0;12;;;;22;40
"054006";"Cannara";83;1;8;0;1;;;;10;0;4;0;15;;;;19;29
"054006";"Cannara";84;2;8;0;3;;;;13;1;10;0;16;;;;27;40
"054006";"Cannara";85;0;6;0;0;;;;6;0;6;0;13;;;;19;25
"054006";"Cannara";86;0;5;0;7;;;;12;1;7;0;14;;;;22;34
"054006";"Cannara";87;0;6;0;2;;;;8;0;2;0;15;;;;17;25
"054006";"Cannara";88;0;8;0;3;;;;11;0;3;0;12;;;;15;26
"054006";"Cannara";89;0;3;0;1;;;;4;1;1;0;10;;;;12;16
"054006";"Cannara";90;0;5;0;1;;;;6;0;1;0;4;;;;5;11
"054006";"Cannara";91;0;5;0;2;;;;7;1;0;0;9;;;;10;17
"054006";"Cannara";92;0;0;0;0;;;;0;0;0;0;7;;;;7;7
"054006";"Cannara";93;0;2;0;2;;;;4;0;1;0;2;;;;3;7
"054006";"Cannara";94;0;0;0;1;;;;1;1;0;0;5;;;;6;7
"054006";"Cannara";95;0;3;0;0;;;;3;0;0;0;3;;;;3;6
"054006";"Cannara";96;0;1;0;2;;;;3;0;0;0;0;;;;0;3
"054006";"Cannara";97;0;0;0;0;;;;0;0;0;0;2;;;;2;2
"054006";"Cannara";98;0;0;0;0;;;;0;0;0;0;1;;;;1;1
"054006";"Cannara";99;0;0;0;0;;;;0;0;0;0;1;;;;1;1
"054006";"Cannara";100;0;0;0;0;;;;0;1;0;0;0;;;;1;1
"054006";"Cannara";999;926;1033;44;54;;;;2057;780;1043;66;252;;;;2141;4198
"054007";"Cascia";0;7;0;0;0;;;;7;9;0;0;0;;;;9;16
"054007";"Cascia";1;9;0;0;0;;;;9;8;0;0;0;;;;8;17
"054007";"Cascia";2;12;0;0;0;;;;12;11;0;0;0;;;;11;23
"054007";"Cascia";3;4;0;0;0;;;;4;9;0;0;0;;;;9;13
"054007";"Cascia";4;9;0;0;0;;;;9;7;0;0;0;;;;7;16
"054007";"Cascia";5;9;0;0;0;;;;9;13;0;0;0;;;;13;22
"054007";"Cascia";6;3;0;0;0;;;;3;11;0;0;0;;;;11;14
"054007";"Cascia";7;10;0;0;0;;;;10;7;0;0;0;;;;7;17
"054007";"Cascia";8;13;0;0;0;;;;13;8;0;0;0;;;;8;21
"054007";"Cascia";9;11;0;0;0;;;;11;9;0;0;0;;;;9;20
"054007";"Cascia";10;10;0;0;0;;;;10;12;0;0;0;;;;12;22
"054007";"Cascia";11;9;0;0;0;;;;9;13;0;0;0;;;;13;22
"054007";"Cascia";12;11;0;0;0;;;;11;9;0;0;0;;;;9;20
"054007";"Cascia";13;15;0;0;0;;;;15;9;0;0;0;;;;9;24
"054007";"Cascia";14;19;0;0;0;;;;19;18;0;0;0;;;;18;37
"054007";"Cascia";15;8;0;0;0;;;;8;13;0;0;0;;;;13;21
"054007";"Cascia";16;9;0;0;0;;;;9;10;0;0;0;;;;10;19
"054007";"Cascia";17;13;0;0;0;;;;13;15;0;0;0;;;;15;28
"054007";"Cascia";18;21;0;0;0;;;;21;12;0;0;0;;;;12;33
"054007";"Cascia";19;8;0;0;0;;;;8;14;1;0;0;;;;15;23
"054007";"Cascia";20;13;0;0;0;;;;13;16;0;0;0;;;;16;29
"054007";"Cascia";21;14;0;0;0;;;;14;19;0;0;0;;;;19;33
"054007";"Cascia";22;24;0;0;0;;;;24;12;0;0;0;;;;12;36
"054007";"Cascia";23;16;0;0;0;;;;16;19;1;0;0;;;;20;36
"054007";"Cascia";24;10;0;0;0;;;;10;9;0;0;0;;;;9;19
"054007";"Cascia";25;25;0;1;0;;;;26;19;1;0;0;;;;20;46
"054007";"Cascia";26;22;1;0;0;;;;23;19;0;0;0;;;;19;42
"054007";"Cascia";27;10;1;0;0;;;;11;20;1;0;0;;;;21;32
"054007";"Cascia";28;15;0;0;0;;;;15;15;5;0;0;;;;20;35
"054007";"Cascia";29;22;0;0;0;;;;22;8;1;0;0;;;;9;31
"054007";"Cascia";30;24;0;0;0;;;;24;11;4;0;0;;;;15;39
"054007";"Cascia";31;15;1;0;0;;;;16;11;7;0;0;;;;18;34
"054007";"Cascia";32;14;3;0;0;;;;17;8;3;0;0;;;;11;28
"054007";"Cascia";33;13;6;0;0;;;;19;9;15;0;0;;;;24;43
"054007";"Cascia";34;17;8;0;0;;;;25;5;4;0;0;;;;9;34
"054007";"Cascia";35;16;5;0;0;;;;21;6;11;0;0;;;;17;38
"054007";"Cascia";36;7;4;0;0;;;;11;6;9;0;0;;;;15;26
"054007";"Cascia";37;4;8;0;0;;;;12;9;10;0;0;;;;19;31
"054007";"Cascia";38;16;13;0;0;;;;29;7;8;0;0;;;;15;44
"054007";"Cascia";39;10;7;0;0;;;;17;5;8;0;0;;;;13;30
"054007";"Cascia";40;10;6;0;0;;;;16;1;7;0;1;;;;9;25
"054007";"Cascia";41;7;5;0;0;;;;12;6;10;1;0;;;;17;29
"054007";"Cascia";42;7;6;0;0;;;;13;7;9;0;0;;;;16;29
"054007";"Cascia";43;7;9;1;0;;;;17;3;14;0;0;;;;17;34
"054007";"Cascia";44;10;11;0;0;;;;21;3;7;0;0;;;;10;31
"054007";"Cascia";45;8;5;0;0;;;;13;5;7;2;0;;;;14;27
"054007";"Cascia";46;4;15;0;0;;;;19;1;17;0;1;;;;19;38
"054007";"Cascia";47;5;13;1;0;;;;19;11;12;0;1;;;;24;43
"054007";"Cascia";48;4;20;1;0;;;;25;4;19;0;0;;;;23;48
"054007";"Cascia";49;7;13;0;0;;;;20;2;17;0;0;;;;19;39
"054007";"Cascia";50;4;16;0;0;;;;20;2;25;1;1;;;;29;49
"054007";"Cascia";51;5;16;0;0;;;;21;3;17;0;1;;;;21;42
"054007";"Cascia";52;6;20;2;0;;;;28;4;14;1;2;;;;21;49
"054007";"Cascia";53;6;23;1;0;;;;30;3;24;2;1;;;;30;60
"054007";"Cascia";54;5;18;1;0;;;;24;4;22;1;0;;;;27;51
"054007";"Cascia";55;4;13;1;0;;;;18;3;18;2;2;;;;25;43
"054007";"Cascia";56;3;15;2;0;;;;20;4;21;0;0;;;;25;45
"054007";"Cascia";57;2;18;0;0;;;;20;5;27;1;6;;;;39;59
"054007";"Cascia";58;6;18;0;1;;;;25;4;23;1;1;;;;29;54
"054007";"Cascia";59;4;21;0;0;;;;25;1;31;1;2;;;;35;60
"054007";"Cascia";60;3;23;3;1;;;;30;1;14;1;2;;;;18;48
"054007";"Cascia";61;1;29;0;2;;;;32;3;20;1;2;;;;26;58
"054007";"Cascia";62;6;20;1;0;;;;27;4;19;1;2;;;;26;53
"054007";"Cascia";63;7;20;1;0;;;;28;2;26;2;5;;;;35;63
"054007";"Cascia";64;3;28;1;1;;;;33;0;20;1;2;;;;23;56
"054007";"Cascia";65;1;20;0;0;;;;21;4;14;0;1;;;;19;40
"054007";"Cascia";66;5;17;1;0;;;;23;2;14;0;2;;;;18;41
"054007";"Cascia";67;3;21;2;0;;;;26;1;18;2;0;;;;21;47
"054007";"Cascia";68;2;16;1;0;;;;19;2;10;0;3;;;;15;34
"054007";"Cascia";69;3;16;0;0;;;;19;1;15;0;6;;;;22;41
"054007";"Cascia";70;3;15;0;1;;;;19;1;14;0;1;;;;16;35
"054007";"Cascia";71;2;14;1;1;;;;18;6;11;1;3;;;;21;39
"054007";"Cascia";72;0;18;0;1;;;;19;2;15;0;2;;;;19;38
"054007";"Cascia";73;1;18;1;3;;;;23;0;7;1;4;;;;12;35
"054007";"Cascia";74;2;11;0;1;;;;14;2;9;0;7;;;;18;32
"054007";"Cascia";75;3;9;0;1;;;;13;0;8;0;7;;;;15;28
"054007";"Cascia";76;1;12;0;1;;;;14;0;7;0;7;;;;14;28
"054007";"Cascia";77;0;12;0;0;;;;12;1;4;0;4;;;;9;21
"054007";"Cascia";78;0;6;1;1;;;;8;0;4;0;7;;;;11;19
"054007";"Cascia";79;2;7;0;2;;;;11;0;9;0;3;;;;12;23
"054007";"Cascia";80;1;8;0;1;;;;10;3;7;0;4;;;;14;24
"054007";"Cascia";81;1;9;1;1;;;;12;2;5;0;4;;;;11;23
"054007";"Cascia";82;2;8;0;2;;;;12;2;5;0;11;;;;18;30
"054007";"Cascia";83;1;10;0;2;;;;13;2;3;0;4;;;;9;22
"054007";"Cascia";84;1;3;1;2;;;;7;2;2;0;6;;;;10;17
"054007";"Cascia";85;0;5;0;0;;;;5;2;4;0;6;;;;12;17
"054007";"Cascia";86;1;3;0;1;;;;5;1;2;0;2;;;;5;10
"054007";"Cascia";87;2;4;0;0;;;;6;0;4;0;9;;;;13;19
"054007";"Cascia";88;1;3;0;1;;;;5;0;1;0;6;;;;7;12
"054007";"Cascia";89;0;1;0;1;;;;2;1;0;0;9;;;;10;12
"054007";"Cascia";90;0;2;0;2;;;;4;1;1;1;5;;;;8;12
"054007";"Cascia";91;0;0;0;3;;;;3;0;0;0;7;;;;7;10
"054007";"Cascia";92;1;0;0;1;;;;2;0;0;0;5;;;;5;7
"054007";"Cascia";93;0;0;0;1;;;;1;1;0;0;7;;;;8;9
"054007";"Cascia";94;0;0;0;0;;;;0;0;0;0;1;;;;1;1
"054007";"Cascia";95;0;0;0;0;;;;0;0;1;0;3;;;;4;4
"054007";"Cascia";96;0;0;0;0;;;;0;0;0;0;0;;;;0;0
"054007";"Cascia";97;0;0;0;0;;;;0;1;0;0;1;;;;2;2
"054007";"Cascia";98;0;0;0;0;;;;0;0;0;0;0;;;;0;0
"054007";"Cascia";99;0;0;0;0;;;;0;0;0;0;0;;;;0;0
"054007";"Cascia";100;0;0;0;0;;;;0;0;0;0;0;;;;0;0
"054007";"Cascia";999;690;726;26;35;;;;1477;576;723;24;179;;;;1502;2979
"054008";"Castel Ritaldi";0;7;0;0;0;;;;7;7;0;0;0;;;;7;14
"054008";"Castel Ritaldi";1;3;0;0;0;;;;3;5;0;0;0;;;;5;8
"054008";"Castel Ritaldi";2;6;0;0;0;;;;6;11;0;0;0;;;;11;17
"054008";"Castel Ritaldi";3;8;0;0;0;;;;8;8;0;0;0;;;;8;16
"054008";"Castel Ritaldi";4;7;0;0;0;;;;7;8;0;0;0;;;;8;15
"054008";"Castel Ritaldi";5;15;0;0;0;;;;15;8;0;0;0;;;;8;23
"054008";"Castel Ritaldi";6;11;0;0;0;;;;11;11;0;0;0;;;;11;22
"054008";"Castel Ritaldi";7;18;0;0;0;;;;18;10;0;0;0;;;;10;28
"054008";"Castel Ritaldi";8;6;0;0;0;;;;6;10;0;0;0;;;;10;16
"054008";"Castel Ritaldi";9;15;0;0;0;;;;15;17;0;0;0;;;;17;32
"054008";"Castel Ritaldi";10;21;0;0;0;;;;21;13;0;0;0;;;;13;34
"054008";"Castel Ritaldi";11;17;0;0;0;;;;17;15;0;0;0;;;;15;32
"054008";"Castel Ritaldi";12;19;0;0;0;;;;19;19;0;0;0;;;;19;38
"054008";"Castel Ritaldi";13;10;0;0;0;;;;10;18;0;0;0;;;;18;28
"054008";"Castel Ritaldi";14;13;0;0;0;;;;13;22;0;0;0;;;;22;35
"054008";"Castel Ritaldi";15;19;0;0;0;;;;19;12;0;0;0;;;;12;31
"054008";"Castel Ritaldi";16;12;0;0;0;;;;12;13;0;0;0;;;;13;25
"054008";"Castel Ritaldi";17;15;0;0;0;;;;15;9;0;0;0;;;;9;24
"054008";"Castel Ritaldi";18;24;0;0;0;;;;24;20;0;0;0;;;;20;44
"054008";"Castel Ritaldi";19;17;0;0;0;;;;17;25;0;0;0;;;;25;42
"054008";"Castel Ritaldi";20;21;0;0;0;;;;21;15;0;0;0;;;;15;36
"054008";"Castel Ritaldi";21;12;0;0;0;;;;12;15;0;0;0;;;;15;27
"054008";"Castel Ritaldi";22;9;0;0;0;;;;9;16;1;0;0;;;;17;26
"054008";"Castel Ritaldi";23;23;0;0;0;;;;23;12;0;0;0;;;;12;35
"054008";"Castel Ritaldi";24;13;0;0;0;;;;13;18;2;0;0;;;;20;33
"054008";"Castel Ritaldi";25;13;0;0;0;;;;13;11;0;0;0;;;;11;24
"054008";"Castel Ritaldi";26;11;0;0;0;;;;11;10;1;0;0;;;;11;22
"054008";"Castel Ritaldi";27;19;2;0;0;;;;21;9;0;0;0;;;;9;30
"054008";"Castel Ritaldi";28;21;1;0;0;;;;22;10;4;0;0;;;;14;36
"054008";"Castel Ritaldi";29;15;0;0;0;;;;15;12;2;0;0;;;;14;29
"054008";"Castel Ritaldi";30;12;0;1;0;;;;13;11;1;0;0;;;;12;25
"054008";"Castel Ritaldi";31;12;2;0;0;;;;14;12;2;0;0;;;;14;28
"054008";"Castel Ritaldi";32;18;5;0;0;;;;23;9;8;0;0;;;;17;40
"054008";"Castel Ritaldi";33;10;0;0;0;;;;10;11;3;0;0;;;;14;24
"054008";"Castel Ritaldi";34;14;2;0;0;;;;16;10;6;0;0;;;;16;32
"054008";"Castel Ritaldi";35;7;3;0;0;;;;10;6;6;0;0;;;;12;22
"054008";"Castel Ritaldi";36;12;5;0;0;;;;17;4;9;0;0;;;;13;30
"054008";"Castel Ritaldi";37;9;10;0;0;;;;19;8;10;0;0;;;;18;37
"054008";"Castel Ritaldi";38;11;5;0;0;;;;16;5;10;0;0;;;;15;31
"054008";"Castel Ritaldi";39;15;9;0;0;;;;24;6;17;0;0;;;;23;47
"054008";"Castel Ritaldi";40;7;9;0;1;;;;17;2;15;0;0;;;;17;34
"054008";"Castel Ritaldi";41;8;13;0;0;;;;21;7;9;0;1;;;;17;38
"054008";"Castel Ritaldi";42;6;7;1;0;;;;14;8;12;1;1;;;;22;36
"054008";"Castel Ritaldi";43;10;9;1;0;;;;20;5;16;2;1;;;;24;44
"054008";"Castel Ritaldi";44;5;17;0;0;;;;22;6;12;1;0;;;;19;41
"054008";"Castel Ritaldi";45;14;11;2;0;;;;27;4;20;0;1;;;;25;52
"054008";"Castel Ritaldi";46;10;10;0;0;;;;20;5;19;2;0;;;;26;46
"054008";"Castel Ritaldi";47;3;22;1;0;;;;26;5;26;0;2;;;;33;59
"054008";"Castel Ritaldi";48;10;17;0;1;;;;28;5;20;1;0;;;;26;54
"054008";"Castel Ritaldi";49;9;11;3;1;;;;24;2;29;1;0;;;;32;56
"054008";"Castel Ritaldi";50;7;22;2;0;;;;31;3;17;2;0;;;;22;53
"054008";"Castel Ritaldi";51;6;30;0;0;;;;36;5;19;2;1;;;;27;63
"054008";"Castel Ritaldi";52;2;23;1;0;;;;26;3;23;1;0;;;;27;53
"054008";"Castel Ritaldi";53;4;12;0;0;;;;16;8;15;2;0;;;;25;41
"054008";"Castel Ritaldi";54;8;26;0;0;;;;34;5;20;2;0;;;;27;61
"054008";"Castel Ritaldi";55;6;18;1;0;;;;25;0;18;1;1;;;;20;45
"054008";"Castel Ritaldi";56;6;22;0;0;;;;28;2;16;0;1;;;;19;47
"054008";"Castel Ritaldi";57;1;15;2;0;;;;18;4;24;1;0;;;;29;47
"054008";"Castel Ritaldi";58;5;13;0;1;;;;19;0;17;2;2;;;;21;40
"054008";"Castel Ritaldi";59;1;29;1;1;;;;32;2;17;3;1;;;;23;55
"054008";"Castel Ritaldi";60;2;15;0;0;;;;17;1;15;1;1;;;;18;35
"054008";"Castel Ritaldi";61;2;23;2;0;;;;27;1;14;0;2;;;;17;44
"054008";"Castel Ritaldi";62;1;13;2;1;;;;17;3;24;1;3;;;;31;48
"054008";"Castel Ritaldi";63;2;11;0;0;;;;13;3;10;1;0;;;;14;27
"054008";"Castel Ritaldi";64;2;14;1;0;;;;17;3;12;0;2;;;;17;34
"054008";"Castel Ritaldi";65;1;21;2;2;;;;26;0;15;2;1;;;;18;44
"054008";"Castel Ritaldi";66;1;10;0;0;;;;11;3;14;1;4;;;;22;33
"054008";"Castel Ritaldi";67;2;13;1;0;;;;16;2;18;0;2;;;;22;38
"054008";"Castel Ritaldi";68;0;17;2;3;;;;22;1;20;2;2;;;;25;47
"054008";"Castel Ritaldi";69;3;15;0;0;;;;18;2;13;0;2;;;;17;35
"054008";"Castel Ritaldi";70;1;17;1;1;;;;20;3;15;0;3;;;;21;41
"054008";"Castel Ritaldi";71;1;16;0;1;;;;18;1;6;2;9;;;;18;36
"054008";"Castel Ritaldi";72;2;14;0;1;;;;17;1;13;1;1;;;;16;33
"054008";"Castel Ritaldi";73;1;21;1;0;;;;23;2;18;0;6;;;;26;49
"054008";"Castel Ritaldi";74;3;15;0;1;;;;19;0;13;0;7;;;;20;39
"054008";"Castel Ritaldi";75;0;16;0;2;;;;18;1;9;0;2;;;;12;30
"054008";"Castel Ritaldi";76;1;13;0;2;;;;16;1;5;0;5;;;;11;27
"054008";"Castel Ritaldi";77;4;12;1;1;;;;18;0;7;0;5;;;;12;30
"054008";"Castel Ritaldi";78;0;8;0;1;;;;9;1;4;0;9;;;;14;23
"054008";"Castel Ritaldi";79;0;2;0;2;;;;4;1;5;0;4;;;;10;14
"054008";"Castel Ritaldi";80;0;6;0;1;;;;7;0;7;0;5;;;;12;19
"054008";"Castel Ritaldi";81;1;7;0;0;;;;8;0;9;0;8;;;;17;25
"054008";"Castel Ritaldi";82;2;4;0;4;;;;10;0;8;0;8;;;;16;26
"054008";"Castel Ritaldi";83;1;7;0;1;;;;9;0;6;1;10;;;;17;26
"054008";"Castel Ritaldi";84;0;4;0;0;;;;4;0;4;0;3;;;;7;11
"054008";"Castel Ritaldi";85;1;8;0;1;;;;10;0;5;0;7;;;;12;22
"054008";"Castel Ritaldi";86;2;6;0;3;;;;11;1;2;0;7;;;;10;21
"054008";"Castel Ritaldi";87;0;4;0;3;;;;7;0;1;0;4;;;;5;12
"054008";"Castel Ritaldi";88;0;5;0;1;;;;6;0;1;0;4;;;;5;11
"054008";"Castel Ritaldi";89;0;4;0;1;;;;5;0;1;0;12;;;;13;18
"054008";"Castel Ritaldi";90;0;2;0;2;;;;4;1;1;0;7;;;;9;13
"054008";"Castel Ritaldi";91;2;3;0;1;;;;6;0;1;0;5;;;;6;12
"054008";"Castel Ritaldi";92;0;1;0;0;;;;1;0;0;0;3;;;;3;4
"054008";"Castel Ritaldi";93;0;1;0;0;;;;1;0;1;0;2;;;;3;4
"054008";"Castel Ritaldi";94;0;2;0;0;;;;2;0;0;0;3;;;;3;5
"054008";"Castel Ritaldi";95;0;0;0;0;;;;0;0;0;0;2;;;;2;2
"054008";"Castel Ritaldi";96;0;0;0;0;;;;0;0;0;0;0;;;;0;0
"054008";"Castel Ritaldi";97;1;0;0;0;;;;1;2;0;0;1;;;;3;4
"054008";"Castel Ritaldi";98;0;0;0;0;;;;0;0;0;0;0;;;;0;0
"054008";"Castel Ritaldi";99;0;0;0;0;;;;0;0;1;0;1;;;;2;2
"054008";"Castel Ritaldi";100;0;0;0;0;;;;0;0;0;0;1;;;;1;1
"054008";"Castel Ritaldi";999;707;730;29;41;;;;1507;586;744;36;175;;;;1541;3048
"054009";"Castiglione del Lago";0;43;0;0;0;;;;43;45;0;0;0;;;;45;88
"054009";"Castiglione del Lago";1;63;0;0;0;;;;63;42;0;0;0;;;;42;105
"054009";"Castiglione del Lago";2;53;0;0;0;;;;53;50;0;0;0;;;;50;103
"054009";"Castiglione del Lago";3;64;0;0;0;;;;64;48;0;0;0;;;;48;112
"054009";"Castiglione del Lago";4;59;0;0;0;;;;59;62;0;0;0;;;;62;121
"054009";"Castiglione del Lago";5;64;0;0;0;;;;64;49;0;0;0;;;;49;113
"054009";"Castiglione del Lago";6;76;0;0;0;;;;76;65;0;0;0;;;;65;141
"054009";"Castiglione del Lago";7;63;0;0;0;;;;63;70;0;0;0;;;;70;133
"054009";"Castiglione del Lago";8;87;0;0;0;;;;87;67;0;0;0;;;;67;154
"054009";"Castiglione del Lago";9;69;0;0;0;;;;69;66;0;0;0;;;;66;135
"054009";"Castiglione del Lago";10;67;0;0;0;;;;67;70;0;0;0;;;;70;137
"054009";"Castiglione del Lago";11;77;0;0;0;;;;77;60;0;0;0;;;;60;137
"054009";"Castiglione del Lago";12;69;0;0;0;;;;69;66;0;0;0;;;;66;135
"054009";"Castiglione del Lago";13;82;0;0;0;;;;82;70;0;0;0;;;;70;152
"054009";"Castiglione del Lago";14;72;0;0;0;;;;72;72;0;0;0;;;;72;144
"054009";"Castiglione del Lago";15;69;0;0;0;;;;69;59;0;0;0;;;;59;128
"054009";"Castiglione del Lago";16;62;0;0;0;;;;62;66;0;0;0;;;;66;128
"054009";"Castiglione del Lago";17;70;0;0;0;;;;70;64;0;0;0;;;;64;134
"054009";"Castiglione del Lago";18;52;0;0;0;;;;52;65;0;0;0;;;;65;117
"054009";"Castiglione del Lago";19;62;0;0;0;;;;62;63;1;0;0;;;;64;126
"054009";"Castiglione del Lago";20;69;0;0;0;;;;69;58;0;0;0;;;;58;127
"054009";"Castiglione del Lago";21;61;1;0;0;;;;62;49;2;0;0;;;;51;113
"054009";"Castiglione del Lago";22;83;1;0;0;;;;84;62;4;0;0;;;;66;150
"054009";"Castiglione del Lago";23;48;0;0;0;;;;48;57;3;0;0;;;;60;108
"054009";"Castiglione del Lago";24;75;0;0;0;;;;75;61;5;0;0;;;;66;141
"054009";"Castiglione del Lago";25;64;2;0;0;;;;66;75;5;0;0;;;;80;146
"054009";"Castiglione del Lago";26;66;2;0;0;;;;68;53;13;1;0;;;;67;135
"054009";"Castiglione del Lago";27;62;1;0;0;;;;63;50;10;0;0;;;;60;123
"054009";"Castiglione del Lago";28;56;3;0;0;;;;59;56;11;0;0;;;;67;126
"054009";"Castiglione del Lago";29;66;13;0;0;;;;79;59;25;0;0;;;;84;163
"054009";"Castiglione del Lago";30;71;12;0;0;;;;83;50;21;1;0;;;;72;155
"054009";"Castiglione del Lago";31;58;14;0;0;;;;72;49;16;0;0;;;;65;137
"054009";"Castiglione del Lago";32;72;19;0;0;;;;91;46;24;2;0;;;;72;163
"054009";"Castiglione del Lago";33;59;29;1;0;;;;89;51;32;0;0;;;;83;172
"054009";"Castiglione del Lago";34;55;24;0;0;;;;79;48;44;0;0;;;;92;171
"054009";"Castiglione del Lago";35;42;28;3;0;;;;73;46;44;3;0;;;;93;166
"054009";"Castiglione del Lago";36;43;29;4;0;;;;76;56;45;0;0;;;;101;177
"054009";"Castiglione del Lago";37;44;47;1;0;;;;92;45;42;1;0;;;;88;180
"054009";"Castiglione del Lago";38;52;45;4;0;;;;101;42;44;4;0;;;;90;191
"054009";"Castiglione del Lago";39;51;34;2;0;;;;87;38;69;1;1;;;;109;196
"054009";"Castiglione del Lago";40;44;37;2;0;;;;83;32;56;4;0;;;;92;175
"054009";"Castiglione del Lago";41;46;52;3;0;;;;101;28;54;7;0;;;;89;190
"054009";"Castiglione del Lago";42;41;43;4;0;;;;88;33;55;3;0;;;;91;179
"054009";"Castiglione del Lago";43;53;51;7;1;;;;112;32;64;3;0;;;;99;211
"054009";"Castiglione del Lago";44;49;51;2;0;;;;102;27;73;5;1;;;;106;208
"054009";"Castiglione del Lago";45;41;60;2;1;;;;104;41;68;9;1;;;;119;223
"054009";"Castiglione del Lago";46;39;65;5;1;;;;110;23;75;11;0;;;;109;219
"054009";"Castiglione del Lago";47;35;64;6;0;;;;105;29;69;4;3;;;;105;210
"054009";"Castiglione del Lago";48;35;79;5;0;;;;119;17;77;3;3;;;;100;219
"054009";"Castiglione del Lago";49;33;69;4;1;;;;107;23;79;4;1;;;;107;214
"054009";"Castiglione del Lago";50;42;78;10;0;;;;130;19;90;11;1;;;;121;251
"054009";"Castiglione del Lago";51;19;76;6;2;;;;103;12;80;15;1;;;;108;211
"054009";"Castiglione del Lago";52;32;82;7;2;;;;123;10;85;7;3;;;;105;228
"054009";"Castiglione del Lago";53;28;61;5;2;;;;96;11;95;11;6;;;;123;219
"054009";"Castiglione del Lago";54;30;84;6;0;;;;120;16;87;9;3;;;;115;235
"054009";"Castiglione del Lago";55;20;87;14;0;;;;121;12;92;5;2;;;;111;232
"054009";"Castiglione del Lago";56;15;97;6;0;;;;118;12;87;7;7;;;;113;231
"054009";"Castiglione del Lago";57;18;78;8;1;;;;105;15;95;11;4;;;;125;230
"054009";"Castiglione del Lago";58;17;70;3;1;;;;91;10;102;6;6;;;;124;215
"054009";"Castiglione del Lago";59;9;78;5;2;;;;94;11;93;8;9;;;;121;215
"054009";"Castiglione del Lago";60;10;93;4;2;;;;109;13;79;6;6;;;;104;213
"054009";"Castiglione del Lago";61;17;98;9;1;;;;125;10;95;10;7;;;;122;247
"054009";"Castiglione del Lago";62;9;94;11;2;;;;116;11;96;10;11;;;;128;244
"054009";"Castiglione del Lago";63;10;76;4;0;;;;90;9;88;7;11;;;;115;205
"054009";"Castiglione del Lago";64;9;97;6;0;;;;112;6;71;5;9;;;;91;203
"054009";"Castiglione del Lago";65;8;75;6;2;;;;91;7;86;11;13;;;;117;208
"054009";"Castiglione del Lago";66;12;87;4;4;;;;107;10;92;7;12;;;;121;228
"054009";"Castiglione del Lago";67;4;97;3;2;;;;106;10;94;4;14;;;;122;228
"054009";"Castiglione del Lago";68;8;79;1;9;;;;97;6;73;6;11;;;;96;193
"054009";"Castiglione del Lago";69;3;85;4;2;;;;94;2;72;4;22;;;;100;194
"054009";"Castiglione del Lago";70;11;78;4;4;;;;97;5;64;5;20;;;;94;191
"054009";"Castiglione del Lago";71;8;76;3;4;;;;91;7;67;7;22;;;;103;194
"054009";"Castiglione del Lago";72;1;88;9;8;;;;106;1;62;6;23;;;;92;198
"054009";"Castiglione del Lago";73;9;102;1;10;;;;122;4;70;0;33;;;;107;229
"054009";"Castiglione del Lago";74;7;80;3;7;;;;97;4;62;2;26;;;;94;191
"054009";"Castiglione del Lago";75;6;66;2;4;;;;78;5;67;4;22;;;;98;176
"054009";"Castiglione del Lago";76;1;58;2;3;;;;64;9;46;2;22;;;;79;143
"054009";"Castiglione del Lago";77;7;48;1;9;;;;65;5;34;2;33;;;;74;139
"054009";"Castiglione del Lago";78;1;44;1;6;;;;52;3;37;1;45;;;;86;138
"054009";"Castiglione del Lago";79;2;40;1;5;;;;48;0;32;1;32;;;;65;113
"054009";"Castiglione del Lago";80;5;37;1;8;;;;51;5;25;4;44;;;;78;129
"054009";"Castiglione del Lago";81;5;42;1;8;;;;56;3;35;1;41;;;;80;136
"054009";"Castiglione del Lago";82;3;42;1;9;;;;55;1;28;1;51;;;;81;136
"054009";"Castiglione del Lago";83;3;60;0;11;;;;74;2;37;1;46;;;;86;160
"054009";"Castiglione del Lago";84;2;39;0;7;;;;48;0;18;2;47;;;;67;115
"054009";"Castiglione del Lago";85;2;34;0;6;;;;42;1;18;1;52;;;;72;114
"054009";"Castiglione del Lago";86;4;35;1;8;;;;48;2;12;1;42;;;;57;105
"054009";"Castiglione del Lago";87;2;26;0;16;;;;44;2;8;1;48;;;;59;103
"054009";"Castiglione del Lago";88;4;22;0;11;;;;37;1;10;0;35;;;;46;83
"054009";"Castiglione del Lago";89;0;17;0;8;;;;25;0;4;0;36;;;;40;65
"054009";"Castiglione del Lago";90;1;11;0;8;;;;20;0;4;1;44;;;;49;69
"054009";"Castiglione del Lago";91;0;10;0;7;;;;17;1;1;0;46;;;;48;65
"054009";"Castiglione del Lago";92;0;8;0;3;;;;11;0;4;0;26;;;;30;41
"054009";"Castiglione del Lago";93;2;3;0;3;;;;8;0;0;0;16;;;;16;24
"054009";"Castiglione del Lago";94;0;4;0;1;;;;5;0;0;0;13;;;;13;18
"054009";"Castiglione del Lago";95;1;3;0;2;;;;6;0;0;0;15;;;;15;21
"054009";"Castiglione del Lago";96;0;1;0;2;;;;3;1;0;0;11;;;;12;15
"054009";"Castiglione del Lago";97;0;0;0;2;;;;2;0;0;0;6;;;;6;8
"054009";"Castiglione del Lago";98;0;0;0;1;;;;1;0;1;0;4;;;;5;6
"054009";"Castiglione del Lago";99;0;2;0;0;;;;2;0;0;0;2;;;;2;4
"054009";"Castiglione del Lago";100;0;0;0;0;;;;0;0;0;0;3;;;;3;3
"054009";"Castiglione del Lago";999;3343;3623;208;219;;;;7393;2829;3628;269;1074;;;;7800;15193
"054010";"Cerreto di Spoleto";0;4;0;0;0;;;;4;2;0;0;0;;;;2;6
"054010";"Cerreto di Spoleto";1;2;0;0;0;;;;2;1;0;0;0;;;;1;3
"054010";"Cerreto di Spoleto";2;2;0;0;0;;;;2;3;0;0;0;;;;3;5
"054010";"Cerreto di Spoleto";3;3;0;0;0;;;;3;1;0;0;0;;;;1;4
"054010";"Cerreto di Spoleto";4;4;0;0;0;;;;4;2;0;0;0;;;;2;6
"054010";"Cerreto di Spoleto";5;4;0;0;0;;;;4;3;0;0;0;;;;3;7
"054010";"Cerreto di Spoleto";6;6;0;0;0;;;;6;3;0;0;0;;;;3;9
"054010";"Cerreto di Spoleto";7;1;0;0;0;;;;1;5;0;0;0;;;;5;6
"054010";"Cerreto di Spoleto";8;1;0;0;0;;;;1;2;0;0;0;;;;2;3
"054010";"Cerreto di Spoleto";9;3;0;0;0;;;;3;4;0;0;0;;;;4;7
"054010";"Cerreto di Spoleto";10;2;0;0;0;;;;2;0;0;0;0;;;;0;2
"054010";"Cerreto di Spoleto";11;5;0;0;0;;;;5;2;0;0;0;;;;2;7
"054010";"Cerreto di Spoleto";12;3;0;0;0;;;;3;3;0;0;0;;;;3;6
"054010";"Cerreto di Spoleto";13;2;0;0;0;;;;2;4;0;0;0;;;;4;6
"054010";"Cerreto di Spoleto";14;6;0;0;0;;;;6;3;0;0;0;;;;3;9
"054010";"Cerreto di Spoleto";15;8;0;0;0;;;;8;4;0;0;0;;;;4;12
"054010";"Cerreto di Spoleto";16;7;0;0;0;;;;7;3;0;0;0;;;;3;10
"054010";"Cerreto di Spoleto";17;10;0;0;0;;;;10;6;0;0;0;;;;6;16
"054010";"Cerreto di Spoleto";18;7;0;0;0;;;;7;5;0;0;0;;;;5;12
"054010";"Cerreto di Spoleto";19;6;0;0;0;;;;6;2;0;0;0;;;;2;8
"054010";"Cerreto di Spoleto";20;4;0;0;0;;;;4;8;0;0;0;;;;8;12
"054010";"Cerreto di Spoleto";21;5;0;0;0;;;;5;5;0;0;0;;;;5;10
"054010";"Cerreto di Spoleto";22;5;0;0;0;;;;5;7;0;0;0;;;;7;12
"054010";"Cerreto di Spoleto";23;4;1;0;0;;;;5;6;0;0;0;;;;6;11
"054010";"Cerreto di Spoleto";24;0;0;0;0;;;;0;4;0;0;0;;;;4;4
"054010";"Cerreto di Spoleto";25;5;0;0;0;;;;5;3;0;0;0;;;;3;8
"054010";"Cerreto di Spoleto";26;6;0;0;0;;;;6;4;2;0;0;;;;6;12
"054010";"Cerreto di Spoleto";27;5;0;0;0;;;;5;2;1;0;0;;;;3;8
"054010";"Cerreto di Spoleto";28;2;0;0;0;;;;2;3;1;0;0;;;;4;6
"054010";"Cerreto di Spoleto";29;5;0;0;0;;;;5;2;0;0;0;;;;2;7
"054010";"Cerreto di Spoleto";30;1;1;0;0;;;;2;3;2;0;0;;;;5;7
"054010";"Cerreto di Spoleto";31;3;0;0;0;;;;3;1;1;0;0;;;;2;5
"054010";"Cerreto di Spoleto";32;3;1;0;0;;;;4;7;1;0;0;;;;8;12
"054010";"Cerreto di Spoleto";33;2;4;0;0;;;;6;5;2;0;0;;;;7;13
"054010";"Cerreto di Spoleto";34;2;1;0;0;;;;3;1;1;0;0;;;;2;5
"054010";"Cerreto di Spoleto";35;3;2;0;0;;;;5;4;4;0;0;;;;8;13
"054010";"Cerreto di Spoleto";36;2;1;0;0;;;;3;2;2;0;0;;;;4;7
"054010";"Cerreto di Spoleto";37;5;0;0;0;;;;5;4;5;0;0;;;;9;14
"054010";"Cerreto di Spoleto";38;3;3;0;0;;;;6;1;3;0;0;;;;4;10
"054010";"Cerreto di Spoleto";39;3;2;0;0;;;;5;1;1;2;0;;;;4;9
"054010";"Cerreto di Spoleto";40;2;3;0;0;;;;5;1;2;0;0;;;;3;8
"054010";"Cerreto di Spoleto";41;1;3;0;0;;;;4;0;3;0;0;;;;3;7
"054010";"Cerreto di Spoleto";42;0;4;1;0;;;;5;0;4;0;0;;;;4;9
"054010";"Cerreto di Spoleto";43;2;3;0;0;;;;5;0;3;1;0;;;;4;9
"054010";"Cerreto di Spoleto";44;0;1;0;0;;;;1;2;6;0;0;;;;8;9
"054010";"Cerreto di Spoleto";45;1;2;0;0;;;;3;1;3;0;1;;;;5;8
"054010";"Cerreto di Spoleto";46;2;1;1;0;;;;4;2;4;0;0;;;;6;10
"054010";"Cerreto di Spoleto";47;2;2;0;0;;;;4;1;11;1;0;;;;13;17
"054010";"Cerreto di Spoleto";48;3;3;0;0;;;;6;1;8;0;0;;;;9;15
"054010";"Cerreto di Spoleto";49;1;6;1;0;;;;8;0;6;1;0;;;;7;15
"054010";"Cerreto di Spoleto";50;2;6;0;0;;;;8;0;5;0;0;;;;5;13
"054010";"Cerreto di Spoleto";51;1;12;0;0;;;;13;3;1;1;0;;;;5;18
"054010";"Cerreto di Spoleto";52;1;7;0;0;;;;8;2;9;0;1;;;;12;20
"054010";"Cerreto di Spoleto";53;2;11;1;0;;;;14;2;3;2;1;;;;8;22
"054010";"Cerreto di Spoleto";54;2;7;0;0;;;;9;0;6;0;0;;;;6;15
"054010";"Cerreto di Spoleto";55;5;8;0;1;;;;14;2;8;0;1;;;;11;25
"054010";"Cerreto di Spoleto";56;2;7;1;0;;;;10;2;8;0;0;;;;10;20
"054010";"Cerreto di Spoleto";57;2;7;0;1;;;;10;0;8;0;0;;;;8;18
"054010";"Cerreto di Spoleto";58;1;7;0;0;;;;8;2;6;0;0;;;;8;16
"054010";"Cerreto di Spoleto";59;1;5;1;1;;;;8;0;4;1;1;;;;6;14
"054010";"Cerreto di Spoleto";60;0;8;2;0;;;;10;2;5;0;0;;;;7;17
"054010";"Cerreto di Spoleto";61;3;2;1;1;;;;7;0;7;0;0;;;;7;14
"054010";"Cerreto di Spoleto";62;1;7;0;0;;;;8;2;4;1;0;;;;7;15
"054010";"Cerreto di Spoleto";63;0;6;0;0;;;;6;1;6;0;1;;;;8;14
"054010";"Cerreto di Spoleto";64;0;3;1;0;;;;4;0;4;1;1;;;;6;10
"054010";"Cerreto di Spoleto";65;0;5;0;0;;;;5;0;7;0;1;;;;8;13
"054010";"Cerreto di Spoleto";66;2;4;0;0;;;;6;1;2;0;1;;;;4;10
"054010";"Cerreto di Spoleto";67;1;8;2;0;;;;11;0;8;0;1;;;;9;20
"054010";"Cerreto di Spoleto";68;2;3;0;0;;;;5;0;6;0;4;;;;10;15
"054010";"Cerreto di Spoleto";69;0;8;0;0;;;;8;0;4;0;1;;;;5;13
"054010";"Cerreto di Spoleto";70;0;9;0;0;;;;9;0;3;0;2;;;;5;14
"054010";"Cerreto di Spoleto";71;0;1;0;0;;;;1;0;3;0;3;;;;6;7
"054010";"Cerreto di Spoleto";72;0;4;0;0;;;;4;0;3;0;2;;;;5;9
"054010";"Cerreto di Spoleto";73;0;5;0;0;;;;5;0;5;0;1;;;;6;11
"054010";"Cerreto di Spoleto";74;0;4;0;0;;;;4;0;4;0;2;;;;6;10
"054010";"Cerreto di Spoleto";75;1;4;0;0;;;;5;1;6;0;0;;;;7;12
"054010";"Cerreto di Spoleto";76;0;3;0;1;;;;4;0;3;0;4;;;;7;11
"054010";"Cerreto di Spoleto";77;0;4;0;0;;;;4;1;3;0;2;;;;6;10
"054010";"Cerreto di Spoleto";78;1;3;0;1;;;;5;0;1;0;3;;;;4;9
"054010";"Cerreto di Spoleto";79;1;4;0;0;;;;5;0;5;0;1;;;;6;11
"054010";"Cerreto di Spoleto";80;0;1;0;1;;;;2;0;3;0;3;;;;6;8
"054010";"Cerreto di Spoleto";81;2;3;0;2;;;;7;0;7;0;3;;;;10;17
"054010";"Cerreto di Spoleto";82;0;4;0;1;;;;5;0;2;0;3;;;;5;10
"054010";"Cerreto di Spoleto";83;0;5;0;1;;;;6;0;3;0;4;;;;7;13
"054010";"Cerreto di Spoleto";84;0;1;0;0;;;;1;0;1;0;3;;;;4;5
"054010";"Cerreto di Spoleto";85;0;3;0;0;;;;3;0;2;0;4;;;;6;9
"054010";"Cerreto di Spoleto";86;2;2;0;0;;;;4;0;0;0;5;;;;5;9
"054010";"Cerreto di Spoleto";87;0;2;0;0;;;;2;1;0;0;4;;;;5;7
"054010";"Cerreto di Spoleto";88;2;3;0;1;;;;6;0;1;0;1;;;;2;8
"054010";"Cerreto di Spoleto";89;0;3;0;0;;;;3;0;1;0;1;;;;2;5
"054010";"Cerreto di Spoleto";90;0;3;0;0;;;;3;1;0;0;2;;;;3;6
"054010";"Cerreto di Spoleto";91;0;1;0;2;;;;3;0;0;0;5;;;;5;8
"054010";"Cerreto di Spoleto";92;0;0;0;1;;;;1;0;0;0;2;;;;2;3
"054010";"Cerreto di Spoleto";93;1;0;0;0;;;;1;0;0;0;3;;;;3;4
"054010";"Cerreto di Spoleto";94;0;0;0;0;;;;0;1;1;0;1;;;;3;3
"054010";"Cerreto di Spoleto";95;0;0;0;0;;;;0;0;1;0;2;;;;3;3
"054010";"Cerreto di Spoleto";96;0;0;0;0;;;;0;0;0;0;4;;;;4;4
"054010";"Cerreto di Spoleto";97;0;0;0;0;;;;0;0;0;0;0;;;;0;0
"054010";"Cerreto di Spoleto";98;0;0;0;0;;;;0;0;0;0;0;;;;0;0
"054010";"Cerreto di Spoleto";99;0;0;0;0;;;;0;0;0;0;0;;;;0;0
"054010";"Cerreto di Spoleto";100;0;0;0;1;;;;1;0;0;0;0;;;;0;1
"054010";"Cerreto di Spoleto";999;206;247;12;16;;;;481;163;245;11;85;;;;504;985
"054011";"Citerna";0;11;0;0;0;;;;11;10;0;0;0;;;;10;21
"054011";"Citerna";1;8;0;0;0;;;;8;3;0;0;0;;;;3;11
"054011";"Citerna";2;11;0;0;0;;;;11;8;0;0;0;;;;8;19
"054011";"Citerna";3;13;0;0;0;;;;13;12;0;0;0;;;;12;25
"054011";"Citerna";4;8;0;0;0;;;;8;15;0;0;0;;;;15;23
"054011";"Citerna";5;19;0;0;0;;;;19;14;0;0;0;;;;14;33
"054011";"Citerna";6;16;0;0;0;;;;16;16;0;0;0;;;;16;32
"054011";"Citerna";7;18;0;0;0;;;;18;20;0;0;0;;;;20;38
"054011";"Citerna";8;20;0;0;0;;;;20;10;0;0;0;;;;10;30
"054011";"Citerna";9;29;0;0;0;;;;29;16;0;0;0;;;;16;45
"054011";"Citerna";10;23;0;0;0;;;;23;9;0;0;0;;;;9;32
"054011";"Citerna";11;28;0;0;0;;;;28;15;0;0;0;;;;15;43
"054011";"Citerna";12;15;0;0;0;;;;15;16;0;0;0;;;;16;31
"054011";"Citerna";13;16;0;0;0;;;;16;17;0;0;0;;;;17;33
"054011";"Citerna";14;16;0;0;0;;;;16;16;0;0;0;;;;16;32
"054011";"Citerna";15;18;0;0;0;;;;18;18;0;0;0;;;;18;36
"054011";"Citerna";16;27;0;0;0;;;;27;15;0;0;0;;;;15;42
"054011";"Citerna";17;15;0;0;0;;;;15;12;0;0;0;;;;12;27
"054011";"Citerna";18;15;0;0;0;;;;15;11;0;0;0;;;;11;26
"054011";"Citerna";19;12;0;0;0;;;;12;9;0;0;0;;;;9;21
"054011";"Citerna";20;15;0;0;0;;;;15;20;0;0;0;;;;20;35
"054011";"Citerna";21;11;0;0;0;;;;11;18;0;0;0;;;;18;29
"054011";"Citerna";22;12;0;0;0;;;;12;17;0;0;0;;;;17;29
"054011";"Citerna";23;15;0;0;0;;;;15;18;1;0;0;;;;19;34
"054011";"Citerna";24;24;0;0;0;;;;24;17;0;0;0;;;;17;41
"054011";"Citerna";25;16;0;0;0;;;;16;15;0;0;0;;;;15;31
"054011";"Citerna";26;15;1;0;0;;;;16;14;3;0;0;;;;17;33
"054011";"Citerna";27;12;1;0;0;;;;13;11;0;0;0;;;;11;24
"054011";"Citerna";28;24;0;0;0;;;;24;17;3;0;0;;;;20;44
"054011";"Citerna";29;13;3;0;0;;;;16;15;1;0;0;;;;16;32
"054011";"Citerna";30;10;2;0;0;;;;12;7;4;0;0;;;;11;23
"054011";"Citerna";31;14;6;0;0;;;;20;9;3;1;0;;;;13;33
"054011";"Citerna";32;13;5;0;0;;;;18;13;7;0;0;;;;20;38
"054011";"Citerna";33;13;4;0;0;;;;17;16;7;0;0;;;;23;40
"054011";"Citerna";34;17;2;0;0;;;;19;11;7;0;0;;;;18;37
"054011";"Citerna";35;10;9;0;0;;;;19;9;10;2;0;;;;21;40
"054011";"Citerna";36;12;7;1;0;;;;20;16;16;1;0;;;;33;53
"054011";"Citerna";37;7;11;0;0;;;;18;3;16;0;0;;;;19;37
"054011";"Citerna";38;9;7;0;0;;;;16;12;14;1;0;;;;27;43
"054011";"Citerna";39;13;20;0;0;;;;33;5;9;0;0;;;;14;47
"054011";"Citerna";40;9;10;1;0;;;;20;6;22;1;0;;;;29;49
"054011";"Citerna";41;5;16;0;0;;;;21;7;11;1;0;;;;19;40
"054011";"Citerna";42;6;16;1;0;;;;23;17;12;0;0;;;;29;52
"054011";"Citerna";43;11;14;0;0;;;;25;2;18;2;0;;;;22;47
"054011";"Citerna";44;12;13;0;0;;;;25;3;19;2;0;;;;24;49
"054011";"Citerna";45;9;17;2;0;;;;28;6;15;1;0;;;;22;50
"054011";"Citerna";46;10;17;4;0;;;;31;5;19;3;0;;;;27;58
"054011";"Citerna";47;6;16;2;0;;;;24;8;23;1;0;;;;32;56
"054011";"Citerna";48;2;19;2;0;;;;23;6;24;1;1;;;;32;55
"054011";"Citerna";49;6;20;1;0;;;;27;3;14;3;0;;;;20;47
"054011";"Citerna";50;11;22;1;0;;;;34;3;14;2;0;;;;19;53
"054011";"Citerna";51;5;24;1;0;;;;30;5;18;3;0;;;;26;56
"054011";"Citerna";52;4;15;4;0;;;;23;6;18;1;1;;;;26;49
"054011";"Citerna";53;5;19;1;0;;;;25;8;21;0;0;;;;29;54
"054011";"Citerna";54;4;19;5;0;;;;28;7;20;0;1;;;;28;56
"054011";"Citerna";55;6;17;4;0;;;;27;2;26;1;1;;;;30;57
"054011";"Citerna";56;7;12;0;1;;;;20;2;27;3;1;;;;33;53
"054011";"Citerna";57;4;39;3;0;;;;46;3;24;1;4;;;;32;78
"054011";"Citerna";58;4;17;3;0;;;;24;3;23;3;2;;;;31;55
"054011";"Citerna";59;4;27;4;0;;;;35;3;17;1;0;;;;21;56
"054011";"Citerna";60;4;23;1;1;;;;29;2;21;3;1;;;;27;56
"054011";"Citerna";61;3;18;1;0;;;;22;4;17;0;4;;;;25;47
"054011";"Citerna";62;0;21;0;0;;;;21;0;20;3;0;;;;23;44
"054011";"Citerna";63;1;20;0;0;;;;21;1;17;0;3;;;;21;42
"054011";"Citerna";64;6;21;1;0;;;;28;2;20;2;3;;;;27;55
"054011";"Citerna";65;2;15;0;0;;;;17;1;13;0;2;;;;16;33
"054011";"Citerna";66;1;18;1;2;;;;22;2;19;1;2;;;;24;46
"054011";"Citerna";67;0;16;2;0;;;;18;1;20;0;0;;;;21;39
"054011";"Citerna";68;1;16;0;0;;;;17;1;12;0;4;;;;17;34
"054011";"Citerna";69;5;11;2;0;;;;18;1;8;0;3;;;;12;30
"054011";"Citerna";70;2;17;1;0;;;;20;1;14;1;3;;;;19;39
"054011";"Citerna";71;0;25;1;0;;;;26;0;11;0;2;;;;13;39
"054011";"Citerna";72;1;13;0;1;;;;15;2;13;0;5;;;;20;35
"054011";"Citerna";73;6;16;0;1;;;;23;2;20;0;6;;;;28;51
"054011";"Citerna";74;1;10;0;2;;;;13;1;11;0;4;;;;16;29
"054011";"Citerna";75;1;16;0;2;;;;19;1;9;0;5;;;;15;34
"054011";"Citerna";76;3;7;0;1;;;;11;0;12;0;4;;;;16;27
"054011";"Citerna";77;3;5;0;0;;;;8;0;8;0;5;;;;13;21
"054011";"Citerna";78;0;21;0;0;;;;21;2;6;0;4;;;;12;33
"054011";"Citerna";79;2;7;1;0;;;;10;1;9;0;4;;;;14;24
"054011";"Citerna";80;0;10;0;1;;;;11;1;11;0;11;;;;23;34
"054011";"Citerna";81;2;12;0;3;;;;17;1;9;0;5;;;;15;32
"054011";"Citerna";82;2;10;0;0;;;;12;2;3;0;8;;;;13;25
"054011";"Citerna";83;4;8;0;3;;;;15;0;8;0;11;;;;19;34
"054011";"Citerna";84;0;7;0;2;;;;9;1;3;0;8;;;;12;21
"054011";"Citerna";85;0;5;0;5;;;;10;3;2;0;10;;;;15;25
"054011";"Citerna";86;1;6;0;1;;;;8;0;1;0;13;;;;14;22
"054011";"Citerna";87;0;5;0;0;;;;5;0;3;0;14;;;;17;22
"054011";"Citerna";88;0;1;0;3;;;;4;0;0;0;8;;;;8;12
"054011";"Citerna";89;1;3;0;0;;;;4;1;0;0;8;;;;9;13
"054011";"Citerna";90;1;1;0;0;;;;2;0;1;0;7;;;;8;10
"054011";"Citerna";91;1;1;0;2;;;;4;0;1;0;5;;;;6;10
"054011";"Citerna";92;0;0;0;3;;;;3;0;0;0;1;;;;1;4
"054011";"Citerna";93;0;0;0;0;;;;0;0;0;0;2;;;;2;2
"054011";"Citerna";94;0;1;0;1;;;;2;0;0;0;0;;;;0;2
"054011";"Citerna";95;0;1;0;0;;;;1;0;0;0;1;;;;1;2
"054011";"Citerna";96;0;0;0;1;;;;1;0;0;0;2;;;;2;3
"054011";"Citerna";97;0;0;0;1;;;;1;1;0;0;1;;;;2;3
"054011";"Citerna";98;0;0;0;0;;;;0;0;0;0;0;;;;0;0
"054011";"Citerna";99;0;0;0;0;;;;0;0;0;0;1;;;;1;1
"054011";"Citerna";100;0;0;0;0;;;;0;0;0;0;0;;;;0;0
"054011";"Citerna";999;797;834;51;37;;;;1719;665;808;45;191;;;;1709;3428
"054012";"Città della Pieve";0;21;0;0;0;;;;21;21;0;0;0;;;;21;42
"054012";"Città della Pieve";1;23;0;0;0;;;;23;19;0;0;0;;;;19;42
"054012";"Città della Pieve";2;23;0;0;0;;;;23;25;0;0;0;;;;25;48
"054012";"Città della Pieve";3;27;0;0;0;;;;27;31;0;0;0;;;;31;58
"054012";"Città della Pieve";4;22;0;0;0;;;;22;25;0;0;0;;;;25;47
"054012";"Città della Pieve";5;27;0;0;0;;;;27;30;0;0;0;;;;30;57
"054012";"Città della Pieve";6;25;0;0;0;;;;25;33;0;0;0;;;;33;58
"054012";"Città della Pieve";7;37;0;0;0;;;;37;25;0;0;0;;;;25;62
"054012";"Città della Pieve";8;39;0;0;0;;;;39;22;0;0;0;;;;22;61
"054012";"Città della Pieve";9;42;0;0;0;;;;42;25;0;0;0;;;;25;67
"054012";"Città della Pieve";10;35;0;0;0;;;;35;28;0;0;0;;;;28;63
"054012";"Città della Pieve";11;30;0;0;0;;;;30;33;0;0;0;;;;33;63
"054012";"Città della Pieve";12;34;0;0;0;;;;34;30;0;0;0;;;;30;64
"054012";"Città della Pieve";13;44;0;0;0;;;;44;36;0;0;0;;;;36;80
"054012";"Città della Pieve";14;33;0;0;0;;;;33;38;0;0;0;;;;38;71
"054012";"Città della Pieve";15;41;0;0;0;;;;41;35;0;0;0;;;;35;76
"054012";"Città della Pieve";16;27;0;0;0;;;;27;34;0;0;0;;;;34;61
"054012";"Città della Pieve";17;37;0;0;0;;;;37;35;0;0;0;;;;35;72
"054012";"Città della Pieve";18;39;0;0;0;;;;39;30;0;0;0;;;;30;69
"054012";"Città della Pieve";19;23;0;0;0;;;;23;31;0;0;0;;;;31;54
"054012";"Città della Pieve";20;28;0;0;0;;;;28;23;0;0;0;;;;23;51
"054012";"Città della Pieve";21;32;0;0;0;;;;32;29;1;0;0;;;;30;62
"054012";"Città della Pieve";22;42;0;0;0;;;;42;33;1;0;0;;;;34;76
"054012";"Città della Pieve";23;37;2;0;0;;;;39;27;0;0;0;;;;27;66
"054012";"Città della Pieve";24;30;0;0;0;;;;30;25;1;0;0;;;;26;56
"054012";"Città della Pieve";25;38;0;0;0;;;;38;33;6;0;0;;;;39;77
"054012";"Città della Pieve";26;36;1;0;0;;;;37;27;5;0;0;;;;32;69
"054012";"Città della Pieve";27;29;2;0;0;;;;31;25;4;0;0;;;;29;60
"054012";"Città della Pieve";28;32;1;0;0;;;;33;27;5;0;0;;;;32;65
"054012";"Città della Pieve";29;21;3;0;0;;;;24;30;6;0;0;;;;36;60
"054012";"Città della Pieve";30;24;6;0;0;;;;30;27;9;0;0;;;;36;66
"054012";"Città della Pieve";31;24;4;1;0;;;;29;27;5;0;0;;;;32;61
"054012";"Città della Pieve";32;26;5;0;0;;;;31;22;15;0;0;;;;37;68
"054012";"Città della Pieve";33;46;15;0;0;;;;61;35;15;2;0;;;;52;113
"054012";"Città della Pieve";34;40;3;0;0;;;;43;23;14;2;0;;;;39;82
"054012";"Città della Pieve";35;24;6;0;1;;;;31;26;7;0;0;;;;33;64
"054012";"Città della Pieve";36;23;10;0;0;;;;33;24;17;0;0;;;;41;74
"054012";"Città della Pieve";37;21;14;0;0;;;;35;23;24;2;0;;;;49;84
"054012";"Città della Pieve";38;29;12;1;0;;;;42;21;18;2;0;;;;41;83
"054012";"Città della Pieve";39;22;26;0;0;;;;48;14;21;1;0;;;;36;84
"054012";"Città della Pieve";40;24;21;3;0;;;;48;28;21;2;1;;;;52;100
"054012";"Città della Pieve";41;20;21;2;0;;;;43;19;25;0;1;;;;45;88
"054012";"Città della Pieve";42;28;18;1;0;;;;47;19;24;2;1;;;;46;93
"054012";"Città della Pieve";43;19;36;3;1;;;;59;20;31;4;0;;;;55;114
"054012";"Città della Pieve";44;27;23;1;0;;;;51;22;27;5;1;;;;55;106
"054012";"Città della Pieve";45;29;20;1;0;;;;50;20;40;2;2;;;;64;114
"054012";"Città della Pieve";46;17;26;2;0;;;;45;10;33;3;1;;;;47;92
"054012";"Città della Pieve";47;14;30;3;0;;;;47;19;52;8;0;;;;79;126
"054012";"Città della Pieve";48;15;39;4;1;;;;59;14;45;3;2;;;;64;123
"054012";"Città della Pieve";49;11;39;0;0;;;;50;15;32;2;1;;;;50;100
"054012";"Città della Pieve";50;18;32;1;0;;;;51;9;42;7;0;;;;58;109
"054012";"Città della Pieve";51;13;41;4;0;;;;58;12;27;2;2;;;;43;101
"054012";"Città della Pieve";52;15;43;7;1;;;;66;8;44;3;3;;;;58;124
"054012";"Città della Pieve";53;12;29;2;2;;;;45;14;52;2;2;;;;70;115
"054012";"Città della Pieve";54;11;46;4;2;;;;63;14;43;6;5;;;;68;131
"054012";"Città della Pieve";55;13;36;4;0;;;;53;8;44;9;1;;;;62;115
"054012";"Città della Pieve";56;11;33;2;2;;;;48;6;35;6;4;;;;51;99
"054012";"Città della Pieve";57;3;51;4;0;;;;58;10;26;8;0;;;;44;102
"054012";"Città della Pieve";58;11;45;5;1;;;;62;10;50;2;0;;;;62;124
"054012";"Città della Pieve";59;12;34;4;0;;;;50;2;43;1;8;;;;54;104
"054012";"Città della Pieve";60;4;47;2;0;;;;53;6;56;7;6;;;;75;128
"054012";"Città della Pieve";61;8;39;3;1;;;;51;6;48;10;7;;;;71;122
"054012";"Città della Pieve";62;10;38;4;0;;;;52;3;50;1;6;;;;60;112
"054012";"Città della Pieve";63;7;37;5;0;;;;49;9;40;4;2;;;;55;104
"054012";"Città della Pieve";64;2;36;1;1;;;;40;5;45;4;6;;;;60;100
"054012";"Città della Pieve";65;4;37;2;1;;;;44;4;51;5;8;;;;68;112
"054012";"Città della Pieve";66;6;50;3;0;;;;59;5;53;2;9;;;;69;128
"054012";"Città della Pieve";67;5;52;2;3;;;;62;6;39;1;11;;;;57;119
"054012";"Città della Pieve";68;2;63;2;4;;;;71;4;39;2;5;;;;50;121
"054012";"Città della Pieve";69;1;36;3;4;;;;44;3;38;3;11;;;;55;99
"054012";"Città della Pieve";70;5;41;3;1;;;;50;5;29;2;10;;;;46;96
"054012";"Città della Pieve";71;4;47;3;5;;;;59;2;28;1;10;;;;41;100
"054012";"Città della Pieve";72;3;39;2;5;;;;49;1;37;2;16;;;;56;105
"054012";"Città della Pieve";73;4;32;0;2;;;;38;0;35;0;7;;;;42;80
"054012";"Città della Pieve";74;6;41;1;2;;;;50;2;27;6;13;;;;48;98
"054012";"Città della Pieve";75;0;33;0;3;;;;36;2;26;2;14;;;;44;80
"054012";"Città della Pieve";76;2;20;0;2;;;;24;0;15;0;12;;;;27;51
"054012";"Città della Pieve";77;3;22;0;2;;;;27;1;20;1;14;;;;36;63
"054012";"Città della Pieve";78;0;27;1;7;;;;35;1;17;0;19;;;;37;72
"054012";"Città della Pieve";79;1;21;1;1;;;;24;2;22;1;17;;;;42;66
"054012";"Città della Pieve";80;3;16;1;2;;;;22;1;19;1;16;;;;37;59
"054012";"Città della Pieve";81;5;24;0;2;;;;31;0;13;2;22;;;;37;68
"054012";"Città della Pieve";82;0;22;0;8;;;;30;0;11;4;28;;;;43;73
"054012";"Città della Pieve";83;3;26;1;5;;;;35;0;18;0;23;;;;41;76
"054012";"Città della Pieve";84;2;13;0;3;;;;18;3;12;0;27;;;;42;60
"054012";"Città della Pieve";85;2;17;1;4;;;;24;1;12;0;26;;;;39;63
"054012";"Città della Pieve";86;3;19;0;6;;;;28;1;6;0;24;;;;31;59
"054012";"Città della Pieve";87;4;16;0;8;;;;28;1;8;0;20;;;;29;57
"054012";"Città della Pieve";88;1;7;0;6;;;;14;0;4;0;20;;;;24;38
"054012";"Città della Pieve";89;0;11;0;2;;;;13;0;2;0;18;;;;20;33
"054012";"Città della Pieve";90;1;11;0;2;;;;14;1;2;0;18;;;;21;35
"054012";"Città della Pieve";91;0;4;0;1;;;;5;0;4;0;25;;;;29;34
"054012";"Città della Pieve";92;0;2;0;2;;;;4;1;0;1;8;;;;10;14
"054012";"Città della Pieve";93;0;3;0;4;;;;7;0;2;0;13;;;;15;22
"054012";"Città della Pieve";94;0;1;0;0;;;;1;1;0;0;9;;;;10;11
"054012";"Città della Pieve";95;0;3;0;1;;;;4;1;1;0;9;;;;11;15
"054012";"Città della Pieve";96;0;0;0;0;;;;0;0;1;0;7;;;;8;8
"054012";"Città della Pieve";97;0;1;0;0;;;;1;1;0;0;6;;;;7;8
"054012";"Città della Pieve";98;0;1;0;0;;;;1;0;0;0;2;;;;2;3
"054012";"Città della Pieve";99;0;0;0;0;;;;0;0;0;0;0;;;;0;0
"054012";"Città della Pieve";100;0;0;0;0;;;;0;3;0;0;1;;;;4;4
"054012";"Città della Pieve";999;1657;1728;100;111;;;;3596;1468;1740;148;560;;;;3916;7512
"054013";"Città di Castello";0;131;0;0;0;0;0;0;131;134;0;0;0;0;0;0;134;265
"054013";"Città di Castello";1;128;0;0;0;0;0;0;128;125;0;0;0;0;0;0;125;253
"054013";"Città di Castello";2;121;0;0;0;0;0;0;121;132;0;0;0;0;0;0;132;253
"054013";"Città di Castello";3;154;0;0;0;0;0;0;154;134;0;0;0;0;0;0;134;288
"054013";"Città di Castello";4;149;0;0;0;0;0;0;149;123;0;0;0;0;0;0;123;272
"054013";"Città di Castello";5;154;0;0;0;0;0;0;154;154;0;0;0;0;0;0;154;308
"054013";"Città di Castello";6;173;0;0;0;0;0;0;173;153;0;0;0;0;0;0;153;326
"054013";"Città di Castello";7;161;0;0;0;0;0;0;161;167;0;0;0;0;0;0;167;328
"054013";"Città di Castello";8;195;0;0;0;0;0;0;195;156;0;0;0;0;0;0;156;351
"054013";"Città di Castello";9;155;0;0;0;0;0;0;155;172;0;0;0;0;0;0;172;327
"054013";"Città di Castello";10;171;0;0;0;0;0;0;171;157;0;0;0;0;0;0;157;328
"054013";"Città di Castello";11;187;0;0;0;0;0;0;187;171;0;0;0;0;0;0;171;358
"054013";"Città di Castello";12;171;0;0;0;0;0;0;171;158;0;0;0;0;0;0;158;329
"054013";"Città di Castello";13;185;0;0;0;0;0;0;185;158;0;0;0;0;0;0;158;343
"054013";"Città di Castello";14;161;0;0;0;0;0;0;161;184;0;0;0;0;0;0;184;345
"054013";"Città di Castello";15;180;0;0;0;0;0;0;180;166;0;0;0;0;0;0;166;346
"054013";"Città di Castello";16;204;0;0;0;0;0;0;204;171;0;0;0;0;0;0;171;375
"054013";"Città di Castello";17;155;0;0;0;0;0;0;155;174;0;0;0;0;0;0;174;329
"054013";"Città di Castello";18;199;0;0;0;0;0;0;199;162;1;0;0;0;0;0;163;362
"054013";"Città di Castello";19;174;0;0;0;0;0;0;174;161;0;0;0;0;0;0;161;335
"054013";"Città di Castello";20;181;0;0;0;0;0;0;181;182;1;0;0;0;0;0;183;364
"054013";"Città di Castello";21;204;1;0;0;0;0;0;205;189;2;0;0;0;0;0;191;396
"054013";"Città di Castello";22;194;0;0;0;0;0;0;194;156;3;0;0;0;0;0;159;353
"054013";"Città di Castello";23;195;0;0;0;0;0;0;195;172;4;0;0;0;0;0;176;371
"054013";"Città di Castello";24;174;2;0;0;0;0;0;176;176;7;0;0;0;0;0;183;359
"054013";"Città di Castello";25;182;1;0;0;0;0;0;183;163;9;0;0;0;0;0;172;355
"054013";"Città di Castello";26;196;8;0;0;0;0;0;204;163;13;2;0;0;0;0;178;382
"054013";"Città di Castello";27;173;8;0;0;0;0;0;181;142;27;1;0;0;0;0;170;351
"054013";"Città di Castello";28;134;15;0;0;0;0;0;149;156;33;0;0;0;0;0;189;338
"054013";"Città di Castello";29;184;19;0;0;0;0;0;203;121;35;1;0;0;0;0;157;360
"054013";"Città di Castello";30;149;26;0;0;0;0;0;175;140;46;0;1;0;0;0;187;362
"054013";"Città di Castello";31;161;22;0;0;0;0;0;183;136;52;1;0;0;0;0;189;372
"054013";"Città di Castello";32;170;32;1;0;0;0;0;203;127;79;2;0;0;0;0;208;411
"054013";"Città di Castello";33;125;65;2;0;1;0;0;193;109;78;3;0;0;0;0;190;383
"054013";"Città di Castello";34;114;70;2;0;0;0;0;186;112;93;3;0;0;0;0;208;394
"054013";"Città di Castello";35;121;69;3;0;0;0;0;193;86;90;1;1;0;0;0;178;371
"054013";"Città di Castello";36;138;62;4;0;0;0;0;204;101;103;7;0;0;0;0;211;415
"054013";"Città di Castello";37;123;92;5;1;1;0;0;222;121;112;5;0;0;0;0;238;460
"054013";"Città di Castello";38;125;89;4;0;1;0;0;219;109;117;6;1;1;0;0;234;453
"054013";"Città di Castello";39;127;89;0;0;1;0;0;217;83;150;9;1;0;0;0;243;460
"054013";"Città di Castello";40;110;127;5;0;0;0;0;242;93;136;12;0;1;0;0;242;484
"054013";"Città di Castello";41;121;111;4;1;0;0;0;237;93;145;10;3;0;0;0;251;488
"054013";"Città di Castello";42;109;111;11;1;0;0;0;232;77;152;11;1;0;0;0;241;473
"054013";"Città di Castello";43;109;136;8;1;1;0;0;255;85;167;14;3;0;0;0;269;524
"054013";"Città di Castello";44;104;153;11;0;0;0;0;268;69;175;22;3;0;0;0;269;537
"054013";"Città di Castello";45;108;177;16;1;1;0;0;303;68;213;25;4;0;0;0;310;613
"054013";"Città di Castello";46;102;161;8;0;0;0;0;271;63;200;19;7;0;0;0;289;560
"054013";"Città di Castello";47;105;207;17;1;0;0;0;330;95;200;33;8;0;0;0;336;666
"054013";"Città di Castello";48;86;193;9;1;0;0;0;289;59;227;31;6;0;0;0;323;612
"054013";"Città di Castello";49;101;166;17;0;1;0;0;285;81;222;31;2;0;0;0;336;621
"054013";"Città di Castello";50;70;215;19;1;0;0;0;305;55;210;23;7;0;0;0;295;600
"054013";"Città di Castello";51;73;208;20;3;0;0;0;304;59;198;12;4;0;0;0;273;577
"054013";"Città di Castello";52;68;184;24;0;0;0;0;276;68;227;30;10;1;0;0;336;612
"054013";"Città di Castello";53;83;190;11;2;0;0;0;286;65;222;26;10;0;0;0;323;609
"054013";"Città di Castello";54;68;222;21;0;0;0;0;311;54;216;19;6;0;0;0;295;606
"054013";"Città di Castello";55;57;200;25;5;0;0;0;287;45;227;23;6;0;0;0;301;588
"054013";"Città di Castello";56;61;214;18;4;0;0;0;297;33;239;22;9;0;0;0;303;600
"054013";"Città di Castello";57;61;238;25;6;0;0;0;330;44;239;26;23;0;0;0;332;662
"054013";"Città di Castello";58;36;212;22;3;0;0;0;273;33;215;29;16;0;0;0;293;566
"054013";"Città di Castello";59;39;233;23;3;0;0;0;298;26;224;28;17;0;0;0;295;593
"054013";"Città di Castello";60;40;222;18;3;0;0;0;283;26;240;19;17;0;0;0;302;585
"054013";"Città di Castello";61;37;195;17;10;0;0;0;259;25;226;18;18;0;0;0;287;546
"054013";"Città di Castello";62;35;206;15;8;0;0;0;264;31;214;23;28;0;0;0;296;560
"054013";"Città di Castello";63;30;189;9;4;0;0;0;232;32;222;19;26;1;0;0;300;532
"054013";"Città di Castello";64;35;188;15;4;0;0;0;242;25;190;14;25;0;0;0;254;496
"054013";"Città di Castello";65;20;209;18;9;0;0;0;256;30;214;15;36;0;0;0;295;551
"054013";"Città di Castello";66;30;189;7;9;0;0;0;235;23;204;26;45;0;0;0;298;533
"054013";"Città di Castello";67;30;204;13;5;0;0;0;252;18;194;14;47;0;0;0;273;525
"054013";"Città di Castello";68;29;199;12;6;1;0;0;247;20;175;13;44;0;0;0;252;499
"054013";"Città di Castello";69;22;191;10;7;0;0;0;230;19;162;5;47;0;0;0;233;463
"054013";"Città di Castello";70;16;178;4;12;1;0;0;211;16;158;10;47;0;0;0;231;442
"054013";"Città di Castello";71;19;229;9;3;0;0;0;260;23;172;5;51;0;0;0;251;511
"054013";"Città di Castello";72;20;214;4;15;0;0;0;253;13;174;10;67;0;0;0;264;517
"054013";"Città di Castello";73;14;208;6;15;0;0;0;243;19;149;6;73;0;0;0;247;490
"054013";"Città di Castello";74;17;191;5;14;0;0;0;227;17;149;4;83;0;0;0;253;480
"054013";"Città di Castello";75;17;146;6;18;0;0;0;187;9;132;8;72;0;0;0;221;408
"054013";"Città di Castello";76;7;121;4;10;0;0;0;142;15;95;5;61;0;0;0;176;318
"054013";"Città di Castello";77;17;121;2;9;0;0;0;149;14;107;3;61;0;0;0;185;334
"054013";"Città di Castello";78;10;127;3;15;0;0;0;155;17;95;3;76;0;0;0;191;346
"054013";"Città di Castello";79;16;94;2;11;0;0;0;123;12;77;4;87;0;0;0;180;303
"054013";"Città di Castello";80;11;107;2;22;0;0;0;142;11;78;1;90;0;0;0;180;322
"054013";"Città di Castello";81;9;114;1;11;0;0;0;135;17;83;3;94;0;0;0;197;332
"054013";"Città di Castello";82;7;110;2;18;0;0;0;137;13;74;1;107;0;0;0;195;332
"054013";"Città di Castello";83;12;107;1;21;0;0;0;141;6;69;0;148;0;0;0;223;364
"054013";"Città di Castello";84;7;78;0;21;0;0;0;106;13;44;4;118;0;0;0;179;285
"054013";"Città di Castello";85;7;60;0;23;0;0;0;90;7;43;1;115;0;0;0;166;256
"054013";"Città di Castello";86;5;56;1;18;0;0;0;80;10;22;0;117;0;0;0;149;229
"054013";"Città di Castello";87;4;49;1;26;0;0;0;80;10;31;0;102;0;0;0;143;223
"054013";"Città di Castello";88;5;44;2;18;0;0;0;69;6;14;1;100;0;0;0;121;190
"054013";"Città di Castello";89;0;34;0;15;0;0;0;49;5;16;1;92;0;0;0;114;163
"054013";"Città di Castello";90;3;30;0;21;0;0;0;54;9;8;0;83;0;0;0;100;154
"054013";"Città di Castello";91;3;22;0;15;1;0;0;41;4;8;1;78;0;0;0;91;132
"054013";"Città di Castello";92;3;11;0;7;0;0;0;21;1;5;0;70;0;0;0;76;97
"054013";"Città di Castello";93;3;11;0;6;0;0;0;20;1;4;0;49;0;0;0;54;74
"054013";"Città di Castello";94;2;2;0;6;0;0;0;10;2;4;0;36;0;0;0;42;52
"054013";"Città di Castello";95;1;5;0;3;0;0;0;9;2;0;0;24;0;0;0;26;35
"054013";"Città di Castello";96;0;1;0;4;0;0;0;5;2;1;1;22;0;0;0;26;31
"054013";"Città di Castello";97;0;3;0;2;0;0;0;5;0;0;0;17;0;0;0;17;22
"054013";"Città di Castello";98;0;0;0;2;0;0;0;2;1;0;0;19;0;0;0;20;22
"054013";"Città di Castello";99;0;2;0;3;0;0;0;5;0;1;0;5;0;0;0;6;11
"054013";"Città di Castello";100;0;2;0;2;0;0;0;4;3;0;0;11;0;0;0;14;18
"054013";"Città di Castello";999;8692;8797;524;485;10;0;0;18508;7648;8963;725;2657;4;0;0;19997;38505
"054014";"Collazzone";0;12;0;0;0;;;;12;17;0;0;0;;;;17;29
"054014";"Collazzone";1;11;0;0;0;;;;11;14;0;0;0;;;;14;25
"054014";"Collazzone";2;16;0;0;0;;;;16;14;0;0;0;;;;14;30
"054014";"Collazzone";3;9;0;0;0;;;;9;18;0;0;0;;;;18;27
"054014";"Collazzone";4;13;0;0;0;;;;13;16;0;0;0;;;;16;29
"054014";"Collazzone";5;17;0;0;0;;;;17;19;0;0;0;;;;19;36
"054014";"Collazzone";6;16;0;0;0;;;;16;17;0;0;0;;;;17;33
"054014";"Collazzone";7;21;0;0;0;;;;21;17;0;0;0;;;;17;38
"054014";"Collazzone";8;7;0;0;0;;;;7;16;0;0;0;;;;16;23
"054014";"Collazzone";9;15;0;0;0;;;;15;14;0;0;0;;;;14;29
"054014";"Collazzone";10;14;0;0;0;;;;14;33;0;0;0;;;;33;47
"054014";"Collazzone";11;15;0;0;0;;;;15;14;0;0;0;;;;14;29
"054014";"Collazzone";12;14;0;0;0;;;;14;13;0;0;0;;;;13;27
"054014";"Collazzone";13;4;0;0;0;;;;4;11;0;0;0;;;;11;15
"054014";"Collazzone";14;25;0;0;0;;;;25;22;0;0;0;;;;22;47
"054014";"Collazzone";15;16;0;0;0;;;;16;12;0;0;0;;;;12;28
"054014";"Collazzone";16;18;0;0;0;;;;18;18;0;0;0;;;;18;36
"054014";"Collazzone";17;17;0;0;0;;;;17;17;0;0;0;;;;17;34
"054014";"Collazzone";18;15;0;0;0;;;;15;6;0;0;0;;;;6;21
"054014";"Collazzone";19;13;0;0;0;;;;13;23;0;0;0;;;;23;36
"054014";"Collazzone";20;20;0;0;0;;;;20;19;0;0;0;;;;19;39
"054014";"Collazzone";21;25;0;0;0;;;;25;16;0;0;0;;;;16;41
"054014";"Collazzone";22;17;0;0;0;;;;17;14;3;0;0;;;;17;34
"054014";"Collazzone";23;13;0;0;0;;;;13;7;2;0;0;;;;9;22
"054014";"Collazzone";24;14;0;0;0;;;;14;14;2;0;0;;;;16;30
"054014";"Collazzone";25;8;1;0;0;;;;9;12;0;0;0;;;;12;21
"054014";"Collazzone";26;17;0;0;0;;;;17;11;4;0;0;;;;15;32
"054014";"Collazzone";27;14;0;0;0;;;;14;9;3;0;0;;;;12;26
"054014";"Collazzone";28;16;1;0;0;;;;17;11;5;0;0;;;;16;33
"054014";"Collazzone";29;11;2;0;0;;;;13;13;7;0;0;;;;20;33
"054014";"Collazzone";30;11;1;0;0;;;;12;10;8;0;0;;;;18;30
"054014";"Collazzone";31;13;5;0;0;;;;18;9;7;0;0;;;;16;34
"054014";"Collazzone";32;16;0;0;0;;;;16;14;9;1;0;;;;24;40
"054014";"Collazzone";33;13;8;0;0;;;;21;14;2;1;0;;;;17;38
"054014";"Collazzone";34;11;6;0;0;;;;17;9;3;0;0;;;;12;29
"054014";"Collazzone";35;15;8;1;0;;;;24;7;8;0;0;;;;15;39
"054014";"Collazzone";36;13;6;0;0;;;;19;8;12;0;0;;;;20;39
"054014";"Collazzone";37;12;11;0;0;;;;23;10;12;0;0;;;;22;45
"054014";"Collazzone";38;6;4;0;0;;;;10;9;14;1;0;;;;24;34
"054014";"Collazzone";39;17;10;0;0;;;;27;12;10;0;0;;;;22;49
"054014";"Collazzone";40;9;12;0;0;;;;21;15;13;0;0;;;;28;49
"054014";"Collazzone";41;11;13;0;0;;;;24;8;9;3;0;;;;20;44
"054014";"Collazzone";42;11;11;0;0;;;;22;14;14;0;0;;;;28;50
"054014";"Collazzone";43;9;10;0;0;;;;19;3;18;0;2;;;;23;42
"054014";"Collazzone";44;7;11;2;0;;;;20;8;19;0;0;;;;27;47
"054014";"Collazzone";45;7;22;1;0;;;;30;8;23;0;0;;;;31;61
"054014";"Collazzone";46;7;16;0;0;;;;23;6;14;1;4;;;;25;48
"054014";"Collazzone";47;8;14;1;0;;;;23;6;13;3;0;;;;22;45
"054014";"Collazzone";48;2;20;2;0;;;;24;8;20;2;0;;;;30;54
"054014";"Collazzone";49;8;19;0;0;;;;27;7;22;0;1;;;;30;57
"054014";"Collazzone";50;7;20;0;0;;;;27;2;16;0;0;;;;18;45
"054014";"Collazzone";51;9;17;0;0;;;;26;1;16;2;0;;;;19;45
"054014";"Collazzone";52;5;18;1;1;;;;25;2;28;1;0;;;;31;56
"054014";"Collazzone";53;8;22;0;0;;;;30;3;24;1;3;;;;31;61
"054014";"Collazzone";54;6;18;3;0;;;;27;2;21;0;1;;;;24;51
"054014";"Collazzone";55;2;22;2;0;;;;26;2;16;2;0;;;;20;46
"054014";"Collazzone";56;6;21;3;1;;;;31;2;24;3;0;;;;29;60
"054014";"Collazzone";57;4;28;0;0;;;;32;3;21;1;1;;;;26;58
"054014";"Collazzone";58;4;14;3;2;;;;23;1;16;1;2;;;;20;43
"054014";"Collazzone";59;2;15;0;0;;;;17;2;21;0;1;;;;24;41
"054014";"Collazzone";60;7;15;3;2;;;;27;2;19;3;1;;;;25;52
"054014";"Collazzone";61;2;13;1;0;;;;16;2;11;3;3;;;;19;35
"054014";"Collazzone";62;4;24;1;0;;;;29;2;18;1;2;;;;23;52
"054014";"Collazzone";63;4;11;1;1;;;;17;2;20;5;2;;;;29;46
"054014";"Collazzone";64;0;19;2;0;;;;21;2;13;4;3;;;;22;43
"054014";"Collazzone";65;0;11;2;2;;;;15;2;18;1;2;;;;23;38
"054014";"Collazzone";66;0;24;2;1;;;;27;1;16;1;3;;;;21;48
"054014";"Collazzone";67;4;18;2;0;;;;24;1;11;0;4;;;;16;40
"054014";"Collazzone";68;0;9;1;0;;;;10;0;19;2;6;;;;27;37
"054014";"Collazzone";69;3;6;1;0;;;;10;1;19;0;2;;;;22;32
"054014";"Collazzone";70;4;18;0;0;;;;22;0;15;1;3;;;;19;41
"054014";"Collazzone";71;0;15;1;1;;;;17;1;17;1;2;;;;21;38
"054014";"Collazzone";72;1;16;1;0;;;;18;0;6;0;1;;;;7;25
"054014";"Collazzone";73;2;11;0;0;;;;13;2;15;0;3;;;;20;33
"054014";"Collazzone";74;1;20;0;1;;;;22;1;14;0;4;;;;19;41
"054014";"Collazzone";75;0;22;0;0;;;;22;0;13;0;1;;;;14;36
"054014";"Collazzone";76;1;12;0;4;;;;17;0;12;0;9;;;;21;38
"054014";"Collazzone";77;3;8;1;1;;;;13;2;8;0;6;;;;16;29
"054014";"Collazzone";78;2;21;0;1;;;;24;0;10;0;7;;;;17;41
"054014";"Collazzone";79;1;12;0;0;;;;13;0;4;0;5;;;;9;22
"054014";"Collazzone";80;3;14;0;2;;;;19;0;5;0;10;;;;15;34
"054014";"Collazzone";81;1;12;0;0;;;;13;0;5;0;13;;;;18;31
"054014";"Collazzone";82;3;4;0;2;;;;9;0;5;0;11;;;;16;25
"054014";"Collazzone";83;3;11;0;1;;;;15;0;5;0;10;;;;15;30
"054014";"Collazzone";84;0;7;0;1;;;;8;0;5;0;9;;;;14;22
"054014";"Collazzone";85;0;8;0;0;;;;8;0;1;0;11;;;;12;20
"054014";"Collazzone";86;1;6;0;3;;;;10;0;4;0;9;;;;13;23
"054014";"Collazzone";87;1;2;0;1;;;;4;0;2;0;10;;;;12;16
"054014";"Collazzone";88;0;5;1;2;;;;8;1;3;0;4;;;;8;16
"054014";"Collazzone";89;2;3;0;1;;;;6;0;2;0;2;;;;4;10
"054014";"Collazzone";90;1;2;0;1;;;;4;0;1;0;8;;;;9;13
"054014";"Collazzone";91;0;3;0;1;;;;4;0;0;0;6;;;;6;10
"054014";"Collazzone";92;0;0;0;2;;;;2;0;0;0;6;;;;6;8
"054014";"Collazzone";93;0;2;0;0;;;;2;0;1;0;2;;;;3;5
"054014";"Collazzone";94;0;1;0;0;;;;1;0;0;0;7;;;;7;8
"054014";"Collazzone";95;0;0;0;2;;;;2;0;0;0;8;;;;8;10
"054014";"Collazzone";96;0;0;0;0;;;;0;0;0;0;2;;;;2;2
"054014";"Collazzone";97;0;0;0;0;;;;0;0;0;0;3;;;;3;3
"054014";"Collazzone";98;0;0;0;0;;;;0;0;0;0;0;;;;0;0
"054014";"Collazzone";99;0;0;0;1;;;;1;0;0;0;0;;;;0;1
"054014";"Collazzone";100;0;0;0;0;;;;0;1;0;0;0;;;;1;1
"054014";"Collazzone";999;756;791;39;38;;;;1624;685;796;45;215;;;;1741;3365
"054015";"Corciano";0;84;0;0;0;0;0;0;84;76;0;0;0;0;0;0;76;160
"054015";"Corciano";1;82;0;0;0;0;0;0;82;85;0;0;0;0;0;0;85;167
"054015";"Corciano";2;104;0;0;0;0;0;0;104;85;0;0;0;0;0;0;85;189
"054015";"Corciano";3;91;0;0;0;0;0;0;91;84;0;0;0;0;0;0;84;175
"054015";"Corciano";4;90;0;0;0;0;0;0;90;112;0;0;0;0;0;0;112;202
"054015";"Corciano";5;113;0;0;0;0;0;0;113;110;0;0;0;0;0;0;110;223
"054015";"Corciano";6;108;0;0;0;0;0;0;108;89;0;0;0;0;0;0;89;197
"054015";"Corciano";7;112;0;0;0;0;0;0;112;94;0;0;0;0;0;0;94;206
"054015";"Corciano";8;105;0;0;0;0;0;0;105;106;0;0;0;0;0;0;106;211
"054015";"Corciano";9;124;0;0;0;0;0;0;124;123;0;0;0;0;0;0;123;247
"054015";"Corciano";10;116;0;0;0;0;0;0;116;117;0;0;0;0;0;0;117;233
"054015";"Corciano";11;137;0;0;0;0;0;0;137;120;0;0;0;0;0;0;120;257
"054015";"Corciano";12;132;0;0;0;0;0;0;132;118;0;0;0;0;0;0;118;250
"054015";"Corciano";13;122;0;0;0;0;0;0;122;126;0;0;0;0;0;0;126;248
"054015";"Corciano";14;117;0;0;0;0;0;0;117;111;0;0;0;0;0;0;111;228
"054015";"Corciano";15;101;0;0;0;0;0;0;101;121;0;0;0;0;0;0;121;222
"054015";"Corciano";16;105;0;0;0;0;0;0;105;116;0;0;0;0;0;0;116;221
"054015";"Corciano";17;101;0;0;0;0;0;0;101;90;0;0;0;0;0;0;90;191
"054015";"Corciano";18;115;0;0;0;0;0;0;115;103;0;0;0;0;0;0;103;218
"054015";"Corciano";19;109;0;0;0;0;0;0;109;107;0;0;0;0;0;0;107;216
"054015";"Corciano";20;106;0;0;0;0;0;0;106;90;0;0;0;0;0;0;90;196
"054015";"Corciano";21;96;0;0;0;0;0;0;96;102;0;0;0;0;0;0;102;198
"054015";"Corciano";22;123;1;0;0;0;0;0;124;79;1;0;0;0;0;0;80;204
"054015";"Corciano";23;92;0;0;0;0;0;0;92;99;3;0;0;0;0;0;102;194
"054015";"Corciano";24;85;0;0;0;0;0;0;85;90;2;0;0;0;0;0;92;177
"054015";"Corciano";25;95;0;0;0;0;0;0;95;78;5;0;0;0;0;0;83;178
"054015";"Corciano";26;95;4;0;0;0;0;0;99;78;5;0;0;0;0;0;83;182
"054015";"Corciano";27;80;1;0;0;0;0;0;81;71;10;0;0;0;0;0;81;162
"054015";"Corciano";28;101;7;1;0;0;0;0;109;80;12;0;0;0;0;0;92;201
"054015";"Corciano";29;115;9;0;0;0;0;0;124;77;26;0;0;0;0;0;103;227
"054015";"Corciano";30;88;7;2;0;0;0;0;97;77;37;1;0;0;0;0;115;212
"054015";"Corciano";31;86;15;0;0;0;0;0;101;76;35;1;0;0;0;0;112;213
"054015";"Corciano";32;92;26;0;0;1;0;0;119;81;52;1;0;0;0;0;134;253
"054015";"Corciano";33;85;36;0;0;1;0;0;122;84;49;0;1;0;0;0;134;256
"054015";"Corciano";34;79;40;0;0;0;0;0;119;58;56;2;1;0;0;0;117;236
"054015";"Corciano";35;72;44;2;0;0;0;0;118;71;60;3;0;0;0;0;134;252
"054015";"Corciano";36;77;59;1;0;0;0;0;137;53;62;2;0;0;0;0;117;254
"054015";"Corciano";37;57;55;4;0;0;0;0;116;64;77;4;0;0;0;0;145;261
"054015";"Corciano";38;59;70;3;0;0;0;0;132;47;89;5;0;0;0;0;141;273
"054015";"Corciano";39;61;50;4;0;0;0;0;115;53;77;3;1;0;0;0;134;249
"054015";"Corciano";40;62;67;4;0;0;0;0;133;43;94;8;0;1;0;0;146;279
"054015";"Corciano";41;72;65;4;0;0;0;0;141;54;104;12;0;0;0;0;170;311
"054015";"Corciano";42;85;77;5;0;1;0;0;168;51;117;9;4;0;0;0;181;349
"054015";"Corciano";43;61;78;6;0;0;0;0;145;55;113;8;2;0;0;0;178;323
"054015";"Corciano";44;67;112;5;0;0;0;0;184;39;113;11;4;1;0;0;168;352
"054015";"Corciano";45;65;106;10;0;0;0;0;181;49;121;7;0;0;0;0;177;358
"054015";"Corciano";46;50;111;7;2;0;0;0;170;56;136;12;2;1;0;0;207;377
"054015";"Corciano";47;55;133;9;0;1;0;0;198;39;129;15;5;0;0;0;188;386
"054015";"Corciano";48;71;123;6;1;2;0;0;203;37;135;12;2;0;0;0;186;389
"054015";"Corciano";49;42;113;13;2;0;0;0;170;42;147;10;0;0;0;0;199;369
"054015";"Corciano";50;47;122;11;2;0;0;0;182;43;140;17;2;0;0;0;202;384
"054015";"Corciano";51;45;122;13;0;0;0;0;180;31;141;11;6;0;0;0;189;369
"054015";"Corciano";52;42;132;15;1;1;0;0;191;29;95;19;5;0;0;0;148;339
"054015";"Corciano";53;21;129;5;2;0;0;0;157;25;141;22;4;0;0;0;192;349
"054015";"Corciano";54;25;124;11;3;0;0;0;163;33;135;13;5;0;0;0;186;349
"054015";"Corciano";55;28;128;11;1;1;0;0;169;30;130;15;2;0;0;0;177;346
"054015";"Corciano";56;25;130;8;1;0;0;0;164;32;126;11;5;1;0;0;175;339
"054015";"Corciano";57;20;113;14;1;0;0;0;148;15;105;24;5;0;0;0;149;297
"054015";"Corciano";58;19;98;15;3;1;0;0;136;16;131;14;6;0;0;0;167;303
"054015";"Corciano";59;21;115;14;1;0;0;0;151;19;120;14;13;0;0;0;166;317
"054015";"Corciano";60;16;97;13;1;0;0;0;127;9;104;7;12;0;0;0;132;259
"054015";"Corciano";61;16;101;5;1;0;0;0;123;9;118;13;8;0;0;0;148;271
"054015";"Corciano";62;7;86;10;5;0;0;0;108;12;111;11;5;0;0;0;139;247
"054015";"Corciano";63;7;86;4;3;0;0;0;100;8;94;5;8;0;0;0;115;215
"054015";"Corciano";64;3;104;9;2;0;0;0;118;13;88;13;12;0;0;0;126;244
"054015";"Corciano";65;8;94;10;3;1;0;0;116;7;114;5;10;0;0;0;136;252
"054015";"Corciano";66;11;101;8;3;0;0;0;123;11;92;4;15;0;0;0;122;245
"054015";"Corciano";67;7;93;4;2;0;0;0;106;13;89;6;12;0;0;0;120;226
"054015";"Corciano";68;7;93;7;7;0;0;0;114;7;96;6;17;1;0;0;127;241
"054015";"Corciano";69;9;86;5;3;0;0;0;103;8;85;5;18;0;0;0;116;219
"054015";"Corciano";70;2;80;2;2;0;0;0;86;6;98;6;22;0;0;0;132;218
"054015";"Corciano";71;1;89;7;11;0;0;0;108;8;88;6;21;1;0;0;124;232
"054015";"Corciano";72;10;108;4;6;0;0;0;128;6;78;11;32;0;0;0;127;255
"054015";"Corciano";73;4;114;3;7;0;0;0;128;1;83;7;31;0;0;0;122;250
"054015";"Corciano";74;3;93;4;9;0;0;0;109;7;77;8;41;0;0;0;133;242
"054015";"Corciano";75;5;97;3;13;0;0;0;118;4;68;4;30;0;0;0;106;224
"054015";"Corciano";76;3;65;1;6;0;0;0;75;4;37;4;26;0;0;0;71;146
"054015";"Corciano";77;2;54;3;9;0;0;0;68;2;53;3;34;0;0;0;92;160
"054015";"Corciano";78;7;46;3;8;0;0;0;64;2;44;1;30;0;0;0;77;141
"054015";"Corciano";79;4;53;1;7;0;0;0;65;2;51;2;41;1;0;0;97;162
"054015";"Corciano";80;2;53;1;14;0;0;0;70;4;45;2;37;0;0;0;88;158
"054015";"Corciano";81;5;52;5;7;0;0;0;69;1;47;1;54;0;0;0;103;172
"054015";"Corciano";82;4;56;0;7;0;0;0;67;1;40;2;41;0;0;0;84;151
"054015";"Corciano";83;3;46;1;8;0;0;0;58;2;31;1;59;0;0;0;93;151
"054015";"Corciano";84;5;38;2;10;0;0;0;55;2;23;1;39;0;0;0;65;120
"054015";"Corciano";85;1;54;1;5;0;0;0;61;0;16;1;40;0;0;0;57;118
"054015";"Corciano";86;1;30;0;9;0;0;0;40;1;11;0;47;0;0;0;59;99
"054015";"Corciano";87;1;30;0;5;0;0;0;36;1;13;2;49;0;0;0;65;101
"054015";"Corciano";88;2;20;1;9;0;0;0;32;0;8;0;38;0;0;0;46;78
"054015";"Corciano";89;0;20;0;5;0;0;0;25;2;5;0;37;0;0;0;44;69
"054015";"Corciano";90;1;11;0;8;0;0;0;20;1;1;0;38;0;0;0;40;60
"054015";"Corciano";91;0;5;0;7;0;0;0;12;2;3;1;21;0;0;0;27;39
"054015";"Corciano";92;0;6;0;5;0;0;0;11;0;1;0;21;0;0;0;22;33
"054015";"Corciano";93;0;4;0;4;0;0;0;8;0;1;0;18;0;0;0;19;27
"054015";"Corciano";94;1;1;0;1;0;0;0;3;0;0;0;17;0;0;0;17;20
"054015";"Corciano";95;0;2;0;2;0;0;0;4;0;0;0;22;0;0;0;22;26
"054015";"Corciano";96;0;0;0;2;0;0;0;2;0;0;0;8;0;0;0;8;10
"054015";"Corciano";97;0;0;0;3;0;0;0;3;0;0;0;6;0;0;0;6;9
"054015";"Corciano";98;0;1;0;0;0;0;0;1;1;0;0;4;0;0;0;5;6
"054015";"Corciano";99;0;0;0;3;0;0;0;3;0;0;0;3;0;0;0;3;6
"054015";"Corciano";100;0;0;0;0;0;0;0;0;0;0;0;3;0;0;0;3;3
"054015";"Corciano";999;4993;4791;320;242;10;0;0;10356;4496;5044;424;1102;7;0;0;11073;21429
"054016";"Costacciaro";0;4;0;0;0;;;;4;2;0;0;0;;;;2;6
"054016";"Costacciaro";1;2;0;0;0;;;;2;1;0;0;0;;;;1;3
"054016";"Costacciaro";2;1;0;0;0;;;;1;1;0;0;0;;;;1;2
"054016";"Costacciaro";3;2;0;0;0;;;;2;3;0;0;0;;;;3;5
"054016";"Costacciaro";4;2;0;0;0;;;;2;1;0;0;0;;;;1;3
"054016";"Costacciaro";5;2;0;0;0;;;;2;2;0;0;0;;;;2;4
"054016";"Costacciaro";6;2;0;0;0;;;;2;1;0;0;0;;;;1;3
"054016";"Costacciaro";7;6;0;0;0;;;;6;4;0;0;0;;;;4;10
"054016";"Costacciaro";8;3;0;0;0;;;;3;1;0;0;0;;;;1;4
"054016";"Costacciaro";9;4;0;0;0;;;;4;2;0;0;0;;;;2;6
"054016";"Costacciaro";10;5;0;0;0;;;;5;0;0;0;0;;;;0;5
"054016";"Costacciaro";11;7;0;0;0;;;;7;7;0;0;0;;;;7;14
"054016";"Costacciaro";12;4;0;0;0;;;;4;1;0;0;0;;;;1;5
"054016";"Costacciaro";13;1;0;0;0;;;;1;5;0;0;0;;;;5;6
"054016";"Costacciaro";14;6;0;0;0;;;;6;7;0;0;0;;;;7;13
"054016";"Costacciaro";15;5;0;0;0;;;;5;1;0;0;0;;;;1;6
"054016";"Costacciaro";16;5;0;0;0;;;;5;5;0;0;0;;;;5;10
"054016";"Costacciaro";17;4;0;0;0;;;;4;6;0;0;0;;;;6;10
"054016";"Costacciaro";18;5;0;0;0;;;;5;7;0;0;0;;;;7;12
"054016";"Costacciaro";19;1;0;0;0;;;;1;2;0;0;0;;;;2;3
"054016";"Costacciaro";20;4;0;0;0;;;;4;5;0;0;0;;;;5;9
"054016";"Costacciaro";21;7;0;0;0;;;;7;3;0;0;0;;;;3;10
"054016";"Costacciaro";22;3;0;0;0;;;;3;2;0;0;0;;;;2;5
"054016";"Costacciaro";23;4;0;0;0;;;;4;4;0;0;0;;;;4;8
"054016";"Costacciaro";24;3;0;0;0;;;;3;6;0;0;0;;;;6;9
"054016";"Costacciaro";25;4;0;0;0;;;;4;4;0;0;0;;;;4;8
"054016";"Costacciaro";26;4;0;0;0;;;;4;7;0;0;0;;;;7;11
"054016";"Costacciaro";27;3;0;0;0;;;;3;7;1;0;0;;;;8;11
"054016";"Costacciaro";28;5;1;0;0;;;;6;6;1;0;0;;;;7;13
"054016";"Costacciaro";29;2;0;0;0;;;;2;2;0;0;0;;;;2;4
"054016";"Costacciaro";30;7;1;0;0;;;;8;4;0;0;0;;;;4;12
"054016";"Costacciaro";31;3;0;0;0;;;;3;3;3;0;0;;;;6;9
"054016";"Costacciaro";32;4;3;0;0;;;;7;3;0;0;0;;;;3;10
"054016";"Costacciaro";33;2;0;0;0;;;;2;6;2;0;0;;;;8;10
"054016";"Costacciaro";34;7;2;0;0;;;;9;0;2;1;0;;;;3;12
"054016";"Costacciaro";35;4;3;0;0;;;;7;4;2;0;0;;;;6;13
"054016";"Costacciaro";36;2;2;0;0;;;;4;2;4;0;1;;;;7;11
"054016";"Costacciaro";37;4;1;1;0;;;;6;4;2;0;0;;;;6;12
"054016";"Costacciaro";38;6;4;0;0;;;;10;2;2;0;0;;;;4;14
"054016";"Costacciaro";39;3;2;0;0;;;;5;1;2;1;0;;;;4;9
"054016";"Costacciaro";40;3;2;0;0;;;;5;1;6;0;1;;;;8;13
"054016";"Costacciaro";41;5;2;1;0;;;;8;1;9;0;0;;;;10;18
"054016";"Costacciaro";42;4;3;0;0;;;;7;1;3;0;0;;;;4;11
"054016";"Costacciaro";43;5;4;1;0;;;;10;4;2;0;0;;;;6;16
"054016";"Costacciaro";44;5;2;0;0;;;;7;3;3;0;0;;;;6;13
"054016";"Costacciaro";45;0;4;0;0;;;;4;2;1;0;0;;;;3;7
"054016";"Costacciaro";46;3;3;1;0;;;;7;2;8;3;0;;;;13;20
"054016";"Costacciaro";47;7;4;1;0;;;;12;1;3;0;0;;;;4;16
"054016";"Costacciaro";48;4;3;1;0;;;;8;0;5;1;0;;;;6;14
"054016";"Costacciaro";49;1;12;1;0;;;;14;2;8;1;0;;;;11;25
"054016";"Costacciaro";50;0;3;1;0;;;;4;0;5;1;0;;;;6;10
"054016";"Costacciaro";51;4;4;0;0;;;;8;1;11;1;1;;;;14;22
"054016";"Costacciaro";52;1;4;1;0;;;;6;0;5;1;1;;;;7;13
"054016";"Costacciaro";53;4;5;1;1;;;;11;2;5;0;0;;;;7;18
"054016";"Costacciaro";54;5;10;0;0;;;;15;2;7;1;0;;;;10;25
"054016";"Costacciaro";55;2;7;0;0;;;;9;1;6;0;0;;;;7;16
"054016";"Costacciaro";56;0;10;0;0;;;;10;1;10;2;2;;;;15;25
"054016";"Costacciaro";57;6;3;0;0;;;;9;0;4;1;1;;;;6;15
"054016";"Costacciaro";58;4;4;0;0;;;;8;1;12;1;1;;;;15;23
"054016";"Costacciaro";59;2;3;0;0;;;;5;1;7;1;0;;;;9;14
"054016";"Costacciaro";60;0;8;0;0;;;;8;1;6;0;5;;;;12;20
"054016";"Costacciaro";61;1;7;1;0;;;;9;0;2;1;1;;;;4;13
"054016";"Costacciaro";62;3;7;0;0;;;;10;1;5;1;1;;;;8;18
"054016";"Costacciaro";63;1;4;0;0;;;;5;0;5;0;2;;;;7;12
"054016";"Costacciaro";64;2;9;0;0;;;;11;1;8;0;1;;;;10;21
"054016";"Costacciaro";65;0;6;0;0;;;;6;1;7;1;3;;;;12;18
"054016";"Costacciaro";66;2;6;0;0;;;;8;0;8;1;2;;;;11;19
"054016";"Costacciaro";67;2;7;1;1;;;;11;0;2;0;0;;;;2;13
"054016";"Costacciaro";68;1;4;1;2;;;;8;0;1;0;0;;;;1;9
"054016";"Costacciaro";69;0;6;0;0;;;;6;0;4;1;1;;;;6;12
"054016";"Costacciaro";70;1;6;0;0;;;;7;0;6;1;2;;;;9;16
"054016";"Costacciaro";71;2;8;0;0;;;;10;0;7;0;4;;;;11;21
"054016";"Costacciaro";72;0;4;0;1;;;;5;1;6;0;1;;;;8;13
"054016";"Costacciaro";73;1;6;0;1;;;;8;0;7;1;4;;;;12;20
"054016";"Costacciaro";74;0;4;0;0;;;;4;0;3;0;2;;;;5;9
"054016";"Costacciaro";75;0;10;0;1;;;;11;0;6;1;2;;;;9;20
"054016";"Costacciaro";76;1;2;0;0;;;;3;0;5;0;2;;;;7;10
"054016";"Costacciaro";77;0;3;0;1;;;;4;0;4;0;3;;;;7;11
"054016";"Costacciaro";78;3;6;0;2;;;;11;1;6;0;3;;;;10;21
"054016";"Costacciaro";79;2;4;0;0;;;;6;0;1;1;3;;;;5;11
"054016";"Costacciaro";80;0;3;0;1;;;;4;0;4;1;5;;;;10;14
"054016";"Costacciaro";81;1;3;0;0;;;;4;0;5;0;7;;;;12;16
"054016";"Costacciaro";82;2;7;0;0;;;;9;0;3;0;5;;;;8;17
"054016";"Costacciaro";83;3;1;0;1;;;;5;1;1;0;3;;;;5;10
"054016";"Costacciaro";84;1;3;0;1;;;;5;0;1;0;5;;;;6;11
"054016";"Costacciaro";85;0;3;0;1;;;;4;0;2;0;6;;;;8;12
"054016";"Costacciaro";86;0;2;0;1;;;;3;1;1;0;6;;;;8;11
"054016";"Costacciaro";87;0;4;0;0;;;;4;0;1;0;2;;;;3;7
"054016";"Costacciaro";88;0;5;0;0;;;;5;1;0;0;5;;;;6;11
"054016";"Costacciaro";89;0;0;0;0;;;;0;1;2;0;0;;;;3;3
"054016";"Costacciaro";90;0;0;0;0;;;;0;0;0;0;2;;;;2;2
"054016";"Costacciaro";91;0;1;0;1;;;;2;0;1;0;1;;;;2;4
"054016";"Costacciaro";92;0;2;0;0;;;;2;0;0;0;1;;;;1;3
"054016";"Costacciaro";93;0;2;0;1;;;;3;0;0;0;3;;;;3;6
"054016";"Costacciaro";94;0;0;0;0;;;;0;0;0;0;4;;;;4;4
"054016";"Costacciaro";95;0;0;0;1;;;;1;0;0;0;0;;;;0;1
"054016";"Costacciaro";96;0;1;0;0;;;;1;0;0;0;3;;;;3;4
"054016";"Costacciaro";97;0;0;0;0;;;;0;0;0;0;0;;;;0;0
"054016";"Costacciaro";98;0;0;0;0;;;;0;0;0;0;0;;;;0;0
"054016";"Costacciaro";99;0;0;0;0;;;;0;0;0;0;2;;;;2;2
"054016";"Costacciaro";100;0;0;0;0;;;;0;0;0;0;1;;;;1;1
"054016";"Costacciaro";999;246;265;13;18;;;;542;170;261;26;111;;;;568;1110
"054017";"Deruta";0;44;0;0;0;;;;44;28;0;0;0;;;;28;72
"054017";"Deruta";1;33;0;0;0;;;;33;24;0;0;0;;;;24;57
"054017";"Deruta";2;22;0;0;0;;;;22;37;0;0;0;;;;37;59
"054017";"Deruta";3;39;0;0;0;;;;39;35;0;0;0;;;;35;74
"054017";"Deruta";4;47;0;0;0;;;;47;43;0;0;0;;;;43;90
"054017";"Deruta";5;47;0;0;0;;;;47;39;0;0;0;;;;39;86
"054017";"Deruta";6;43;0;0;0;;;;43;25;0;0;0;;;;25;68
"054017";"Deruta";7;38;0;0;0;;;;38;33;0;0;0;;;;33;71
"054017";"Deruta";8;50;0;0;0;;;;50;44;0;0;0;;;;44;94
"054017";"Deruta";9;39;0;0;0;;;;39;65;0;0;0;;;;65;104
"054017";"Deruta";10;56;0;0;0;;;;56;45;0;0;0;;;;45;101
"054017";"Deruta";11;43;0;0;0;;;;43;38;0;0;0;;;;38;81
"054017";"Deruta";12;48;0;0;0;;;;48;42;0;0;0;;;;42;90
"054017";"Deruta";13;48;0;0;0;;;;48;46;0;0;0;;;;46;94
"054017";"Deruta";14;41;0;0;0;;;;41;53;0;0;0;;;;53;94
"054017";"Deruta";15;59;0;0;0;;;;59;62;0;0;0;;;;62;121
"054017";"Deruta";16;52;0;0;0;;;;52;43;0;0;0;;;;43;95
"054017";"Deruta";17;46;0;0;0;;;;46;39;0;0;0;;;;39;85
"054017";"Deruta";18;58;0;0;0;;;;58;45;0;0;0;;;;45;103
"054017";"Deruta";19;46;0;0;0;;;;46;35;0;0;0;;;;35;81
"054017";"Deruta";20;45;0;0;0;;;;45;51;0;0;0;;;;51;96
"054017";"Deruta";21;47;0;0;0;;;;47;39;0;0;0;;;;39;86
"054017";"Deruta";22;38;0;0;0;;;;38;33;0;0;0;;;;33;71
"054017";"Deruta";23;58;0;0;0;;;;58;38;5;0;0;;;;43;101
"054017";"Deruta";24;49;1;0;0;;;;50;37;3;0;0;;;;40;90
"054017";"Deruta";25;40;0;0;0;;;;40;30;5;0;0;;;;35;75
"054017";"Deruta";26;27;2;0;0;;;;29;42;6;0;0;;;;48;77
"054017";"Deruta";27;41;3;0;0;;;;44;30;4;0;0;;;;34;78
"054017";"Deruta";28;36;3;0;0;;;;39;23;9;0;0;;;;32;71
"054017";"Deruta";29;33;4;0;0;;;;37;26;12;0;0;;;;38;75
"054017";"Deruta";30;35;4;0;0;;;;39;24;19;0;0;;;;43;82
"054017";"Deruta";31;37;9;0;0;;;;46;21;16;0;0;;;;37;83
"054017";"Deruta";32;39;8;0;0;;;;47;28;16;0;0;;;;44;91
"054017";"Deruta";33;28;18;0;0;;;;46;27;23;1;0;;;;51;97
"054017";"Deruta";34;35;16;0;0;;;;51;28;27;0;1;;;;56;107
"054017";"Deruta";35;29;17;3;0;;;;49;20;31;1;1;;;;53;102
"054017";"Deruta";36;26;25;0;0;;;;51;21;27;2;0;;;;50;101
"054017";"Deruta";37;38;20;0;0;;;;58;28;34;0;0;;;;62;120
"054017";"Deruta";38;33;33;0;0;;;;66;22;40;4;0;;;;66;132
"054017";"Deruta";39;33;33;0;1;;;;67;29;34;1;1;;;;65;132
"054017";"Deruta";40;26;37;2;0;;;;65;17;55;1;0;;;;73;138
"054017";"Deruta";41;29;34;1;0;;;;64;16;31;3;1;;;;51;115
"054017";"Deruta";42;23;36;3;0;;;;62;13;41;3;0;;;;57;119
"054017";"Deruta";43;26;33;3;0;;;;62;16;39;2;0;;;;57;119
"054017";"Deruta";44;16;46;1;0;;;;63;18;57;4;0;;;;79;142
"054017";"Deruta";45;16;47;8;0;;;;71;13;49;6;0;;;;68;139
"054017";"Deruta";46;30;58;5;1;;;;94;16;61;2;0;;;;79;173
"054017";"Deruta";47;21;46;2;0;;;;69;22;71;7;0;;;;100;169
"054017";"Deruta";48;23;57;0;0;;;;80;20;53;3;1;;;;77;157
"054017";"Deruta";49;13;48;7;0;;;;68;15;61;4;1;;;;81;149
"054017";"Deruta";50;22;54;2;0;;;;78;13;63;8;0;;;;84;162
"054017";"Deruta";51;19;55;0;0;;;;74;10;63;6;1;;;;80;154
"054017";"Deruta";52;11;48;5;0;;;;64;13;48;12;0;;;;73;137
"054017";"Deruta";53;18;49;8;1;;;;76;14;58;8;3;;;;83;159
"054017";"Deruta";54;11;70;1;1;;;;83;10;55;7;3;;;;75;158
"054017";"Deruta";55;14;59;3;1;;;;77;11;61;6;5;;;;83;160
"054017";"Deruta";56;18;62;6;1;;;;87;6;57;5;3;;;;71;158
"054017";"Deruta";57;17;44;6;1;;;;68;9;48;8;2;;;;67;135
"054017";"Deruta";58;13;59;4;0;;;;76;5;62;9;3;;;;79;155
"054017";"Deruta";59;7;49;5;0;;;;61;6;49;7;2;;;;64;125
"054017";"Deruta";60;8;49;1;1;;;;59;6;46;4;2;;;;58;117
"054017";"Deruta";61;2;48;3;2;;;;55;5;51;6;3;;;;65;120
"054017";"Deruta";62;13;49;6;2;;;;70;7;48;6;6;;;;67;137
"054017";"Deruta";63;13;43;4;2;;;;62;7;49;2;7;;;;65;127
"054017";"Deruta";64;3;47;4;0;;;;54;2;55;2;4;;;;63;117
"054017";"Deruta";65;14;39;4;1;;;;58;4;58;4;2;;;;68;126
"054017";"Deruta";66;9;31;1;2;;;;43;1;52;5;8;;;;66;109
"054017";"Deruta";67;7;42;1;1;;;;51;3;42;2;9;;;;56;107
"054017";"Deruta";68;7;53;3;3;;;;66;5;46;8;8;;;;67;133
"054017";"Deruta";69;7;49;1;2;;;;59;2;31;3;10;;;;46;105
"054017";"Deruta";70;3;48;3;0;;;;54;2;37;3;7;;;;49;103
"054017";"Deruta";71;2;55;3;5;;;;65;2;48;1;10;;;;61;126
"054017";"Deruta";72;1;46;2;2;;;;51;2;39;1;20;;;;62;113
"054017";"Deruta";73;4;43;0;3;;;;50;3;38;2;17;;;;60;110
"054017";"Deruta";74;3;35;0;3;;;;41;1;32;2;10;;;;45;86
"054017";"Deruta";75;4;39;1;4;;;;48;4;40;2;13;;;;59;107
"054017";"Deruta";76;3;21;1;1;;;;26;2;26;1;15;;;;44;70
"054017";"Deruta";77;2;43;1;8;;;;54;1;16;2;24;;;;43;97
"054017";"Deruta";78;3;39;1;3;;;;46;2;24;1;15;;;;42;88
"054017";"Deruta";79;2;29;0;4;;;;35;1;22;0;18;;;;41;76
"054017";"Deruta";80;5;24;1;3;;;;33;1;20;0;12;;;;33;66
"054017";"Deruta";81;2;32;0;2;;;;36;2;20;0;18;;;;40;76
"054017";"Deruta";82;0;26;2;6;;;;34;1;15;1;18;;;;35;69
"054017";"Deruta";83;3;31;1;3;;;;38;2;18;0;20;;;;40;78
"054017";"Deruta";84;0;26;0;3;;;;29;1;10;1;32;;;;44;73
"054017";"Deruta";85;0;14;0;6;;;;20;1;2;0;22;;;;25;45
"054017";"Deruta";86;2;16;0;4;;;;22;2;7;1;22;;;;32;54
"054017";"Deruta";87;1;13;1;4;;;;19;1;4;0;35;;;;40;59
"054017";"Deruta";88;0;7;0;4;;;;11;1;1;0;21;;;;23;34
"054017";"Deruta";89;0;5;0;4;;;;9;1;3;0;16;;;;20;29
"054017";"Deruta";90;1;8;0;5;;;;14;0;3;0;18;;;;21;35
"054017";"Deruta";91;0;4;0;5;;;;9;2;2;0;23;;;;27;36
"054017";"Deruta";92;0;1;0;5;;;;6;0;1;0;19;;;;20;26
"054017";"Deruta";93;0;2;0;2;;;;4;0;3;0;12;;;;15;19
"054017";"Deruta";94;0;4;0;2;;;;6;0;1;0;15;;;;16;22
"054017";"Deruta";95;0;2;0;3;;;;5;0;1;0;10;;;;11;16
"054017";"Deruta";96;0;0;0;1;;;;1;0;0;0;6;;;;6;7
"054017";"Deruta";97;0;0;0;2;;;;2;0;0;0;5;;;;5;7
"054017";"Deruta";98;0;0;0;1;;;;1;0;0;0;1;;;;1;2
"054017";"Deruta";99;0;0;0;0;;;;0;0;0;0;1;;;;1;1
"054017";"Deruta";100;0;0;0;1;;;;1;0;0;0;5;;;;5;6
"054017";"Deruta";999;2143;2250;120;122;;;;4635;1758;2304;180;567;;;;4809;9444
"054018";"Foligno";0;161;0;0;0;0;0;0;161;187;0;0;0;0;0;0;187;348
"054018";"Foligno";1;199;0;0;0;0;0;0;199;169;0;0;0;0;0;0;169;368
"054018";"Foligno";2;193;0;0;0;0;0;0;193;185;0;0;0;0;0;0;185;378
"054018";"Foligno";3;207;0;0;0;0;0;0;207;187;0;0;0;0;0;0;187;394
"054018";"Foligno";4;206;0;0;0;0;0;0;206;193;0;0;0;0;0;0;193;399
"054018";"Foligno";5;216;0;0;0;0;0;0;216;221;0;0;0;0;0;0;221;437
"054018";"Foligno";6;224;0;0;0;0;0;0;224;237;0;0;0;0;0;0;237;461
"054018";"Foligno";7;231;0;0;0;0;0;0;231;233;0;0;0;0;0;0;233;464
"054018";"Foligno";8;281;0;0;0;0;0;0;281;235;0;0;0;0;0;0;235;516
"054018";"Foligno";9;284;0;0;0;0;0;0;284;267;0;0;0;0;0;0;267;551
"054018";"Foligno";10;258;0;0;0;0;0;0;258;244;0;0;0;0;0;0;244;502
"054018";"Foligno";11;271;0;0;0;0;0;0;271;262;0;0;0;0;0;0;262;533
"054018";"Foligno";12;293;0;0;0;0;0;0;293;274;0;0;0;0;0;0;274;567
"054018";"Foligno";13;283;0;0;0;0;0;0;283;288;0;0;0;0;0;0;288;571
"054018";"Foligno";14;265;0;0;0;0;0;0;265;242;0;0;0;0;0;0;242;507
"054018";"Foligno";15;269;0;0;0;0;0;0;269;242;0;0;0;0;0;0;242;511
"054018";"Foligno";16;278;0;0;0;0;0;0;278;258;0;0;0;0;0;0;258;536
"054018";"Foligno";17;241;0;0;0;0;0;0;241;243;0;0;0;0;0;0;243;484
"054018";"Foligno";18;259;0;0;0;0;0;0;259;228;0;0;0;0;0;0;228;487
"054018";"Foligno";19;248;0;0;0;0;0;0;248;245;1;0;0;0;0;0;246;494
"054018";"Foligno";20;265;0;0;0;0;0;0;265;233;0;0;0;0;0;0;233;498
"054018";"Foligno";21;242;0;0;0;0;0;0;242;238;6;0;0;0;0;0;244;486
"054018";"Foligno";22;247;1;0;0;0;0;0;248;229;7;0;0;0;0;0;236;484
"054018";"Foligno";23;272;5;0;0;1;0;0;278;210;14;0;0;0;0;0;224;502
"054018";"Foligno";24;259;6;0;0;0;0;0;265;227;19;0;0;0;0;0;246;511
"054018";"Foligno";25;259;6;0;0;0;0;0;265;220;21;1;0;0;0;0;242;507
"054018";"Foligno";26;266;9;0;0;0;0;0;275;224;32;1;0;0;0;0;257;532
"054018";"Foligno";27;250;10;0;0;0;0;0;260;207;41;0;0;0;0;0;248;508
"054018";"Foligno";28;242;22;0;0;0;0;0;264;206;56;1;0;0;0;0;263;527
"054018";"Foligno";29;245;28;0;0;0;0;0;273;211;68;1;0;0;0;0;280;553
"054018";"Foligno";30;227;40;1;0;0;0;0;268;201;83;3;0;0;0;0;287;555
"054018";"Foligno";31;217;42;1;0;1;0;0;261;207;90;4;0;0;0;0;301;562
"054018";"Foligno";32;230;77;0;0;0;0;0;307;165;104;3;0;0;0;0;272;579
"054018";"Foligno";33;241;67;0;0;0;0;0;308;196;107;3;0;0;0;0;306;614
"054018";"Foligno";34;170;72;2;0;0;0;0;244;137;137;8;2;0;0;0;284;528
"054018";"Foligno";35;193;83;0;0;0;0;0;276;162;150;8;1;0;0;0;321;597
"054018";"Foligno";36;192;116;6;0;0;0;0;314;164;172;9;1;0;0;0;346;660
"054018";"Foligno";37;181;141;4;0;0;0;0;326;150;191;5;3;1;0;0;350;676
"054018";"Foligno";38;186;150;1;0;0;0;0;337;141;196;11;0;0;0;0;348;685
"054018";"Foligno";39;183;174;4;1;0;0;0;362;160;177;15;1;0;0;0;353;715
"054018";"Foligno";40;178;153;7;0;0;0;0;338;144;242;8;1;1;0;0;396;734
"054018";"Foligno";41;153;211;4;0;0;0;0;368;117;220;10;5;0;0;0;352;720
"054018";"Foligno";42;154;207;11;0;0;0;0;372;115;207;16;4;0;0;0;342;714
"054018";"Foligno";43;154;200;15;0;0;0;0;369;123;256;18;6;1;0;0;404;773
"054018";"Foligno";44;155;220;6;1;1;0;0;383;117;236;25;8;0;0;0;386;769
"054018";"Foligno";45;162;237;10;2;0;0;0;411;123;267;21;6;1;0;0;418;829
"054018";"Foligno";46;160;262;8;1;0;0;0;431;129;296;37;2;0;0;0;464;895
"054018";"Foligno";47;131;272;15;1;0;0;0;419;122;316;22;6;0;0;0;466;885
"054018";"Foligno";48;136;270;16;2;0;0;0;424;121;318;33;5;0;0;0;477;901
"054018";"Foligno";49;128;297;21;1;0;0;0;447;104;299;25;8;0;0;0;436;883
"054018";"Foligno";50;118;268;25;1;0;0;0;412;95;286;35;8;0;0;0;424;836
"054018";"Foligno";51;104;271;26;1;0;0;0;402;82;267;35;11;0;0;0;395;797
"054018";"Foligno";52;89;265;22;3;0;0;0;379;89;325;34;5;0;0;0;453;832
"054018";"Foligno";53;83;289;22;2;0;0;0;396;91;285;40;13;0;0;0;429;825
"054018";"Foligno";54;87;294;21;2;0;0;0;404;92;326;39;12;0;0;0;469;873
"054018";"Foligno";55;74;261;27;4;1;0;0;367;64;336;39;13;0;0;0;452;819
"054018";"Foligno";56;90;322;30;5;0;0;0;447;78;298;46;18;0;0;0;440;887
"054018";"Foligno";57;71;331;41;3;0;0;0;446;71;318;47;20;0;0;0;456;902
"054018";"Foligno";58;66;323;29;7;0;0;0;425;71;310;35;21;0;0;0;437;862
"054018";"Foligno";59;58;289;28;4;0;0;0;379;58;312;39;16;0;0;0;425;804
"054018";"Foligno";60;58;269;25;5;0;0;0;357;70;288;42;27;0;0;0;427;784
"054018";"Foligno";61;46;276;24;5;0;0;0;351;62;304;40;20;0;0;0;426;777
"054018";"Foligno";62;40;286;21;4;0;0;0;351;48;259;36;36;0;0;0;379;730
"054018";"Foligno";63;43;281;25;9;0;0;0;358;45;286;24;34;0;0;0;389;747
"054018";"Foligno";64;41;262;17;9;0;0;0;329;41;269;26;38;0;0;0;374;703
"054018";"Foligno";65;34;287;18;6;0;0;0;345;57;270;27;39;0;0;0;393;738
"054018";"Foligno";66;36;294;27;10;0;0;0;367;32;263;20;45;0;0;0;360;727
"054018";"Foligno";67;21;273;22;11;0;0;0;327;36;211;27;47;0;0;0;321;648
"054018";"Foligno";68;33;245;12;6;0;0;0;296;33;251;24;44;0;0;0;352;648
"054018";"Foligno";69;31;247;17;11;0;0;0;306;38;187;19;57;0;0;0;301;607
"054018";"Foligno";70;18;267;11;14;0;0;0;310;28;257;19;76;0;0;0;380;690
"054018";"Foligno";71;27;245;10;12;1;0;0;295;23;241;18;64;0;0;0;346;641
"054018";"Foligno";72;15;256;14;18;0;0;0;303;31;243;26;78;0;0;0;378;681
"054018";"Foligno";73;23;314;13;18;0;0;0;368;27;242;17;85;0;0;0;371;739
"054018";"Foligno";74;24;245;8;20;0;0;0;297;28;231;14;91;0;0;0;364;661
"054018";"Foligno";75;29;253;8;24;0;0;0;314;26;225;15;105;0;0;0;371;685
"054018";"Foligno";76;18;171;10;15;0;0;0;214;11;168;12;92;0;0;0;283;497
"054018";"Foligno";77;12;187;8;23;0;0;0;230;20;163;8;121;0;0;0;312;542
"054018";"Foligno";78;9;189;4;28;0;0;0;230;15;157;8;104;0;0;0;284;514
"054018";"Foligno";79;13;176;3;25;0;0;0;217;10;144;8;111;0;0;0;273;490
"054018";"Foligno";80;14;186;7;24;0;0;0;231;13;116;9;119;0;0;0;257;488
"054018";"Foligno";81;15;175;2;34;0;0;0;226;16;100;12;150;0;0;0;278;504
"054018";"Foligno";82;20;142;3;23;0;0;0;188;17;106;3;150;0;0;0;276;464
"054018";"Foligno";83;10;169;3;36;0;0;0;218;7;96;4;168;0;0;0;275;493
"054018";"Foligno";84;9;125;0;31;0;0;0;165;14;72;5;148;0;0;0;239;404
"054018";"Foligno";85;9;90;1;32;0;0;0;132;14;60;3;150;0;0;0;227;359
"054018";"Foligno";86;7;86;0;20;0;0;0;113;13;46;2;155;0;0;0;216;329
"054018";"Foligno";87;5;65;0;23;0;0;0;93;13;35;3;140;0;0;0;191;284
"054018";"Foligno";88;7;69;0;27;0;0;0;103;7;29;2;147;0;0;0;185;288
"054018";"Foligno";89;5;48;0;23;0;0;0;76;6;16;4;124;0;0;0;150;226
"054018";"Foligno";90;1;45;0;16;0;0;0;62;9;11;3;130;0;0;0;153;215
"054018";"Foligno";91;0;34;0;17;0;0;0;51;3;14;0;134;0;0;0;151;202
"054018";"Foligno";92;2;19;0;19;0;0;0;40;8;6;3;110;0;0;0;127;167
"054018";"Foligno";93;4;18;0;8;0;0;0;30;8;5;0;83;0;0;0;96;126
"054018";"Foligno";94;3;12;0;11;0;0;0;26;6;3;1;85;0;0;0;95;121
"054018";"Foligno";95;0;4;0;14;0;0;0;18;1;0;1;54;0;0;0;56;74
"054018";"Foligno";96;1;2;0;6;0;0;0;9;4;0;1;48;0;0;0;53;62
"054018";"Foligno";97;0;7;0;8;0;0;0;15;1;0;0;30;0;0;0;31;46
"054018";"Foligno";98;0;4;0;1;0;0;0;5;2;1;0;24;0;0;0;27;32
"054018";"Foligno";99;1;0;0;0;0;0;0;1;0;1;1;10;0;0;0;12;13
"054018";"Foligno";100;0;1;0;2;0;0;0;3;3;0;0;24;0;0;0;27;30
"054018";"Foligno";999;12469;12615;716;689;5;0;0;26494;11380;12768;1164;3693;4;0;0;29009;55503
"054019";"Fossato di Vico";0;9;0;0;0;;;;9;3;0;0;0;;;;3;12
"054019";"Fossato di Vico";1;6;0;0;0;;;;6;9;0;0;0;;;;9;15
"054019";"Fossato di Vico";2;8;0;0;0;;;;8;11;0;0;0;;;;11;19
"054019";"Fossato di Vico";3;13;0;0;0;;;;13;12;0;0;0;;;;12;25
"054019";"Fossato di Vico";4;8;0;0;0;;;;8;7;0;0;0;;;;7;15
"054019";"Fossato di Vico";5;10;0;0;0;;;;10;10;0;0;0;;;;10;20
"054019";"Fossato di Vico";6;10;0;0;0;;;;10;12;0;0;0;;;;12;22
"054019";"Fossato di Vico";7;14;0;0;0;;;;14;11;0;0;0;;;;11;25
"054019";"Fossato di Vico";8;12;0;0;0;;;;12;9;0;0;0;;;;9;21
"054019";"Fossato di Vico";9;13;0;0;0;;;;13;15;0;0;0;;;;15;28
"054019";"Fossato di Vico";10;19;0;0;0;;;;19;11;0;0;0;;;;11;30
"054019";"Fossato di Vico";11;17;0;0;0;;;;17;13;0;0;0;;;;13;30
"054019";"Fossato di Vico";12;17;0;0;0;;;;17;17;0;0;0;;;;17;34
"054019";"Fossato di Vico";13;12;0;0;0;;;;12;8;0;0;0;;;;8;20
"054019";"Fossato di Vico";14;25;0;0;0;;;;25;10;0;0;0;;;;10;35
"054019";"Fossato di Vico";15;12;0;0;0;;;;12;17;0;0;0;;;;17;29
"054019";"Fossato di Vico";16;12;0;0;0;;;;12;15;0;0;0;;;;15;27
"054019";"Fossato di Vico";17;15;0;0;0;;;;15;14;0;0;0;;;;14;29
"054019";"Fossato di Vico";18;10;0;0;0;;;;10;8;0;0;0;;;;8;18
"054019";"Fossato di Vico";19;18;0;0;0;;;;18;6;0;0;0;;;;6;24
"054019";"Fossato di Vico";20;16;0;0;0;;;;16;5;0;0;0;;;;5;21
"054019";"Fossato di Vico";21;12;0;0;0;;;;12;11;0;0;0;;;;11;23
"054019";"Fossato di Vico";22;12;0;0;0;;;;12;8;0;0;0;;;;8;20
"054019";"Fossato di Vico";23;12;0;0;0;;;;12;16;0;0;0;;;;16;28
"054019";"Fossato di Vico";24;10;0;0;0;;;;10;5;2;0;0;;;;7;17
"054019";"Fossato di Vico";25;8;0;0;0;;;;8;8;1;0;0;;;;9;17
"054019";"Fossato di Vico";26;22;1;0;0;;;;23;7;0;0;0;;;;7;30
"054019";"Fossato di Vico";27;11;1;0;0;;;;12;12;2;0;0;;;;14;26
"054019";"Fossato di Vico";28;10;1;0;0;;;;11;5;4;0;0;;;;9;20
"054019";"Fossato di Vico";29;8;2;0;0;;;;10;10;4;0;0;;;;14;24
"054019";"Fossato di Vico";30;7;4;1;0;;;;12;13;5;1;0;;;;19;31
"054019";"Fossato di Vico";31;10;3;0;0;;;;13;6;8;0;0;;;;14;27
"054019";"Fossato di Vico";32;14;2;0;0;;;;16;6;2;0;0;;;;8;24
"054019";"Fossato di Vico";33;10;4;1;0;;;;15;2;4;1;0;;;;7;22
"054019";"Fossato di Vico";34;3;5;0;0;;;;8;4;6;1;0;;;;11;19
"054019";"Fossato di Vico";35;4;5;0;0;;;;9;7;4;4;0;;;;15;24
"054019";"Fossato di Vico";36;11;3;2;0;;;;16;9;7;0;1;;;;17;33
"054019";"Fossato di Vico";37;13;7;0;0;;;;20;5;6;1;0;;;;12;32
"054019";"Fossato di Vico";38;7;10;1;0;;;;18;7;15;0;0;;;;22;40
"054019";"Fossato di Vico";39;8;10;0;0;;;;18;8;14;1;0;;;;23;41
"054019";"Fossato di Vico";40;3;6;3;0;;;;12;5;13;1;0;;;;19;31
"054019";"Fossato di Vico";41;4;8;1;0;;;;13;5;7;1;0;;;;13;26
"054019";"Fossato di Vico";42;1;11;2;0;;;;14;7;11;0;0;;;;18;32
"054019";"Fossato di Vico";43;7;13;0;0;;;;20;8;10;3;0;;;;21;41
"054019";"Fossato di Vico";44;14;13;3;0;;;;30;5;12;2;1;;;;20;50
"054019";"Fossato di Vico";45;11;12;0;0;;;;23;5;16;0;0;;;;21;44
"054019";"Fossato di Vico";46;10;19;0;1;;;;30;4;16;1;1;;;;22;52
"054019";"Fossato di Vico";47;6;8;1;0;;;;15;2;14;2;0;;;;18;33
"054019";"Fossato di Vico";48;7;14;0;0;;;;21;4;11;4;1;;;;20;41
"054019";"Fossato di Vico";49;6;13;3;0;;;;22;0;19;0;2;;;;21;43
"054019";"Fossato di Vico";50;4;11;2;0;;;;17;4;9;1;1;;;;15;32
"054019";"Fossato di Vico";51;5;18;1;0;;;;24;3;17;3;1;;;;24;48
"054019";"Fossato di Vico";52;4;16;2;0;;;;22;3;21;1;0;;;;25;47
"054019";"Fossato di Vico";53;4;8;2;0;;;;14;2;13;4;1;;;;20;34
"054019";"Fossato di Vico";54;4;19;2;0;;;;25;2;13;3;0;;;;18;43
"054019";"Fossato di Vico";55;3;19;0;0;;;;22;0;13;1;2;;;;16;38
"054019";"Fossato di Vico";56;6;11;2;1;;;;20;2;9;2;1;;;;14;34
"054019";"Fossato di Vico";57;6;16;1;0;;;;23;2;25;2;1;;;;30;53
"054019";"Fossato di Vico";58;2;9;3;0;;;;14;8;16;1;0;;;;25;39
"054019";"Fossato di Vico";59;2;16;1;0;;;;19;0;6;1;1;;;;8;27
"054019";"Fossato di Vico";60;3;15;2;0;;;;20;0;14;0;2;;;;16;36
"054019";"Fossato di Vico";61;2;5;2;0;;;;9;0;10;1;1;;;;12;21
"054019";"Fossato di Vico";62;1;18;0;0;;;;19;0;11;2;4;;;;17;36
"054019";"Fossato di Vico";63;3;11;1;1;;;;16;1;19;2;2;;;;24;40
"054019";"Fossato di Vico";64;2;10;0;0;;;;12;2;13;1;5;;;;21;33
"054019";"Fossato di Vico";65;2;9;0;2;;;;13;0;12;0;1;;;;13;26
"054019";"Fossato di Vico";66;3;9;1;0;;;;13;0;17;1;2;;;;20;33
"054019";"Fossato di Vico";67;4;12;1;1;;;;18;0;13;1;1;;;;15;33
"054019";"Fossato di Vico";68;1;10;2;1;;;;14;2;9;0;2;;;;13;27
"054019";"Fossato di Vico";69;1;12;1;0;;;;14;2;11;0;6;;;;19;33
"054019";"Fossato di Vico";70;1;21;2;1;;;;25;0;12;0;3;;;;15;40
"054019";"Fossato di Vico";71;2;15;0;1;;;;18;1;10;1;1;;;;13;31
"054019";"Fossato di Vico";72;0;22;0;2;;;;24;1;12;1;4;;;;18;42
"054019";"Fossato di Vico";73;2;16;1;0;;;;19;0;13;0;6;;;;19;38
"054019";"Fossato di Vico";74;5;11;0;1;;;;17;1;11;0;6;;;;18;35
"054019";"Fossato di Vico";75;2;7;0;1;;;;10;0;3;0;11;;;;14;24
"054019";"Fossato di Vico";76;1;10;0;1;;;;12;1;6;0;6;;;;13;25
"054019";"Fossato di Vico";77;1;5;0;1;;;;7;0;10;0;7;;;;17;24
"054019";"Fossato di Vico";78;0;8;0;0;;;;8;0;16;0;8;;;;24;32
"054019";"Fossato di Vico";79;3;8;0;0;;;;11;0;6;0;6;;;;12;23
"054019";"Fossato di Vico";80;0;7;0;1;;;;8;0;5;1;8;;;;14;22
"054019";"Fossato di Vico";81;0;10;0;2;;;;12;1;5;0;12;;;;18;30
"054019";"Fossato di Vico";82;1;8;0;2;;;;11;0;6;0;9;;;;15;26
"054019";"Fossato di Vico";83;1;9;1;0;;;;11;1;2;0;10;;;;13;24
"054019";"Fossato di Vico";84;0;7;1;0;;;;8;0;2;1;6;;;;9;17
"054019";"Fossato di Vico";85;0;4;0;1;;;;5;0;3;0;5;;;;8;13
"054019";"Fossato di Vico";86;0;2;0;1;;;;3;1;4;0;12;;;;17;20
"054019";"Fossato di Vico";87;1;6;1;1;;;;9;0;1;0;7;;;;8;17
"054019";"Fossato di Vico";88;0;2;0;0;;;;2;2;1;0;4;;;;7;9
"054019";"Fossato di Vico";89;0;1;0;3;;;;4;1;0;0;9;;;;10;14
"054019";"Fossato di Vico";90;0;6;0;1;;;;7;0;0;0;8;;;;8;15
"054019";"Fossato di Vico";91;0;1;0;2;;;;3;1;0;0;5;;;;6;9
"054019";"Fossato di Vico";92;0;2;0;0;;;;2;1;0;0;3;;;;4;6
"054019";"Fossato di Vico";93;0;0;0;0;;;;0;0;0;0;4;;;;4;4
"054019";"Fossato di Vico";94;0;1;0;0;;;;1;0;0;0;1;;;;1;2
"054019";"Fossato di Vico";95;0;0;0;0;;;;0;1;0;0;1;;;;2;2
"054019";"Fossato di Vico";96;0;0;0;0;;;;0;0;0;0;0;;;;0;0
"054019";"Fossato di Vico";97;0;0;0;0;;;;0;0;0;0;2;;;;2;2
"054019";"Fossato di Vico";98;0;0;0;0;;;;0;0;0;0;3;;;;3;3
"054019";"Fossato di Vico";99;0;0;0;0;;;;0;0;0;0;0;;;;0;0
"054019";"Fossato di Vico";100;0;0;0;0;;;;0;0;0;0;0;;;;0;0
"054019";"Fossato di Vico";999;619;618;50;29;;;;1316;463;612;54;207;;;;1336;2652
"054020";"Fratta Todina";0;4;0;0;0;;;;4;11;0;0;0;;;;11;15
"054020";"Fratta Todina";1;7;0;0;0;;;;7;5;0;0;0;;;;5;12
"054020";"Fratta Todina";2;4;0;0;0;;;;4;7;0;0;0;;;;7;11
"054020";"Fratta Todina";3;6;0;0;0;;;;6;3;0;0;0;;;;3;9
"054020";"Fratta Todina";4;6;0;0;0;;;;6;9;0;0;0;;;;9;15
"054020";"Fratta Todina";5;6;0;0;0;;;;6;7;0;0;0;;;;7;13
"054020";"Fratta Todina";6;5;0;0;0;;;;5;5;0;0;0;;;;5;10
"054020";"Fratta Todina";7;8;0;0;0;;;;8;6;0;0;0;;;;6;14
"054020";"Fratta Todina";8;5;0;0;0;;;;5;4;0;0;0;;;;4;9
"054020";"Fratta Todina";9;3;0;0;0;;;;3;6;0;0;0;;;;6;9
"054020";"Fratta Todina";10;8;0;0;0;;;;8;10;0;0;0;;;;10;18
"054020";"Fratta Todina";11;7;0;0;0;;;;7;8;0;0;0;;;;8;15
"054020";"Fratta Todina";12;10;0;0;0;;;;10;9;0;0;0;;;;9;19
"054020";"Fratta Todina";13;6;0;0;0;;;;6;9;0;0;0;;;;9;15
"054020";"Fratta Todina";14;15;0;0;0;;;;15;4;0;0;0;;;;4;19
"054020";"Fratta Todina";15;13;0;0;0;;;;13;8;0;0;0;;;;8;21
"054020";"Fratta Todina";16;9;0;0;0;;;;9;5;0;0;0;;;;5;14
"054020";"Fratta Todina";17;9;0;0;0;;;;9;7;0;0;0;;;;7;16
"054020";"Fratta Todina";18;12;0;1;0;;;;13;12;0;0;0;;;;12;25
"054020";"Fratta Todina";19;8;0;0;0;;;;8;2;0;0;0;;;;2;10
"054020";"Fratta Todina";20;8;0;0;0;;;;8;10;0;0;0;;;;10;18
"054020";"Fratta Todina";21;11;0;0;0;;;;11;9;0;0;0;;;;9;20
"054020";"Fratta Todina";22;22;0;0;0;;;;22;10;1;0;0;;;;11;33
"054020";"Fratta Todina";23;13;0;1;0;;;;14;4;1;0;0;;;;5;19
"054020";"Fratta Todina";24;11;0;0;0;;;;11;9;1;0;0;;;;10;21
"054020";"Fratta Todina";25;15;0;0;0;;;;15;9;0;0;0;;;;9;24
"054020";"Fratta Todina";26;12;0;1;0;;;;13;10;2;0;0;;;;12;25
"054020";"Fratta Todina";27;7;0;0;0;;;;7;12;0;0;0;;;;12;19
"054020";"Fratta Todina";28;12;1;1;0;;;;14;10;0;0;0;;;;10;24
"054020";"Fratta Todina";29;10;2;3;0;;;;15;10;4;0;0;;;;14;29
"054020";"Fratta Todina";30;9;0;0;0;;;;9;2;3;0;0;;;;5;14
"054020";"Fratta Todina";31;9;2;2;0;;;;13;3;4;0;0;;;;7;20
"054020";"Fratta Todina";32;3;5;0;0;;;;8;1;7;0;0;;;;8;16
"054020";"Fratta Todina";33;14;5;1;0;;;;20;4;7;0;0;;;;11;31
"054020";"Fratta Todina";34;10;3;1;0;;;;14;6;5;2;0;;;;13;27
"054020";"Fratta Todina";35;5;2;1;0;;;;8;2;3;0;0;;;;5;13
"054020";"Fratta Todina";36;4;2;0;0;;;;6;7;7;0;0;;;;14;20
"054020";"Fratta Todina";37;2;3;0;0;;;;5;5;7;0;0;;;;12;17
"054020";"Fratta Todina";38;9;7;0;0;;;;16;8;8;1;0;;;;17;33
"054020";"Fratta Todina";39;5;5;1;0;;;;11;0;5;0;0;;;;5;16
"054020";"Fratta Todina";40;4;4;2;0;;;;10;2;7;1;0;;;;10;20
"054020";"Fratta Todina";41;7;5;0;0;;;;12;3;4;0;0;;;;7;19
"054020";"Fratta Todina";42;2;5;0;0;;;;7;3;6;1;0;;;;10;17
"054020";"Fratta Todina";43;0;5;0;0;;;;5;2;5;1;0;;;;8;13
"054020";"Fratta Todina";44;3;5;1;0;;;;9;6;13;0;0;;;;19;28
"054020";"Fratta Todina";45;4;14;1;0;;;;19;3;7;0;0;;;;10;29
"054020";"Fratta Todina";46;3;8;0;0;;;;11;5;5;0;0;;;;10;21
"054020";"Fratta Todina";47;8;3;1;0;;;;12;5;9;1;1;;;;16;28
"054020";"Fratta Todina";48;4;11;0;0;;;;15;1;8;0;0;;;;9;24
"054020";"Fratta Todina";49;3;5;2;0;;;;10;4;9;0;0;;;;13;23
"054020";"Fratta Todina";50;6;12;1;0;;;;19;1;14;0;0;;;;15;34
"054020";"Fratta Todina";51;5;6;0;0;;;;11;1;7;1;0;;;;9;20
"054020";"Fratta Todina";52;3;7;1;0;;;;11;2;6;0;0;;;;8;19
"054020";"Fratta Todina";53;4;10;0;0;;;;14;3;16;1;0;;;;20;34
"054020";"Fratta Todina";54;3;14;0;0;;;;17;0;20;0;0;;;;20;37
"054020";"Fratta Todina";55;4;14;0;0;;;;18;2;12;1;0;;;;15;33
"054020";"Fratta Todina";56;3;12;0;0;;;;15;2;19;1;0;;;;22;37
"054020";"Fratta Todina";57;0;27;0;1;;;;28;0;14;0;0;;;;14;42
"054020";"Fratta Todina";58;2;8;0;0;;;;10;2;14;2;0;;;;18;28
"054020";"Fratta Todina";59;2;12;1;0;;;;15;1;16;2;0;;;;19;34
"054020";"Fratta Todina";60;2;7;0;0;;;;9;1;7;0;0;;;;8;17
"054020";"Fratta Todina";61;1;12;0;0;;;;13;2;10;1;2;;;;15;28
"054020";"Fratta Todina";62;0;8;0;0;;;;8;2;9;0;2;;;;13;21
"054020";"Fratta Todina";63;0;12;0;0;;;;12;1;15;0;0;;;;16;28
"054020";"Fratta Todina";64;2;8;0;0;;;;10;0;10;0;2;;;;12;22
"054020";"Fratta Todina";65;0;10;0;1;;;;11;1;6;2;0;;;;9;20
"054020";"Fratta Todina";66;1;5;0;1;;;;7;0;6;0;2;;;;8;15
"054020";"Fratta Todina";67;0;6;0;2;;;;8;1;9;0;2;;;;12;20
"054020";"Fratta Todina";68;0;7;0;0;;;;7;1;5;0;2;;;;8;15
"054020";"Fratta Todina";69;3;10;0;0;;;;13;1;2;0;0;;;;3;16
"054020";"Fratta Todina";70;0;4;0;0;;;;4;0;8;0;2;;;;10;14
"054020";"Fratta Todina";71;3;7;1;1;;;;12;1;6;0;1;;;;8;20
"054020";"Fratta Todina";72;2;9;0;0;;;;11;1;4;0;3;;;;8;19
"054020";"Fratta Todina";73;0;8;0;0;;;;8;1;11;0;1;;;;13;21
"054020";"Fratta Todina";74;0;8;0;0;;;;8;2;9;1;4;;;;16;24
"054020";"Fratta Todina";75;0;3;0;0;;;;3;0;7;0;5;;;;12;15
"054020";"Fratta Todina";76;0;7;0;1;;;;8;1;4;0;3;;;;8;16
"054020";"Fratta Todina";77;1;3;0;0;;;;4;0;6;0;3;;;;9;13
"054020";"Fratta Todina";78;1;6;0;1;;;;8;1;5;0;5;;;;11;19
"054020";"Fratta Todina";79;0;12;0;1;;;;13;1;6;0;3;;;;10;23
"054020";"Fratta Todina";80;1;2;0;1;;;;4;0;5;0;2;;;;7;11
"054020";"Fratta Todina";81;0;7;0;2;;;;9;1;4;0;6;;;;11;20
"054020";"Fratta Todina";82;0;6;0;0;;;;6;5;8;0;4;;;;17;23
"054020";"Fratta Todina";83;1;4;0;0;;;;5;1;2;0;10;;;;13;18
"054020";"Fratta Todina";84;0;7;0;2;;;;9;0;2;0;7;;;;9;18
"054020";"Fratta Todina";85;0;3;0;0;;;;3;2;1;0;8;;;;11;14
"054020";"Fratta Todina";86;0;5;0;1;;;;6;1;2;0;6;;;;9;15
"054020";"Fratta Todina";87;1;5;0;2;;;;8;2;1;0;7;;;;10;18
"054020";"Fratta Todina";88;0;5;0;0;;;;5;0;2;0;5;;;;7;12
"054020";"Fratta Todina";89;1;2;1;0;;;;4;1;1;0;4;;;;6;10
"054020";"Fratta Todina";90;0;2;0;0;;;;2;0;2;0;3;;;;5;7
"054020";"Fratta Todina";91;0;0;0;1;;;;1;0;0;0;2;;;;2;3
"054020";"Fratta Todina";92;0;1;0;1;;;;2;0;0;0;4;;;;4;6
"054020";"Fratta Todina";93;0;0;0;1;;;;1;0;0;1;4;;;;5;6
"054020";"Fratta Todina";94;0;2;0;0;;;;2;0;0;0;3;;;;3;5
"054020";"Fratta Todina";95;0;0;0;0;;;;0;0;0;0;1;;;;1;1
"054020";"Fratta Todina";96;0;0;0;0;;;;0;0;0;0;2;;;;2;2
"054020";"Fratta Todina";97;0;0;0;0;;;;0;0;0;0;1;;;;1;1
"054020";"Fratta Todina";98;0;0;0;0;;;;0;0;0;0;0;;;;0;0
"054020";"Fratta Todina";99;0;0;0;0;;;;0;1;0;0;0;;;;1;1
"054020";"Fratta Todina";100;0;0;0;0;;;;0;0;0;0;0;;;;0;0
"054020";"Fratta Todina";999;432;427;25;20;;;;904;348;451;20;122;;;;941;1845
"054021";"Giano dell'Umbria";0;14;0;0;0;;;;14;17;0;0;0;;;;17;31
"054021";"Giano dell'Umbria";1;10;0;0;0;;;;10;14;0;0;0;;;;14;24
"054021";"Giano dell'Umbria";2;13;0;0;0;;;;13;16;0;0;0;;;;16;29
"054021";"Giano dell'Umbria";3;17;0;0;0;;;;17;15;0;0;0;;;;15;32
"054021";"Giano dell'Umbria";4;13;0;0;0;;;;13;13;0;0;0;;;;13;26
"054021";"Giano dell'Umbria";5;17;0;0;0;;;;17;21;0;0;0;;;;21;38
"054021";"Giano dell'Umbria";6;14;0;0;0;;;;14;13;0;0;0;;;;13;27
"054021";"Giano dell'Umbria";7;15;0;0;0;;;;15;14;0;0;0;;;;14;29
"054021";"Giano dell'Umbria";8;14;0;0;0;;;;14;14;0;0;0;;;;14;28
"054021";"Giano dell'Umbria";9;17;0;0;0;;;;17;21;0;0;0;;;;21;38
"054021";"Giano dell'Umbria";10;18;0;0;0;;;;18;13;0;0;0;;;;13;31
"054021";"Giano dell'Umbria";11;20;0;0;0;;;;20;16;0;0;0;;;;16;36
"054021";"Giano dell'Umbria";12;27;0;0;0;;;;27;12;0;0;0;;;;12;39
"054021";"Giano dell'Umbria";13;19;0;0;0;;;;19;16;0;0;0;;;;16;35
"054021";"Giano dell'Umbria";14;19;0;0;0;;;;19;22;0;0;0;;;;22;41
"054021";"Giano dell'Umbria";15;18;0;0;0;;;;18;14;0;0;0;;;;14;32
"054021";"Giano dell'Umbria";16;24;0;0;0;;;;24;27;0;0;0;;;;27;51
"054021";"Giano dell'Umbria";17;21;0;0;0;;;;21;16;0;0;0;;;;16;37
"054021";"Giano dell'Umbria";18;13;0;0;0;;;;13;18;0;0;0;;;;18;31
"054021";"Giano dell'Umbria";19;25;0;0;0;;;;25;20;0;0;0;;;;20;45
"054021";"Giano dell'Umbria";20;17;0;0;0;;;;17;14;0;0;0;;;;14;31
"054021";"Giano dell'Umbria";21;17;1;0;0;;;;18;16;2;0;0;;;;18;36
"054021";"Giano dell'Umbria";22;21;1;0;0;;;;22;10;3;0;0;;;;13;35
"054021";"Giano dell'Umbria";23;18;3;0;0;;;;21;16;1;0;0;;;;17;38
"054021";"Giano dell'Umbria";24;26;1;0;0;;;;27;13;0;0;0;;;;13;40
"054021";"Giano dell'Umbria";25;14;2;0;0;;;;16;16;5;0;0;;;;21;37
"054021";"Giano dell'Umbria";26;14;3;0;0;;;;17;11;4;0;0;;;;15;32
"054021";"Giano dell'Umbria";27;10;4;0;0;;;;14;14;5;0;0;;;;19;33
"054021";"Giano dell'Umbria";28;22;4;0;0;;;;26;9;5;0;0;;;;14;40
"054021";"Giano dell'Umbria";29;16;4;0;0;;;;20;16;6;0;0;;;;22;42
"054021";"Giano dell'Umbria";30;9;7;0;0;;;;16;10;3;0;1;;;;14;30
"054021";"Giano dell'Umbria";31;18;9;1;0;;;;28;13;8;0;0;;;;21;49
"054021";"Giano dell'Umbria";32;13;13;0;0;;;;26;8;10;0;0;;;;18;44
"054021";"Giano dell'Umbria";33;9;15;0;0;;;;24;14;16;0;0;;;;30;54
"054021";"Giano dell'Umbria";34;12;13;0;0;;;;25;5;8;0;0;;;;13;38
"054021";"Giano dell'Umbria";35;15;14;1;0;;;;30;16;16;0;0;;;;32;62
"054021";"Giano dell'Umbria";36;7;8;0;0;;;;15;6;17;0;0;;;;23;38
"054021";"Giano dell'Umbria";37;8;8;0;0;;;;16;8;10;0;0;;;;18;34
"054021";"Giano dell'Umbria";38;10;17;1;0;;;;28;8;15;0;0;;;;23;51
"054021";"Giano dell'Umbria";39;8;11;0;1;;;;20;8;11;0;0;;;;19;39
"054021";"Giano dell'Umbria";40;6;20;0;0;;;;26;7;13;0;0;;;;20;46
"054021";"Giano dell'Umbria";41;7;17;1;0;;;;25;7;16;0;0;;;;23;48
"054021";"Giano dell'Umbria";42;11;20;0;0;;;;31;5;15;1;0;;;;21;52
"054021";"Giano dell'Umbria";43;10;26;1;0;;;;37;7;13;0;0;;;;20;57
"054021";"Giano dell'Umbria";44;3;18;0;0;;;;21;5;19;1;0;;;;25;46
"054021";"Giano dell'Umbria";45;8;16;1;0;;;;25;2;21;2;1;;;;26;51
"054021";"Giano dell'Umbria";46;4;18;0;0;;;;22;2;15;3;0;;;;20;42
"054021";"Giano dell'Umbria";47;7;28;2;0;;;;37;4;23;4;0;;;;31;68
"054021";"Giano dell'Umbria";48;7;16;1;0;;;;24;2;23;1;0;;;;26;50
"054021";"Giano dell'Umbria";49;7;20;1;0;;;;28;1;26;1;0;;;;28;56
"054021";"Giano dell'Umbria";50;4;22;1;0;;;;27;3;18;3;1;;;;25;52
"054021";"Giano dell'Umbria";51;2;25;3;0;;;;30;6;17;2;0;;;;25;55
"054021";"Giano dell'Umbria";52;10;17;1;0;;;;28;5;21;0;1;;;;27;55
"054021";"Giano dell'Umbria";53;5;21;1;0;;;;27;2;19;0;0;;;;21;48
"054021";"Giano dell'Umbria";54;3;27;6;1;;;;37;3;22;0;3;;;;28;65
"054021";"Giano dell'Umbria";55;4;26;0;0;;;;30;0;28;5;1;;;;34;64
"054021";"Giano dell'Umbria";56;7;27;1;0;;;;35;4;22;1;2;;;;29;64
"054021";"Giano dell'Umbria";57;7;15;0;1;;;;23;0;31;1;1;;;;33;56
"054021";"Giano dell'Umbria";58;3;19;2;0;;;;24;3;15;1;2;;;;21;45
"054021";"Giano dell'Umbria";59;2;26;2;0;;;;30;2;28;0;1;;;;31;61
"054021";"Giano dell'Umbria";60;5;33;2;0;;;;40;2;22;2;2;;;;28;68
"054021";"Giano dell'Umbria";61;4;24;0;0;;;;28;1;17;1;1;;;;20;48
"054021";"Giano dell'Umbria";62;5;23;1;0;;;;29;3;22;4;2;;;;31;60
"054021";"Giano dell'Umbria";63;2;22;1;1;;;;26;1;15;0;5;;;;21;47
"054021";"Giano dell'Umbria";64;3;9;0;1;;;;13;0;22;1;1;;;;24;37
"054021";"Giano dell'Umbria";65;3;20;1;1;;;;25;2;13;1;2;;;;18;43
"054021";"Giano dell'Umbria";66;1;12;2;1;;;;16;0;14;2;3;;;;19;35
"054021";"Giano dell'Umbria";67;3;15;1;1;;;;20;2;14;1;3;;;;20;40
"054021";"Giano dell'Umbria";68;4;15;0;0;;;;19;3;18;2;3;;;;26;45
"054021";"Giano dell'Umbria";69;1;20;2;1;;;;24;2;12;0;1;;;;15;39
"054021";"Giano dell'Umbria";70;0;9;1;0;;;;10;0;16;1;7;;;;24;34
"054021";"Giano dell'Umbria";71;0;18;0;2;;;;20;1;13;1;4;;;;19;39
"054021";"Giano dell'Umbria";72;0;18;0;1;;;;19;0;11;1;5;;;;17;36
"054021";"Giano dell'Umbria";73;2;15;0;2;;;;19;2;20;0;3;;;;25;44
"054021";"Giano dell'Umbria";74;1;17;1;3;;;;22;1;15;0;3;;;;19;41
"054021";"Giano dell'Umbria";75;1;22;0;0;;;;23;0;15;0;9;;;;24;47
"054021";"Giano dell'Umbria";76;0;15;0;2;;;;17;1;6;0;4;;;;11;28
"054021";"Giano dell'Umbria";77;0;14;0;0;;;;14;0;9;0;2;;;;11;25
"054021";"Giano dell'Umbria";78;0;9;0;0;;;;9;0;5;0;5;;;;10;19
"054021";"Giano dell'Umbria";79;1;12;0;2;;;;15;1;6;0;7;;;;14;29
"054021";"Giano dell'Umbria";80;0;4;0;2;;;;6;0;6;0;7;;;;13;19
"054021";"Giano dell'Umbria";81;3;12;0;2;;;;17;0;6;0;12;;;;18;35
"054021";"Giano dell'Umbria";82;0;10;0;1;;;;11;2;3;0;12;;;;17;28
"054021";"Giano dell'Umbria";83;1;3;1;2;;;;7;1;9;0;13;;;;23;30
"054021";"Giano dell'Umbria";84;0;3;0;2;;;;5;2;5;0;9;;;;16;21
"054021";"Giano dell'Umbria";85;0;6;0;1;;;;7;0;3;0;10;;;;13;20
"054021";"Giano dell'Umbria";86;0;6;0;0;;;;6;0;3;0;9;;;;12;18
"054021";"Giano dell'Umbria";87;0;7;0;1;;;;8;0;2;0;6;;;;8;16
"054021";"Giano dell'Umbria";88;0;5;0;1;;;;6;0;1;0;12;;;;13;19
"054021";"Giano dell'Umbria";89;0;4;0;0;;;;4;0;1;0;10;;;;11;15
"054021";"Giano dell'Umbria";90;0;1;1;1;;;;3;0;1;0;11;;;;12;15
"054021";"Giano dell'Umbria";91;0;5;0;1;;;;6;0;1;0;9;;;;10;16
"054021";"Giano dell'Umbria";92;0;1;0;1;;;;2;0;1;0;5;;;;6;8
"054021";"Giano dell'Umbria";93;0;1;0;2;;;;3;0;0;0;3;;;;3;6
"054021";"Giano dell'Umbria";94;0;1;0;1;;;;2;0;0;0;4;;;;4;6
"054021";"Giano dell'Umbria";95;0;0;0;0;;;;0;0;0;0;3;;;;3;3
"054021";"Giano dell'Umbria";96;0;0;0;0;;;;0;0;0;0;2;;;;2;2
"054021";"Giano dell'Umbria";97;0;0;0;0;;;;0;0;0;0;1;;;;1;1
"054021";"Giano dell'Umbria";98;0;0;0;1;;;;1;0;0;0;2;;;;2;3
"054021";"Giano dell'Umbria";99;0;0;0;2;;;;2;0;0;0;2;;;;2;4
"054021";"Giano dell'Umbria";100;0;0;0;0;;;;0;0;0;0;1;;;;1;1
"054021";"Giano dell'Umbria";999;789;973;41;42;;;;1845;660;877;43;229;;;;1809;3654
"054022";"Gualdo Cattaneo";0;19;0;0;0;;;;19;13;0;0;0;;;;13;32
"054022";"Gualdo Cattaneo";1;15;0;0;0;;;;15;12;0;0;0;;;;12;27
"054022";"Gualdo Cattaneo";2;11;0;0;0;;;;11;12;0;0;0;;;;12;23
"054022";"Gualdo Cattaneo";3;11;0;0;0;;;;11;14;0;0;0;;;;14;25
"054022";"Gualdo Cattaneo";4;25;0;0;0;;;;25;13;0;0;0;;;;13;38
"054022";"Gualdo Cattaneo";5;19;0;0;0;;;;19;14;0;0;0;;;;14;33
"054022";"Gualdo Cattaneo";6;15;0;0;0;;;;15;11;0;0;0;;;;11;26
"054022";"Gualdo Cattaneo";7;31;0;0;0;;;;31;13;0;0;0;;;;13;44
"054022";"Gualdo Cattaneo";8;21;0;0;0;;;;21;31;0;0;0;;;;31;52
"054022";"Gualdo Cattaneo";9;26;0;0;0;;;;26;29;0;0;0;;;;29;55
"054022";"Gualdo Cattaneo";10;28;0;0;0;;;;28;20;0;0;0;;;;20;48
"054022";"Gualdo Cattaneo";11;25;0;0;0;;;;25;19;0;0;0;;;;19;44
"054022";"Gualdo Cattaneo";12;21;0;0;0;;;;21;29;0;0;0;;;;29;50
"054022";"Gualdo Cattaneo";13;25;0;0;0;;;;25;30;0;0;0;;;;30;55
"054022";"Gualdo Cattaneo";14;22;0;0;0;;;;22;16;0;0;0;;;;16;38
"054022";"Gualdo Cattaneo";15;24;0;0;0;;;;24;29;0;0;0;;;;29;53
"054022";"Gualdo Cattaneo";16;20;0;0;0;;;;20;22;0;0;0;;;;22;42
"054022";"Gualdo Cattaneo";17;13;0;0;0;;;;13;24;0;0;0;;;;24;37
"054022";"Gualdo Cattaneo";18;28;0;0;0;;;;28;22;0;0;0;;;;22;50
"054022";"Gualdo Cattaneo";19;28;0;0;0;;;;28;14;0;0;0;;;;14;42
"054022";"Gualdo Cattaneo";20;24;0;0;0;;;;24;19;0;0;0;;;;19;43
"054022";"Gualdo Cattaneo";21;24;0;0;0;;;;24;30;0;0;0;;;;30;54
"054022";"Gualdo Cattaneo";22;28;3;0;0;;;;31;20;3;0;0;;;;23;54
"054022";"Gualdo Cattaneo";23;35;0;0;0;;;;35;27;0;0;0;;;;27;62
"054022";"Gualdo Cattaneo";24;36;0;0;0;;;;36;23;3;0;0;;;;26;62
"054022";"Gualdo Cattaneo";25;28;0;0;0;;;;28;26;2;0;0;;;;28;56
"054022";"Gualdo Cattaneo";26;31;2;0;0;;;;33;21;0;0;0;;;;21;54
"054022";"Gualdo Cattaneo";27;21;6;0;0;;;;27;14;1;0;0;;;;15;42
"054022";"Gualdo Cattaneo";28;36;2;0;0;;;;38;18;2;0;0;;;;20;58
"054022";"Gualdo Cattaneo";29;28;4;0;0;;;;32;26;3;0;0;;;;29;61
"054022";"Gualdo Cattaneo";30;34;8;0;0;;;;42;14;5;0;0;;;;19;61
"054022";"Gualdo Cattaneo";31;31;5;0;0;;;;36;22;8;0;0;;;;30;66
"054022";"Gualdo Cattaneo";32;32;3;0;0;;;;35;13;13;0;0;;;;26;61
"054022";"Gualdo Cattaneo";33;28;8;2;0;;;;38;17;11;0;0;;;;28;66
"054022";"Gualdo Cattaneo";34;26;6;0;0;;;;32;18;9;0;0;;;;27;59
"054022";"Gualdo Cattaneo";35;22;11;1;0;;;;34;13;8;1;0;;;;22;56
"054022";"Gualdo Cattaneo";36;25;7;1;0;;;;33;8;15;2;1;;;;26;59
"054022";"Gualdo Cattaneo";37;19;11;2;0;;;;32;16;14;0;0;;;;30;62
"054022";"Gualdo Cattaneo";38;23;19;0;0;;;;42;12;18;1;0;;;;31;73
"054022";"Gualdo Cattaneo";39;13;12;0;0;;;;25;12;14;0;0;;;;26;51
"054022";"Gualdo Cattaneo";40;26;20;1;0;;;;47;14;21;1;0;;;;36;83
"054022";"Gualdo Cattaneo";41;17;23;1;0;;;;41;6;18;0;0;;;;24;65
"054022";"Gualdo Cattaneo";42;11;20;1;0;;;;32;12;18;1;0;;;;31;63
"054022";"Gualdo Cattaneo";43;9;35;1;0;;;;45;10;20;2;1;;;;33;78
"054022";"Gualdo Cattaneo";44;16;24;1;0;;;;41;12;30;1;1;;;;44;85
"054022";"Gualdo Cattaneo";45;10;33;0;0;;;;43;8;28;2;1;;;;39;82
"054022";"Gualdo Cattaneo";46;21;18;3;0;;;;42;5;26;0;0;;;;31;73
"054022";"Gualdo Cattaneo";47;17;19;1;0;;;;37;7;25;1;2;;;;35;72
"054022";"Gualdo Cattaneo";48;5;47;4;0;;;;56;5;37;1;1;;;;44;100
"054022";"Gualdo Cattaneo";49;15;19;2;0;;;;36;7;28;3;0;;;;38;74
"054022";"Gualdo Cattaneo";50;4;31;3;0;;;;38;14;31;3;0;;;;48;86
"054022";"Gualdo Cattaneo";51;8;22;0;0;;;;30;7;29;4;1;;;;41;71
"054022";"Gualdo Cattaneo";52;13;40;4;0;;;;57;2;39;3;4;;;;48;105
"054022";"Gualdo Cattaneo";53;11;32;3;1;;;;47;4;35;5;1;;;;45;92
"054022";"Gualdo Cattaneo";54;6;40;4;0;;;;50;5;39;3;1;;;;48;98
"054022";"Gualdo Cattaneo";55;6;35;2;0;;;;43;1;38;3;3;;;;45;88
"054022";"Gualdo Cattaneo";56;5;53;3;0;;;;61;6;31;3;4;;;;44;105
"054022";"Gualdo Cattaneo";57;5;43;4;0;;;;52;3;33;0;1;;;;37;89
"054022";"Gualdo Cattaneo";58;7;40;2;1;;;;50;3;39;6;4;;;;52;102
"054022";"Gualdo Cattaneo";59;9;32;0;0;;;;41;3;37;1;1;;;;42;83
"054022";"Gualdo Cattaneo";60;1;28;4;1;;;;34;6;46;1;3;;;;56;90
"054022";"Gualdo Cattaneo";61;3;42;5;2;;;;52;2;40;1;3;;;;46;98
"054022";"Gualdo Cattaneo";62;5;36;2;0;;;;43;3;31;3;3;;;;40;83
"054022";"Gualdo Cattaneo";63;5;24;0;0;;;;29;4;39;1;1;;;;45;74
"054022";"Gualdo Cattaneo";64;3;22;5;0;;;;30;2;29;1;4;;;;36;66
"054022";"Gualdo Cattaneo";65;7;37;2;1;;;;47;1;33;4;5;;;;43;90
"054022";"Gualdo Cattaneo";66;2;39;1;1;;;;43;0;24;1;9;;;;34;77
"054022";"Gualdo Cattaneo";67;1;32;2;0;;;;35;3;35;2;6;;;;46;81
"054022";"Gualdo Cattaneo";68;3;27;1;3;;;;34;2;38;0;7;;;;47;81
"054022";"Gualdo Cattaneo";69;0;33;1;1;;;;35;2;23;0;9;;;;34;69
"054022";"Gualdo Cattaneo";70;6;19;2;0;;;;27;1;23;0;4;;;;28;55
"054022";"Gualdo Cattaneo";71;3;34;3;2;;;;42;1;24;0;6;;;;31;73
"054022";"Gualdo Cattaneo";72;2;36;1;5;;;;44;0;28;1;5;;;;34;78
"054022";"Gualdo Cattaneo";73;0;36;1;1;;;;38;1;20;0;4;;;;25;63
"054022";"Gualdo Cattaneo";74;2;33;0;1;;;;36;0;25;0;7;;;;32;68
"054022";"Gualdo Cattaneo";75;3;25;0;1;;;;29;1;22;0;15;;;;38;67
"054022";"Gualdo Cattaneo";76;0;21;1;3;;;;25;0;11;0;4;;;;15;40
"054022";"Gualdo Cattaneo";77;2;21;0;3;;;;26;3;13;0;12;;;;28;54
"054022";"Gualdo Cattaneo";78;3;18;1;3;;;;25;0;13;0;12;;;;25;50
"054022";"Gualdo Cattaneo";79;0;17;1;5;;;;23;0;15;2;15;;;;32;55
"054022";"Gualdo Cattaneo";80;3;20;1;5;;;;29;1;15;0;12;;;;28;57
"054022";"Gualdo Cattaneo";81;1;16;1;2;;;;20;4;11;0;12;;;;27;47
"054022";"Gualdo Cattaneo";82;1;20;0;4;;;;25;0;14;2;19;;;;35;60
"054022";"Gualdo Cattaneo";83;1;22;0;4;;;;27;0;9;0;14;;;;23;50
"054022";"Gualdo Cattaneo";84;2;12;0;3;;;;17;0;11;1;21;;;;33;50
"054022";"Gualdo Cattaneo";85;1;15;0;3;;;;19;0;11;0;20;;;;31;50
"054022";"Gualdo Cattaneo";86;2;5;0;5;;;;12;1;11;0;17;;;;29;41
"054022";"Gualdo Cattaneo";87;1;19;0;3;;;;23;0;11;0;21;;;;32;55
"054022";"Gualdo Cattaneo";88;1;15;0;1;;;;17;0;4;0;11;;;;15;32
"054022";"Gualdo Cattaneo";89;1;8;0;6;;;;15;0;1;0;18;;;;19;34
"054022";"Gualdo Cattaneo";90;0;9;0;4;;;;13;0;1;0;22;;;;23;36
"054022";"Gualdo Cattaneo";91;1;6;0;5;;;;12;1;1;0;9;;;;11;23
"054022";"Gualdo Cattaneo";92;0;4;0;1;;;;5;2;1;0;12;;;;15;20
"054022";"Gualdo Cattaneo";93;0;2;0;2;;;;4;0;1;0;11;;;;12;16
"054022";"Gualdo Cattaneo";94;0;1;0;2;;;;3;0;0;0;6;;;;6;9
"054022";"Gualdo Cattaneo";95;0;0;0;2;;;;2;0;0;0;7;;;;7;9
"054022";"Gualdo Cattaneo";96;0;0;0;0;;;;0;0;0;0;7;;;;7;7
"054022";"Gualdo Cattaneo";97;0;0;0;1;;;;1;0;0;0;4;;;;4;5
"054022";"Gualdo Cattaneo";98;0;0;0;0;;;;0;0;0;0;4;;;;4;4
"054022";"Gualdo Cattaneo";99;0;0;0;0;;;;0;0;0;0;2;;;;2;2
"054022";"Gualdo Cattaneo";100;0;0;0;0;;;;0;0;0;0;4;;;;4;4
"054022";"Gualdo Cattaneo";999;1258;1487;81;88;;;;2914;931;1365;67;414;;;;2777;5691
"054023";"Gualdo Tadino";0;37;0;0;0;;;;37;32;0;0;0;;;;32;69
"054023";"Gualdo Tadino";1;46;0;0;0;;;;46;38;0;0;0;;;;38;84
"054023";"Gualdo Tadino";2;31;0;0;0;;;;31;39;0;0;0;;;;39;70
"054023";"Gualdo Tadino";3;51;0;0;0;;;;51;35;0;0;0;;;;35;86
"054023";"Gualdo Tadino";4;38;0;0;0;;;;38;46;0;0;0;;;;46;84
"054023";"Gualdo Tadino";5;51;0;0;0;;;;51;43;0;0;0;;;;43;94
"054023";"Gualdo Tadino";6;49;0;0;0;;;;49;41;0;0;0;;;;41;90
"054023";"Gualdo Tadino";7;52;0;0;0;;;;52;52;0;0;0;;;;52;104
"054023";"Gualdo Tadino";8;56;0;0;0;;;;56;62;0;0;0;;;;62;118
"054023";"Gualdo Tadino";9;64;0;0;0;;;;64;79;0;0;0;;;;79;143
"054023";"Gualdo Tadino";10;61;0;0;0;;;;61;55;0;0;0;;;;55;116
"054023";"Gualdo Tadino";11;59;0;0;0;;;;59;73;0;0;0;;;;73;132
"054023";"Gualdo Tadino";12;73;0;0;0;;;;73;66;0;0;0;;;;66;139
"054023";"Gualdo Tadino";13;76;0;0;0;;;;76;78;0;0;0;;;;78;154
"054023";"Gualdo Tadino";14;63;0;0;0;;;;63;69;0;0;0;;;;69;132
"054023";"Gualdo Tadino";15;60;0;0;0;;;;60;78;0;0;0;;;;78;138
"054023";"Gualdo Tadino";16;66;0;0;0;;;;66;69;0;0;0;;;;69;135
"054023";"Gualdo Tadino";17;62;0;0;0;;;;62;64;0;0;0;;;;64;126
"054023";"Gualdo Tadino";18;58;0;0;0;;;;58;56;0;0;0;;;;56;114
"054023";"Gualdo Tadino";19;63;0;0;0;;;;63;59;0;0;0;;;;59;122
"054023";"Gualdo Tadino";20;65;0;0;0;;;;65;63;0;0;0;;;;63;128
"054023";"Gualdo Tadino";21;58;0;0;0;;;;58;75;3;0;0;;;;78;136
"054023";"Gualdo Tadino";22;76;0;0;0;;;;76;50;0;0;0;;;;50;126
"054023";"Gualdo Tadino";23;58;0;0;0;;;;58;60;1;0;0;;;;61;119
"054023";"Gualdo Tadino";24;56;0;0;0;;;;56;61;1;0;0;;;;62;118
"054023";"Gualdo Tadino";25;60;1;0;0;;;;61;54;1;0;0;;;;55;116
"054023";"Gualdo Tadino";26;64;0;0;0;;;;64;61;3;0;0;;;;64;128
"054023";"Gualdo Tadino";27;62;1;0;0;;;;63;48;7;0;0;;;;55;118
"054023";"Gualdo Tadino";28;68;2;0;0;;;;70;40;9;0;0;;;;49;119
"054023";"Gualdo Tadino";29;58;3;0;0;;;;61;46;17;0;0;;;;63;124
"054023";"Gualdo Tadino";30;63;5;0;0;;;;68;51;22;0;0;;;;73;141
"054023";"Gualdo Tadino";31;58;11;0;0;;;;69;54;22;0;0;;;;76;145
"054023";"Gualdo Tadino";32;58;12;0;0;;;;70;42;16;2;0;;;;60;130
"054023";"Gualdo Tadino";33;51;15;0;0;;;;66;45;28;0;0;;;;73;139
"054023";"Gualdo Tadino";34;35;17;0;0;;;;52;33;40;1;0;;;;74;126
"054023";"Gualdo Tadino";35;51;28;2;0;;;;81;38;42;3;0;;;;83;164
"054023";"Gualdo Tadino";36;34;26;1;0;;;;61;41;51;5;1;;;;98;159
"054023";"Gualdo Tadino";37;50;32;1;0;;;;83;31;50;3;0;;;;84;167
"054023";"Gualdo Tadino";38;41;41;2;1;;;;85;19;56;3;0;;;;78;163
"054023";"Gualdo Tadino";39;40;39;0;0;;;;79;22;42;2;2;;;;68;147
"054023";"Gualdo Tadino";40;26;50;3;0;;;;79;22;40;4;1;;;;67;146
"054023";"Gualdo Tadino";41;35;54;2;0;;;;91;28;52;9;0;;;;89;180
"054023";"Gualdo Tadino";42;32;54;2;0;;;;88;21;61;3;3;;;;88;176
"054023";"Gualdo Tadino";43;30;74;4;1;;;;109;19;68;4;1;;;;92;201
"054023";"Gualdo Tadino";44;29;56;9;0;;;;94;18;64;8;0;;;;90;184
"054023";"Gualdo Tadino";45;30;53;4;0;;;;87;31;92;6;2;;;;131;218
"054023";"Gualdo Tadino";46;41;60;6;0;;;;107;18;83;9;2;;;;112;219
"054023";"Gualdo Tadino";47;24;81;5;1;;;;111;26;100;6;3;;;;135;246
"054023";"Gualdo Tadino";48;34;68;4;1;;;;107;22;67;10;4;;;;103;210
"054023";"Gualdo Tadino";49;22;62;6;3;;;;93;19;92;10;2;;;;123;216
"054023";"Gualdo Tadino";50;29;66;8;0;;;;103;12;80;15;3;;;;110;213
"054023";"Gualdo Tadino";51;24;75;7;1;;;;107;13;89;11;4;;;;117;224
"054023";"Gualdo Tadino";52;24;63;7;1;;;;95;12;87;6;2;;;;107;202
"054023";"Gualdo Tadino";53;13;96;11;0;;;;120;6;81;14;4;;;;105;225
"054023";"Gualdo Tadino";54;15;89;12;1;;;;117;10;88;12;5;;;;115;232
"054023";"Gualdo Tadino";55;20;87;9;1;;;;117;12;84;7;5;;;;108;225
"054023";"Gualdo Tadino";56;16;88;4;0;;;;108;14;86;8;7;;;;115;223
"054023";"Gualdo Tadino";57;17;91;4;2;;;;114;8;105;7;7;;;;127;241
"054023";"Gualdo Tadino";58;13;88;8;1;;;;110;6;97;13;9;;;;125;235
"054023";"Gualdo Tadino";59;16;80;12;0;;;;108;8;79;9;8;;;;104;212
"054023";"Gualdo Tadino";60;19;77;9;0;;;;105;7;114;8;8;;;;137;242
"054023";"Gualdo Tadino";61;13;99;6;1;;;;119;10;97;7;5;;;;119;238
"054023";"Gualdo Tadino";62;8;89;5;2;;;;104;8;68;7;8;;;;91;195
"054023";"Gualdo Tadino";63;10;82;6;2;;;;100;6;76;4;8;;;;94;194
"054023";"Gualdo Tadino";64;18;73;3;4;;;;98;4;84;5;18;;;;111;209
"054023";"Gualdo Tadino";65;10;86;3;3;;;;102;10;69;5;17;;;;101;203
"054023";"Gualdo Tadino";66;8;65;5;2;;;;80;7;80;3;8;;;;98;178
"054023";"Gualdo Tadino";67;7;71;2;6;;;;86;3;72;2;16;;;;93;179
"054023";"Gualdo Tadino";68;5;90;0;3;;;;98;3;57;4;23;;;;87;185
"054023";"Gualdo Tadino";69;7;67;3;2;;;;79;3;74;1;24;;;;102;181
"054023";"Gualdo Tadino";70;9;79;1;3;;;;92;5;54;1;30;;;;90;182
"054023";"Gualdo Tadino";71;2;77;6;3;;;;88;5;76;7;20;;;;108;196
"054023";"Gualdo Tadino";72;8;61;4;5;;;;78;4;75;2;32;;;;113;191
"054023";"Gualdo Tadino";73;6;77;1;2;;;;86;6;58;2;27;;;;93;179
"054023";"Gualdo Tadino";74;4;77;1;8;;;;90;2;78;2;21;;;;103;193
"054023";"Gualdo Tadino";75;8;66;2;7;;;;83;4;63;4;36;;;;107;190
"054023";"Gualdo Tadino";76;6;56;1;5;;;;68;2;43;0;34;;;;79;147
"054023";"Gualdo Tadino";77;3;82;0;5;;;;90;2;43;1;39;;;;85;175
"054023";"Gualdo Tadino";78;4;59;2;9;;;;74;1;37;0;37;;;;75;149
"054023";"Gualdo Tadino";79;6;47;1;6;;;;60;0;29;0;32;;;;61;121
"054023";"Gualdo Tadino";80;3;33;1;3;;;;40;2;36;1;45;;;;84;124
"054023";"Gualdo Tadino";81;1;45;0;6;;;;52;1;33;2;42;;;;78;130
"054023";"Gualdo Tadino";82;2;40;0;8;;;;50;1;27;2;41;;;;71;121
"054023";"Gualdo Tadino";83;5;50;2;6;;;;63;1;28;2;49;;;;80;143
"054023";"Gualdo Tadino";84;3;36;0;6;;;;45;3;10;2;54;;;;69;114
"054023";"Gualdo Tadino";85;3;33;0;8;;;;44;1;21;0;58;;;;80;124
"054023";"Gualdo Tadino";86;1;33;1;7;;;;42;1;8;0;34;;;;43;85
"054023";"Gualdo Tadino";87;3;22;0;7;;;;32;3;9;0;51;;;;63;95
"054023";"Gualdo Tadino";88;0;13;0;6;;;;19;3;6;1;43;;;;53;72
"054023";"Gualdo Tadino";89;1;16;1;6;;;;24;1;6;0;42;;;;49;73
"054023";"Gualdo Tadino";90;2;9;0;2;;;;13;4;4;0;46;;;;54;67
"054023";"Gualdo Tadino";91;0;8;0;8;;;;16;0;2;0;37;;;;39;55
"054023";"Gualdo Tadino";92;1;5;0;3;;;;9;1;3;0;26;;;;30;39
"054023";"Gualdo Tadino";93;0;5;0;2;;;;7;1;1;0;29;;;;31;38
"054023";"Gualdo Tadino";94;2;5;0;2;;;;9;2;1;0;22;;;;25;34
"054023";"Gualdo Tadino";95;0;3;0;4;;;;7;0;0;0;20;;;;20;27
"054023";"Gualdo Tadino";96;1;1;0;1;;;;3;0;0;0;14;;;;14;17
"054023";"Gualdo Tadino";97;1;2;0;1;;;;4;1;0;1;9;;;;11;15
"054023";"Gualdo Tadino";98;0;2;0;0;;;;2;0;0;0;5;;;;5;7
"054023";"Gualdo Tadino";99;0;0;0;0;;;;0;0;0;0;4;;;;4;4
"054023";"Gualdo Tadino";100;0;2;0;2;;;;4;0;0;0;7;;;;7;11
"054023";"Gualdo Tadino";999;2902;3511;199;180;;;;6792;2511;3548;266;1196;;;;7521;14313
"054024";"Gubbio";0;97;0;0;0;0;0;0;97;69;0;0;0;0;0;0;69;166
"054024";"Gubbio";1;88;0;0;0;0;0;0;88;85;0;0;0;0;0;0;85;173
"054024";"Gubbio";2;112;0;0;0;0;0;0;112;86;0;0;0;0;0;0;86;198
"054024";"Gubbio";3;93;0;0;0;0;0;0;93;93;0;0;0;0;0;0;93;186
"054024";"Gubbio";4;114;0;0;0;0;0;0;114;103;0;0;0;0;0;0;103;217
"054024";"Gubbio";5;101;0;0;0;0;0;0;101;106;0;0;0;0;0;0;106;207
"054024";"Gubbio";6;102;0;0;0;0;0;0;102;100;0;0;0;0;0;0;100;202
"054024";"Gubbio";7;118;0;0;0;0;0;0;118;130;0;0;0;0;0;0;130;248
"054024";"Gubbio";8;123;0;0;0;0;0;0;123;138;0;0;0;0;0;0;138;261
"054024";"Gubbio";9;128;0;0;0;0;0;0;128;105;0;0;0;0;0;0;105;233
"054024";"Gubbio";10;131;0;0;0;0;0;0;131;132;0;0;0;0;0;0;132;263
"054024";"Gubbio";11;124;0;0;0;0;0;0;124;145;0;0;0;0;0;0;145;269
"054024";"Gubbio";12;160;0;0;0;0;0;0;160;133;0;0;0;0;0;0;133;293
"054024";"Gubbio";13;144;0;0;0;0;0;0;144;157;0;0;0;0;0;0;157;301
"054024";"Gubbio";14;139;0;0;0;0;0;0;139;133;0;0;0;0;0;0;133;272
"054024";"Gubbio";15;137;0;0;0;0;0;0;137;126;0;0;0;0;0;0;126;263
"054024";"Gubbio";16;134;0;0;0;0;0;0;134;139;0;0;0;0;0;0;139;273
"054024";"Gubbio";17;131;0;0;0;0;0;0;131;128;0;0;0;0;0;0;128;259
"054024";"Gubbio";18;145;0;0;0;0;0;0;145;134;0;0;0;0;0;0;134;279
"054024";"Gubbio";19;152;0;0;0;0;0;0;152;137;0;0;0;0;0;0;137;289
"054024";"Gubbio";20;136;0;0;0;0;0;0;136;153;0;0;0;0;0;0;153;289
"054024";"Gubbio";21;141;0;0;0;0;0;0;141;148;1;0;0;0;0;0;149;290
"054024";"Gubbio";22;157;0;0;0;0;0;0;157;127;1;0;0;0;0;0;128;285
"054024";"Gubbio";23;179;0;0;0;0;0;0;179;123;5;0;0;0;0;0;128;307
"054024";"Gubbio";24;156;0;0;0;0;0;0;156;151;4;0;0;0;0;0;155;311
"054024";"Gubbio";25;169;2;0;0;0;0;0;171;133;5;0;0;0;0;0;138;309
"054024";"Gubbio";26;163;3;0;0;0;0;0;166;133;2;0;0;0;0;0;135;301
"054024";"Gubbio";27;160;1;0;0;0;0;0;161;138;10;0;0;0;0;0;148;309
"054024";"Gubbio";28;164;4;0;0;0;0;0;168;135;12;0;0;0;0;0;147;315
"054024";"Gubbio";29;140;14;0;0;1;0;0;155;106;30;0;0;0;0;0;136;291
"054024";"Gubbio";30;147;13;0;0;0;0;0;160;99;37;0;0;0;0;0;136;296
"054024";"Gubbio";31;127;20;0;0;0;0;0;147;107;45;3;0;0;0;0;155;302
"054024";"Gubbio";32;126;34;0;0;0;0;0;160;85;74;0;0;0;0;0;159;319
"054024";"Gubbio";33;143;41;0;0;0;0;0;184;72;57;5;0;0;0;0;134;318
"054024";"Gubbio";34;94;46;2;0;0;0;0;142;73;85;1;0;0;0;0;159;301
"054024";"Gubbio";35;82;67;4;0;0;0;0;153;68;99;3;1;0;0;0;171;324
"054024";"Gubbio";36;117;52;0;0;0;0;0;169;57;109;1;0;0;0;0;167;336
"054024";"Gubbio";37;79;84;2;0;0;0;0;165;60;101;6;1;0;0;0;168;333
"054024";"Gubbio";38;86;90;1;1;0;0;0;178;60;134;11;0;0;0;0;205;383
"054024";"Gubbio";39;74;105;2;0;0;0;0;181;52;121;6;1;0;0;0;180;361
"054024";"Gubbio";40;60;97;4;0;0;0;0;161;45;128;5;1;0;0;0;179;340
"054024";"Gubbio";41;61;101;4;1;0;0;0;167;46;123;5;0;0;0;0;174;341
"054024";"Gubbio";42;64;115;8;0;0;0;0;187;42;168;13;0;0;0;0;223;410
"054024";"Gubbio";43;77;120;5;0;0;0;0;202;42;147;9;0;0;0;0;198;400
"054024";"Gubbio";44;63;132;14;1;0;0;0;210;39;156;16;2;0;0;0;213;423
"054024";"Gubbio";45;66;127;11;0;0;0;0;204;49;150;13;2;0;0;0;214;418
"054024";"Gubbio";46;69;158;6;1;1;0;0;235;34;158;8;2;0;0;0;202;437
"054024";"Gubbio";47;59;175;4;1;1;0;0;240;26;165;10;1;0;0;0;202;442
"054024";"Gubbio";48;63;153;5;1;0;0;0;222;35;191;13;2;0;0;0;241;463
"054024";"Gubbio";49;55;176;22;0;0;0;0;253;29;196;18;1;0;0;0;244;497
"054024";"Gubbio";50;55;174;12;1;0;0;0;242;34;180;21;5;0;0;0;240;482
"054024";"Gubbio";51;53;169;9;0;0;0;0;231;27;209;13;7;0;0;0;256;487
"054024";"Gubbio";52;39;183;15;1;0;0;0;238;24;197;17;4;0;0;0;242;480
"054024";"Gubbio";53;47;174;17;1;0;0;0;239;24;195;15;13;0;0;0;247;486
"054024";"Gubbio";54;45;180;17;2;0;0;0;244;23;218;16;8;0;0;0;265;509
"054024";"Gubbio";55;41;194;16;0;0;0;0;251;32;186;19;9;0;0;0;246;497
"054024";"Gubbio";56;41;191;10;4;0;0;0;246;23;239;20;19;0;0;0;301;547
"054024";"Gubbio";57;33;192;6;2;0;0;0;233;25;226;19;14;0;0;0;284;517
"054024";"Gubbio";58;33;178;15;1;0;0;0;227;22;196;15;19;0;0;0;252;479
"054024";"Gubbio";59;31;179;8;2;0;0;1;221;16;199;19;6;0;0;0;240;461
"054024";"Gubbio";60;15;193;10;1;0;0;0;219;26;181;9;11;0;0;0;227;446
"054024";"Gubbio";61;27;189;12;5;0;0;0;233;16;189;14;21;0;0;0;240;473
"054024";"Gubbio";62;26;171;9;1;0;0;0;207;19;200;6;26;0;0;0;251;458
"054024";"Gubbio";63;26;171;10;3;0;0;0;210;19;140;9;19;0;0;0;187;397
"054024";"Gubbio";64;14;179;8;4;0;0;0;205;11;170;9;19;0;0;0;209;414
"054024";"Gubbio";65;21;178;8;3;0;0;0;210;10;153;2;19;0;0;0;184;394
"054024";"Gubbio";66;13;161;10;6;0;0;0;190;10;161;7;16;0;0;0;194;384
"054024";"Gubbio";67;17;170;6;3;0;0;0;196;11;155;4;29;0;0;0;199;395
"054024";"Gubbio";68;17;156;5;10;0;0;0;188;6;151;7;36;0;0;0;200;388
"054024";"Gubbio";69;12;124;3;6;0;0;0;145;11;143;6;49;0;0;0;209;354
"054024";"Gubbio";70;14;175;4;11;0;0;0;204;12;135;4;33;0;0;0;184;388
"054024";"Gubbio";71;16;161;5;10;0;0;0;192;6;141;5;39;0;0;0;191;383
"054024";"Gubbio";72;10;146;5;9;0;0;0;170;6;116;7;43;0;0;0;172;342
"054024";"Gubbio";73;15;135;2;11;0;0;0;163;10;133;6;57;0;0;0;206;369
"054024";"Gubbio";74;20;159;0;10;0;0;0;189;8;132;3;62;0;0;0;205;394
"054024";"Gubbio";75;21;131;2;8;0;0;0;162;3;97;5;58;0;0;0;163;325
"054024";"Gubbio";76;9;119;2;13;0;0;0;143;4;92;0;52;0;0;0;148;291
"054024";"Gubbio";77;15;107;0;15;0;0;0;137;8;103;2;61;0;0;0;174;311
"054024";"Gubbio";78;11;120;1;15;0;0;0;147;8;99;1;76;0;0;0;184;331
"054024";"Gubbio";79;5;102;1;15;0;0;0;123;6;61;0;73;0;0;0;140;263
"054024";"Gubbio";80;16;103;3;14;0;0;0;136;7;67;2;77;0;0;0;153;289
"054024";"Gubbio";81;12;87;2;21;0;0;0;122;10;71;3;82;0;0;0;166;288
"054024";"Gubbio";82;14;96;0;25;0;0;0;135;8;80;1;98;0;0;0;187;322
"054024";"Gubbio";83;12;102;1;23;0;0;0;138;7;49;1;100;0;0;0;157;295
"054024";"Gubbio";84;8;65;0;15;0;0;0;88;6;41;1;107;0;0;0;155;243
"054024";"Gubbio";85;6;75;0;15;0;0;0;96;3;28;0;81;0;0;0;112;208
"054024";"Gubbio";86;7;52;0;10;0;0;0;69;5;31;2;111;0;0;0;149;218
"054024";"Gubbio";87;6;48;0;14;0;0;0;68;5;20;0;83;0;0;0;108;176
"054024";"Gubbio";88;2;54;0;17;0;0;0;73;4;18;0;70;0;0;0;92;165
"054024";"Gubbio";89;4;26;2;10;0;0;0;42;7;11;2;74;0;0;0;94;136
"054024";"Gubbio";90;6;27;0;17;0;0;0;50;2;5;0;74;0;0;0;81;131
"054024";"Gubbio";91;3;19;0;14;0;0;0;36;1;5;0;60;0;0;0;66;102
"054024";"Gubbio";92;0;6;0;9;0;0;0;15;1;1;0;58;0;0;0;60;75
"054024";"Gubbio";93;5;7;0;11;0;0;0;23;1;2;0;30;0;0;0;33;56
"054024";"Gubbio";94;1;4;0;7;0;0;0;12;5;1;0;48;0;0;0;54;66
"054024";"Gubbio";95;1;5;0;4;0;0;0;10;2;2;1;24;0;0;0;29;39
"054024";"Gubbio";96;0;2;0;2;0;0;0;4;1;1;0;23;0;0;0;25;29
"054024";"Gubbio";97;0;6;0;0;0;0;0;6;1;1;0;13;0;0;0;15;21
"054024";"Gubbio";98;0;1;0;1;0;0;0;2;0;0;0;10;0;0;0;10;12
"054024";"Gubbio";99;0;1;0;3;0;0;0;4;0;0;0;6;0;0;0;6;10
"054024";"Gubbio";100;0;0;0;3;0;0;0;3;1;2;1;14;0;0;0;18;21
"054024";"Gubbio";999;6595;7577;330;414;3;0;1;14920;5383;7747;440;2160;0;0;0;15730;30650
"054025";"Lisciano Niccone";0;2;0;0;0;;;;2;0;0;0;0;;;;0;2
"054025";"Lisciano Niccone";1;2;0;0;0;;;;2;0;0;0;0;;;;0;2
"054025";"Lisciano Niccone";2;3;0;0;0;;;;3;1;0;0;0;;;;1;4
"054025";"Lisciano Niccone";3;6;0;0;0;;;;6;1;0;0;0;;;;1;7
"054025";"Lisciano Niccone";4;1;0;0;0;;;;1;4;0;0;0;;;;4;5
"054025";"Lisciano Niccone";5;2;0;0;0;;;;2;1;0;0;0;;;;1;3
"054025";"Lisciano Niccone";6;1;0;0;0;;;;1;2;0;0;0;;;;2;3
"054025";"Lisciano Niccone";7;2;0;0;0;;;;2;1;0;0;0;;;;1;3
"054025";"Lisciano Niccone";8;1;0;0;0;;;;1;3;0;0;0;;;;3;4
"054025";"Lisciano Niccone";9;3;0;0;0;;;;3;1;0;0;0;;;;1;4
"054025";"Lisciano Niccone";10;1;0;0;0;;;;1;3;0;0;0;;;;3;4
"054025";"Lisciano Niccone";11;5;0;0;0;;;;5;3;0;0;0;;;;3;8
"054025";"Lisciano Niccone";12;3;0;0;0;;;;3;2;0;0;0;;;;2;5
"054025";"Lisciano Niccone";13;3;0;0;0;;;;3;1;0;0;0;;;;1;4
"054025";"Lisciano Niccone";14;5;0;0;0;;;;5;2;0;0;0;;;;2;7
"054025";"Lisciano Niccone";15;0;0;0;0;;;;0;1;0;0;0;;;;1;1
"054025";"Lisciano Niccone";16;3;0;0;0;;;;3;2;0;0;0;;;;2;5
"054025";"Lisciano Niccone";17;1;0;0;0;;;;1;1;0;0;0;;;;1;2
"054025";"Lisciano Niccone";18;5;0;0;0;;;;5;1;0;0;0;;;;1;6
"054025";"Lisciano Niccone";19;1;0;0;0;;;;1;2;0;0;0;;;;2;3
"054025";"Lisciano Niccone";20;2;0;0;0;;;;2;1;0;0;0;;;;1;3
"054025";"Lisciano Niccone";21;1;0;0;0;;;;1;3;1;0;0;;;;4;5
"054025";"Lisciano Niccone";22;2;0;0;0;;;;2;2;0;0;0;;;;2;4
"054025";"Lisciano Niccone";23;2;0;0;0;;;;2;3;0;0;0;;;;3;5
"054025";"Lisciano Niccone";24;2;0;0;0;;;;2;2;0;0;0;;;;2;4
"054025";"Lisciano Niccone";25;2;0;0;0;;;;2;3;1;0;0;;;;4;6
"054025";"Lisciano Niccone";26;5;0;0;0;;;;5;1;0;0;0;;;;1;6
"054025";"Lisciano Niccone";27;0;0;0;0;;;;0;1;0;0;0;;;;1;1
"054025";"Lisciano Niccone";28;1;0;0;0;;;;1;4;0;0;0;;;;4;5
"054025";"Lisciano Niccone";29;0;1;0;0;;;;1;3;1;0;0;;;;4;5
"054025";"Lisciano Niccone";30;4;0;0;0;;;;4;1;1;0;0;;;;2;6
"054025";"Lisciano Niccone";31;2;1;0;0;;;;3;2;0;0;0;;;;2;5
"054025";"Lisciano Niccone";32;1;0;0;0;;;;1;2;4;0;0;;;;6;7
"054025";"Lisciano Niccone";33;4;0;0;0;;;;4;2;0;0;0;;;;2;6
"054025";"Lisciano Niccone";34;4;1;0;0;;;;5;0;2;0;0;;;;2;7
"054025";"Lisciano Niccone";35;2;2;0;0;;;;4;3;3;0;0;;;;6;10
"054025";"Lisciano Niccone";36;4;2;0;0;;;;6;1;0;0;0;;;;1;7
"054025";"Lisciano Niccone";37;3;1;0;0;;;;4;1;2;0;0;;;;3;7
"054025";"Lisciano Niccone";38;4;3;0;1;;;;8;1;2;0;0;;;;3;11
"054025";"Lisciano Niccone";39;0;3;0;0;;;;3;1;1;0;0;;;;2;5
"054025";"Lisciano Niccone";40;2;2;0;0;;;;4;3;2;0;0;;;;5;9
"054025";"Lisciano Niccone";41;2;1;0;0;;;;3;2;2;0;0;;;;4;7
"054025";"Lisciano Niccone";42;2;1;0;0;;;;3;0;1;0;0;;;;1;4
"054025";"Lisciano Niccone";43;1;1;0;0;;;;2;0;3;0;0;;;;3;5
"054025";"Lisciano Niccone";44;3;3;1;0;;;;7;0;2;0;0;;;;2;9
"054025";"Lisciano Niccone";45;2;1;0;0;;;;3;1;3;0;0;;;;4;7
"054025";"Lisciano Niccone";46;2;4;0;0;;;;6;2;6;0;0;;;;8;14
"054025";"Lisciano Niccone";47;0;3;0;0;;;;3;0;3;0;0;;;;3;6
"054025";"Lisciano Niccone";48;1;2;1;0;;;;4;0;5;0;0;;;;5;9
"054025";"Lisciano Niccone";49;0;2;0;0;;;;2;0;2;1;0;;;;3;5
"054025";"Lisciano Niccone";50;1;1;0;0;;;;2;0;1;1;0;;;;2;4
"054025";"Lisciano Niccone";51;2;1;1;0;;;;4;0;5;0;0;;;;5;9
"054025";"Lisciano Niccone";52;1;3;0;0;;;;4;0;4;0;0;;;;4;8
"054025";"Lisciano Niccone";53;0;3;0;0;;;;3;2;2;0;0;;;;4;7
"054025";"Lisciano Niccone";54;0;4;1;0;;;;5;0;3;1;0;;;;4;9
"054025";"Lisciano Niccone";55;1;3;0;0;;;;4;1;1;0;1;;;;3;7
"054025";"Lisciano Niccone";56;0;2;0;0;;;;2;0;3;0;1;;;;4;6
"054025";"Lisciano Niccone";57;2;2;1;0;;;;5;1;6;0;0;;;;7;12
"054025";"Lisciano Niccone";58;0;3;0;0;;;;3;0;6;1;0;;;;7;10
"054025";"Lisciano Niccone";59;0;3;0;0;;;;3;0;6;0;0;;;;6;9
"054025";"Lisciano Niccone";60;2;3;0;0;;;;5;0;6;0;0;;;;6;11
"054025";"Lisciano Niccone";61;1;2;0;0;;;;3;0;6;1;0;;;;7;10
"054025";"Lisciano Niccone";62;0;3;1;0;;;;4;2;0;0;0;;;;2;6
"054025";"Lisciano Niccone";63;0;2;0;0;;;;2;1;2;0;3;;;;6;8
"054025";"Lisciano Niccone";64;5;5;0;0;;;;10;0;8;1;2;;;;11;21
"054025";"Lisciano Niccone";65;1;5;1;0;;;;7;0;4;0;3;;;;7;14
"054025";"Lisciano Niccone";66;0;3;0;1;;;;4;1;3;2;0;;;;6;10
"054025";"Lisciano Niccone";67;1;6;0;0;;;;7;0;8;0;0;;;;8;15
"054025";"Lisciano Niccone";68;0;5;0;0;;;;5;0;2;0;0;;;;2;7
"054025";"Lisciano Niccone";69;0;4;0;0;;;;4;0;6;0;0;;;;6;10
"054025";"Lisciano Niccone";70;0;5;0;0;;;;5;0;4;1;1;;;;6;11
"054025";"Lisciano Niccone";71;1;4;1;0;;;;6;0;3;0;1;;;;4;10
"054025";"Lisciano Niccone";72;0;6;0;0;;;;6;0;3;0;0;;;;3;9
"054025";"Lisciano Niccone";73;0;4;0;0;;;;4;0;3;0;0;;;;3;7
"054025";"Lisciano Niccone";74;3;3;0;1;;;;7;0;3;0;1;;;;4;11
"054025";"Lisciano Niccone";75;1;3;0;0;;;;4;0;1;0;1;;;;2;6
"054025";"Lisciano Niccone";76;0;2;0;0;;;;2;0;2;1;1;;;;4;6
"054025";"Lisciano Niccone";77;0;3;0;0;;;;3;1;1;0;1;;;;3;6
"054025";"Lisciano Niccone";78;1;0;0;0;;;;1;0;2;2;0;;;;4;5
"054025";"Lisciano Niccone";79;0;1;0;0;;;;1;0;1;0;1;;;;2;3
"054025";"Lisciano Niccone";80;1;2;0;0;;;;3;0;0;0;2;;;;2;5
"054025";"Lisciano Niccone";81;0;2;0;1;;;;3;0;1;0;3;;;;4;7
"054025";"Lisciano Niccone";82;0;1;1;1;;;;3;0;3;0;4;;;;7;10
"054025";"Lisciano Niccone";83;0;2;0;0;;;;2;0;0;0;1;;;;1;3
"054025";"Lisciano Niccone";84;0;1;0;0;;;;1;0;0;0;1;;;;1;2
"054025";"Lisciano Niccone";85;0;1;0;1;;;;2;0;0;0;1;;;;1;3
"054025";"Lisciano Niccone";86;0;2;0;0;;;;2;0;1;0;2;;;;3;5
"054025";"Lisciano Niccone";87;0;1;0;0;;;;1;0;1;0;4;;;;5;6
"054025";"Lisciano Niccone";88;0;1;0;0;;;;1;0;0;1;3;;;;4;5
"054025";"Lisciano Niccone";89;0;0;0;0;;;;0;0;1;0;2;;;;3;3
"054025";"Lisciano Niccone";90;0;0;0;0;;;;0;0;0;0;1;;;;1;1
"054025";"Lisciano Niccone";91;0;1;0;0;;;;1;0;0;0;1;;;;1;2
"054025";"Lisciano Niccone";92;0;0;0;0;;;;0;0;0;0;2;;;;2;2
"054025";"Lisciano Niccone";93;0;0;0;0;;;;0;0;1;0;0;;;;1;1
"054025";"Lisciano Niccone";94;0;1;0;0;;;;1;0;0;0;1;;;;1;2
"054025";"Lisciano Niccone";95;0;0;0;0;;;;0;0;0;0;0;;;;0;0
"054025";"Lisciano Niccone";96;0;0;0;0;;;;0;0;0;0;0;;;;0;0
"054025";"Lisciano Niccone";97;0;0;0;0;;;;0;0;0;0;0;;;;0;0
"054025";"Lisciano Niccone";98;0;0;0;0;;;;0;0;0;0;0;;;;0;0
"054025";"Lisciano Niccone";99;0;0;0;0;;;;0;0;0;0;0;;;;0;0
"054025";"Lisciano Niccone";100;0;0;0;0;;;;0;0;0;0;0;;;;0;0
"054025";"Lisciano Niccone";999;134;143;9;6;;;;292;86;160;13;45;;;;304;596
"054026";"Magione";0;44;0;0;0;;;;44;43;0;0;0;;;;43;87
"054026";"Magione";1;41;0;0;0;;;;41;41;0;0;0;;;;41;82
"054026";"Magione";2;62;0;0;0;;;;62;52;0;0;0;;;;52;114
"054026";"Magione";3;59;0;0;0;;;;59;51;0;0;0;;;;51;110
"054026";"Magione";4;55;0;0;0;;;;55;49;0;0;0;;;;49;104
"054026";"Magione";5;79;0;0;0;;;;79;51;0;0;0;;;;51;130
"054026";"Magione";6;63;0;0;0;;;;63;53;0;0;0;;;;53;116
"054026";"Magione";7;61;0;0;0;;;;61;65;0;0;0;;;;65;126
"054026";"Magione";8;55;0;0;0;;;;55;55;0;0;0;;;;55;110
"054026";"Magione";9;73;0;0;0;;;;73;67;0;0;0;;;;67;140
"054026";"Magione";10;60;0;0;0;;;;60;73;0;0;0;;;;73;133
"054026";"Magione";11;82;0;0;0;;;;82;63;0;0;0;;;;63;145
"054026";"Magione";12;75;0;0;0;;;;75;79;0;0;0;;;;79;154
"054026";"Magione";13;77;0;0;0;;;;77;82;0;0;0;;;;82;159
"054026";"Magione";14;83;0;0;0;;;;83;78;0;0;0;;;;78;161
"054026";"Magione";15;76;0;0;0;;;;76;70;0;0;0;;;;70;146
"054026";"Magione";16;64;0;0;0;;;;64;77;0;0;0;;;;77;141
"054026";"Magione";17;64;0;0;0;;;;64;87;0;0;0;;;;87;151
"054026";"Magione";18;101;0;0;0;;;;101;60;0;0;0;;;;60;161
"054026";"Magione";19;61;0;0;0;;;;61;78;0;0;0;;;;78;139
"054026";"Magione";20;57;0;0;0;;;;57;56;0;0;0;;;;56;113
"054026";"Magione";21;75;0;0;0;;;;75;64;0;0;0;;;;64;139
"054026";"Magione";22;72;0;0;0;;;;72;49;1;0;0;;;;50;122
"054026";"Magione";23;64;0;0;0;;;;64;49;4;0;0;;;;53;117
"054026";"Magione";24;53;0;0;0;;;;53;57;0;0;0;;;;57;110
"054026";"Magione";25;49;0;0;0;;;;49;49;7;0;0;;;;56;105
"054026";"Magione";26;55;5;0;0;;;;60;50;5;0;0;;;;55;115
"054026";"Magione";27;41;4;0;0;;;;45;60;8;0;0;;;;68;113
"054026";"Magione";28;64;7;0;0;;;;71;52;10;0;0;;;;62;133
"054026";"Magione";29;70;9;0;0;;;;79;47;22;0;0;;;;69;148
"054026";"Magione";30;55;18;0;0;;;;73;42;15;0;0;;;;57;130
"054026";"Magione";31;64;10;0;0;;;;74;46;19;0;0;;;;65;139
"054026";"Magione";32;64;18;1;0;;;;83;33;25;1;0;;;;59;142
"054026";"Magione";33;55;22;0;0;;;;77;43;36;1;0;;;;80;157
"054026";"Magione";34;61;22;0;0;;;;83;38;30;1;0;;;;69;152
"054026";"Magione";35;43;21;1;0;;;;65;39;30;2;0;;;;71;136
"054026";"Magione";36;57;24;0;0;;;;81;35;37;4;0;;;;76;157
"054026";"Magione";37;45;24;0;0;;;;69;42;48;1;0;;;;91;160
"054026";"Magione";38;47;30;2;0;;;;79;33;43;3;0;;;;79;158
"054026";"Magione";39;49;36;2;0;;;;87;30;50;0;0;;;;80;167
"054026";"Magione";40;38;52;3;0;;;;93;32;62;4;0;;;;98;191
"054026";"Magione";41;51;57;2;0;;;;110;36;55;3;0;;;;94;204
"054026";"Magione";42;32;48;0;0;;;;80;35;63;3;0;;;;101;181
"054026";"Magione";43;57;59;3;0;;;;119;31;82;1;0;;;;114;233
"054026";"Magione";44;38;65;3;0;;;;106;30;80;9;3;;;;122;228
"054026";"Magione";45;43;58;5;0;;;;106;34;84;6;0;;;;124;230
"054026";"Magione";46;44;75;8;0;;;;127;30;72;7;2;;;;111;238
"054026";"Magione";47;39;82;1;0;;;;122;37;89;9;1;;;;136;258
"054026";"Magione";48;42;75;2;2;;;;121;14;87;12;2;;;;115;236
"054026";"Magione";49;40;77;7;1;;;;125;20;95;14;2;;;;131;256
"054026";"Magione";50;36;72;12;1;;;;121;23;98;10;3;;;;134;255
"054026";"Magione";51;26;79;5;0;;;;110;23;94;15;3;;;;135;245
"054026";"Magione";52;33;78;9;0;;;;120;31;94;17;3;;;;145;265
"054026";"Magione";53;27;87;4;1;;;;119;17;89;15;3;;;;124;243
"054026";"Magione";54;22;70;7;0;;;;99;11;99;18;3;;;;131;230
"054026";"Magione";55;22;75;7;2;;;;106;17;72;7;5;;;;101;207
"054026";"Magione";56;25;112;6;1;;;;144;18;97;10;6;;;;131;275
"054026";"Magione";57;22;92;10;3;;;;127;14;83;9;5;;;;111;238
"054026";"Magione";58;12;63;12;2;;;;89;13;75;4;7;;;;99;188
"054026";"Magione";59;18;78;12;1;;;;109;8;79;4;4;;;;95;204
"054026";"Magione";60;15;70;7;0;;;;92;8;93;6;7;;;;114;206
"054026";"Magione";61;12;101;11;2;;;;126;4;76;6;16;;;;102;228
"054026";"Magione";62;8;82;3;5;;;;98;5;86;5;7;;;;103;201
"054026";"Magione";63;7;67;6;4;;;;84;7;72;7;6;;;;92;176
"054026";"Magione";64;12;88;3;5;;;;108;7;69;4;9;;;;89;197
"054026";"Magione";65;7;57;6;6;;;;76;5;71;9;12;;;;97;173
"054026";"Magione";66;14;76;6;1;;;;97;5;75;5;12;;;;97;194
"054026";"Magione";67;5;66;5;4;;;;80;9;60;5;10;;;;84;164
"054026";"Magione";68;6;61;2;2;;;;71;9;53;1;13;;;;76;147
"054026";"Magione";69;5;72;5;6;;;;88;5;66;5;20;;;;96;184
"054026";"Magione";70;12;79;4;4;;;;99;1;67;3;16;;;;87;186
"054026";"Magione";71;6;67;1;1;;;;75;1;57;2;14;;;;74;149
"054026";"Magione";72;6;69;1;8;;;;84;4;51;1;25;;;;81;165
"054026";"Magione";73;7;64;4;4;;;;79;3;55;2;32;;;;92;171
"054026";"Magione";74;8;65;2;4;;;;79;1;57;0;29;;;;87;166
"054026";"Magione";75;6;45;3;4;;;;58;0;53;1;31;;;;85;143
"054026";"Magione";76;6;32;1;9;;;;48;3;33;2;26;;;;64;112
"054026";"Magione";77;5;54;0;6;;;;65;6;34;1;30;;;;71;136
"054026";"Magione";78;7;47;0;7;;;;61;1;33;4;36;;;;74;135
"054026";"Magione";79;1;44;3;6;;;;54;1;35;1;21;;;;58;112
"054026";"Magione";80;4;35;1;4;;;;44;2;34;0;26;;;;62;106
"054026";"Magione";81;6;59;3;5;;;;73;2;34;0;36;;;;72;145
"054026";"Magione";82;2;43;1;5;;;;51;4;32;0;38;;;;74;125
"054026";"Magione";83;7;50;1;10;;;;68;0;25;3;58;;;;86;154
"054026";"Magione";84;4;25;2;8;;;;39;1;23;0;44;;;;68;107
"054026";"Magione";85;3;34;0;8;;;;45;0;14;2;34;;;;50;95
"054026";"Magione";86;3;35;0;8;;;;46;2;15;0;47;;;;64;110
"054026";"Magione";87;1;27;0;9;;;;37;3;6;0;43;;;;52;89
"054026";"Magione";88;1;21;0;10;;;;32;1;9;0;35;;;;45;77
"054026";"Magione";89;1;20;0;5;;;;26;1;7;0;39;;;;47;73
"054026";"Magione";90;1;12;0;11;;;;24;0;4;0;40;;;;44;68
"054026";"Magione";91;0;5;0;1;;;;6;1;2;0;33;;;;36;42
"054026";"Magione";92;0;8;0;3;;;;11;0;1;1;23;;;;25;36
"054026";"Magione";93;0;6;0;1;;;;7;1;1;0;16;;;;18;25
"054026";"Magione";94;1;0;1;2;;;;4;1;1;0;19;;;;21;25
"054026";"Magione";95;0;0;0;0;;;;0;0;0;0;18;;;;18;18
"054026";"Magione";96;0;2;0;2;;;;4;1;0;0;6;;;;7;11
"054026";"Magione";97;0;0;0;3;;;;3;1;0;0;11;;;;12;15
"054026";"Magione";98;0;0;0;1;;;;1;0;0;0;2;;;;2;3
"054026";"Magione";99;0;0;0;0;;;;0;0;0;0;1;;;;1;1
"054026";"Magione";100;0;1;0;0;;;;1;0;0;0;4;;;;4;5
"054026";"Magione";999;3331;3393;206;198;;;;7128;2768;3443;266;997;;;;7474;14602
"054027";"Marsciano";0;60;0;0;0;;;;60;63;0;0;0;;;;63;123
"054027";"Marsciano";1;52;0;0;0;;;;52;59;0;0;0;;;;59;111
"054027";"Marsciano";2;65;0;0;0;;;;65;62;0;0;0;;;;62;127
"054027";"Marsciano";3;73;0;0;0;;;;73;53;0;0;0;;;;53;126
"054027";"Marsciano";4;80;0;0;0;;;;80;78;0;0;0;;;;78;158
"054027";"Marsciano";5;70;0;0;0;;;;70;70;0;0;0;;;;70;140
"054027";"Marsciano";6;75;0;0;0;;;;75;95;0;0;0;;;;95;170
"054027";"Marsciano";7;82;0;0;0;;;;82;73;0;0;0;;;;73;155
"054027";"Marsciano";8;81;0;0;0;;;;81;66;0;0;0;;;;66;147
"054027";"Marsciano";9;97;0;0;0;;;;97;99;0;0;0;;;;99;196
"054027";"Marsciano";10;98;0;0;0;;;;98;80;0;0;0;;;;80;178
"054027";"Marsciano";11;87;0;0;0;;;;87;87;0;0;0;;;;87;174
"054027";"Marsciano";12;96;0;0;0;;;;96;73;0;0;0;;;;73;169
"054027";"Marsciano";13;109;0;0;0;;;;109;85;0;0;0;;;;85;194
"054027";"Marsciano";14;89;0;0;0;;;;89;89;0;0;0;;;;89;178
"054027";"Marsciano";15;83;0;0;0;;;;83;89;0;0;0;;;;89;172
"054027";"Marsciano";16;86;0;0;0;;;;86;91;0;0;0;;;;91;177
"054027";"Marsciano";17;99;0;0;0;;;;99;79;0;0;0;;;;79;178
"054027";"Marsciano";18;78;0;0;0;;;;78;85;0;0;0;;;;85;163
"054027";"Marsciano";19;87;0;0;0;;;;87;83;0;0;0;;;;83;170
"054027";"Marsciano";20;92;0;0;0;;;;92;91;1;0;0;;;;92;184
"054027";"Marsciano";21;83;0;0;0;;;;83;78;0;0;0;;;;78;161
"054027";"Marsciano";22;93;0;0;0;;;;93;87;4;0;0;;;;91;184
"054027";"Marsciano";23;89;0;0;0;;;;89;83;5;0;0;;;;88;177
"054027";"Marsciano";24;84;0;0;0;;;;84;85;6;0;0;;;;91;175
"054027";"Marsciano";25;96;1;0;0;;;;97;69;6;0;0;;;;75;172
"054027";"Marsciano";26;68;2;0;0;;;;70;73;9;0;0;;;;82;152
"054027";"Marsciano";27;94;3;0;0;;;;97;68;12;0;0;;;;80;177
"054027";"Marsciano";28;72;9;0;0;;;;81;82;11;0;0;;;;93;174
"054027";"Marsciano";29;77;10;0;0;;;;87;71;19;0;0;;;;90;177
"054027";"Marsciano";30;88;9;0;0;;;;97;74;28;0;0;;;;102;199
"054027";"Marsciano";31;85;12;0;0;;;;97;58;27;0;0;;;;85;182
"054027";"Marsciano";32;76;19;0;0;;;;95;50;38;0;0;;;;88;183
"054027";"Marsciano";33;74;38;1;0;;;;113;61;48;0;0;;;;109;222
"054027";"Marsciano";34;71;35;1;0;;;;107;45;48;2;0;;;;95;202
"054027";"Marsciano";35;63;33;0;1;;;;97;42;52;1;0;;;;95;192
"054027";"Marsciano";36;65;39;0;0;;;;104;52;58;6;0;;;;116;220
"054027";"Marsciano";37;56;38;0;0;;;;94;40;55;4;0;;;;99;193
"054027";"Marsciano";38;51;52;0;0;;;;103;39;61;5;0;;;;105;208
"054027";"Marsciano";39;47;66;1;0;;;;114;35;53;6;0;;;;94;208
"054027";"Marsciano";40;46;51;0;0;;;;97;35;81;3;2;;;;121;218
"054027";"Marsciano";41;44;57;1;0;;;;102;24;63;8;0;;;;95;197
"054027";"Marsciano";42;48;87;3;0;;;;138;35;81;10;1;;;;127;265
"054027";"Marsciano";43;52;58;4;0;;;;114;33;97;3;0;;;;133;247
"054027";"Marsciano";44;42;84;5;1;;;;132;20;95;6;1;;;;122;254
"054027";"Marsciano";45;39;72;4;0;;;;115;28;94;4;0;;;;126;241
"054027";"Marsciano";46;46;87;6;0;;;;139;30;95;8;3;;;;136;275
"054027";"Marsciano";47;55;94;9;0;;;;158;27;109;6;2;;;;144;302
"054027";"Marsciano";48;38;77;7;0;;;;122;29;101;8;1;;;;139;261
"054027";"Marsciano";49;37;84;6;0;;;;127;24;105;5;2;;;;136;263
"054027";"Marsciano";50;34;90;3;1;;;;128;26;108;7;4;;;;145;273
"054027";"Marsciano";51;22;143;4;0;;;;169;17;128;10;3;;;;158;327
"054027";"Marsciano";52;24;86;6;1;;;;117;11;129;7;5;;;;152;269
"054027";"Marsciano";53;28;98;5;0;;;;131;26;112;9;10;;;;157;288
"054027";"Marsciano";54;26;104;5;0;;;;135;25;117;9;5;;;;156;291
"054027";"Marsciano";55;22;106;5;0;;;;133;19;105;12;5;;;;141;274
"054027";"Marsciano";56;15;126;11;0;;;;152;12;127;7;6;;;;152;304
"054027";"Marsciano";57;23;92;7;3;;;;125;11;128;10;4;;;;153;278
"054027";"Marsciano";58;15;104;4;0;;;;123;14;99;14;6;;;;133;256
"054027";"Marsciano";59;12;124;8;3;;;;147;11;111;7;6;;;;135;282
"054027";"Marsciano";60;15;115;7;2;;;;139;10;106;9;12;;;;137;276
"054027";"Marsciano";61;12;103;9;1;;;;125;11;115;12;6;;;;144;269
"054027";"Marsciano";62;13;102;5;1;;;;121;9;107;13;6;;;;135;256
"054027";"Marsciano";63;19;94;7;3;;;;123;10;96;8;5;;;;119;242
"054027";"Marsciano";64;8;100;5;2;;;;115;11;83;4;9;;;;107;222
"054027";"Marsciano";65;9;99;5;4;;;;117;11;87;2;13;;;;113;230
"054027";"Marsciano";66;9;96;2;4;;;;111;7;97;6;9;;;;119;230
"054027";"Marsciano";67;12;85;4;3;;;;104;11;96;5;13;;;;125;229
"054027";"Marsciano";68;14;96;3;3;;;;116;7;73;4;17;;;;101;217
"054027";"Marsciano";69;3;76;2;3;;;;84;7;75;4;10;;;;96;180
"054027";"Marsciano";70;11;105;8;5;;;;129;6;78;7;20;;;;111;240
"054027";"Marsciano";71;8;80;5;5;;;;98;5;58;2;25;;;;90;188
"054027";"Marsciano";72;6;82;1;4;;;;93;3;85;5;30;;;;123;216
"054027";"Marsciano";73;5;93;5;7;;;;110;3;55;1;25;;;;84;194
"054027";"Marsciano";74;8;86;3;9;;;;106;11;69;2;20;;;;102;208
"054027";"Marsciano";75;4;41;3;8;;;;56;4;73;3;30;;;;110;166
"054027";"Marsciano";76;6;53;2;3;;;;64;0;33;2;19;;;;54;118
"054027";"Marsciano";77;4;54;1;2;;;;61;3;50;2;34;;;;89;150
"054027";"Marsciano";78;10;62;1;9;;;;82;3;44;3;25;;;;75;157
"054027";"Marsciano";79;4;55;2;6;;;;67;2;41;1;32;;;;76;143
"054027";"Marsciano";80;2;55;0;6;;;;63;2;38;1;44;;;;85;148
"054027";"Marsciano";81;4;54;1;10;;;;69;4;44;0;44;;;;92;161
"054027";"Marsciano";82;3;58;2;11;;;;74;4;39;0;53;;;;96;170
"054027";"Marsciano";83;5;41;0;7;;;;53;1;24;0;45;;;;70;123
"054027";"Marsciano";84;3;46;1;7;;;;57;2;22;2;58;;;;84;141
"054027";"Marsciano";85;5;32;0;11;;;;48;0;19;1;54;;;;74;122
"054027";"Marsciano";86;3;45;1;11;;;;60;1;14;0;41;;;;56;116
"054027";"Marsciano";87;4;27;0;11;;;;42;0;11;1;57;;;;69;111
"054027";"Marsciano";88;4;20;1;9;;;;34;3;8;0;37;;;;48;82
"054027";"Marsciano";89;1;26;0;8;;;;35;3;5;1;49;;;;58;93
"054027";"Marsciano";90;0;17;0;7;;;;24;1;4;0;38;;;;43;67
"054027";"Marsciano";91;5;16;0;9;;;;30;6;1;0;30;;;;37;67
"054027";"Marsciano";92;2;9;0;3;;;;14;1;2;1;31;;;;35;49
"054027";"Marsciano";93;1;6;0;7;;;;14;0;1;0;32;;;;33;47
"054027";"Marsciano";94;0;4;0;5;;;;9;1;1;0;22;;;;24;33
"054027";"Marsciano";95;0;0;0;1;;;;1;1;3;0;7;;;;11;12
"054027";"Marsciano";96;0;3;0;3;;;;6;1;0;0;12;;;;13;19
"054027";"Marsciano";97;0;0;0;0;;;;0;0;0;0;13;;;;13;13
"054027";"Marsciano";98;0;1;0;0;;;;1;0;0;0;5;;;;5;6
"054027";"Marsciano";99;0;1;0;0;;;;1;1;0;0;5;;;;6;7
"054027";"Marsciano";100;0;0;0;1;;;;1;1;0;0;5;;;;6;7
"054027";"Marsciano";999;4061;4328;192;221;;;;8802;3466;4383;279;1108;;;;9236;18038
"054028";"Massa Martana";0;13;0;0;0;;;;13;14;0;0;0;;;;14;27
"054028";"Massa Martana";1;13;0;0;0;;;;13;10;0;0;0;;;;10;23
"054028";"Massa Martana";2;19;0;0;0;;;;19;14;0;0;0;;;;14;33
"054028";"Massa Martana";3;13;0;0;0;;;;13;9;0;0;0;;;;9;22
"054028";"Massa Martana";4;18;0;0;0;;;;18;15;0;0;0;;;;15;33
"054028";"Massa Martana";5;21;0;0;0;;;;21;14;0;0;0;;;;14;35
"054028";"Massa Martana";6;20;0;0;0;;;;20;17;0;0;0;;;;17;37
"054028";"Massa Martana";7;13;0;0;0;;;;13;8;0;0;0;;;;8;21
"054028";"Massa Martana";8;15;0;0;0;;;;15;15;0;0;0;;;;15;30
"054028";"Massa Martana";9;16;0;0;0;;;;16;12;0;0;0;;;;12;28
"054028";"Massa Martana";10;21;0;0;0;;;;21;13;0;0;0;;;;13;34
"054028";"Massa Martana";11;14;0;0;0;;;;14;14;0;0;0;;;;14;28
"054028";"Massa Martana";12;17;0;0;0;;;;17;15;0;0;0;;;;15;32
"054028";"Massa Martana";13;19;0;0;0;;;;19;12;0;0;0;;;;12;31
"054028";"Massa Martana";14;11;0;0;0;;;;11;19;0;0;0;;;;19;30
"054028";"Massa Martana";15;25;0;0;0;;;;25;12;0;0;0;;;;12;37
"054028";"Massa Martana";16;18;0;0;0;;;;18;13;0;0;0;;;;13;31
"054028";"Massa Martana";17;14;0;0;0;;;;14;18;0;0;0;;;;18;32
"054028";"Massa Martana";18;11;0;0;0;;;;11;18;0;0;0;;;;18;29
"054028";"Massa Martana";19;16;0;0;0;;;;16;15;0;0;0;;;;15;31
"054028";"Massa Martana";20;18;0;0;0;;;;18;12;0;0;0;;;;12;30
"054028";"Massa Martana";21;18;0;0;0;;;;18;21;0;0;0;;;;21;39
"054028";"Massa Martana";22;19;0;0;0;;;;19;16;0;0;0;;;;16;35
"054028";"Massa Martana";23;16;0;0;0;;;;16;14;0;0;0;;;;14;30
"054028";"Massa Martana";24;18;0;0;0;;;;18;19;2;0;0;;;;21;39
"054028";"Massa Martana";25;16;1;0;0;;;;17;9;0;0;0;;;;9;26
"054028";"Massa Martana";26;19;1;0;0;;;;20;16;2;0;0;;;;18;38
"054028";"Massa Martana";27;12;0;0;0;;;;12;9;4;0;0;;;;13;25
"054028";"Massa Martana";28;21;3;0;0;;;;24;11;8;0;0;;;;19;43
"054028";"Massa Martana";29;15;5;0;0;;;;20;11;3;0;0;;;;14;34
"054028";"Massa Martana";30;14;2;0;0;;;;16;8;2;0;0;;;;10;26
"054028";"Massa Martana";31;9;5;0;0;;;;14;12;10;0;0;;;;22;36
"054028";"Massa Martana";32;16;3;0;0;;;;19;16;7;0;0;;;;23;42
"054028";"Massa Martana";33;14;4;0;0;;;;18;7;15;1;0;;;;23;41
"054028";"Massa Martana";34;11;10;0;0;;;;21;7;11;0;0;;;;18;39
"054028";"Massa Martana";35;10;7;0;0;;;;17;8;9;0;0;;;;17;34
"054028";"Massa Martana";36;16;10;0;0;;;;26;12;15;1;0;;;;28;54
"054028";"Massa Martana";37;12;11;1;0;;;;24;6;10;1;0;;;;17;41
"054028";"Massa Martana";38;5;16;0;0;;;;21;3;10;0;0;;;;13;34
"054028";"Massa Martana";39;12;8;0;0;;;;20;7;20;0;0;;;;27;47
"054028";"Massa Martana";40;11;12;0;0;;;;23;3;13;0;0;;;;16;39
"054028";"Massa Martana";41;10;19;0;0;;;;29;6;12;0;0;;;;18;47
"054028";"Massa Martana";42;9;9;0;0;;;;18;6;13;1;0;;;;20;38
"054028";"Massa Martana";43;4;14;1;0;;;;19;4;14;0;0;;;;18;37
"054028";"Massa Martana";44;7;14;0;0;;;;21;4;12;1;0;;;;17;38
"054028";"Massa Martana";45;7;15;2;0;;;;24;6;15;0;1;;;;22;46
"054028";"Massa Martana";46;8;13;1;0;;;;22;9;22;2;0;;;;33;55
"054028";"Massa Martana";47;2;18;1;0;;;;21;6;27;1;1;;;;35;56
"054028";"Massa Martana";48;5;15;0;0;;;;20;5;17;1;0;;;;23;43
"054028";"Massa Martana";49;8;18;1;0;;;;27;4;25;2;0;;;;31;58
"054028";"Massa Martana";50;5;16;1;0;;;;22;6;26;0;0;;;;32;54
"054028";"Massa Martana";51;7;20;2;0;;;;29;6;20;0;0;;;;26;55
"054028";"Massa Martana";52;5;20;2;0;;;;27;1;24;3;1;;;;29;56
"054028";"Massa Martana";53;6;29;4;0;;;;39;6;28;0;2;;;;36;75
"054028";"Massa Martana";54;4;17;1;0;;;;22;7;22;2;3;;;;34;56
"054028";"Massa Martana";55;9;30;2;1;;;;42;2;21;2;0;;;;25;67
"054028";"Massa Martana";56;3;26;3;0;;;;32;2;22;1;0;;;;25;57
"054028";"Massa Martana";57;8;20;3;2;;;;33;1;20;0;0;;;;21;54
"054028";"Massa Martana";58;6;27;5;0;;;;38;3;21;0;3;;;;27;65
"054028";"Massa Martana";59;5;12;1;1;;;;19;2;25;1;4;;;;32;51
"054028";"Massa Martana";60;4;22;1;1;;;;28;2;31;2;2;;;;37;65
"054028";"Massa Martana";61;2;37;1;0;;;;40;1;22;1;2;;;;26;66
"054028";"Massa Martana";62;4;19;1;0;;;;24;2;24;0;2;;;;28;52
"054028";"Massa Martana";63;4;24;0;0;;;;28;2;22;0;3;;;;27;55
"054028";"Massa Martana";64;8;22;1;1;;;;32;1;14;1;4;;;;20;52
"054028";"Massa Martana";65;2;17;1;2;;;;22;3;19;0;0;;;;22;44
"054028";"Massa Martana";66;2;20;1;0;;;;23;0;15;2;0;;;;17;40
"054028";"Massa Martana";67;3;29;0;0;;;;32;0;15;1;3;;;;19;51
"054028";"Massa Martana";68;4;19;1;1;;;;25;1;18;1;6;;;;26;51
"054028";"Massa Martana";69;3;25;0;2;;;;30;2;20;0;7;;;;29;59
"054028";"Massa Martana";70;0;18;1;0;;;;19;1;21;0;3;;;;25;44
"054028";"Massa Martana";71;3;15;0;0;;;;18;1;18;0;4;;;;23;41
"054028";"Massa Martana";72;0;21;0;1;;;;22;0;14;0;2;;;;16;38
"054028";"Massa Martana";73;2;18;1;1;;;;22;1;8;0;11;;;;20;42
"054028";"Massa Martana";74;3;13;1;1;;;;18;0;21;0;7;;;;28;46
"054028";"Massa Martana";75;0;18;0;1;;;;19;0;15;0;2;;;;17;36
"054028";"Massa Martana";76;2;12;0;3;;;;17;0;8;0;7;;;;15;32
"054028";"Massa Martana";77;2;11;0;2;;;;15;0;12;0;7;;;;19;34
"054028";"Massa Martana";78;1;9;0;1;;;;11;2;10;0;6;;;;18;29
"054028";"Massa Martana";79;4;12;2;3;;;;21;0;8;0;7;;;;15;36
"054028";"Massa Martana";80;1;12;1;4;;;;18;0;15;1;10;;;;26;44
"054028";"Massa Martana";81;2;14;1;2;;;;19;0;8;0;11;;;;19;38
"054028";"Massa Martana";82;1;11;0;3;;;;15;1;7;0;18;;;;26;41
"054028";"Massa Martana";83;1;12;0;2;;;;15;0;4;0;12;;;;16;31
"054028";"Massa Martana";84;1;11;0;4;;;;16;0;5;0;15;;;;20;36
"054028";"Massa Martana";85;0;7;0;0;;;;7;0;3;0;4;;;;7;14
"054028";"Massa Martana";86;0;10;0;1;;;;11;0;3;0;10;;;;13;24
"054028";"Massa Martana";87;1;3;0;2;;;;6;0;2;0;9;;;;11;17
"054028";"Massa Martana";88;2;6;0;4;;;;12;1;1;0;15;;;;17;29
"054028";"Massa Martana";89;0;1;0;0;;;;1;0;2;0;6;;;;8;9
"054028";"Massa Martana";90;1;7;0;3;;;;11;0;0;0;4;;;;4;15
"054028";"Massa Martana";91;1;3;0;1;;;;5;0;2;0;5;;;;7;12
"054028";"Massa Martana";92;0;2;0;2;;;;4;0;0;0;5;;;;5;9
"054028";"Massa Martana";93;0;3;0;0;;;;3;1;0;0;3;;;;4;7
"054028";"Massa Martana";94;0;2;0;0;;;;2;0;1;0;2;;;;3;5
"054028";"Massa Martana";95;0;0;0;0;;;;0;0;0;0;3;;;;3;3
"054028";"Massa Martana";96;0;0;0;1;;;;1;0;0;0;3;;;;3;4
"054028";"Massa Martana";97;0;0;0;1;;;;1;0;0;0;1;;;;1;2
"054028";"Massa Martana";98;0;0;0;1;;;;1;0;0;0;3;;;;3;4
"054028";"Massa Martana";99;0;0;0;0;;;;0;0;0;0;0;;;;0;0
"054028";"Massa Martana";100;0;0;0;0;;;;0;0;0;0;0;;;;0;0
"054028";"Massa Martana";999;811;935;45;55;;;;1846;612;915;29;239;;;;1795;3641
"054029";"Monte Castello di Vibio";0;5;0;0;0;;;;5;5;0;0;0;;;;5;10
"054029";"Monte Castello di Vibio";1;6;0;0;0;;;;6;2;0;0;0;;;;2;8
"054029";"Monte Castello di Vibio";2;5;0;0;0;;;;5;4;0;0;0;;;;4;9
"054029";"Monte Castello di Vibio";3;4;0;0;0;;;;4;5;0;0;0;;;;5;9
"054029";"Monte Castello di Vibio";4;3;0;0;0;;;;3;1;0;0;0;;;;1;4
"054029";"Monte Castello di Vibio";5;4;0;0;0;;;;4;1;0;0;0;;;;1;5
"054029";"Monte Castello di Vibio";6;8;0;0;0;;;;8;10;0;0;0;;;;10;18
"054029";"Monte Castello di Vibio";7;4;0;0;0;;;;4;6;0;0;0;;;;6;10
"054029";"Monte Castello di Vibio";8;9;0;0;0;;;;9;8;0;0;0;;;;8;17
"054029";"Monte Castello di Vibio";9;3;0;0;0;;;;3;5;0;0;0;;;;5;8
"054029";"Monte Castello di Vibio";10;6;0;0;0;;;;6;3;0;0;0;;;;3;9
"054029";"Monte Castello di Vibio";11;10;0;0;0;;;;10;3;0;0;0;;;;3;13
"054029";"Monte Castello di Vibio";12;3;0;0;0;;;;3;6;0;0;0;;;;6;9
"054029";"Monte Castello di Vibio";13;5;0;0;0;;;;5;7;0;0;0;;;;7;12
"054029";"Monte Castello di Vibio";14;4;0;0;0;;;;4;5;0;0;0;;;;5;9
"054029";"Monte Castello di Vibio";15;6;0;0;0;;;;6;4;0;0;0;;;;4;10
"054029";"Monte Castello di Vibio";16;5;0;0;0;;;;5;2;0;0;0;;;;2;7
"054029";"Monte Castello di Vibio";17;10;0;0;0;;;;10;5;0;0;0;;;;5;15
"054029";"Monte Castello di Vibio";18;3;0;0;0;;;;3;4;0;0;0;;;;4;7
"054029";"Monte Castello di Vibio";19;4;0;0;0;;;;4;1;0;0;0;;;;1;5
"054029";"Monte Castello di Vibio";20;4;0;0;0;;;;4;4;1;0;0;;;;5;9
"054029";"Monte Castello di Vibio";21;5;0;0;0;;;;5;5;0;0;0;;;;5;10
"054029";"Monte Castello di Vibio";22;5;0;0;0;;;;5;4;0;0;0;;;;4;9
"054029";"Monte Castello di Vibio";23;6;0;0;0;;;;6;7;1;0;0;;;;8;14
"054029";"Monte Castello di Vibio";24;8;0;0;0;;;;8;3;0;0;0;;;;3;11
"054029";"Monte Castello di Vibio";25;5;0;0;0;;;;5;4;1;0;0;;;;5;10
"054029";"Monte Castello di Vibio";26;2;0;0;0;;;;2;6;1;0;0;;;;7;9
"054029";"Monte Castello di Vibio";27;6;0;0;0;;;;6;4;1;0;0;;;;5;11
"054029";"Monte Castello di Vibio";28;10;1;0;0;;;;11;7;1;0;0;;;;8;19
"054029";"Monte Castello di Vibio";29;3;2;0;0;;;;5;8;1;0;0;;;;9;14
"054029";"Monte Castello di Vibio";30;7;0;0;0;;;;7;12;0;0;0;;;;12;19
"054029";"Monte Castello di Vibio";31;6;0;0;0;;;;6;4;2;0;0;;;;6;12
"054029";"Monte Castello di Vibio";32;9;4;0;0;;;;13;4;1;0;0;;;;5;18
"054029";"Monte Castello di Vibio";33;6;1;0;0;;;;7;3;1;0;0;;;;4;11
"054029";"Monte Castello di Vibio";34;7;0;0;0;;;;7;4;3;1;0;;;;8;15
"054029";"Monte Castello di Vibio";35;6;0;0;0;;;;6;2;1;0;0;;;;3;9
"054029";"Monte Castello di Vibio";36;2;3;1;0;;;;6;5;1;0;0;;;;6;12
"054029";"Monte Castello di Vibio";37;8;2;0;0;;;;10;2;3;2;0;;;;7;17
"054029";"Monte Castello di Vibio";38;7;5;0;0;;;;12;5;5;1;0;;;;11;23
"054029";"Monte Castello di Vibio";39;7;3;0;0;;;;10;2;4;1;0;;;;7;17
"054029";"Monte Castello di Vibio";40;4;4;0;0;;;;8;4;4;0;0;;;;8;16
"054029";"Monte Castello di Vibio";41;3;4;0;0;;;;7;5;5;0;0;;;;10;17
"054029";"Monte Castello di Vibio";42;1;5;0;0;;;;6;3;5;1;0;;;;9;15
"054029";"Monte Castello di Vibio";43;2;3;0;0;;;;5;4;5;1;0;;;;10;15
"054029";"Monte Castello di Vibio";44;6;6;0;0;;;;12;2;5;1;0;;;;8;20
"054029";"Monte Castello di Vibio";45;4;5;1;0;;;;10;0;6;0;0;;;;6;16
"054029";"Monte Castello di Vibio";46;1;7;0;0;;;;8;4;2;0;0;;;;6;14
"054029";"Monte Castello di Vibio";47;1;3;0;0;;;;4;2;11;0;0;;;;13;17
"054029";"Monte Castello di Vibio";48;4;8;0;0;;;;12;0;7;1;1;;;;9;21
"054029";"Monte Castello di Vibio";49;2;8;0;0;;;;10;1;5;0;0;;;;6;16
"054029";"Monte Castello di Vibio";50;6;5;0;0;;;;11;2;5;0;1;;;;8;19
"054029";"Monte Castello di Vibio";51;2;5;1;0;;;;8;1;11;0;0;;;;12;20
"054029";"Monte Castello di Vibio";52;2;11;1;0;;;;14;3;7;0;0;;;;10;24
"054029";"Monte Castello di Vibio";53;4;11;1;0;;;;16;3;7;2;1;;;;13;29
"054029";"Monte Castello di Vibio";54;6;6;2;0;;;;14;1;7;2;1;;;;11;25
"054029";"Monte Castello di Vibio";55;1;14;1;0;;;;16;1;5;0;0;;;;6;22
"054029";"Monte Castello di Vibio";56;2;4;0;0;;;;6;1;5;4;0;;;;10;16
"054029";"Monte Castello di Vibio";57;1;9;1;0;;;;11;2;12;0;0;;;;14;25
"054029";"Monte Castello di Vibio";58;1;10;1;0;;;;12;0;7;2;1;;;;10;22
"054029";"Monte Castello di Vibio";59;1;9;0;0;;;;10;0;6;2;0;;;;8;18
"054029";"Monte Castello di Vibio";60;1;8;0;1;;;;10;1;11;0;1;;;;13;23
"054029";"Monte Castello di Vibio";61;2;5;1;1;;;;9;2;10;0;0;;;;12;21
"054029";"Monte Castello di Vibio";62;1;10;0;0;;;;11;1;12;0;1;;;;14;25
"054029";"Monte Castello di Vibio";63;1;11;2;0;;;;14;0;8;0;1;;;;9;23
"054029";"Monte Castello di Vibio";64;3;11;0;1;;;;15;2;12;0;0;;;;14;29
"054029";"Monte Castello di Vibio";65;2;8;1;0;;;;11;1;8;1;2;;;;12;23
"054029";"Monte Castello di Vibio";66;1;8;0;0;;;;9;0;12;0;0;;;;12;21
"054029";"Monte Castello di Vibio";67;1;9;2;0;;;;12;2;11;2;1;;;;16;28
"054029";"Monte Castello di Vibio";68;1;10;2;1;;;;14;0;6;1;3;;;;10;24
"054029";"Monte Castello di Vibio";69;1;14;1;2;;;;18;1;1;2;2;;;;6;24
"054029";"Monte Castello di Vibio";70;3;10;1;0;;;;14;0;13;0;0;;;;13;27
"054029";"Monte Castello di Vibio";71;1;14;1;0;;;;16;1;6;0;3;;;;10;26
"054029";"Monte Castello di Vibio";72;1;9;0;0;;;;10;0;10;0;3;;;;13;23
"054029";"Monte Castello di Vibio";73;3;7;0;1;;;;11;1;7;1;2;;;;11;22
"054029";"Monte Castello di Vibio";74;0;5;0;0;;;;5;1;10;1;2;;;;14;19
"054029";"Monte Castello di Vibio";75;1;5;1;1;;;;8;1;7;0;3;;;;11;19
"054029";"Monte Castello di Vibio";76;1;5;0;1;;;;7;0;2;1;2;;;;5;12
"054029";"Monte Castello di Vibio";77;0;7;0;0;;;;7;0;8;0;7;;;;15;22
"054029";"Monte Castello di Vibio";78;2;8;0;0;;;;10;1;4;0;3;;;;8;18
"054029";"Monte Castello di Vibio";79;1;7;1;0;;;;9;0;6;0;7;;;;13;22
"054029";"Monte Castello di Vibio";80;0;6;0;1;;;;7;0;2;1;4;;;;7;14
"054029";"Monte Castello di Vibio";81;2;8;1;1;;;;12;0;3;0;4;;;;7;19
"054029";"Monte Castello di Vibio";82;3;5;0;0;;;;8;1;2;0;5;;;;8;16
"054029";"Monte Castello di Vibio";83;0;7;0;1;;;;8;0;2;0;8;;;;10;18
"054029";"Monte Castello di Vibio";84;0;1;1;0;;;;2;0;4;0;8;;;;12;14
"054029";"Monte Castello di Vibio";85;1;5;0;0;;;;6;0;1;0;6;;;;7;13
"054029";"Monte Castello di Vibio";86;1;1;0;2;;;;4;0;0;0;5;;;;5;9
"054029";"Monte Castello di Vibio";87;0;1;0;0;;;;1;0;2;0;3;;;;5;6
"054029";"Monte Castello di Vibio";88;0;3;0;2;;;;5;0;0;0;4;;;;4;9
"054029";"Monte Castello di Vibio";89;0;2;0;0;;;;2;0;0;0;0;;;;0;2
"054029";"Monte Castello di Vibio";90;0;2;0;1;;;;3;1;0;0;7;;;;8;11
"054029";"Monte Castello di Vibio";91;0;0;0;1;;;;1;0;0;0;1;;;;1;2
"054029";"Monte Castello di Vibio";92;0;0;0;0;;;;0;0;0;0;3;;;;3;3
"054029";"Monte Castello di Vibio";93;0;0;0;0;;;;0;1;0;0;4;;;;5;5
"054029";"Monte Castello di Vibio";94;0;0;0;0;;;;0;0;0;0;1;;;;1;1
"054029";"Monte Castello di Vibio";95;0;0;0;0;;;;0;0;0;0;1;;;;1;1
"054029";"Monte Castello di Vibio";96;1;1;0;0;;;;2;1;0;0;0;;;;1;3
"054029";"Monte Castello di Vibio";97;0;0;0;0;;;;0;0;0;0;2;;;;2;2
"054029";"Monte Castello di Vibio";98;0;0;0;0;;;;0;0;0;0;1;;;;1;1
"054029";"Monte Castello di Vibio";99;0;0;0;0;;;;0;0;0;0;0;;;;0;0
"054029";"Monte Castello di Vibio";100;0;0;0;0;;;;0;0;0;0;0;;;;0;0
"054029";"Monte Castello di Vibio";999;315;371;25;18;;;;729;240;335;31;115;;;;721;1450
"054030";"Montefalco";0;16;0;0;0;;;;16;16;0;0;0;;;;16;32
"054030";"Montefalco";1;16;0;0;0;;;;16;15;0;0;0;;;;15;31
"054030";"Montefalco";2;17;0;0;0;;;;17;25;0;0;0;;;;25;42
"054030";"Montefalco";3;20;0;0;0;;;;20;18;0;0;0;;;;18;38
"054030";"Montefalco";4;27;0;0;0;;;;27;13;0;0;0;;;;13;40
"054030";"Montefalco";5;26;0;0;0;;;;26;24;0;0;0;;;;24;50
"054030";"Montefalco";6;15;0;0;0;;;;15;22;0;0;0;;;;22;37
"054030";"Montefalco";7;15;0;0;0;;;;15;23;0;0;0;;;;23;38
"054030";"Montefalco";8;26;0;0;0;;;;26;19;0;0;0;;;;19;45
"054030";"Montefalco";9;13;0;0;0;;;;13;10;0;0;0;;;;10;23
"054030";"Montefalco";10;13;0;0;0;;;;13;38;0;0;0;;;;38;51
"054030";"Montefalco";11;23;0;0;0;;;;23;15;0;0;0;;;;15;38
"054030";"Montefalco";12;17;0;0;0;;;;17;21;0;0;0;;;;21;38
"054030";"Montefalco";13;15;0;0;0;;;;15;18;0;0;0;;;;18;33
"054030";"Montefalco";14;17;0;0;0;;;;17;24;0;0;0;;;;24;41
"054030";"Montefalco";15;30;0;0;0;;;;30;24;0;0;0;;;;24;54
"054030";"Montefalco";16;24;0;0;0;;;;24;20;0;0;0;;;;20;44
"054030";"Montefalco";17;23;0;0;0;;;;23;24;0;0;0;;;;24;47
"054030";"Montefalco";18;26;0;0;0;;;;26;18;0;0;0;;;;18;44
"054030";"Montefalco";19;18;0;0;0;;;;18;13;0;0;0;;;;13;31
"054030";"Montefalco";20;27;0;0;0;;;;27;23;0;0;0;;;;23;50
"054030";"Montefalco";21;32;0;0;0;;;;32;25;0;0;0;;;;25;57
"054030";"Montefalco";22;26;0;0;0;;;;26;19;3;0;0;;;;22;48
"054030";"Montefalco";23;24;0;0;0;;;;24;24;1;0;0;;;;25;49
"054030";"Montefalco";24;21;0;0;0;;;;21;19;0;0;0;;;;19;40
"054030";"Montefalco";25;26;0;0;0;;;;26;20;2;0;0;;;;22;48
"054030";"Montefalco";26;30;2;0;0;;;;32;22;2;0;0;;;;24;56
"054030";"Montefalco";27;19;2;0;0;;;;21;30;6;0;0;;;;36;57
"054030";"Montefalco";28;38;3;0;0;;;;41;25;2;0;0;;;;27;68
"054030";"Montefalco";29;23;0;0;0;;;;23;18;5;0;0;;;;23;46
"054030";"Montefalco";30;25;3;0;0;;;;28;19;6;0;0;;;;25;53
"054030";"Montefalco";31;22;3;1;0;;;;26;20;4;0;0;;;;24;50
"054030";"Montefalco";32;21;4;0;1;;;;26;18;6;1;0;;;;25;51
"054030";"Montefalco";33;12;11;0;0;;;;23;14;14;1;0;;;;29;52
"054030";"Montefalco";34;26;9;0;0;;;;35;26;14;0;0;;;;40;75
"054030";"Montefalco";35;18;10;0;0;;;;28;8;9;0;0;;;;17;45
"054030";"Montefalco";36;16;9;0;0;;;;25;12;15;1;0;;;;28;53
"054030";"Montefalco";37;17;6;1;0;;;;24;11;18;1;0;;;;30;54
"054030";"Montefalco";38;20;15;0;2;;;;37;10;13;3;1;;;;27;64
"054030";"Montefalco";39;17;18;1;0;;;;36;14;16;0;0;;;;30;66
"054030";"Montefalco";40;19;21;0;0;;;;40;16;18;1;0;;;;35;75
"054030";"Montefalco";41;22;12;0;0;;;;34;13;17;0;0;;;;30;64
"054030";"Montefalco";42;16;20;0;0;;;;36;7;21;0;1;;;;29;65
"054030";"Montefalco";43;16;19;3;1;;;;39;12;23;3;1;;;;39;78
"054030";"Montefalco";44;17;22;5;0;;;;44;9;15;1;0;;;;25;69
"054030";"Montefalco";45;15;20;1;0;;;;36;12;35;5;2;;;;54;90
"054030";"Montefalco";46;14;17;1;0;;;;32;17;22;3;0;;;;42;74
"054030";"Montefalco";47;14;21;2;0;;;;37;8;27;1;0;;;;36;73
"054030";"Montefalco";48;13;21;3;0;;;;37;8;39;1;1;;;;49;86
"054030";"Montefalco";49;13;41;1;1;;;;56;8;32;2;0;;;;42;98
"054030";"Montefalco";50;11;32;2;1;;;;46;8;34;1;1;;;;44;90
"054030";"Montefalco";51;10;29;2;0;;;;41;2;30;3;1;;;;36;77
"054030";"Montefalco";52;11;27;1;0;;;;39;1;24;6;0;;;;31;70
"054030";"Montefalco";53;11;25;1;1;;;;38;4;30;1;4;;;;39;77
"054030";"Montefalco";54;8;24;2;0;;;;34;5;36;1;3;;;;45;79
"054030";"Montefalco";55;9;27;2;1;;;;39;5;30;3;4;;;;42;81
"054030";"Montefalco";56;5;38;2;1;;;;46;4;33;3;0;;;;40;86
"054030";"Montefalco";57;4;41;6;0;;;;51;4;40;1;2;;;;47;98
"054030";"Montefalco";58;6;32;1;1;;;;40;9;45;1;2;;;;57;97
"054030";"Montefalco";59;7;35;3;0;;;;45;3;38;7;1;;;;49;94
"054030";"Montefalco";60;11;28;2;0;;;;41;3;31;2;2;;;;38;79
"054030";"Montefalco";61;4;30;3;1;;;;38;3;32;2;1;;;;38;76
"054030";"Montefalco";62;3;36;1;0;;;;40;3;32;1;3;;;;39;79
"054030";"Montefalco";63;5;35;0;3;;;;43;2;32;5;2;;;;41;84
"054030";"Montefalco";64;1;31;0;0;;;;32;7;26;2;3;;;;38;70
"054030";"Montefalco";65;2;33;2;1;;;;38;0;26;3;2;;;;31;69
"054030";"Montefalco";66;2;18;1;2;;;;23;3;28;1;3;;;;35;58
"054030";"Montefalco";67;2;35;2;4;;;;43;3;25;0;5;;;;33;76
"054030";"Montefalco";68;7;22;2;1;;;;32;2;30;0;3;;;;35;67
"054030";"Montefalco";69;4;23;1;0;;;;28;0;31;1;8;;;;40;68
"054030";"Montefalco";70;4;31;0;2;;;;37;1;27;1;4;;;;33;70
"054030";"Montefalco";71;1;25;1;3;;;;30;1;31;0;7;;;;39;69
"054030";"Montefalco";72;1;33;3;1;;;;38;1;21;1;6;;;;29;67
"054030";"Montefalco";73;2;35;1;4;;;;42;2;26;3;10;;;;41;83
"054030";"Montefalco";74;3;21;0;1;;;;25;2;20;1;9;;;;32;57
"054030";"Montefalco";75;5;32;0;4;;;;41;0;24;0;7;;;;31;72
"054030";"Montefalco";76;3;27;1;2;;;;33;3;19;1;9;;;;32;65
"054030";"Montefalco";77;0;26;1;1;;;;28;1;9;0;14;;;;24;52
"054030";"Montefalco";78;2;15;0;2;;;;19;1;16;2;9;;;;28;47
"054030";"Montefalco";79;2;28;0;3;;;;33;0;9;1;18;;;;28;61
"054030";"Montefalco";80;5;18;1;5;;;;29;1;14;0;16;;;;31;60
"054030";"Montefalco";81;2;15;0;4;;;;21;1;7;0;18;;;;26;47
"054030";"Montefalco";82;2;12;0;3;;;;17;1;7;1;21;;;;30;47
"054030";"Montefalco";83;2;14;0;6;;;;22;1;11;0;16;;;;28;50
"054030";"Montefalco";84;3;14;1;4;;;;22;0;6;1;14;;;;21;43
"054030";"Montefalco";85;2;7;0;7;;;;16;0;10;0;16;;;;26;42
"054030";"Montefalco";86;4;12;0;1;;;;17;0;3;0;21;;;;24;41
"054030";"Montefalco";87;2;6;0;3;;;;11;3;9;0;21;;;;33;44
"054030";"Montefalco";88;1;3;0;4;;;;8;3;5;0;16;;;;24;32
"054030";"Montefalco";89;0;13;0;1;;;;14;0;1;2;16;;;;19;33
"054030";"Montefalco";90;2;7;0;5;;;;14;2;2;0;7;;;;11;25
"054030";"Montefalco";91;1;7;0;3;;;;11;1;4;0;11;;;;16;27
"054030";"Montefalco";92;0;2;0;3;;;;5;0;0;0;4;;;;4;9
"054030";"Montefalco";93;0;2;0;1;;;;3;1;0;0;11;;;;12;15
"054030";"Montefalco";94;0;5;0;2;;;;7;1;0;0;4;;;;5;12
"054030";"Montefalco";95;0;0;0;1;;;;1;0;0;0;5;;;;5;6
"054030";"Montefalco";96;0;0;0;1;;;;1;0;0;0;6;;;;6;7
"054030";"Montefalco";97;0;0;0;0;;;;0;0;0;0;3;;;;3;3
"054030";"Montefalco";98;0;0;0;0;;;;0;0;0;0;2;;;;2;2
"054030";"Montefalco";99;0;0;0;1;;;;1;0;0;0;2;;;;2;3
"054030";"Montefalco";100;0;0;0;1;;;;1;0;1;0;2;;;;3;4
"054030";"Montefalco";999;1188;1320;64;101;;;;2673;985;1300;82;381;;;;2748;5421
"054031";"Monteleone di Spoleto";0;1;0;0;0;;;;1;2;0;0;0;;;;2;3
"054031";"Monteleone di Spoleto";1;2;0;0;0;;;;2;2;0;0;0;;;;2;4
"054031";"Monteleone di Spoleto";2;2;0;0;0;;;;2;2;0;0;0;;;;2;4
"054031";"Monteleone di Spoleto";3;0;0;0;0;;;;0;2;0;0;0;;;;2;2
"054031";"Monteleone di Spoleto";4;0;0;0;0;;;;0;2;0;0;0;;;;2;2
"054031";"Monteleone di Spoleto";5;1;0;0;0;;;;1;0;0;0;0;;;;0;1
"054031";"Monteleone di Spoleto";6;1;0;0;0;;;;1;1;0;0;0;;;;1;2
"054031";"Monteleone di Spoleto";7;0;0;0;0;;;;0;4;0;0;0;;;;4;4
"054031";"Monteleone di Spoleto";8;0;0;0;0;;;;0;2;0;0;0;;;;2;2
"054031";"Monteleone di Spoleto";9;0;0;0;0;;;;0;0;0;0;0;;;;0;0
"054031";"Monteleone di Spoleto";10;3;0;0;0;;;;3;3;0;0;0;;;;3;6
"054031";"Monteleone di Spoleto";11;0;0;0;0;;;;0;2;0;0;0;;;;2;2
"054031";"Monteleone di Spoleto";12;2;0;0;0;;;;2;1;0;0;0;;;;1;3
"054031";"Monteleone di Spoleto";13;1;0;0;0;;;;1;1;0;0;0;;;;1;2
"054031";"Monteleone di Spoleto";14;1;0;0;0;;;;1;4;0;0;0;;;;4;5
"054031";"Monteleone di Spoleto";15;3;0;0;0;;;;3;3;0;0;0;;;;3;6
"054031";"Monteleone di Spoleto";16;2;0;0;0;;;;2;1;0;0;0;;;;1;3
"054031";"Monteleone di Spoleto";17;1;0;0;0;;;;1;2;0;0;0;;;;2;3
"054031";"Monteleone di Spoleto";18;5;0;0;0;;;;5;8;0;0;0;;;;8;13
"054031";"Monteleone di Spoleto";19;3;0;0;0;;;;3;1;0;0;0;;;;1;4
"054031";"Monteleone di Spoleto";20;2;0;0;0;;;;2;3;0;0;0;;;;3;5
"054031";"Monteleone di Spoleto";21;4;0;0;0;;;;4;3;0;0;0;;;;3;7
"054031";"Monteleone di Spoleto";22;4;0;0;0;;;;4;1;0;0;0;;;;1;5
"054031";"Monteleone di Spoleto";23;5;0;0;0;;;;5;4;0;0;0;;;;4;9
"054031";"Monteleone di Spoleto";24;6;0;0;0;;;;6;3;0;0;0;;;;3;9
"054031";"Monteleone di Spoleto";25;1;0;0;0;;;;1;2;0;0;0;;;;2;3
"054031";"Monteleone di Spoleto";26;4;0;0;0;;;;4;0;0;0;0;;;;0;4
"054031";"Monteleone di Spoleto";27;7;0;0;0;;;;7;2;0;0;0;;;;2;9
"054031";"Monteleone di Spoleto";28;5;1;0;0;;;;6;5;0;0;0;;;;5;11
"054031";"Monteleone di Spoleto";29;1;0;0;0;;;;1;1;0;0;0;;;;1;2
"054031";"Monteleone di Spoleto";30;2;0;0;0;;;;2;3;0;0;0;;;;3;5
"054031";"Monteleone di Spoleto";31;6;0;0;0;;;;6;2;1;0;0;;;;3;9
"054031";"Monteleone di Spoleto";32;2;0;0;0;;;;2;1;0;0;0;;;;1;3
"054031";"Monteleone di Spoleto";33;3;0;0;0;;;;3;2;0;0;0;;;;2;5
"054031";"Monteleone di Spoleto";34;4;0;0;0;;;;4;4;0;0;0;;;;4;8
"054031";"Monteleone di Spoleto";35;2;0;0;0;;;;2;1;0;0;0;;;;1;3
"054031";"Monteleone di Spoleto";36;3;0;0;0;;;;3;0;3;1;0;;;;4;7
"054031";"Monteleone di Spoleto";37;1;0;0;0;;;;1;0;1;0;0;;;;1;2
"054031";"Monteleone di Spoleto";38;4;0;0;0;;;;4;3;1;1;0;;;;5;9
"054031";"Monteleone di Spoleto";39;3;1;0;0;;;;4;1;1;0;1;;;;3;7
"054031";"Monteleone di Spoleto";40;1;1;1;0;;;;3;2;2;0;0;;;;4;7
"054031";"Monteleone di Spoleto";41;5;3;0;0;;;;8;2;4;0;0;;;;6;14
"054031";"Monteleone di Spoleto";42;1;1;0;0;;;;2;0;1;0;0;;;;1;3
"054031";"Monteleone di Spoleto";43;2;0;0;0;;;;2;1;0;0;0;;;;1;3
"054031";"Monteleone di Spoleto";44;2;1;0;0;;;;3;1;2;0;0;;;;3;6
"054031";"Monteleone di Spoleto";45;0;0;0;0;;;;0;0;3;0;0;;;;3;3
"054031";"Monteleone di Spoleto";46;1;0;0;0;;;;1;0;4;0;0;;;;4;5
"054031";"Monteleone di Spoleto";47;3;2;0;0;;;;5;0;3;0;0;;;;3;8
"054031";"Monteleone di Spoleto";48;0;0;0;0;;;;0;1;2;0;0;;;;3;3
"054031";"Monteleone di Spoleto";49;2;4;1;0;;;;7;0;3;0;0;;;;3;10
"054031";"Monteleone di Spoleto";50;1;3;0;0;;;;4;0;3;1;0;;;;4;8
"054031";"Monteleone di Spoleto";51;1;3;0;0;;;;4;2;5;0;0;;;;7;11
"054031";"Monteleone di Spoleto";52;0;6;0;1;;;;7;1;0;0;0;;;;1;8
"054031";"Monteleone di Spoleto";53;1;2;0;0;;;;3;0;2;0;0;;;;2;5
"054031";"Monteleone di Spoleto";54;0;4;0;0;;;;4;0;6;1;0;;;;7;11
"054031";"Monteleone di Spoleto";55;2;3;2;0;;;;7;0;4;0;0;;;;4;11
"054031";"Monteleone di Spoleto";56;1;3;0;0;;;;4;0;6;0;0;;;;6;10
"054031";"Monteleone di Spoleto";57;0;6;0;0;;;;6;0;6;0;0;;;;6;12
"054031";"Monteleone di Spoleto";58;0;4;0;0;;;;4;1;3;0;1;;;;5;9
"054031";"Monteleone di Spoleto";59;0;8;0;1;;;;9;0;4;0;0;;;;4;13
"054031";"Monteleone di Spoleto";60;0;7;0;0;;;;7;0;3;0;1;;;;4;11
"054031";"Monteleone di Spoleto";61;0;8;0;0;;;;8;0;5;0;0;;;;5;13
"054031";"Monteleone di Spoleto";62;0;3;0;0;;;;3;1;2;0;0;;;;3;6
"054031";"Monteleone di Spoleto";63;0;3;0;0;;;;3;1;3;0;1;;;;5;8
"054031";"Monteleone di Spoleto";64;2;6;0;0;;;;8;0;4;1;1;;;;6;14
"054031";"Monteleone di Spoleto";65;0;8;1;0;;;;9;0;7;0;1;;;;8;17
"054031";"Monteleone di Spoleto";66;1;1;0;0;;;;2;0;5;1;0;;;;6;8
"054031";"Monteleone di Spoleto";67;2;5;1;0;;;;8;0;5;0;1;;;;6;14
"054031";"Monteleone di Spoleto";68;0;4;0;0;;;;4;0;1;0;0;;;;1;5
"054031";"Monteleone di Spoleto";69;0;4;0;0;;;;4;0;4;0;0;;;;4;8
"054031";"Monteleone di Spoleto";70;1;6;0;0;;;;7;0;2;0;1;;;;3;10
"054031";"Monteleone di Spoleto";71;0;3;0;0;;;;3;1;3;1;3;;;;8;11
"054031";"Monteleone di Spoleto";72;0;2;0;0;;;;2;0;1;0;0;;;;1;3
"054031";"Monteleone di Spoleto";73;1;2;0;0;;;;3;0;2;0;1;;;;3;6
"054031";"Monteleone di Spoleto";74;0;6;0;0;;;;6;1;3;0;0;;;;4;10
"054031";"Monteleone di Spoleto";75;0;3;0;0;;;;3;0;2;0;1;;;;3;6
"054031";"Monteleone di Spoleto";76;1;2;0;0;;;;3;0;1;0;2;;;;3;6
"054031";"Monteleone di Spoleto";77;1;1;0;0;;;;2;1;2;0;0;;;;3;5
"054031";"Monteleone di Spoleto";78;0;0;0;0;;;;0;0;2;0;0;;;;2;2
"054031";"Monteleone di Spoleto";79;1;3;0;1;;;;5;0;2;0;1;;;;3;8
"054031";"Monteleone di Spoleto";80;0;2;0;0;;;;2;0;0;0;1;;;;1;3
"054031";"Monteleone di Spoleto";81;1;2;0;0;;;;3;0;2;0;2;;;;4;7
"054031";"Monteleone di Spoleto";82;0;2;0;1;;;;3;0;0;0;2;;;;2;5
"054031";"Monteleone di Spoleto";83;0;2;0;0;;;;2;0;0;0;2;;;;2;4
"054031";"Monteleone di Spoleto";84;0;0;0;0;;;;0;0;0;0;1;;;;1;1
"054031";"Monteleone di Spoleto";85;0;0;0;0;;;;0;1;0;0;1;;;;2;2
"054031";"Monteleone di Spoleto";86;0;0;0;0;;;;0;0;0;0;3;;;;3;3
"054031";"Monteleone di Spoleto";87;0;0;0;0;;;;0;0;0;0;2;;;;2;2
"054031";"Monteleone di Spoleto";88;0;2;0;1;;;;3;0;0;0;1;;;;1;4
"054031";"Monteleone di Spoleto";89;0;0;0;0;;;;0;0;2;0;1;;;;3;3
"054031";"Monteleone di Spoleto";90;0;0;0;1;;;;1;0;0;0;4;;;;4;5
"054031";"Monteleone di Spoleto";91;0;1;0;0;;;;1;0;0;0;1;;;;1;2
"054031";"Monteleone di Spoleto";92;0;0;0;0;;;;0;0;0;0;1;;;;1;1
"054031";"Monteleone di Spoleto";93;0;0;0;0;;;;0;0;0;0;0;;;;0;0
"054031";"Monteleone di Spoleto";94;0;0;0;0;;;;0;0;0;0;0;;;;0;0
"054031";"Monteleone di Spoleto";95;0;0;0;0;;;;0;0;0;0;0;;;;0;0
"054031";"Monteleone di Spoleto";96;0;0;0;0;;;;0;0;0;0;1;;;;1;1
"054031";"Monteleone di Spoleto";97;0;0;0;0;;;;0;0;0;0;0;;;;0;0
"054031";"Monteleone di Spoleto";98;0;0;0;0;;;;0;0;0;0;0;;;;0;0
"054031";"Monteleone di Spoleto";99;0;0;0;0;;;;0;0;0;0;0;;;;0;0
"054031";"Monteleone di Spoleto";100;0;0;0;0;;;;0;0;0;0;0;;;;0;0
"054031";"Monteleone di Spoleto";999;131;144;6;6;;;;287;101;133;7;39;;;;280;567
"054032";"Monte Santa Maria Tiberina";0;3;0;0;0;;;;3;3;0;0;0;;;;3;6
"054032";"Monte Santa Maria Tiberina";1;4;0;0;0;;;;4;5;0;0;0;;;;5;9
"054032";"Monte Santa Maria Tiberina";2;1;0;0;0;;;;1;5;0;0;0;;;;5;6
"054032";"Monte Santa Maria Tiberina";3;4;0;0;0;;;;4;5;0;0;0;;;;5;9
"054032";"Monte Santa Maria Tiberina";4;0;0;0;0;;;;0;9;0;0;0;;;;9;9
"054032";"Monte Santa Maria Tiberina";5;2;0;0;0;;;;2;5;0;0;0;;;;5;7
"054032";"Monte Santa Maria Tiberina";6;1;0;0;0;;;;1;3;0;0;0;;;;3;4
"054032";"Monte Santa Maria Tiberina";7;6;0;0;0;;;;6;2;0;0;0;;;;2;8
"054032";"Monte Santa Maria Tiberina";8;4;0;0;0;;;;4;3;0;0;0;;;;3;7
"054032";"Monte Santa Maria Tiberina";9;3;0;0;0;;;;3;7;0;0;0;;;;7;10
"054032";"Monte Santa Maria Tiberina";10;3;0;0;0;;;;3;6;0;0;0;;;;6;9
"054032";"Monte Santa Maria Tiberina";11;7;0;0;0;;;;7;3;0;0;0;;;;3;10
"054032";"Monte Santa Maria Tiberina";12;3;0;0;0;;;;3;3;0;0;0;;;;3;6
"054032";"Monte Santa Maria Tiberina";13;4;0;0;0;;;;4;6;0;0;0;;;;6;10
"054032";"Monte Santa Maria Tiberina";14;5;0;0;0;;;;5;6;0;0;0;;;;6;11
"054032";"Monte Santa Maria Tiberina";15;9;0;0;0;;;;9;3;0;0;0;;;;3;12
"054032";"Monte Santa Maria Tiberina";16;7;0;0;0;;;;7;8;0;0;0;;;;8;15
"054032";"Monte Santa Maria Tiberina";17;5;0;0;0;;;;5;2;0;0;0;;;;2;7
"054032";"Monte Santa Maria Tiberina";18;3;0;0;0;;;;3;3;0;0;0;;;;3;6
"054032";"Monte Santa Maria Tiberina";19;3;0;0;0;;;;3;3;0;0;0;;;;3;6
"054032";"Monte Santa Maria Tiberina";20;5;0;0;0;;;;5;0;0;0;0;;;;0;5
"054032";"Monte Santa Maria Tiberina";21;4;0;0;0;;;;4;2;0;0;0;;;;2;6
"054032";"Monte Santa Maria Tiberina";22;6;0;0;0;;;;6;9;0;0;0;;;;9;15
"054032";"Monte Santa Maria Tiberina";23;6;0;0;0;;;;6;5;0;0;0;;;;5;11
"054032";"Monte Santa Maria Tiberina";24;4;0;0;0;;;;4;3;0;0;0;;;;3;7
"054032";"Monte Santa Maria Tiberina";25;4;0;0;0;;;;4;7;0;0;0;;;;7;11
"054032";"Monte Santa Maria Tiberina";26;6;0;0;0;;;;6;4;0;0;0;;;;4;10
"054032";"Monte Santa Maria Tiberina";27;8;0;0;0;;;;8;6;0;0;0;;;;6;14
"054032";"Monte Santa Maria Tiberina";28;9;1;0;0;;;;10;1;0;0;0;;;;1;11
"054032";"Monte Santa Maria Tiberina";29;4;0;0;0;;;;4;1;2;0;0;;;;3;7
"054032";"Monte Santa Maria Tiberina";30;2;0;0;0;;;;2;1;2;0;0;;;;3;5
"054032";"Monte Santa Maria Tiberina";31;4;0;0;0;;;;4;0;0;0;0;;;;0;4
"054032";"Monte Santa Maria Tiberina";32;6;0;0;0;;;;6;4;3;0;0;;;;7;13
"054032";"Monte Santa Maria Tiberina";33;7;2;0;0;;;;9;3;4;0;0;;;;7;16
"054032";"Monte Santa Maria Tiberina";34;5;1;0;0;;;;6;2;5;0;0;;;;7;13
"054032";"Monte Santa Maria Tiberina";35;3;3;0;0;;;;6;0;2;0;0;;;;2;8
"054032";"Monte Santa Maria Tiberina";36;4;3;0;0;;;;7;2;4;0;0;;;;6;13
"054032";"Monte Santa Maria Tiberina";37;4;0;0;0;;;;4;3;4;1;0;;;;8;12
"054032";"Monte Santa Maria Tiberina";38;1;5;0;0;;;;6;4;7;0;0;;;;11;17
"054032";"Monte Santa Maria Tiberina";39;0;4;0;0;;;;4;2;4;0;0;;;;6;10
"054032";"Monte Santa Maria Tiberina";40;6;5;1;0;;;;12;1;3;0;0;;;;4;16
"054032";"Monte Santa Maria Tiberina";41;1;2;0;0;;;;3;0;6;0;0;;;;6;9
"054032";"Monte Santa Maria Tiberina";42;1;2;0;0;;;;3;4;3;0;0;;;;7;10
"054032";"Monte Santa Maria Tiberina";43;1;3;0;0;;;;4;3;5;0;0;;;;8;12
"054032";"Monte Santa Maria Tiberina";44;2;2;0;0;;;;4;2;2;0;0;;;;4;8
"054032";"Monte Santa Maria Tiberina";45;4;4;0;0;;;;8;4;4;0;0;;;;8;16
"054032";"Monte Santa Maria Tiberina";46;2;4;0;0;;;;6;4;3;1;0;;;;8;14
"054032";"Monte Santa Maria Tiberina";47;7;6;0;0;;;;13;3;9;0;0;;;;12;25
"054032";"Monte Santa Maria Tiberina";48;1;5;1;0;;;;7;2;6;0;0;;;;8;15
"054032";"Monte Santa Maria Tiberina";49;6;3;0;0;;;;9;3;6;0;1;;;;10;19
"054032";"Monte Santa Maria Tiberina";50;1;5;0;0;;;;6;0;16;1;0;;;;17;23
"054032";"Monte Santa Maria Tiberina";51;2;7;0;0;;;;9;0;6;1;0;;;;7;16
"054032";"Monte Santa Maria Tiberina";52;3;6;1;0;;;;10;0;7;0;1;;;;8;18
"054032";"Monte Santa Maria Tiberina";53;5;4;0;0;;;;9;4;8;0;0;;;;12;21
"054032";"Monte Santa Maria Tiberina";54;2;6;0;0;;;;8;1;2;0;0;;;;3;11
"054032";"Monte Santa Maria Tiberina";55;2;6;1;0;;;;9;0;6;1;0;;;;7;16
"054032";"Monte Santa Maria Tiberina";56;5;11;3;1;;;;20;0;5;0;0;;;;5;25
"054032";"Monte Santa Maria Tiberina";57;1;5;1;1;;;;8;2;7;0;0;;;;9;17
"054032";"Monte Santa Maria Tiberina";58;2;7;0;0;;;;9;1;10;0;0;;;;11;20
"054032";"Monte Santa Maria Tiberina";59;4;11;0;0;;;;15;1;13;0;0;;;;14;29
"054032";"Monte Santa Maria Tiberina";60;1;6;0;0;;;;7;1;11;0;0;;;;12;19
"054032";"Monte Santa Maria Tiberina";61;0;7;0;0;;;;7;1;7;1;0;;;;9;16
"054032";"Monte Santa Maria Tiberina";62;2;8;1;0;;;;11;1;6;2;0;;;;9;20
"054032";"Monte Santa Maria Tiberina";63;0;5;0;1;;;;6;0;9;1;2;;;;12;18
"054032";"Monte Santa Maria Tiberina";64;2;8;0;1;;;;11;0;7;0;0;;;;7;18
"054032";"Monte Santa Maria Tiberina";65;0;14;0;1;;;;15;0;7;1;1;;;;9;24
"054032";"Monte Santa Maria Tiberina";66;0;8;1;0;;;;9;1;6;1;2;;;;10;19
"054032";"Monte Santa Maria Tiberina";67;1;9;0;1;;;;11;1;6;0;3;;;;10;21
"054032";"Monte Santa Maria Tiberina";68;0;7;0;0;;;;7;1;5;0;1;;;;7;14
"054032";"Monte Santa Maria Tiberina";69;1;5;0;0;;;;6;0;6;0;0;;;;6;12
"054032";"Monte Santa Maria Tiberina";70;2;6;0;0;;;;8;1;1;0;1;;;;3;11
"054032";"Monte Santa Maria Tiberina";71;2;5;0;0;;;;7;0;4;0;2;;;;6;13
"054032";"Monte Santa Maria Tiberina";72;1;4;0;0;;;;5;1;6;0;2;;;;9;14
"054032";"Monte Santa Maria Tiberina";73;2;4;0;1;;;;7;0;5;1;3;;;;9;16
"054032";"Monte Santa Maria Tiberina";74;0;2;0;1;;;;3;0;5;0;1;;;;6;9
"054032";"Monte Santa Maria Tiberina";75;0;2;0;1;;;;3;0;1;0;4;;;;5;8
"054032";"Monte Santa Maria Tiberina";76;2;7;0;0;;;;9;0;1;0;0;;;;1;10
"054032";"Monte Santa Maria Tiberina";77;3;4;0;2;;;;9;0;3;0;2;;;;5;14
"054032";"Monte Santa Maria Tiberina";78;0;4;0;0;;;;4;0;4;0;4;;;;8;12
"054032";"Monte Santa Maria Tiberina";79;2;4;0;1;;;;7;0;1;0;2;;;;3;10
"054032";"Monte Santa Maria Tiberina";80;2;6;0;2;;;;10;0;0;0;0;;;;0;10
"054032";"Monte Santa Maria Tiberina";81;1;1;0;1;;;;3;0;3;0;0;;;;3;6
"054032";"Monte Santa Maria Tiberina";82;0;1;0;1;;;;2;0;5;0;4;;;;9;11
"054032";"Monte Santa Maria Tiberina";83;1;3;0;2;;;;6;0;3;0;2;;;;5;11
"054032";"Monte Santa Maria Tiberina";84;0;0;0;1;;;;1;0;0;1;4;;;;5;6
"054032";"Monte Santa Maria Tiberina";85;1;1;0;0;;;;2;0;2;0;2;;;;4;6
"054032";"Monte Santa Maria Tiberina";86;1;2;0;0;;;;3;0;0;0;1;;;;1;4
"054032";"Monte Santa Maria Tiberina";87;0;2;0;0;;;;2;0;1;0;2;;;;3;5
"054032";"Monte Santa Maria Tiberina";88;0;2;0;1;;;;3;0;0;0;5;;;;5;8
"054032";"Monte Santa Maria Tiberina";89;0;1;0;0;;;;1;0;0;0;2;;;;2;3
"054032";"Monte Santa Maria Tiberina";90;0;4;0;1;;;;5;0;0;0;4;;;;4;9
"054032";"Monte Santa Maria Tiberina";91;0;1;0;0;;;;1;0;1;0;4;;;;5;6
"054032";"Monte Santa Maria Tiberina";92;0;1;0;0;;;;1;0;0;0;2;;;;2;3
"054032";"Monte Santa Maria Tiberina";93;0;0;0;0;;;;0;0;0;0;1;;;;1;1
"054032";"Monte Santa Maria Tiberina";94;0;0;0;1;;;;1;0;0;0;0;;;;0;1
"054032";"Monte Santa Maria Tiberina";95;0;0;0;1;;;;1;0;0;0;2;;;;2;3
"054032";"Monte Santa Maria Tiberina";96;0;1;0;0;;;;1;0;0;0;1;;;;1;2
"054032";"Monte Santa Maria Tiberina";97;1;0;0;0;;;;1;0;0;0;1;;;;1;2
"054032";"Monte Santa Maria Tiberina";98;0;0;0;0;;;;0;0;0;0;1;;;;1;1
"054032";"Monte Santa Maria Tiberina";99;0;0;0;0;;;;0;0;0;0;1;;;;1;1
"054032";"Monte Santa Maria Tiberina";100;0;0;0;0;;;;0;0;0;0;0;;;;0;0
"054032";"Monte Santa Maria Tiberina";999;255;268;10;23;;;;556;192;280;13;71;;;;556;1112
"054033";"Montone";0;6;0;0;0;;;;6;5;0;0;0;;;;5;11
"054033";"Montone";1;5;0;0;0;;;;5;6;0;0;0;;;;6;11
"054033";"Montone";2;5;0;0;0;;;;5;3;0;0;0;;;;3;8
"054033";"Montone";3;7;0;0;0;;;;7;1;0;0;0;;;;1;8
"054033";"Montone";4;3;0;0;0;;;;3;3;0;0;0;;;;3;6
"054033";"Montone";5;4;0;0;0;;;;4;6;0;0;0;;;;6;10
"054033";"Montone";6;4;0;0;0;;;;4;4;0;0;0;;;;4;8
"054033";"Montone";7;6;0;0;0;;;;6;14;0;0;0;;;;14;20
"054033";"Montone";8;4;0;0;0;;;;4;4;0;0;0;;;;4;8
"054033";"Montone";9;6;0;0;0;;;;6;5;0;0;0;;;;5;11
"054033";"Montone";10;8;0;0;0;;;;8;6;0;0;0;;;;6;14
"054033";"Montone";11;8;0;0;0;;;;8;14;0;0;0;;;;14;22
"054033";"Montone";12;5;0;0;0;;;;5;7;0;0;0;;;;7;12
"054033";"Montone";13;19;0;0;0;;;;19;5;0;0;0;;;;5;24
"054033";"Montone";14;10;0;0;0;;;;10;9;0;0;0;;;;9;19
"054033";"Montone";15;6;0;0;0;;;;6;7;0;0;0;;;;7;13
"054033";"Montone";16;5;0;0;0;;;;5;4;0;0;0;;;;4;9
"054033";"Montone";17;10;0;0;0;;;;10;12;0;0;0;;;;12;22
"054033";"Montone";18;8;0;0;0;;;;8;7;0;0;0;;;;7;15
"054033";"Montone";19;8;0;0;0;;;;8;7;0;0;0;;;;7;15
"054033";"Montone";20;7;0;0;0;;;;7;8;1;0;0;;;;9;16
"054033";"Montone";21;8;0;0;0;;;;8;5;0;0;0;;;;5;13
"054033";"Montone";22;4;0;0;0;;;;4;7;0;0;0;;;;7;11
"054033";"Montone";23;7;0;0;0;;;;7;6;0;0;0;;;;6;13
"054033";"Montone";24;7;0;0;0;;;;7;5;0;0;0;;;;5;12
"054033";"Montone";25;6;0;0;0;;;;6;4;1;0;0;;;;5;11
"054033";"Montone";26;8;0;0;0;;;;8;5;0;0;0;;;;5;13
"054033";"Montone";27;13;0;0;0;;;;13;6;1;0;0;;;;7;20
"054033";"Montone";28;3;0;0;0;;;;3;6;0;0;0;;;;6;9
"054033";"Montone";29;3;2;0;0;;;;5;9;1;0;0;;;;10;15
"054033";"Montone";30;2;1;0;0;;;;3;3;1;0;0;;;;4;7
"054033";"Montone";31;12;0;0;0;;;;12;4;0;0;0;;;;4;16
"054033";"Montone";32;9;0;0;0;;;;9;2;3;0;0;;;;5;14
"054033";"Montone";33;7;1;0;0;;;;8;8;5;1;0;;;;14;22
"054033";"Montone";34;3;1;0;0;;;;4;5;5;0;0;;;;10;14
"054033";"Montone";35;5;3;0;0;;;;8;2;7;0;0;;;;9;17
"054033";"Montone";36;5;2;0;0;;;;7;7;5;2;0;;;;14;21
"054033";"Montone";37;6;7;0;0;;;;13;2;5;0;0;;;;7;20
"054033";"Montone";38;3;4;0;0;;;;7;5;0;0;0;;;;5;12
"054033";"Montone";39;3;0;0;0;;;;3;3;3;0;0;;;;6;9
"054033";"Montone";40;1;7;1;0;;;;9;2;6;0;0;;;;8;17
"054033";"Montone";41;5;4;0;0;;;;9;4;3;1;0;;;;8;17
"054033";"Montone";42;3;4;0;0;;;;7;3;9;0;0;;;;12;19
"054033";"Montone";43;3;7;1;0;;;;11;1;4;0;0;;;;5;16
"054033";"Montone";44;4;8;0;0;;;;12;2;12;1;0;;;;15;27
"054033";"Montone";45;1;5;0;0;;;;6;5;15;1;0;;;;21;27
"054033";"Montone";46;4;5;0;0;;;;9;1;5;1;0;;;;7;16
"054033";"Montone";47;2;7;1;0;;;;10;4;11;1;0;;;;16;26
"054033";"Montone";48;5;10;0;0;;;;15;2;6;0;0;;;;8;23
"054033";"Montone";49;1;6;0;0;;;;7;5;11;0;0;;;;16;23
"054033";"Montone";50;3;10;0;0;;;;13;0;6;1;0;;;;7;20
"054033";"Montone";51;3;11;2;0;;;;16;1;10;2;0;;;;13;29
"054033";"Montone";52;4;13;3;0;;;;20;2;18;0;0;;;;20;40
"054033";"Montone";53;2;9;0;1;;;;12;1;9;2;1;;;;13;25
"054033";"Montone";54;3;13;0;0;;;;16;0;10;2;0;;;;12;28
"054033";"Montone";55;3;12;0;0;;;;15;0;5;1;0;;;;6;21
"054033";"Montone";56;1;4;0;0;;;;5;3;8;0;0;;;;11;16
"054033";"Montone";57;3;11;0;1;;;;15;2;10;2;0;;;;14;29
"054033";"Montone";58;6;10;0;0;;;;16;0;10;1;0;;;;11;27
"054033";"Montone";59;1;10;0;1;;;;12;4;6;0;1;;;;11;23
"054033";"Montone";60;0;7;0;0;;;;7;3;12;1;0;;;;16;23
"054033";"Montone";61;3;9;1;0;;;;13;0;12;0;2;;;;14;27
"054033";"Montone";62;3;7;1;0;;;;11;2;7;0;2;;;;11;22
"054033";"Montone";63;0;6;2;0;;;;8;0;7;0;0;;;;7;15
"054033";"Montone";64;3;10;0;0;;;;13;2;10;0;2;;;;14;27
"054033";"Montone";65;0;9;1;0;;;;10;2;13;0;3;;;;18;28
"054033";"Montone";66;0;6;0;1;;;;7;1;5;1;2;;;;9;16
"054033";"Montone";67;3;11;1;0;;;;15;3;12;0;0;;;;15;30
"054033";"Montone";68;3;7;0;1;;;;11;3;10;0;1;;;;14;25
"054033";"Montone";69;0;9;0;0;;;;9;0;10;1;1;;;;12;21
"054033";"Montone";70;0;9;1;1;;;;11;0;8;0;0;;;;8;19
"054033";"Montone";71;1;6;0;0;;;;7;0;6;1;1;;;;8;15
"054033";"Montone";72;1;9;0;0;;;;10;1;11;0;2;;;;14;24
"054033";"Montone";73;1;8;0;0;;;;9;0;4;0;3;;;;7;16
"054033";"Montone";74;2;11;1;1;;;;15;2;4;0;4;;;;10;25
"054033";"Montone";75;0;8;0;0;;;;8;0;4;0;1;;;;5;13
"054033";"Montone";76;1;6;0;0;;;;7;0;3;0;2;;;;5;12
"054033";"Montone";77;0;7;0;1;;;;8;0;4;0;5;;;;9;17
"054033";"Montone";78;2;5;0;1;;;;8;0;5;0;3;;;;8;16
"054033";"Montone";79;0;3;0;0;;;;3;0;3;2;1;;;;6;9
"054033";"Montone";80;0;3;0;1;;;;4;1;5;1;4;;;;11;15
"054033";"Montone";81;2;3;0;1;;;;6;0;2;0;2;;;;4;10
"054033";"Montone";82;1;7;0;1;;;;9;2;5;0;4;;;;11;20
"054033";"Montone";83;0;4;0;2;;;;6;0;3;0;8;;;;11;17
"054033";"Montone";84;1;2;0;0;;;;3;0;5;0;7;;;;12;15
"054033";"Montone";85;1;7;0;0;;;;8;0;0;0;5;;;;5;13
"054033";"Montone";86;0;2;0;0;;;;2;2;2;1;8;;;;13;15
"054033";"Montone";87;0;0;0;1;;;;1;0;0;0;7;;;;7;8
"054033";"Montone";88;0;1;0;1;;;;2;0;0;0;7;;;;7;9
"054033";"Montone";89;0;3;0;0;;;;3;0;0;0;3;;;;3;6
"054033";"Montone";90;0;2;0;0;;;;2;0;1;0;3;;;;4;6
"054033";"Montone";91;0;0;0;1;;;;1;0;0;0;2;;;;2;3
"054033";"Montone";92;0;0;0;1;;;;1;0;0;1;5;;;;6;7
"054033";"Montone";93;0;0;0;0;;;;0;0;0;0;3;;;;3;3
"054033";"Montone";94;0;0;0;1;;;;1;0;0;0;1;;;;1;2
"054033";"Montone";95;0;0;0;1;;;;1;0;0;0;1;;;;1;2
"054033";"Montone";96;0;0;0;0;;;;0;0;0;0;1;;;;1;1
"054033";"Montone";97;0;0;0;0;;;;0;1;0;0;3;;;;4;4
"054033";"Montone";98;0;0;0;0;;;;0;0;0;0;0;;;;0;0
"054033";"Montone";99;0;0;0;1;;;;1;0;0;0;1;;;;1;2
"054033";"Montone";100;0;0;0;0;;;;0;0;0;0;1;;;;1;1
"054033";"Montone";999;344;374;16;21;;;;755;298;385;28;113;;;;824;1579
"054034";"Nocera Umbra";0;11;0;0;0;;;;11;10;0;0;0;;;;10;21
"054034";"Nocera Umbra";1;18;0;0;0;;;;18;15;0;0;0;;;;15;33
"054034";"Nocera Umbra";2;29;0;0;0;;;;29;16;0;0;0;;;;16;45
"054034";"Nocera Umbra";3;8;0;0;0;;;;8;13;0;0;0;;;;13;21
"054034";"Nocera Umbra";4;22;0;0;0;;;;22;14;0;0;0;;;;14;36
"054034";"Nocera Umbra";5;25;0;0;0;;;;25;15;0;0;0;;;;15;40
"054034";"Nocera Umbra";6;16;0;0;0;;;;16;19;0;0;0;;;;19;35
"054034";"Nocera Umbra";7;18;0;0;0;;;;18;23;0;0;0;;;;23;41
"054034";"Nocera Umbra";8;16;0;0;0;;;;16;21;0;0;0;;;;21;37
"054034";"Nocera Umbra";9;20;0;0;0;;;;20;18;0;0;0;;;;18;38
"054034";"Nocera Umbra";10;18;0;0;0;;;;18;27;0;0;0;;;;27;45
"054034";"Nocera Umbra";11;23;0;0;0;;;;23;18;0;0;0;;;;18;41
"054034";"Nocera Umbra";12;23;0;0;0;;;;23;23;0;0;0;;;;23;46
"054034";"Nocera Umbra";13;35;0;0;0;;;;35;27;0;0;0;;;;27;62
"054034";"Nocera Umbra";14;28;0;0;0;;;;28;24;0;0;0;;;;24;52
"054034";"Nocera Umbra";15;22;0;0;0;;;;22;22;0;0;0;;;;22;44
"054034";"Nocera Umbra";16;28;0;0;0;;;;28;22;0;0;0;;;;22;50
"054034";"Nocera Umbra";17;32;0;0;0;;;;32;29;0;0;0;;;;29;61
"054034";"Nocera Umbra";18;32;0;0;0;;;;32;20;0;0;0;;;;20;52
"054034";"Nocera Umbra";19;26;0;0;0;;;;26;22;0;0;0;;;;22;48
"054034";"Nocera Umbra";20;22;0;0;0;;;;22;20;0;0;0;;;;20;42
"054034";"Nocera Umbra";21;31;0;0;0;;;;31;19;1;0;0;;;;20;51
"054034";"Nocera Umbra";22;22;0;0;0;;;;22;19;0;0;0;;;;19;41
"054034";"Nocera Umbra";23;21;0;0;0;;;;21;19;0;0;0;;;;19;40
"054034";"Nocera Umbra";24;28;0;0;0;;;;28;21;0;0;0;;;;21;49
"054034";"Nocera Umbra";25;27;0;0;0;;;;27;16;1;0;0;;;;17;44
"054034";"Nocera Umbra";26;17;0;0;0;;;;17;28;1;0;0;;;;29;46
"054034";"Nocera Umbra";27;18;0;0;0;;;;18;14;3;0;0;;;;17;35
"054034";"Nocera Umbra";28;26;0;0;0;;;;26;23;2;0;0;;;;25;51
"054034";"Nocera Umbra";29;27;1;0;0;;;;28;20;4;0;0;;;;24;52
"054034";"Nocera Umbra";30;23;2;0;0;;;;25;15;2;0;1;;;;18;43
"054034";"Nocera Umbra";31;14;2;0;0;;;;16;22;9;0;0;;;;31;47
"054034";"Nocera Umbra";32;25;3;0;0;;;;28;15;6;0;0;;;;21;49
"054034";"Nocera Umbra";33;23;1;1;0;;;;25;21;12;0;0;;;;33;58
"054034";"Nocera Umbra";34;21;4;1;0;;;;26;18;14;0;0;;;;32;58
"054034";"Nocera Umbra";35;18;12;0;0;;;;30;18;7;1;0;;;;26;56
"054034";"Nocera Umbra";36;27;5;0;0;;;;32;14;22;0;0;;;;36;68
"054034";"Nocera Umbra";37;23;12;0;0;;;;35;18;14;0;0;;;;32;67
"054034";"Nocera Umbra";38;21;11;0;0;;;;32;15;10;0;1;;;;26;58
"054034";"Nocera Umbra";39;22;14;0;0;;;;36;16;16;2;0;;;;34;70
"054034";"Nocera Umbra";40;21;13;2;0;;;;36;14;22;1;0;;;;37;73
"054034";"Nocera Umbra";41;16;12;0;0;;;;28;12;16;1;0;;;;29;57
"054034";"Nocera Umbra";42;20;11;2;0;;;;33;4;27;0;0;;;;31;64
"054034";"Nocera Umbra";43;15;20;2;0;;;;37;11;24;3;1;;;;39;76
"054034";"Nocera Umbra";44;13;19;0;0;;;;32;8;33;1;0;;;;42;74
"054034";"Nocera Umbra";45;14;27;5;0;;;;46;9;30;0;0;;;;39;85
"054034";"Nocera Umbra";46;16;27;3;0;;;;46;11;22;2;1;;;;36;82
"054034";"Nocera Umbra";47;15;22;3;0;;;;40;12;29;2;0;;;;43;83
"054034";"Nocera Umbra";48;17;26;1;0;;;;44;11;32;5;0;;;;48;92
"054034";"Nocera Umbra";49;20;31;2;0;;;;53;12;38;1;0;;;;51;104
"054034";"Nocera Umbra";50;13;22;1;0;;;;36;6;32;1;1;;;;40;76
"054034";"Nocera Umbra";51;15;28;5;0;;;;48;6;38;3;1;;;;48;96
"054034";"Nocera Umbra";52;9;25;0;0;;;;34;5;26;4;0;;;;35;69
"054034";"Nocera Umbra";53;5;25;4;0;;;;34;6;34;4;1;;;;45;79
"054034";"Nocera Umbra";54;10;50;6;0;;;;66;5;38;2;1;;;;46;112
"054034";"Nocera Umbra";55;10;32;2;1;;;;45;2;35;4;1;;;;42;87
"054034";"Nocera Umbra";56;6;36;2;0;;;;44;5;32;8;6;;;;51;95
"054034";"Nocera Umbra";57;10;35;0;0;;;;45;7;34;5;0;;;;46;91
"054034";"Nocera Umbra";58;4;31;3;1;;;;39;1;33;1;5;;;;40;79
"054034";"Nocera Umbra";59;7;33;3;1;;;;44;3;27;4;0;;;;34;78
"054034";"Nocera Umbra";60;2;37;6;0;;;;45;2;36;2;2;;;;42;87
"054034";"Nocera Umbra";61;4;32;4;1;;;;41;5;36;7;7;;;;55;96
"054034";"Nocera Umbra";62;6;35;5;1;;;;47;2;32;4;1;;;;39;86
"054034";"Nocera Umbra";63;2;29;1;0;;;;32;3;31;3;2;;;;39;71
"054034";"Nocera Umbra";64;3;26;0;1;;;;30;0;21;3;5;;;;29;59
"054034";"Nocera Umbra";65;2;31;2;1;;;;36;2;29;2;7;;;;40;76
"054034";"Nocera Umbra";66;3;34;1;2;;;;40;4;31;0;5;;;;40;80
"054034";"Nocera Umbra";67;4;33;3;2;;;;42;3;32;1;6;;;;42;84
"054034";"Nocera Umbra";68;3;39;1;4;;;;47;1;25;0;9;;;;35;82
"054034";"Nocera Umbra";69;6;24;0;2;;;;32;1;24;3;7;;;;35;67
"054034";"Nocera Umbra";70;4;29;3;1;;;;37;0;17;1;8;;;;26;63
"054034";"Nocera Umbra";71;11;28;1;3;;;;43;3;23;2;4;;;;32;75
"054034";"Nocera Umbra";72;3;26;1;0;;;;30;4;25;2;7;;;;38;68
"054034";"Nocera Umbra";73;4;27;1;3;;;;35;0;33;1;8;;;;42;77
"054034";"Nocera Umbra";74;4;31;1;2;;;;38;2;30;1;10;;;;43;81
"054034";"Nocera Umbra";75;4;30;2;1;;;;37;0;23;1;21;;;;45;82
"054034";"Nocera Umbra";76;3;21;0;3;;;;27;0;11;0;7;;;;18;45
"054034";"Nocera Umbra";77;2;19;0;5;;;;26;2;16;0;15;;;;33;59
"054034";"Nocera Umbra";78;3;27;0;6;;;;36;0;20;1;19;;;;40;76
"054034";"Nocera Umbra";79;4;17;2;5;;;;28;1;8;0;13;;;;22;50
"054034";"Nocera Umbra";80;8;26;2;0;;;;36;3;14;1;16;;;;34;70
"054034";"Nocera Umbra";81;4;13;1;2;;;;20;0;13;0;19;;;;32;52
"054034";"Nocera Umbra";82;2;15;0;5;;;;22;0;15;0;17;;;;32;54
"054034";"Nocera Umbra";83;2;11;1;4;;;;18;0;9;0;18;;;;27;45
"054034";"Nocera Umbra";84;0;17;0;2;;;;19;0;14;1;11;;;;26;45
"054034";"Nocera Umbra";85;2;12;1;2;;;;17;2;8;0;11;;;;21;38
"054034";"Nocera Umbra";86;4;14;0;1;;;;19;1;5;0;14;;;;20;39
"054034";"Nocera Umbra";87;2;12;0;4;;;;18;0;3;0;28;;;;31;49
"054034";"Nocera Umbra";88;1;8;0;6;;;;15;3;4;0;20;;;;27;42
"054034";"Nocera Umbra";89;1;4;0;2;;;;7;0;2;0;14;;;;16;23
"054034";"Nocera Umbra";90;1;3;0;3;;;;7;1;2;0;17;;;;20;27
"054034";"Nocera Umbra";91;2;7;0;6;;;;15;0;0;0;13;;;;13;28
"054034";"Nocera Umbra";92;0;2;0;2;;;;4;0;0;0;16;;;;16;20
"054034";"Nocera Umbra";93;0;2;0;3;;;;5;1;0;0;10;;;;11;16
"054034";"Nocera Umbra";94;0;1;0;0;;;;1;0;2;0;12;;;;14;15
"054034";"Nocera Umbra";95;0;0;0;3;;;;3;0;1;0;9;;;;10;13
"054034";"Nocera Umbra";96;0;0;0;0;;;;0;0;1;0;7;;;;8;8
"054034";"Nocera Umbra";97;0;0;0;1;;;;1;0;0;0;4;;;;4;5
"054034";"Nocera Umbra";98;0;0;0;0;;;;0;0;0;0;3;;;;3;3
"054034";"Nocera Umbra";99;0;0;0;0;;;;0;0;0;0;0;;;;0;0
"054034";"Nocera Umbra";100;0;0;0;0;;;;0;0;0;0;3;;;;3;3
"054034";"Nocera Umbra";999;1268;1314;87;92;;;;2761;965;1322;91;445;;;;2823;5584
"054035";"Norcia";0;16;0;0;0;;;;16;14;0;0;0;;;;14;30
"054035";"Norcia";1;18;0;0;0;;;;18;13;0;0;0;;;;13;31
"054035";"Norcia";2;26;0;0;0;;;;26;17;0;0;0;;;;17;43
"054035";"Norcia";3;27;0;0;0;;;;27;10;0;0;0;;;;10;37
"054035";"Norcia";4;13;0;0;0;;;;13;14;0;0;0;;;;14;27
"054035";"Norcia";5;25;0;0;0;;;;25;19;0;0;0;;;;19;44
"054035";"Norcia";6;10;0;0;0;;;;10;16;0;0;0;;;;16;26
"054035";"Norcia";7;26;0;0;0;;;;26;12;0;0;0;;;;12;38
"054035";"Norcia";8;21;0;0;0;;;;21;14;0;0;0;;;;14;35
"054035";"Norcia";9;20;0;0;0;;;;20;11;0;0;0;;;;11;31
"054035";"Norcia";10;18;0;0;0;;;;18;17;0;0;0;;;;17;35
"054035";"Norcia";11;19;0;0;0;;;;19;16;0;0;0;;;;16;35
"054035";"Norcia";12;19;0;0;0;;;;19;23;0;0;0;;;;23;42
"054035";"Norcia";13;19;0;0;0;;;;19;18;0;0;0;;;;18;37
"054035";"Norcia";14;21;0;0;0;;;;21;19;0;0;0;;;;19;40
"054035";"Norcia";15;26;0;0;0;;;;26;27;0;0;0;;;;27;53
"054035";"Norcia";16;32;0;0;0;;;;32;18;0;0;0;;;;18;50
"054035";"Norcia";17;16;0;0;0;;;;16;24;0;0;0;;;;24;40
"054035";"Norcia";18;19;0;0;0;;;;19;19;0;0;0;;;;19;38
"054035";"Norcia";19;28;0;0;0;;;;28;28;0;0;0;;;;28;56
"054035";"Norcia";20;22;0;0;0;;;;22;18;0;0;0;;;;18;40
"054035";"Norcia";21;25;0;0;0;;;;25;15;1;0;0;;;;16;41
"054035";"Norcia";22;31;1;0;0;;;;32;23;1;0;0;;;;24;56
"054035";"Norcia";23;29;0;0;0;;;;29;26;1;0;0;;;;27;56
"054035";"Norcia";24;16;0;0;0;;;;16;17;2;0;0;;;;19;35
"054035";"Norcia";25;35;0;0;0;;;;35;24;4;0;0;;;;28;63
"054035";"Norcia";26;29;0;0;0;;;;29;27;2;0;0;;;;29;58
"054035";"Norcia";27;17;2;0;0;;;;19;20;4;0;0;;;;24;43
"054035";"Norcia";28;19;5;0;0;;;;24;15;7;0;0;;;;22;46
"054035";"Norcia";29;22;4;0;0;;;;26;18;4;0;0;;;;22;48
"054035";"Norcia";30;22;6;0;0;;;;28;12;6;0;0;;;;18;46
"054035";"Norcia";31;28;4;0;0;;;;32;13;6;0;0;;;;19;51
"054035";"Norcia";32;15;12;0;0;;;;27;14;9;0;0;;;;23;50
"054035";"Norcia";33;22;4;0;0;;;;26;19;10;0;0;;;;29;55
"054035";"Norcia";34;16;6;0;0;;;;22;5;13;0;0;;;;18;40
"054035";"Norcia";35;9;16;1;0;;;;26;9;13;0;1;;;;23;49
"054035";"Norcia";36;20;15;0;0;;;;35;12;14;0;0;;;;26;61
"054035";"Norcia";37;12;7;0;0;;;;19;14;16;0;0;;;;30;49
"054035";"Norcia";38;13;14;0;0;;;;27;8;15;0;0;;;;23;50
"054035";"Norcia";39;12;19;0;0;;;;31;7;17;0;0;;;;24;55
"054035";"Norcia";40;17;11;0;0;;;;28;3;11;0;0;;;;14;42
"054035";"Norcia";41;16;6;0;0;;;;22;5;15;1;0;;;;21;43
"054035";"Norcia";42;12;13;0;0;;;;25;5;17;0;0;;;;22;47
"054035";"Norcia";43;6;14;0;0;;;;20;10;14;0;0;;;;24;44
"054035";"Norcia";44;10;19;0;0;;;;29;7;25;0;0;;;;32;61
"054035";"Norcia";45;9;17;2;0;;;;28;16;27;0;0;;;;43;71
"054035";"Norcia";46;5;18;0;0;;;;23;7;23;3;1;;;;34;57
"054035";"Norcia";47;15;20;2;0;;;;37;6;25;0;0;;;;31;68
"054035";"Norcia";48;4;25;0;0;;;;29;9;21;0;2;;;;32;61
"054035";"Norcia";49;7;16;1;0;;;;24;7;24;0;2;;;;33;57
"054035";"Norcia";50;14;31;0;0;;;;45;6;33;0;0;;;;39;84
"054035";"Norcia";51;7;28;0;0;;;;35;4;33;3;1;;;;41;76
"054035";"Norcia";52;6;33;0;0;;;;39;3;44;0;1;;;;48;87
"054035";"Norcia";53;12;26;1;0;;;;39;7;27;2;1;;;;37;76
"054035";"Norcia";54;5;26;1;0;;;;32;4;38;3;2;;;;47;79
"054035";"Norcia";55;7;27;2;1;;;;37;1;32;1;1;;;;35;72
"054035";"Norcia";56;10;30;2;1;;;;43;1;31;2;3;;;;37;80
"054035";"Norcia";57;4;27;4;0;;;;35;2;31;1;2;;;;36;71
"054035";"Norcia";58;3;28;2;1;;;;34;3;30;1;3;;;;37;71
"054035";"Norcia";59;8;35;1;0;;;;44;2;22;0;7;;;;31;75
"054035";"Norcia";60;5;26;1;4;;;;36;0;30;1;2;;;;33;69
"054035";"Norcia";61;4;24;1;2;;;;31;2;22;0;3;;;;27;58
"054035";"Norcia";62;5;37;2;0;;;;44;0;20;0;4;;;;24;68
"054035";"Norcia";63;4;21;0;0;;;;25;5;14;1;5;;;;25;50
"054035";"Norcia";64;5;30;2;3;;;;40;4;22;2;7;;;;35;75
"054035";"Norcia";65;2;21;0;1;;;;24;5;23;1;3;;;;32;56
"054035";"Norcia";66;3;20;2;2;;;;27;2;22;0;2;;;;26;53
"054035";"Norcia";67;6;24;1;2;;;;33;3;24;1;5;;;;33;66
"054035";"Norcia";68;8;20;1;3;;;;32;4;18;0;5;;;;27;59
"054035";"Norcia";69;2;19;2;2;;;;25;2;17;2;6;;;;27;52
"054035";"Norcia";70;5;19;1;1;;;;26;2;20;1;5;;;;28;54
"054035";"Norcia";71;3;26;0;3;;;;32;2;14;1;8;;;;25;57
"054035";"Norcia";72;3;18;0;2;;;;23;3;23;1;8;;;;35;58
"054035";"Norcia";73;3;26;1;5;;;;35;3;24;0;16;;;;43;78
"054035";"Norcia";74;3;23;0;2;;;;28;0;18;0;7;;;;25;53
"054035";"Norcia";75;4;26;1;1;;;;32;5;11;1;12;;;;29;61
"054035";"Norcia";76;1;13;1;2;;;;17;0;9;0;8;;;;17;34
"054035";"Norcia";77;4;10;0;2;;;;16;1;8;1;8;;;;18;34
"054035";"Norcia";78;3;13;0;2;;;;18;1;12;1;8;;;;22;40
"054035";"Norcia";79;1;15;0;3;;;;19;4;8;0;9;;;;21;40
"054035";"Norcia";80;1;15;1;3;;;;20;1;7;0;9;;;;17;37
"054035";"Norcia";81;1;16;1;1;;;;19;0;7;2;12;;;;21;40
"054035";"Norcia";82;0;9;0;1;;;;10;2;2;1;20;;;;25;35
"054035";"Norcia";83;0;13;0;1;;;;14;2;11;0;15;;;;28;42
"054035";"Norcia";84;1;8;0;2;;;;11;2;5;1;12;;;;20;31
"054035";"Norcia";85;0;4;1;3;;;;8;0;1;1;12;;;;14;22
"054035";"Norcia";86;1;3;0;4;;;;8;1;5;0;7;;;;13;21
"054035";"Norcia";87;1;5;0;4;;;;10;0;2;0;4;;;;6;16
"054035";"Norcia";88;0;1;0;2;;;;3;0;2;0;8;;;;10;13
"054035";"Norcia";89;0;4;0;4;;;;8;1;0;0;9;;;;10;18
"054035";"Norcia";90;1;1;0;2;;;;4;0;1;0;13;;;;14;18
"054035";"Norcia";91;1;6;0;1;;;;8;1;1;0;7;;;;9;17
"054035";"Norcia";92;0;7;0;3;;;;10;0;0;0;7;;;;7;17
"054035";"Norcia";93;0;0;0;3;;;;3;1;1;0;2;;;;4;7
"054035";"Norcia";94;0;0;0;1;;;;1;0;1;0;4;;;;5;6
"054035";"Norcia";95;1;2;0;1;;;;4;1;0;0;2;;;;3;7
"054035";"Norcia";96;0;0;0;0;;;;0;2;0;0;3;;;;5;5
"054035";"Norcia";97;0;0;0;0;;;;0;1;0;0;2;;;;3;3
"054035";"Norcia";98;0;0;0;0;;;;0;0;0;0;1;;;;1;1
"054035";"Norcia";99;0;0;0;2;;;;2;0;0;0;1;;;;1;3
"054035";"Norcia";100;0;0;0;0;;;;0;0;0;0;0;;;;0;0
"054035";"Norcia";999;1092;1090;38;83;;;;2303;836;1073;36;308;;;;2253;4556
"054036";"Paciano";0;1;0;0;0;;;;1;0;0;0;0;;;;0;1
"054036";"Paciano";1;4;0;0;0;;;;4;1;0;0;0;;;;1;5
"054036";"Paciano";2;2;0;0;0;;;;2;3;0;0;0;;;;3;5
"054036";"Paciano";3;2;0;0;0;;;;2;1;0;0;0;;;;1;3
"054036";"Paciano";4;7;0;0;0;;;;7;6;0;0;0;;;;6;13
"054036";"Paciano";5;1;0;0;0;;;;1;4;0;0;0;;;;4;5
"054036";"Paciano";6;7;0;0;0;;;;7;2;0;0;0;;;;2;9
"054036";"Paciano";7;2;0;0;0;;;;2;1;0;0;0;;;;1;3
"054036";"Paciano";8;4;0;0;0;;;;4;4;0;0;0;;;;4;8
"054036";"Paciano";9;2;0;0;0;;;;2;4;0;0;0;;;;4;6
"054036";"Paciano";10;5;0;0;0;;;;5;5;0;0;0;;;;5;10
"054036";"Paciano";11;1;0;0;0;;;;1;5;0;0;0;;;;5;6
"054036";"Paciano";12;4;0;0;0;;;;4;5;0;0;0;;;;5;9
"054036";"Paciano";13;3;0;0;0;;;;3;6;0;0;0;;;;6;9
"054036";"Paciano";14;5;0;0;0;;;;5;4;0;0;0;;;;4;9
"054036";"Paciano";15;7;0;0;0;;;;7;7;0;0;0;;;;7;14
"054036";"Paciano";16;5;0;0;0;;;;5;1;0;0;0;;;;1;6
"054036";"Paciano";17;4;0;0;0;;;;4;2;0;0;0;;;;2;6
"054036";"Paciano";18;0;0;0;0;;;;0;3;0;0;0;;;;3;3
"054036";"Paciano";19;9;0;0;0;;;;9;3;0;0;0;;;;3;12
"054036";"Paciano";20;3;0;0;0;;;;3;2;1;0;0;;;;3;6
"054036";"Paciano";21;2;0;0;0;;;;2;4;0;0;0;;;;4;6
"054036";"Paciano";22;3;0;0;0;;;;3;3;0;0;0;;;;3;6
"054036";"Paciano";23;1;0;0;0;;;;1;1;0;0;0;;;;1;2
"054036";"Paciano";24;4;0;0;0;;;;4;0;0;0;0;;;;0;4
"054036";"Paciano";25;1;0;0;0;;;;1;5;0;0;0;;;;5;6
"054036";"Paciano";26;1;0;0;0;;;;1;1;0;0;0;;;;1;2
"054036";"Paciano";27;6;0;0;0;;;;6;5;0;0;0;;;;5;11
"054036";"Paciano";28;11;0;0;0;;;;11;3;0;0;0;;;;3;14
"054036";"Paciano";29;7;0;0;0;;;;7;2;1;0;0;;;;3;10
"054036";"Paciano";30;1;0;0;0;;;;1;5;0;0;0;;;;5;6
"054036";"Paciano";31;5;2;0;0;;;;7;4;1;0;0;;;;5;12
"054036";"Paciano";32;3;0;0;0;;;;3;3;1;0;0;;;;4;7
"054036";"Paciano";33;6;0;0;0;;;;6;3;1;0;0;;;;4;10
"054036";"Paciano";34;2;1;0;0;;;;3;1;3;0;0;;;;4;7
"054036";"Paciano";35;1;1;0;0;;;;2;1;3;0;0;;;;4;6
"054036";"Paciano";36;6;2;0;0;;;;8;2;4;0;0;;;;6;14
"054036";"Paciano";37;4;3;0;0;;;;7;4;4;0;0;;;;8;15
"054036";"Paciano";38;1;2;0;0;;;;3;1;3;0;0;;;;4;7
"054036";"Paciano";39;0;5;0;0;;;;5;3;5;0;0;;;;8;13
"054036";"Paciano";40;2;1;0;0;;;;3;1;3;0;0;;;;4;7
"054036";"Paciano";41;1;5;0;0;;;;6;3;4;0;0;;;;7;13
"054036";"Paciano";42;2;4;0;0;;;;6;2;2;0;0;;;;4;10
"054036";"Paciano";43;0;2;0;0;;;;2;0;4;0;0;;;;4;6
"054036";"Paciano";44;6;1;1;0;;;;8;2;3;0;0;;;;5;13
"054036";"Paciano";45;3;6;1;0;;;;10;3;5;1;0;;;;9;19
"054036";"Paciano";46;1;4;0;0;;;;5;4;5;2;0;;;;11;16
"054036";"Paciano";47;2;9;0;0;;;;11;1;4;1;0;;;;6;17
"054036";"Paciano";48;0;5;1;0;;;;6;4;3;0;0;;;;7;13
"054036";"Paciano";49;2;5;1;0;;;;8;1;3;0;0;;;;4;12
"054036";"Paciano";50;3;4;0;0;;;;7;4;1;1;0;;;;6;13
"054036";"Paciano";51;2;1;1;0;;;;4;1;5;0;0;;;;6;10
"054036";"Paciano";52;4;2;0;0;;;;6;1;2;0;0;;;;3;9
"054036";"Paciano";53;2;1;1;0;;;;4;1;5;0;0;;;;6;10
"054036";"Paciano";54;3;4;0;1;;;;8;3;2;0;0;;;;5;13
"054036";"Paciano";55;4;6;0;0;;;;10;0;10;0;0;;;;10;20
"054036";"Paciano";56;1;6;0;1;;;;8;0;7;1;1;;;;9;17
"054036";"Paciano";57;0;4;0;0;;;;4;0;9;2;1;;;;12;16
"054036";"Paciano";58;4;5;1;1;;;;11;3;9;0;0;;;;12;23
"054036";"Paciano";59;0;5;0;0;;;;5;0;9;0;0;;;;9;14
"054036";"Paciano";60;1;6;0;0;;;;7;0;8;0;1;;;;9;16
"054036";"Paciano";61;2;4;0;0;;;;6;0;8;1;2;;;;11;17
"054036";"Paciano";62;0;5;1;1;;;;7;3;10;0;0;;;;13;20
"054036";"Paciano";63;1;9;0;0;;;;10;1;3;1;1;;;;6;16
"054036";"Paciano";64;1;6;3;0;;;;10;0;3;1;1;;;;5;15
"054036";"Paciano";65;2;9;1;1;;;;13;1;5;1;1;;;;8;21
"054036";"Paciano";66;0;8;0;0;;;;8;0;7;1;1;;;;9;17
"054036";"Paciano";67;0;4;1;0;;;;5;2;8;0;2;;;;12;17
"054036";"Paciano";68;0;5;1;0;;;;6;1;5;0;1;;;;7;13
"054036";"Paciano";69;1;7;2;0;;;;10;0;9;2;1;;;;12;22
"054036";"Paciano";70;1;4;0;1;;;;6;0;7;0;3;;;;10;16
"054036";"Paciano";71;0;11;1;0;;;;12;0;6;0;1;;;;7;19
"054036";"Paciano";72;0;7;0;0;;;;7;1;5;1;2;;;;9;16
"054036";"Paciano";73;2;5;0;0;;;;7;0;7;0;2;;;;9;16
"054036";"Paciano";74;0;3;0;2;;;;5;0;6;0;1;;;;7;12
"054036";"Paciano";75;0;2;0;1;;;;3;1;0;0;0;;;;1;4
"054036";"Paciano";76;0;5;0;0;;;;5;0;2;0;2;;;;4;9
"054036";"Paciano";77;2;2;0;0;;;;4;0;2;0;2;;;;4;8
"054036";"Paciano";78;0;7;0;1;;;;8;0;2;1;1;;;;4;12
"054036";"Paciano";79;1;3;0;0;;;;4;0;1;0;2;;;;3;7
"054036";"Paciano";80;0;4;0;0;;;;4;0;4;0;1;;;;5;9
"054036";"Paciano";81;1;5;0;0;;;;6;0;0;0;2;;;;2;8
"054036";"Paciano";82;0;4;1;1;;;;6;0;1;0;2;;;;3;9
"054036";"Paciano";83;1;0;0;0;;;;1;0;1;1;2;;;;4;5
"054036";"Paciano";84;0;0;0;1;;;;1;0;1;0;3;;;;4;5
"054036";"Paciano";85;0;0;0;1;;;;1;0;2;0;2;;;;4;5
"054036";"Paciano";86;0;1;0;0;;;;1;0;1;0;7;;;;8;9
"054036";"Paciano";87;0;0;0;0;;;;0;0;0;0;4;;;;4;4
"054036";"Paciano";88;0;0;0;0;;;;0;0;1;0;3;;;;4;4
"054036";"Paciano";89;0;1;0;0;;;;1;0;1;0;2;;;;3;4
"054036";"Paciano";90;0;1;0;1;;;;2;0;0;0;1;;;;1;3
"054036";"Paciano";91;0;1;0;0;;;;1;0;0;0;3;;;;3;4
"054036";"Paciano";92;0;0;0;1;;;;1;0;0;0;0;;;;0;1
"054036";"Paciano";93;0;1;0;0;;;;1;0;0;0;0;;;;0;1
"054036";"Paciano";94;0;2;0;0;;;;2;0;1;0;1;;;;2;4
"054036";"Paciano";95;0;0;0;1;;;;1;0;0;0;0;;;;0;1
"054036";"Paciano";96;0;0;0;1;;;;1;0;0;0;3;;;;3;4
"054036";"Paciano";97;0;0;0;0;;;;0;0;0;0;1;;;;1;1
"054036";"Paciano";98;0;0;0;0;;;;0;1;0;0;0;;;;1;1
"054036";"Paciano";99;0;0;0;0;;;;0;0;0;0;0;;;;0;0
"054036";"Paciano";100;0;0;0;0;;;;0;0;0;0;0;;;;0;0
"054036";"Paciano";999;201;228;18;17;;;;464;165;239;18;66;;;;488;952
"054037";"Panicale";0;19;0;0;0;;;;19;14;0;0;0;;;;14;33
"054037";"Panicale";1;14;0;0;0;;;;14;15;0;0;0;;;;15;29
"054037";"Panicale";2;17;0;0;0;;;;17;21;0;0;0;;;;21;38
"054037";"Panicale";3;17;0;0;0;;;;17;20;0;0;0;;;;20;37
"054037";"Panicale";4;17;0;0;0;;;;17;16;0;0;0;;;;16;33
"054037";"Panicale";5;17;0;0;0;;;;17;23;0;0;0;;;;23;40
"054037";"Panicale";6;19;0;0;0;;;;19;19;0;0;0;;;;19;38
"054037";"Panicale";7;15;0;0;0;;;;15;16;0;0;0;;;;16;31
"054037";"Panicale";8;24;0;0;0;;;;24;22;0;0;0;;;;22;46
"054037";"Panicale";9;13;0;0;0;;;;13;15;0;0;0;;;;15;28
"054037";"Panicale";10;17;0;0;0;;;;17;26;0;0;0;;;;26;43
"054037";"Panicale";11;23;0;0;0;;;;23;20;0;0;0;;;;20;43
"054037";"Panicale";12;23;0;0;0;;;;23;25;0;0;0;;;;25;48
"054037";"Panicale";13;24;0;0;0;;;;24;33;0;0;0;;;;33;57
"054037";"Panicale";14;27;0;0;0;;;;27;19;0;0;0;;;;19;46
"054037";"Panicale";15;39;0;0;0;;;;39;22;0;0;0;;;;22;61
"054037";"Panicale";16;32;0;0;0;;;;32;32;0;0;0;;;;32;64
"054037";"Panicale";17;34;0;0;0;;;;34;24;0;0;0;;;;24;58
"054037";"Panicale";18;26;0;0;0;;;;26;17;0;0;0;;;;17;43
"054037";"Panicale";19;28;0;0;0;;;;28;18;0;0;0;;;;18;46
"054037";"Panicale";20;32;0;0;0;;;;32;21;0;0;0;;;;21;53
"054037";"Panicale";21;27;0;0;0;;;;27;20;0;0;0;;;;20;47
"054037";"Panicale";22;16;0;0;0;;;;16;24;1;0;0;;;;25;41
"054037";"Panicale";23;31;0;0;0;;;;31;22;1;0;0;;;;23;54
"054037";"Panicale";24;26;0;0;0;;;;26;21;1;0;0;;;;22;48
"054037";"Panicale";25;28;0;0;0;;;;28;23;2;0;0;;;;25;53
"054037";"Panicale";26;31;0;0;0;;;;31;25;1;0;0;;;;26;57
"054037";"Panicale";27;18;1;0;0;;;;19;27;4;1;0;;;;32;51
"054037";"Panicale";28;24;1;0;0;;;;25;31;4;0;0;;;;35;60
"054037";"Panicale";29;17;1;0;0;;;;18;26;5;0;0;;;;31;49
"054037";"Panicale";30;33;4;0;0;;;;37;15;5;0;0;;;;20;57
"054037";"Panicale";31;25;1;0;0;;;;26;14;7;0;0;;;;21;47
"054037";"Panicale";32;20;4;0;0;;;;24;15;12;0;0;;;;27;51
"054037";"Panicale";33;14;5;1;0;;;;20;14;5;0;0;;;;19;39
"054037";"Panicale";34;15;5;1;0;;;;21;16;8;0;0;;;;24;45
"054037";"Panicale";35;25;3;0;0;;;;28;10;12;0;0;;;;22;50
"054037";"Panicale";36;15;8;0;0;;;;23;12;12;0;1;;;;25;48
"054037";"Panicale";37;12;9;0;0;;;;21;12;19;1;0;;;;32;53
"054037";"Panicale";38;16;18;0;0;;;;34;12;16;0;0;;;;28;62
"054037";"Panicale";39;12;11;1;0;;;;24;8;24;0;0;;;;32;56
"054037";"Panicale";40;13;11;0;0;;;;24;8;13;0;0;;;;21;45
"054037";"Panicale";41;18;11;3;0;;;;32;9;16;0;0;;;;25;57
"054037";"Panicale";42;12;15;0;0;;;;27;8;17;2;2;;;;29;56
"054037";"Panicale";43;14;17;0;0;;;;31;15;21;0;1;;;;37;68
"054037";"Panicale";44;12;19;1;0;;;;32;9;24;1;0;;;;34;66
"054037";"Panicale";45;18;23;0;0;;;;41;13;21;1;0;;;;35;76
"054037";"Panicale";46;13;28;2;0;;;;43;8;32;2;0;;;;42;85
"054037";"Panicale";47;9;30;2;0;;;;41;6;43;3;0;;;;52;93
"054037";"Panicale";48;11;20;1;0;;;;32;5;36;4;0;;;;45;77
"054037";"Panicale";49;12;24;0;0;;;;36;9;29;3;1;;;;42;78
"054037";"Panicale";50;9;26;4;1;;;;40;5;31;7;2;;;;45;85
"054037";"Panicale";51;8;38;1;0;;;;47;4;32;4;0;;;;40;87
"054037";"Panicale";52;15;18;1;0;;;;34;7;33;5;2;;;;47;81
"054037";"Panicale";53;8;30;1;0;;;;39;3;27;5;3;;;;38;77
"054037";"Panicale";54;8;38;3;0;;;;49;3;36;2;3;;;;44;93
"054037";"Panicale";55;7;30;3;0;;;;40;2;37;2;3;;;;44;84
"054037";"Panicale";56;5;38;0;0;;;;43;4;28;3;4;;;;39;82
"054037";"Panicale";57;6;28;3;0;;;;37;5;38;4;1;;;;48;85
"054037";"Panicale";58;11;34;1;1;;;;47;4;38;0;3;;;;45;92
"054037";"Panicale";59;6;31;3;0;;;;40;2;31;2;3;;;;38;78
"054037";"Panicale";60;4;37;3;2;;;;46;2;39;0;3;;;;44;90
"054037";"Panicale";61;6;34;2;0;;;;42;1;26;2;3;;;;32;74
"054037";"Panicale";62;4;36;2;0;;;;42;1;36;3;2;;;;42;84
"054037";"Panicale";63;6;38;0;2;;;;46;4;33;1;2;;;;40;86
"054037";"Panicale";64;4;24;1;0;;;;29;1;20;2;3;;;;26;55
"054037";"Panicale";65;4;22;1;0;;;;27;5;29;2;3;;;;39;66
"054037";"Panicale";66;6;27;0;0;;;;33;6;31;1;2;;;;40;73
"054037";"Panicale";67;5;27;2;1;;;;35;1;28;1;3;;;;33;68
"054037";"Panicale";68;5;29;3;0;;;;37;2;25;2;7;;;;36;73
"054037";"Panicale";69;2;21;1;3;;;;27;2;25;1;9;;;;37;64
"054037";"Panicale";70;2;32;1;0;;;;35;2;27;2;7;;;;38;73
"054037";"Panicale";71;7;25;2;0;;;;34;2;30;0;10;;;;42;76
"054037";"Panicale";72;5;19;2;2;;;;28;2;22;1;11;;;;36;64
"054037";"Panicale";73;0;39;0;5;;;;44;0;32;3;15;;;;50;94
"054037";"Panicale";74;4;16;1;2;;;;23;2;23;1;10;;;;36;59
"054037";"Panicale";75;1;37;0;3;;;;41;0;20;0;10;;;;30;71
"054037";"Panicale";76;1;22;0;1;;;;24;2;14;2;13;;;;31;55
"054037";"Panicale";77;3;30;1;2;;;;36;0;15;1;8;;;;24;60
"054037";"Panicale";78;3;17;0;2;;;;22;1;16;2;7;;;;26;48
"054037";"Panicale";79;1;18;0;0;;;;19;0;13;0;16;;;;29;48
"054037";"Panicale";80;1;12;0;3;;;;16;1;8;0;7;;;;16;32
"054037";"Panicale";81;0;21;0;3;;;;24;0;7;1;19;;;;27;51
"054037";"Panicale";82;2;21;0;3;;;;26;1;14;0;19;;;;34;60
"054037";"Panicale";83;1;20;1;7;;;;29;1;12;1;14;;;;28;57
"054037";"Panicale";84;1;10;0;3;;;;14;1;5;1;16;;;;23;37
"054037";"Panicale";85;0;5;0;5;;;;10;1;8;0;15;;;;24;34
"054037";"Panicale";86;2;12;1;3;;;;18;2;4;0;15;;;;21;39
"054037";"Panicale";87;2;13;0;6;;;;21;2;6;0;22;;;;30;51
"054037";"Panicale";88;0;10;0;4;;;;14;0;3;0;11;;;;14;28
"054037";"Panicale";89;1;2;0;3;;;;6;0;2;0;12;;;;14;20
"054037";"Panicale";90;1;7;0;1;;;;9;0;1;0;12;;;;13;22
"054037";"Panicale";91;0;3;0;2;;;;5;0;5;0;14;;;;19;24
"054037";"Panicale";92;0;3;0;2;;;;5;2;0;0;7;;;;9;14
"054037";"Panicale";93;0;1;0;0;;;;1;0;1;0;8;;;;9;10
"054037";"Panicale";94;1;3;0;1;;;;5;0;1;0;12;;;;13;18
"054037";"Panicale";95;0;1;0;1;;;;2;0;0;0;7;;;;7;9
"054037";"Panicale";96;0;3;0;1;;;;4;0;0;0;6;;;;6;10
"054037";"Panicale";97;0;0;0;1;;;;1;0;0;0;3;;;;3;4
"054037";"Panicale";98;0;0;0;0;;;;0;0;0;0;2;;;;2;2
"054037";"Panicale";99;0;0;0;0;;;;0;0;0;0;0;;;;0;0
"054037";"Panicale";100;0;0;0;0;;;;0;0;0;0;1;;;;1;1
"054037";"Panicale";999;1182;1277;56;76;;;;2591;961;1303;82;395;;;;2741;5332
"054038";"Passignano sul Trasimeno";0;16;0;0;0;;;;16;18;0;0;0;;;;18;34
"054038";"Passignano sul Trasimeno";1;11;0;0;0;;;;11;10;0;0;0;;;;10;21
"054038";"Passignano sul Trasimeno";2;23;0;0;0;;;;23;19;0;0;0;;;;19;42
"054038";"Passignano sul Trasimeno";3;28;0;0;0;;;;28;16;0;0;0;;;;16;44
"054038";"Passignano sul Trasimeno";4;29;0;0;0;;;;29;17;0;0;0;;;;17;46
"054038";"Passignano sul Trasimeno";5;21;0;0;0;;;;21;24;0;0;0;;;;24;45
"054038";"Passignano sul Trasimeno";6;23;0;0;0;;;;23;27;0;0;0;;;;27;50
"054038";"Passignano sul Trasimeno";7;20;0;0;0;;;;20;23;0;0;0;;;;23;43
"054038";"Passignano sul Trasimeno";8;20;0;0;0;;;;20;20;0;0;0;;;;20;40
"054038";"Passignano sul Trasimeno";9;21;0;0;0;;;;21;36;0;0;0;;;;36;57
"054038";"Passignano sul Trasimeno";10;29;0;0;0;;;;29;19;0;0;0;;;;19;48
"054038";"Passignano sul Trasimeno";11;28;0;0;0;;;;28;22;0;0;0;;;;22;50
"054038";"Passignano sul Trasimeno";12;27;0;0;0;;;;27;23;0;0;0;;;;23;50
"054038";"Passignano sul Trasimeno";13;27;0;0;0;;;;27;28;0;0;0;;;;28;55
"054038";"Passignano sul Trasimeno";14;31;0;0;0;;;;31;27;0;0;0;;;;27;58
"054038";"Passignano sul Trasimeno";15;30;0;0;0;;;;30;31;0;0;0;;;;31;61
"054038";"Passignano sul Trasimeno";16;17;0;0;0;;;;17;27;0;0;0;;;;27;44
"054038";"Passignano sul Trasimeno";17;28;0;0;0;;;;28;35;0;0;0;;;;35;63
"054038";"Passignano sul Trasimeno";18;23;0;0;0;;;;23;21;0;0;0;;;;21;44
"054038";"Passignano sul Trasimeno";19;27;0;0;0;;;;27;24;0;0;0;;;;24;51
"054038";"Passignano sul Trasimeno";20;24;0;0;0;;;;24;19;0;0;0;;;;19;43
"054038";"Passignano sul Trasimeno";21;40;0;0;0;;;;40;27;0;0;0;;;;27;67
"054038";"Passignano sul Trasimeno";22;31;0;0;0;;;;31;15;1;0;0;;;;16;47
"054038";"Passignano sul Trasimeno";23;30;0;0;0;;;;30;26;4;0;0;;;;30;60
"054038";"Passignano sul Trasimeno";24;22;1;0;0;;;;23;26;0;0;0;;;;26;49
"054038";"Passignano sul Trasimeno";25;34;1;0;0;;;;35;16;2;0;0;;;;18;53
"054038";"Passignano sul Trasimeno";26;26;0;0;0;;;;26;16;2;0;0;;;;18;44
"054038";"Passignano sul Trasimeno";27;19;2;0;0;;;;21;15;4;0;0;;;;19;40
"054038";"Passignano sul Trasimeno";28;26;5;0;0;;;;31;24;4;0;0;;;;28;59
"054038";"Passignano sul Trasimeno";29;21;3;0;0;;;;24;15;11;1;0;;;;27;51
"054038";"Passignano sul Trasimeno";30;22;4;0;0;;;;26;15;8;0;0;;;;23;49
"054038";"Passignano sul Trasimeno";31;19;6;0;0;;;;25;21;12;1;0;;;;34;59
"054038";"Passignano sul Trasimeno";32;22;5;0;0;;;;27;23;9;0;0;;;;32;59
"054038";"Passignano sul Trasimeno";33;20;7;0;0;;;;27;20;12;0;0;;;;32;59
"054038";"Passignano sul Trasimeno";34;18;6;0;0;;;;24;21;20;1;1;;;;43;67
"054038";"Passignano sul Trasimeno";35;20;6;0;0;;;;26;16;8;2;0;;;;26;52
"054038";"Passignano sul Trasimeno";36;21;13;0;0;;;;34;18;13;0;0;;;;31;65
"054038";"Passignano sul Trasimeno";37;19;13;0;0;;;;32;12;18;2;0;;;;32;64
"054038";"Passignano sul Trasimeno";38;15;9;0;0;;;;24;15;20;0;0;;;;35;59
"054038";"Passignano sul Trasimeno";39;13;13;0;0;;;;26;17;32;3;1;;;;53;79
"054038";"Passignano sul Trasimeno";40;15;13;1;0;;;;29;13;16;2;0;;;;31;60
"054038";"Passignano sul Trasimeno";41;15;21;2;0;;;;38;10;20;1;1;;;;32;70
"054038";"Passignano sul Trasimeno";42;11;17;2;0;;;;30;6;25;3;0;;;;34;64
"054038";"Passignano sul Trasimeno";43;23;19;0;0;;;;42;13;19;0;1;;;;33;75
"054038";"Passignano sul Trasimeno";44;25;25;2;0;;;;52;10;27;4;0;;;;41;93
"054038";"Passignano sul Trasimeno";45;15;24;2;0;;;;41;13;35;4;0;;;;52;93
"054038";"Passignano sul Trasimeno";46;21;21;1;0;;;;43;9;26;4;0;;;;39;82
"054038";"Passignano sul Trasimeno";47;16;21;4;0;;;;41;8;36;4;0;;;;48;89
"054038";"Passignano sul Trasimeno";48;11;32;2;1;;;;46;10;30;0;0;;;;40;86
"054038";"Passignano sul Trasimeno";49;15;30;2;0;;;;47;11;41;4;1;;;;57;104
"054038";"Passignano sul Trasimeno";50;14;27;1;0;;;;42;5;33;2;0;;;;40;82
"054038";"Passignano sul Trasimeno";51;10;34;4;0;;;;48;6;32;3;1;;;;42;90
"054038";"Passignano sul Trasimeno";52;7;33;3;0;;;;43;13;30;1;0;;;;44;87
"054038";"Passignano sul Trasimeno";53;7;28;2;0;;;;37;5;33;5;0;;;;43;80
"054038";"Passignano sul Trasimeno";54;7;30;1;1;;;;39;6;36;0;2;;;;44;83
"054038";"Passignano sul Trasimeno";55;10;35;1;2;;;;48;12;39;3;0;;;;54;102
"054038";"Passignano sul Trasimeno";56;8;39;3;2;;;;52;7;30;1;3;;;;41;93
"054038";"Passignano sul Trasimeno";57;6;45;4;0;;;;55;7;33;3;0;;;;43;98
"054038";"Passignano sul Trasimeno";58;7;22;2;2;;;;33;1;34;5;4;;;;44;77
"054038";"Passignano sul Trasimeno";59;10;30;3;1;;;;44;6;35;4;2;;;;47;91
"054038";"Passignano sul Trasimeno";60;7;37;5;0;;;;49;4;27;2;5;;;;38;87
"054038";"Passignano sul Trasimeno";61;7;34;1;0;;;;42;6;26;2;5;;;;39;81
"054038";"Passignano sul Trasimeno";62;4;25;1;1;;;;31;3;19;4;4;;;;30;61
"054038";"Passignano sul Trasimeno";63;5;26;4;0;;;;35;1;31;4;2;;;;38;73
"054038";"Passignano sul Trasimeno";64;6;25;2;1;;;;34;2;32;1;6;;;;41;75
"054038";"Passignano sul Trasimeno";65;7;23;5;0;;;;35;0;30;1;3;;;;34;69
"054038";"Passignano sul Trasimeno";66;1;23;1;2;;;;27;1;34;1;3;;;;39;66
"054038";"Passignano sul Trasimeno";67;4;26;2;1;;;;33;2;33;3;7;;;;45;78
"054038";"Passignano sul Trasimeno";68;0;25;1;0;;;;26;2;35;3;5;;;;45;71
"054038";"Passignano sul Trasimeno";69;1;30;1;0;;;;32;2;24;3;8;;;;37;69
"054038";"Passignano sul Trasimeno";70;2;34;1;2;;;;39;3;22;1;7;;;;33;72
"054038";"Passignano sul Trasimeno";71;4;30;1;0;;;;35;1;31;4;7;;;;43;78
"054038";"Passignano sul Trasimeno";72;3;27;3;2;;;;35;3;23;0;9;;;;35;70
"054038";"Passignano sul Trasimeno";73;0;35;0;4;;;;39;1;23;1;8;;;;33;72
"054038";"Passignano sul Trasimeno";74;1;32;4;4;;;;41;0;21;2;16;;;;39;80
"054038";"Passignano sul Trasimeno";75;2;24;1;3;;;;30;2;20;2;8;;;;32;62
"054038";"Passignano sul Trasimeno";76;1;20;0;1;;;;22;0;19;1;12;;;;32;54
"054038";"Passignano sul Trasimeno";77;1;14;1;2;;;;18;2;17;1;16;;;;36;54
"054038";"Passignano sul Trasimeno";78;1;15;3;2;;;;21;3;17;0;13;;;;33;54
"054038";"Passignano sul Trasimeno";79;1;19;1;1;;;;22;2;9;1;11;;;;23;45
"054038";"Passignano sul Trasimeno";80;3;30;0;2;;;;35;2;17;0;13;;;;32;67
"054038";"Passignano sul Trasimeno";81;0;13;2;0;;;;15;1;15;0;17;;;;33;48
"054038";"Passignano sul Trasimeno";82;1;14;0;8;;;;23;0;14;0;16;;;;30;53
"054038";"Passignano sul Trasimeno";83;1;17;0;2;;;;20;2;12;0;11;;;;25;45
"054038";"Passignano sul Trasimeno";84;1;21;0;3;;;;25;0;7;0;12;;;;19;44
"054038";"Passignano sul Trasimeno";85;2;16;0;3;;;;21;1;9;0;21;;;;31;52
"054038";"Passignano sul Trasimeno";86;1;10;0;2;;;;13;1;8;0;12;;;;21;34
"054038";"Passignano sul Trasimeno";87;1;6;0;2;;;;9;1;2;0;22;;;;25;34
"054038";"Passignano sul Trasimeno";88;0;3;0;4;;;;7;2;5;1;15;;;;23;30
"054038";"Passignano sul Trasimeno";89;0;6;0;1;;;;7;0;3;0;14;;;;17;24
"054038";"Passignano sul Trasimeno";90;0;7;0;1;;;;8;0;3;0;12;;;;15;23
"054038";"Passignano sul Trasimeno";91;0;4;0;2;;;;6;0;1;0;7;;;;8;14
"054038";"Passignano sul Trasimeno";92;0;7;0;1;;;;8;2;0;0;6;;;;8;16
"054038";"Passignano sul Trasimeno";93;0;1;0;1;;;;2;0;0;0;7;;;;7;9
"054038";"Passignano sul Trasimeno";94;0;0;0;0;;;;0;0;1;0;6;;;;7;7
"054038";"Passignano sul Trasimeno";95;0;1;0;0;;;;1;0;0;0;8;;;;8;9
"054038";"Passignano sul Trasimeno";96;0;0;0;0;;;;0;0;0;0;4;;;;4;4
"054038";"Passignano sul Trasimeno";97;0;0;0;1;;;;1;0;0;0;4;;;;4;5
"054038";"Passignano sul Trasimeno";98;0;0;0;1;;;;1;0;0;0;1;;;;1;2
"054038";"Passignano sul Trasimeno";99;0;0;0;0;;;;0;0;0;0;0;;;;0;0
"054038";"Passignano sul Trasimeno";100;0;0;0;0;;;;0;0;0;0;1;;;;1;1
"054038";"Passignano sul Trasimeno";999;1262;1320;82;69;;;;2733;1067;1380;101;381;;;;2929;5662
"054039";"Perugia";0;568;0;0;0;0;0;0;568;509;0;0;0;0;0;0;509;1077
"054039";"Perugia";1;570;0;0;0;0;0;0;570;528;0;0;0;0;0;0;528;1098
"054039";"Perugia";2;585;0;0;0;0;0;0;585;598;0;0;0;0;0;0;598;1183
"054039";"Perugia";3;595;0;0;0;0;0;0;595;536;0;0;0;0;0;0;536;1131
"054039";"Perugia";4;647;0;0;0;0;0;0;647;591;0;0;0;0;0;0;591;1238
"054039";"Perugia";5;633;0;0;0;0;0;0;633;591;0;0;0;0;0;0;591;1224
"054039";"Perugia";6;675;0;0;0;0;0;0;675;630;0;0;0;0;0;0;630;1305
"054039";"Perugia";7;673;0;0;0;0;0;0;673;658;0;0;0;0;0;0;658;1331
"054039";"Perugia";8;697;0;0;0;0;0;0;697;683;0;0;0;0;0;0;683;1380
"054039";"Perugia";9;727;0;0;0;0;0;0;727;783;0;0;0;0;0;0;783;1510
"054039";"Perugia";10;746;0;0;0;0;0;0;746;743;0;0;0;0;0;0;743;1489
"054039";"Perugia";11;786;0;0;0;0;0;0;786;686;0;0;0;0;0;0;686;1472
"054039";"Perugia";12;811;0;0;0;0;0;0;811;728;0;0;0;0;0;0;728;1539
"054039";"Perugia";13;784;0;0;0;0;0;0;784;793;0;0;0;0;0;0;793;1577
"054039";"Perugia";14;847;0;0;0;0;0;0;847;690;0;0;0;0;0;0;690;1537
"054039";"Perugia";15;840;0;0;0;0;0;0;840;768;0;0;0;0;0;0;768;1608
"054039";"Perugia";16;850;0;0;0;0;0;0;850;767;0;0;0;0;0;0;767;1617
"054039";"Perugia";17;791;0;0;0;0;0;0;791;744;0;0;0;0;0;0;744;1535
"054039";"Perugia";18;791;0;0;0;0;0;0;791;711;0;0;0;0;0;0;711;1502
"054039";"Perugia";19;778;0;0;0;0;0;0;778;767;1;0;0;0;0;0;768;1546
"054039";"Perugia";20;810;0;0;0;0;0;0;810;720;3;0;0;0;0;0;723;1533
"054039";"Perugia";21;793;1;0;0;0;0;0;794;761;10;0;0;0;0;0;771;1565
"054039";"Perugia";22;851;1;0;0;0;0;0;852;707;13;1;0;0;0;0;721;1573
"054039";"Perugia";23;844;4;0;0;0;0;0;848;711;28;0;0;0;0;0;739;1587
"054039";"Perugia";24;853;12;0;0;1;0;0;866;778;41;0;0;0;0;0;819;1685
"054039";"Perugia";25;829;10;1;0;0;0;0;840;703;59;1;0;0;0;0;763;1603
"054039";"Perugia";26;782;37;0;0;0;0;0;819;701;60;0;0;0;0;0;761;1580
"054039";"Perugia";27;802;39;0;0;0;0;0;841;686;90;1;0;0;0;0;777;1618
"054039";"Perugia";28;853;57;1;0;0;0;0;911;669;119;2;0;0;0;0;790;1701
"054039";"Perugia";29;893;67;3;0;1;0;0;964;698;164;4;0;0;0;0;866;1830
"054039";"Perugia";30;815;119;2;0;0;0;0;936;629;208;5;0;0;0;0;842;1778
"054039";"Perugia";31;757;135;4;0;0;0;0;896;601;261;4;0;1;0;0;867;1763
"054039";"Perugia";32;721;178;2;0;2;0;0;903;588;278;12;0;0;0;0;878;1781
"054039";"Perugia";33;700;235;1;0;0;0;0;936;568;348;10;2;1;0;0;929;1865
"054039";"Perugia";34;614;235;9;0;2;0;0;860;500;356;13;1;0;0;0;870;1730
"054039";"Perugia";35;555;319;7;0;1;0;0;882;494;404;17;1;0;0;0;916;1798
"054039";"Perugia";36;547;339;8;0;1;0;0;895;455;438;19;3;0;0;0;915;1810
"054039";"Perugia";37;570;366;16;0;0;0;0;952;423;493;25;4;1;0;0;946;1898
"054039";"Perugia";38;568;450;9;2;3;0;0;1032;417;585;28;3;0;0;0;1033;2065
"054039";"Perugia";39;528;450;21;0;1;0;0;1000;394;562;27;3;4;0;0;990;1990
"054039";"Perugia";40;494;478;20;0;2;0;0;994;404;600;39;1;1;0;0;1045;2039
"054039";"Perugia";41;455;522;24;0;1;0;0;1002;358;649;41;4;1;0;0;1053;2055
"054039";"Perugia";42;464;535;31;1;2;0;0;1033;335;705;60;4;0;0;0;1104;2137
"054039";"Perugia";43;447;575;36;1;0;0;0;1059;372;673;67;5;1;0;0;1118;2177
"054039";"Perugia";44;445;681;31;0;1;0;0;1158;371;714;68;6;2;0;0;1161;2319
"054039";"Perugia";45;408;601;42;0;0;0;0;1051;357;732;61;7;0;0;0;1157;2208
"054039";"Perugia";46;415;659;47;2;0;0;0;1123;372;817;76;16;1;1;0;1283;2406
"054039";"Perugia";47;438;809;51;4;3;0;0;1305;308;836;85;12;0;0;0;1241;2546
"054039";"Perugia";48;427;759;58;5;2;0;0;1251;293;869;81;20;2;0;0;1265;2516
"054039";"Perugia";49;361;785;67;3;5;0;0;1221;307;830;111;19;1;0;0;1268;2489
"054039";"Perugia";50;312;814;62;4;4;0;0;1196;276;921;91;27;1;0;0;1316;2512
"054039";"Perugia";51;312;807;89;5;3;0;0;1216;255;890;122;26;3;0;0;1296;2512
"054039";"Perugia";52;317;827;59;8;1;0;0;1212;288;985;103;22;0;0;0;1398;2610
"054039";"Perugia";53;283;847;79;4;1;0;0;1214;256;897;122;43;0;0;0;1318;2532
"054039";"Perugia";54;227;807;77;8;2;0;0;1121;237;899;112;37;0;0;0;1285;2406
"054039";"Perugia";55;283;924;74;6;3;0;0;1290;215;891;118;40;1;0;0;1265;2555
"054039";"Perugia";56;267;889;88;11;2;0;0;1257;240;978;131;47;2;0;0;1398;2655
"054039";"Perugia";57;224;942;91;10;0;0;0;1267;208;957;146;56;0;1;0;1368;2635
"054039";"Perugia";58;203;796;94;13;4;0;0;1110;191;974;132;61;1;0;0;1359;2469
"054039";"Perugia";59;184;838;77;13;2;0;0;1114;153;944;135;76;1;0;0;1309;2423
"054039";"Perugia";60;179;873;79;24;0;0;0;1155;156;858;124;96;0;0;0;1234;2389
"054039";"Perugia";61;149;871;93;13;1;0;0;1127;167;907;127;70;0;0;0;1271;2398
"054039";"Perugia";62;135;825;76;21;2;0;0;1059;148;833;112;87;0;0;0;1180;2239
"054039";"Perugia";63;123;770;57;23;3;0;0;976;123;791;102;91;0;0;0;1107;2083
"054039";"Perugia";64;107;703;67;22;2;0;0;901;122;792;87;100;0;0;0;1101;2002
"054039";"Perugia";65;101;801;51;27;2;0;0;982;111;764;73;116;0;0;0;1064;2046
"054039";"Perugia";66;92;741;43;35;0;0;0;911;93;728;77;100;0;0;0;998;1909
"054039";"Perugia";67;75;712;61;26;0;0;0;874;79;747;66;137;0;0;0;1029;1903
"054039";"Perugia";68;65;708;35;21;0;0;0;829;82;699;62;155;0;0;0;998;1827
"054039";"Perugia";69;73;646;25;24;2;0;0;770;78;637;70;141;0;0;0;926;1696
"054039";"Perugia";70;64;643;46;36;0;0;0;789;69;693;70;157;0;0;0;989;1778
"054039";"Perugia";71;53;671;38;57;2;0;0;821;74;692;69;145;0;0;0;980;1801
"054039";"Perugia";72;48;692;33;40;0;0;0;813;73;688;60;184;0;0;0;1005;1818
"054039";"Perugia";73;59;770;39;44;2;0;0;914;67;806;58;252;0;0;0;1183;2097
"054039";"Perugia";74;49;714;19;44;0;0;0;826;67;584;50;268;0;0;0;969;1795
"054039";"Perugia";75;48;670;29;66;0;0;0;813;46;567;39;281;0;0;0;933;1746
"054039";"Perugia";76;46;534;14;36;0;0;0;630;41;481;34;246;0;0;0;802;1432
"054039";"Perugia";77;36;539;20;57;1;0;0;653;43;470;30;282;0;0;0;825;1478
"054039";"Perugia";78;43;548;9;73;0;0;0;673;43;446;27;322;0;0;0;838;1511
"054039";"Perugia";79;36;478;17;73;0;0;0;604;36;398;22;317;0;0;0;773;1377
"054039";"Perugia";80;37;514;11;84;0;0;0;646;52;368;22;350;0;0;0;792;1438
"054039";"Perugia";81;32;567;17;83;0;0;0;699;38;370;29;442;0;0;0;879;1578
"054039";"Perugia";82;28;475;9;94;0;0;0;606;40;350;25;428;0;0;0;843;1449
"054039";"Perugia";83;30;465;11;93;0;0;0;599;49;310;16;474;0;0;0;849;1448
"054039";"Perugia";84;21;383;6;74;0;0;0;484;24;221;16;436;0;0;0;697;1181
"054039";"Perugia";85;14;294;5;82;0;0;0;395;42;162;13;408;0;0;0;625;1020
"054039";"Perugia";86;13;271;4;73;0;0;0;361;26;133;13;420;0;0;0;592;953
"054039";"Perugia";87;16;240;8;80;1;0;0;345;30;104;3;437;0;0;0;574;919
"054039";"Perugia";88;15;213;4;79;0;0;0;311;26;90;9;388;0;0;0;513;824
"054039";"Perugia";89;9;158;1;64;0;0;0;232;27;60;4;351;0;0;0;442;674
"054039";"Perugia";90;6;148;1;63;0;0;0;218;23;44;7;322;0;0;0;396;614
"054039";"Perugia";91;5;102;0;49;0;0;0;156;14;28;5;322;0;0;0;369;525
"054039";"Perugia";92;3;68;0;41;0;0;0;112;12;13;3;231;0;0;0;259;371
"054039";"Perugia";93;0;42;1;40;0;0;0;83;19;14;5;210;0;0;0;248;331
"054039";"Perugia";94;1;27;0;28;0;0;0;56;9;9;0;175;0;0;0;193;249
"054039";"Perugia";95;3;23;0;26;0;0;0;52;11;4;2;126;0;0;0;143;195
"054039";"Perugia";96;0;14;0;11;0;0;0;25;10;2;1;120;0;0;0;133;158
"054039";"Perugia";97;2;14;0;11;0;0;0;27;11;0;1;65;0;0;0;77;104
"054039";"Perugia";98;1;2;0;4;0;0;0;7;2;1;2;48;0;0;0;53;60
"054039";"Perugia";99;0;1;0;5;0;0;0;6;1;0;1;26;0;0;0;28;34
"054039";"Perugia";100;1;0;0;7;0;0;0;8;0;0;0;51;0;0;0;51;59
"054039";"Perugia";999;37863;35879;2210;1953;68;0;0;77973;33687;37146;3606;9923;25;2;0;84389;162362
"054040";"Piegaro";0;9;0;0;0;;;;9;7;0;0;0;;;;7;16
"054040";"Piegaro";1;7;0;0;0;;;;7;10;0;0;0;;;;10;17
"054040";"Piegaro";2;7;0;0;0;;;;7;12;0;0;0;;;;12;19
"054040";"Piegaro";3;9;0;0;0;;;;9;9;0;0;0;;;;9;18
"054040";"Piegaro";4;10;0;0;0;;;;10;11;0;0;0;;;;11;21
"054040";"Piegaro";5;14;0;0;0;;;;14;7;0;0;0;;;;7;21
"054040";"Piegaro";6;19;0;0;0;;;;19;14;0;0;0;;;;14;33
"054040";"Piegaro";7;20;0;0;0;;;;20;7;0;0;0;;;;7;27
"054040";"Piegaro";8;10;0;0;0;;;;10;13;0;0;0;;;;13;23
"054040";"Piegaro";9;10;0;0;0;;;;10;9;0;0;0;;;;9;19
"054040";"Piegaro";10;14;0;0;0;;;;14;9;0;0;0;;;;9;23
"054040";"Piegaro";11;16;0;0;0;;;;16;15;0;0;0;;;;15;31
"054040";"Piegaro";12;24;0;0;0;;;;24;21;0;0;0;;;;21;45
"054040";"Piegaro";13;14;0;0;0;;;;14;17;0;0;0;;;;17;31
"054040";"Piegaro";14;17;0;0;0;;;;17;16;0;0;0;;;;16;33
"054040";"Piegaro";15;16;0;0;0;;;;16;17;0;0;0;;;;17;33
"054040";"Piegaro";16;15;0;0;0;;;;15;9;0;0;0;;;;9;24
"054040";"Piegaro";17;21;0;0;0;;;;21;16;0;0;0;;;;16;37
"054040";"Piegaro";18;14;0;0;0;;;;14;19;0;0;0;;;;19;33
"054040";"Piegaro";19;16;0;0;0;;;;16;10;0;0;0;;;;10;26
"054040";"Piegaro";20;13;0;0;0;;;;13;17;0;0;0;;;;17;30
"054040";"Piegaro";21;11;0;0;0;;;;11;14;0;0;0;;;;14;25
"054040";"Piegaro";22;12;1;0;0;;;;13;11;0;0;0;;;;11;24
"054040";"Piegaro";23;10;0;0;0;;;;10;9;0;0;0;;;;9;19
"054040";"Piegaro";24;13;0;0;0;;;;13;13;1;0;0;;;;14;27
"054040";"Piegaro";25;11;0;0;0;;;;11;13;0;0;0;;;;13;24
"054040";"Piegaro";26;15;0;0;0;;;;15;12;1;0;0;;;;13;28
"054040";"Piegaro";27;23;0;0;0;;;;23;14;0;0;0;;;;14;37
"054040";"Piegaro";28;16;0;0;0;;;;16;12;5;0;0;;;;17;33
"054040";"Piegaro";29;16;1;0;0;;;;17;13;3;0;0;;;;16;33
"054040";"Piegaro";30;16;1;0;0;;;;17;6;0;0;0;;;;6;23
"054040";"Piegaro";31;17;4;0;0;;;;21;11;2;1;0;;;;14;35
"054040";"Piegaro";32;4;5;0;0;;;;9;8;7;0;0;;;;15;24
"054040";"Piegaro";33;12;5;0;0;;;;17;12;7;0;0;;;;19;36
"054040";"Piegaro";34;11;6;0;0;;;;17;11;6;0;0;;;;17;34
"054040";"Piegaro";35;9;2;0;0;;;;11;10;8;1;0;;;;19;30
"054040";"Piegaro";36;13;4;0;0;;;;17;9;13;0;0;;;;22;39
"054040";"Piegaro";37;14;9;0;0;;;;23;7;11;0;1;;;;19;42
"054040";"Piegaro";38;10;12;1;0;;;;23;14;10;1;0;;;;25;48
"054040";"Piegaro";39;10;9;0;0;;;;19;5;10;1;0;;;;16;35
"054040";"Piegaro";40;11;5;1;0;;;;17;6;12;1;0;;;;19;36
"054040";"Piegaro";41;10;12;0;0;;;;22;6;15;2;0;;;;23;45
"054040";"Piegaro";42;10;6;1;0;;;;17;5;21;0;0;;;;26;43
"054040";"Piegaro";43;16;11;0;0;;;;27;5;14;0;0;;;;19;46
"054040";"Piegaro";44;4;14;0;0;;;;18;10;13;4;0;;;;27;45
"054040";"Piegaro";45;10;20;0;0;;;;30;4;15;0;0;;;;19;49
"054040";"Piegaro";46;10;11;0;0;;;;21;3;15;0;0;;;;18;39
"054040";"Piegaro";47;6;17;0;0;;;;23;4;22;1;1;;;;28;51
"054040";"Piegaro";48;7;19;1;0;;;;27;12;12;2;0;;;;26;53
"054040";"Piegaro";49;10;19;0;0;;;;29;4;24;4;1;;;;33;62
"054040";"Piegaro";50;5;21;2;1;;;;29;4;20;0;2;;;;26;55
"054040";"Piegaro";51;8;18;2;0;;;;28;3;24;1;0;;;;28;56
"054040";"Piegaro";52;7;25;2;0;;;;34;5;14;4;2;;;;25;59
"054040";"Piegaro";53;3;10;1;1;;;;15;6;20;0;2;;;;28;43
"054040";"Piegaro";54;6;14;1;0;;;;21;3;21;3;1;;;;28;49
"054040";"Piegaro";55;6;19;2;0;;;;27;2;15;3;1;;;;21;48
"054040";"Piegaro";56;3;21;2;0;;;;26;3;32;3;3;;;;41;67
"054040";"Piegaro";57;3;15;2;1;;;;21;3;18;1;3;;;;25;46
"054040";"Piegaro";58;2;16;1;1;;;;20;3;25;0;3;;;;31;51
"054040";"Piegaro";59;4;16;1;1;;;;22;2;23;1;1;;;;27;49
"054040";"Piegaro";60;6;28;1;1;;;;36;1;21;2;2;;;;26;62
"054040";"Piegaro";61;4;25;1;0;;;;30;1;26;3;2;;;;32;62
"054040";"Piegaro";62;4;17;1;0;;;;22;2;12;0;3;;;;17;39
"054040";"Piegaro";63;4;32;3;1;;;;40;1;23;0;3;;;;27;67
"054040";"Piegaro";64;3;17;2;0;;;;22;1;25;2;5;;;;33;55
"054040";"Piegaro";65;2;23;4;1;;;;30;3;16;1;3;;;;23;53
"054040";"Piegaro";66;4;15;1;1;;;;21;1;28;0;2;;;;31;52
"054040";"Piegaro";67;0;21;0;0;;;;21;4;14;0;1;;;;19;40
"054040";"Piegaro";68;3;21;1;1;;;;26;1;17;1;3;;;;22;48
"054040";"Piegaro";69;0;20;2;2;;;;24;2;16;1;1;;;;20;44
"054040";"Piegaro";70;1;17;0;0;;;;18;0;18;0;3;;;;21;39
"054040";"Piegaro";71;1;20;0;0;;;;21;1;15;0;4;;;;20;41
"054040";"Piegaro";72;1;17;2;0;;;;20;2;17;1;8;;;;28;48
"054040";"Piegaro";73;0;18;0;2;;;;20;4;16;0;11;;;;31;51
"054040";"Piegaro";74;3;14;2;4;;;;23;0;19;0;5;;;;24;47
"054040";"Piegaro";75;0;22;0;0;;;;22;2;9;1;5;;;;17;39
"054040";"Piegaro";76;0;13;0;0;;;;13;0;9;0;4;;;;13;26
"054040";"Piegaro";77;1;9;0;4;;;;14;0;14;0;7;;;;21;35
"054040";"Piegaro";78;1;17;0;1;;;;19;1;11;0;12;;;;24;43
"054040";"Piegaro";79;0;13;0;2;;;;15;1;8;0;7;;;;16;31
"054040";"Piegaro";80;0;5;0;2;;;;7;0;6;0;10;;;;16;23
"054040";"Piegaro";81;0;13;0;4;;;;17;0;6;0;15;;;;21;38
"054040";"Piegaro";82;0;13;0;0;;;;13;0;7;1;5;;;;13;26
"054040";"Piegaro";83;0;16;0;1;;;;17;0;3;0;14;;;;17;34
"054040";"Piegaro";84;0;6;0;2;;;;8;1;5;0;12;;;;18;26
"054040";"Piegaro";85;2;11;0;1;;;;14;1;8;1;14;;;;24;38
"054040";"Piegaro";86;0;8;0;0;;;;8;0;3;1;9;;;;13;21
"054040";"Piegaro";87;0;5;0;0;;;;5;0;4;0;6;;;;10;15
"054040";"Piegaro";88;0;4;0;1;;;;5;0;2;1;5;;;;8;13
"054040";"Piegaro";89;0;2;0;0;;;;2;0;1;0;8;;;;9;11
"054040";"Piegaro";90;0;8;0;1;;;;9;0;0;0;5;;;;5;14
"054040";"Piegaro";91;0;2;0;1;;;;3;0;0;0;9;;;;9;12
"054040";"Piegaro";92;0;2;0;1;;;;3;0;0;0;11;;;;11;14
"054040";"Piegaro";93;0;0;0;2;;;;2;0;0;0;8;;;;8;10
"054040";"Piegaro";94;0;2;0;2;;;;4;0;0;0;4;;;;4;8
"054040";"Piegaro";95;0;0;0;0;;;;0;0;0;0;4;;;;4;4
"054040";"Piegaro";96;0;0;0;0;;;;0;0;0;0;3;;;;3;3
"054040";"Piegaro";97;0;0;0;1;;;;1;0;0;0;1;;;;1;2
"054040";"Piegaro";98;0;0;0;2;;;;2;0;0;0;1;;;;1;3
"054040";"Piegaro";99;0;0;0;3;;;;3;0;0;0;0;;;;0;3
"054040";"Piegaro";100;0;0;0;0;;;;0;0;1;0;0;;;;1;1
"054040";"Piegaro";999;719;844;40;49;;;;1652;592;839;50;256;;;;1737;3389
"054041";"Pietralunga";0;7;0;0;0;;;;7;5;0;0;0;;;;5;12
"054041";"Pietralunga";1;3;0;0;0;;;;3;7;0;0;0;;;;7;10
"054041";"Pietralunga";2;4;0;0;0;;;;4;4;0;0;0;;;;4;8
"054041";"Pietralunga";3;3;0;0;0;;;;3;8;0;0;0;;;;8;11
"054041";"Pietralunga";4;4;0;0;0;;;;4;7;0;0;0;;;;7;11
"054041";"Pietralunga";5;3;0;0;0;;;;3;7;0;0;0;;;;7;10
"054041";"Pietralunga";6;7;0;0;0;;;;7;8;0;0;0;;;;8;15
"054041";"Pietralunga";7;15;0;0;0;;;;15;3;0;0;0;;;;3;18
"054041";"Pietralunga";8;3;0;0;0;;;;3;8;0;0;0;;;;8;11
"054041";"Pietralunga";9;3;0;0;0;;;;3;2;0;0;0;;;;2;5
"054041";"Pietralunga";10;3;0;0;0;;;;3;8;0;0;0;;;;8;11
"054041";"Pietralunga";11;5;0;0;0;;;;5;12;0;0;0;;;;12;17
"054041";"Pietralunga";12;11;0;0;0;;;;11;8;0;0;0;;;;8;19
"054041";"Pietralunga";13;6;0;0;0;;;;6;7;0;0;0;;;;7;13
"054041";"Pietralunga";14;4;0;0;0;;;;4;10;0;0;0;;;;10;14
"054041";"Pietralunga";15;5;0;0;0;;;;5;17;0;0;0;;;;17;22
"054041";"Pietralunga";16;3;0;0;0;;;;3;9;0;0;0;;;;9;12
"054041";"Pietralunga";17;14;0;0;0;;;;14;7;0;0;0;;;;7;21
"054041";"Pietralunga";18;3;0;0;0;;;;3;12;0;0;0;;;;12;15
"054041";"Pietralunga";19;4;0;0;0;;;;4;5;0;0;0;;;;5;9
"054041";"Pietralunga";20;12;0;0;0;;;;12;6;0;0;0;;;;6;18
"054041";"Pietralunga";21;9;0;0;0;;;;9;16;0;0;0;;;;16;25
"054041";"Pietralunga";22;13;0;0;0;;;;13;8;1;0;0;;;;9;22
"054041";"Pietralunga";23;13;0;0;0;;;;13;10;1;0;0;;;;11;24
"054041";"Pietralunga";24;11;0;0;0;;;;11;3;0;0;0;;;;3;14
"054041";"Pietralunga";25;8;0;0;0;;;;8;6;1;0;0;;;;7;15
"054041";"Pietralunga";26;9;0;0;0;;;;9;9;1;0;0;;;;10;19
"054041";"Pietralunga";27;9;0;0;0;;;;9;6;0;0;0;;;;6;15
"054041";"Pietralunga";28;11;1;0;0;;;;12;11;0;0;0;;;;11;23
"054041";"Pietralunga";29;6;2;0;0;;;;8;2;3;0;0;;;;5;13
"054041";"Pietralunga";30;9;0;0;0;;;;9;5;3;0;0;;;;8;17
"054041";"Pietralunga";31;6;0;0;0;;;;6;13;5;0;0;;;;18;24
"054041";"Pietralunga";32;10;2;0;0;;;;12;8;2;0;0;;;;10;22
"054041";"Pietralunga";33;10;0;0;0;;;;10;5;3;1;0;;;;9;19
"054041";"Pietralunga";34;6;3;0;0;;;;9;6;1;0;0;;;;7;16
"054041";"Pietralunga";35;8;2;0;0;;;;10;7;3;0;0;;;;10;20
"054041";"Pietralunga";36;11;6;0;0;;;;17;2;5;0;0;;;;7;24
"054041";"Pietralunga";37;11;3;0;0;;;;14;5;8;0;0;;;;13;27
"054041";"Pietralunga";38;7;3;0;0;;;;10;10;6;1;0;;;;17;27
"054041";"Pietralunga";39;8;4;0;0;;;;12;5;4;1;1;;;;11;23
"054041";"Pietralunga";40;7;4;0;0;;;;11;1;2;1;0;;;;4;15
"054041";"Pietralunga";41;9;2;0;0;;;;11;3;4;1;1;;;;9;20
"054041";"Pietralunga";42;5;5;0;0;;;;10;4;8;0;0;;;;12;22
"054041";"Pietralunga";43;10;4;1;0;;;;15;6;4;1;0;;;;11;26
"054041";"Pietralunga";44;7;3;0;0;;;;10;4;6;0;0;;;;10;20
"054041";"Pietralunga";45;6;6;0;0;;;;12;3;6;1;0;;;;10;22
"054041";"Pietralunga";46;7;4;2;0;;;;13;2;5;1;0;;;;8;21
"054041";"Pietralunga";47;5;8;1;0;;;;14;3;9;0;0;;;;12;26
"054041";"Pietralunga";48;7;5;1;0;;;;13;4;9;0;0;;;;13;26
"054041";"Pietralunga";49;2;7;1;0;;;;10;1;11;2;0;;;;14;24
"054041";"Pietralunga";50;5;7;1;0;;;;13;2;7;0;1;;;;10;23
"054041";"Pietralunga";51;4;6;0;0;;;;10;3;11;1;0;;;;15;25
"054041";"Pietralunga";52;2;11;0;0;;;;13;2;12;2;0;;;;16;29
"054041";"Pietralunga";53;8;7;0;0;;;;15;1;6;0;0;;;;7;22
"054041";"Pietralunga";54;4;17;0;0;;;;21;1;11;1;3;;;;16;37
"054041";"Pietralunga";55;5;12;1;0;;;;18;0;18;2;4;;;;24;42
"054041";"Pietralunga";56;3;9;3;1;;;;16;0;10;0;2;;;;12;28
"054041";"Pietralunga";57;4;14;2;0;;;;20;2;12;2;1;;;;17;37
"054041";"Pietralunga";58;10;10;0;0;;;;20;2;16;3;0;;;;21;41
"054041";"Pietralunga";59;2;12;1;0;;;;15;2;16;0;1;;;;19;34
"054041";"Pietralunga";60;1;14;0;1;;;;16;2;9;2;2;;;;15;31
"054041";"Pietralunga";61;3;10;2;2;;;;17;2;11;1;0;;;;14;31
"054041";"Pietralunga";62;2;16;0;1;;;;19;2;11;0;0;;;;13;32
"054041";"Pietralunga";63;1;9;0;0;;;;10;5;13;2;2;;;;22;32
"054041";"Pietralunga";64;1;6;1;0;;;;8;1;12;0;4;;;;17;25
"054041";"Pietralunga";65;1;20;0;1;;;;22;3;8;0;2;;;;13;35
"054041";"Pietralunga";66;3;14;0;0;;;;17;1;15;0;0;;;;16;33
"054041";"Pietralunga";67;2;11;0;1;;;;14;0;9;1;2;;;;12;26
"054041";"Pietralunga";68;3;18;1;0;;;;22;2;10;2;0;;;;14;36
"054041";"Pietralunga";69;1;14;0;1;;;;16;1;11;0;3;;;;15;31
"054041";"Pietralunga";70;1;11;1;2;;;;15;0;12;0;4;;;;16;31
"054041";"Pietralunga";71;5;7;0;0;;;;12;0;6;1;2;;;;9;21
"054041";"Pietralunga";72;5;6;0;2;;;;13;1;9;0;3;;;;13;26
"054041";"Pietralunga";73;0;11;0;0;;;;11;1;9;0;5;;;;15;26
"054041";"Pietralunga";74;2;10;0;1;;;;13;1;5;0;3;;;;9;22
"054041";"Pietralunga";75;2;9;0;0;;;;11;1;9;0;5;;;;15;26
"054041";"Pietralunga";76;3;16;0;1;;;;20;0;4;0;3;;;;7;27
"054041";"Pietralunga";77;1;2;0;1;;;;4;0;4;0;6;;;;10;14
"054041";"Pietralunga";78;0;10;0;1;;;;11;0;4;0;2;;;;6;17
"054041";"Pietralunga";79;0;6;0;0;;;;6;1;4;0;6;;;;11;17
"054041";"Pietralunga";80;0;2;0;1;;;;3;0;3;0;5;;;;8;11
"054041";"Pietralunga";81;2;6;0;1;;;;9;0;6;0;10;;;;16;25
"054041";"Pietralunga";82;0;5;1;1;;;;7;1;4;0;9;;;;14;21
"054041";"Pietralunga";83;2;7;0;1;;;;10;1;6;0;9;;;;16;26
"054041";"Pietralunga";84;2;8;0;0;;;;10;1;2;0;9;;;;12;22
"054041";"Pietralunga";85;1;3;0;0;;;;4;0;1;0;15;;;;16;20
"054041";"Pietralunga";86;0;4;0;2;;;;6;0;1;0;10;;;;11;17
"054041";"Pietralunga";87;0;3;0;2;;;;5;0;2;0;9;;;;11;16
"054041";"Pietralunga";88;0;4;0;2;;;;6;0;1;0;9;;;;10;16
"054041";"Pietralunga";89;2;2;0;1;;;;5;0;2;0;6;;;;8;13
"054041";"Pietralunga";90;2;1;1;1;;;;5;0;1;0;8;;;;9;14
"054041";"Pietralunga";91;0;3;0;0;;;;3;0;0;0;6;;;;6;9
"054041";"Pietralunga";92;0;1;0;1;;;;2;0;0;0;4;;;;4;6
"054041";"Pietralunga";93;0;0;0;2;;;;2;0;0;0;5;;;;5;7
"054041";"Pietralunga";94;1;2;0;1;;;;4;0;0;0;2;;;;2;6
"054041";"Pietralunga";95;0;1;0;0;;;;1;0;0;0;2;;;;2;3
"054041";"Pietralunga";96;0;0;0;0;;;;0;0;0;0;4;;;;4;4
"054041";"Pietralunga";97;0;0;0;0;;;;0;0;0;0;1;;;;1;1
"054041";"Pietralunga";98;0;0;0;0;;;;0;1;0;0;0;;;;1;1
"054041";"Pietralunga";99;0;0;0;0;;;;0;0;0;0;2;;;;2;2
"054041";"Pietralunga";100;0;0;0;0;;;;0;0;0;0;0;;;;0;0
"054041";"Pietralunga";999;458;451;21;32;;;;962;371;434;30;193;;;;1028;1990
"054042";"Poggiodomo";0;0;0;0;0;;;;0;1;0;0;0;;;;1;1
"054042";"Poggiodomo";1;0;0;0;0;;;;0;0;0;0;0;;;;0;0
"054042";"Poggiodomo";2;0;0;0;0;;;;0;0;0;0;0;;;;0;0
"054042";"Poggiodomo";3;0;0;0;0;;;;0;1;0;0;0;;;;1;1
"054042";"Poggiodomo";4;0;0;0;0;;;;0;0;0;0;0;;;;0;0
"054042";"Poggiodomo";5;0;0;0;0;;;;0;0;0;0;0;;;;0;0
"054042";"Poggiodomo";6;1;0;0;0;;;;1;0;0;0;0;;;;0;1
"054042";"Poggiodomo";7;1;0;0;0;;;;1;0;0;0;0;;;;0;1
"054042";"Poggiodomo";8;0;0;0;0;;;;0;0;0;0;0;;;;0;0
"054042";"Poggiodomo";9;0;0;0;0;;;;0;1;0;0;0;;;;1;1
"054042";"Poggiodomo";10;0;0;0;0;;;;0;0;0;0;0;;;;0;0
"054042";"Poggiodomo";11;0;0;0;0;;;;0;0;0;0;0;;;;0;0
"054042";"Poggiodomo";12;0;0;0;0;;;;0;0;0;0;0;;;;0;0
"054042";"Poggiodomo";13;0;0;0;0;;;;0;0;0;0;0;;;;0;0
"054042";"Poggiodomo";14;0;0;0;0;;;;0;0;0;0;0;;;;0;0
"054042";"Poggiodomo";15;0;0;0;0;;;;0;0;0;0;0;;;;0;0
"054042";"Poggiodomo";16;1;0;0;0;;;;1;0;0;0;0;;;;0;1
"054042";"Poggiodomo";17;0;0;0;0;;;;0;0;0;0;0;;;;0;0
"054042";"Poggiodomo";18;0;0;0;0;;;;0;0;0;0;0;;;;0;0
"054042";"Poggiodomo";19;1;0;0;0;;;;1;0;0;0;0;;;;0;1
"054042";"Poggiodomo";20;0;0;0;0;;;;0;0;0;0;0;;;;0;0
"054042";"Poggiodomo";21;0;0;0;0;;;;0;0;0;0;0;;;;0;0
"054042";"Poggiodomo";22;0;0;0;0;;;;0;0;0;0;0;;;;0;0
"054042";"Poggiodomo";23;0;0;0;0;;;;0;0;0;0;0;;;;0;0
"054042";"Poggiodomo";24;0;0;0;0;;;;0;0;0;0;0;;;;0;0
"054042";"Poggiodomo";25;0;0;0;0;;;;0;0;0;0;0;;;;0;0
"054042";"Poggiodomo";26;0;0;0;0;;;;0;0;0;0;0;;;;0;0
"054042";"Poggiodomo";27;0;0;0;0;;;;0;0;0;0;0;;;;0;0
"054042";"Poggiodomo";28;0;0;0;0;;;;0;0;0;0;0;;;;0;0
"054042";"Poggiodomo";29;0;0;0;0;;;;0;0;0;0;0;;;;0;0
"054042";"Poggiodomo";30;0;0;0;0;;;;0;0;0;0;0;;;;0;0
"054042";"Poggiodomo";31;0;0;0;0;;;;0;0;0;0;0;;;;0;0
"054042";"Poggiodomo";32;0;0;0;0;;;;0;0;0;0;0;;;;0;0
"054042";"Poggiodomo";33;0;0;0;0;;;;0;0;0;0;0;;;;0;0
"054042";"Poggiodomo";34;0;0;0;0;;;;0;0;0;0;0;;;;0;0
"054042";"Poggiodomo";35;0;1;0;0;;;;1;0;0;0;0;;;;0;1
"054042";"Poggiodomo";36;0;0;0;0;;;;0;1;0;0;0;;;;1;1
"054042";"Poggiodomo";37;0;0;0;0;;;;0;0;0;0;0;;;;0;0
"054042";"Poggiodomo";38;0;0;0;0;;;;0;0;1;0;0;;;;1;1
"054042";"Poggiodomo";39;0;0;0;0;;;;0;0;0;0;0;;;;0;0
"054042";"Poggiodomo";40;0;0;0;0;;;;0;0;1;0;0;;;;1;1
"054042";"Poggiodomo";41;1;0;0;0;;;;1;0;1;0;0;;;;1;2
"054042";"Poggiodomo";42;0;0;0;0;;;;0;0;0;0;0;;;;0;0
"054042";"Poggiodomo";43;0;0;1;0;;;;1;0;0;1;0;;;;1;2
"054042";"Poggiodomo";44;0;0;0;0;;;;0;0;0;0;0;;;;0;0
"054042";"Poggiodomo";45;2;0;0;0;;;;2;0;0;0;0;;;;0;2
"054042";"Poggiodomo";46;0;0;0;0;;;;0;1;0;0;0;;;;1;1
"054042";"Poggiodomo";47;1;0;0;0;;;;1;0;0;0;0;;;;0;1
"054042";"Poggiodomo";48;1;1;0;0;;;;2;0;0;0;0;;;;0;2
"054042";"Poggiodomo";49;0;0;0;0;;;;0;0;0;0;0;;;;0;0
"054042";"Poggiodomo";50;1;0;0;0;;;;1;0;1;0;0;;;;1;2
"054042";"Poggiodomo";51;0;1;0;0;;;;1;0;0;0;0;;;;0;1
"054042";"Poggiodomo";52;0;0;0;0;;;;0;0;0;0;0;;;;0;0
"054042";"Poggiodomo";53;0;0;0;0;;;;0;0;0;0;0;;;;0;0
"054042";"Poggiodomo";54;0;0;0;0;;;;0;0;0;0;0;;;;0;0
"054042";"Poggiodomo";55;1;0;0;0;;;;1;0;0;0;0;;;;0;1
"054042";"Poggiodomo";56;0;1;0;0;;;;1;0;2;0;0;;;;2;3
"054042";"Poggiodomo";57;1;1;0;0;;;;2;0;1;0;0;;;;1;3
"054042";"Poggiodomo";58;0;0;0;0;;;;0;0;2;0;0;;;;2;2
"054042";"Poggiodomo";59;0;0;0;0;;;;0;0;0;0;0;;;;0;0
"054042";"Poggiodomo";60;1;0;0;0;;;;1;0;3;0;0;;;;3;4
"054042";"Poggiodomo";61;1;1;0;0;;;;2;1;0;0;0;;;;1;3
"054042";"Poggiodomo";62;0;1;1;0;;;;2;0;3;0;0;;;;3;5
"054042";"Poggiodomo";63;0;1;0;0;;;;1;0;0;0;0;;;;0;1
"054042";"Poggiodomo";64;1;1;0;0;;;;2;0;0;0;0;;;;0;2
"054042";"Poggiodomo";65;0;0;0;0;;;;0;0;0;0;0;;;;0;0
"054042";"Poggiodomo";66;0;1;0;0;;;;1;0;0;0;0;;;;0;1
"054042";"Poggiodomo";67;0;1;0;0;;;;1;0;0;0;0;;;;0;1
"054042";"Poggiodomo";68;0;0;0;0;;;;0;1;0;0;0;;;;1;1
"054042";"Poggiodomo";69;0;1;0;0;;;;1;0;0;0;0;;;;0;1
"054042";"Poggiodomo";70;0;0;0;0;;;;0;0;1;0;0;;;;1;1
"054042";"Poggiodomo";71;0;1;0;0;;;;1;0;0;0;1;;;;1;2
"054042";"Poggiodomo";72;0;0;0;0;;;;0;0;1;0;0;;;;1;1
"054042";"Poggiodomo";73;0;5;0;0;;;;5;0;2;0;0;;;;2;7
"054042";"Poggiodomo";74;1;0;0;0;;;;1;0;3;0;0;;;;3;4
"054042";"Poggiodomo";75;0;1;0;1;;;;2;1;0;0;0;;;;1;3
"054042";"Poggiodomo";76;0;0;0;0;;;;0;0;0;0;0;;;;0;0
"054042";"Poggiodomo";77;0;1;0;0;;;;1;0;1;0;1;;;;2;3
"054042";"Poggiodomo";78;0;1;1;0;;;;2;0;0;0;0;;;;0;2
"054042";"Poggiodomo";79;0;0;0;1;;;;1;0;0;0;1;;;;1;2
"054042";"Poggiodomo";80;2;0;0;0;;;;2;0;2;0;0;;;;2;4
"054042";"Poggiodomo";81;0;1;0;0;;;;1;0;0;0;0;;;;0;1
"054042";"Poggiodomo";82;0;0;0;0;;;;0;0;0;0;1;;;;1;1
"054042";"Poggiodomo";83;0;1;0;0;;;;1;0;0;0;0;;;;0;1
"054042";"Poggiodomo";84;0;3;0;0;;;;3;0;0;0;0;;;;0;3
"054042";"Poggiodomo";85;0;0;0;0;;;;0;0;1;0;0;;;;1;1
"054042";"Poggiodomo";86;0;0;0;0;;;;0;0;0;0;1;;;;1;1
"054042";"Poggiodomo";87;0;0;0;0;;;;0;0;0;0;0;;;;0;0
"054042";"Poggiodomo";88;0;2;0;0;;;;2;0;0;0;0;;;;0;2
"054042";"Poggiodomo";89;0;0;0;0;;;;0;0;0;0;0;;;;0;0
"054042";"Poggiodomo";90;0;0;0;0;;;;0;0;0;0;0;;;;0;0
"054042";"Poggiodomo";91;0;2;0;0;;;;2;0;0;0;0;;;;0;2
"054042";"Poggiodomo";92;0;0;0;0;;;;0;0;0;0;3;;;;3;3
"054042";"Poggiodomo";93;0;1;0;0;;;;1;0;0;0;0;;;;0;1
"054042";"Poggiodomo";94;0;0;0;0;;;;0;0;0;0;0;;;;0;0
"054042";"Poggiodomo";95;0;0;0;1;;;;1;0;0;0;1;;;;1;2
"054042";"Poggiodomo";96;0;0;0;0;;;;0;0;0;0;0;;;;0;0
"054042";"Poggiodomo";97;0;0;0;0;;;;0;0;0;0;0;;;;0;0
"054042";"Poggiodomo";98;0;0;0;0;;;;0;0;0;0;0;;;;0;0
"054042";"Poggiodomo";99;0;0;0;0;;;;0;0;0;0;0;;;;0;0
"054042";"Poggiodomo";100;0;0;0;0;;;;0;0;0;0;0;;;;0;0
"054042";"Poggiodomo";999;18;31;3;3;;;;55;8;26;1;9;;;;44;99
"054043";"Preci";0;5;0;0;0;;;;5;3;0;0;0;;;;3;8
"054043";"Preci";1;1;0;0;0;;;;1;1;0;0;0;;;;1;2
"054043";"Preci";2;4;0;0;0;;;;4;7;0;0;0;;;;7;11
"054043";"Preci";3;0;0;0;0;;;;0;3;0;0;0;;;;3;3
"054043";"Preci";4;2;0;0;0;;;;2;2;0;0;0;;;;2;4
"054043";"Preci";5;3;0;0;0;;;;3;3;0;0;0;;;;3;6
"054043";"Preci";6;3;0;0;0;;;;3;2;0;0;0;;;;2;5
"054043";"Preci";7;0;0;0;0;;;;0;0;0;0;0;;;;0;0
"054043";"Preci";8;3;0;0;0;;;;3;0;0;0;0;;;;0;3
"054043";"Preci";9;2;0;0;0;;;;2;3;0;0;0;;;;3;5
"054043";"Preci";10;4;0;0;0;;;;4;2;0;0;0;;;;2;6
"054043";"Preci";11;3;0;0;0;;;;3;1;0;0;0;;;;1;4
"054043";"Preci";12;3;0;0;0;;;;3;2;0;0;0;;;;2;5
"054043";"Preci";13;0;0;0;0;;;;0;2;0;0;0;;;;2;2
"054043";"Preci";14;3;0;0;0;;;;3;2;0;0;0;;;;2;5
"054043";"Preci";15;1;0;0;0;;;;1;2;0;0;0;;;;2;3
"054043";"Preci";16;3;0;0;0;;;;3;1;0;0;0;;;;1;4
"054043";"Preci";17;2;0;0;0;;;;2;1;0;0;0;;;;1;3
"054043";"Preci";18;1;0;0;0;;;;1;0;0;0;0;;;;0;1
"054043";"Preci";19;2;0;0;0;;;;2;1;0;0;0;;;;1;3
"054043";"Preci";20;1;0;0;0;;;;1;2;0;0;0;;;;2;3
"054043";"Preci";21;3;0;0;0;;;;3;4;0;0;0;;;;4;7
"054043";"Preci";22;3;0;0;0;;;;3;2;0;0;0;;;;2;5
"054043";"Preci";23;3;0;0;0;;;;3;0;0;0;0;;;;0;3
"054043";"Preci";24;3;0;0;0;;;;3;1;1;0;0;;;;2;5
"054043";"Preci";25;3;0;0;0;;;;3;6;2;0;0;;;;8;11
"054043";"Preci";26;4;1;0;0;;;;5;2;1;0;0;;;;3;8
"054043";"Preci";27;0;0;0;0;;;;0;5;1;0;0;;;;6;6
"054043";"Preci";28;0;0;0;0;;;;0;3;1;0;0;;;;4;4
"054043";"Preci";29;1;2;0;0;;;;3;3;2;0;0;;;;5;8
"054043";"Preci";30;7;1;0;0;;;;8;0;2;0;0;;;;2;10
"054043";"Preci";31;3;4;0;0;;;;7;0;2;0;0;;;;2;9
"054043";"Preci";32;2;0;0;0;;;;2;2;2;0;0;;;;4;6
"054043";"Preci";33;2;1;0;0;;;;3;2;1;0;0;;;;3;6
"054043";"Preci";34;4;2;1;0;;;;7;3;1;0;0;;;;4;11
"054043";"Preci";35;3;1;0;0;;;;4;2;0;0;0;;;;2;6
"054043";"Preci";36;3;0;0;0;;;;3;3;1;0;0;;;;4;7
"054043";"Preci";37;0;1;0;0;;;;1;5;2;0;0;;;;7;8
"054043";"Preci";38;1;4;0;0;;;;5;2;2;0;0;;;;4;9
"054043";"Preci";39;4;2;0;0;;;;6;1;2;0;0;;;;3;9
"054043";"Preci";40;4;1;0;0;;;;5;1;2;0;0;;;;3;8
"054043";"Preci";41;3;2;0;0;;;;5;1;4;0;0;;;;5;10
"054043";"Preci";42;2;0;0;0;;;;2;0;2;0;0;;;;2;4
"054043";"Preci";43;0;1;0;0;;;;1;2;0;0;0;;;;2;3
"054043";"Preci";44;2;4;0;0;;;;6;0;0;0;0;;;;0;6
"054043";"Preci";45;1;2;1;0;;;;4;1;2;0;0;;;;3;7
"054043";"Preci";46;2;1;0;0;;;;3;0;4;0;0;;;;4;7
"054043";"Preci";47;2;5;0;0;;;;7;1;3;0;0;;;;4;11
"054043";"Preci";48;1;4;1;0;;;;6;0;2;0;0;;;;2;8
"054043";"Preci";49;2;2;0;0;;;;4;3;2;0;0;;;;5;9
"054043";"Preci";50;5;1;0;0;;;;6;2;1;0;0;;;;3;9
"054043";"Preci";51;3;1;2;0;;;;6;3;7;0;0;;;;10;16
"054043";"Preci";52;4;3;0;0;;;;7;2;3;1;0;;;;6;13
"054043";"Preci";53;1;5;0;0;;;;6;0;3;0;1;;;;4;10
"054043";"Preci";54;2;3;1;0;;;;6;1;4;0;0;;;;5;11
"054043";"Preci";55;0;2;0;0;;;;2;1;3;1;0;;;;5;7
"054043";"Preci";56;2;3;0;0;;;;5;0;5;1;0;;;;6;11
"054043";"Preci";57;3;5;1;0;;;;9;1;10;0;0;;;;11;20
"054043";"Preci";58;1;2;0;0;;;;3;1;5;0;1;;;;7;10
"054043";"Preci";59;1;4;1;0;;;;6;0;3;0;1;;;;4;10
"054043";"Preci";60;2;7;1;0;;;;10;0;4;1;0;;;;5;15
"054043";"Preci";61;0;5;0;0;;;;5;0;5;0;0;;;;5;10
"054043";"Preci";62;1;5;0;0;;;;6;0;5;0;1;;;;6;12
"054043";"Preci";63;0;8;0;0;;;;8;1;4;2;1;;;;8;16
"054043";"Preci";64;3;3;0;0;;;;6;0;5;0;0;;;;5;11
"054043";"Preci";65;1;2;0;1;;;;4;0;4;0;0;;;;4;8
"054043";"Preci";66;0;7;0;0;;;;7;0;4;0;0;;;;4;11
"054043";"Preci";67;0;3;1;0;;;;4;1;3;0;1;;;;5;9
"054043";"Preci";68;0;5;1;0;;;;6;1;2;0;2;;;;5;11
"054043";"Preci";69;0;3;0;0;;;;3;0;2;1;0;;;;3;6
"054043";"Preci";70;0;6;0;0;;;;6;0;2;0;0;;;;2;8
"054043";"Preci";71;0;5;1;1;;;;7;1;4;1;2;;;;8;15
"054043";"Preci";72;1;3;1;0;;;;5;0;1;0;2;;;;3;8
"054043";"Preci";73;1;3;0;0;;;;4;0;2;0;3;;;;5;9
"054043";"Preci";74;2;2;0;0;;;;4;1;2;0;1;;;;4;8
"054043";"Preci";75;0;3;0;1;;;;4;0;3;0;2;;;;5;9
"054043";"Preci";76;0;2;0;2;;;;4;0;1;0;1;;;;2;6
"054043";"Preci";77;0;6;1;0;;;;7;0;1;0;3;;;;4;11
"054043";"Preci";78;0;1;0;1;;;;2;0;3;0;2;;;;5;7
"054043";"Preci";79;0;0;0;0;;;;0;0;2;0;1;;;;3;3
"054043";"Preci";80;0;0;0;0;;;;0;0;2;1;5;;;;8;8
"054043";"Preci";81;0;4;0;0;;;;4;0;1;0;0;;;;1;5
"054043";"Preci";82;0;0;0;0;;;;0;0;2;0;3;;;;5;5
"054043";"Preci";83;0;2;0;1;;;;3;0;1;0;0;;;;1;4
"054043";"Preci";84;0;0;0;0;;;;0;0;1;0;4;;;;5;5
"054043";"Preci";85;0;2;0;0;;;;2;0;2;1;4;;;;7;9
"054043";"Preci";86;0;1;0;0;;;;1;0;0;0;1;;;;1;2
"054043";"Preci";87;0;2;0;1;;;;3;0;2;0;1;;;;3;6
"054043";"Preci";88;0;0;0;1;;;;1;1;0;0;3;;;;4;5
"054043";"Preci";89;0;3;0;0;;;;3;0;2;0;3;;;;5;8
"054043";"Preci";90;0;2;0;0;;;;2;0;0;0;3;;;;3;5
"054043";"Preci";91;0;0;0;0;;;;0;0;0;0;0;;;;0;0
"054043";"Preci";92;0;2;0;1;;;;3;1;0;0;2;;;;3;6
"054043";"Preci";93;0;1;0;0;;;;1;1;0;0;3;;;;4;5
"054043";"Preci";94;0;1;0;0;;;;1;1;0;0;0;;;;1;2
"054043";"Preci";95;0;0;0;0;;;;0;0;0;0;0;;;;0;0
"054043";"Preci";96;0;0;0;0;;;;0;0;0;0;1;;;;1;1
"054043";"Preci";97;0;0;0;0;;;;0;0;0;0;0;;;;0;0
"054043";"Preci";98;0;0;0;0;;;;0;0;0;0;0;;;;0;0
"054043";"Preci";99;0;0;0;0;;;;0;0;0;0;0;;;;0;0
"054043";"Preci";100;0;0;0;0;;;;0;0;0;0;0;;;;0;0
"054043";"Preci";999;147;169;14;10;;;;340;115;160;10;58;;;;343;683
"054044";"San Giustino";0;47;0;0;0;;;;47;34;0;0;0;;;;34;81
"054044";"San Giustino";1;25;0;0;0;;;;25;33;0;0;0;;;;33;58
"054044";"San Giustino";2;23;0;0;0;;;;23;25;0;0;0;;;;25;48
"054044";"San Giustino";3;37;0;0;0;;;;37;35;0;0;0;;;;35;72
"054044";"San Giustino";4;53;0;0;0;;;;53;38;0;0;0;;;;38;91
"054044";"San Giustino";5;49;0;0;0;;;;49;41;0;0;0;;;;41;90
"054044";"San Giustino";6;44;0;0;0;;;;44;40;0;0;0;;;;40;84
"054044";"San Giustino";7;59;0;0;0;;;;59;53;0;0;0;;;;53;112
"054044";"San Giustino";8;52;0;0;0;;;;52;32;0;0;0;;;;32;84
"054044";"San Giustino";9;51;0;0;0;;;;51;45;0;0;0;;;;45;96
"054044";"San Giustino";10;56;0;0;0;;;;56;59;0;0;0;;;;59;115
"054044";"San Giustino";11;53;0;0;0;;;;53;36;0;0;0;;;;36;89
"054044";"San Giustino";12;40;0;0;0;;;;40;51;0;0;0;;;;51;91
"054044";"San Giustino";13;64;0;0;0;;;;64;53;0;0;0;;;;53;117
"054044";"San Giustino";14;57;0;0;0;;;;57;51;0;0;0;;;;51;108
"054044";"San Giustino";15;63;0;0;0;;;;63;46;0;0;0;;;;46;109
"054044";"San Giustino";16;61;0;0;0;;;;61;50;0;0;0;;;;50;111
"054044";"San Giustino";17;53;0;0;0;;;;53;45;0;0;0;;;;45;98
"054044";"San Giustino";18;43;0;0;0;;;;43;42;0;0;0;;;;42;85
"054044";"San Giustino";19;45;0;0;0;;;;45;49;0;0;0;;;;49;94
"054044";"San Giustino";20;52;0;0;0;;;;52;49;0;0;0;;;;49;101
"054044";"San Giustino";21;55;0;0;0;;;;55;46;0;0;0;;;;46;101
"054044";"San Giustino";22;46;0;0;0;;;;46;48;1;0;0;;;;49;95
"054044";"San Giustino";23;50;0;0;0;;;;50;53;3;0;0;;;;56;106
"054044";"San Giustino";24;44;1;0;0;;;;45;55;1;0;0;;;;56;101
"054044";"San Giustino";25;54;0;0;0;;;;54;35;2;0;0;;;;37;91
"054044";"San Giustino";26;51;2;1;0;;;;54;49;5;0;0;;;;54;108
"054044";"San Giustino";27;45;1;0;0;;;;46;48;5;0;0;;;;53;99
"054044";"San Giustino";28;46;3;1;0;;;;50;39;7;0;0;;;;46;96
"054044";"San Giustino";29;55;5;0;0;;;;60;33;11;1;0;;;;45;105
"054044";"San Giustino";30;40;3;0;0;;;;43;32;7;1;0;;;;40;83
"054044";"San Giustino";31;41;6;0;0;;;;47;33;15;0;0;;;;48;95
"054044";"San Giustino";32;42;7;0;0;;;;49;35;12;1;0;;;;48;97
"054044";"San Giustino";33;35;16;0;0;;;;51;43;19;0;0;;;;62;113
"054044";"San Giustino";34;54;18;4;0;;;;76;36;31;2;0;;;;69;145
"054044";"San Giustino";35;37;17;1;0;;;;55;35;23;2;0;;;;60;115
"054044";"San Giustino";36;39;17;0;0;;;;56;43;25;6;0;;;;74;130
"054044";"San Giustino";37;44;18;0;0;;;;62;23;28;3;1;;;;55;117
"054044";"San Giustino";38;37;28;1;0;;;;66;21;43;0;1;;;;65;131
"054044";"San Giustino";39;32;24;3;0;;;;59;26;23;2;1;;;;52;111
"054044";"San Giustino";40;43;36;0;0;;;;79;31;42;4;1;;;;78;157
"054044";"San Giustino";41;36;31;1;0;;;;68;29;53;2;0;;;;84;152
"054044";"San Giustino";42;35;27;3;0;;;;65;16;54;7;0;;;;77;142
"054044";"San Giustino";43;32;38;4;0;;;;74;30;46;4;2;;;;82;156
"054044";"San Giustino";44;34;49;5;0;;;;88;30;57;3;0;;;;90;178
"054044";"San Giustino";45;55;48;5;0;;;;108;32;58;8;0;;;;98;206
"054044";"San Giustino";46;28;61;3;0;;;;92;24;44;7;1;;;;76;168
"054044";"San Giustino";47;28;65;4;0;;;;97;15;59;9;0;;;;83;180
"054044";"San Giustino";48;24;55;3;1;;;;83;19;63;7;1;;;;90;173
"054044";"San Giustino";49;22;58;4;1;;;;85;22;74;5;2;;;;103;188
"054044";"San Giustino";50;23;55;4;0;;;;82;13;56;6;1;;;;76;158
"054044";"San Giustino";51;22;40;6;1;;;;69;15;53;8;2;;;;78;147
"054044";"San Giustino";52;15;63;8;0;;;;86;13;72;11;6;;;;102;188
"054044";"San Giustino";53;20;81;8;1;;;;110;10;60;11;5;;;;86;196
"054044";"San Giustino";54;15;48;4;1;;;;68;9;68;10;4;;;;91;159
"054044";"San Giustino";55;14;69;6;0;;;;89;7;64;11;2;;;;84;173
"054044";"San Giustino";56;17;63;11;0;;;;91;11;64;7;5;;;;87;178
"054044";"San Giustino";57;9;51;9;1;;;;70;11;60;9;5;;;;85;155
"054044";"San Giustino";58;17;65;10;1;;;;93;14;69;8;4;;;;95;188
"054044";"San Giustino";59;9;54;10;1;;;;74;7;67;10;5;;;;89;163
"054044";"San Giustino";60;13;72;4;1;;;;90;4;51;9;7;;;;71;161
"054044";"San Giustino";61;8;52;7;1;;;;68;3;67;4;8;;;;82;150
"054044";"San Giustino";62;8;57;3;0;;;;68;7;48;7;5;;;;67;135
"054044";"San Giustino";63;8;62;9;1;;;;80;4;47;6;5;;;;62;142
"054044";"San Giustino";64;10;36;5;2;;;;53;5;74;4;9;;;;92;145
"054044";"San Giustino";65;9;56;3;1;;;;69;3;48;6;6;;;;63;132
"054044";"San Giustino";66;6;46;2;3;;;;57;6;52;2;13;;;;73;130
"054044";"San Giustino";67;7;61;0;3;;;;71;8;50;4;13;;;;75;146
"054044";"San Giustino";68;4;60;3;3;;;;70;3;56;0;11;;;;70;140
"054044";"San Giustino";69;5;47;3;3;;;;58;1;48;3;8;;;;60;118
"054044";"San Giustino";70;5;56;5;3;;;;69;5;52;2;16;;;;75;144
"054044";"San Giustino";71;5;58;2;7;;;;72;1;55;2;13;;;;71;143
"054044";"San Giustino";72;3;63;3;4;;;;73;3;61;3;19;;;;86;159
"054044";"San Giustino";73;6;59;1;7;;;;73;4;49;3;17;;;;73;146
"054044";"San Giustino";74;6;46;2;4;;;;58;1;42;4;18;;;;65;123
"054044";"San Giustino";75;3;54;1;2;;;;60;1;49;1;26;;;;77;137
"054044";"San Giustino";76;2;35;0;6;;;;43;3;34;0;13;;;;50;93
"054044";"San Giustino";77;6;44;0;3;;;;53;0;22;0;21;;;;43;96
"054044";"San Giustino";78;7;32;0;5;;;;44;0;29;3;26;;;;58;102
"054044";"San Giustino";79;6;27;1;1;;;;35;2;25;1;17;;;;45;80
"054044";"San Giustino";80;3;34;0;9;;;;46;1;26;3;31;;;;61;107
"054044";"San Giustino";81;5;38;0;3;;;;46;2;29;2;26;;;;59;105
"054044";"San Giustino";82;1;36;0;7;;;;44;0;32;0;38;;;;70;114
"054044";"San Giustino";83;0;34;0;7;;;;41;0;7;0;24;;;;31;72
"054044";"San Giustino";84;3;20;0;7;;;;30;2;25;0;31;;;;58;88
"054044";"San Giustino";85;3;23;0;4;;;;30;0;8;1;30;;;;39;69
"054044";"San Giustino";86;1;29;1;8;;;;39;0;13;0;30;;;;43;82
"054044";"San Giustino";87;1;17;0;2;;;;20;1;8;0;31;;;;40;60
"054044";"San Giustino";88;2;8;0;6;;;;16;0;3;0;24;;;;27;43
"054044";"San Giustino";89;3;8;0;3;;;;14;1;4;0;17;;;;22;36
"054044";"San Giustino";90;1;7;0;6;;;;14;0;2;0;26;;;;28;42
"054044";"San Giustino";91;0;3;0;5;;;;8;2;2;0;20;;;;24;32
"054044";"San Giustino";92;0;7;0;4;;;;11;1;1;0;15;;;;17;28
"054044";"San Giustino";93;0;2;0;3;;;;5;2;0;0;13;;;;15;20
"054044";"San Giustino";94;0;2;0;2;;;;4;0;2;0;14;;;;16;20
"054044";"San Giustino";95;0;0;0;2;;;;2;0;0;0;10;;;;10;12
"054044";"San Giustino";96;0;1;0;0;;;;1;0;0;0;6;;;;6;7
"054044";"San Giustino";97;0;0;0;1;;;;1;0;0;0;5;;;;5;6
"054044";"San Giustino";98;0;2;0;0;;;;2;0;0;0;2;;;;2;4
"054044";"San Giustino";99;0;0;0;1;;;;1;0;0;0;2;;;;2;3
"054044";"San Giustino";100;0;0;0;0;;;;0;1;0;0;5;;;;6;6
"054044";"San Giustino";999;2522;2517;174;148;;;;5361;2075;2565;235;720;;;;5595;10956
"054045";"Sant'Anatolia di Narco";0;1;0;0;0;;;;1;2;0;0;0;;;;2;3
"054045";"Sant'Anatolia di Narco";1;1;0;0;0;;;;1;2;0;0;0;;;;2;3
"054045";"Sant'Anatolia di Narco";2;2;0;0;0;;;;2;2;0;0;0;;;;2;4
"054045";"Sant'Anatolia di Narco";3;2;0;0;0;;;;2;1;0;0;0;;;;1;3
"054045";"Sant'Anatolia di Narco";4;0;0;0;0;;;;0;1;0;0;0;;;;1;1
"054045";"Sant'Anatolia di Narco";5;3;0;0;0;;;;3;2;0;0;0;;;;2;5
"054045";"Sant'Anatolia di Narco";6;2;0;0;0;;;;2;0;0;0;0;;;;0;2
"054045";"Sant'Anatolia di Narco";7;3;0;0;0;;;;3;0;0;0;0;;;;0;3
"054045";"Sant'Anatolia di Narco";8;0;0;0;0;;;;0;1;0;0;0;;;;1;1
"054045";"Sant'Anatolia di Narco";9;1;0;0;0;;;;1;3;0;0;0;;;;3;4
"054045";"Sant'Anatolia di Narco";10;2;0;0;0;;;;2;1;0;0;0;;;;1;3
"054045";"Sant'Anatolia di Narco";11;1;0;0;0;;;;1;2;0;0;0;;;;2;3
"054045";"Sant'Anatolia di Narco";12;4;0;0;0;;;;4;0;0;0;0;;;;0;4
"054045";"Sant'Anatolia di Narco";13;3;0;0;0;;;;3;2;0;0;0;;;;2;5
"054045";"Sant'Anatolia di Narco";14;6;0;0;0;;;;6;2;0;0;0;;;;2;8
"054045";"Sant'Anatolia di Narco";15;1;0;0;0;;;;1;3;0;0;0;;;;3;4
"054045";"Sant'Anatolia di Narco";16;3;0;0;0;;;;3;3;0;0;0;;;;3;6
"054045";"Sant'Anatolia di Narco";17;2;0;0;0;;;;2;1;0;0;0;;;;1;3
"054045";"Sant'Anatolia di Narco";18;2;0;0;0;;;;2;2;0;0;0;;;;2;4
"054045";"Sant'Anatolia di Narco";19;3;0;0;0;;;;3;0;0;0;0;;;;0;3
"054045";"Sant'Anatolia di Narco";20;5;0;0;0;;;;5;0;0;0;0;;;;0;5
"054045";"Sant'Anatolia di Narco";21;6;0;0;0;;;;6;2;0;0;0;;;;2;8
"054045";"Sant'Anatolia di Narco";22;2;0;0;0;;;;2;0;0;0;0;;;;0;2
"054045";"Sant'Anatolia di Narco";23;3;0;0;0;;;;3;0;0;0;0;;;;0;3
"054045";"Sant'Anatolia di Narco";24;1;0;0;0;;;;1;2;0;0;0;;;;2;3
"054045";"Sant'Anatolia di Narco";25;2;0;0;0;;;;2;3;0;0;0;;;;3;5
"054045";"Sant'Anatolia di Narco";26;2;0;0;0;;;;2;1;0;0;0;;;;1;3
"054045";"Sant'Anatolia di Narco";27;1;0;0;0;;;;1;1;0;0;0;;;;1;2
"054045";"Sant'Anatolia di Narco";28;4;0;0;0;;;;4;3;0;0;0;;;;3;7
"054045";"Sant'Anatolia di Narco";29;7;0;0;0;;;;7;1;2;0;0;;;;3;10
"054045";"Sant'Anatolia di Narco";30;0;0;0;0;;;;0;3;2;0;0;;;;5;5
"054045";"Sant'Anatolia di Narco";31;3;0;0;0;;;;3;4;1;0;0;;;;5;8
"054045";"Sant'Anatolia di Narco";32;0;0;0;0;;;;0;2;1;0;0;;;;3;3
"054045";"Sant'Anatolia di Narco";33;4;0;0;0;;;;4;4;1;0;0;;;;5;9
"054045";"Sant'Anatolia di Narco";34;5;0;0;0;;;;5;2;2;0;0;;;;4;9
"054045";"Sant'Anatolia di Narco";35;1;1;0;0;;;;2;1;3;0;0;;;;4;6
"054045";"Sant'Anatolia di Narco";36;1;0;0;0;;;;1;4;1;0;0;;;;5;6
"054045";"Sant'Anatolia di Narco";37;1;1;0;0;;;;2;2;0;0;0;;;;2;4
"054045";"Sant'Anatolia di Narco";38;1;1;0;0;;;;2;1;2;0;0;;;;3;5
"054045";"Sant'Anatolia di Narco";39;2;1;0;0;;;;3;1;1;0;0;;;;2;5
"054045";"Sant'Anatolia di Narco";40;0;2;0;0;;;;2;1;2;0;0;;;;3;5
"054045";"Sant'Anatolia di Narco";41;2;1;0;0;;;;3;0;1;0;0;;;;1;4
"054045";"Sant'Anatolia di Narco";42;4;0;0;0;;;;4;1;2;0;0;;;;3;7
"054045";"Sant'Anatolia di Narco";43;1;0;0;0;;;;1;0;1;0;0;;;;1;2
"054045";"Sant'Anatolia di Narco";44;3;2;0;0;;;;5;2;0;1;0;;;;3;8
"054045";"Sant'Anatolia di Narco";45;1;2;0;0;;;;3;0;3;0;0;;;;3;6
"054045";"Sant'Anatolia di Narco";46;2;0;1;0;;;;3;2;2;0;0;;;;4;7
"054045";"Sant'Anatolia di Narco";47;0;2;0;0;;;;2;0;0;1;0;;;;1;3
"054045";"Sant'Anatolia di Narco";48;2;3;0;0;;;;5;0;2;0;0;;;;2;7
"054045";"Sant'Anatolia di Narco";49;1;5;0;0;;;;6;0;3;0;0;;;;3;9
"054045";"Sant'Anatolia di Narco";50;0;2;0;0;;;;2;0;3;0;0;;;;3;5
"054045";"Sant'Anatolia di Narco";51;2;3;0;0;;;;5;0;6;0;0;;;;6;11
"054045";"Sant'Anatolia di Narco";52;2;2;0;0;;;;4;0;3;0;0;;;;3;7
"054045";"Sant'Anatolia di Narco";53;0;3;0;0;;;;3;0;5;0;0;;;;5;8
"054045";"Sant'Anatolia di Narco";54;1;4;0;0;;;;5;0;2;0;0;;;;2;7
"054045";"Sant'Anatolia di Narco";55;1;3;0;0;;;;4;1;3;0;0;;;;4;8
"054045";"Sant'Anatolia di Narco";56;1;4;0;0;;;;5;0;5;2;1;;;;8;13
"054045";"Sant'Anatolia di Narco";57;0;2;0;0;;;;2;1;1;0;1;;;;3;5
"054045";"Sant'Anatolia di Narco";58;1;0;0;0;;;;1;0;3;0;0;;;;3;4
"054045";"Sant'Anatolia di Narco";59;1;2;2;0;;;;5;0;2;1;0;;;;3;8
"054045";"Sant'Anatolia di Narco";60;1;6;0;0;;;;7;2;3;0;2;;;;7;14
"054045";"Sant'Anatolia di Narco";61;3;2;0;0;;;;5;0;5;0;0;;;;5;10
"054045";"Sant'Anatolia di Narco";62;0;3;0;0;;;;3;0;3;0;1;;;;4;7
"054045";"Sant'Anatolia di Narco";63;2;7;0;0;;;;9;0;5;0;1;;;;6;15
"054045";"Sant'Anatolia di Narco";64;1;7;1;0;;;;9;0;2;0;1;;;;3;12
"054045";"Sant'Anatolia di Narco";65;1;1;0;0;;;;2;0;4;0;0;;;;4;6
"054045";"Sant'Anatolia di Narco";66;0;2;1;0;;;;3;1;3;0;1;;;;5;8
"054045";"Sant'Anatolia di Narco";67;1;4;0;0;;;;5;0;3;0;0;;;;3;8
"054045";"Sant'Anatolia di Narco";68;1;5;0;0;;;;6;0;1;0;0;;;;1;7
"054045";"Sant'Anatolia di Narco";69;0;1;1;0;;;;2;0;1;1;3;;;;5;7
"054045";"Sant'Anatolia di Narco";70;0;3;1;0;;;;4;0;4;0;0;;;;4;8
"054045";"Sant'Anatolia di Narco";71;2;5;0;0;;;;7;0;1;1;2;;;;4;11
"054045";"Sant'Anatolia di Narco";72;1;1;0;0;;;;2;0;3;0;2;;;;5;7
"054045";"Sant'Anatolia di Narco";73;0;4;0;0;;;;4;0;2;0;2;;;;4;8
"054045";"Sant'Anatolia di Narco";74;0;2;0;0;;;;2;0;2;0;1;;;;3;5
"054045";"Sant'Anatolia di Narco";75;0;1;0;0;;;;1;0;2;0;0;;;;2;3
"054045";"Sant'Anatolia di Narco";76;1;2;0;0;;;;3;0;1;0;1;;;;2;5
"054045";"Sant'Anatolia di Narco";77;0;2;1;0;;;;3;0;0;0;1;;;;1;4
"054045";"Sant'Anatolia di Narco";78;1;3;0;3;;;;7;0;0;0;0;;;;0;7
"054045";"Sant'Anatolia di Narco";79;1;1;0;0;;;;2;1;2;0;0;;;;3;5
"054045";"Sant'Anatolia di Narco";80;0;3;0;0;;;;3;0;2;0;0;;;;2;5
"054045";"Sant'Anatolia di Narco";81;0;0;0;0;;;;0;1;1;0;0;;;;2;2
"054045";"Sant'Anatolia di Narco";82;0;1;0;0;;;;1;0;3;0;0;;;;3;4
"054045";"Sant'Anatolia di Narco";83;0;2;0;0;;;;2;0;0;0;2;;;;2;4
"054045";"Sant'Anatolia di Narco";84;2;2;1;2;;;;7;0;0;0;2;;;;2;9
"054045";"Sant'Anatolia di Narco";85;2;1;0;0;;;;3;0;0;0;1;;;;1;4
"054045";"Sant'Anatolia di Narco";86;0;0;0;0;;;;0;0;2;0;1;;;;3;3
"054045";"Sant'Anatolia di Narco";87;0;0;0;0;;;;0;0;0;0;1;;;;1;1
"054045";"Sant'Anatolia di Narco";88;0;2;0;1;;;;3;0;0;0;3;;;;3;6
"054045";"Sant'Anatolia di Narco";89;0;1;0;0;;;;1;0;0;0;0;;;;0;1
"054045";"Sant'Anatolia di Narco";90;0;0;0;1;;;;1;0;0;0;0;;;;0;1
"054045";"Sant'Anatolia di Narco";91;0;1;0;0;;;;1;0;1;0;2;;;;3;4
"054045";"Sant'Anatolia di Narco";92;0;0;0;0;;;;0;0;0;0;2;;;;2;2
"054045";"Sant'Anatolia di Narco";93;1;1;0;0;;;;2;0;0;0;2;;;;2;4
"054045";"Sant'Anatolia di Narco";94;0;1;0;0;;;;1;0;0;0;2;;;;2;3
"054045";"Sant'Anatolia di Narco";95;0;0;0;0;;;;0;0;0;0;0;;;;0;0
"054045";"Sant'Anatolia di Narco";96;1;0;0;0;;;;1;0;0;0;0;;;;0;1
"054045";"Sant'Anatolia di Narco";97;0;0;0;1;;;;1;0;0;0;0;;;;0;1
"054045";"Sant'Anatolia di Narco";98;0;0;0;0;;;;0;0;0;0;0;;;;0;0
"054045";"Sant'Anatolia di Narco";99;0;0;0;0;;;;0;0;0;0;0;;;;0;0
"054045";"Sant'Anatolia di Narco";100;0;0;0;0;;;;0;0;0;0;0;;;;0;0
"054045";"Sant'Anatolia di Narco";999;140;123;9;8;;;;280;80;121;7;38;;;;246;526
"054046";"Scheggia e Pascelupo";0;3;0;0;0;;;;3;2;0;0;0;;;;2;5
"054046";"Scheggia e Pascelupo";1;4;0;0;0;;;;4;3;0;0;0;;;;3;7
"054046";"Scheggia e Pascelupo";2;6;0;0;0;;;;6;7;0;0;0;;;;7;13
"054046";"Scheggia e Pascelupo";3;1;0;0;0;;;;1;4;0;0;0;;;;4;5
"054046";"Scheggia e Pascelupo";4;6;0;0;0;;;;6;3;0;0;0;;;;3;9
"054046";"Scheggia e Pascelupo";5;5;0;0;0;;;;5;6;0;0;0;;;;6;11
"054046";"Scheggia e Pascelupo";6;1;0;0;0;;;;1;4;0;0;0;;;;4;5
"054046";"Scheggia e Pascelupo";7;4;0;0;0;;;;4;6;0;0;0;;;;6;10
"054046";"Scheggia e Pascelupo";8;4;0;0;0;;;;4;3;0;0;0;;;;3;7
"054046";"Scheggia e Pascelupo";9;6;0;0;0;;;;6;4;0;0;0;;;;4;10
"054046";"Scheggia e Pascelupo";10;6;0;0;0;;;;6;2;0;0;0;;;;2;8
"054046";"Scheggia e Pascelupo";11;4;0;0;0;;;;4;5;0;0;0;;;;5;9
"054046";"Scheggia e Pascelupo";12;7;0;0;0;;;;7;5;0;0;0;;;;5;12
"054046";"Scheggia e Pascelupo";13;12;0;0;0;;;;12;5;0;0;0;;;;5;17
"054046";"Scheggia e Pascelupo";14;7;0;0;0;;;;7;1;0;0;0;;;;1;8
"054046";"Scheggia e Pascelupo";15;4;0;0;0;;;;4;5;0;0;0;;;;5;9
"054046";"Scheggia e Pascelupo";16;3;0;0;0;;;;3;7;0;0;0;;;;7;10
"054046";"Scheggia e Pascelupo";17;6;0;0;0;;;;6;7;0;0;0;;;;7;13
"054046";"Scheggia e Pascelupo";18;5;0;0;0;;;;5;4;0;0;0;;;;4;9
"054046";"Scheggia e Pascelupo";19;10;0;0;0;;;;10;4;0;0;0;;;;4;14
"054046";"Scheggia e Pascelupo";20;5;0;0;0;;;;5;5;0;0;0;;;;5;10
"054046";"Scheggia e Pascelupo";21;6;0;0;0;;;;6;1;0;0;0;;;;1;7
"054046";"Scheggia e Pascelupo";22;2;0;0;0;;;;2;5;0;0;0;;;;5;7
"054046";"Scheggia e Pascelupo";23;1;0;0;0;;;;1;8;0;0;0;;;;8;9
"054046";"Scheggia e Pascelupo";24;6;0;0;0;;;;6;5;0;0;0;;;;5;11
"054046";"Scheggia e Pascelupo";25;6;0;0;0;;;;6;6;0;0;0;;;;6;12
"054046";"Scheggia e Pascelupo";26;4;0;0;0;;;;4;6;0;0;0;;;;6;10
"054046";"Scheggia e Pascelupo";27;5;0;0;0;;;;5;4;1;0;0;;;;5;10
"054046";"Scheggia e Pascelupo";28;6;1;0;0;;;;7;2;0;0;0;;;;2;9
"054046";"Scheggia e Pascelupo";29;6;0;0;0;;;;6;1;2;0;0;;;;3;9
"054046";"Scheggia e Pascelupo";30;1;0;0;0;;;;1;0;1;0;0;;;;1;2
"054046";"Scheggia e Pascelupo";31;6;0;0;0;;;;6;2;1;0;0;;;;3;9
"054046";"Scheggia e Pascelupo";32;3;1;0;0;;;;4;2;0;1;0;;;;3;7
"054046";"Scheggia e Pascelupo";33;2;1;0;0;;;;3;4;2;0;0;;;;6;9
"054046";"Scheggia e Pascelupo";34;3;1;0;0;;;;4;0;0;0;0;;;;0;4
"054046";"Scheggia e Pascelupo";35;6;1;0;0;;;;7;9;5;0;0;;;;14;21
"054046";"Scheggia e Pascelupo";36;4;0;0;0;;;;4;5;4;0;0;;;;9;13
"054046";"Scheggia e Pascelupo";37;3;2;0;0;;;;5;4;2;0;0;;;;6;11
"054046";"Scheggia e Pascelupo";38;1;2;0;0;;;;3;1;7;0;0;;;;8;11
"054046";"Scheggia e Pascelupo";39;5;4;0;0;;;;9;6;4;0;0;;;;10;19
"054046";"Scheggia e Pascelupo";40;5;4;0;0;;;;9;5;4;0;0;;;;9;18
"054046";"Scheggia e Pascelupo";41;2;1;0;0;;;;3;3;7;1;0;;;;11;14
"054046";"Scheggia e Pascelupo";42;4;7;1;0;;;;12;0;3;0;0;;;;3;15
"054046";"Scheggia e Pascelupo";43;3;4;0;0;;;;7;1;7;0;0;;;;8;15
"054046";"Scheggia e Pascelupo";44;3;5;1;0;;;;9;0;4;0;0;;;;4;13
"054046";"Scheggia e Pascelupo";45;5;4;0;0;;;;9;1;14;0;0;;;;15;24
"054046";"Scheggia e Pascelupo";46;6;4;1;0;;;;11;1;5;0;0;;;;6;17
"054046";"Scheggia e Pascelupo";47;6;12;0;0;;;;18;1;12;0;0;;;;13;31
"054046";"Scheggia e Pascelupo";48;5;7;1;0;;;;13;0;4;1;1;;;;6;19
"054046";"Scheggia e Pascelupo";49;1;9;0;0;;;;10;2;6;2;0;;;;10;20
"054046";"Scheggia e Pascelupo";50;3;5;0;0;;;;8;0;5;0;0;;;;5;13
"054046";"Scheggia e Pascelupo";51;4;7;0;0;;;;11;0;6;0;0;;;;6;17
"054046";"Scheggia e Pascelupo";52;4;10;0;0;;;;14;4;6;0;0;;;;10;24
"054046";"Scheggia e Pascelupo";53;4;10;0;0;;;;14;2;5;0;1;;;;8;22
"054046";"Scheggia e Pascelupo";54;5;5;1;0;;;;11;1;8;2;0;;;;11;22
"054046";"Scheggia e Pascelupo";55;2;6;1;0;;;;9;1;10;1;0;;;;12;21
"054046";"Scheggia e Pascelupo";56;2;10;0;0;;;;12;1;10;1;0;;;;12;24
"054046";"Scheggia e Pascelupo";57;5;5;0;0;;;;10;2;6;0;1;;;;9;19
"054046";"Scheggia e Pascelupo";58;5;9;0;0;;;;14;0;7;1;0;;;;8;22
"054046";"Scheggia e Pascelupo";59;1;6;0;0;;;;7;1;5;0;1;;;;7;14
"054046";"Scheggia e Pascelupo";60;3;6;0;1;;;;10;2;12;0;0;;;;14;24
"054046";"Scheggia e Pascelupo";61;4;8;0;0;;;;12;2;9;0;2;;;;13;25
"054046";"Scheggia e Pascelupo";62;0;12;0;0;;;;12;1;1;2;2;;;;6;18
"054046";"Scheggia e Pascelupo";63;2;5;1;0;;;;8;1;4;0;1;;;;6;14
"054046";"Scheggia e Pascelupo";64;2;7;0;0;;;;9;2;4;0;0;;;;6;15
"054046";"Scheggia e Pascelupo";65;1;7;0;0;;;;8;1;6;0;0;;;;7;15
"054046";"Scheggia e Pascelupo";66;3;11;0;1;;;;15;1;4;0;2;;;;7;22
"054046";"Scheggia e Pascelupo";67;1;4;0;0;;;;5;0;4;0;0;;;;4;9
"054046";"Scheggia e Pascelupo";68;3;8;0;0;;;;11;0;8;1;1;;;;10;21
"054046";"Scheggia e Pascelupo";69;0;3;1;0;;;;4;0;4;0;4;;;;8;12
"054046";"Scheggia e Pascelupo";70;1;4;0;0;;;;5;0;5;0;1;;;;6;11
"054046";"Scheggia e Pascelupo";71;1;7;1;0;;;;9;1;5;0;4;;;;10;19
"054046";"Scheggia e Pascelupo";72;1;5;0;3;;;;9;0;7;0;4;;;;11;20
"054046";"Scheggia e Pascelupo";73;1;9;0;1;;;;11;0;5;0;4;;;;9;20
"054046";"Scheggia e Pascelupo";74;0;4;0;0;;;;4;2;11;0;4;;;;17;21
"054046";"Scheggia e Pascelupo";75;0;10;0;0;;;;10;2;7;0;4;;;;13;23
"054046";"Scheggia e Pascelupo";76;3;5;0;1;;;;9;0;7;0;4;;;;11;20
"054046";"Scheggia e Pascelupo";77;0;8;0;0;;;;8;0;1;0;1;;;;2;10
"054046";"Scheggia e Pascelupo";78;0;4;0;3;;;;7;0;8;0;8;;;;16;23
"054046";"Scheggia e Pascelupo";79;0;8;0;0;;;;8;0;1;0;6;;;;7;15
"054046";"Scheggia e Pascelupo";80;0;3;0;0;;;;3;0;2;0;7;;;;9;12
"054046";"Scheggia e Pascelupo";81;0;6;0;1;;;;7;0;4;0;5;;;;9;16
"054046";"Scheggia e Pascelupo";82;1;3;2;3;;;;9;0;6;0;4;;;;10;19
"054046";"Scheggia e Pascelupo";83;1;4;0;0;;;;5;1;5;0;4;;;;10;15
"054046";"Scheggia e Pascelupo";84;0;5;0;2;;;;7;0;1;0;5;;;;6;13
"054046";"Scheggia e Pascelupo";85;0;7;0;0;;;;7;0;0;0;9;;;;9;16
"054046";"Scheggia e Pascelupo";86;0;5;0;0;;;;5;0;0;0;4;;;;4;9
"054046";"Scheggia e Pascelupo";87;0;3;0;0;;;;3;0;1;0;2;;;;3;6
"054046";"Scheggia e Pascelupo";88;0;0;0;0;;;;0;2;1;0;4;;;;7;7
"054046";"Scheggia e Pascelupo";89;0;2;0;1;;;;3;0;0;0;6;;;;6;9
"054046";"Scheggia e Pascelupo";90;0;0;0;1;;;;1;0;0;0;5;;;;5;6
"054046";"Scheggia e Pascelupo";91;1;0;0;2;;;;3;0;0;0;0;;;;0;3
"054046";"Scheggia e Pascelupo";92;0;1;0;1;;;;2;0;1;0;0;;;;1;3
"054046";"Scheggia e Pascelupo";93;0;1;0;0;;;;1;0;0;0;3;;;;3;4
"054046";"Scheggia e Pascelupo";94;0;0;0;1;;;;1;0;0;0;1;;;;1;2
"054046";"Scheggia e Pascelupo";95;0;0;0;0;;;;0;0;0;0;2;;;;2;2
"054046";"Scheggia e Pascelupo";96;0;0;0;1;;;;1;0;0;0;0;;;;0;1
"054046";"Scheggia e Pascelupo";97;0;0;0;0;;;;0;0;0;0;3;;;;3;3
"054046";"Scheggia e Pascelupo";98;0;0;0;0;;;;0;0;0;0;1;;;;1;1
"054046";"Scheggia e Pascelupo";99;0;0;0;0;;;;0;0;0;0;1;;;;1;1
"054046";"Scheggia e Pascelupo";100;0;0;0;0;;;;0;0;0;0;0;;;;0;0
"054046";"Scheggia e Pascelupo";999;289;318;11;23;;;;641;207;297;13;122;;;;639;1280
"054047";"Scheggino";0;0;0;0;0;;;;0;1;0;0;0;;;;1;1
"054047";"Scheggino";1;4;0;0;0;;;;4;0;0;0;0;;;;0;4
"054047";"Scheggino";2;3;0;0;0;;;;3;0;0;0;0;;;;0;3
"054047";"Scheggino";3;3;0;0;0;;;;3;1;0;0;0;;;;1;4
"054047";"Scheggino";4;1;0;0;0;;;;1;1;0;0;0;;;;1;2
"054047";"Scheggino";5;2;0;0;0;;;;2;2;0;0;0;;;;2;4
"054047";"Scheggino";6;0;0;0;0;;;;0;0;0;0;0;;;;0;0
"054047";"Scheggino";7;1;0;0;0;;;;1;3;0;0;0;;;;3;4
"054047";"Scheggino";8;1;0;0;0;;;;1;1;0;0;0;;;;1;2
"054047";"Scheggino";9;1;0;0;0;;;;1;2;0;0;0;;;;2;3
"054047";"Scheggino";10;1;0;0;0;;;;1;1;0;0;0;;;;1;2
"054047";"Scheggino";11;3;0;0;0;;;;3;1;0;0;0;;;;1;4
"054047";"Scheggino";12;2;0;0;0;;;;2;1;0;0;0;;;;1;3
"054047";"Scheggino";13;1;0;0;0;;;;1;2;0;0;0;;;;2;3
"054047";"Scheggino";14;3;0;0;0;;;;3;3;0;0;0;;;;3;6
"054047";"Scheggino";15;1;0;0;0;;;;1;0;0;0;0;;;;0;1
"054047";"Scheggino";16;4;0;0;0;;;;4;0;0;0;0;;;;0;4
"054047";"Scheggino";17;3;0;0;0;;;;3;5;0;0;0;;;;5;8
"054047";"Scheggino";18;3;0;0;0;;;;3;4;0;0;0;;;;4;7
"054047";"Scheggino";19;1;0;0;0;;;;1;3;0;0;0;;;;3;4
"054047";"Scheggino";20;2;0;0;0;;;;2;1;1;0;0;;;;2;4
"054047";"Scheggino";21;3;0;0;0;;;;3;2;0;0;0;;;;2;5
"054047";"Scheggino";22;4;0;0;0;;;;4;2;0;0;0;;;;2;6
"054047";"Scheggino";23;2;0;0;0;;;;2;1;0;0;0;;;;1;3
"054047";"Scheggino";24;1;0;0;0;;;;1;3;0;0;0;;;;3;4
"054047";"Scheggino";25;1;0;0;0;;;;1;3;0;0;0;;;;3;4
"054047";"Scheggino";26;0;0;0;0;;;;0;1;0;0;0;;;;1;1
"054047";"Scheggino";27;3;0;0;0;;;;3;4;1;0;0;;;;5;8
"054047";"Scheggino";28;1;0;0;0;;;;1;0;2;0;0;;;;2;3
"054047";"Scheggino";29;2;0;0;0;;;;2;4;0;0;0;;;;4;6
"054047";"Scheggino";30;1;0;0;0;;;;1;1;0;0;0;;;;1;2
"054047";"Scheggino";31;1;0;0;0;;;;1;2;0;0;0;;;;2;3
"054047";"Scheggino";32;4;0;0;0;;;;4;2;1;0;0;;;;3;7
"054047";"Scheggino";33;2;1;0;0;;;;3;0;0;0;0;;;;0;3
"054047";"Scheggino";34;4;0;0;0;;;;4;2;0;0;0;;;;2;6
"054047";"Scheggino";35;2;1;0;0;;;;3;3;1;0;0;;;;4;7
"054047";"Scheggino";36;2;0;0;0;;;;2;0;0;0;0;;;;0;2
"054047";"Scheggino";37;0;1;0;0;;;;1;1;2;0;0;;;;3;4
"054047";"Scheggino";38;2;2;0;0;;;;4;1;2;0;0;;;;3;7
"054047";"Scheggino";39;0;2;0;0;;;;2;2;1;0;0;;;;3;5
"054047";"Scheggino";40;2;2;0;0;;;;4;0;0;0;0;;;;0;4
"054047";"Scheggino";41;1;1;1;0;;;;3;3;1;0;0;;;;4;7
"054047";"Scheggino";42;5;1;1;0;;;;7;0;1;0;0;;;;1;8
"054047";"Scheggino";43;1;2;0;0;;;;3;0;1;0;0;;;;1;4
"054047";"Scheggino";44;3;1;0;0;;;;4;0;1;0;0;;;;1;5
"054047";"Scheggino";45;3;1;0;0;;;;4;0;3;0;0;;;;3;7
"054047";"Scheggino";46;0;2;0;0;;;;2;2;1;0;0;;;;3;5
"054047";"Scheggino";47;0;2;0;0;;;;2;2;0;0;0;;;;2;4
"054047";"Scheggino";48;1;0;0;0;;;;1;1;0;0;0;;;;1;2
"054047";"Scheggino";49;2;1;0;0;;;;3;1;6;0;0;;;;7;10
"054047";"Scheggino";50;2;2;0;0;;;;4;1;2;0;0;;;;3;7
"054047";"Scheggino";51;1;2;1;0;;;;4;1;4;0;1;;;;6;10
"054047";"Scheggino";52;0;4;0;0;;;;4;1;2;2;0;;;;5;9
"054047";"Scheggino";53;0;2;0;0;;;;2;1;5;0;1;;;;7;9
"054047";"Scheggino";54;1;3;0;0;;;;4;0;4;1;1;;;;6;10
"054047";"Scheggino";55;2;1;0;0;;;;3;2;6;0;0;;;;8;11
"054047";"Scheggino";56;0;5;0;0;;;;5;2;3;1;0;;;;6;11
"054047";"Scheggino";57;0;5;0;1;;;;6;0;5;0;0;;;;5;11
"054047";"Scheggino";58;0;3;1;0;;;;4;0;0;0;2;;;;2;6
"054047";"Scheggino";59;1;2;0;0;;;;3;0;3;0;0;;;;3;6
"054047";"Scheggino";60;0;2;0;1;;;;3;0;1;1;0;;;;2;5
"054047";"Scheggino";61;0;1;1;0;;;;2;0;1;0;0;;;;1;3
"054047";"Scheggino";62;1;1;0;0;;;;2;2;4;0;0;;;;6;8
"054047";"Scheggino";63;0;1;0;0;;;;1;1;2;0;1;;;;4;5
"054047";"Scheggino";64;0;6;0;0;;;;6;0;4;0;1;;;;5;11
"054047";"Scheggino";65;2;2;1;0;;;;5;0;1;2;0;;;;3;8
"054047";"Scheggino";66;0;3;0;0;;;;3;0;2;0;1;;;;3;6
"054047";"Scheggino";67;0;3;1;0;;;;4;0;0;0;0;;;;0;4
"054047";"Scheggino";68;1;1;1;1;;;;4;0;2;0;0;;;;2;6
"054047";"Scheggino";69;0;3;0;0;;;;3;0;2;0;0;;;;2;5
"054047";"Scheggino";70;0;1;0;0;;;;1;1;1;0;0;;;;2;3
"054047";"Scheggino";71;0;2;0;0;;;;2;0;0;1;0;;;;1;3
"054047";"Scheggino";72;0;0;0;0;;;;0;0;0;0;0;;;;0;0
"054047";"Scheggino";73;0;2;0;0;;;;2;0;4;0;0;;;;4;6
"054047";"Scheggino";74;0;0;0;0;;;;0;2;1;0;0;;;;3;3
"054047";"Scheggino";75;0;0;0;0;;;;0;1;2;0;1;;;;4;4
"054047";"Scheggino";76;0;1;0;0;;;;1;0;1;0;3;;;;4;5
"054047";"Scheggino";77;0;1;0;0;;;;1;0;1;0;2;;;;3;4
"054047";"Scheggino";78;0;1;0;0;;;;1;1;2;0;3;;;;6;7
"054047";"Scheggino";79;0;3;1;1;;;;5;0;1;0;1;;;;2;7
"054047";"Scheggino";80;1;3;0;0;;;;4;0;1;0;0;;;;1;5
"054047";"Scheggino";81;0;2;0;1;;;;3;0;2;0;1;;;;3;6
"054047";"Scheggino";82;0;1;0;0;;;;1;0;0;0;2;;;;2;3
"054047";"Scheggino";83;0;3;0;0;;;;3;0;0;0;1;;;;1;4
"054047";"Scheggino";84;0;2;0;0;;;;2;0;1;1;0;;;;2;4
"054047";"Scheggino";85;0;1;0;1;;;;2;0;1;0;1;;;;2;4
"054047";"Scheggino";86;1;1;0;0;;;;2;0;0;0;2;;;;2;4
"054047";"Scheggino";87;0;1;0;0;;;;1;1;0;0;1;;;;2;3
"054047";"Scheggino";88;0;0;0;0;;;;0;0;0;0;1;;;;1;1
"054047";"Scheggino";89;0;0;0;2;;;;2;0;0;0;1;;;;1;3
"054047";"Scheggino";90;0;0;0;0;;;;0;0;0;0;3;;;;3;3
"054047";"Scheggino";91;0;0;0;0;;;;0;0;0;0;0;;;;0;0
"054047";"Scheggino";92;0;0;0;0;;;;0;0;0;0;1;;;;1;1
"054047";"Scheggino";93;0;0;0;0;;;;0;0;0;0;1;;;;1;1
"054047";"Scheggino";94;0;0;0;0;;;;0;0;0;0;0;;;;0;0
"054047";"Scheggino";95;0;0;0;0;;;;0;0;0;0;0;;;;0;0
"054047";"Scheggino";96;0;0;0;1;;;;1;0;0;0;0;;;;0;1
"054047";"Scheggino";97;0;0;0;0;;;;0;0;0;0;0;;;;0;0
"054047";"Scheggino";98;0;0;0;0;;;;0;0;0;0;0;;;;0;0
"054047";"Scheggino";99;0;0;0;0;;;;0;0;0;0;0;;;;0;0
"054047";"Scheggino";100;0;0;0;0;;;;0;0;0;0;0;;;;0;0
"054047";"Scheggino";999;106;97;9;9;;;;221;92;96;9;33;;;;230;451
"054048";"Sellano";0;6;0;0;0;;;;6;2;0;0;0;;;;2;8
"054048";"Sellano";1;4;0;0;0;;;;4;3;0;0;0;;;;3;7
"054048";"Sellano";2;5;0;0;0;;;;5;4;0;0;0;;;;4;9
"054048";"Sellano";3;2;0;0;0;;;;2;0;0;0;0;;;;0;2
"054048";"Sellano";4;2;0;0;0;;;;2;4;0;0;0;;;;4;6
"054048";"Sellano";5;0;0;0;0;;;;0;3;0;0;0;;;;3;3
"054048";"Sellano";6;2;0;0;0;;;;2;2;0;0;0;;;;2;4
"054048";"Sellano";7;2;0;0;0;;;;2;2;0;0;0;;;;2;4
"054048";"Sellano";8;0;0;0;0;;;;0;2;0;0;0;;;;2;2
"054048";"Sellano";9;2;0;0;0;;;;2;3;0;0;0;;;;3;5
"054048";"Sellano";10;1;0;0;0;;;;1;3;0;0;0;;;;3;4
"054048";"Sellano";11;2;0;0;0;;;;2;3;0;0;0;;;;3;5
"054048";"Sellano";12;4;0;0;0;;;;4;5;0;0;0;;;;5;9
"054048";"Sellano";13;3;0;0;0;;;;3;2;0;0;0;;;;2;5
"054048";"Sellano";14;3;0;0;0;;;;3;7;0;0;0;;;;7;10
"054048";"Sellano";15;2;0;0;0;;;;2;4;0;0;0;;;;4;6
"054048";"Sellano";16;2;0;0;0;;;;2;5;0;0;0;;;;5;7
"054048";"Sellano";17;5;0;0;0;;;;5;3;0;0;0;;;;3;8
"054048";"Sellano";18;11;0;0;0;;;;11;5;0;0;0;;;;5;16
"054048";"Sellano";19;8;0;0;0;;;;8;5;0;0;0;;;;5;13
"054048";"Sellano";20;1;0;0;0;;;;1;7;0;0;0;;;;7;8
"054048";"Sellano";21;1;0;0;0;;;;1;4;0;0;0;;;;4;5
"054048";"Sellano";22;4;0;0;0;;;;4;1;0;0;0;;;;1;5
"054048";"Sellano";23;4;0;0;0;;;;4;7;1;0;0;;;;8;12
"054048";"Sellano";24;7;0;0;0;;;;7;0;1;0;0;;;;1;8
"054048";"Sellano";25;3;0;0;0;;;;3;3;0;0;0;;;;3;6
"054048";"Sellano";26;4;1;0;0;;;;5;1;0;0;0;;;;1;6
"054048";"Sellano";27;7;0;0;0;;;;7;2;0;0;0;;;;2;9
"054048";"Sellano";28;4;0;0;0;;;;4;4;2;0;0;;;;6;10
"054048";"Sellano";29;3;1;0;0;;;;4;7;0;0;0;;;;7;11
"054048";"Sellano";30;2;0;0;0;;;;2;4;1;0;0;;;;5;7
"054048";"Sellano";31;7;2;0;0;;;;9;4;1;0;0;;;;5;14
"054048";"Sellano";32;6;0;0;0;;;;6;5;0;0;0;;;;5;11
"054048";"Sellano";33;2;1;0;0;;;;3;5;3;0;0;;;;8;11
"054048";"Sellano";34;4;0;0;0;;;;4;2;0;1;0;;;;3;7
"054048";"Sellano";35;4;2;0;0;;;;6;3;2;0;0;;;;5;11
"054048";"Sellano";36;4;0;0;0;;;;4;1;2;0;0;;;;3;7
"054048";"Sellano";37;7;1;1;0;;;;9;1;3;0;0;;;;4;13
"054048";"Sellano";38;5;3;0;0;;;;8;4;1;0;0;;;;5;13
"054048";"Sellano";39;1;0;0;0;;;;1;1;2;0;0;;;;3;4
"054048";"Sellano";40;4;1;0;0;;;;5;0;1;0;0;;;;1;6
"054048";"Sellano";41;3;1;0;0;;;;4;0;3;0;0;;;;3;7
"054048";"Sellano";42;0;1;1;0;;;;2;1;5;0;0;;;;6;8
"054048";"Sellano";43;1;0;0;0;;;;1;3;2;0;0;;;;5;6
"054048";"Sellano";44;3;2;0;0;;;;5;0;4;0;0;;;;4;9
"054048";"Sellano";45;4;0;0;0;;;;4;4;3;0;0;;;;7;11
"054048";"Sellano";46;2;3;0;0;;;;5;1;3;0;0;;;;4;9
"054048";"Sellano";47;1;1;0;0;;;;2;1;2;0;0;;;;3;5
"054048";"Sellano";48;2;4;0;0;;;;6;1;6;0;0;;;;7;13
"054048";"Sellano";49;2;6;0;0;;;;8;1;2;1;0;;;;4;12
"054048";"Sellano";50;1;4;0;0;;;;5;0;8;0;0;;;;8;13
"054048";"Sellano";51;1;4;0;0;;;;5;0;10;0;1;;;;11;16
"054048";"Sellano";52;2;5;0;0;;;;7;3;6;1;0;;;;10;17
"054048";"Sellano";53;2;6;0;2;;;;10;0;6;0;0;;;;6;16
"054048";"Sellano";54;2;3;0;0;;;;5;6;6;0;0;;;;12;17
"054048";"Sellano";55;0;10;0;1;;;;11;1;9;0;0;;;;10;21
"054048";"Sellano";56;5;4;0;0;;;;9;1;9;1;0;;;;11;20
"054048";"Sellano";57;2;8;0;0;;;;10;0;11;0;0;;;;11;21
"054048";"Sellano";58;0;7;0;0;;;;7;1;3;0;0;;;;4;11
"054048";"Sellano";59;0;4;0;0;;;;4;0;8;0;0;;;;8;12
"054048";"Sellano";60;3;9;1;0;;;;13;2;8;1;1;;;;12;25
"054048";"Sellano";61;0;7;1;0;;;;8;2;7;1;2;;;;12;20
"054048";"Sellano";62;1;8;1;1;;;;11;0;4;0;1;;;;5;16
"054048";"Sellano";63;1;4;0;1;;;;6;0;8;1;0;;;;9;15
"054048";"Sellano";64;3;8;0;0;;;;11;1;4;0;0;;;;5;16
"054048";"Sellano";65;1;10;1;1;;;;13;0;6;0;1;;;;7;20
"054048";"Sellano";66;3;7;0;0;;;;10;2;4;0;0;;;;6;16
"054048";"Sellano";67;0;10;0;0;;;;10;0;8;0;0;;;;8;18
"054048";"Sellano";68;1;6;0;1;;;;8;1;4;0;0;;;;5;13
"054048";"Sellano";69;2;10;1;0;;;;13;0;3;0;1;;;;4;17
"054048";"Sellano";70;1;4;3;0;;;;8;1;4;0;0;;;;5;13
"054048";"Sellano";71;2;6;0;0;;;;8;0;3;0;0;;;;3;11
"054048";"Sellano";72;0;5;1;1;;;;7;0;3;1;1;;;;5;12
"054048";"Sellano";73;0;6;1;0;;;;7;0;6;1;4;;;;11;18
"054048";"Sellano";74;0;8;1;0;;;;9;1;5;0;2;;;;8;17
"054048";"Sellano";75;2;8;0;0;;;;10;0;6;0;0;;;;6;16
"054048";"Sellano";76;1;1;0;0;;;;2;0;1;0;1;;;;2;4
"054048";"Sellano";77;2;3;0;0;;;;5;0;3;0;3;;;;6;11
"054048";"Sellano";78;2;5;0;0;;;;7;0;3;0;1;;;;4;11
"054048";"Sellano";79;1;4;0;2;;;;7;0;2;0;1;;;;3;10
"054048";"Sellano";80;0;6;0;2;;;;8;0;1;0;3;;;;4;12
"054048";"Sellano";81;1;0;0;1;;;;2;1;1;0;3;;;;5;7
"054048";"Sellano";82;1;4;0;1;;;;6;2;5;0;7;;;;14;20
"054048";"Sellano";83;0;3;0;1;;;;4;0;2;0;5;;;;7;11
"054048";"Sellano";84;1;2;0;1;;;;4;0;1;0;8;;;;9;13
"054048";"Sellano";85;3;2;0;1;;;;6;0;0;0;4;;;;4;10
"054048";"Sellano";86;0;3;1;0;;;;4;0;2;0;5;;;;7;11
"054048";"Sellano";87;0;1;0;2;;;;3;1;0;0;2;;;;3;6
"054048";"Sellano";88;0;3;0;0;;;;3;1;0;0;3;;;;4;7
"054048";"Sellano";89;0;3;0;2;;;;5;0;2;0;6;;;;8;13
"054048";"Sellano";90;0;2;0;1;;;;3;0;0;0;7;;;;7;10
"054048";"Sellano";91;0;0;0;1;;;;1;0;0;0;3;;;;3;4
"054048";"Sellano";92;0;1;0;0;;;;1;0;0;0;2;;;;2;3
"054048";"Sellano";93;0;0;0;1;;;;1;0;0;0;1;;;;1;2
"054048";"Sellano";94;0;0;0;0;;;;0;0;0;0;4;;;;4;4
"054048";"Sellano";95;0;0;0;0;;;;0;0;0;0;2;;;;2;2
"054048";"Sellano";96;0;0;0;2;;;;2;0;0;0;0;;;;0;2
"054048";"Sellano";97;0;0;0;0;;;;0;0;0;0;4;;;;4;4
"054048";"Sellano";98;0;0;0;0;;;;0;0;0;0;0;;;;0;0
"054048";"Sellano";99;0;0;0;0;;;;0;0;0;0;0;;;;0;0
"054048";"Sellano";100;0;0;0;0;;;;0;0;0;0;1;;;;1;1
"054048";"Sellano";999;215;244;14;26;;;;499;172;232;9;90;;;;503;1002
"054049";"Sigillo";0;6;0;0;0;;;;6;4;0;0;0;;;;4;10
"054049";"Sigillo";1;3;0;0;0;;;;3;8;0;0;0;;;;8;11
"054049";"Sigillo";2;5;0;0;0;;;;5;5;0;0;0;;;;5;10
"054049";"Sigillo";3;14;0;0;0;;;;14;1;0;0;0;;;;1;15
"054049";"Sigillo";4;7;0;0;0;;;;7;10;0;0;0;;;;10;17
"054049";"Sigillo";5;10;0;0;0;;;;10;8;0;0;0;;;;8;18
"054049";"Sigillo";6;6;0;0;0;;;;6;4;0;0;0;;;;4;10
"054049";"Sigillo";7;10;0;0;0;;;;10;8;0;0;0;;;;8;18
"054049";"Sigillo";8;6;0;0;0;;;;6;4;0;0;0;;;;4;10
"054049";"Sigillo";9;11;0;0;0;;;;11;8;0;0;0;;;;8;19
"054049";"Sigillo";10;14;0;0;0;;;;14;8;0;0;0;;;;8;22
"054049";"Sigillo";11;6;0;0;0;;;;6;8;0;0;0;;;;8;14
"054049";"Sigillo";12;10;0;0;0;;;;10;7;0;0;0;;;;7;17
"054049";"Sigillo";13;13;0;0;0;;;;13;9;0;0;0;;;;9;22
"054049";"Sigillo";14;13;0;0;0;;;;13;8;0;0;0;;;;8;21
"054049";"Sigillo";15;12;0;0;0;;;;12;12;0;0;0;;;;12;24
"054049";"Sigillo";16;17;0;0;0;;;;17;8;0;0;0;;;;8;25
"054049";"Sigillo";17;6;0;0;0;;;;6;13;0;0;0;;;;13;19
"054049";"Sigillo";18;9;0;0;0;;;;9;11;0;0;0;;;;11;20
"054049";"Sigillo";19;6;0;0;0;;;;6;14;0;0;0;;;;14;20
"054049";"Sigillo";20;14;0;0;0;;;;14;6;0;0;0;;;;6;20
"054049";"Sigillo";21;9;0;0;0;;;;9;7;1;0;0;;;;8;17
"054049";"Sigillo";22;11;0;0;0;;;;11;12;0;0;0;;;;12;23
"054049";"Sigillo";23;10;1;0;0;;;;11;8;0;0;0;;;;8;19
"054049";"Sigillo";24;11;0;0;0;;;;11;6;1;0;0;;;;7;18
"054049";"Sigillo";25;10;0;0;0;;;;10;12;1;0;0;;;;13;23
"054049";"Sigillo";26;9;0;0;0;;;;9;12;0;0;0;;;;12;21
"054049";"Sigillo";27;18;0;0;0;;;;18;9;0;0;0;;;;9;27
"054049";"Sigillo";28;15;0;0;0;;;;15;8;0;0;0;;;;8;23
"054049";"Sigillo";29;11;1;0;0;;;;12;8;2;0;0;;;;10;22
"054049";"Sigillo";30;6;0;0;0;;;;6;5;3;0;0;;;;8;14
"054049";"Sigillo";31;8;1;0;0;;;;9;5;5;0;0;;;;10;19
"054049";"Sigillo";32;5;3;0;0;;;;8;5;6;0;0;;;;11;19
"054049";"Sigillo";33;5;1;0;0;;;;6;6;4;0;0;;;;10;16
"054049";"Sigillo";34;6;3;0;0;;;;9;5;4;1;0;;;;10;19
"054049";"Sigillo";35;10;1;0;0;;;;11;9;3;0;0;;;;12;23
"054049";"Sigillo";36;7;3;0;0;;;;10;4;5;0;0;;;;9;19
"054049";"Sigillo";37;2;2;0;0;;;;4;8;6;1;0;;;;15;19
"054049";"Sigillo";38;9;3;0;0;;;;12;11;5;1;0;;;;17;29
"054049";"Sigillo";39;4;6;0;0;;;;10;5;3;0;0;;;;8;18
"054049";"Sigillo";40;9;7;0;0;;;;16;2;6;1;0;;;;9;25
"054049";"Sigillo";41;6;9;1;0;;;;16;3;12;2;1;;;;18;34
"054049";"Sigillo";42;9;8;1;0;;;;18;0;8;0;0;;;;8;26
"054049";"Sigillo";43;1;11;0;0;;;;12;5;12;1;0;;;;18;30
"054049";"Sigillo";44;7;16;0;0;;;;23;2;11;2;0;;;;15;38
"054049";"Sigillo";45;8;7;1;0;;;;16;4;20;0;0;;;;24;40
"054049";"Sigillo";46;5;11;1;0;;;;17;3;21;1;1;;;;26;43
"054049";"Sigillo";47;5;7;1;0;;;;13;2;8;4;0;;;;14;27
"054049";"Sigillo";48;6;13;3;0;;;;22;2;12;1;1;;;;16;38
"054049";"Sigillo";49;7;7;0;0;;;;14;0;13;2;0;;;;15;29
"054049";"Sigillo";50;2;11;0;0;;;;13;2;15;0;1;;;;18;31
"054049";"Sigillo";51;8;18;0;0;;;;26;5;13;0;0;;;;18;44
"054049";"Sigillo";52;2;13;1;0;;;;16;1;16;2;0;;;;19;35
"054049";"Sigillo";53;5;11;1;0;;;;17;2;18;0;0;;;;20;37
"054049";"Sigillo";54;4;13;1;0;;;;18;1;14;0;0;;;;15;33
"054049";"Sigillo";55;3;16;1;0;;;;20;2;20;1;1;;;;24;44
"054049";"Sigillo";56;2;15;1;0;;;;18;2;15;2;2;;;;21;39
"054049";"Sigillo";57;7;11;0;0;;;;18;3;15;0;2;;;;20;38
"054049";"Sigillo";58;1;13;0;0;;;;14;0;16;0;0;;;;16;30
"054049";"Sigillo";59;1;18;0;0;;;;19;0;20;0;4;;;;24;43
"054049";"Sigillo";60;2;12;0;1;;;;15;2;12;0;2;;;;16;31
"054049";"Sigillo";61;3;19;2;0;;;;24;1;11;1;4;;;;17;41
"054049";"Sigillo";62;4;16;3;0;;;;23;4;18;0;2;;;;24;47
"054049";"Sigillo";63;3;17;1;0;;;;21;0;15;0;1;;;;16;37
"054049";"Sigillo";64;3;10;0;1;;;;14;1;17;1;2;;;;21;35
"054049";"Sigillo";65;1;7;1;0;;;;9;0;13;1;1;;;;15;24
"054049";"Sigillo";66;0;22;1;1;;;;24;1;8;0;3;;;;12;36
"054049";"Sigillo";67;2;7;2;1;;;;12;0;11;0;5;;;;16;28
"054049";"Sigillo";68;1;10;1;0;;;;12;0;8;1;2;;;;11;23
"054049";"Sigillo";69;1;14;0;0;;;;15;0;12;1;1;;;;14;29
"054049";"Sigillo";70;3;8;0;0;;;;11;0;10;0;3;;;;13;24
"054049";"Sigillo";71;3;14;0;0;;;;17;1;12;0;5;;;;18;35
"054049";"Sigillo";72;1;12;0;0;;;;13;0;11;0;4;;;;15;28
"054049";"Sigillo";73;0;10;1;1;;;;12;1;14;0;4;;;;19;31
"054049";"Sigillo";74;2;9;0;2;;;;13;1;8;0;6;;;;15;28
"054049";"Sigillo";75;1;8;0;0;;;;9;0;9;0;12;;;;21;30
"054049";"Sigillo";76;0;7;1;1;;;;9;1;4;0;3;;;;8;17
"054049";"Sigillo";77;2;7;0;2;;;;11;1;4;0;4;;;;9;20
"054049";"Sigillo";78;0;13;0;1;;;;14;1;7;0;8;;;;16;30
"054049";"Sigillo";79;0;10;0;2;;;;12;0;4;0;1;;;;5;17
"054049";"Sigillo";80;0;5;0;2;;;;7;2;5;0;5;;;;12;19
"054049";"Sigillo";81;2;11;0;2;;;;15;1;8;0;10;;;;19;34
"054049";"Sigillo";82;3;8;1;2;;;;14;2;5;1;5;;;;13;27
"054049";"Sigillo";83;0;5;0;1;;;;6;0;2;0;12;;;;14;20
"054049";"Sigillo";84;0;5;0;0;;;;5;2;2;0;6;;;;10;15
"054049";"Sigillo";85;1;4;0;2;;;;7;0;4;1;8;;;;13;20
"054049";"Sigillo";86;1;7;0;1;;;;9;1;2;0;10;;;;13;22
"054049";"Sigillo";87;0;7;0;2;;;;9;1;2;0;7;;;;10;19
"054049";"Sigillo";88;1;2;0;1;;;;4;1;1;0;11;;;;13;17
"054049";"Sigillo";89;0;2;0;3;;;;5;1;1;0;4;;;;6;11
"054049";"Sigillo";90;0;2;0;1;;;;3;1;0;0;8;;;;9;12
"054049";"Sigillo";91;0;3;0;2;;;;5;0;3;0;7;;;;10;15
"054049";"Sigillo";92;0;2;0;0;;;;2;2;0;0;5;;;;7;9
"054049";"Sigillo";93;0;0;0;0;;;;0;0;0;0;3;;;;3;3
"054049";"Sigillo";94;0;1;0;1;;;;2;1;0;0;4;;;;5;7
"054049";"Sigillo";95;0;0;0;0;;;;0;0;0;0;3;;;;3;3
"054049";"Sigillo";96;0;0;0;0;;;;0;0;0;0;1;;;;1;1
"054049";"Sigillo";97;0;0;0;0;;;;0;0;0;0;2;;;;2;2
"054049";"Sigillo";98;0;0;0;0;;;;0;0;0;0;1;;;;1;1
"054049";"Sigillo";99;0;0;0;0;;;;0;0;0;0;2;;;;2;2
"054049";"Sigillo";100;0;0;0;0;;;;0;0;0;0;1;;;;1;1
"054049";"Sigillo";999;502;556;27;33;;;;1118;380;577;29;201;;;;1187;2305
"054050";"Spello";0;21;0;0;0;;;;21;18;0;0;0;;;;18;39
"054050";"Spello";1;28;0;0;0;;;;28;14;0;0;0;;;;14;42
"054050";"Spello";2;22;0;0;0;;;;22;17;0;0;0;;;;17;39
"054050";"Spello";3;28;0;0;0;;;;28;31;0;0;0;;;;31;59
"054050";"Spello";4;30;0;0;0;;;;30;31;0;0;0;;;;31;61
"054050";"Spello";5;37;0;0;0;;;;37;23;0;0;0;;;;23;60
"054050";"Spello";6;26;0;0;0;;;;26;30;0;0;0;;;;30;56
"054050";"Spello";7;39;0;0;0;;;;39;31;0;0;0;;;;31;70
"054050";"Spello";8;31;0;0;0;;;;31;37;0;0;0;;;;37;68
"054050";"Spello";9;40;0;0;0;;;;40;34;0;0;0;;;;34;74
"054050";"Spello";10;33;0;0;0;;;;33;24;0;0;0;;;;24;57
"054050";"Spello";11;40;0;0;0;;;;40;50;0;0;0;;;;50;90
"054050";"Spello";12;30;0;0;0;;;;30;41;0;0;0;;;;41;71
"054050";"Spello";13;46;0;0;0;;;;46;33;0;0;0;;;;33;79
"054050";"Spello";14;56;0;0;0;;;;56;42;0;0;0;;;;42;98
"054050";"Spello";15;37;0;0;0;;;;37;43;0;0;0;;;;43;80
"054050";"Spello";16;37;0;0;0;;;;37;42;0;0;0;;;;42;79
"054050";"Spello";17;33;0;0;0;;;;33;36;0;0;0;;;;36;69
"054050";"Spello";18;34;0;0;0;;;;34;44;0;0;0;;;;44;78
"054050";"Spello";19;33;0;0;0;;;;33;44;0;0;0;;;;44;77
"054050";"Spello";20;44;1;0;0;;;;45;40;1;0;0;;;;41;86
"054050";"Spello";21;40;0;0;0;;;;40;31;1;0;0;;;;32;72
"054050";"Spello";22;34;0;0;0;;;;34;27;1;0;0;;;;28;62
"054050";"Spello";23;37;1;0;0;;;;38;28;1;0;0;;;;29;67
"054050";"Spello";24;23;1;0;0;;;;24;26;2;0;0;;;;28;52
"054050";"Spello";25;47;0;0;0;;;;47;27;1;0;0;;;;28;75
"054050";"Spello";26;24;2;0;0;;;;26;23;2;0;0;;;;25;51
"054050";"Spello";27;30;0;0;0;;;;30;23;2;0;0;;;;25;55
"054050";"Spello";28;30;2;0;0;;;;32;32;4;0;0;;;;36;68
"054050";"Spello";29;38;4;0;0;;;;42;28;3;0;0;;;;31;73
"054050";"Spello";30;34;7;0;0;;;;41;28;11;0;0;;;;39;80
"054050";"Spello";31;31;6;0;0;;;;37;22;10;0;0;;;;32;69
"054050";"Spello";32;41;4;0;0;;;;45;35;9;0;0;;;;44;89
"054050";"Spello";33;28;11;0;0;;;;39;34;20;0;0;;;;54;93
"054050";"Spello";34;26;17;0;0;;;;43;26;19;1;0;;;;46;89
"054050";"Spello";35;33;12;0;0;;;;45;30;22;0;0;;;;52;97
"054050";"Spello";36;12;20;0;0;;;;32;22;21;1;0;;;;44;76
"054050";"Spello";37;21;7;0;0;;;;28;20;21;1;1;;;;43;71
"054050";"Spello";38;24;28;0;0;;;;52;21;26;1;0;;;;48;100
"054050";"Spello";39;18;21;0;0;;;;39;17;30;4;1;;;;52;91
"054050";"Spello";40;21;29;1;0;;;;51;16;23;0;0;;;;39;90
"054050";"Spello";41;18;26;0;0;;;;44;12;35;1;0;;;;48;92
"054050";"Spello";42;22;31;3;1;;;;57;17;38;0;0;;;;55;112
"054050";"Spello";43;20;18;2;0;;;;40;18;34;3;1;;;;56;96
"054050";"Spello";44;19;36;1;0;;;;56;18;48;3;0;;;;69;125
"054050";"Spello";45;22;38;3;0;;;;63;12;38;1;0;;;;51;114
"054050";"Spello";46;21;36;2;0;;;;59;20;55;0;0;;;;75;134
"054050";"Spello";47;21;32;1;0;;;;54;18;42;1;1;;;;62;116
"054050";"Spello";48;30;39;2;0;;;;71;17;57;4;1;;;;79;150
"054050";"Spello";49;17;47;3;0;;;;67;11;45;3;1;;;;60;127
"054050";"Spello";50;22;40;2;1;;;;65;9;55;2;1;;;;67;132
"054050";"Spello";51;16;43;1;0;;;;60;13;50;5;0;;;;68;128
"054050";"Spello";52;15;44;1;1;;;;61;16;54;6;2;;;;78;139
"054050";"Spello";53;16;55;6;0;;;;77;17;41;5;4;;;;67;144
"054050";"Spello";54;16;64;2;0;;;;82;9;64;6;1;;;;80;162
"054050";"Spello";55;15;52;4;1;;;;72;10;57;4;2;;;;73;145
"054050";"Spello";56;12;48;2;1;;;;63;7;53;4;1;;;;65;128
"054050";"Spello";57;9;64;4;2;;;;79;8;50;8;2;;;;68;147
"054050";"Spello";58;6;44;6;2;;;;58;13;35;4;2;;;;54;112
"054050";"Spello";59;11;44;3;0;;;;58;7;55;2;6;;;;70;128
"054050";"Spello";60;7;45;9;1;;;;62;16;54;2;3;;;;75;137
"054050";"Spello";61;8;45;2;0;;;;55;6;48;3;2;;;;59;114
"054050";"Spello";62;6;51;1;4;;;;62;6;50;3;5;;;;64;126
"054050";"Spello";63;7;43;1;0;;;;51;3;42;2;3;;;;50;101
"054050";"Spello";64;4;50;3;1;;;;58;7;49;2;3;;;;61;119
"054050";"Spello";65;8;58;1;2;;;;69;5;43;5;5;;;;58;127
"054050";"Spello";66;4;44;1;0;;;;49;6;35;5;7;;;;53;102
"054050";"Spello";67;7;39;0;1;;;;47;4;37;1;5;;;;47;94
"054050";"Spello";68;4;37;2;3;;;;46;5;43;3;10;;;;61;107
"054050";"Spello";69;0;29;0;2;;;;31;2;30;2;10;;;;44;75
"054050";"Spello";70;3;51;2;1;;;;57;3;40;1;15;;;;59;116
"054050";"Spello";71;1;35;0;2;;;;38;5;43;1;7;;;;56;94
"054050";"Spello";72;7;37;0;4;;;;48;4;40;1;12;;;;57;105
"054050";"Spello";73;4;42;1;1;;;;48;4;33;2;18;;;;57;105
"054050";"Spello";74;4;44;0;5;;;;53;4;41;0;13;;;;58;111
"054050";"Spello";75;2;41;4;1;;;;48;4;41;1;9;;;;55;103
"054050";"Spello";76;4;40;2;3;;;;49;3;38;0;11;;;;52;101
"054050";"Spello";77;4;40;0;3;;;;47;1;30;2;22;;;;55;102
"054050";"Spello";78;2;40;2;1;;;;45;0;30;0;26;;;;56;101
"054050";"Spello";79;2;42;1;3;;;;48;2;28;0;22;;;;52;100
"054050";"Spello";80;1;28;0;7;;;;36;1;17;1;20;;;;39;75
"054050";"Spello";81;1;29;0;4;;;;34;0;23;0;26;;;;49;83
"054050";"Spello";82;2;32;0;5;;;;39;3;20;0;26;;;;49;88
"054050";"Spello";83;0;21;0;5;;;;26;2;16;1;21;;;;40;66
"054050";"Spello";84;0;21;0;11;;;;32;2;12;0;29;;;;43;75
"054050";"Spello";85;4;11;1;6;;;;22;0;9;1;27;;;;37;59
"054050";"Spello";86;1;20;1;8;;;;30;1;5;0;21;;;;27;57
"054050";"Spello";87;3;8;1;4;;;;16;5;5;2;19;;;;31;47
"054050";"Spello";88;0;15;2;3;;;;20;2;2;0;20;;;;24;44
"054050";"Spello";89;1;11;0;6;;;;18;3;3;0;17;;;;23;41
"054050";"Spello";90;0;8;0;2;;;;10;2;2;0;22;;;;26;36
"054050";"Spello";91;0;6;0;3;;;;9;4;4;0;11;;;;19;28
"054050";"Spello";92;0;3;0;5;;;;8;4;0;0;13;;;;17;25
"054050";"Spello";93;0;4;0;0;;;;4;0;1;0;11;;;;12;16
"054050";"Spello";94;0;3;0;2;;;;5;0;0;0;8;;;;8;13
"054050";"Spello";95;0;0;0;0;;;;0;1;0;1;7;;;;9;9
"054050";"Spello";96;0;0;0;3;;;;3;2;0;0;5;;;;7;10
"054050";"Spello";97;1;1;0;1;;;;3;1;0;0;5;;;;6;9
"054050";"Spello";98;0;1;0;0;;;;1;0;0;0;1;;;;1;2
"054050";"Spello";99;0;1;0;0;;;;1;2;0;0;0;;;;2;3
"054050";"Spello";100;0;0;0;1;;;;1;1;0;0;3;;;;4;5
"054050";"Spello";999;1747;2050;86;123;;;;4006;1599;2050;112;547;;;;4308;8314
"054051";"Spoleto";0;90;0;0;0;0;0;0;90;107;0;0;0;0;0;0;107;197
"054051";"Spoleto";1;104;0;0;0;0;0;0;104;102;0;0;0;0;0;0;102;206
"054051";"Spoleto";2;105;0;0;0;0;0;0;105;109;0;0;0;0;0;0;109;214
"054051";"Spoleto";3;118;0;0;0;0;0;0;118;108;0;0;0;0;0;0;108;226
"054051";"Spoleto";4;118;0;0;0;0;0;0;118;112;0;0;0;0;0;0;112;230
"054051";"Spoleto";5;132;0;0;0;0;0;0;132;152;0;0;0;0;0;0;152;284
"054051";"Spoleto";6;108;0;0;0;0;0;0;108;117;0;0;0;0;0;0;117;225
"054051";"Spoleto";7;117;0;0;0;0;0;0;117;138;0;0;0;0;0;0;138;255
"054051";"Spoleto";8;150;0;0;0;0;0;0;150;127;0;0;0;0;0;0;127;277
"054051";"Spoleto";9;142;0;0;0;0;0;0;142;145;0;0;0;0;0;0;145;287
"054051";"Spoleto";10;157;0;0;0;0;0;0;157;149;0;0;0;0;0;0;149;306
"054051";"Spoleto";11;147;0;0;0;0;0;0;147;166;0;0;0;0;0;0;166;313
"054051";"Spoleto";12;145;0;0;0;0;0;0;145;157;0;0;0;0;0;0;157;302
"054051";"Spoleto";13;179;0;0;0;0;0;0;179;169;0;0;0;0;0;0;169;348
"054051";"Spoleto";14;167;0;0;0;0;0;0;167;160;0;0;0;0;0;0;160;327
"054051";"Spoleto";15;168;0;0;0;0;0;0;168;149;0;0;0;0;0;0;149;317
"054051";"Spoleto";16;181;0;0;0;0;0;0;181;166;0;0;0;0;0;0;166;347
"054051";"Spoleto";17;177;0;0;0;0;0;0;177;148;0;0;0;0;0;0;148;325
"054051";"Spoleto";18;166;0;0;0;0;0;0;166;157;1;0;0;0;0;0;158;324
"054051";"Spoleto";19;167;0;0;0;0;0;0;167;137;0;0;0;0;0;0;137;304
"054051";"Spoleto";20;168;0;0;0;0;0;0;168;137;2;0;0;0;0;0;139;307
"054051";"Spoleto";21;171;0;0;0;0;0;0;171;135;1;0;0;0;0;0;136;307
"054051";"Spoleto";22;170;0;0;0;0;0;0;170;138;3;0;0;0;0;0;141;311
"054051";"Spoleto";23;193;0;0;0;0;0;0;193;155;7;0;0;0;0;0;162;355
"054051";"Spoleto";24;164;2;0;0;0;0;0;166;125;5;0;0;0;0;0;130;296
"054051";"Spoleto";25;160;3;0;0;0;0;0;163;151;11;0;0;0;0;0;162;325
"054051";"Spoleto";26;163;2;0;0;0;0;0;165;147;10;0;0;0;0;0;157;322
"054051";"Spoleto";27;181;4;0;0;0;0;0;185;127;21;0;0;0;0;0;148;333
"054051";"Spoleto";28;183;13;0;0;0;0;0;196;115;27;1;0;0;0;0;143;339
"054051";"Spoleto";29;165;11;0;0;0;0;0;176;150;39;1;0;0;0;0;190;366
"054051";"Spoleto";30;178;21;0;0;0;0;0;199;126;27;0;0;0;0;0;153;352
"054051";"Spoleto";31;155;22;0;0;0;0;0;177;105;48;1;0;0;0;0;154;331
"054051";"Spoleto";32;150;42;0;0;0;0;0;192;112;60;2;1;0;0;0;175;367
"054051";"Spoleto";33;161;43;0;0;0;0;0;204;115;73;6;0;0;0;0;194;398
"054051";"Spoleto";34;153;56;1;0;0;0;0;210;77;75;2;1;0;0;0;155;365
"054051";"Spoleto";35;125;57;2;0;0;0;0;184;85;98;4;0;0;0;0;187;371
"054051";"Spoleto";36;117;56;7;0;0;0;0;180;82;79;3;0;0;0;0;164;344
"054051";"Spoleto";37;99;75;2;0;0;0;0;176;68;104;3;1;0;0;0;176;352
"054051";"Spoleto";38;129;84;2;0;0;0;0;215;82;115;5;0;1;0;0;203;418
"054051";"Spoleto";39;101;73;3;0;0;0;0;177;68;110;3;0;0;0;0;181;358
"054051";"Spoleto";40;110;94;4;0;0;0;0;208;79;117;9;3;0;0;0;208;416
"054051";"Spoleto";41;102;95;8;0;0;0;0;205;80;129;10;0;0;0;0;219;424
"054051";"Spoleto";42;103;110;5;1;0;0;0;219;47;159;2;1;0;0;0;209;428
"054051";"Spoleto";43;99;143;3;1;0;0;0;246;78;130;6;4;0;0;0;218;464
"054051";"Spoleto";44;87;125;11;0;0;0;0;223;78;163;7;4;0;0;0;252;475
"054051";"Spoleto";45;94;135;6;1;0;0;0;236;49;179;17;3;0;0;0;248;484
"054051";"Spoleto";46;107;148;14;1;0;0;0;270;75;162;18;3;0;0;0;258;528
"054051";"Spoleto";47;89;182;14;1;0;0;0;286;77;188;14;7;0;0;0;286;572
"054051";"Spoleto";48;88;169;12;0;2;0;0;271;57;206;22;8;0;0;0;293;564
"054051";"Spoleto";49;75;174;16;5;1;0;0;271;56;177;22;8;1;0;0;264;535
"054051";"Spoleto";50;77;191;17;1;0;0;0;286;66;214;18;5;0;0;0;303;589
"054051";"Spoleto";51;81;199;20;3;0;0;0;303;52;214;20;7;0;0;0;293;596
"054051";"Spoleto";52;74;227;20;1;0;0;0;322;38;201;25;4;0;0;0;268;590
"054051";"Spoleto";53;66;214;16;3;0;0;0;299;45;234;32;15;0;0;0;326;625
"054051";"Spoleto";54;56;190;25;2;0;0;0;273;51;226;25;3;0;0;0;305;578
"054051";"Spoleto";55;66;177;15;2;0;0;0;260;41;230;16;12;0;0;0;299;559
"054051";"Spoleto";56;43;206;15;4;0;0;0;268;39;236;27;10;0;0;0;312;580
"054051";"Spoleto";57;49;257;16;5;0;0;0;327;33;232;26;12;0;0;0;303;630
"054051";"Spoleto";58;36;217;18;3;0;0;0;274;27;213;22;19;0;0;0;281;555
"054051";"Spoleto";59;46;211;16;1;0;0;0;274;32;215;17;21;0;0;0;285;559
"054051";"Spoleto";60;30;214;19;3;0;0;0;266;25;218;24;21;0;0;0;288;554
"054051";"Spoleto";61;31;187;16;8;0;0;0;242;37;213;27;16;0;0;0;293;535
"054051";"Spoleto";62;21;218;11;5;0;0;0;255;24;198;14;23;0;0;0;259;514
"054051";"Spoleto";63;27;184;11;3;0;0;0;225;18;194;23;25;0;0;0;260;485
"054051";"Spoleto";64;24;205;15;9;0;0;0;253;18;182;21;27;0;0;0;248;501
"054051";"Spoleto";65;26;201;16;9;0;0;0;252;16;185;26;25;0;0;0;252;504
"054051";"Spoleto";66;26;183;15;5;0;0;0;229;18;187;15;27;0;0;0;247;476
"054051";"Spoleto";67;13;163;10;7;0;0;0;193;20;197;10;30;0;0;0;257;450
"054051";"Spoleto";68;20;158;12;7;0;0;0;197;19;164;13;46;0;0;0;242;439
"054051";"Spoleto";69;22;192;7;9;0;0;0;230;13;173;11;41;0;0;0;238;468
"054051";"Spoleto";70;16;181;4;8;0;0;0;209;15;182;18;51;0;0;0;266;475
"054051";"Spoleto";71;15;209;12;13;0;0;0;249;18;188;10;48;0;0;0;264;513
"054051";"Spoleto";72;11;223;9;10;0;0;0;253;13;172;11;57;0;0;0;253;506
"054051";"Spoleto";73;16;204;6;16;0;0;0;242;17;205;9;59;0;0;0;290;532
"054051";"Spoleto";74;13;185;8;16;0;0;0;222;14;150;7;62;0;0;0;233;455
"054051";"Spoleto";75;9;161;6;12;0;0;0;188;22;152;6;69;0;0;0;249;437
"054051";"Spoleto";76;10;143;3;20;0;0;0;176;15;126;7;66;0;0;0;214;390
"054051";"Spoleto";77;11;141;2;6;0;0;0;160;8;134;4;89;0;0;0;235;395
"054051";"Spoleto";78;6;171;3;14;0;0;0;194;20;131;5;87;0;0;0;243;437
"054051";"Spoleto";79;19;151;1;17;0;0;0;188;18;116;5;88;0;0;0;227;415
"054051";"Spoleto";80;7;136;2;19;0;0;0;164;12;77;3;95;0;0;0;187;351
"054051";"Spoleto";81;9;134;3;21;0;0;0;167;13;99;3;100;0;0;0;215;382
"054051";"Spoleto";82;7;124;4;22;0;0;0;157;13;92;2;99;0;0;0;206;363
"054051";"Spoleto";83;8;110;4;15;0;0;0;137;9;66;4;132;0;0;0;211;348
"054051";"Spoleto";84;8;95;0;25;0;0;0;128;8;50;4;119;0;0;0;181;309
"054051";"Spoleto";85;5;81;1;15;0;0;0;102;8;47;2;101;0;0;0;158;260
"054051";"Spoleto";86;8;66;1;31;0;0;0;106;12;33;3;102;0;0;0;150;256
"054051";"Spoleto";87;8;63;0;20;0;0;0;91;12;36;2;120;0;0;0;170;261
"054051";"Spoleto";88;5;49;0;21;0;0;0;75;7;17;4;108;0;0;0;136;211
"054051";"Spoleto";89;6;42;0;19;0;0;0;67;7;12;1;93;0;0;0;113;180
"054051";"Spoleto";90;4;27;1;19;0;0;0;51;3;13;2;111;0;0;0;129;180
"054051";"Spoleto";91;3;18;0;14;0;0;0;35;5;3;1;90;0;0;0;99;134
"054051";"Spoleto";92;2;24;0;17;0;0;0;43;8;4;1;60;0;0;0;73;116
"054051";"Spoleto";93;0;12;2;12;0;0;0;26;2;1;0;45;0;0;0;48;74
"054051";"Spoleto";94;2;11;0;10;0;0;0;23;4;2;1;50;0;0;0;57;80
"054051";"Spoleto";95;0;4;1;8;0;0;0;13;3;1;2;36;0;0;0;42;55
"054051";"Spoleto";96;0;4;0;5;0;0;0;9;0;0;0;32;0;0;0;32;41
"054051";"Spoleto";97;2;4;0;7;0;0;0;13;0;0;0;24;0;0;0;24;37
"054051";"Spoleto";98;0;3;0;4;0;0;0;7;1;0;1;19;0;0;0;21;28
"054051";"Spoleto";99;0;1;0;2;0;0;0;3;2;0;0;12;0;0;0;14;17
"054051";"Spoleto";100;0;1;0;2;0;0;0;3;0;0;0;18;0;0;0;18;21
"054051";"Spoleto";999;7922;8711;493;540;3;0;0;17669;6672;8761;688;2675;2;0;0;18798;36467
"054052";"Todi";0;30;0;0;0;;;;30;38;0;0;0;;;;38;68
"054052";"Todi";1;39;0;0;0;;;;39;38;0;0;0;;;;38;77
"054052";"Todi";2;30;0;0;0;;;;30;44;0;0;0;;;;44;74
"054052";"Todi";3;39;0;0;0;;;;39;50;0;0;0;;;;50;89
"054052";"Todi";4;51;0;0;0;;;;51;50;0;0;0;;;;50;101
"054052";"Todi";5;56;0;0;0;;;;56;66;0;0;0;;;;66;122
"054052";"Todi";6;68;0;0;0;;;;68;58;0;0;0;;;;58;126
"054052";"Todi";7;67;0;0;0;;;;67;55;0;0;0;;;;55;122
"054052";"Todi";8;67;0;0;0;;;;67;65;0;0;0;;;;65;132
"054052";"Todi";9;70;0;0;0;;;;70;66;0;0;0;;;;66;136
"054052";"Todi";10;67;0;0;0;;;;67;64;0;0;0;;;;64;131
"054052";"Todi";11;80;0;0;0;;;;80;73;0;0;0;;;;73;153
"054052";"Todi";12;56;0;0;0;;;;56;60;0;0;0;;;;60;116
"054052";"Todi";13;68;0;0;0;;;;68;66;0;0;0;;;;66;134
"054052";"Todi";14;78;0;0;0;;;;78;70;0;0;0;;;;70;148
"054052";"Todi";15;64;0;0;0;;;;64;56;0;0;0;;;;56;120
"054052";"Todi";16;75;0;0;0;;;;75;65;0;0;0;;;;65;140
"054052";"Todi";17;53;0;0;0;;;;53;66;0;0;0;;;;66;119
"054052";"Todi";18;64;0;0;0;;;;64;59;0;0;0;;;;59;123
"054052";"Todi";19;66;0;0;0;;;;66;58;0;0;0;;;;58;124
"054052";"Todi";20;75;0;0;0;;;;75;63;0;0;0;;;;63;138
"054052";"Todi";21;68;0;0;0;;;;68;76;0;0;0;;;;76;144
"054052";"Todi";22;80;0;0;0;;;;80;56;0;0;0;;;;56;136
"054052";"Todi";23;58;0;0;0;;;;58;71;1;0;0;;;;72;130
"054052";"Todi";24;73;0;0;0;;;;73;63;1;0;0;;;;64;137
"054052";"Todi";25;71;0;0;0;;;;71;63;6;0;0;;;;69;140
"054052";"Todi";26;87;1;0;0;;;;88;66;5;0;0;;;;71;159
"054052";"Todi";27;65;0;0;0;;;;65;73;8;0;0;;;;81;146
"054052";"Todi";28;82;2;0;0;;;;84;68;10;1;0;;;;79;163
"054052";"Todi";29;88;11;0;0;;;;99;54;21;0;0;;;;75;174
"054052";"Todi";30;51;9;0;0;;;;60;55;28;1;1;;;;85;145
"054052";"Todi";31;78;9;1;0;;;;88;51;17;1;0;;;;69;157
"054052";"Todi";32;66;16;0;0;;;;82;57;29;0;0;;;;86;168
"054052";"Todi";33;60;8;1;0;;;;69;36;37;2;0;;;;75;144
"054052";"Todi";34;60;17;1;0;;;;78;40;38;1;0;;;;79;157
"054052";"Todi";35;67;30;0;0;;;;97;34;30;3;0;;;;67;164
"054052";"Todi";36;48;28;3;0;;;;79;25;45;1;0;;;;71;150
"054052";"Todi";37;38;37;1;0;;;;76;31;43;3;0;;;;77;153
"054052";"Todi";38;33;48;1;0;;;;82;24;64;2;0;;;;90;172
"054052";"Todi";39;40;49;1;0;;;;90;31;47;3;0;;;;81;171
"054052";"Todi";40;52;45;3;0;;;;100;26;51;2;1;;;;80;180
"054052";"Todi";41;44;54;3;0;;;;101;22;42;5;0;;;;69;170
"054052";"Todi";42;41;60;1;0;;;;102;25;46;4;0;;;;75;177
"054052";"Todi";43;32;51;2;0;;;;85;33;76;3;0;;;;112;197
"054052";"Todi";44;37;53;1;1;;;;92;27;84;3;1;;;;115;207
"054052";"Todi";45;39;70;3;1;;;;113;19;87;5;0;;;;111;224
"054052";"Todi";46;39;52;6;0;;;;97;24;88;4;0;;;;116;213
"054052";"Todi";47;42;65;4;0;;;;111;33;71;4;3;;;;111;222
"054052";"Todi";48;30;64;5;2;;;;101;23;71;11;0;;;;105;206
"054052";"Todi";49;30;91;4;1;;;;126;17;89;4;3;;;;113;239
"054052";"Todi";50;31;63;4;0;;;;98;24;96;11;2;;;;133;231
"054052";"Todi";51;24;95;7;1;;;;127;26;88;5;4;;;;123;250
"054052";"Todi";52;25;97;1;1;;;;124;13;92;8;3;;;;116;240
"054052";"Todi";53;21;68;11;2;;;;102;18;115;9;5;;;;147;249
"054052";"Todi";54;18;79;3;0;;;;100;19;82;11;2;;;;114;214
"054052";"Todi";55;24;105;4;1;;;;134;21;94;9;4;;;;128;262
"054052";"Todi";56;24;110;6;3;;;;143;16;115;8;7;;;;146;289
"054052";"Todi";57;24;114;4;1;;;;143;22;113;6;7;;;;148;291
"054052";"Todi";58;23;90;8;1;;;;122;10;100;12;10;;;;132;254
"054052";"Todi";59;18;80;7;0;;;;105;16;111;9;5;;;;141;246
"054052";"Todi";60;18;124;6;1;;;;149;10;97;5;5;;;;117;266
"054052";"Todi";61;17;102;3;0;;;;122;10;98;6;8;;;;122;244
"054052";"Todi";62;21;85;5;2;;;;113;12;84;9;12;;;;117;230
"054052";"Todi";63;11;95;8;3;;;;117;14;95;6;7;;;;122;239
"054052";"Todi";64;18;88;2;1;;;;109;7;90;5;7;;;;109;218
"054052";"Todi";65;7;67;2;1;;;;77;9;88;7;11;;;;115;192
"054052";"Todi";66;7;99;6;3;;;;115;7;74;6;10;;;;97;212
"054052";"Todi";67;5;89;9;0;;;;103;6;80;8;11;;;;105;208
"054052";"Todi";68;15;95;3;4;;;;117;6;90;4;14;;;;114;231
"054052";"Todi";69;8;78;5;6;;;;97;10;51;5;14;;;;80;177
"054052";"Todi";70;7;86;1;4;;;;98;6;88;6;13;;;;113;211
"054052";"Todi";71;4;88;6;4;;;;102;11;71;4;19;;;;105;207
"054052";"Todi";72;11;74;6;2;;;;93;2;67;5;28;;;;102;195
"054052";"Todi";73;7;80;2;4;;;;93;9;67;3;27;;;;106;199
"054052";"Todi";74;8;65;1;3;;;;77;4;56;1;24;;;;85;162
"054052";"Todi";75;7;65;2;9;;;;83;6;67;3;33;;;;109;192
"054052";"Todi";76;5;44;0;3;;;;52;7;43;4;31;;;;85;137
"054052";"Todi";77;4;68;5;7;;;;84;10;53;1;31;;;;95;179
"054052";"Todi";78;10;53;0;2;;;;65;6;54;2;37;;;;99;164
"054052";"Todi";79;6;48;5;4;;;;63;4;32;2;41;;;;79;142
"054052";"Todi";80;5;52;1;7;;;;65;7;32;4;29;;;;72;137
"054052";"Todi";81;9;80;2;9;;;;100;3;49;2;54;;;;108;208
"054052";"Todi";82;6;55;0;14;;;;75;5;41;1;62;;;;109;184
"054052";"Todi";83;8;47;5;7;;;;67;4;39;1;46;;;;90;157
"054052";"Todi";84;7;49;1;8;;;;65;8;28;1;53;;;;90;155
"054052";"Todi";85;4;43;1;10;;;;58;11;33;0;45;;;;89;147
"054052";"Todi";86;4;37;1;10;;;;52;7;21;0;45;;;;73;125
"054052";"Todi";87;5;35;0;13;;;;53;7;6;0;49;;;;62;115
"054052";"Todi";88;1;26;0;14;;;;41;2;17;1;54;;;;74;115
"054052";"Todi";89;4;28;0;10;;;;42;3;8;0;50;;;;61;103
"054052";"Todi";90;3;15;0;11;;;;29;4;7;0;32;;;;43;72
"054052";"Todi";91;1;18;0;8;;;;27;3;5;2;36;;;;46;73
"054052";"Todi";92;1;8;0;3;;;;12;0;0;0;31;;;;31;43
"054052";"Todi";93;2;8;0;7;;;;17;1;1;1;25;;;;28;45
"054052";"Todi";94;0;7;0;3;;;;10;3;0;0;23;;;;26;36
"054052";"Todi";95;0;4;1;2;;;;7;3;1;0;17;;;;21;28
"054052";"Todi";96;0;2;1;1;;;;4;4;1;0;25;;;;30;34
"054052";"Todi";97;0;1;0;2;;;;3;0;0;0;15;;;;15;18
"054052";"Todi";98;0;0;0;1;;;;1;1;0;0;9;;;;10;11
"054052";"Todi";99;0;2;0;0;;;;2;2;0;1;3;;;;6;8
"054052";"Todi";100;0;0;0;1;;;;1;1;0;0;4;;;;5;6
"054052";"Todi";999;3350;3881;186;219;;;;7636;2873;3875;257;1148;;;;8153;15789
"054053";"Torgiano";0;17;0;0;0;;;;17;34;0;0;0;;;;34;51
"054053";"Torgiano";1;22;0;0;0;;;;22;27;0;0;0;;;;27;49
"054053";"Torgiano";2;21;0;0;0;;;;21;12;0;0;0;;;;12;33
"054053";"Torgiano";3;28;0;0;0;;;;28;29;0;0;0;;;;29;57
"054053";"Torgiano";4;30;0;0;0;;;;30;23;0;0;0;;;;23;53
"054053";"Torgiano";5;21;0;0;0;;;;21;30;0;0;0;;;;30;51
"054053";"Torgiano";6;42;0;0;0;;;;42;24;0;0;0;;;;24;66
"054053";"Torgiano";7;32;0;0;0;;;;32;30;0;0;0;;;;30;62
"054053";"Torgiano";8;37;0;0;0;;;;37;43;0;0;0;;;;43;80
"054053";"Torgiano";9;33;0;0;0;;;;33;28;0;0;0;;;;28;61
"054053";"Torgiano";10;31;0;0;0;;;;31;32;0;0;0;;;;32;63
"054053";"Torgiano";11;45;0;0;0;;;;45;27;0;0;0;;;;27;72
"054053";"Torgiano";12;39;0;0;0;;;;39;25;0;0;0;;;;25;64
"054053";"Torgiano";13;46;0;0;0;;;;46;36;0;0;0;;;;36;82
"054053";"Torgiano";14;41;0;0;0;;;;41;35;0;0;0;;;;35;76
"054053";"Torgiano";15;31;0;0;0;;;;31;37;0;0;0;;;;37;68
"054053";"Torgiano";16;26;0;0;0;;;;26;32;0;0;0;;;;32;58
"054053";"Torgiano";17;29;0;0;0;;;;29;30;0;0;0;;;;30;59
"054053";"Torgiano";18;35;0;0;0;;;;35;25;0;0;0;;;;25;60
"054053";"Torgiano";19;32;0;0;0;;;;32;40;0;0;0;;;;40;72
"054053";"Torgiano";20;32;0;0;0;;;;32;30;0;0;0;;;;30;62
"054053";"Torgiano";21;27;1;0;0;;;;28;25;1;0;0;;;;26;54
"054053";"Torgiano";22;31;0;0;0;;;;31;27;1;0;0;;;;28;59
"054053";"Torgiano";23;38;0;0;0;;;;38;30;1;0;0;;;;31;69
"054053";"Torgiano";24;27;0;0;0;;;;27;26;1;0;0;;;;27;54
"054053";"Torgiano";25;37;0;0;0;;;;37;28;1;0;0;;;;29;66
"054053";"Torgiano";26;26;3;0;0;;;;29;27;1;0;0;;;;28;57
"054053";"Torgiano";27;28;0;0;0;;;;28;29;2;0;0;;;;31;59
"054053";"Torgiano";28;33;1;0;1;;;;35;27;5;0;0;;;;32;67
"054053";"Torgiano";29;32;1;0;0;;;;33;33;7;0;0;;;;40;73
"054053";"Torgiano";30;27;1;0;0;;;;28;24;5;0;0;;;;29;57
"054053";"Torgiano";31;27;3;0;0;;;;30;20;13;0;0;;;;33;63
"054053";"Torgiano";32;24;9;0;0;;;;33;24;9;0;0;;;;33;66
"054053";"Torgiano";33;32;8;0;0;;;;40;13;12;0;0;;;;25;65
"054053";"Torgiano";34;20;6;0;0;;;;26;13;14;0;0;;;;27;53
"054053";"Torgiano";35;13;10;0;0;;;;23;15;15;0;0;;;;30;53
"054053";"Torgiano";36;27;10;0;0;;;;37;16;10;1;0;;;;27;64
"054053";"Torgiano";37;18;12;0;0;;;;30;14;17;4;0;;;;35;65
"054053";"Torgiano";38;17;15;0;0;;;;32;10;32;3;1;;;;46;78
"054053";"Torgiano";39;20;28;2;0;;;;50;15;24;3;0;;;;42;92
"054053";"Torgiano";40;23;29;0;0;;;;52;13;26;1;0;;;;40;92
"054053";"Torgiano";41;17;18;2;0;;;;37;10;30;1;1;;;;42;79
"054053";"Torgiano";42;19;27;2;0;;;;48;14;38;0;1;;;;53;101
"054053";"Torgiano";43;17;30;1;0;;;;48;13;40;3;0;;;;56;104
"054053";"Torgiano";44;19;31;1;0;;;;51;15;33;2;0;;;;50;101
"054053";"Torgiano";45;26;40;4;0;;;;70;12;52;4;1;;;;69;139
"054053";"Torgiano";46;10;43;0;0;;;;53;17;45;0;0;;;;62;115
"054053";"Torgiano";47;17;35;2;0;;;;54;18;47;3;0;;;;68;122
"054053";"Torgiano";48;20;42;2;0;;;;64;6;37;4;0;;;;47;111
"054053";"Torgiano";49;11;42;4;0;;;;57;5;47;3;0;;;;55;112
"054053";"Torgiano";50;13;39;3;0;;;;55;19;34;5;1;;;;59;114
"054053";"Torgiano";51;12;52;1;0;;;;65;10;39;3;0;;;;52;117
"054053";"Torgiano";52;14;36;3;0;;;;53;7;47;7;2;;;;63;116
"054053";"Torgiano";53;5;33;4;1;;;;43;6;42;2;6;;;;56;99
"054053";"Torgiano";54;7;44;0;0;;;;51;5;40;3;1;;;;49;100
"054053";"Torgiano";55;5;34;6;1;;;;46;7;45;3;2;;;;57;103
"054053";"Torgiano";56;8;38;5;1;;;;52;14;32;3;3;;;;52;104
"054053";"Torgiano";57;1;43;1;0;;;;45;0;38;3;1;;;;42;87
"054053";"Torgiano";58;7;50;8;2;;;;67;3;43;4;0;;;;50;117
"054053";"Torgiano";59;2;30;3;1;;;;36;3;40;3;2;;;;48;84
"054053";"Torgiano";60;5;43;4;2;;;;54;5;37;4;3;;;;49;103
"054053";"Torgiano";61;9;38;1;0;;;;48;7;42;3;1;;;;53;101
"054053";"Torgiano";62;4;30;2;0;;;;36;2;35;3;7;;;;47;83
"054053";"Torgiano";63;3;35;1;0;;;;39;4;32;2;5;;;;43;82
"054053";"Torgiano";64;2;46;2;2;;;;52;3;34;4;1;;;;42;94
"054053";"Torgiano";65;2;36;4;1;;;;43;1;26;0;2;;;;29;72
"054053";"Torgiano";66;5;28;2;1;;;;36;1;27;3;4;;;;35;71
"054053";"Torgiano";67;3;24;1;1;;;;29;4;36;3;5;;;;48;77
"054053";"Torgiano";68;1;31;2;2;;;;36;1;36;1;4;;;;42;78
"054053";"Torgiano";69;3;25;3;1;;;;32;4;24;2;8;;;;38;70
"054053";"Torgiano";70;4;28;1;3;;;;36;3;30;2;13;;;;48;84
"054053";"Torgiano";71;4;28;0;1;;;;33;1;18;2;17;;;;38;71
"054053";"Torgiano";72;3;28;1;2;;;;34;1;32;1;5;;;;39;73
"054053";"Torgiano";73;0;26;0;1;;;;27;2;35;2;9;;;;48;75
"054053";"Torgiano";74;1;33;0;7;;;;41;1;27;3;9;;;;40;81
"054053";"Torgiano";75;2;28;3;3;;;;36;2;16;1;9;;;;28;64
"054053";"Torgiano";76;4;21;0;2;;;;27;0;10;1;6;;;;17;44
"054053";"Torgiano";77;4;19;0;2;;;;25;1;17;0;13;;;;31;56
"054053";"Torgiano";78;3;29;1;4;;;;37;1;15;0;16;;;;32;69
"054053";"Torgiano";79;2;17;0;2;;;;21;0;19;1;13;;;;33;54
"054053";"Torgiano";80;1;16;2;2;;;;21;1;10;0;16;;;;27;48
"054053";"Torgiano";81;1;15;0;12;;;;28;2;13;0;12;;;;27;55
"054053";"Torgiano";82;0;20;0;3;;;;23;3;7;0;16;;;;26;49
"054053";"Torgiano";83;1;18;0;3;;;;22;0;9;0;21;;;;30;52
"054053";"Torgiano";84;1;13;0;4;;;;18;0;8;0;17;;;;25;43
"054053";"Torgiano";85;1;7;0;6;;;;14;1;5;1;13;;;;20;34
"054053";"Torgiano";86;2;9;0;2;;;;13;0;5;0;12;;;;17;30
"054053";"Torgiano";87;1;6;1;0;;;;8;1;6;0;18;;;;25;33
"054053";"Torgiano";88;2;11;0;1;;;;14;1;4;0;10;;;;15;29
"054053";"Torgiano";89;0;10;0;1;;;;11;0;5;0;13;;;;18;29
"054053";"Torgiano";90;0;2;0;2;;;;4;0;0;0;10;;;;10;14
"054053";"Torgiano";91;0;8;0;2;;;;10;0;1;0;15;;;;16;26
"054053";"Torgiano";92;0;3;0;1;;;;4;0;0;0;9;;;;9;13
"054053";"Torgiano";93;1;1;0;2;;;;4;0;0;0;13;;;;13;17
"054053";"Torgiano";94;0;1;0;2;;;;3;0;1;0;9;;;;10;13
"054053";"Torgiano";95;0;0;0;2;;;;2;0;0;0;3;;;;3;5
"054053";"Torgiano";96;0;2;0;2;;;;4;0;1;0;3;;;;4;8
"054053";"Torgiano";97;0;0;0;0;;;;0;0;0;0;4;;;;4;4
"054053";"Torgiano";98;0;0;0;0;;;;0;0;0;0;4;;;;4;4
"054053";"Torgiano";99;0;0;0;0;;;;0;0;0;0;1;;;;1;1
"054053";"Torgiano";100;0;0;0;0;;;;0;0;1;0;0;;;;1;1
"054053";"Torgiano";999;1502;1579;85;91;;;;3257;1295;1590;107;391;;;;3383;6640
"054054";"Trevi";0;16;0;0;0;;;;16;19;0;0;0;;;;19;35
"054054";"Trevi";1;34;0;0;0;;;;34;29;0;0;0;;;;29;63
"054054";"Trevi";2;26;0;0;0;;;;26;22;0;0;0;;;;22;48
"054054";"Trevi";3;32;0;0;0;;;;32;27;0;0;0;;;;27;59
"054054";"Trevi";4;30;0;0;0;;;;30;26;0;0;0;;;;26;56
"054054";"Trevi";5;37;0;0;0;;;;37;26;0;0;0;;;;26;63
"054054";"Trevi";6;49;0;0;0;;;;49;34;0;0;0;;;;34;83
"054054";"Trevi";7;32;0;0;0;;;;32;47;0;0;0;;;;47;79
"054054";"Trevi";8;42;0;0;0;;;;42;34;0;0;0;;;;34;76
"054054";"Trevi";9;41;0;0;0;;;;41;44;0;0;0;;;;44;85
"054054";"Trevi";10;37;0;0;0;;;;37;37;0;0;0;;;;37;74
"054054";"Trevi";11;42;0;0;0;;;;42;41;0;0;0;;;;41;83
"054054";"Trevi";12;33;0;0;0;;;;33;37;0;0;0;;;;37;70
"054054";"Trevi";13;46;0;0;0;;;;46;49;0;0;0;;;;49;95
"054054";"Trevi";14;43;0;0;0;;;;43;42;0;0;0;;;;42;85
"054054";"Trevi";15;41;0;0;0;;;;41;40;0;0;0;;;;40;81
"054054";"Trevi";16;41;0;0;0;;;;41;28;0;0;0;;;;28;69
"054054";"Trevi";17;46;0;0;0;;;;46;33;0;0;0;;;;33;79
"054054";"Trevi";18;33;0;0;0;;;;33;28;0;0;0;;;;28;61
"054054";"Trevi";19;28;0;0;0;;;;28;37;0;0;0;;;;37;65
"054054";"Trevi";20;51;0;0;0;;;;51;52;0;0;0;;;;52;103
"054054";"Trevi";21;23;0;0;0;;;;23;31;1;0;0;;;;32;55
"054054";"Trevi";22;38;0;0;0;;;;38;31;1;0;0;;;;32;70
"054054";"Trevi";23;33;0;0;0;;;;33;27;1;0;0;;;;28;61
"054054";"Trevi";24;33;0;0;0;;;;33;29;1;0;0;;;;30;63
"054054";"Trevi";25;26;0;0;0;;;;26;25;4;0;0;;;;29;55
"054054";"Trevi";26;23;2;0;0;;;;25;24;5;0;0;;;;29;54
"054054";"Trevi";27;40;1;0;0;;;;41;33;6;0;0;;;;39;80
"054054";"Trevi";28;36;4;0;0;;;;40;28;14;0;0;;;;42;82
"054054";"Trevi";29;29;3;0;0;;;;32;33;11;0;0;;;;44;76
"054054";"Trevi";30;33;4;0;0;;;;37;25;11;0;0;;;;36;73
"054054";"Trevi";31;41;4;0;0;;;;45;38;17;0;0;;;;55;100
"054054";"Trevi";32;31;15;0;0;;;;46;29;16;1;0;;;;46;92
"054054";"Trevi";33;32;14;0;1;;;;47;26;22;0;0;;;;48;95
"054054";"Trevi";34;43;10;0;0;;;;53;8;23;1;1;;;;33;86
"054054";"Trevi";35;33;15;0;0;;;;48;19;19;0;0;;;;38;86
"054054";"Trevi";36;27;13;1;0;;;;41;20;26;1;0;;;;47;88
"054054";"Trevi";37;36;16;1;0;;;;53;18;26;1;0;;;;45;98
"054054";"Trevi";38;23;22;1;0;;;;46;16;32;3;0;;;;51;97
"054054";"Trevi";39;36;18;1;0;;;;55;15;25;3;0;;;;43;98
"054054";"Trevi";40;20;19;1;0;;;;40;11;29;0;0;;;;40;80
"054054";"Trevi";41;22;26;2;0;;;;50;20;32;2;0;;;;54;104
"054054";"Trevi";42;21;25;3;0;;;;49;17;30;4;0;;;;51;100
"054054";"Trevi";43;22;28;0;0;;;;50;16;28;2;0;;;;46;96
"054054";"Trevi";44;9;31;2;1;;;;43;11;38;1;0;;;;50;93
"054054";"Trevi";45;29;27;0;0;;;;56;13;42;2;3;;;;60;116
"054054";"Trevi";46;26;37;0;0;;;;63;17;48;3;0;;;;68;131
"054054";"Trevi";47;28;45;5;0;;;;78;9;44;2;1;;;;56;134
"054054";"Trevi";48;21;34;2;0;;;;57;18;49;6;0;;;;73;130
"054054";"Trevi";49;15;39;2;0;;;;56;15;48;0;0;;;;63;119
"054054";"Trevi";50;15;55;4;1;;;;75;16;42;9;1;;;;68;143
"054054";"Trevi";51;15;32;5;0;;;;52;14;44;4;1;;;;63;115
"054054";"Trevi";52;17;54;4;0;;;;75;7;53;3;1;;;;64;139
"054054";"Trevi";53;10;45;2;0;;;;57;6;55;6;2;;;;69;126
"054054";"Trevi";54;12;51;4;0;;;;67;16;52;5;3;;;;76;143
"054054";"Trevi";55;13;46;4;1;;;;64;12;50;6;0;;;;68;132
"054054";"Trevi";56;9;40;3;2;;;;54;7;47;3;2;;;;59;113
"054054";"Trevi";57;10;50;6;0;;;;66;14;49;2;3;;;;68;134
"054054";"Trevi";58;6;47;1;1;;;;55;12;50;4;2;;;;68;123
"054054";"Trevi";59;11;54;3;0;;;;68;3;44;6;7;;;;60;128
"054054";"Trevi";60;9;43;3;1;;;;56;4;47;3;2;;;;56;112
"054054";"Trevi";61;3;57;5;0;;;;65;4;46;3;5;;;;58;123
"054054";"Trevi";62;7;43;4;1;;;;55;5;50;3;5;;;;63;118
"054054";"Trevi";63;7;44;1;2;;;;54;6;40;4;4;;;;54;108
"054054";"Trevi";64;4;49;5;2;;;;60;7;38;5;17;;;;67;127
"054054";"Trevi";65;6;40;5;1;;;;52;3;34;2;6;;;;45;97
"054054";"Trevi";66;2;28;3;0;;;;33;4;31;2;4;;;;41;74
"054054";"Trevi";67;6;39;4;0;;;;49;6;29;4;8;;;;47;96
"054054";"Trevi";68;6;39;3;2;;;;50;1;42;1;9;;;;53;103
"054054";"Trevi";69;2;38;4;4;;;;48;5;34;1;5;;;;45;93
"054054";"Trevi";70;3;45;1;1;;;;50;1;31;1;12;;;;45;95
"054054";"Trevi";71;1;29;2;4;;;;36;5;58;2;10;;;;75;111
"054054";"Trevi";72;6;43;1;3;;;;53;1;31;3;13;;;;48;101
"054054";"Trevi";73;1;45;0;4;;;;50;3;42;0;12;;;;57;107
"054054";"Trevi";74;4;38;0;3;;;;45;4;27;0;13;;;;44;89
"054054";"Trevi";75;1;27;1;5;;;;34;5;29;0;20;;;;54;88
"054054";"Trevi";76;2;46;1;3;;;;52;4;30;1;21;;;;56;108
"054054";"Trevi";77;2;29;0;4;;;;35;2;24;1;12;;;;39;74
"054054";"Trevi";78;3;46;0;4;;;;53;2;26;1;15;;;;44;97
"054054";"Trevi";79;3;24;0;6;;;;33;1;19;0;21;;;;41;74
"054054";"Trevi";80;1;23;0;7;;;;31;3;18;0;21;;;;42;73
"054054";"Trevi";81;0;28;1;4;;;;33;2;15;2;18;;;;37;70
"054054";"Trevi";82;1;18;1;2;;;;22;4;16;0;27;;;;47;69
"054054";"Trevi";83;1;23;1;6;;;;31;1;7;0;33;;;;41;72
"054054";"Trevi";84;1;22;0;4;;;;27;4;11;0;30;;;;45;72
"054054";"Trevi";85;0;16;0;3;;;;19;3;5;0;16;;;;24;43
"054054";"Trevi";86;1;13;2;5;;;;21;2;6;0;24;;;;32;53
"054054";"Trevi";87;2;11;1;4;;;;18;0;6;0;16;;;;22;40
"054054";"Trevi";88;1;10;0;2;;;;13;0;5;0;16;;;;21;34
"054054";"Trevi";89;0;8;0;3;;;;11;1;3;0;16;;;;20;31
"054054";"Trevi";90;0;6;0;8;;;;14;0;3;0;20;;;;23;37
"054054";"Trevi";91;2;2;0;4;;;;8;0;1;0;19;;;;20;28
"054054";"Trevi";92;1;5;0;1;;;;7;0;1;0;9;;;;10;17
"054054";"Trevi";93;0;4;0;1;;;;5;0;0;0;13;;;;13;18
"054054";"Trevi";94;0;1;0;2;;;;3;1;1;0;8;;;;10;13
"054054";"Trevi";95;0;1;0;2;;;;3;2;0;0;11;;;;13;16
"054054";"Trevi";96;0;0;0;3;;;;3;0;0;0;5;;;;5;8
"054054";"Trevi";97;0;0;0;0;;;;0;3;0;0;2;;;;5;5
"054054";"Trevi";98;0;0;0;0;;;;0;1;0;0;2;;;;3;3
"054054";"Trevi";99;0;2;0;0;;;;2;0;0;0;3;;;;3;5
"054054";"Trevi";100;1;1;0;1;;;;3;0;0;0;2;;;;2;5
"054054";"Trevi";999;1817;1912;106;119;;;;3954;1561;1941;119;552;;;;4173;8127
"054055";"Tuoro sul Trasimeno";0;8;0;0;0;;;;8;11;0;0;0;;;;11;19
"054055";"Tuoro sul Trasimeno";1;12;0;0;0;;;;12;11;0;0;0;;;;11;23
"054055";"Tuoro sul Trasimeno";2;10;0;0;0;;;;10;10;0;0;0;;;;10;20
"054055";"Tuoro sul Trasimeno";3;7;0;0;0;;;;7;11;0;0;0;;;;11;18
"054055";"Tuoro sul Trasimeno";4;12;0;0;0;;;;12;10;0;0;0;;;;10;22
"054055";"Tuoro sul Trasimeno";5;15;0;0;0;;;;15;19;0;0;0;;;;19;34
"054055";"Tuoro sul Trasimeno";6;17;0;0;0;;;;17;7;0;0;0;;;;7;24
"054055";"Tuoro sul Trasimeno";7;6;0;0;0;;;;6;18;0;0;0;;;;18;24
"054055";"Tuoro sul Trasimeno";8;13;0;0;0;;;;13;10;0;0;0;;;;10;23
"054055";"Tuoro sul Trasimeno";9;12;0;0;0;;;;12;17;0;0;0;;;;17;29
"054055";"Tuoro sul Trasimeno";10;21;0;0;0;;;;21;13;0;0;0;;;;13;34
"054055";"Tuoro sul Trasimeno";11;15;0;0;0;;;;15;13;0;0;0;;;;13;28
"054055";"Tuoro sul Trasimeno";12;19;0;0;0;;;;19;8;0;0;0;;;;8;27
"054055";"Tuoro sul Trasimeno";13;15;0;0;0;;;;15;14;0;0;0;;;;14;29
"054055";"Tuoro sul Trasimeno";14;17;0;0;0;;;;17;15;0;0;0;;;;15;32
"054055";"Tuoro sul Trasimeno";15;24;0;0;0;;;;24;24;0;0;0;;;;24;48
"054055";"Tuoro sul Trasimeno";16;16;0;0;0;;;;16;22;0;0;0;;;;22;38
"054055";"Tuoro sul Trasimeno";17;12;0;0;0;;;;12;10;0;0;0;;;;10;22
"054055";"Tuoro sul Trasimeno";18;18;0;0;0;;;;18;12;0;0;0;;;;12;30
"054055";"Tuoro sul Trasimeno";19;14;0;0;0;;;;14;20;0;0;0;;;;20;34
"054055";"Tuoro sul Trasimeno";20;16;0;0;0;;;;16;18;0;0;0;;;;18;34
"054055";"Tuoro sul Trasimeno";21;19;0;0;0;;;;19;17;0;0;0;;;;17;36
"054055";"Tuoro sul Trasimeno";22;16;0;0;0;;;;16;22;0;0;0;;;;22;38
"054055";"Tuoro sul Trasimeno";23;23;0;0;0;;;;23;16;0;0;0;;;;16;39
"054055";"Tuoro sul Trasimeno";24;20;0;0;0;;;;20;14;1;0;0;;;;15;35
"054055";"Tuoro sul Trasimeno";25;23;0;0;0;;;;23;14;2;0;0;;;;16;39
"054055";"Tuoro sul Trasimeno";26;21;0;0;0;;;;21;22;0;0;0;;;;22;43
"054055";"Tuoro sul Trasimeno";27;16;0;0;0;;;;16;13;2;0;0;;;;15;31
"054055";"Tuoro sul Trasimeno";28;14;0;0;0;;;;14;5;2;1;0;;;;8;22
"054055";"Tuoro sul Trasimeno";29;21;2;0;0;;;;23;8;4;0;0;;;;12;35
"054055";"Tuoro sul Trasimeno";30;17;3;0;0;;;;20;10;7;0;0;;;;17;37
"054055";"Tuoro sul Trasimeno";31;10;0;0;0;;;;10;8;6;0;0;;;;14;24
"054055";"Tuoro sul Trasimeno";32;15;5;0;0;;;;20;11;4;0;0;;;;15;35
"054055";"Tuoro sul Trasimeno";33;8;6;0;0;;;;14;11;6;0;0;;;;17;31
"054055";"Tuoro sul Trasimeno";34;16;7;0;0;;;;23;9;9;0;0;;;;18;41
"054055";"Tuoro sul Trasimeno";35;13;2;1;0;;;;16;8;8;0;0;;;;16;32
"054055";"Tuoro sul Trasimeno";36;12;8;0;0;;;;20;16;9;0;0;;;;25;45
"054055";"Tuoro sul Trasimeno";37;13;9;1;0;;;;23;9;9;1;0;;;;19;42
"054055";"Tuoro sul Trasimeno";38;12;4;1;0;;;;17;1;10;0;0;;;;11;28
"054055";"Tuoro sul Trasimeno";39;9;9;0;0;;;;18;9;11;1;0;;;;21;39
"054055";"Tuoro sul Trasimeno";40;14;12;2;0;;;;28;8;16;0;0;;;;24;52
"054055";"Tuoro sul Trasimeno";41;16;10;1;0;;;;27;5;17;0;0;;;;22;49
"054055";"Tuoro sul Trasimeno";42;11;10;1;0;;;;22;8;12;2;0;;;;22;44
"054055";"Tuoro sul Trasimeno";43;14;9;0;0;;;;23;16;16;1;0;;;;33;56
"054055";"Tuoro sul Trasimeno";44;12;17;1;0;;;;30;12;16;1;0;;;;29;59
"054055";"Tuoro sul Trasimeno";45;11;20;3;0;;;;34;6;18;0;0;;;;24;58
"054055";"Tuoro sul Trasimeno";46;10;27;0;0;;;;37;7;16;1;0;;;;24;61
"054055";"Tuoro sul Trasimeno";47;13;13;4;0;;;;30;6;21;1;2;;;;30;60
"054055";"Tuoro sul Trasimeno";48;9;16;2;0;;;;27;4;20;2;0;;;;26;53
"054055";"Tuoro sul Trasimeno";49;10;19;1;0;;;;30;4;22;5;0;;;;31;61
"054055";"Tuoro sul Trasimeno";50;9;25;0;0;;;;34;4;26;6;1;;;;37;71
"054055";"Tuoro sul Trasimeno";51;4;14;1;0;;;;19;5;17;2;1;;;;25;44
"054055";"Tuoro sul Trasimeno";52;8;31;2;0;;;;41;2;25;2;1;;;;30;71
"054055";"Tuoro sul Trasimeno";53;6;21;2;0;;;;29;8;23;3;0;;;;34;63
"054055";"Tuoro sul Trasimeno";54;7;21;4;0;;;;32;4;29;3;1;;;;37;69
"054055";"Tuoro sul Trasimeno";55;5;18;2;0;;;;25;5;16;4;0;;;;25;50
"054055";"Tuoro sul Trasimeno";56;9;22;2;0;;;;33;6;16;2;3;;;;27;60
"054055";"Tuoro sul Trasimeno";57;7;29;4;0;;;;40;4;21;5;4;;;;34;74
"054055";"Tuoro sul Trasimeno";58;3;21;1;0;;;;25;5;28;3;0;;;;36;61
"054055";"Tuoro sul Trasimeno";59;2;22;3;1;;;;28;0;28;1;1;;;;30;58
"054055";"Tuoro sul Trasimeno";60;4;19;0;0;;;;23;2;22;4;3;;;;31;54
"054055";"Tuoro sul Trasimeno";61;3;23;3;0;;;;29;2;23;2;1;;;;28;57
"054055";"Tuoro sul Trasimeno";62;4;17;3;0;;;;24;2;17;2;2;;;;23;47
"054055";"Tuoro sul Trasimeno";63;5;25;1;0;;;;31;0;17;0;1;;;;18;49
"054055";"Tuoro sul Trasimeno";64;6;17;1;1;;;;25;4;19;0;3;;;;26;51
"054055";"Tuoro sul Trasimeno";65;1;15;0;0;;;;16;5;14;3;7;;;;29;45
"054055";"Tuoro sul Trasimeno";66;2;14;1;0;;;;17;0;29;0;1;;;;30;47
"054055";"Tuoro sul Trasimeno";67;3;19;0;2;;;;24;2;17;1;4;;;;24;48
"054055";"Tuoro sul Trasimeno";68;0;21;0;0;;;;21;1;24;0;5;;;;30;51
"054055";"Tuoro sul Trasimeno";69;2;17;0;1;;;;20;1;14;2;1;;;;18;38
"054055";"Tuoro sul Trasimeno";70;5;19;0;0;;;;24;1;18;2;6;;;;27;51
"054055";"Tuoro sul Trasimeno";71;3;22;3;3;;;;31;1;13;1;5;;;;20;51
"054055";"Tuoro sul Trasimeno";72;1;31;1;3;;;;36;1;27;1;9;;;;38;74
"054055";"Tuoro sul Trasimeno";73;1;12;1;2;;;;16;2;29;1;11;;;;43;59
"054055";"Tuoro sul Trasimeno";74;1;23;0;3;;;;27;1;10;0;8;;;;19;46
"054055";"Tuoro sul Trasimeno";75;2;16;0;2;;;;20;3;8;0;4;;;;15;35
"054055";"Tuoro sul Trasimeno";76;1;10;0;1;;;;12;0;11;0;14;;;;25;37
"054055";"Tuoro sul Trasimeno";77;2;21;0;1;;;;24;0;11;2;7;;;;20;44
"054055";"Tuoro sul Trasimeno";78;2;14;0;3;;;;19;1;4;0;5;;;;10;29
"054055";"Tuoro sul Trasimeno";79;1;14;0;2;;;;17;1;9;1;8;;;;19;36
"054055";"Tuoro sul Trasimeno";80;0;16;0;0;;;;16;0;4;0;10;;;;14;30
"054055";"Tuoro sul Trasimeno";81;1;10;0;3;;;;14;1;8;1;15;;;;25;39
"054055";"Tuoro sul Trasimeno";82;0;12;0;1;;;;13;0;7;1;11;;;;19;32
"054055";"Tuoro sul Trasimeno";83;1;12;0;0;;;;13;0;11;0;15;;;;26;39
"054055";"Tuoro sul Trasimeno";84;0;9;0;1;;;;10;0;5;0;15;;;;20;30
"054055";"Tuoro sul Trasimeno";85;1;3;0;2;;;;6;0;3;0;12;;;;15;21
"054055";"Tuoro sul Trasimeno";86;0;11;0;1;;;;12;0;5;1;20;;;;26;38
"054055";"Tuoro sul Trasimeno";87;0;2;0;2;;;;4;2;0;0;7;;;;9;13
"054055";"Tuoro sul Trasimeno";88;0;7;0;2;;;;9;0;0;0;7;;;;7;16
"054055";"Tuoro sul Trasimeno";89;0;4;0;4;;;;8;0;4;0;11;;;;15;23
"054055";"Tuoro sul Trasimeno";90;1;2;0;2;;;;5;1;1;0;4;;;;6;11
"054055";"Tuoro sul Trasimeno";91;0;6;0;0;;;;6;0;1;0;8;;;;9;15
"054055";"Tuoro sul Trasimeno";92;0;2;0;0;;;;2;0;0;0;9;;;;9;11
"054055";"Tuoro sul Trasimeno";93;0;1;0;1;;;;2;0;1;0;6;;;;7;9
"054055";"Tuoro sul Trasimeno";94;1;2;0;1;;;;4;0;0;0;9;;;;9;13
"054055";"Tuoro sul Trasimeno";95;0;0;0;0;;;;0;0;0;1;4;;;;5;5
"054055";"Tuoro sul Trasimeno";96;0;0;0;1;;;;1;0;0;0;2;;;;2;3
"054055";"Tuoro sul Trasimeno";97;0;1;0;0;;;;1;0;0;0;2;;;;2;3
"054055";"Tuoro sul Trasimeno";98;0;0;0;0;;;;0;1;0;0;1;;;;2;2
"054055";"Tuoro sul Trasimeno";99;0;0;0;1;;;;1;0;0;0;1;;;;1;2
"054055";"Tuoro sul Trasimeno";100;0;0;0;1;;;;1;0;0;0;0;;;;0;1
"054055";"Tuoro sul Trasimeno";999;831;901;53;48;;;;1833;670;879;73;288;;;;1910;3743
"054056";"Umbertide";0;66;0;0;0;;;;66;65;0;0;0;;;;65;131
"054056";"Umbertide";1;60;0;0;0;;;;60;53;0;0;0;;;;53;113
"054056";"Umbertide";2;70;0;0;0;;;;70;66;0;0;0;;;;66;136
"054056";"Umbertide";3;74;0;0;0;;;;74;66;0;0;0;;;;66;140
"054056";"Umbertide";4;66;0;0;0;;;;66;70;0;0;0;;;;70;136
"054056";"Umbertide";5;75;0;0;0;;;;75;58;0;0;0;;;;58;133
"054056";"Umbertide";6;72;0;0;0;;;;72;79;0;0;0;;;;79;151
"054056";"Umbertide";7;96;0;0;0;;;;96;72;0;0;0;;;;72;168
"054056";"Umbertide";8;91;0;0;0;;;;91;82;0;0;0;;;;82;173
"054056";"Umbertide";9;64;0;0;0;;;;64;83;0;0;0;;;;83;147
"054056";"Umbertide";10;87;0;0;0;;;;87;70;0;0;0;;;;70;157
"054056";"Umbertide";11;77;0;0;0;;;;77;71;0;0;0;;;;71;148
"054056";"Umbertide";12;78;0;0;0;;;;78;86;0;0;0;;;;86;164
"054056";"Umbertide";13;77;0;0;0;;;;77;100;0;0;0;;;;100;177
"054056";"Umbertide";14;84;0;0;0;;;;84;76;0;0;0;;;;76;160
"054056";"Umbertide";15;89;0;0;0;;;;89;69;0;0;0;;;;69;158
"054056";"Umbertide";16;65;0;0;0;;;;65;77;0;0;0;;;;77;142
"054056";"Umbertide";17;75;0;0;0;;;;75;88;0;0;0;;;;88;163
"054056";"Umbertide";18;84;0;0;0;;;;84;76;0;0;0;;;;76;160
"054056";"Umbertide";19;72;0;0;0;;;;72;62;0;0;0;;;;62;134
"054056";"Umbertide";20;67;0;0;0;;;;67;67;1;0;0;;;;68;135
"054056";"Umbertide";21;65;0;0;0;;;;65;67;1;0;0;;;;68;133
"054056";"Umbertide";22;62;1;0;0;;;;63;67;5;0;0;;;;72;135
"054056";"Umbertide";23;75;2;0;0;;;;77;60;7;0;0;;;;67;144
"054056";"Umbertide";24;73;3;0;0;;;;76;67;10;0;0;;;;77;153
"054056";"Umbertide";25;80;1;0;0;;;;81;70;16;0;0;;;;86;167
"054056";"Umbertide";26;64;4;1;0;;;;69;76;12;0;0;;;;88;157
"054056";"Umbertide";27;68;7;0;0;;;;75;62;19;0;0;;;;81;156
"054056";"Umbertide";28;66;6;0;0;;;;72;52;21;0;0;;;;73;145
"054056";"Umbertide";29;79;9;0;0;;;;88;51;22;1;0;;;;74;162
"054056";"Umbertide";30;68;15;0;0;;;;83;46;25;0;0;;;;71;154
"054056";"Umbertide";31;77;15;0;0;;;;92;55;47;1;0;;;;103;195
"054056";"Umbertide";32;74;28;1;0;;;;103;44;37;0;0;;;;81;184
"054056";"Umbertide";33;61;23;0;0;;;;84;59;48;0;0;;;;107;191
"054056";"Umbertide";34;63;32;1;0;;;;96;46;48;0;0;;;;94;190
"054056";"Umbertide";35;54;34;0;0;;;;88;27;54;1;2;;;;84;172
"054056";"Umbertide";36;55;46;0;0;;;;101;40;54;1;0;;;;95;196
"054056";"Umbertide";37;52;40;5;0;;;;97;28;51;0;1;;;;80;177
"054056";"Umbertide";38;53;50;0;0;;;;103;35;58;2;1;;;;96;199
"054056";"Umbertide";39;52;66;3;0;;;;121;30;58;7;1;;;;96;217
"054056";"Umbertide";40;46;52;1;0;;;;99;40;75;5;2;;;;122;221
"054056";"Umbertide";41;49;61;1;0;;;;111;37;66;8;1;;;;112;223
"054056";"Umbertide";42;60;78;2;0;;;;140;33;78;4;4;;;;119;259
"054056";"Umbertide";43;49;61;5;0;;;;115;31;68;2;2;;;;103;218
"054056";"Umbertide";44;47;65;8;0;;;;120;27;89;5;1;;;;122;242
"054056";"Umbertide";45;40;64;2;0;;;;106;27;91;6;1;;;;125;231
"054056";"Umbertide";46;39;89;4;0;;;;132;29;87;12;0;;;;128;260
"054056";"Umbertide";47;34;101;4;0;;;;139;15;105;8;0;;;;128;267
"054056";"Umbertide";48;42;80;9;0;;;;131;22;111;9;4;;;;146;277
"054056";"Umbertide";49;31;83;5;0;;;;119;20;92;6;3;;;;121;240
"054056";"Umbertide";50;30;97;5;1;;;;133;15;93;3;2;;;;113;246
"054056";"Umbertide";51;30;83;8;1;;;;122;14;81;5;3;;;;103;225
"054056";"Umbertide";52;24;74;11;1;;;;110;22;98;5;0;;;;125;235
"054056";"Umbertide";53;22;106;5;0;;;;133;16;100;9;2;;;;127;260
"054056";"Umbertide";54;25;95;7;2;;;;129;15;78;10;0;;;;103;232
"054056";"Umbertide";55;26;112;4;2;;;;144;14;91;7;4;;;;116;260
"054056";"Umbertide";56;25;95;6;1;;;;127;15;93;5;5;;;;118;245
"054056";"Umbertide";57;19;110;1;0;;;;130;11;103;9;7;;;;130;260
"054056";"Umbertide";58;13;83;8;3;;;;107;23;91;5;14;;;;133;240
"054056";"Umbertide";59;20;79;8;3;;;;110;8;97;9;13;;;;127;237
"054056";"Umbertide";60;18;96;11;0;;;;125;9;92;8;7;;;;116;241
"054056";"Umbertide";61;18;89;2;4;;;;113;3;81;7;11;;;;102;215
"054056";"Umbertide";62;14;82;5;1;;;;102;8;95;5;12;;;;120;222
"054056";"Umbertide";63;12;71;2;1;;;;86;5;95;3;11;;;;114;200
"054056";"Umbertide";64;8;73;4;2;;;;87;8;79;2;20;;;;109;196
"054056";"Umbertide";65;10;91;1;3;;;;105;6;68;6;15;;;;95;200
"054056";"Umbertide";66;9;87;1;1;;;;98;7;84;2;17;;;;110;208
"054056";"Umbertide";67;8;68;0;3;;;;79;4;83;4;19;;;;110;189
"054056";"Umbertide";68;14;88;1;7;;;;110;5;70;3;22;;;;100;210
"054056";"Umbertide";69;4;79;6;4;;;;93;8;68;2;21;;;;99;192
"054056";"Umbertide";70;7;71;2;5;;;;85;3;68;2;12;;;;85;170
"054056";"Umbertide";71;6;97;0;7;;;;110;3;72;1;25;;;;101;211
"054056";"Umbertide";72;7;75;1;8;;;;91;8;66;9;18;;;;101;192
"054056";"Umbertide";73;12;80;4;3;;;;99;4;61;3;36;;;;104;203
"054056";"Umbertide";74;11;54;3;7;;;;75;0;62;4;31;;;;97;172
"054056";"Umbertide";75;3;83;0;10;;;;96;2;59;4;26;;;;91;187
"054056";"Umbertide";76;4;49;0;1;;;;54;4;33;2;19;;;;58;112
"054056";"Umbertide";77;8;48;1;4;;;;61;6;42;1;24;;;;73;134
"054056";"Umbertide";78;9;59;1;7;;;;76;2;54;1;43;;;;100;176
"054056";"Umbertide";79;5;41;0;1;;;;47;3;18;0;25;;;;46;93
"054056";"Umbertide";80;2;50;0;9;;;;61;4;24;0;32;;;;60;121
"054056";"Umbertide";81;0;44;1;9;;;;54;3;33;0;43;;;;79;133
"054056";"Umbertide";82;3;54;0;7;;;;64;1;28;1;53;;;;83;147
"054056";"Umbertide";83;4;46;0;7;;;;57;0;24;1;56;;;;81;138
"054056";"Umbertide";84;4;37;2;10;;;;53;0;25;0;41;;;;66;119
"054056";"Umbertide";85;2;21;1;8;;;;32;2;9;0;50;;;;61;93
"054056";"Umbertide";86;2;23;1;3;;;;29;1;11;0;51;;;;63;92
"054056";"Umbertide";87;1;27;0;7;;;;35;1;8;0;50;;;;59;94
"054056";"Umbertide";88;2;16;0;10;;;;28;1;9;0;62;;;;72;100
"054056";"Umbertide";89;3;9;1;6;;;;19;1;4;0;41;;;;46;65
"054056";"Umbertide";90;0;13;1;11;;;;25;1;3;0;39;;;;43;68
"054056";"Umbertide";91;0;7;0;8;;;;15;0;1;0;31;;;;32;47
"054056";"Umbertide";92;2;6;0;2;;;;10;0;2;0;37;;;;39;49
"054056";"Umbertide";93;1;7;0;2;;;;10;0;1;0;28;;;;29;39
"054056";"Umbertide";94;0;4;0;4;;;;8;0;0;0;20;;;;20;28
"054056";"Umbertide";95;1;2;0;2;;;;5;0;0;0;19;;;;19;24
"054056";"Umbertide";96;0;0;0;1;;;;1;0;0;0;15;;;;15;16
"054056";"Umbertide";97;0;2;0;0;;;;2;0;0;0;13;;;;13;15
"054056";"Umbertide";98;0;0;0;0;;;;0;1;0;0;4;;;;5;5
"054056";"Umbertide";99;0;0;0;1;;;;1;0;0;0;5;;;;5;6
"054056";"Umbertide";100;0;1;0;0;;;;1;0;0;0;4;;;;4;5
"054056";"Umbertide";999;3715;3900;167;200;;;;7982;3066;3913;216;1181;;;;8376;16358
"054057";"Valfabbrica";0;10;0;0;0;;;;10;12;0;0;0;;;;12;22
"054057";"Valfabbrica";1;10;0;0;0;;;;10;11;0;0;0;;;;11;21
"054057";"Valfabbrica";2;8;0;0;0;;;;8;12;0;0;0;;;;12;20
"054057";"Valfabbrica";3;14;0;0;0;;;;14;6;0;0;0;;;;6;20
"054057";"Valfabbrica";4;11;0;0;0;;;;11;11;0;0;0;;;;11;22
"054057";"Valfabbrica";5;10;0;0;0;;;;10;11;0;0;0;;;;11;21
"054057";"Valfabbrica";6;10;0;0;0;;;;10;10;0;0;0;;;;10;20
"054057";"Valfabbrica";7;14;0;0;0;;;;14;21;0;0;0;;;;21;35
"054057";"Valfabbrica";8;18;0;0;0;;;;18;21;0;0;0;;;;21;39
"054057";"Valfabbrica";9;12;0;0;0;;;;12;10;0;0;0;;;;10;22
"054057";"Valfabbrica";10;11;0;0;0;;;;11;17;0;0;0;;;;17;28
"054057";"Valfabbrica";11;12;0;0;0;;;;12;11;0;0;0;;;;11;23
"054057";"Valfabbrica";12;17;0;0;0;;;;17;17;0;0;0;;;;17;34
"054057";"Valfabbrica";13;8;0;0;0;;;;8;18;0;0;0;;;;18;26
"054057";"Valfabbrica";14;12;0;0;0;;;;12;15;0;0;0;;;;15;27
"054057";"Valfabbrica";15;19;0;0;0;;;;19;15;0;0;0;;;;15;34
"054057";"Valfabbrica";16;12;0;0;0;;;;12;16;0;0;0;;;;16;28
"054057";"Valfabbrica";17;14;0;0;0;;;;14;17;0;0;0;;;;17;31
"054057";"Valfabbrica";18;17;0;0;0;;;;17;13;0;0;0;;;;13;30
"054057";"Valfabbrica";19;12;0;0;0;;;;12;15;1;0;0;;;;16;28
"054057";"Valfabbrica";20;14;0;0;0;;;;14;15;0;0;0;;;;15;29
"054057";"Valfabbrica";21;16;0;0;0;;;;16;17;0;0;0;;;;17;33
"054057";"Valfabbrica";22;21;1;0;0;;;;22;20;0;0;0;;;;20;42
"054057";"Valfabbrica";23;13;0;0;0;;;;13;7;0;0;0;;;;7;20
"054057";"Valfabbrica";24;8;0;0;0;;;;8;10;0;0;0;;;;10;18
"054057";"Valfabbrica";25;17;0;0;0;;;;17;14;0;0;0;;;;14;31
"054057";"Valfabbrica";26;7;0;0;0;;;;7;9;0;0;0;;;;9;16
"054057";"Valfabbrica";27;11;0;0;0;;;;11;10;5;0;0;;;;15;26
"054057";"Valfabbrica";28;19;0;0;0;;;;19;13;5;0;0;;;;18;37
"054057";"Valfabbrica";29;18;2;0;0;;;;20;9;3;0;0;;;;12;32
"054057";"Valfabbrica";30;13;0;0;0;;;;13;11;4;0;0;;;;15;28
"054057";"Valfabbrica";31;17;5;0;0;;;;22;8;5;0;0;;;;13;35
"054057";"Valfabbrica";32;11;2;1;0;;;;14;12;6;0;0;;;;18;32
"054057";"Valfabbrica";33;11;4;0;0;;;;15;7;6;0;0;;;;13;28
"054057";"Valfabbrica";34;7;3;0;0;;;;10;8;9;0;0;;;;17;27
"054057";"Valfabbrica";35;7;6;0;0;;;;13;3;7;0;0;;;;10;23
"054057";"Valfabbrica";36;14;7;1;0;;;;22;8;13;0;0;;;;21;43
"054057";"Valfabbrica";37;9;7;0;0;;;;16;5;11;0;0;;;;16;32
"054057";"Valfabbrica";38;9;13;0;0;;;;22;5;14;1;0;;;;20;42
"054057";"Valfabbrica";39;17;9;0;0;;;;26;6;9;0;0;;;;15;41
"054057";"Valfabbrica";40;5;13;0;0;;;;18;4;17;0;0;;;;21;39
"054057";"Valfabbrica";41;3;12;0;0;;;;15;4;17;1;0;;;;22;37
"054057";"Valfabbrica";42;5;15;0;0;;;;20;2;15;1;0;;;;18;38
"054057";"Valfabbrica";43;6;13;0;0;;;;19;9;15;1;0;;;;25;44
"054057";"Valfabbrica";44;6;17;1;0;;;;24;3;17;0;0;;;;20;44
"054057";"Valfabbrica";45;7;18;0;0;;;;25;6;20;1;0;;;;27;52
"054057";"Valfabbrica";46;7;16;0;0;;;;23;3;15;0;0;;;;18;41
"054057";"Valfabbrica";47;10;14;1;0;;;;25;4;21;2;1;;;;28;53
"054057";"Valfabbrica";48;11;12;1;0;;;;24;3;15;0;1;;;;19;43
"054057";"Valfabbrica";49;9;13;1;0;;;;23;5;16;2;2;;;;25;48
"054057";"Valfabbrica";50;5;18;0;0;;;;23;5;16;4;0;;;;25;48
"054057";"Valfabbrica";51;2;26;1;0;;;;29;7;14;0;2;;;;23;52
"054057";"Valfabbrica";52;12;21;3;0;;;;36;2;19;2;0;;;;23;59
"054057";"Valfabbrica";53;2;27;1;1;;;;31;5;29;1;1;;;;36;67
"054057";"Valfabbrica";54;9;13;3;0;;;;25;0;23;3;1;;;;27;52
"054057";"Valfabbrica";55;5;21;1;0;;;;27;3;20;3;1;;;;27;54
"054057";"Valfabbrica";56;6;16;3;1;;;;26;3;20;0;0;;;;23;49
"054057";"Valfabbrica";57;5;18;4;1;;;;28;3;20;2;0;;;;25;53
"054057";"Valfabbrica";58;2;20;3;1;;;;26;1;23;0;1;;;;25;51
"054057";"Valfabbrica";59;5;12;1;0;;;;18;3;12;1;4;;;;20;38
"054057";"Valfabbrica";60;2;18;0;0;;;;20;1;26;0;2;;;;29;49
"054057";"Valfabbrica";61;5;19;1;1;;;;26;0;19;1;4;;;;24;50
"054057";"Valfabbrica";62;5;20;3;2;;;;30;2;21;1;5;;;;29;59
"054057";"Valfabbrica";63;0;26;0;0;;;;26;0;13;1;3;;;;17;43
"054057";"Valfabbrica";64;4;16;1;0;;;;21;1;14;0;3;;;;18;39
"054057";"Valfabbrica";65;3;20;1;1;;;;25;0;13;0;4;;;;17;42
"054057";"Valfabbrica";66;4;16;0;1;;;;21;0;20;1;1;;;;22;43
"054057";"Valfabbrica";67;4;15;1;1;;;;21;1;16;1;0;;;;18;39
"054057";"Valfabbrica";68;3;12;0;0;;;;15;1;11;2;4;;;;18;33
"054057";"Valfabbrica";69;3;15;1;0;;;;19;0;10;0;3;;;;13;32
"054057";"Valfabbrica";70;1;17;0;1;;;;19;1;13;1;7;;;;22;41
"054057";"Valfabbrica";71;2;12;1;1;;;;16;0;19;0;7;;;;26;42
"054057";"Valfabbrica";72;0;17;1;1;;;;19;1;24;2;9;;;;36;55
"054057";"Valfabbrica";73;5;22;0;0;;;;27;3;9;0;5;;;;17;44
"054057";"Valfabbrica";74;0;11;0;1;;;;12;3;11;0;4;;;;18;30
"054057";"Valfabbrica";75;1;15;0;0;;;;16;1;15;0;4;;;;20;36
"054057";"Valfabbrica";76;1;14;0;1;;;;16;1;6;0;10;;;;17;33
"054057";"Valfabbrica";77;2;13;0;3;;;;18;1;9;1;11;;;;22;40
"054057";"Valfabbrica";78;0;14;0;4;;;;18;2;15;1;4;;;;22;40
"054057";"Valfabbrica";79;0;14;0;2;;;;16;1;9;0;7;;;;17;33
"054057";"Valfabbrica";80;1;6;0;0;;;;7;0;6;0;8;;;;14;21
"054057";"Valfabbrica";81;2;11;0;2;;;;15;0;6;0;7;;;;13;28
"054057";"Valfabbrica";82;3;14;0;2;;;;19;0;8;1;10;;;;19;38
"054057";"Valfabbrica";83;0;11;0;3;;;;14;0;9;0;12;;;;21;35
"054057";"Valfabbrica";84;1;7;0;2;;;;10;1;7;0;10;;;;18;28
"054057";"Valfabbrica";85;0;12;0;2;;;;14;1;4;0;10;;;;15;29
"054057";"Valfabbrica";86;2;8;0;5;;;;15;0;6;0;5;;;;11;26
"054057";"Valfabbrica";87;1;9;0;0;;;;10;1;4;0;10;;;;15;25
"054057";"Valfabbrica";88;0;6;0;2;;;;8;0;2;1;6;;;;9;17
"054057";"Valfabbrica";89;0;3;0;1;;;;4;0;1;0;10;;;;11;15
"054057";"Valfabbrica";90;0;2;0;2;;;;4;0;0;0;8;;;;8;12
"054057";"Valfabbrica";91;0;3;0;1;;;;4;0;0;0;5;;;;5;9
"054057";"Valfabbrica";92;0;3;0;1;;;;4;0;2;0;7;;;;9;13
"054057";"Valfabbrica";93;0;0;0;0;;;;0;0;0;0;1;;;;1;1
"054057";"Valfabbrica";94;0;2;0;0;;;;2;0;0;0;5;;;;5;7
"054057";"Valfabbrica";95;0;0;0;0;;;;0;1;0;0;4;;;;5;5
"054057";"Valfabbrica";96;0;0;0;0;;;;0;0;0;0;2;;;;2;2
"054057";"Valfabbrica";97;0;0;0;0;;;;0;0;0;0;0;;;;0;0
"054057";"Valfabbrica";98;0;1;0;0;;;;1;0;0;0;1;;;;1;2
"054057";"Valfabbrica";99;0;0;0;0;;;;0;0;0;0;1;;;;1;1
"054057";"Valfabbrica";100;0;0;0;0;;;;0;0;0;0;1;;;;1;1
"054057";"Valfabbrica";999;687;818;36;47;;;;1588;575;810;39;234;;;;1658;3246
"054058";"Vallo di Nera";0;0;0;0;0;;;;0;0;0;0;0;;;;0;0
"054058";"Vallo di Nera";1;0;0;0;0;;;;0;1;0;0;0;;;;1;1
"054058";"Vallo di Nera";2;1;0;0;0;;;;1;0;0;0;0;;;;0;1
"054058";"Vallo di Nera";3;2;0;0;0;;;;2;0;0;0;0;;;;0;2
"054058";"Vallo di Nera";4;0;0;0;0;;;;0;1;0;0;0;;;;1;1
"054058";"Vallo di Nera";5;1;0;0;0;;;;1;1;0;0;0;;;;1;2
"054058";"Vallo di Nera";6;0;0;0;0;;;;0;0;0;0;0;;;;0;0
"054058";"Vallo di Nera";7;0;0;0;0;;;;0;1;0;0;0;;;;1;1
"054058";"Vallo di Nera";8;2;0;0;0;;;;2;1;0;0;0;;;;1;3
"054058";"Vallo di Nera";9;3;0;0;0;;;;3;3;0;0;0;;;;3;6
"054058";"Vallo di Nera";10;1;0;0;0;;;;1;2;0;0;0;;;;2;3
"054058";"Vallo di Nera";11;1;0;0;0;;;;1;1;0;0;0;;;;1;2
"054058";"Vallo di Nera";12;1;0;0;0;;;;1;2;0;0;0;;;;2;3
"054058";"Vallo di Nera";13;4;0;0;0;;;;4;2;0;0;0;;;;2;6
"054058";"Vallo di Nera";14;1;0;0;0;;;;1;2;0;0;0;;;;2;3
"054058";"Vallo di Nera";15;4;0;0;0;;;;4;0;0;0;0;;;;0;4
"054058";"Vallo di Nera";16;0;0;0;0;;;;0;0;0;0;0;;;;0;0
"054058";"Vallo di Nera";17;3;0;0;0;;;;3;4;0;0;0;;;;4;7
"054058";"Vallo di Nera";18;0;0;0;0;;;;0;1;0;0;0;;;;1;1
"054058";"Vallo di Nera";19;0;0;0;0;;;;0;2;0;0;0;;;;2;2
"054058";"Vallo di Nera";20;3;0;0;0;;;;3;0;0;0;0;;;;0;3
"054058";"Vallo di Nera";21;1;0;0;0;;;;1;2;0;0;0;;;;2;3
"054058";"Vallo di Nera";22;2;0;0;0;;;;2;0;1;0;0;;;;1;3
"054058";"Vallo di Nera";23;2;1;0;0;;;;3;0;0;0;0;;;;0;3
"054058";"Vallo di Nera";24;0;0;0;0;;;;0;4;1;0;0;;;;5;5
"054058";"Vallo di Nera";25;2;0;0;0;;;;2;0;0;0;0;;;;0;2
"054058";"Vallo di Nera";26;2;0;0;0;;;;2;1;0;0;0;;;;1;3
"054058";"Vallo di Nera";27;0;0;0;0;;;;0;1;0;0;0;;;;1;1
"054058";"Vallo di Nera";28;1;0;0;0;;;;1;4;0;0;0;;;;4;5
"054058";"Vallo di Nera";29;3;0;0;0;;;;3;0;0;0;0;;;;0;3
"054058";"Vallo di Nera";30;1;0;0;0;;;;1;1;0;0;0;;;;1;2
"054058";"Vallo di Nera";31;0;0;0;0;;;;0;1;1;0;0;;;;2;2
"054058";"Vallo di Nera";32;1;0;0;0;;;;1;0;0;0;0;;;;0;1
"054058";"Vallo di Nera";33;1;1;0;0;;;;2;1;0;0;0;;;;1;3
"054058";"Vallo di Nera";34;0;0;0;0;;;;0;0;0;0;0;;;;0;0
"054058";"Vallo di Nera";35;0;0;0;0;;;;0;0;1;0;0;;;;1;1
"054058";"Vallo di Nera";36;1;1;0;0;;;;2;0;1;0;0;;;;1;3
"054058";"Vallo di Nera";37;0;2;0;0;;;;2;1;1;0;0;;;;2;4
"054058";"Vallo di Nera";38;1;1;0;0;;;;2;1;0;0;0;;;;1;3
"054058";"Vallo di Nera";39;1;0;0;0;;;;1;0;3;0;0;;;;3;4
"054058";"Vallo di Nera";40;1;2;0;0;;;;3;0;2;0;0;;;;2;5
"054058";"Vallo di Nera";41;1;2;1;0;;;;4;0;2;0;0;;;;2;6
"054058";"Vallo di Nera";42;1;2;0;0;;;;3;0;2;1;0;;;;3;6
"054058";"Vallo di Nera";43;0;2;0;0;;;;2;0;4;1;0;;;;5;7
"054058";"Vallo di Nera";44;0;1;0;0;;;;1;1;0;0;0;;;;1;2
"054058";"Vallo di Nera";45;2;1;0;0;;;;3;0;4;0;0;;;;4;7
"054058";"Vallo di Nera";46;3;4;0;0;;;;7;1;3;0;0;;;;4;11
"054058";"Vallo di Nera";47;2;3;0;0;;;;5;1;3;0;0;;;;4;9
"054058";"Vallo di Nera";48;3;2;0;0;;;;5;1;1;0;0;;;;2;7
"054058";"Vallo di Nera";49;3;1;0;0;;;;4;0;2;0;1;;;;3;7
"054058";"Vallo di Nera";50;0;1;0;0;;;;1;2;1;0;0;;;;3;4
"054058";"Vallo di Nera";51;1;3;0;0;;;;4;2;1;0;0;;;;3;7
"054058";"Vallo di Nera";52;1;0;0;0;;;;1;0;0;0;0;;;;0;1
"054058";"Vallo di Nera";53;0;1;0;0;;;;1;0;0;0;0;;;;0;1
"054058";"Vallo di Nera";54;0;2;0;0;;;;2;2;1;0;0;;;;3;5
"054058";"Vallo di Nera";55;0;3;0;0;;;;3;0;1;0;0;;;;1;4
"054058";"Vallo di Nera";56;0;3;0;0;;;;3;1;2;1;0;;;;4;7
"054058";"Vallo di Nera";57;0;1;1;0;;;;2;0;4;1;0;;;;5;7
"054058";"Vallo di Nera";58;1;0;0;0;;;;1;1;3;0;0;;;;4;5
"054058";"Vallo di Nera";59;2;2;0;0;;;;4;0;5;0;1;;;;6;10
"054058";"Vallo di Nera";60;1;1;0;0;;;;2;0;3;0;0;;;;3;5
"054058";"Vallo di Nera";61;0;0;0;0;;;;0;0;2;1;0;;;;3;3
"054058";"Vallo di Nera";62;0;1;0;0;;;;1;0;3;1;0;;;;4;5
"054058";"Vallo di Nera";63;3;2;0;0;;;;5;2;0;0;0;;;;2;7
"054058";"Vallo di Nera";64;1;2;1;0;;;;4;1;0;0;0;;;;1;5
"054058";"Vallo di Nera";65;0;0;0;0;;;;0;0;2;0;1;;;;3;3
"054058";"Vallo di Nera";66;1;4;0;0;;;;5;0;4;0;0;;;;4;9
"054058";"Vallo di Nera";67;0;2;0;0;;;;2;0;1;0;0;;;;1;3
"054058";"Vallo di Nera";68;0;2;0;0;;;;2;0;4;0;0;;;;4;6
"054058";"Vallo di Nera";69;0;0;0;0;;;;0;0;1;0;0;;;;1;1
"054058";"Vallo di Nera";70;1;1;0;1;;;;3;0;0;0;2;;;;2;5
"054058";"Vallo di Nera";71;0;0;0;0;;;;0;0;1;0;1;;;;2;2
"054058";"Vallo di Nera";72;0;2;0;0;;;;2;0;0;0;0;;;;0;2
"054058";"Vallo di Nera";73;1;1;0;0;;;;2;0;1;0;1;;;;2;4
"054058";"Vallo di Nera";74;0;5;1;0;;;;6;0;1;0;0;;;;1;7
"054058";"Vallo di Nera";75;1;1;1;0;;;;3;1;1;0;2;;;;4;7
"054058";"Vallo di Nera";76;0;2;0;0;;;;2;1;1;1;0;;;;3;5
"054058";"Vallo di Nera";77;0;0;0;1;;;;1;1;0;0;2;;;;3;4
"054058";"Vallo di Nera";78;0;1;0;0;;;;1;0;1;0;1;;;;2;3
"054058";"Vallo di Nera";79;0;2;0;0;;;;2;0;1;0;1;;;;2;4
"054058";"Vallo di Nera";80;0;1;0;0;;;;1;0;1;0;2;;;;3;4
"054058";"Vallo di Nera";81;0;0;0;0;;;;0;0;1;0;2;;;;3;3
"054058";"Vallo di Nera";82;0;0;0;0;;;;0;0;0;0;1;;;;1;1
"054058";"Vallo di Nera";83;0;0;0;0;;;;0;0;0;0;1;;;;1;1
"054058";"Vallo di Nera";84;0;2;0;0;;;;2;0;1;0;1;;;;2;4
"054058";"Vallo di Nera";85;0;1;1;1;;;;3;0;0;0;2;;;;2;5
"054058";"Vallo di Nera";86;0;1;0;0;;;;1;1;1;0;0;;;;2;3
"054058";"Vallo di Nera";87;0;0;0;0;;;;0;0;0;0;0;;;;0;0
"054058";"Vallo di Nera";88;0;1;0;0;;;;1;0;0;0;0;;;;0;1
"054058";"Vallo di Nera";89;1;0;0;0;;;;1;0;0;0;1;;;;1;2
"054058";"Vallo di Nera";90;0;0;0;1;;;;1;0;0;0;1;;;;1;2
"054058";"Vallo di Nera";91;0;0;0;0;;;;0;0;0;0;1;;;;1;1
"054058";"Vallo di Nera";92;0;1;0;0;;;;1;0;1;0;0;;;;1;2
"054058";"Vallo di Nera";93;0;0;0;0;;;;0;0;0;0;1;;;;1;1
"054058";"Vallo di Nera";94;0;0;0;0;;;;0;0;0;0;0;;;;0;0
"054058";"Vallo di Nera";95;0;0;0;0;;;;0;0;0;0;0;;;;0;0
"054058";"Vallo di Nera";96;0;0;0;0;;;;0;0;0;0;0;;;;0;0
"054058";"Vallo di Nera";97;0;0;0;0;;;;0;0;0;0;0;;;;0;0
"054058";"Vallo di Nera";98;0;0;0;0;;;;0;0;0;0;0;;;;0;0
"054058";"Vallo di Nera";99;0;0;0;0;;;;0;0;0;0;0;;;;0;0
"054058";"Vallo di Nera";100;0;0;0;0;;;;0;0;0;0;0;;;;0;0
"054058";"Vallo di Nera";999;77;78;6;4;;;;165;60;82;7;26;;;;175;340
"054059";"Valtopina";0;3;0;0;0;;;;3;3;0;0;0;;;;3;6
"054059";"Valtopina";1;1;0;0;0;;;;1;3;0;0;0;;;;3;4
"054059";"Valtopina";2;2;0;0;0;;;;2;3;0;0;0;;;;3;5
"054059";"Valtopina";3;6;0;0;0;;;;6;5;0;0;0;;;;5;11
"054059";"Valtopina";4;3;0;0;0;;;;3;3;0;0;0;;;;3;6
"054059";"Valtopina";5;3;0;0;0;;;;3;3;0;0;0;;;;3;6
"054059";"Valtopina";6;10;0;0;0;;;;10;5;0;0;0;;;;5;15
"054059";"Valtopina";7;1;0;0;0;;;;1;5;0;0;0;;;;5;6
"054059";"Valtopina";8;3;0;0;0;;;;3;8;0;0;0;;;;8;11
"054059";"Valtopina";9;0;0;0;0;;;;0;1;0;0;0;;;;1;1
"054059";"Valtopina";10;4;0;0;0;;;;4;6;0;0;0;;;;6;10
"054059";"Valtopina";11;10;0;0;0;;;;10;4;0;0;0;;;;4;14
"054059";"Valtopina";12;10;0;0;0;;;;10;8;0;0;0;;;;8;18
"054059";"Valtopina";13;10;0;0;0;;;;10;4;0;0;0;;;;4;14
"054059";"Valtopina";14;2;0;0;0;;;;2;4;0;0;0;;;;4;6
"054059";"Valtopina";15;7;0;0;0;;;;7;6;0;0;0;;;;6;13
"054059";"Valtopina";16;5;0;0;0;;;;5;9;0;0;0;;;;9;14
"054059";"Valtopina";17;6;0;0;0;;;;6;3;0;0;0;;;;3;9
"054059";"Valtopina";18;4;0;0;0;;;;4;7;0;0;0;;;;7;11
"054059";"Valtopina";19;7;0;0;0;;;;7;10;0;0;0;;;;10;17
"054059";"Valtopina";20;4;0;0;0;;;;4;9;0;0;0;;;;9;13
"054059";"Valtopina";21;6;0;0;0;;;;6;5;0;0;0;;;;5;11
"054059";"Valtopina";22;3;0;0;0;;;;3;4;0;0;0;;;;4;7
"054059";"Valtopina";23;2;0;0;0;;;;2;4;0;0;0;;;;4;6
"054059";"Valtopina";24;7;0;0;0;;;;7;4;0;0;0;;;;4;11
"054059";"Valtopina";25;3;0;0;0;;;;3;6;0;0;0;;;;6;9
"054059";"Valtopina";26;8;0;0;0;;;;8;6;0;0;0;;;;6;14
"054059";"Valtopina";27;3;0;0;0;;;;3;1;1;0;0;;;;2;5
"054059";"Valtopina";28;1;0;0;0;;;;1;3;0;0;0;;;;3;4
"054059";"Valtopina";29;5;1;0;0;;;;6;5;0;0;0;;;;5;11
"054059";"Valtopina";30;4;1;0;0;;;;5;6;2;0;0;;;;8;13
"054059";"Valtopina";31;4;1;0;0;;;;5;1;2;1;0;;;;4;9
"054059";"Valtopina";32;7;1;0;0;;;;8;1;1;0;0;;;;2;10
"054059";"Valtopina";33;3;2;0;0;;;;5;6;2;0;0;;;;8;13
"054059";"Valtopina";34;2;2;1;0;;;;5;0;1;0;0;;;;1;6
"054059";"Valtopina";35;4;3;0;0;;;;7;5;6;0;0;;;;11;18
"054059";"Valtopina";36;4;0;0;0;;;;4;0;3;1;0;;;;4;8
"054059";"Valtopina";37;2;0;0;0;;;;2;2;7;1;0;;;;10;12
"054059";"Valtopina";38;7;3;1;0;;;;11;1;1;0;0;;;;2;13
"054059";"Valtopina";39;4;0;1;0;;;;5;0;2;0;0;;;;2;7
"054059";"Valtopina";40;7;2;0;0;;;;9;2;2;3;0;;;;7;16
"054059";"Valtopina";41;3;5;0;0;;;;8;2;4;0;0;;;;6;14
"054059";"Valtopina";42;3;2;0;0;;;;5;1;4;0;0;;;;5;10
"054059";"Valtopina";43;6;10;0;0;;;;16;3;7;0;0;;;;10;26
"054059";"Valtopina";44;3;3;0;0;;;;6;3;5;1;0;;;;9;15
"054059";"Valtopina";45;5;5;0;0;;;;10;5;6;1;0;;;;12;22
"054059";"Valtopina";46;4;4;1;0;;;;9;3;13;0;0;;;;16;25
"054059";"Valtopina";47;3;8;0;0;;;;11;1;11;1;0;;;;13;24
"054059";"Valtopina";48;7;7;0;0;;;;14;2;6;0;1;;;;9;23
"054059";"Valtopina";49;7;12;0;0;;;;19;1;6;1;0;;;;8;27
"054059";"Valtopina";50;2;9;0;0;;;;11;2;8;1;0;;;;11;22
"054059";"Valtopina";51;3;8;0;0;;;;11;2;7;1;2;;;;12;23
"054059";"Valtopina";52;3;2;0;0;;;;5;4;6;0;0;;;;10;15
"054059";"Valtopina";53;1;11;1;0;;;;13;3;9;0;0;;;;12;25
"054059";"Valtopina";54;2;2;0;0;;;;4;2;10;2;0;;;;14;18
"054059";"Valtopina";55;1;6;1;0;;;;8;2;6;0;0;;;;8;16
"054059";"Valtopina";56;1;4;0;0;;;;5;0;7;0;0;;;;7;12
"054059";"Valtopina";57;2;9;1;0;;;;12;1;10;0;1;;;;12;24
"054059";"Valtopina";58;2;8;0;0;;;;10;1;7;0;0;;;;8;18
"054059";"Valtopina";59;0;5;0;0;;;;5;0;6;2;0;;;;8;13
"054059";"Valtopina";60;1;3;0;1;;;;5;1;7;0;0;;;;8;13
"054059";"Valtopina";61;2;6;0;0;;;;8;1;6;1;2;;;;10;18
"054059";"Valtopina";62;1;9;0;0;;;;10;1;8;0;0;;;;9;19
"054059";"Valtopina";63;1;6;0;0;;;;7;1;7;0;0;;;;8;15
"054059";"Valtopina";64;0;8;0;0;;;;8;0;3;0;2;;;;5;13
"054059";"Valtopina";65;0;6;1;0;;;;7;1;6;1;0;;;;8;15
"054059";"Valtopina";66;3;10;0;0;;;;13;1;7;1;0;;;;9;22
"054059";"Valtopina";67;0;5;1;0;;;;6;0;10;1;4;;;;15;21
"054059";"Valtopina";68;0;5;0;0;;;;5;1;5;1;0;;;;7;12
"054059";"Valtopina";69;0;10;0;0;;;;10;2;8;0;0;;;;10;20
"054059";"Valtopina";70;0;4;1;1;;;;6;1;5;0;0;;;;6;12
"054059";"Valtopina";71;1;7;1;0;;;;9;0;7;1;0;;;;8;17
"054059";"Valtopina";72;1;9;1;0;;;;11;0;10;0;0;;;;10;21
"054059";"Valtopina";73;1;13;3;2;;;;19;1;6;0;4;;;;11;30
"054059";"Valtopina";74;2;8;0;2;;;;12;0;5;0;5;;;;10;22
"054059";"Valtopina";75;1;5;0;1;;;;7;0;8;0;4;;;;12;19
"054059";"Valtopina";76;0;6;1;1;;;;8;0;3;0;5;;;;8;16
"054059";"Valtopina";77;2;7;0;0;;;;9;0;9;0;1;;;;10;19
"054059";"Valtopina";78;2;6;0;1;;;;9;0;2;0;4;;;;6;15
"054059";"Valtopina";79;2;8;0;2;;;;12;0;1;0;2;;;;3;15
"054059";"Valtopina";80;0;2;0;2;;;;4;0;5;0;5;;;;10;14
"054059";"Valtopina";81;0;7;0;1;;;;8;0;2;0;3;;;;5;13
"054059";"Valtopina";82;0;2;0;0;;;;2;1;1;0;3;;;;5;7
"054059";"Valtopina";83;0;5;1;1;;;;7;0;1;1;8;;;;10;17
"054059";"Valtopina";84;0;2;0;0;;;;2;0;0;0;2;;;;2;4
"054059";"Valtopina";85;1;3;0;3;;;;7;0;3;0;5;;;;8;15
"054059";"Valtopina";86;2;0;0;1;;;;3;0;5;0;3;;;;8;11
"054059";"Valtopina";87;1;0;0;2;;;;3;0;0;0;6;;;;6;9
"054059";"Valtopina";88;1;1;0;0;;;;2;1;0;0;5;;;;6;8
"054059";"Valtopina";89;0;2;0;0;;;;2;0;0;0;4;;;;4;6
"054059";"Valtopina";90;0;0;0;0;;;;0;0;0;0;7;;;;7;7
"054059";"Valtopina";91;0;1;0;0;;;;1;0;0;0;2;;;;2;3
"054059";"Valtopina";92;0;1;0;1;;;;2;0;0;0;2;;;;2;4
"054059";"Valtopina";93;0;1;0;0;;;;1;0;0;0;0;;;;0;1
"054059";"Valtopina";94;1;0;0;0;;;;1;0;0;0;0;;;;0;1
"054059";"Valtopina";95;0;0;0;1;;;;1;0;0;0;0;;;;0;1
"054059";"Valtopina";96;0;1;0;0;;;;1;0;0;0;3;;;;3;4
"054059";"Valtopina";97;0;0;0;0;;;;0;0;0;0;2;;;;2;2
"054059";"Valtopina";98;0;0;0;0;;;;0;0;0;0;2;;;;2;2
"054059";"Valtopina";99;0;0;0;0;;;;0;0;0;0;1;;;;1;1
"054059";"Valtopina";100;0;0;0;0;;;;0;0;0;0;2;;;;2;2
"054059";"Valtopina";999;271;305;17;23;;;;616;222;308;23;102;;;;655;1271
