"Popolazione residente per età, sesso e stato civile al 1° gennaio 2025"
"Codice comune";"Comune";"Età";"Celibi";"Coniugati";"Divorziati";"Vedovi";"Uniti civilmente";"Maschi già in unione civile (per scioglimento unione)";"Maschi già in unione civile (per decesso del partner)";"Totale maschi";"Nubili";"Coniugate";"Divorziate";"Vedove";"Unite civilmente";"Femmine già in unione civile (per scioglimento unione)";"Femmine già in unione civile (per decesso del partner)";"Totale femmine";"Totale"
"054001";"Assisi";0;79;0;0;0;0;0;0;79;74;0;0;0;0;0;0;74;153
"054001";"Assisi";1;79;0;0;0;0;0;0;79;86;0;0;0;0;0;0;86;165
"054001";"Assisi";2;71;0;0;0;0;0;0;71;58;0;0;0;0;0;0;58;129
"054001";"Assisi";3;100;0;0;0;0;0;0;100;72;0;0;0;0;0;0;72;172
"054001";"Assisi";4;84;0;0;0;0;0;0;84;87;0;0;0;0;0;0;87;171
"054001";"Assisi";5;84;0;0;0;0;0;0;84;102;0;0;0;0;0;0;102;186
"054001";"Assisi";6;106;0;0;0;0;0;0;106;96;0;0;0;0;0;0;96;202
"054001";"Assisi";7;122;0;0;0;0;0;0;122;105;0;0;0;0;0;0;105;227
"054001";"Assisi";8;113;0;0;0;0;0;0;113;120;0;0;0;0;0;0;120;233
"054001";"Assisi";9;114;0;0;0;0;0;0;114;98;0;0;0;0;0;0;98;212
"054001";"Assisi";10;111;0;0;0;0;0;0;111;143;0;0;0;0;0;0;143;254
"054001";"Assisi";11;120;0;0;0;0;0;0;120;128;0;0;0;0;0;0;128;248
"054001";"Assisi";12;148;0;0;0;0;0;0;148;122;0;0;0;0;0;0;122;270
"054001";"Assisi";13;135;0;0;0;0;0;0;135;124;0;0;0;0;0;0;124;259
"054001";"Assisi";14;129;0;0;0;0;0;0;129;120;0;0;0;0;0;0;120;249
"054001";"Assisi";15;135;0;0;0;0;0;0;135;121;0;0;0;0;0;0;121;256
"054001";"Assisi";16;124;0;0;0;0;0;0;124;141;0;0;0;0;0;0;141;265
"054001";"Assisi";17;154;0;0;0;0;0;0;154;120;0;0;0;0;0;0;120;274
"054001";"Assisi";18;135;0;0;0;0;0;0;135;136;0;0;0;0;0;0;136;271
"054001";"Assisi";19;149;0;0;0;0;0;0;149;128;0;0;0;0;0;0;128;277
"054001";"Assisi";20;155;0;0;0;0;0;0;155;126;1;0;0;0;0;0;127;282
"054001";"Assisi";21;135;1;0;0;0;0;0;136;113;1;0;0;0;0;0;114;250
"054001";"Assisi";22;140;0;0;0;0;0;0;140;121;2;0;0;0;0;0;123;263
"054001";"Assisi";23;135;0;0;0;0;0;0;135;113;4;0;0;0;0;0;117;252
"054001";"Assisi";24;142;1;0;0;0;0;0;143;123;5;0;0;0;0;0;128;271
"054001";"Assisi";25;133;5;0;0;0;0;0;138;101;4;0;0;0;0;0;105;243
"054001";"Assisi";26;117;4;0;0;0;0;0;121;114;8;0;0;0;0;0;122;243
"054001";"Assisi";27;154;10;1;0;0;0;0;165;101;19;0;0;0;0;0;120;285
"054001";"Assisi";28;144;9;0;0;0;0;0;153;124;14;0;0;1;0;0;139;292
"054001";"Assisi";29;126;7;0;0;0;0;0;133;76;19;1;0;0;0;0;96;229
"054001";"Assisi";30;118;11;0;0;0;0;0;129;119;33;0;0;0;0;0;152;281
"054001";"Assisi";31;110;15;0;0;0;0;0;125;87;34;0;0;0;0;0;121;246
"054001";"Assisi";32;113;20;0;0;0;0;0;133;93;35;0;1;0;0;0;129;262
"054001";"Assisi";33;102;21;1;0;1;0;0;125;85;43;2;0;0;0;0;130;255
"054001";"Assisi";34;100;26;1;0;0;0;0;127;79;51;4;0;0;0;0;134;261
"054001";"Assisi";35;96;38;2;0;0;0;0;136;96;61;2;2;0;0;0;161;297
"054001";"Assisi";36;80;42;4;0;0;0;0;126;72;78;4;0;0;0;0;154;280
"054001";"Assisi";37;100;58;3;0;0;0;0;161;67;76;2;1;0;0;0;146;307
"054001";"Assisi";38;78;52;0;0;0;0;0;130;62;81;7;1;1;0;0;152;282
"054001";"Assisi";39;94;62;3;0;0;0;0;159;61;85;2;0;0;0;0;148;307
"054001";"Assisi";40;90;73;2;0;0;0;1;166;76;89;9;2;0;0;0;176;342
"054001";"Assisi";41;88;82;3;0;0;0;0;173;78;101;9;1;0;0;0;189;362
"054001";"Assisi";42;83;75;4;0;0;0;0;162;75;110;14;0;0;0;0;199;361
"054001";"Assisi";43;74;90;5;1;0;0;0;170;61;130;6;1;1;0;0;199;369
"054001";"Assisi";44;70;112;7;0;1;0;0;190;58;132;16;3;0;0;0;209;399
"054001";"Assisi";45;69;123;10;0;0;0;0;202;57;116;10;2;0;0;0;185;387
"054001";"Assisi";46;87;125;8;0;2;0;0;222;57;140;21;1;0;0;0;219;441
"054001";"Assisi";47;69;122;5;0;0;0;0;196;58;133;14;4;0;0;0;209;405
"054001";"Assisi";48;81;130;9;1;0;0;0;221;55;152;16;7;0;0;0;230;451
"054001";"Assisi";49;64;135;14;2;0;0;0;215;58;144;21;7;0;0;0;230;445
"054001";"Assisi";50;63;122;10;0;0;0;0;195;63;165;11;3;0;0;0;242;437
"054001";"Assisi";51;55;157;11;0;0;0;0;223;45;135;19;7;0;0;0;206;429
"054001";"Assisi";52;47;150;15;0;1;0;0;213;48;157;19;7;0;0;0;231;444
"054001";"Assisi";53;57;121;14;1;0;0;0;193;54;147;16;6;0;0;0;223;416
"054001";"Assisi";54;51;138;12;2;1;0;0;204;50;146;21;13;0;0;0;230;434
"054001";"Assisi";55;37;163;16;1;1;0;0;218;49;139;16;9;0;0;0;213;431
"054001";"Assisi";56;40;138;16;0;1;0;0;195;46;180;13;6;0;0;0;245;440
"054001";"Assisi";57;45;150;14;3;0;0;0;212;35;159;20;10;1;0;0;225;437
"054001";"Assisi";58;44;124;14;4;0;0;0;186;42;173;26;11;0;0;0;252;438
"054001";"Assisi";59;35;143;16;2;0;0;0;196;42;162;17;12;0;0;0;233;429
"054001";"Assisi";60;35;160;20;1;0;0;0;216;24;161;23;12;0;0;0;220;436
"054001";"Assisi";61;41;141;17;4;1;0;0;204;34;162;20;10;0;0;0;226;430
"054001";"Assisi";62;28;143;18;3;0;0;0;192;31;146;22;8;0;0;0;207;399
"054001";"Assisi";63;27;163;15;5;0;0;0;210;25;147;13;15;0;0;0;200;410
"054001";"Assisi";64;33;167;9;5;1;0;0;215;22;157;15;21;0;0;0;215;430
"054001";"Assisi";65;22;142;15;4;1;0;0;184;27;143;6;20;0;0;0;196;380
"054001";"Assisi";66;23;129;12;6;0;0;0;170;20;111;17;19;0;0;0;167;337
"054001";"Assisi";67;25;129;14;4;0;0;0;172;22;123;14;26;0;0;0;185;357
"054001";"Assisi";68;16;119;8;5;0;0;0;148;19;125;8;15;0;0;0;167;315
"054001";"Assisi";69;23;123;10;7;0;0;0;163;12;125;10;29;0;0;0;176;339
"054001";"Assisi";70;15;122;5;5;0;0;0;147;11;110;6;35;0;0;0;162;309
"054001";"Assisi";71;12;131;5;13;0;0;0;161;16;110;6;34;0;0;0;166;327
"054001";"Assisi";72;11;100;6;3;0;0;0;120;13;96;7;24;0;0;0;140;260
"054001";"Assisi";73;19;117;8;8;1;0;0;153;18;110;8;42;0;0;0;178;331
"054001";"Assisi";74;12;115;5;8;1;0;0;141;12;112;3;34;0;0;0;161;302
"054001";"Assisi";75;20;135;5;11;0;0;0;171;19;104;4;59;0;0;0;186;357
"054001";"Assisi";76;13;133;5;11;0;0;0;162;10;89;3;43;0;0;0;145;307
"054001";"Assisi";77;10;112;3;12;1;0;0;138;11;88;6;62;0;0;0;167;305
"054001";"Assisi";78;10;92;4;10;0;0;0;116;13;80;3;55;0;0;0;151;267
"054001";"Assisi";79;8;95;2;17;0;0;0;122;15;55;3;56;0;0;0;129;251
"054001";"Assisi";80;10;83;2;11;0;0;0;106;17;80;0;55;0;0;0;152;258
"054001";"Assisi";81;11;69;1;13;0;0;0;94;12;56;0;51;0;0;0;119;213
"054001";"Assisi";82;5;62;2;9;0;0;0;78;14;36;3;62;0;0;0;115;193
"054001";"Assisi";83;5;58;2;15;0;0;0;80;11;39;3;63;0;0;0;116;196
"054001";"Assisi";84;8;72;1;19;0;0;0;100;13;36;4;65;0;0;0;118;218
"054001";"Assisi";85;11;63;0;14;0;0;0;88;13;43;7;63;0;0;0;126;214
"054001";"Assisi";86;8;60;3;19;0;0;0;90;22;32;1;71;0;0;0;126;216
"054001";"Assisi";87;3;31;1;11;0;0;0;46;3;16;1;74;0;0;0;94;140
"054001";"Assisi";88;3;34;0;19;0;0;0;56;10;19;0;60;0;0;0;89;145
"054001";"Assisi";89;4;33;1;20;0;0;0;58;5;16;1;71;0;0;0;93;151
"054001";"Assisi";90;5;42;1;7;0;0;0;55;3;4;0;60;0;0;0;67;122
"054001";"Assisi";91;5;20;0;10;0;0;0;35;2;4;1;41;0;0;0;48;83
"054001";"Assisi";92;1;17;0;6;0;0;0;24;5;5;0;50;0;0;0;60;84
"054001";"Assisi";93;1;6;0;8;0;0;0;15;4;2;0;29;0;0;0;35;50
"054001";"Assisi";94;2;9;1;8;0;0;0;20;2;7;1;35;0;0;0;45;65
"054001";"Assisi";95;3;6;0;2;0;0;0;11;4;0;0;21;0;0;0;25;36
"054001";"Assisi";96;0;5;0;4;0;0;0;9;2;0;0;17;0;0;0;19;28
"054001";"Assisi";97;0;1;0;2;0;0;0;3;1;2;0;12;0;0;0;15;18
"054001";"Assisi";98;0;2;0;1;0;0;0;3;0;0;0;8;0;0;0;8;11
"054001";"Assisi";99;0;0;0;0;0;0;0;0;0;0;0;9;0;0;0;9;9
"054001";"Assisi";100;0;1;0;0;0;0;0;1;1;0;0;9;0;0;0;10;11
"054001";"Assisi";999;6401;6097;421;357;14;0;1;13291;5739;6215;557;1662;4;0;0;14177;27468
"054002";"Bastia Umbra";0;79;0;0;0;0;0;0;79;72;0;0;0;0;0;0;72;151
"054002";"Bastia Umbra";1;63;0;0;0;0;0;0;63;70;0;0;0;0;0;0;70;133
"054002";"Bastia Umbra";2;85;0;0;0;0;0;0;85;69;0;0;0;0;0;0;69;154
"054002";"Bastia Umbra";3;64;0;0;0;0;0;0;64;89;0;0;0;0;0;0;89;153
"054002";"Bastia Umbra";4;87;0;0;0;0;0;0;87;77;0;0;0;0;0;0;77;164
"054002";"Bastia Umbra";5;95;0;0;0;0;0;0;95;91;0;0;0;0;0;0;91;186
"054002";"Bastia Umbra";6;84;0;0;0;0;0;0;84;81;0;0;0;0;0;0;81;165
"054002";"Bastia Umbra";7;98;0;0;0;0;0;0;98;92;0;0;0;0;0;0;92;190
"054002";"Bastia Umbra";8;105;0;0;0;0;0;0;105;83;0;0;0;0;0;0;83;188
"054002";"Bastia Umbra";9;129;0;0;0;0;0;0;129;96;0;0;0;0;0;0;96;225
"054002";"Bastia Umbra";10;98;0;0;0;0;0;0;98;96;0;0;0;0;0;0;96;194
"054002";"Bastia Umbra";11;113;0;0;0;0;0;0;113;86;0;0;0;0;0;0;86;199
"054002";"Bastia Umbra";12;92;0;0;0;0;0;0;92;84;0;0;0;0;0;0;84;176
"054002";"Bastia Umbra";13;126;0;0;0;0;0;0;126;102;0;0;0;0;0;0;102;228
"054002";"Bastia Umbra";14;105;0;0;0;0;0;0;105;99;0;0;0;0;0;0;99;204
"054002";"Bastia Umbra";15;116;0;0;0;0;0;0;116;99;0;0;0;0;0;0;99;215
"054002";"Bastia Umbra";16;121;0;0;0;0;0;0;121;102;0;0;0;0;0;0;102;223
"054002";"Bastia Umbra";17;111;0;0;0;0;0;0;111;123;0;0;0;0;0;0;123;234
"054002";"Bastia Umbra";18;113;0;0;0;0;0;0;113;103;0;0;0;0;0;0;103;216
"054002";"Bastia Umbra";19;118;0;0;0;0;0;0;118;101;0;0;0;0;0;0;101;219
"054002";"Bastia Umbra";20;114;0;0;0;0;0;0;114;101;0;0;0;0;0;0;101;215
"054002";"Bastia Umbra";21;130;0;0;0;0;0;0;130;122;2;0;0;0;0;0;124;254
"054002";"Bastia Umbra";22;106;0;0;0;0;0;0;106;90;2;0;0;0;0;0;92;198
"054002";"Bastia Umbra";23;107;1;0;0;0;0;0;108;91;3;0;0;0;0;0;94;202
"054002";"Bastia Umbra";24;112;2;0;0;0;0;0;114;91;9;0;0;0;0;0;100;214
"054002";"Bastia Umbra";25;122;3;0;0;0;0;0;125;83;4;0;0;0;0;0;87;212
"054002";"Bastia Umbra";26;116;1;0;0;0;0;0;117;90;9;0;0;0;0;0;99;216
"054002";"Bastia Umbra";27;109;2;0;0;0;0;0;111;77;19;1;0;0;0;0;97;208
"054002";"Bastia Umbra";28;84;11;0;0;0;0;0;95;84;7;0;0;0;0;0;91;186
"054002";"Bastia Umbra";29;95;14;0;0;0;0;0;109;93;24;0;0;0;0;0;117;226
"054002";"Bastia Umbra";30;90;13;0;0;0;0;0;103;81;18;0;0;0;0;0;99;202
"054002";"Bastia Umbra";31;88;16;0;0;0;0;0;104;71;37;0;0;0;0;0;108;212
"054002";"Bastia Umbra";32;82;13;0;0;0;0;0;95;86;31;0;0;0;1;0;118;213
"054002";"Bastia Umbra";33;78;26;2;0;0;0;0;106;69;65;2;0;0;0;0;136;242
"054002";"Bastia Umbra";34;84;41;0;0;0;0;0;125;69;50;1;0;0;0;0;120;245
"054002";"Bastia Umbra";35;76;45;1;0;0;0;0;122;66;49;1;0;0;0;0;116;238
"054002";"Bastia Umbra";36;78;34;2;0;1;0;0;115;64;72;3;0;0;0;0;139;254
"054002";"Bastia Umbra";37;83;47;2;0;0;0;0;132;72;61;4;0;0;0;0;137;269
"054002";"Bastia Umbra";38;59;52;3;0;1;0;0;115;59;79;4;1;0;0;0;143;258
"054002";"Bastia Umbra";39;62;79;2;0;0;0;0;143;48;71;2;0;1;0;0;122;265
"054002";"Bastia Umbra";40;42;68;1;0;1;0;0;112;40;81;5;0;1;0;0;127;239
"054002";"Bastia Umbra";41;57;79;6;0;0;0;0;142;33;95;14;1;0;0;0;143;285
"054002";"Bastia Umbra";42;49;70;4;0;1;0;0;124;39;90;7;1;1;0;0;138;262
"054002";"Bastia Umbra";43;44;77;12;0;0;0;0;133;42;86;14;0;0;0;0;142;275
"054002";"Bastia Umbra";44;54;82;5;0;0;0;0;141;45;95;14;1;0;0;0;155;296
"054002";"Bastia Umbra";45;59;101;6;0;0;0;0;166;40;106;9;4;0;0;0;159;325
"054002";"Bastia Umbra";46;47;91;7;0;0;0;0;145;40;113;15;3;0;0;0;171;316
"054002";"Bastia Umbra";47;44;103;9;2;0;0;0;158;28;110;20;2;1;0;0;161;319
"054002";"Bastia Umbra";48;49;88;6;1;1;0;0;145;31;114;10;6;0;0;0;161;306
"054002";"Bastia Umbra";49;51;103;15;1;0;0;0;170;33;132;13;4;0;0;0;182;352
"054002";"Bastia Umbra";50;48;98;10;1;0;0;0;157;29;134;13;4;0;0;0;180;337
"054002";"Bastia Umbra";51;41;142;8;1;0;0;0;192;36;139;15;2;0;0;0;192;384
"054002";"Bastia Umbra";52;35;110;6;0;0;0;0;151;32;116;20;5;0;0;0;173;324
"054002";"Bastia Umbra";53;41;131;11;0;0;0;0;183;35;143;15;6;0;0;0;199;382
"054002";"Bastia Umbra";54;38;136;9;1;0;0;0;184;29;127;10;10;0;0;0;176;360
"054002";"Bastia Umbra";55;24;127;15;1;0;0;0;167;23;131;20;5;0;0;0;179;346
"054002";"Bastia Umbra";56;24;132;12;2;0;0;0;170;25;121;21;8;0;0;0;175;345
"054002";"Bastia Umbra";57;30;104;14;6;0;0;0;154;24;109;19;8;0;0;0;160;314
"054002";"Bastia Umbra";58;23;122;14;0;0;0;0;159;31;116;17;11;0;0;0;175;334
"054002";"Bastia Umbra";59;23;146;11;4;0;0;0;184;18;122;18;8;0;0;0;166;350
"054002";"Bastia Umbra";60;27;113;9;4;0;0;0;153;19;128;22;15;0;0;0;184;337
"054002";"Bastia Umbra";61;15;105;11;5;0;0;0;136;20;145;16;9;0;0;0;190;326
"054002";"Bastia Umbra";62;14;110;12;3;1;0;0;140;18;102;13;10;0;0;0;143;283
"054002";"Bastia Umbra";63;15;123;6;2;1;0;0;147;12;113;12;12;0;0;0;149;296
"054002";"Bastia Umbra";64;13;120;10;8;0;0;0;151;7;122;12;10;0;0;0;151;302
"054002";"Bastia Umbra";65;18;117;7;3;0;0;0;145;8;109;6;10;0;0;0;133;278
"054002";"Bastia Umbra";66;12;91;7;5;0;0;0;115;6;111;9;16;0;0;0;142;257
"054002";"Bastia Umbra";67;6;100;6;4;0;0;0;116;6;89;12;17;0;0;0;124;240
"054002";"Bastia Umbra";68;8;99;5;7;0;0;0;119;3;79;5;23;0;0;0;110;229
"054002";"Bastia Umbra";69;2;80;6;4;0;0;0;92;5;83;6;22;0;0;0;116;208
"054002";"Bastia Umbra";70;6;88;4;5;0;0;0;103;5;90;9;21;0;0;0;125;228
"054002";"Bastia Umbra";71;8;87;4;8;0;0;0;107;3;82;11;22;0;0;0;118;225
"054002";"Bastia Umbra";72;2;70;3;4;0;0;0;79;3;83;1;22;0;0;0;109;188
"054002";"Bastia Umbra";73;5;83;3;9;0;0;0;100;7;85;4;23;0;0;0;119;219
"054002";"Bastia Umbra";74;6;80;2;5;0;0;0;93;4;61;5;38;0;0;0;108;201
"054002";"Bastia Umbra";75;4;80;2;9;0;0;0;95;5;69;5;38;0;0;0;117;212
"054002";"Bastia Umbra";76;3;89;1;8;0;0;0;101;8;77;4;34;0;0;0;123;224
"054002";"Bastia Umbra";77;9;78;2;10;0;0;0;99;2;81;3;38;0;0;0;124;223
"054002";"Bastia Umbra";78;4;85;4;5;0;0;0;98;3;55;1;49;0;0;0;108;206
"054002";"Bastia Umbra";79;3;68;1;6;0;0;0;78;1;53;4;33;0;0;0;91;169
"054002";"Bastia Umbra";80;6;52;1;8;0;0;0;67;3;47;5;42;0;0;0;97;164
"054002";"Bastia Umbra";81;5;66;2;7;1;0;0;81;2;42;3;44;0;0;0;91;172
"054002";"Bastia Umbra";82;2;50;1;5;0;0;0;58;1;32;2;68;0;0;0;103;161
"054002";"Bastia Umbra";83;5;54;1;8;0;0;0;68;0;28;1;55;0;0;0;84;152
"054002";"Bastia Umbra";84;4;48;0;10;0;0;0;62;3;29;2;66;0;0;0;100;162
"054002";"Bastia Umbra";85;0;38;0;7;0;0;0;45;3;22;1;55;0;0;0;81;126
"054002";"Bastia Umbra";86;0;41;0;13;0;0;0;54;1;24;4;62;0;0;0;91;145
"054002";"Bastia Umbra";87;1;28;0;8;0;0;0;37;2;22;2;59;0;0;0;85;122
"054002";"Bastia Umbra";88;1;24;0;15;0;0;0;40;0;5;0;47;0;0;0;52;92
"054002";"Bastia Umbra";89;0;23;0;12;0;0;0;35;1;7;0;41;0;0;0;49;84
"054002";"Bastia Umbra";90;0;18;1;5;0;0;0;24;3;4;0;36;0;0;0;43;67
"054002";"Bastia Umbra";91;0;18;0;9;0;0;0;27;1;1;0;38;0;0;0;40;67
"054002";"Bastia Umbra";92;0;10;0;4;0;0;0;14;1;1;0;26;0;0;0;28;42
"054002";"Bastia Umbra";93;0;5;0;5;0;0;0;10;2;0;0;27;0;0;0;29;39
"054002";"Bastia Umbra";94;1;7;0;3;0;0;0;11;0;0;0;23;0;0;0;23;34
"054002";"Bastia Umbra";95;0;0;0;0;0;0;0;0;0;0;0;10;0;0;0;10;10
"054002";"Bastia Umbra";96;0;2;0;1;0;0;0;3;0;0;0;7;0;0;0;7;10
"054002";"Bastia Umbra";97;0;1;0;2;0;0;0;3;0;1;0;7;0;0;0;8;11
"054002";"Bastia Umbra";98;0;0;0;1;0;0;0;1;0;0;0;6;0;0;0;6;7
"054002";"Bastia Umbra";99;0;0;0;0;0;0;0;0;0;0;0;1;0;0;0;1;1
"054002";"Bastia Umbra";100;0;0;0;0;0;0;0;0;0;0;0;5;0;0;0;5;5
"054002";"Bastia Umbra";999;4905;4861;304;257;8;0;0;10335;4243;4974;487;1277;4;1;0;10986;21321
"054003";"Bettona";0;6;0;0;0;;;;6;11;0;0;0;;;;11;17
"054003";"Bettona";1;10;0;0;0;;;;10;12;0;0;0;;;;12;22
"054003";"Bettona";2;17;0;0;0;;;;17;13;0;0;0;;;;13;30
"054003";"Bettona";3;10;0;0;0;;;;10;17;0;0;0;;;;17;27
"054003";"Bettona";4;9;0;0;0;;;;9;15;0;0;0;;;;15;24
"054003";"Bettona";5;17;0;0;0;;;;17;13;0;0;0;;;;13;30
"054003";"Bettona";6;23;0;0;0;;;;23;19;0;0;0;;;;19;42
"054003";"Bettona";7;15;0;0;0;;;;15;9;0;0;0;;;;9;24
"054003";"Bettona";8;21;0;0;0;;;;21;18;0;0;0;;;;18;39
"054003";"Bettona";9;22;0;0;0;;;;22;12;0;0;0;;;;12;34
"054003";"Bettona";10;21;0;0;0;;;;21;23;0;0;0;;;;23;44
"054003";"Bettona";11;15;0;0;0;;;;15;22;0;0;0;;;;22;37
"054003";"Bettona";12;19;0;0;0;;;;19;20;0;0;0;;;;20;39
"054003";"Bettona";13;16;0;0;0;;;;16;31;0;0;0;;;;31;47
"054003";"Bettona";14;26;0;0;0;;;;26;23;0;0;0;;;;23;49
"054003";"Bettona";15;18;0;0;0;;;;18;25;0;0;0;;;;25;43
"054003";"Bettona";16;13;0;0;0;;;;13;26;0;0;0;;;;26;39
"054003";"Bettona";17;26;0;0;0;;;;26;24;0;0;0;;;;24;50
"054003";"Bettona";18;24;0;0;0;;;;24;23;0;0;0;;;;23;47
"054003";"Bettona";19;17;0;0;0;;;;17;21;0;0;0;;;;21;38
"054003";"Bettona";20;14;0;0;0;;;;14;23;0;0;0;;;;23;37
"054003";"Bettona";21;18;0;0;0;;;;18;18;0;0;0;;;;18;36
"054003";"Bettona";22;18;0;0;0;;;;18;22;0;0;0;;;;22;40
"054003";"Bettona";23;29;0;0;0;;;;29;17;1;0;0;;;;18;47
"054003";"Bettona";24;14;0;0;0;;;;14;21;0;0;0;;;;21;35
"054003";"Bettona";25;19;0;0;0;;;;19;23;1;0;0;;;;24;43
"054003";"Bettona";26;27;0;0;0;;;;27;13;2;0;0;;;;15;42
"054003";"Bettona";27;21;1;0;0;;;;22;14;2;0;0;;;;16;38
"054003";"Bettona";28;14;3;0;0;;;;17;17;3;0;0;;;;20;37
"054003";"Bettona";29;17;0;0;0;;;;17;17;2;0;0;;;;19;36
"054003";"Bettona";30;15;4;0;0;;;;19;13;6;0;0;;;;19;38
"054003";"Bettona";31;24;5;0;0;;;;29;16;6;0;0;;;;22;51
"054003";"Bettona";32;15;4;0;0;;;;19;18;5;0;0;;;;23;42
"054003";"Bettona";33;16;4;0;0;;;;20;10;5;0;0;;;;15;35
"054003";"Bettona";34;26;9;0;0;;;;35;21;10;0;0;;;;31;66
"054003";"Bettona";35;10;5;0;0;;;;15;12;13;1;0;;;;26;41
"054003";"Bettona";36;17;9;0;0;;;;26;9;15;1;0;;;;25;51
"054003";"Bettona";37;15;9;0;0;;;;24;16;13;1;0;;;;30;54
"054003";"Bettona";38;16;10;1;0;;;;27;9;11;0;0;;;;20;47
"054003";"Bettona";39;16;7;0;0;;;;23;10;5;0;0;;;;15;38
"054003";"Bettona";40;13;9;1;0;;;;23;7;17;2;0;;;;26;49
"054003";"Bettona";41;15;15;1;0;;;;31;10;12;0;0;;;;22;53
"054003";"Bettona";42;13;11;2;0;;;;26;4;13;1;0;;;;18;44
"054003";"Bettona";43;7;16;0;0;;;;23;9;18;0;0;;;;27;50
"054003";"Bettona";44;11;14;0;0;;;;25;9;22;3;0;;;;34;59
"054003";"Bettona";45;12;22;1;0;;;;35;10;22;5;0;;;;37;72
"054003";"Bettona";46;12;23;3;0;;;;38;7;17;6;0;;;;30;68
"054003";"Bettona";47;9;17;1;0;;;;27;10;30;1;0;;;;41;68
"054003";"Bettona";48;15;20;2;0;;;;37;5;24;1;0;;;;30;67
"054003";"Bettona";49;9;27;4;0;;;;40;8;27;4;0;;;;39;79
"054003";"Bettona";50;8;21;5;0;;;;34;8;24;3;2;;;;37;71
"054003";"Bettona";51;14;25;2;0;;;;41;12;26;1;1;;;;40;81
"054003";"Bettona";52;2;17;0;1;;;;20;7;27;2;0;;;;36;56
"054003";"Bettona";53;12;20;5;0;;;;37;4;24;3;0;;;;31;68
"054003";"Bettona";54;7;27;1;0;;;;35;4;17;3;0;;;;24;59
"054003";"Bettona";55;5;25;2;0;;;;32;3;27;2;3;;;;35;67
"054003";"Bettona";56;11;19;4;1;;;;35;4;26;7;1;;;;38;73
"054003";"Bettona";57;5;28;6;0;;;;39;3;22;1;0;;;;26;65
"054003";"Bettona";58;5;23;0;0;;;;28;8;19;4;0;;;;31;59
"054003";"Bettona";59;4;31;1;1;;;;37;5;31;1;0;;;;37;74
"054003";"Bettona";60;4;17;2;0;;;;23;5;19;4;1;;;;29;52
"054003";"Bettona";61;6;14;5;0;;;;25;4;16;0;1;;;;21;46
"054003";"Bettona";62;5;21;2;0;;;;28;3;28;4;0;;;;35;63
"054003";"Bettona";63;2;26;4;1;;;;33;3;25;2;3;;;;33;66
"054003";"Bettona";64;0;30;0;0;;;;30;5;23;1;7;;;;36;66
"054003";"Bettona";65;3;28;5;2;;;;38;7;34;0;5;;;;46;84
"054003";"Bettona";66;5;25;0;1;;;;31;3;10;2;3;;;;18;49
"054003";"Bettona";67;3;20;2;1;;;;26;0;25;1;1;;;;27;53
"054003";"Bettona";68;3;23;5;1;;;;32;2;23;2;3;;;;30;62
"054003";"Bettona";69;2;27;2;1;;;;32;3;26;2;3;;;;34;66
"054003";"Bettona";70;0;21;1;1;;;;23;1;20;1;2;;;;24;47
"054003";"Bettona";71;1;18;1;0;;;;20;2;17;1;4;;;;24;44
"054003";"Bettona";72;1;17;0;0;;;;18;3;15;3;6;;;;27;45
"054003";"Bettona";73;3;16;1;2;;;;22;2;16;1;7;;;;26;48
"054003";"Bettona";74;0;21;0;1;;;;22;1;11;0;9;;;;21;43
"054003";"Bettona";75;1;14;2;2;;;;19;0;15;1;5;;;;21;40
"054003";"Bettona";76;3;20;1;3;;;;27;1;13;1;8;;;;23;50
"054003";"Bettona";77;0;18;0;3;;;;21;1;19;0;8;;;;28;49
"054003";"Bettona";78;2;16;1;0;;;;19;3;15;1;10;;;;29;48
"054003";"Bettona";79;1;10;1;1;;;;13;1;8;0;6;;;;15;28
"054003";"Bettona";80;0;11;0;2;;;;13;1;6;1;8;;;;16;29
"054003";"Bettona";81;1;18;0;5;;;;24;0;5;1;7;;;;13;37
"054003";"Bettona";82;1;10;1;2;;;;14;1;3;0;10;;;;14;28
"054003";"Bettona";83;0;7;0;0;;;;7;1;4;0;12;;;;17;24
"054003";"Bettona";84;1;10;1;2;;;;14;2;5;0;9;;;;16;30
"054003";"Bettona";85;0;10;1;2;;;;13;2;1;0;12;;;;15;28
"054003";"Bettona";86;1;7;1;1;;;;10;0;2;0;14;;;;16;26
"054003";"Bettona";87;0;4;0;2;;;;6;1;4;0;5;;;;10;16
"054003";"Bettona";88;0;3;0;2;;;;5;0;0;0;8;;;;8;13
"054003";"Bettona";89;1;3;0;2;;;;6;1;0;0;18;;;;19;25
"054003";"Bettona";90;0;3;0;4;;;;7;1;0;0;4;;;;5;12
"054003";"Bettona";91;1;1;0;1;;;;3;0;0;0;10;;;;10;13
"054003";"Bettona";92;0;0;0;1;;;;1;1;1;0;1;;;;3;4
"054003";"Bettona";93;0;3;0;3;;;;6;0;1;0;4;;;;5;11
"054003";"Bettona";94;0;0;0;1;;;;1;0;0;0;4;;;;4;5
"054003";"Bettona";95;0;0;0;0;;;;0;1;0;0;2;;;;3;3
"054003";"Bettona";96;0;0;0;1;;;;1;0;0;0;3;;;;3;4
"054003";"Bettona";97;0;0;0;0;;;;0;1;0;0;2;;;;3;3
"054003";"Bettona";98;0;0;0;0;;;;0;0;0;0;1;;;;1;1
"054003";"Bettona";99;0;0;0;2;;;;2;0;0;0;4;;;;4;6
"054003";"Bettona";100;0;0;0;0;;;;0;0;0;0;2;;;;2;2
"054003";"Bettona";999;946;972;81;56;;;;2055;896;955;82;239;;;;2172;4227
"054004";"Bevagna";0;11;0;0;0;;;;11;18;0;0;0;;;;18;29
"054004";"Bevagna";1;9;0;0;0;;;;9;10;0;0;0;;;;10;19
"054004";"Bevagna";2;7;0;0;0;;;;7;5;0;0;0;;;;5;12
"054004";"Bevagna";3;14;0;0;0;;;;14;24;0;0;0;;;;24;38
"054004";"Bevagna";4;19;0;0;0;;;;19;22;0;0;0;;;;22;41
"054004";"Bevagna";5;16;0;0;0;;;;16;13;0;0;0;;;;13;29
"054004";"Bevagna";6;17;0;0;0;;;;17;15;0;0;0;;;;15;32
"054004";"Bevagna";7;8;0;0;0;;;;8;14;0;0;0;;;;14;22
"054004";"Bevagna";8;19;0;0;0;;;;19;20;0;0;0;;;;20;39
"054004";"Bevagna";9;21;0;0;0;;;;21;15;0;0;0;;;;15;36
"054004";"Bevagna";10;20;0;0;0;;;;20;17;0;0;0;;;;17;37
"054004";"Bevagna";11;22;0;0;0;;;;22;27;0;0;0;;;;27;49
"054004";"Bevagna";12;17;0;0;0;;;;17;17;0;0;0;;;;17;34
"054004";"Bevagna";13;24;0;0;0;;;;24;23;0;0;0;;;;23;47
"054004";"Bevagna";14;20;0;0;0;;;;20;21;0;0;0;;;;21;41
"054004";"Bevagna";15;29;0;0;0;;;;29;10;0;0;0;;;;10;39
"054004";"Bevagna";16;21;0;0;0;;;;21;26;0;0;0;;;;26;47
"054004";"Bevagna";17;18;0;0;0;;;;18;15;0;0;0;;;;15;33
"054004";"Bevagna";18;23;0;0;0;;;;23;14;0;0;0;;;;14;37
"054004";"Bevagna";19;30;0;0;0;;;;30;13;0;0;0;;;;13;43
"054004";"Bevagna";20;22;0;0;0;;;;22;16;0;0;0;;;;16;38
"054004";"Bevagna";21;29;0;0;0;;;;29;21;0;0;0;;;;21;50
"054004";"Bevagna";22;21;0;0;0;;;;21;16;0;0;0;;;;16;37
"054004";"Bevagna";23;22;0;0;0;;;;22;23;0;0;0;;;;23;45
"054004";"Bevagna";24;32;0;0;0;;;;32;15;0;0;0;;;;15;47
"054004";"Bevagna";25;15;0;0;0;;;;15;18;0;0;0;;;;18;33
"054004";"Bevagna";26;22;1;0;0;;;;23;16;0;0;0;;;;16;39
"054004";"Bevagna";27;27;1;1;0;;;;29;12;3;0;0;;;;15;44
"054004";"Bevagna";28;26;2;0;0;;;;28;19;3;1;0;;;;23;51
"054004";"Bevagna";29;22;1;0;0;;;;23;19;6;0;0;;;;25;48
"054004";"Bevagna";30;19;2;1;0;;;;22;10;3;0;0;;;;13;35
"054004";"Bevagna";31;15;5;0;0;;;;20;20;8;1;0;;;;29;49
"054004";"Bevagna";32;18;3;0;0;;;;21;15;4;0;0;;;;19;40
"054004";"Bevagna";33;17;4;0;0;;;;21;15;8;0;0;;;;23;44
"054004";"Bevagna";34;16;4;1;0;;;;21;18;3;1;0;;;;22;43
"054004";"Bevagna";35;20;9;1;0;;;;30;16;10;1;0;;;;27;57
"054004";"Bevagna";36;21;11;1;0;;;;33;20;13;0;0;;;;33;66
"054004";"Bevagna";37;14;7;0;0;;;;21;7;11;2;0;;;;20;41
"054004";"Bevagna";38;7;15;0;0;;;;22;10;14;0;0;;;;24;46
"054004";"Bevagna";39;16;8;0;0;;;;24;13;19;0;1;;;;33;57
"054004";"Bevagna";40;14;7;1;0;;;;22;9;13;2;0;;;;24;46
"054004";"Bevagna";41;16;14;0;0;;;;30;15;14;0;0;;;;29;59
"054004";"Bevagna";42;17;13;0;0;;;;30;12;17;2;0;;;;31;61
"054004";"Bevagna";43;15;16;0;0;;;;31;10;16;2;0;;;;28;59
"054004";"Bevagna";44;11;13;1;0;;;;25;11;29;1;0;;;;41;66
"054004";"Bevagna";45;16;13;0;0;;;;29;10;20;0;0;;;;30;59
"054004";"Bevagna";46;15;14;2;0;;;;31;8;16;0;1;;;;25;56
"054004";"Bevagna";47;11;22;1;0;;;;34;10;21;2;0;;;;33;67
"054004";"Bevagna";48;11;16;3;0;;;;30;10;30;2;0;;;;42;72
"054004";"Bevagna";49;16;26;0;0;;;;42;6;29;7;1;;;;43;85
"054004";"Bevagna";50;10;22;4;0;;;;36;8;29;3;1;;;;41;77
"054004";"Bevagna";51;10;32;2;0;;;;44;6;30;3;1;;;;40;84
"054004";"Bevagna";52;9;24;3;0;;;;36;4;22;2;0;;;;28;64
"054004";"Bevagna";53;12;30;1;0;;;;43;8;20;1;2;;;;31;74
"054004";"Bevagna";54;7;23;4;0;;;;34;6;36;4;1;;;;47;81
"054004";"Bevagna";55;11;33;0;0;;;;44;4;28;6;1;;;;39;83
"054004";"Bevagna";56;14;22;3;0;;;;39;4;31;4;0;;;;39;78
"054004";"Bevagna";57;8;31;3;0;;;;42;8;28;5;2;;;;43;85
"054004";"Bevagna";58;2;31;4;0;;;;37;4;29;2;1;;;;36;73
"054004";"Bevagna";59;7;36;3;0;;;;46;2;36;2;2;;;;42;88
"054004";"Bevagna";60;7;28;3;1;;;;39;1;41;4;1;;;;47;86
"054004";"Bevagna";61;5;26;1;1;;;;33;1;15;5;2;;;;23;56
"054004";"Bevagna";62;8;31;5;0;;;;44;3;28;4;3;;;;38;82
"054004";"Bevagna";63;3;31;5;1;;;;40;2;27;3;1;;;;33;73
"054004";"Bevagna";64;5;32;3;1;;;;41;6;33;3;3;;;;45;86
"054004";"Bevagna";65;2;26;0;2;;;;30;2;26;2;4;;;;34;64
"054004";"Bevagna";66;6;23;2;0;;;;31;3;25;0;4;;;;32;63
"054004";"Bevagna";67;3;25;0;1;;;;29;4;21;0;2;;;;27;56
"054004";"Bevagna";68;3;31;3;1;;;;38;4;34;2;2;;;;42;80
"054004";"Bevagna";69;6;25;1;3;;;;35;1;28;2;2;;;;33;68
"054004";"Bevagna";70;4;19;0;1;;;;24;2;24;2;4;;;;32;56
"054004";"Bevagna";71;3;22;1;1;;;;27;3;20;0;1;;;;24;51
"054004";"Bevagna";72;3;23;0;3;;;;29;1;24;0;8;;;;33;62
"054004";"Bevagna";73;2;28;1;0;;;;31;3;18;2;9;;;;32;63
"054004";"Bevagna";74;1;29;0;0;;;;30;3;13;0;8;;;;24;54
"054004";"Bevagna";75;2;27;2;4;;;;35;3;25;1;7;;;;36;71
"054004";"Bevagna";76;1;24;0;2;;;;27;2;16;2;9;;;;29;56
"054004";"Bevagna";77;0;19;1;1;;;;21;1;19;1;7;;;;28;49
"054004";"Bevagna";78;2;17;2;1;;;;22;0;17;0;9;;;;26;48
"054004";"Bevagna";79;0;14;1;2;;;;17;0;15;0;9;;;;24;41
"054004";"Bevagna";80;3;17;3;3;;;;26;1;5;0;12;;;;18;44
"054004";"Bevagna";81;2;19;0;2;;;;23;1;15;1;7;;;;24;47
"054004";"Bevagna";82;0;11;1;3;;;;15;1;7;2;7;;;;17;32
"054004";"Bevagna";83;2;12;1;4;;;;19;0;7;0;15;;;;22;41
"054004";"Bevagna";84;1;17;1;3;;;;22;1;7;0;14;;;;22;44
"054004";"Bevagna";85;0;12;0;2;;;;14;0;11;0;14;;;;25;39
"054004";"Bevagna";86;0;16;0;3;;;;19;0;3;0;14;;;;17;36
"054004";"Bevagna";87;0;4;2;1;;;;7;0;4;0;12;;;;16;23
"054004";"Bevagna";88;0;12;0;3;;;;15;1;6;0;15;;;;22;37
"054004";"Bevagna";89;0;5;0;3;;;;8;1;2;0;9;;;;12;20
"054004";"Bevagna";90;0;3;0;4;;;;7;0;0;0;15;;;;15;22
"054004";"Bevagna";91;0;1;0;1;;;;2;1;0;0;10;;;;11;13
"054004";"Bevagna";92;0;3;0;2;;;;5;0;0;0;6;;;;6;11
"054004";"Bevagna";93;0;2;0;2;;;;4;0;3;0;4;;;;7;11
"054004";"Bevagna";94;1;0;0;1;;;;2;2;1;0;4;;;;7;9
"054004";"Bevagna";95;0;1;0;1;;;;2;0;0;0;6;;;;6;8
"054004";"Bevagna";96;0;0;0;0;;;;0;1;0;0;4;;;;5;5
"054004";"Bevagna";97;0;1;0;1;;;;2;0;0;0;3;;;;3;5
"054004";"Bevagna";98;0;0;0;0;;;;0;0;0;0;0;;;;0;0
"054004";"Bevagna";99;0;0;0;1;;;;1;0;0;0;0;;;;0;1
"054004";"Bevagna";100;0;0;0;2;;;;2;0;0;0;1;;;;1;3
"054004";"Bevagna";999;1073;1147;79;68;;;;2367;868;1139;92;281;;;;2380;4747
"054005";"Campello sul Clitunno";0;9;0;0;0;;;;9;4;0;0;0;;;;4;13
"054005";"Campello sul Clitunno";1;3;0;0;0;;;;3;5;0;0;0;;;;5;8
"054005";"Campello sul Clitunno";2;2;0;0;0;;;;2;4;0;0;0;;;;4;6
"054005";"Campello sul Clitunno";3;13;0;0;0;;;;13;5;0;0;0;;;;5;18
"054005";"Campello sul Clitunno";4;9;0;0;0;;;;9;9;0;0;0;;;;9;18
"054005";"Campello sul Clitunno";5;7;0;0;0;;;;7;9;0;0;0;;;;9;16
"054005";"Campello sul Clitunno";6;7;0;0;0;;;;7;5;0;0;0;;;;5;12
"054005";"Campello sul Clitunno";7;10;0;0;0;;;;10;12;0;0;0;;;;12;22
"054005";"Campello sul Clitunno";8;7;0;0;0;;;;7;7;0;0;0;;;;7;14
"054005";"Campello sul Clitunno";9;7;0;0;0;;;;7;9;0;0;0;;;;9;16
"054005";"Campello sul Clitunno";10;11;0;0;0;;;;11;3;0;0;0;;;;3;14
"054005";"Campello sul Clitunno";11;8;0;0;0;;;;8;9;0;0;0;;;;9;17
"054005";"Campello sul Clitunno";12;11;0;0;0;;;;11;21;0;0;0;;;;21;32
"054005";"Campello sul Clitunno";13;8;0;0;0;;;;8;11;0;0;0;;;;11;19
"054005";"Campello sul Clitunno";14;13;0;0;0;;;;13;9;0;0;0;;;;9;22
"054005";"Campello sul Clitunno";15;12;0;0;0;;;;12;10;0;0;0;;;;10;22
"054005";"Campello sul Clitunno";16;11;0;0;0;;;;11;16;0;0;0;;;;16;27
"054005";"Campello sul Clitunno";17;11;0;0;0;;;;11;9;0;0;0;;;;9;20
"054005";"Campello sul Clitunno";18;11;0;0;0;;;;11;8;0;0;0;;;;8;19
"054005";"Campello sul Clitunno";19;7;0;0;0;;;;7;14;0;0;0;;;;14;21
"054005";"Campello sul Clitunno";20;10;0;0;0;;;;10;6;0;0;0;;;;6;16
"054005";"Campello sul Clitunno";21;17;0;0;0;;;;17;7;0;0;0;;;;7;24
"054005";"Campello sul Clitunno";22;14;0;0;0;;;;14;12;0;0;0;;;;12;26
"054005";"Campello sul Clitunno";23;6;0;0;0;;;;6;17;1;0;0;;;;18;24
"054005";"Campello sul Clitunno";24;17;0;0;0;;;;17;4;0;0;0;;;;4;21
"054005";"Campello sul Clitunno";25;3;0;0;0;;;;3;10;0;0;0;;;;10;13
"054005";"Campello sul Clitunno";26;6;0;0;0;;;;6;7;0;0;0;;;;7;13
"054005";"Campello sul Clitunno";27;19;0;0;0;;;;19;7;0;0;0;;;;7;26
"054005";"Campello sul Clitunno";28;10;1;0;0;;;;11;8;1;0;0;;;;9;20
"054005";"Campello sul Clitunno";29;5;1;0;0;;;;6;7;3;0;0;;;;10;16
"054005";"Campello sul Clitunno";30;6;0;0;0;;;;6;9;4;0;0;;;;13;19
"054005";"Campello sul Clitunno";31;5;0;0;0;;;;5;4;1;0;0;;;;5;10
"054005";"Campello sul Clitunno";32;11;1;0;0;;;;12;4;5;0;0;;;;9;21
"054005";"Campello sul Clitunno";33;6;3;0;0;;;;9;11;7;0;0;;;;18;27
"054005";"Campello sul Clitunno";34;11;7;0;0;;;;18;5;6;0;0;;;;11;29
"054005";"Campello sul Clitunno";35;5;6;0;0;;;;11;6;4;0;0;;;;10;21
"054005";"Campello sul Clitunno";36;7;6;0;0;;;;13;5;6;0;0;;;;11;24
"054005";"Campello sul Clitunno";37;12;6;0;0;;;;18;8;6;0;0;;;;14;32
"054005";"Campello sul Clitunno";38;4;3;0;0;;;;7;6;8;0;0;;;;14;21
"054005";"Campello sul Clitunno";39;3;9;0;0;;;;12;9;2;0;0;;;;11;23
"054005";"Campello sul Clitunno";40;7;11;0;0;;;;18;4;10;0;0;;;;14;32
"054005";"Campello sul Clitunno";41;11;7;0;0;;;;18;7;9;1;1;;;;18;36
"054005";"Campello sul Clitunno";42;7;5;0;0;;;;12;2;3;0;0;;;;5;17
"054005";"Campello sul Clitunno";43;7;5;0;0;;;;12;6;8;1;0;;;;15;27
"054005";"Campello sul Clitunno";44;7;4;1;0;;;;12;4;11;1;0;;;;16;28
"054005";"Campello sul Clitunno";45;8;6;1;0;;;;15;5;7;2;0;;;;14;29
"054005";"Campello sul Clitunno";46;1;12;1;0;;;;14;3;14;2;0;;;;19;33
"054005";"Campello sul Clitunno";47;4;10;2;0;;;;16;2;10;0;1;;;;13;29
"054005";"Campello sul Clitunno";48;10;12;1;0;;;;23;3;9;4;0;;;;16;39
"054005";"Campello sul Clitunno";49;8;6;0;0;;;;14;5;17;1;0;;;;23;37
"054005";"Campello sul Clitunno";50;7;11;0;0;;;;18;6;8;1;0;;;;15;33
"054005";"Campello sul Clitunno";51;4;11;1;0;;;;16;3;18;0;1;;;;22;38
"054005";"Campello sul Clitunno";52;5;6;0;0;;;;11;2;8;5;1;;;;16;27
"054005";"Campello sul Clitunno";53;9;20;0;0;;;;29;5;11;1;1;;;;18;47
"054005";"Campello sul Clitunno";54;5;12;3;0;;;;20;3;14;3;0;;;;20;40
"054005";"Campello sul Clitunno";55;4;9;2;0;;;;15;3;16;2;0;;;;21;36
"054005";"Campello sul Clitunno";56;6;13;1;0;;;;20;3;14;0;4;;;;21;41
"054005";"Campello sul Clitunno";57;6;6;3;0;;;;15;2;7;3;1;;;;13;28
"054005";"Campello sul Clitunno";58;4;17;0;0;;;;21;2;8;1;0;;;;11;32
"054005";"Campello sul Clitunno";59;6;10;0;2;;;;18;1;17;2;0;;;;20;38
"054005";"Campello sul Clitunno";60;5;24;4;0;;;;33;2;13;7;6;;;;28;61
"054005";"Campello sul Clitunno";61;1;21;1;1;;;;24;2;14;1;2;;;;19;43
"054005";"Campello sul Clitunno";62;4;14;3;0;;;;21;1;17;0;2;;;;20;41
"054005";"Campello sul Clitunno";63;2;15;3;0;;;;20;3;17;0;1;;;;21;41
"054005";"Campello sul Clitunno";64;3;12;3;0;;;;18;0;9;3;3;;;;15;33
"054005";"Campello sul Clitunno";65;2;8;1;1;;;;12;1;15;1;3;;;;20;32
"054005";"Campello sul Clitunno";66;2;5;0;0;;;;7;2;12;1;3;;;;18;25
"054005";"Campello sul Clitunno";67;1;10;1;1;;;;13;2;13;2;2;;;;19;32
"054005";"Campello sul Clitunno";68;3;12;0;0;;;;15;0;9;0;1;;;;10;25
"054005";"Campello sul Clitunno";69;2;7;0;2;;;;11;3;9;3;2;;;;17;28
"054005";"Campello sul Clitunno";70;2;12;1;0;;;;15;0;19;0;3;;;;22;37
"054005";"Campello sul Clitunno";71;0;11;0;1;;;;12;1;14;0;2;;;;17;29
"054005";"Campello sul Clitunno";72;1;9;0;1;;;;11;2;5;0;3;;;;10;21
"054005";"Campello sul Clitunno";73;1;8;2;0;;;;11;0;11;0;3;;;;14;25
"054005";"Campello sul Clitunno";74;2;14;1;1;;;;18;0;12;0;3;;;;15;33
"054005";"Campello sul Clitunno";75;3;18;0;0;;;;21;0;8;1;1;;;;10;31
"054005";"Campello sul Clitunno";76;2;13;0;0;;;;15;0;5;1;3;;;;9;24
"054005";"Campello sul Clitunno";77;2;11;2;0;;;;15;1;10;0;9;;;;20;35
"054005";"Campello sul Clitunno";78;2;11;0;2;;;;15;0;12;0;1;;;;13;28
"054005";"Campello sul Clitunno";79;0;10;0;1;;;;11;0;4;0;2;;;;6;17
"054005";"Campello sul Clitunno";80;0;9;0;2;;;;11;1;7;0;9;;;;17;28
"054005";"Campello sul Clitunno";81;0;5;0;1;;;;6;0;4;0;4;;;;8;14
"054005";"Campello sul Clitunno";82;0;5;0;3;;;;8;2;7;0;3;;;;12;20
"054005";"Campello sul Clitunno";83;1;8;0;3;;;;12;0;4;0;3;;;;7;19
"054005";"Campello sul Clitunno";84;0;5;0;2;;;;7;0;3;0;5;;;;8;15
"054005";"Campello sul Clitunno";85;1;10;0;1;;;;12;0;7;0;8;;;;15;27
"054005";"Campello sul Clitunno";86;0;5;0;2;;;;7;1;5;0;6;;;;12;19
"054005";"Campello sul Clitunno";87;0;9;0;0;;;;9;0;0;0;6;;;;6;15
"054005";"Campello sul Clitunno";88;0;3;0;2;;;;5;1;0;0;3;;;;4;9
"054005";"Campello sul Clitunno";89;0;2;0;2;;;;4;1;0;0;12;;;;13;17
"054005";"Campello sul Clitunno";90;0;1;0;0;;;;1;0;0;0;9;;;;9;10
"054005";"Campello sul Clitunno";91;0;0;0;0;;;;0;0;1;0;4;;;;5;5
"054005";"Campello sul Clitunno";92;0;2;0;1;;;;3;1;0;0;1;;;;2;5
"054005";"Campello sul Clitunno";93;0;0;0;0;;;;0;1;0;0;4;;;;5;5
"054005";"Campello sul Clitunno";94;0;0;0;0;;;;0;0;0;0;4;;;;4;4
"054005";"Campello sul Clitunno";95;0;1;0;1;;;;2;0;0;0;4;;;;4;6
"054005";"Campello sul Clitunno";96;0;0;0;0;;;;0;0;0;0;2;;;;2;2
"054005";"Campello sul Clitunno";97;0;0;0;0;;;;0;0;0;0;3;;;;3;3
"054005";"Campello sul Clitunno";98;0;0;0;0;;;;0;0;0;0;2;;;;2;2
"054005";"Campello sul Clitunno";99;0;0;0;0;;;;0;0;0;0;0;;;;0;0
"054005";"Campello sul Clitunno";100;0;0;0;1;;;;1;0;0;0;0;;;;0;1
"054005";"Campello sul Clitunno";999;522;546;38;34;;;;1140;430;539;50;157;;;;1176;2316
"054006";"Cannara";0;10;0;0;0;;;;10;9;0;0;0;;;;9;19
"054006";"Cannara";1;19;0;0;0;;;;19;9;0;0;0;;;;9;28
"054006";"Cannara";2;8;0;0;0;;;;8;15;0;0;0;;;;15;23
"054006";"Cannara";3;16;0;0;0;;;;16;9;0;0;0;;;;9;25
"054006";"Cannara";4;11;0;0;0;;;;11;9;0;0;0;;;;9;20
"054006";"Cannara";5;18;0;0;0;;;;18;16;0;0;0;;;;16;34
"054006";"Cannara";6;19;0;0;0;;;;19;18;0;0;0;;;;18;37
"054006";"Cannara";7;21;0;0;0;;;;21;20;0;0;0;;;;20;41
"054006";"Cannara";8;22;0;0;0;;;;22;19;0;0;0;;;;19;41
"054006";"Cannara";9;14;0;0;0;;;;14;17;0;0;0;;;;17;31
"054006";"Cannara";10;14;0;0;0;;;;14;15;0;0;0;;;;15;29
"054006";"Cannara";11;24;0;0;0;;;;24;15;0;0;0;;;;15;39
"054006";"Cannara";12;23;0;0;0;;;;23;17;0;0;0;;;;17;40
"054006";"Cannara";13;23;0;0;0;;;;23;31;0;0;0;;;;31;54
"054006";"Cannara";14;17;0;0;0;;;;17;30;0;0;0;;;;30;47
"054006";"Cannara";15;23;0;0;0;;;;23;19;0;0;0;;;;19;42
"054006";"Cannara";16;22;0;0;0;;;;22;27;0;0;0;;;;27;49
"054006";"Cannara";17;29;0;0;0;;;;29;22;0;0;0;;;;22;51
"054006";"Cannara";18;15;0;0;0;;;;15;12;0;0;0;;;;12;27
"054006";"Cannara";19;18;0;0;0;;;;18;20;0;0;0;;;;20;38
"054006";"Cannara";20;19;0;0;0;;;;19;16;0;0;0;;;;16;35
"054006";"Cannara";21;20;1;0;0;;;;21;19;0;0;0;;;;19;40
"054006";"Cannara";22;18;0;0;0;;;;18;17;0;0;0;;;;17;35
"054006";"Cannara";23;20;0;0;0;;;;20;22;0;1;0;;;;23;43
"054006";"Cannara";24;21;0;0;0;;;;21;15;1;0;0;;;;16;37
"054006";"Cannara";25;21;0;0;0;;;;21;26;3;0;0;;;;29;50
"054006";"Cannara";26;21;1;0;0;;;;22;14;3;0;0;;;;17;39
"054006";"Cannara";27;16;2;0;0;;;;18;14;4;0;0;;;;18;36
"054006";"Cannara";28;14;3;0;0;;;;17;15;3;0;0;;;;18;35
"054006";"Cannara";29;26;3;0;0;;;;29;7;2;0;0;;;;9;38
"054006";"Cannara";30;15;0;0;0;;;;15;8;4;0;0;;;;12;27
"054006";"Cannara";31;14;3;0;0;;;;17;14;6;0;0;;;;20;37
"054006";"Cannara";32;23;2;1;0;;;;26;21;5;0;0;;;;26;52
"054006";"Cannara";33;15;3;0;0;;;;18;19;12;1;0;;;;32;50
"054006";"Cannara";34;20;12;0;0;;;;32;13;10;3;0;;;;26;58
"054006";"Cannara";35;11;5;0;0;;;;16;15;10;0;1;;;;26;42
"054006";"Cannara";36;16;6;1;0;;;;23;14;16;0;0;;;;30;53
"054006";"Cannara";37;13;5;0;0;;;;18;10;19;1;0;;;;30;48
"054006";"Cannara";38;24;19;0;0;;;;43;8;18;2;0;;;;28;71
"054006";"Cannara";39;15;10;1;0;;;;26;9;21;2;0;;;;32;58
"054006";"Cannara";40;21;17;1;0;;;;39;9;15;2;0;;;;26;65
"054006";"Cannara";41;12;11;1;0;;;;24;11;23;2;0;;;;36;60
"054006";"Cannara";42;11;16;1;0;;;;28;6;13;1;0;;;;20;48
"054006";"Cannara";43;12;10;2;0;;;;24;6;19;1;0;;;;26;50
"054006";"Cannara";44;5;22;3;1;;;;31;5;18;2;0;;;;25;56
"054006";"Cannara";45;8;18;1;0;;;;27;9;13;4;0;;;;26;53
"054006";"Cannara";46;8;18;0;0;;;;26;7;21;2;0;;;;30;56
"054006";"Cannara";47;7;20;0;0;;;;27;7;17;3;0;;;;27;54
"054006";"Cannara";48;8;25;0;0;;;;33;4;18;1;0;;;;23;56
"054006";"Cannara";49;6;20;1;0;;;;27;7;28;4;2;;;;41;68
"054006";"Cannara";50;8;22;3;0;;;;33;7;16;3;1;;;;27;60
"054006";"Cannara";51;6;22;2;1;;;;31;5;22;2;0;;;;29;60
"054006";"Cannara";52;10;23;4;0;;;;37;8;25;2;0;;;;35;72
"054006";"Cannara";53;11;18;2;0;;;;31;4;23;3;2;;;;32;63
"054006";"Cannara";54;7;20;2;0;;;;29;6;24;1;1;;;;32;61
"054006";"Cannara";55;1;21;1;1;;;;24;1;25;0;1;;;;27;51
"054006";"Cannara";56;3;22;3;0;;;;28;1;32;5;3;;;;41;69
"054006";"Cannara";57;3;13;3;0;;;;19;4;24;3;2;;;;33;52
"054006";"Cannara";58;6;26;2;1;;;;35;9;31;2;1;;;;43;78
"054006";"Cannara";59;3;22;0;0;;;;25;4;21;1;3;;;;29;54
"054006";"Cannara";60;7;32;2;1;;;;42;0;27;4;3;;;;34;76
"054006";"Cannara";61;2;17;2;0;;;;21;2;32;4;1;;;;39;60
"054006";"Cannara";62;2;25;1;1;;;;29;1;13;1;4;;;;19;48
"054006";"Cannara";63;2;26;2;2;;;;32;6;22;3;4;;;;35;67
"054006";"Cannara";64;4;22;3;1;;;;30;3;31;1;1;;;;36;66
"054006";"Cannara";65;4;32;3;4;;;;43;2;27;0;2;;;;31;74
"054006";"Cannara";66;1;28;0;1;;;;30;2;17;2;2;;;;23;53
"054006";"Cannara";67;2;18;2;1;;;;23;1;26;1;2;;;;30;53
"054006";"Cannara";68;2;20;1;0;;;;23;1;25;1;1;;;;28;51
"054006";"Cannara";69;2;31;0;4;;;;37;3;17;1;3;;;;24;61
"054006";"Cannara";70;1;24;1;0;;;;26;1;23;2;4;;;;30;56
"054006";"Cannara";71;1;28;0;2;;;;31;1;14;1;3;;;;19;50
"054006";"Cannara";72;3;11;0;0;;;;14;1;18;0;7;;;;26;40
"054006";"Cannara";73;0;11;1;0;;;;12;0;14;2;1;;;;17;29
"054006";"Cannara";74;2;22;0;1;;;;25;0;14;0;5;;;;19;44
"054006";"Cannara";75;0;27;1;1;;;;29;2;13;0;10;;;;25;54
"054006";"Cannara";76;0;17;1;3;;;;21;1;11;0;10;;;;22;43
"054006";"Cannara";77;0;11;0;1;;;;12;0;16;2;7;;;;25;37
"054006";"Cannara";78;1;9;0;1;;;;11;0;11;1;6;;;;18;29
"054006";"Cannara";79;3;12;0;1;;;;16;2;5;0;5;;;;12;28
"054006";"Cannara";80;1;12;0;3;;;;16;0;5;0;7;;;;12;28
"054006";"Cannara";81;1;16;1;3;;;;21;1;3;0;10;;;;14;35
"054006";"Cannara";82;0;10;0;3;;;;13;1;9;0;10;;;;20;33
"054006";"Cannara";83;0;8;0;1;;;;9;0;3;0;7;;;;10;19
"054006";"Cannara";84;1;9;0;3;;;;13;1;6;1;11;;;;19;32
"054006";"Cannara";85;1;10;1;1;;;;13;0;4;0;14;;;;18;31
"054006";"Cannara";86;0;7;0;1;;;;8;0;3;0;14;;;;17;25
"054006";"Cannara";87;2;5;0;2;;;;9;0;7;0;17;;;;24;33
"054006";"Cannara";88;0;4;0;0;;;;4;0;3;0;13;;;;16;20
"054006";"Cannara";89;0;5;0;2;;;;7;1;4;0;12;;;;17;24
"054006";"Cannara";90;0;2;0;2;;;;4;0;2;0;9;;;;11;15
"054006";"Cannara";91;0;3;0;2;;;;5;0;0;0;11;;;;11;16
"054006";"Cannara";92;0;2;0;0;;;;2;1;0;0;9;;;;10;12
"054006";"Cannara";93;0;1;0;1;;;;2;0;0;0;2;;;;2;4
"054006";"Cannara";94;0;1;0;1;;;;2;0;1;0;4;;;;5;7
"054006";"Cannara";95;0;0;0;0;;;;0;0;0;0;2;;;;2;2
"054006";"Cannara";96;0;1;0;2;;;;3;0;0;0;1;;;;1;4
"054006";"Cannara";97;0;0;0;1;;;;1;1;0;0;4;;;;5;6
"054006";"Cannara";98;0;0;0;2;;;;2;0;0;0;1;;;;1;3
"054006";"Cannara";99;0;1;0;0;;;;1;0;0;0;0;;;;0;1
"054006";"Cannara";100;0;0;0;0;;;;0;0;0;0;1;;;;1;1
"054006";"Cannara";999;929;981;57;59;;;;2026;800;991;81;257;;;;2129;4155
"054007";"Cascia";0;5;0;0;0;;;;5;10;0;0;0;;;;10;15
"054007";"Cascia";1;12;0;0;0;;;;12;16;0;0;0;;;;16;28
"054007";"Cascia";2;11;0;0;0;;;;11;9;0;0;0;;;;9;20
"054007";"Cascia";3;8;0;0;0;;;;8;7;0;0;0;;;;7;15
"054007";"Cascia";4;8;0;0;0;;;;8;10;0;0;0;;;;10;18
"054007";"Cascia";5;12;0;0;0;;;;12;12;0;0;0;;;;12;24
"054007";"Cascia";6;2;0;0;0;;;;2;10;0;0;0;;;;10;12
"054007";"Cascia";7;8;0;0;0;;;;8;7;0;0;0;;;;7;15
"054007";"Cascia";8;9;0;0;0;;;;9;15;0;0;0;;;;15;24
"054007";"Cascia";9;5;0;0;0;;;;5;11;0;0;0;;;;11;16
"054007";"Cascia";10;11;0;0;0;;;;11;7;0;0;0;;;;7;18
"054007";"Cascia";11;12;0;0;0;;;;12;8;0;0;0;;;;8;20
"054007";"Cascia";12;11;0;0;0;;;;11;11;0;0;0;;;;11;22
"054007";"Cascia";13;11;0;0;0;;;;11;12;0;0;0;;;;12;23
"054007";"Cascia";14;10;0;0;0;;;;10;17;0;0;0;;;;17;27
"054007";"Cascia";15;10;0;0;0;;;;10;10;0;0;0;;;;10;20
"054007";"Cascia";16;16;0;0;0;;;;16;9;0;0;0;;;;9;25
"054007";"Cascia";17;20;0;0;0;;;;20;18;0;0;0;;;;18;38
"054007";"Cascia";18;8;0;0;0;;;;8;14;0;0;0;;;;14;22
"054007";"Cascia";19;11;0;0;0;;;;11;12;0;0;0;;;;12;23
"054007";"Cascia";20;13;0;0;0;;;;13;14;0;0;0;;;;14;27
"054007";"Cascia";21;20;0;0;0;;;;20;10;1;0;0;;;;11;31
"054007";"Cascia";22;8;1;0;0;;;;9;12;0;0;0;;;;12;21
"054007";"Cascia";23;14;0;0;0;;;;14;16;0;0;0;;;;16;30
"054007";"Cascia";24;13;0;0;0;;;;13;18;1;0;0;;;;19;32
"054007";"Cascia";25;20;0;0;0;;;;20;11;0;0;0;;;;11;31
"054007";"Cascia";26;16;0;0;0;;;;16;20;2;0;0;;;;22;38
"054007";"Cascia";27;8;0;0;0;;;;8;9;0;0;0;;;;9;17
"054007";"Cascia";28;21;2;0;0;;;;23;18;3;0;0;;;;21;44
"054007";"Cascia";29;18;4;0;0;;;;22;18;2;0;0;;;;20;42
"054007";"Cascia";30;9;2;0;0;;;;11;16;3;0;0;;;;19;30
"054007";"Cascia";31;12;1;0;0;;;;13;13;5;0;0;;;;18;31
"054007";"Cascia";32;21;2;0;0;;;;23;6;4;0;0;;;;10;33
"054007";"Cascia";33;22;1;0;0;;;;23;9;3;0;0;;;;12;35
"054007";"Cascia";34;7;2;0;0;;;;9;8;8;1;0;;;;17;26
"054007";"Cascia";35;11;4;0;0;;;;15;5;3;0;0;;;;8;23
"054007";"Cascia";36;10;8;0;0;;;;18;6;15;1;1;;;;23;41
"054007";"Cascia";37;14;10;0;0;;;;24;6;4;0;0;;;;10;34
"054007";"Cascia";38;14;5;0;0;;;;19;5;12;0;0;;;;17;36
"054007";"Cascia";39;6;4;0;0;;;;10;4;9;0;0;;;;13;23
"054007";"Cascia";40;4;9;0;0;;;;13;7;11;0;0;;;;18;31
"054007";"Cascia";41;15;14;0;0;;;;29;9;11;0;0;;;;20;49
"054007";"Cascia";42;9;7;0;0;;;;16;6;7;0;0;;;;13;29
"054007";"Cascia";43;9;6;0;0;;;;15;1;8;2;1;;;;12;27
"054007";"Cascia";44;6;7;0;0;;;;13;5;11;1;0;;;;17;30
"054007";"Cascia";45;7;8;0;0;;;;15;7;11;0;0;;;;18;33
"054007";"Cascia";46;5;12;0;0;;;;17;2;13;0;0;;;;15;32
"054007";"Cascia";47;10;14;0;0;;;;24;3;8;0;0;;;;11;35
"054007";"Cascia";48;8;6;0;0;;;;14;5;9;2;0;;;;16;30
"054007";"Cascia";49;5;15;0;0;;;;20;2;16;0;1;;;;19;39
"054007";"Cascia";50;4;11;1;0;;;;16;10;13;0;0;;;;23;39
"054007";"Cascia";51;3;21;1;0;;;;25;4;19;0;0;;;;23;48
"054007";"Cascia";52;6;14;1;0;;;;21;2;19;0;0;;;;21;42
"054007";"Cascia";53;4;14;2;0;;;;20;2;24;1;1;;;;28;48
"054007";"Cascia";54;6;15;0;0;;;;21;3;17;1;1;;;;22;43
"054007";"Cascia";55;6;17;1;1;;;;25;3;14;1;2;;;;20;45
"054007";"Cascia";56;6;24;1;0;;;;31;3;24;1;2;;;;30;61
"054007";"Cascia";57;6;18;1;0;;;;25;5;23;1;0;;;;29;54
"054007";"Cascia";58;4;13;1;0;;;;18;4;15;2;4;;;;25;43
"054007";"Cascia";59;4;15;2;0;;;;21;4;22;0;1;;;;27;48
"054007";"Cascia";60;3;16;1;0;;;;20;5;27;0;7;;;;39;59
"054007";"Cascia";61;6;17;1;3;;;;27;5;21;2;1;;;;29;56
"054007";"Cascia";62;4;19;1;0;;;;24;1;32;1;3;;;;37;61
"054007";"Cascia";63;3;23;2;1;;;;29;1;15;0;2;;;;18;47
"054007";"Cascia";64;1;26;1;2;;;;30;4;21;1;2;;;;28;58
"054007";"Cascia";65;6;18;1;1;;;;26;2;16;2;3;;;;23;49
"054007";"Cascia";66;7;22;1;0;;;;30;2;24;0;7;;;;33;63
"054007";"Cascia";67;3;29;1;1;;;;34;1;19;2;2;;;;24;58
"054007";"Cascia";68;1;18;1;0;;;;20;4;15;0;1;;;;20;40
"054007";"Cascia";69;6;16;1;1;;;;24;0;14;0;2;;;;16;40
"054007";"Cascia";70;3;20;2;0;;;;25;1;17;2;0;;;;20;45
"054007";"Cascia";71;1;14;0;0;;;;15;1;8;0;6;;;;15;30
"054007";"Cascia";72;1;15;0;0;;;;16;1;14;0;4;;;;19;35
"054007";"Cascia";73;3;13;0;2;;;;18;1;13;0;3;;;;17;35
"054007";"Cascia";74;1;13;0;1;;;;15;6;9;1;5;;;;21;36
"054007";"Cascia";75;0;16;0;1;;;;17;2;13;0;4;;;;19;36
"054007";"Cascia";76;1;16;1;4;;;;22;0;5;1;5;;;;11;33
"054007";"Cascia";77;2;7;0;3;;;;12;2;8;0;9;;;;19;31
"054007";"Cascia";78;3;9;0;1;;;;13;1;7;0;7;;;;15;28
"054007";"Cascia";79;1;10;0;1;;;;12;0;7;0;7;;;;14;26
"054007";"Cascia";80;0;10;0;0;;;;10;1;3;0;4;;;;8;18
"054007";"Cascia";81;1;5;0;0;;;;6;0;4;0;6;;;;10;16
"054007";"Cascia";82;2;4;0;1;;;;7;0;8;0;3;;;;11;18
"054007";"Cascia";83;0;8;0;1;;;;9;2;3;0;5;;;;10;19
"054007";"Cascia";84;0;8;1;0;;;;9;2;3;0;6;;;;11;20
"054007";"Cascia";85;2;7;0;2;;;;11;2;3;0;11;;;;16;27
"054007";"Cascia";86;1;9;0;3;;;;13;1;2;0;4;;;;7;20
"054007";"Cascia";87;1;1;1;2;;;;5;2;2;0;4;;;;8;13
"054007";"Cascia";88;0;5;0;0;;;;5;1;4;0;5;;;;10;15
"054007";"Cascia";89;0;2;0;1;;;;3;1;1;0;1;;;;3;6
"054007";"Cascia";90;2;3;0;0;;;;5;0;2;0;9;;;;11;16
"054007";"Cascia";91;1;3;0;0;;;;4;0;1;0;4;;;;5;9
"054007";"Cascia";92;0;0;0;0;;;;0;0;0;0;5;;;;5;5
"054007";"Cascia";93;0;2;0;2;;;;4;1;1;0;3;;;;5;9
"054007";"Cascia";94;0;0;0;2;;;;2;0;0;0;4;;;;4;6
"054007";"Cascia";95;0;0;0;0;;;;0;0;0;0;4;;;;4;4
"054007";"Cascia";96;0;0;0;0;;;;0;0;0;0;3;;;;3;3
"054007";"Cascia";97;0;0;0;0;;;;0;0;0;0;0;;;;0;0
"054007";"Cascia";98;0;0;0;0;;;;0;0;0;0;1;;;;1;1
"054007";"Cascia";99;0;0;0;0;;;;0;0;0;0;0;;;;0;0
"054007";"Cascia";100;0;0;0;0;;;;0;0;0;0;1;;;;1;1
"054007";"Cascia";999;670;710;27;37;;;;1444;589;712;26;177;;;;1504;2948
"054008";"Castel Ritaldi";0;8;0;0;0;;;;8;5;0;0;0;;;;5;13
"054008";"Castel Ritaldi";1;6;0;0;0;;;;6;9;0;0;0;;;;9;15
"054008";"Castel Ritaldi";2;7;0;0;0;;;;7;5;0;0;0;;;;5;12
"054008";"Castel Ritaldi";3;10;0;0;0;;;;10;11;0;0;0;;;;11;21
"054008";"Castel Ritaldi";4;6;0;0;0;;;;6;7;0;0;0;;;;7;13
"054008";"Castel Ritaldi";5;6;0;0;0;;;;6;9;0;0;0;;;;9;15
"054008";"Castel Ritaldi";6;9;0;0;0;;;;9;10;0;0;0;;;;10;19
"054008";"Castel Ritaldi";7;10;0;0;0;;;;10;8;0;0;0;;;;8;18
"054008";"Castel Ritaldi";8;15;0;0;0;;;;15;11;0;0;0;;;;11;26
"054008";"Castel Ritaldi";9;9;0;0;0;;;;9;11;0;0;0;;;;11;20
"054008";"Castel Ritaldi";10;17;0;0;0;;;;17;8;0;0;0;;;;8;25
"054008";"Castel Ritaldi";11;5;0;0;0;;;;5;10;0;0;0;;;;10;15
"054008";"Castel Ritaldi";12;16;0;0;0;;;;16;15;0;0;0;;;;15;31
"054008";"Castel Ritaldi";13;20;0;0;0;;;;20;13;0;0;0;;;;13;33
"054008";"Castel Ritaldi";14;17;0;0;0;;;;17;16;0;0;0;;;;16;33
"054008";"Castel Ritaldi";15;18;0;0;0;;;;18;17;0;0;0;;;;17;35
"054008";"Castel Ritaldi";16;12;0;0;0;;;;12;17;0;0;0;;;;17;29
"054008";"Castel Ritaldi";17;11;0;0;0;;;;11;20;0;0;0;;;;20;31
"054008";"Castel Ritaldi";18;20;0;0;0;;;;20;14;1;0;0;;;;15;35
"054008";"Castel Ritaldi";19;10;0;0;0;;;;10;11;0;0;0;;;;11;21
"054008";"Castel Ritaldi";20;15;0;0;0;;;;15;10;1;0;0;;;;11;26
"054008";"Castel Ritaldi";21;22;0;0;0;;;;22;20;0;0;0;;;;20;42
"054008";"Castel Ritaldi";22;16;0;0;0;;;;16;21;1;0;0;;;;22;38
"054008";"Castel Ritaldi";23;23;0;0;0;;;;23;13;2;0;0;;;;15;38
"054008";"Castel Ritaldi";24;14;0;0;0;;;;14;15;0;0;0;;;;15;29
"054008";"Castel Ritaldi";25;11;0;0;0;;;;11;12;1;0;0;;;;13;24
"054008";"Castel Ritaldi";26;20;2;0;0;;;;22;8;1;0;0;;;;9;31
"054008";"Castel Ritaldi";27;13;0;0;0;;;;13;13;2;0;0;;;;15;28
"054008";"Castel Ritaldi";28;11;0;0;0;;;;11;9;2;0;0;;;;11;22
"054008";"Castel Ritaldi";29;6;0;0;0;;;;6;11;1;0;0;;;;12;18
"054008";"Castel Ritaldi";30;21;4;0;0;;;;25;12;1;0;0;;;;13;38
"054008";"Castel Ritaldi";31;24;2;0;0;;;;26;11;6;0;0;;;;17;43
"054008";"Castel Ritaldi";32;15;2;0;0;;;;17;11;3;0;0;;;;14;31
"054008";"Castel Ritaldi";33;11;4;1;0;;;;16;10;1;0;0;;;;11;27
"054008";"Castel Ritaldi";34;15;2;0;0;;;;17;11;5;0;0;;;;16;33
"054008";"Castel Ritaldi";35;16;8;0;0;;;;24;10;11;1;0;;;;22;46
"054008";"Castel Ritaldi";36;10;2;0;0;;;;12;9;4;1;0;;;;14;26
"054008";"Castel Ritaldi";37;10;5;0;0;;;;15;8;8;0;0;;;;16;31
"054008";"Castel Ritaldi";38;3;7;0;0;;;;10;8;5;0;0;;;;13;23
"054008";"Castel Ritaldi";39;13;3;0;0;;;;16;5;11;1;0;;;;17;33
"054008";"Castel Ritaldi";40;8;8;0;0;;;;16;9;9;0;1;;;;19;35
"054008";"Castel Ritaldi";41;9;5;0;0;;;;14;6;8;1;0;;;;15;29
"054008";"Castel Ritaldi";42;13;9;0;0;;;;22;5;16;0;0;;;;21;43
"054008";"Castel Ritaldi";43;7;9;0;1;;;;17;4;14;0;0;;;;18;35
"054008";"Castel Ritaldi";44;8;12;1;0;;;;21;7;8;0;1;;;;16;37
"054008";"Castel Ritaldi";45;5;8;1;0;;;;14;6;13;1;1;;;;21;35
"054008";"Castel Ritaldi";46;6;12;1;0;;;;19;4;12;4;1;;;;21;40
"054008";"Castel Ritaldi";47;4;15;3;0;;;;22;6;13;1;0;;;;20;42
"054008";"Castel Ritaldi";48;10;14;1;0;;;;25;4;20;1;1;;;;26;51
"054008";"Castel Ritaldi";49;9;8;2;0;;;;19;3;19;2;0;;;;24;43
"054008";"Castel Ritaldi";50;3;23;2;0;;;;28;8;21;3;2;;;;34;62
"054008";"Castel Ritaldi";51;10;15;0;1;;;;26;6;19;1;0;;;;26;52
"054008";"Castel Ritaldi";52;10;13;4;0;;;;27;3;27;1;0;;;;31;58
"054008";"Castel Ritaldi";53;6;22;3;0;;;;31;3;18;1;0;;;;22;53
"054008";"Castel Ritaldi";54;4;29;0;0;;;;33;3;19;3;1;;;;26;59
"054008";"Castel Ritaldi";55;2;23;2;0;;;;27;4;23;1;0;;;;28;55
"054008";"Castel Ritaldi";56;3;12;0;0;;;;15;7;11;3;1;;;;22;37
"054008";"Castel Ritaldi";57;8;25;3;0;;;;36;5;18;1;0;;;;24;60
"054008";"Castel Ritaldi";58;5;15;1;1;;;;22;1;16;1;1;;;;19;41
"054008";"Castel Ritaldi";59;6;18;2;1;;;;27;2;15;1;1;;;;19;46
"054008";"Castel Ritaldi";60;1;16;1;0;;;;18;3;24;2;0;;;;29;47
"054008";"Castel Ritaldi";61;2;15;0;1;;;;18;1;25;2;2;;;;30;48
"054008";"Castel Ritaldi";62;1;27;1;1;;;;30;2;20;2;1;;;;25;55
"054008";"Castel Ritaldi";63;3;14;0;1;;;;18;0;15;1;1;;;;17;35
"054008";"Castel Ritaldi";64;2;22;3;0;;;;27;1;13;1;2;;;;17;44
"054008";"Castel Ritaldi";65;1;13;2;1;;;;17;4;22;1;3;;;;30;47
"054008";"Castel Ritaldi";66;2;9;0;1;;;;12;3;8;2;0;;;;13;25
"054008";"Castel Ritaldi";67;2;12;3;0;;;;17;3;12;0;2;;;;17;34
"054008";"Castel Ritaldi";68;1;23;1;2;;;;27;0;16;1;1;;;;18;45
"054008";"Castel Ritaldi";69;1;11;0;0;;;;12;3;13;2;4;;;;22;34
"054008";"Castel Ritaldi";70;3;14;1;0;;;;18;1;13;0;5;;;;19;37
"054008";"Castel Ritaldi";71;0;18;2;3;;;;23;1;20;2;2;;;;25;48
"054008";"Castel Ritaldi";72;3;14;0;1;;;;18;2;12;0;3;;;;17;35
"054008";"Castel Ritaldi";73;1;15;1;1;;;;18;2;15;1;2;;;;20;38
"054008";"Castel Ritaldi";74;0;13;2;1;;;;16;1;6;2;8;;;;17;33
"054008";"Castel Ritaldi";75;2;15;0;0;;;;17;1;12;1;3;;;;17;34
"054008";"Castel Ritaldi";76;1;20;2;1;;;;24;2;18;0;5;;;;25;49
"054008";"Castel Ritaldi";77;3;15;0;1;;;;19;0;11;0;8;;;;19;38
"054008";"Castel Ritaldi";78;0;15;0;2;;;;17;0;7;1;2;;;;10;27
"054008";"Castel Ritaldi";79;1;12;0;2;;;;15;1;5;0;5;;;;11;26
"054008";"Castel Ritaldi";80;4;10;2;1;;;;17;0;6;0;6;;;;12;29
"054008";"Castel Ritaldi";81;0;7;0;1;;;;8;1;3;0;9;;;;13;21
"054008";"Castel Ritaldi";82;0;3;0;1;;;;4;1;3;0;6;;;;10;14
"054008";"Castel Ritaldi";83;0;5;0;1;;;;6;0;4;0;7;;;;11;17
"054008";"Castel Ritaldi";84;1;7;0;0;;;;8;0;6;0;11;;;;17;25
"054008";"Castel Ritaldi";85;2;4;0;3;;;;9;0;8;0;6;;;;14;23
"054008";"Castel Ritaldi";86;1;6;0;1;;;;8;0;3;1;10;;;;14;22
"054008";"Castel Ritaldi";87;0;3;0;0;;;;3;0;3;0;5;;;;8;11
"054008";"Castel Ritaldi";88;1;4;0;1;;;;6;0;2;0;5;;;;7;13
"054008";"Castel Ritaldi";89;1;4;0;2;;;;7;1;1;0;7;;;;9;16
"054008";"Castel Ritaldi";90;0;1;0;2;;;;3;0;0;0;4;;;;4;7
"054008";"Castel Ritaldi";91;0;1;0;0;;;;1;0;1;0;3;;;;4;5
"054008";"Castel Ritaldi";92;0;3;0;0;;;;3;0;0;0;8;;;;8;11
"054008";"Castel Ritaldi";93;0;2;0;1;;;;3;1;0;0;6;;;;7;10
"054008";"Castel Ritaldi";94;0;1;0;1;;;;2;0;0;0;4;;;;4;6
"054008";"Castel Ritaldi";95;0;0;0;0;;;;0;0;0;0;2;;;;2;2
"054008";"Castel Ritaldi";96;0;0;0;0;;;;0;0;0;0;1;;;;1;1
"054008";"Castel Ritaldi";97;0;0;0;0;;;;0;0;0;0;1;;;;1;1
"054008";"Castel Ritaldi";98;0;0;0;0;;;;0;0;0;0;1;;;;1;1
"054008";"Castel Ritaldi";99;0;0;0;0;;;;0;0;0;0;0;;;;0;0
"054008";"Castel Ritaldi";100;1;0;0;0;;;;1;1;1;0;0;;;;2;3
"054008";"Castel Ritaldi";999;698;710;48;38;;;;1494;586;714;51;172;;;;1523;3017
"054009";"Castiglione del Lago";0;42;0;0;0;;;;42;37;0;0;0;;;;37;79
"054009";"Castiglione del Lago";1;46;0;0;0;;;;46;35;0;0;0;;;;35;81
"054009";"Castiglione del Lago";2;45;0;0;0;;;;45;47;0;0;0;;;;47;92
"054009";"Castiglione del Lago";3;41;0;0;0;;;;41;43;0;0;0;;;;43;84
"054009";"Castiglione del Lago";4;59;0;0;0;;;;59;43;0;0;0;;;;43;102
"054009";"Castiglione del Lago";5;55;0;0;0;;;;55;52;0;0;0;;;;52;107
"054009";"Castiglione del Lago";6;63;0;0;0;;;;63;44;0;0;0;;;;44;107
"054009";"Castiglione del Lago";7;59;0;0;0;;;;59;64;0;0;0;;;;64;123
"054009";"Castiglione del Lago";8;64;0;0;0;;;;64;46;0;0;0;;;;46;110
"054009";"Castiglione del Lago";9;79;0;0;0;;;;79;66;0;0;0;;;;66;145
"054009";"Castiglione del Lago";10;63;0;0;0;;;;63;71;0;0;0;;;;71;134
"054009";"Castiglione del Lago";11;94;0;0;0;;;;94;68;0;0;0;;;;68;162
"054009";"Castiglione del Lago";12;72;0;0;0;;;;72;66;0;0;0;;;;66;138
"054009";"Castiglione del Lago";13;71;0;0;0;;;;71;71;0;0;0;;;;71;142
"054009";"Castiglione del Lago";14;77;0;0;0;;;;77;60;0;0;0;;;;60;137
"054009";"Castiglione del Lago";15;72;0;0;0;;;;72;63;0;0;0;;;;63;135
"054009";"Castiglione del Lago";16;85;0;0;0;;;;85;73;0;0;0;;;;73;158
"054009";"Castiglione del Lago";17;67;0;0;0;;;;67;72;0;0;0;;;;72;139
"054009";"Castiglione del Lago";18;72;0;0;0;;;;72;63;0;0;0;;;;63;135
"054009";"Castiglione del Lago";19;63;0;0;0;;;;63;65;1;0;0;;;;66;129
"054009";"Castiglione del Lago";20;73;0;0;0;;;;73;66;0;0;0;;;;66;139
"054009";"Castiglione del Lago";21;57;0;0;0;;;;57;67;0;0;0;;;;67;124
"054009";"Castiglione del Lago";22;66;0;0;0;;;;66;68;1;0;0;;;;69;135
"054009";"Castiglione del Lago";23;75;0;0;0;;;;75;56;1;0;0;;;;57;132
"054009";"Castiglione del Lago";24;67;1;0;0;;;;68;54;3;0;0;;;;57;125
"054009";"Castiglione del Lago";25;81;2;0;0;;;;83;54;11;1;0;;;;66;149
"054009";"Castiglione del Lago";26;50;0;1;0;;;;51;57;5;0;0;;;;62;113
"054009";"Castiglione del Lago";27;80;3;0;0;;;;83;63;10;0;0;;;;73;156
"054009";"Castiglione del Lago";28;66;6;0;0;;;;72;75;8;0;0;;;;83;155
"054009";"Castiglione del Lago";29;67;3;0;0;;;;70;56;17;1;0;;;;74;144
"054009";"Castiglione del Lago";30;61;6;0;0;;;;67;42;16;0;0;;;;58;125
"054009";"Castiglione del Lago";31;57;7;0;0;;;;64;53;12;0;0;;;;65;129
"054009";"Castiglione del Lago";32;58;17;0;0;;;;75;54;30;0;0;;;;84;159
"054009";"Castiglione del Lago";33;67;20;0;0;;;;87;44;33;0;0;;;;77;164
"054009";"Castiglione del Lago";34;51;19;0;0;;;;70;44;17;1;0;;;;62;132
"054009";"Castiglione del Lago";35;66;28;0;0;;;;94;46;30;0;0;;;;76;170
"054009";"Castiglione del Lago";36;55;29;2;0;;;;86;54;34;0;1;;;;89;175
"054009";"Castiglione del Lago";37;50;30;0;0;;;;80;42;51;0;1;;;;94;174
"054009";"Castiglione del Lago";38;40;30;5;0;;;;75;43;49;2;0;;;;94;169
"054009";"Castiglione del Lago";39;43;32;3;0;;;;78;50;51;0;0;;;;101;179
"054009";"Castiglione del Lago";40;42;51;4;0;;;;97;40;47;3;0;;;;90;187
"054009";"Castiglione del Lago";41;46;49;6;0;;;;101;43;49;6;2;;;;100;201
"054009";"Castiglione del Lago";42;47;40;0;0;;;;87;38;69;2;1;;;;110;197
"054009";"Castiglione del Lago";43;44;40;1;0;;;;85;34;52;9;0;;;;95;180
"054009";"Castiglione del Lago";44;44;54;5;0;;;;103;29;60;5;2;;;;96;199
"054009";"Castiglione del Lago";45;37;43;3;0;;;;83;32;58;3;0;;;;93;176
"054009";"Castiglione del Lago";46;52;53;7;1;;;;113;28;66;5;1;;;;100;213
"054009";"Castiglione del Lago";47;45;55;5;0;;;;105;25;76;7;1;;;;109;214
"054009";"Castiglione del Lago";48;34;62;2;2;;;;100;39;69;10;2;;;;120;220
"054009";"Castiglione del Lago";49;40;68;6;1;;;;115;20;77;14;1;;;;112;227
"054009";"Castiglione del Lago";50;40;67;4;0;;;;111;30;74;7;4;;;;115;226
"054009";"Castiglione del Lago";51;33;77;6;0;;;;116;17;74;6;3;;;;100;216
"054009";"Castiglione del Lago";52;31;65;8;1;;;;105;23;83;3;2;;;;111;216
"054009";"Castiglione del Lago";53;38;81;10;0;;;;129;20;94;13;0;;;;127;256
"054009";"Castiglione del Lago";54;22;76;10;2;;;;110;11;79;17;2;;;;109;219
"054009";"Castiglione del Lago";55;32;79;10;2;;;;123;10;89;9;2;;;;110;233
"054009";"Castiglione del Lago";56;28;62;6;3;;;;99;10;92;15;8;;;;125;224
"054009";"Castiglione del Lago";57;31;88;7;1;;;;127;15;90;10;3;;;;118;245
"054009";"Castiglione del Lago";58;20;88;18;0;;;;126;11;94;5;4;;;;114;240
"054009";"Castiglione del Lago";59;17;91;4;0;;;;112;11;80;10;11;;;;112;224
"054009";"Castiglione del Lago";60;20;75;11;3;;;;109;15;91;12;9;;;;127;236
"054009";"Castiglione del Lago";61;13;70;5;1;;;;89;16;102;7;6;;;;131;220
"054009";"Castiglione del Lago";62;11;83;5;2;;;;101;11;88;9;12;;;;120;221
"054009";"Castiglione del Lago";63;9;94;6;2;;;;111;12;79;6;11;;;;108;219
"054009";"Castiglione del Lago";64;14;99;12;1;;;;126;7;96;9;10;;;;122;248
"054009";"Castiglione del Lago";65;7;101;8;4;;;;120;10;91;9;11;;;;121;241
"054009";"Castiglione del Lago";66;10;71;5;0;;;;86;7;80;10;14;;;;111;197
"054009";"Castiglione del Lago";67;10;91;8;3;;;;112;7;67;4;11;;;;89;201
"054009";"Castiglione del Lago";68;6;79;7;5;;;;97;6;82;12;13;;;;113;210
"054009";"Castiglione del Lago";69;10;89;3;5;;;;107;10;92;6;14;;;;122;229
"054009";"Castiglione del Lago";70;4;98;6;4;;;;112;10;86;4;20;;;;120;232
"054009";"Castiglione del Lago";71;6;78;1;8;;;;93;4;67;7;16;;;;94;187
"054009";"Castiglione del Lago";72;3;79;6;3;;;;91;2;66;3;22;;;;93;184
"054009";"Castiglione del Lago";73;10;72;5;6;;;;93;5;62;3;24;;;;94;187
"054009";"Castiglione del Lago";74;10;67;3;3;;;;83;5;60;6;25;;;;96;179
"054009";"Castiglione del Lago";75;2;87;6;8;;;;103;2;54;4;25;;;;85;188
"054009";"Castiglione del Lago";76;8;96;1;10;;;;115;4;67;0;35;;;;106;221
"054009";"Castiglione del Lago";77;5;74;3;6;;;;88;4;51;2;31;;;;88;176
"054009";"Castiglione del Lago";78;4;55;2;7;;;;68;3;55;4;30;;;;92;160
"054009";"Castiglione del Lago";79;0;50;2;7;;;;59;8;38;2;26;;;;74;133
"054009";"Castiglione del Lago";80;5;40;2;8;;;;55;3;18;2;41;;;;64;119
"054009";"Castiglione del Lago";81;0;40;1;6;;;;47;3;27;1;50;;;;81;128
"054009";"Castiglione del Lago";82;1;38;1;3;;;;43;0;25;1;39;;;;65;108
"054009";"Castiglione del Lago";83;4;32;0;10;;;;46;4;16;2;46;;;;68;114
"054009";"Castiglione del Lago";84;4;30;1;14;;;;49;3;25;1;43;;;;72;121
"054009";"Castiglione del Lago";85;2;37;1;11;;;;51;1;13;1;59;;;;74;125
"054009";"Castiglione del Lago";86;4;35;0;14;;;;53;2;25;1;46;;;;74;127
"054009";"Castiglione del Lago";87;1;28;0;11;;;;40;0;8;1;48;;;;57;97
"054009";"Castiglione del Lago";88;1;18;0;8;;;;27;1;8;1;52;;;;62;89
"054009";"Castiglione del Lago";89;4;24;0;6;;;;34;2;7;0;31;;;;40;74
"054009";"Castiglione del Lago";90;2;19;0;13;;;;34;1;1;1;45;;;;48;82
"054009";"Castiglione del Lago";91;2;8;0;5;;;;15;1;4;0;24;;;;29;44
"054009";"Castiglione del Lago";92;0;5;0;3;;;;8;0;0;0;22;;;;22;30
"054009";"Castiglione del Lago";93;0;4;0;6;;;;10;0;2;1;29;;;;32;42
"054009";"Castiglione del Lago";94;0;4;0;6;;;;10;1;0;0;32;;;;33;43
"054009";"Castiglione del Lago";95;0;4;0;2;;;;6;0;1;0;16;;;;17;23
"054009";"Castiglione del Lago";96;0;0;0;3;;;;3;0;0;0;9;;;;9;12
"054009";"Castiglione del Lago";97;0;2;0;0;;;;2;0;0;0;6;;;;6;8
"054009";"Castiglione del Lago";98;0;1;0;1;;;;2;0;0;0;6;;;;6;8
"054009";"Castiglione del Lago";99;0;0;0;0;;;;0;1;1;0;0;;;;2;2
"054009";"Castiglione del Lago";100;0;2;0;2;;;;4;0;1;0;3;;;;4;8
"054009";"Castiglione del Lago";999;3434;3501;244;233;;;;7412;2894;3508;296;1063;;;;7761;15173
"054010";"Cerreto di Spoleto";0;1;0;0;0;;;;1;2;0;0;0;;;;2;3
"054010";"Cerreto di Spoleto";1;3;0;0;0;;;;3;1;0;0;0;;;;1;4
"054010";"Cerreto di Spoleto";2;4;0;0;0;;;;4;2;0;0;0;;;;2;6
"054010";"Cerreto di Spoleto";3;4;0;0;0;;;;4;2;0;0;0;;;;2;6
"054010";"Cerreto di Spoleto";4;2;0;0;0;;;;2;1;0;0;0;;;;1;3
"054010";"Cerreto di Spoleto";5;2;0;0;0;;;;2;4;0;0;0;;;;4;6
"054010";"Cerreto di Spoleto";6;3;0;0;0;;;;3;1;0;0;0;;;;1;4
"054010";"Cerreto di Spoleto";7;5;0;0;0;;;;5;1;0;0;0;;;;1;6
"054010";"Cerreto di Spoleto";8;4;0;0;0;;;;4;3;0;0;0;;;;3;7
"054010";"Cerreto di Spoleto";9;5;0;0;0;;;;5;3;0;0;0;;;;3;8
"054010";"Cerreto di Spoleto";10;1;0;0;0;;;;1;5;0;0;0;;;;5;6
"054010";"Cerreto di Spoleto";11;2;0;0;0;;;;2;1;0;0;0;;;;1;3
"054010";"Cerreto di Spoleto";12;6;0;0;0;;;;6;4;0;0;0;;;;4;10
"054010";"Cerreto di Spoleto";13;2;0;0;0;;;;2;1;0;0;0;;;;1;3
"054010";"Cerreto di Spoleto";14;4;0;0;0;;;;4;1;0;0;0;;;;1;5
"054010";"Cerreto di Spoleto";15;3;0;0;0;;;;3;2;0;0;0;;;;2;5
"054010";"Cerreto di Spoleto";16;2;0;0;0;;;;2;4;0;0;0;;;;4;6
"054010";"Cerreto di Spoleto";17;4;0;0;0;;;;4;3;0;0;0;;;;3;7
"054010";"Cerreto di Spoleto";18;8;0;0;0;;;;8;4;0;0;0;;;;4;12
"054010";"Cerreto di Spoleto";19;8;0;0;0;;;;8;3;0;0;0;;;;3;11
"054010";"Cerreto di Spoleto";20;10;0;0;0;;;;10;6;0;0;0;;;;6;16
"054010";"Cerreto di Spoleto";21;7;0;0;0;;;;7;5;0;0;0;;;;5;12
"054010";"Cerreto di Spoleto";22;6;0;0;0;;;;6;2;0;0;0;;;;2;8
"054010";"Cerreto di Spoleto";23;3;0;0;0;;;;3;7;0;0;0;;;;7;10
"054010";"Cerreto di Spoleto";24;5;0;0;0;;;;5;3;0;0;0;;;;3;8
"054010";"Cerreto di Spoleto";25;4;0;0;0;;;;4;5;0;0;0;;;;5;9
"054010";"Cerreto di Spoleto";26;4;0;0;0;;;;4;6;0;0;0;;;;6;10
"054010";"Cerreto di Spoleto";27;0;0;0;0;;;;0;5;0;0;0;;;;5;5
"054010";"Cerreto di Spoleto";28;5;0;0;0;;;;5;1;0;0;0;;;;1;6
"054010";"Cerreto di Spoleto";29;4;0;0;0;;;;4;3;1;0;0;;;;4;8
"054010";"Cerreto di Spoleto";30;6;0;0;0;;;;6;2;0;0;0;;;;2;8
"054010";"Cerreto di Spoleto";31;5;0;0;0;;;;5;5;1;0;0;;;;6;11
"054010";"Cerreto di Spoleto";32;5;0;0;0;;;;5;1;1;1;0;;;;3;8
"054010";"Cerreto di Spoleto";33;0;0;0;0;;;;0;4;2;0;0;;;;6;6
"054010";"Cerreto di Spoleto";34;4;0;0;0;;;;4;1;0;0;0;;;;1;5
"054010";"Cerreto di Spoleto";35;3;1;0;0;;;;4;5;3;0;0;;;;8;12
"054010";"Cerreto di Spoleto";36;2;4;1;0;;;;7;5;2;0;0;;;;7;14
"054010";"Cerreto di Spoleto";37;2;1;0;0;;;;3;1;2;0;0;;;;3;6
"054010";"Cerreto di Spoleto";38;4;1;0;0;;;;5;4;6;0;0;;;;10;15
"054010";"Cerreto di Spoleto";39;2;0;0;1;;;;3;2;4;0;0;;;;6;9
"054010";"Cerreto di Spoleto";40;4;1;0;0;;;;5;2;5;0;0;;;;7;12
"054010";"Cerreto di Spoleto";41;4;3;0;0;;;;7;1;4;0;0;;;;5;12
"054010";"Cerreto di Spoleto";42;3;3;1;0;;;;7;1;1;1;0;;;;3;10
"054010";"Cerreto di Spoleto";43;2;3;0;0;;;;5;2;2;0;0;;;;4;9
"054010";"Cerreto di Spoleto";44;2;2;0;0;;;;4;0;2;0;0;;;;2;6
"054010";"Cerreto di Spoleto";45;0;4;0;0;;;;4;0;4;0;0;;;;4;8
"054010";"Cerreto di Spoleto";46;2;2;0;0;;;;4;0;3;1;0;;;;4;8
"054010";"Cerreto di Spoleto";47;0;1;0;0;;;;1;3;6;0;0;;;;9;10
"054010";"Cerreto di Spoleto";48;2;2;0;0;;;;4;1;3;0;1;;;;5;9
"054010";"Cerreto di Spoleto";49;2;2;0;0;;;;4;2;5;0;0;;;;7;11
"054010";"Cerreto di Spoleto";50;3;1;0;0;;;;4;1;9;2;0;;;;12;16
"054010";"Cerreto di Spoleto";51;3;3;0;0;;;;6;2;7;1;0;;;;10;16
"054010";"Cerreto di Spoleto";52;1;6;1;0;;;;8;0;5;1;0;;;;6;14
"054010";"Cerreto di Spoleto";53;2;6;0;0;;;;8;0;5;0;0;;;;5;13
"054010";"Cerreto di Spoleto";54;1;12;0;0;;;;13;3;2;1;0;;;;6;19
"054010";"Cerreto di Spoleto";55;1;8;0;0;;;;9;2;8;1;1;;;;12;21
"054010";"Cerreto di Spoleto";56;4;12;1;0;;;;17;1;4;2;1;;;;8;25
"054010";"Cerreto di Spoleto";57;2;4;0;0;;;;6;0;7;0;0;;;;7;13
"054010";"Cerreto di Spoleto";58;5;9;0;1;;;;15;2;8;0;1;;;;11;26
"054010";"Cerreto di Spoleto";59;0;8;1;1;;;;10;1;8;2;0;;;;11;21
"054010";"Cerreto di Spoleto";60;2;7;1;0;;;;10;0;7;1;1;;;;9;19
"054010";"Cerreto di Spoleto";61;1;8;0;0;;;;9;3;5;0;1;;;;9;18
"054010";"Cerreto di Spoleto";62;1;5;1;1;;;;8;0;6;0;1;;;;7;15
"054010";"Cerreto di Spoleto";63;0;9;1;0;;;;10;2;5;0;0;;;;7;17
"054010";"Cerreto di Spoleto";64;3;3;0;2;;;;8;0;8;0;0;;;;8;16
"054010";"Cerreto di Spoleto";65;1;5;0;0;;;;6;2;3;1;1;;;;7;13
"054010";"Cerreto di Spoleto";66;1;7;0;0;;;;8;1;6;0;1;;;;8;16
"054010";"Cerreto di Spoleto";67;0;2;1;0;;;;3;0;4;1;1;;;;6;9
"054010";"Cerreto di Spoleto";68;0;7;0;0;;;;7;0;7;0;1;;;;8;15
"054010";"Cerreto di Spoleto";69;2;4;0;0;;;;6;0;2;0;1;;;;3;9
"054010";"Cerreto di Spoleto";70;0;7;2;0;;;;9;0;10;0;1;;;;11;20
"054010";"Cerreto di Spoleto";71;2;3;0;0;;;;5;0;6;0;4;;;;10;15
"054010";"Cerreto di Spoleto";72;0;8;1;0;;;;9;0;4;0;1;;;;5;14
"054010";"Cerreto di Spoleto";73;0;8;0;1;;;;9;0;2;0;2;;;;4;13
"054010";"Cerreto di Spoleto";74;0;1;0;0;;;;1;0;2;0;4;;;;6;7
"054010";"Cerreto di Spoleto";75;0;4;0;0;;;;4;0;2;0;2;;;;4;8
"054010";"Cerreto di Spoleto";76;0;5;0;0;;;;5;0;5;0;1;;;;6;11
"054010";"Cerreto di Spoleto";77;0;5;0;0;;;;5;0;3;1;3;;;;7;12
"054010";"Cerreto di Spoleto";78;1;4;0;0;;;;5;1;5;0;0;;;;6;11
"054010";"Cerreto di Spoleto";79;0;2;0;1;;;;3;0;3;0;3;;;;6;9
"054010";"Cerreto di Spoleto";80;0;4;0;0;;;;4;1;3;0;1;;;;5;9
"054010";"Cerreto di Spoleto";81;1;3;0;1;;;;5;0;1;0;1;;;;2;7
"054010";"Cerreto di Spoleto";82;1;3;0;1;;;;5;0;2;0;4;;;;6;11
"054010";"Cerreto di Spoleto";83;0;1;0;1;;;;2;0;1;0;5;;;;6;8
"054010";"Cerreto di Spoleto";84;0;1;0;0;;;;1;0;3;0;6;;;;9;10
"054010";"Cerreto di Spoleto";85;0;3;0;1;;;;4;0;1;0;3;;;;4;8
"054010";"Cerreto di Spoleto";86;0;3;0;2;;;;5;0;3;0;3;;;;6;11
"054010";"Cerreto di Spoleto";87;0;1;0;0;;;;1;0;0;0;2;;;;2;3
"054010";"Cerreto di Spoleto";88;0;1;0;0;;;;1;0;2;0;4;;;;6;7
"054010";"Cerreto di Spoleto";89;1;1;0;0;;;;2;0;0;0;3;;;;3;5
"054010";"Cerreto di Spoleto";90;0;2;0;0;;;;2;1;0;0;3;;;;4;6
"054010";"Cerreto di Spoleto";91;1;2;0;1;;;;4;0;0;0;0;;;;0;4
"054010";"Cerreto di Spoleto";92;0;1;0;0;;;;1;0;0;0;2;;;;2;3
"054010";"Cerreto di Spoleto";93;0;0;0;0;;;;0;0;0;0;0;;;;0;0
"054010";"Cerreto di Spoleto";94;0;0;0;2;;;;2;0;0;0;2;;;;2;4
"054010";"Cerreto di Spoleto";95;0;0;0;0;;;;0;0;0;0;2;;;;2;2
"054010";"Cerreto di Spoleto";96;0;0;0;0;;;;0;0;0;0;0;;;;0;0
"054010";"Cerreto di Spoleto";97;0;0;0;0;;;;0;0;0;0;1;;;;1;1
"054010";"Cerreto di Spoleto";98;0;0;0;0;;;;0;0;1;0;2;;;;3;3
"054010";"Cerreto di Spoleto";99;0;0;0;0;;;;0;0;0;0;3;;;;3;3
"054010";"Cerreto di Spoleto";100;0;0;0;0;;;;0;0;0;0;0;;;;0;0
"054010";"Cerreto di Spoleto";999;215;229;12;17;;;;473;156;232;17;80;;;;485;958
"054011";"Citerna";0;10;0;0;0;;;;10;10;0;0;0;;;;10;20
"054011";"Citerna";1;15;0;0;0;;;;15;8;0;0;0;;;;8;23
"054011";"Citerna";2;14;0;0;0;;;;14;8;0;0;0;;;;8;22
"054011";"Citerna";3;11;0;0;0;;;;11;11;0;0;0;;;;11;22
"054011";"Citerna";4;13;0;0;0;;;;13;2;0;0;0;;;;2;15
"054011";"Citerna";5;9;0;0;0;;;;9;7;0;0;0;;;;7;16
"054011";"Citerna";6;12;0;0;0;;;;12;16;0;0;0;;;;16;28
"054011";"Citerna";7;8;0;0;0;;;;8;15;0;0;0;;;;15;23
"054011";"Citerna";8;18;0;0;0;;;;18;14;0;0;0;;;;14;32
"054011";"Citerna";9;18;0;0;0;;;;18;16;0;0;0;;;;16;34
"054011";"Citerna";10;18;0;0;0;;;;18;19;0;0;0;;;;19;37
"054011";"Citerna";11;18;0;0;0;;;;18;11;0;0;0;;;;11;29
"054011";"Citerna";12;33;0;0;0;;;;33;15;0;0;0;;;;15;48
"054011";"Citerna";13;22;0;0;0;;;;22;10;0;0;0;;;;10;32
"054011";"Citerna";14;21;0;0;0;;;;21;15;0;0;0;;;;15;36
"054011";"Citerna";15;16;0;0;0;;;;16;17;0;0;0;;;;17;33
"054011";"Citerna";16;16;0;0;0;;;;16;14;0;0;0;;;;14;30
"054011";"Citerna";17;15;0;0;0;;;;15;18;0;0;0;;;;18;33
"054011";"Citerna";18;18;0;0;0;;;;18;16;0;0;0;;;;16;34
"054011";"Citerna";19;23;0;0;0;;;;23;15;0;0;0;;;;15;38
"054011";"Citerna";20;14;0;0;0;;;;14;12;0;0;0;;;;12;26
"054011";"Citerna";21;15;0;0;0;;;;15;11;0;0;0;;;;11;26
"054011";"Citerna";22;10;0;0;0;;;;10;9;0;0;0;;;;9;19
"054011";"Citerna";23;13;0;0;0;;;;13;16;0;0;0;;;;16;29
"054011";"Citerna";24;13;0;0;0;;;;13;19;0;0;0;;;;19;32
"054011";"Citerna";25;19;0;0;0;;;;19;13;0;0;0;;;;13;32
"054011";"Citerna";26;16;0;0;0;;;;16;15;2;0;0;;;;17;33
"054011";"Citerna";27;24;3;0;0;;;;27;13;1;0;0;;;;14;41
"054011";"Citerna";28;20;0;0;0;;;;20;16;1;0;0;;;;17;37
"054011";"Citerna";29;13;2;0;0;;;;15;17;3;0;0;;;;20;35
"054011";"Citerna";30;10;1;0;0;;;;11;6;4;1;0;;;;11;22
"054011";"Citerna";31;21;1;0;0;;;;22;9;5;0;0;;;;14;36
"054011";"Citerna";32;12;4;0;0;;;;16;12;7;0;0;;;;19;35
"054011";"Citerna";33;16;2;0;0;;;;18;8;5;0;0;;;;13;31
"054011";"Citerna";34;17;8;0;0;;;;25;10;4;1;0;;;;15;40
"054011";"Citerna";35;15;5;1;0;;;;21;14;7;0;0;;;;21;42
"054011";"Citerna";36;12;5;0;0;;;;17;16;9;0;0;;;;25;42
"054011";"Citerna";37;16;2;1;0;;;;19;11;11;0;0;;;;22;41
"054011";"Citerna";38;9;13;1;0;;;;23;11;9;1;0;;;;21;44
"054011";"Citerna";39;12;8;1;0;;;;21;15;21;0;0;;;;36;57
"054011";"Citerna";40;6;11;0;0;;;;17;2;16;1;0;;;;19;36
"054011";"Citerna";41;12;8;1;0;;;;21;10;16;1;0;;;;27;48
"054011";"Citerna";42;11;20;0;0;;;;31;6;7;0;0;;;;13;44
"054011";"Citerna";43;10;10;1;0;;;;21;8;20;2;0;;;;30;51
"054011";"Citerna";44;5;17;0;0;;;;22;8;12;0;0;;;;20;42
"054011";"Citerna";45;4;21;1;0;;;;26;16;13;0;0;;;;29;55
"054011";"Citerna";46;11;15;0;0;;;;26;1;17;2;0;;;;20;46
"054011";"Citerna";47;11;10;2;0;;;;23;4;20;1;0;;;;25;48
"054011";"Citerna";48;9;17;2;0;;;;28;6;16;1;0;;;;23;51
"054011";"Citerna";49;10;19;3;0;;;;32;5;21;2;1;;;;29;61
"054011";"Citerna";50;7;15;2;0;;;;24;7;22;0;1;;;;30;54
"054011";"Citerna";51;2;18;1;0;;;;21;7;22;0;1;;;;30;51
"054011";"Citerna";52;4;22;1;0;;;;27;3;13;3;0;;;;19;46
"054011";"Citerna";53;10;20;1;0;;;;31;1;18;3;0;;;;22;53
"054011";"Citerna";54;6;21;1;0;;;;28;5;16;5;2;;;;28;56
"054011";"Citerna";55;5;14;5;0;;;;24;4;18;1;1;;;;24;48
"054011";"Citerna";56;5;18;2;0;;;;25;9;20;1;1;;;;31;56
"054011";"Citerna";57;4;18;5;0;;;;27;7;18;1;2;;;;28;55
"054011";"Citerna";58;5;18;4;0;;;;27;1;23;2;3;;;;29;56
"054011";"Citerna";59;6;12;1;1;;;;20;2;28;4;1;;;;35;55
"054011";"Citerna";60;4;39;2;0;;;;45;3;24;0;4;;;;31;76
"054011";"Citerna";61;3;17;4;0;;;;24;4;21;3;2;;;;30;54
"054011";"Citerna";62;2;25;4;0;;;;31;3;17;1;0;;;;21;52
"054011";"Citerna";63;5;21;1;1;;;;28;1;19;4;1;;;;25;53
"054011";"Citerna";64;4;18;1;0;;;;23;5;17;0;2;;;;24;47
"054011";"Citerna";65;0;20;0;0;;;;20;0;22;2;1;;;;25;45
"054011";"Citerna";66;1;18;0;0;;;;19;2;18;0;4;;;;24;43
"054011";"Citerna";67;6;20;1;0;;;;27;1;15;3;5;;;;24;51
"054011";"Citerna";68;1;16;0;0;;;;17;1;12;0;3;;;;16;33
"054011";"Citerna";69;1;17;2;2;;;;22;2;18;1;3;;;;24;46
"054011";"Citerna";70;0;14;2;1;;;;17;1;16;0;3;;;;20;37
"054011";"Citerna";71;1;16;0;1;;;;18;1;11;0;4;;;;16;34
"054011";"Citerna";72;3;11;1;1;;;;16;0;9;0;3;;;;12;28
"054011";"Citerna";73;2;15;1;0;;;;18;1;14;1;3;;;;19;37
"054011";"Citerna";74;0;24;1;0;;;;25;0;9;0;3;;;;12;37
"054011";"Citerna";75;1;12;0;1;;;;14;2;12;0;4;;;;18;32
"054011";"Citerna";76;5;14;0;1;;;;20;2;16;0;8;;;;26;46
"054011";"Citerna";77;0;7;0;1;;;;8;1;11;0;5;;;;17;25
"054011";"Citerna";78;1;15;0;4;;;;20;0;5;0;6;;;;11;31
"054011";"Citerna";79;3;7;0;1;;;;11;0;11;0;5;;;;16;27
"054011";"Citerna";80;3;5;0;0;;;;8;0;7;0;6;;;;13;21
"054011";"Citerna";81;0;20;0;0;;;;20;1;3;0;6;;;;10;30
"054011";"Citerna";82;2;5;1;0;;;;8;1;6;0;5;;;;12;20
"054011";"Citerna";83;0;8;0;1;;;;9;1;8;1;11;;;;21;30
"054011";"Citerna";84;2;11;0;2;;;;15;1;7;0;6;;;;14;29
"054011";"Citerna";85;2;5;0;0;;;;7;2;1;0;6;;;;9;16
"054011";"Citerna";86;4;5;0;4;;;;13;0;6;0;11;;;;17;30
"054011";"Citerna";87;0;4;0;1;;;;5;1;1;0;5;;;;7;12
"054011";"Citerna";88;0;4;0;4;;;;8;1;1;0;10;;;;12;20
"054011";"Citerna";89;1;5;0;0;;;;6;0;0;0;10;;;;10;16
"054011";"Citerna";90;0;1;0;0;;;;1;0;1;0;16;;;;17;18
"054011";"Citerna";91;0;0;0;1;;;;1;0;0;0;4;;;;4;5
"054011";"Citerna";92;1;1;0;0;;;;2;1;0;0;5;;;;6;8
"054011";"Citerna";93;0;0;0;0;;;;0;0;0;0;3;;;;3;3
"054011";"Citerna";94;0;0;0;2;;;;2;0;0;0;2;;;;2;4
"054011";"Citerna";95;0;0;0;2;;;;2;0;0;0;1;;;;1;3
"054011";"Citerna";96;0;0;0;0;;;;0;0;0;0;2;;;;2;2
"054011";"Citerna";97;0;0;0;0;;;;0;0;0;0;0;;;;0;0
"054011";"Citerna";98;0;0;0;0;;;;0;0;0;0;1;;;;1;1
"054011";"Citerna";99;0;0;0;0;;;;0;0;0;0;0;;;;0;0
"054011";"Citerna";100;0;0;0;0;;;;0;0;0;0;1;;;;1;1
"054011";"Citerna";999;826;798;58;32;;;;1714;661;783;49;193;;;;1686;3400
"054012";"Città della Pieve";0;21;0;0;0;;;;21;34;0;0;0;;;;34;55
"054012";"Città della Pieve";1;25;0;0;0;;;;25;12;0;0;0;;;;12;37
"054012";"Città della Pieve";2;23;0;0;0;;;;23;17;0;0;0;;;;17;40
"054012";"Città della Pieve";3;22;0;0;0;;;;22;20;0;0;0;;;;20;42
"054012";"Città della Pieve";4;20;0;0;0;;;;20;22;0;0;0;;;;22;42
"054012";"Città della Pieve";5;25;0;0;0;;;;25;28;0;0;0;;;;28;53
"054012";"Città della Pieve";6;28;0;0;0;;;;28;30;0;0;0;;;;30;58
"054012";"Città della Pieve";7;19;0;0;0;;;;19;28;0;0;0;;;;28;47
"054012";"Città della Pieve";8;29;0;0;0;;;;29;31;0;0;0;;;;31;60
"054012";"Città della Pieve";9;25;0;0;0;;;;25;32;0;0;0;;;;32;57
"054012";"Città della Pieve";10;37;0;0;0;;;;37;26;0;0;0;;;;26;63
"054012";"Città della Pieve";11;42;0;0;0;;;;42;21;0;0;0;;;;21;63
"054012";"Città della Pieve";12;43;0;0;0;;;;43;25;0;0;0;;;;25;68
"054012";"Città della Pieve";13;36;0;0;0;;;;36;26;0;0;0;;;;26;62
"054012";"Città della Pieve";14;31;0;0;0;;;;31;35;0;0;0;;;;35;66
"054012";"Città della Pieve";15;33;0;0;0;;;;33;28;0;0;0;;;;28;61
"054012";"Città della Pieve";16;42;0;0;0;;;;42;35;0;0;0;;;;35;77
"054012";"Città della Pieve";17;35;0;0;0;;;;35;35;0;0;0;;;;35;70
"054012";"Città della Pieve";18;39;0;0;0;;;;39;32;0;0;0;;;;32;71
"054012";"Città della Pieve";19;26;0;0;0;;;;26;33;0;0;0;;;;33;59
"054012";"Città della Pieve";20;37;0;0;0;;;;37;37;0;0;0;;;;37;74
"054012";"Città della Pieve";21;42;0;0;0;;;;42;30;0;0;0;;;;30;72
"054012";"Città della Pieve";22;22;0;0;0;;;;22;30;1;0;0;;;;31;53
"054012";"Città della Pieve";23;27;1;0;0;;;;28;24;0;0;0;;;;24;52
"054012";"Città della Pieve";24;29;0;0;0;;;;29;28;3;0;0;;;;31;60
"054012";"Città della Pieve";25;40;1;0;0;;;;41;33;1;0;0;;;;34;75
"054012";"Città della Pieve";26;30;3;0;0;;;;33;27;1;0;0;;;;28;61
"054012";"Città della Pieve";27;28;0;0;0;;;;28;25;2;0;0;;;;27;55
"054012";"Città della Pieve";28;34;1;0;0;;;;35;30;7;0;0;;;;37;72
"054012";"Città della Pieve";29;32;1;0;0;;;;33;26;9;0;0;;;;35;68
"054012";"Città della Pieve";30;28;2;0;0;;;;30;23;4;0;0;;;;27;57
"054012";"Città della Pieve";31;36;0;0;0;;;;36;30;5;0;0;;;;35;71
"054012";"Città della Pieve";32;21;4;0;0;;;;25;30;10;0;0;;;;40;65
"054012";"Città della Pieve";33;25;7;0;0;;;;32;22;13;1;0;;;;36;68
"054012";"Città della Pieve";34;26;6;0;0;;;;32;26;10;0;0;;;;36;68
"054012";"Città della Pieve";35;22;7;0;0;;;;29;22;17;0;0;;;;39;68
"054012";"Città della Pieve";36;39;22;0;0;;;;61;29;20;1;0;;;;50;111
"054012";"Città della Pieve";37;31;5;0;0;;;;36;19;15;3;0;;;;37;73
"054012";"Città della Pieve";38;19;9;0;1;;;;29;25;11;1;0;;;;37;66
"054012";"Città della Pieve";39;19;14;0;0;;;;33;24;17;0;0;;;;41;74
"054012";"Città della Pieve";40;19;16;1;0;;;;36;21;21;2;0;;;;44;80
"054012";"Città della Pieve";41;24;18;2;0;;;;44;17;21;3;1;;;;42;86
"054012";"Città della Pieve";42;21;23;0;0;;;;44;16;23;1;0;;;;40;84
"054012";"Città della Pieve";43;24;23;4;0;;;;51;22;26;3;2;;;;53;104
"054012";"Città della Pieve";44;19;23;2;0;;;;44;20;24;2;0;;;;46;90
"054012";"Città della Pieve";45;22;22;1;1;;;;46;18;23;4;1;;;;46;92
"054012";"Città della Pieve";46;21;34;3;1;;;;59;18;30;4;1;;;;53;112
"054012";"Città della Pieve";47;27;22;1;0;;;;50;20;29;4;1;;;;54;104
"054012";"Città della Pieve";48;29;25;4;0;;;;58;19;39;5;2;;;;65;123
"054012";"Città della Pieve";49;14;31;2;0;;;;47;11;34;3;2;;;;50;97
"054012";"Città della Pieve";50;12;30;4;0;;;;46;19;55;6;0;;;;80;126
"054012";"Città della Pieve";51;14;42;4;2;;;;62;14;41;5;2;;;;62;124
"054012";"Città della Pieve";52;9;40;0;0;;;;49;18;32;3;1;;;;54;103
"054012";"Città della Pieve";53;20;31;0;0;;;;51;9;42;11;0;;;;62;113
"054012";"Città della Pieve";54;11;42;4;0;;;;57;10;25;4;3;;;;42;99
"054012";"Città della Pieve";55;15;45;6;1;;;;67;5;44;2;3;;;;54;121
"054012";"Città della Pieve";56;11;27;3;1;;;;42;14;46;5;3;;;;68;110
"054012";"Città della Pieve";57;11;40;4;2;;;;57;12;39;10;5;;;;66;123
"054012";"Città della Pieve";58;13;35;5;1;;;;54;9;46;8;1;;;;64;118
"054012";"Città della Pieve";59;12;31;4;2;;;;49;5;37;6;4;;;;52;101
"054012";"Città della Pieve";60;4;49;5;0;;;;58;9;25;8;1;;;;43;101
"054012";"Città della Pieve";61;9;42;7;1;;;;59;9;53;2;0;;;;64;123
"054012";"Città della Pieve";62;11;35;5;0;;;;51;4;45;0;9;;;;58;109
"054012";"Città della Pieve";63;6;51;2;0;;;;59;5;54;9;10;;;;78;137
"054012";"Città della Pieve";64;8;42;2;1;;;;53;4;49;10;8;;;;71;124
"054012";"Città della Pieve";65;6;36;6;1;;;;49;3;45;2;6;;;;56;105
"054012";"Città della Pieve";66;7;34;5;1;;;;47;9;39;5;3;;;;56;103
"054012";"Città della Pieve";67;2;34;3;2;;;;41;4;44;3;8;;;;59;100
"054012";"Città della Pieve";68;4;35;3;1;;;;43;2;49;4;9;;;;64;107
"054012";"Città della Pieve";69;6;50;5;0;;;;61;4;52;2;11;;;;69;130
"054012";"Città della Pieve";70;5;48;3;3;;;;59;7;36;1;9;;;;53;112
"054012";"Città della Pieve";71;3;58;3;4;;;;68;4;34;1;8;;;;47;115
"054012";"Città della Pieve";72;0;32;2;5;;;;39;4;35;3;15;;;;57;96
"054012";"Città della Pieve";73;3;41;3;2;;;;49;4;25;2;12;;;;43;92
"054012";"Città della Pieve";74;3;43;3;5;;;;54;2;25;1;8;;;;36;90
"054012";"Città della Pieve";75;3;34;2;6;;;;45;1;35;1;21;;;;58;103
"054012";"Città della Pieve";76;4;27;0;3;;;;34;0;28;0;10;;;;38;72
"054012";"Città della Pieve";77;3;37;0;4;;;;44;1;21;6;15;;;;43;87
"054012";"Città della Pieve";78;0;26;0;4;;;;30;2;20;2;15;;;;39;69
"054012";"Città della Pieve";79;2;20;0;2;;;;24;0;16;0;12;;;;28;52
"054012";"Città della Pieve";80;3;19;0;3;;;;25;1;17;1;16;;;;35;60
"054012";"Città della Pieve";81;0;26;1;5;;;;32;0;15;0;20;;;;35;67
"054012";"Città della Pieve";82;1;16;1;2;;;;20;2;14;1;19;;;;36;56
"054012";"Città della Pieve";83;0;14;1;3;;;;18;2;12;1;20;;;;35;53
"054012";"Città della Pieve";84;5;23;0;2;;;;30;0;12;0;21;;;;33;63
"054012";"Città della Pieve";85;0;19;0;7;;;;26;1;6;3;24;;;;34;60
"054012";"Città della Pieve";86;1;18;1;6;;;;26;0;11;0;27;;;;38;64
"054012";"Città della Pieve";87;2;9;0;3;;;;14;3;8;0;23;;;;34;48
"054012";"Città della Pieve";88;0;12;1;5;;;;18;2;4;0;29;;;;35;53
"054012";"Città della Pieve";89;3;13;0;4;;;;20;0;5;0;19;;;;24;44
"054012";"Città della Pieve";90;3;9;0;6;;;;18;1;4;0;18;;;;23;41
"054012";"Città della Pieve";91;0;6;0;4;;;;10;0;2;0;14;;;;16;26
"054012";"Città della Pieve";92;0;5;0;2;;;;7;0;0;0;13;;;;13;20
"054012";"Città della Pieve";93;0;5;0;1;;;;6;1;1;0;11;;;;13;19
"054012";"Città della Pieve";94;0;3;0;0;;;;3;0;3;0;15;;;;18;21
"054012";"Città della Pieve";95;0;1;0;3;;;;4;0;0;0;5;;;;5;9
"054012";"Città della Pieve";96;0;1;0;1;;;;2;0;1;0;9;;;;10;12
"054012";"Città della Pieve";97;0;1;0;0;;;;1;1;0;0;7;;;;8;9
"054012";"Città della Pieve";98;0;0;0;1;;;;1;0;0;0;5;;;;5;6
"054012";"Città della Pieve";99;0;0;0;0;;;;0;0;0;0;4;;;;4;4
"054012";"Città della Pieve";100;0;0;0;0;;;;0;1;0;0;1;;;;2;2
"054012";"Città della Pieve";999;1643;1657;118;115;;;;3533;1480;1668;165;542;;;;3855;7388
"054013";"Città di Castello";0;103;0;0;0;0;0;0;103;97;0;0;0;0;0;0;97;200
"054013";"Città di Castello";1;118;0;0;0;0;0;0;118;106;0;0;0;0;0;0;106;224
"054013";"Città di Castello";2;133;0;0;0;0;0;0;133;102;0;0;0;0;0;0;102;235
"054013";"Città di Castello";3;140;0;0;0;0;0;0;140;137;0;0;0;0;0;0;137;277
"054013";"Città di Castello";4;127;0;0;0;0;0;0;127;123;0;0;0;0;0;0;123;250
"054013";"Città di Castello";5;125;0;0;0;0;0;0;125;125;0;0;0;0;0;0;125;250
"054013";"Città di Castello";6;157;0;0;0;0;0;0;157;139;0;0;0;0;0;0;139;296
"054013";"Città di Castello";7;149;0;0;0;0;0;0;149;124;0;0;0;0;0;0;124;273
"054013";"Città di Castello";8;153;0;0;0;0;0;0;153;154;0;0;0;0;0;0;154;307
"054013";"Città di Castello";9;175;0;0;0;0;0;0;175;157;0;0;0;0;0;0;157;332
"054013";"Città di Castello";10;161;0;0;0;0;0;0;161;167;0;0;0;0;0;0;167;328
"054013";"Città di Castello";11;200;0;0;0;0;0;0;200;163;0;0;0;0;0;0;163;363
"054013";"Città di Castello";12;150;0;0;0;0;0;0;150;175;0;0;0;0;0;0;175;325
"054013";"Città di Castello";13;176;0;0;0;0;0;0;176;159;0;0;0;0;0;0;159;335
"054013";"Città di Castello";14;184;0;0;0;0;0;0;184;169;0;0;0;0;0;0;169;353
"054013";"Città di Castello";15;182;0;0;0;0;0;0;182;161;0;0;0;0;0;0;161;343
"054013";"Città di Castello";16;176;0;0;0;0;0;0;176;166;0;0;0;0;0;0;166;342
"054013";"Città di Castello";17;160;0;0;0;0;0;0;160;190;0;0;0;0;0;0;190;350
"054013";"Città di Castello";18;186;0;0;0;0;0;0;186;171;0;0;0;0;0;0;171;357
"054013";"Città di Castello";19;210;0;0;0;0;0;0;210;176;0;0;0;0;0;0;176;386
"054013";"Città di Castello";20;166;0;0;0;0;0;0;166;176;2;0;0;0;0;0;178;344
"054013";"Città di Castello";21;199;0;0;0;0;0;0;199;165;2;0;0;0;0;0;167;366
"054013";"Città di Castello";22;174;4;0;0;0;0;0;178;162;4;0;0;0;0;0;166;344
"054013";"Città di Castello";23;186;2;0;0;0;0;0;188;184;5;0;0;0;0;0;189;377
"054013";"Città di Castello";24;209;2;0;0;0;0;0;211;181;3;0;0;0;0;0;184;395
"054013";"Città di Castello";25;196;5;1;0;0;0;0;202;150;6;0;0;0;0;0;156;358
"054013";"Città di Castello";26;190;2;1;0;0;0;0;193;164;20;0;0;0;0;0;184;377
"054013";"Città di Castello";27;182;3;0;0;0;0;0;185;170;14;0;0;0;0;0;184;369
"054013";"Città di Castello";28;180;9;0;0;0;0;0;189;139;22;1;0;0;0;0;162;351
"054013";"Città di Castello";29;185;18;0;0;0;0;0;203;140;30;1;0;0;0;0;171;374
"054013";"Città di Castello";30;167;17;0;1;0;0;0;185;122;45;1;0;0;0;0;168;353
"054013";"Città di Castello";31;122;29;0;0;0;0;0;151;130;57;0;0;0;0;0;187;338
"054013";"Città di Castello";32;166;39;0;0;0;0;0;205;103;48;2;0;0;0;0;153;358
"054013";"Città di Castello";33;129;51;0;0;0;0;0;180;123;60;1;1;0;0;0;185;365
"054013";"Città di Castello";34;145;39;0;1;0;0;0;185;121;79;0;0;0;0;0;200;385
"054013";"Città di Castello";35;152;54;2;0;0;0;0;208;112;92;4;0;0;0;0;208;416
"054013";"Città di Castello";36;114;74;1;0;1;0;0;190;91;91;4;0;0;0;0;186;376
"054013";"Città di Castello";37;110;72;4;0;0;0;0;186;101;102;5;0;0;0;0;208;394
"054013";"Città di Castello";38;119;79;5;0;0;0;0;203;74;103;2;2;0;0;0;181;384
"054013";"Città di Castello";39;130;74;4;0;0;0;0;208;93;108;15;1;1;0;0;218;426
"054013";"Città di Castello";40;117;89;9;0;2;0;0;217;113;116;8;0;0;0;0;237;454
"054013";"Città di Castello";41;115;98;4;1;1;0;0;219;95;132;6;1;1;0;0;235;454
"054013";"Città di Castello";42;111;107;3;0;1;0;0;222;82;150;14;2;0;0;0;248;470
"054013";"Città di Castello";43;107;125;7;1;0;0;0;240;86;142;15;0;1;0;0;244;484
"054013";"Città di Castello";44;114;114;8;1;0;0;0;237;88;154;10;3;0;0;0;255;492
"054013";"Città di Castello";45;101;126;12;1;0;0;0;240;79;146;19;4;1;0;0;249;489
"054013";"Città di Castello";46;105;143;15;1;1;0;0;265;78;173;15;2;0;0;0;268;533
"054013";"Città di Castello";47;98;159;14;0;0;0;0;271;73;167;26;2;0;0;0;268;539
"054013";"Città di Castello";48;99;177;20;1;1;0;0;298;69;208;26;5;0;0;0;308;606
"054013";"Città di Castello";49;93;158;15;0;0;0;0;266;67;199;23;6;0;0;0;295;561
"054013";"Città di Castello";50;104;200;18;1;0;0;0;323;88;198;38;11;0;0;0;335;658
"054013";"Città di Castello";51;82;180;17;2;0;0;0;281;50;222;34;10;0;0;0;316;597
"054013";"Città di Castello";52;95;170;20;1;2;0;0;288;84;220;39;3;0;0;0;346;634
"054013";"Città di Castello";53;63;200;25;3;0;0;0;291;47;202;25;10;0;0;0;284;575
"054013";"Città di Castello";54;71;200;28;1;0;0;0;300;54;190;13;7;0;0;0;264;564
"054013";"Città di Castello";55;67;183;26;0;0;0;0;276;69;218;33;12;1;0;0;333;609
"054013";"Città di Castello";56;78;185;14;3;0;0;0;280;59;213;30;15;1;0;0;318;598
"054013";"Città di Castello";57;66;221;22;1;0;0;0;310;51;213;23;8;0;0;0;295;605
"054013";"Città di Castello";58;56;196;30;7;0;0;0;289;44;211;28;10;0;0;0;293;582
"054013";"Città di Castello";59;58;212;20;3;0;0;0;293;28;231;24;15;0;0;0;298;591
"054013";"Città di Castello";60;55;228;24;6;1;0;0;314;44;239;24;24;0;0;0;331;645
"054013";"Città di Castello";61;37;211;19;4;0;0;0;271;30;196;31;25;0;0;0;282;553
"054013";"Città di Castello";62;39;230;23;4;0;0;0;296;25;218;26;22;0;0;0;291;587
"054013";"Città di Castello";63;41;206;20;6;0;0;0;273;27;232;23;21;0;0;0;303;576
"054013";"Città di Castello";64;34;191;16;11;0;0;0;252;26;209;20;27;0;0;0;282;534
"054013";"Città di Castello";65;33;199;16;12;0;0;0;260;28;202;23;34;0;0;0;287;547
"054013";"Città di Castello";66;28;184;13;2;0;0;0;227;25;207;21;36;1;0;0;290;517
"054013";"Città di Castello";67;33;186;12;5;0;0;0;236;22;180;14;34;0;0;0;250;486
"054013";"Città di Castello";68;17;203;16;8;0;0;0;244;30;205;17;44;0;0;0;296;540
"054013";"Città di Castello";69;26;182;8;8;0;0;0;224;19;194;23;50;0;0;0;286;510
"054013";"Città di Castello";70;28;203;12;5;0;0;0;248;17;173;16;62;0;0;0;268;516
"054013";"Città di Castello";71;28;188;12;8;1;0;0;237;22;158;12;58;0;0;0;250;487
"054013";"Città di Castello";72;21;177;10;9;0;0;0;217;20;152;5;56;0;0;0;233;450
"054013";"Città di Castello";73;13;169;4;14;0;0;1;201;11;148;11;58;0;0;0;228;429
"054013";"Città di Castello";74;16;211;8;6;0;0;0;241;23;147;6;61;0;0;0;237;478
"054013";"Città di Castello";75;18;194;4;16;0;0;0;232;14;158;11;78;0;0;0;261;493
"054013";"Città di Castello";76;10;192;3;24;0;0;0;229;18;135;6;78;0;0;0;237;466
"054013";"Città di Castello";77;14;169;4;16;0;0;0;203;14;128;4;85;0;0;0;231;434
"054013";"Città di Castello";78;15;132;5;19;0;0;0;171;8;115;6;79;0;0;0;208;379
"054013";"Città di Castello";79;6;110;4;13;0;0;0;133;17;82;3;66;0;0;0;168;301
"054013";"Città di Castello";80;14;107;2;11;0;0;0;134;12;79;3;77;0;0;0;171;305
"054013";"Città di Castello";81;6;109;3;21;0;0;0;139;15;72;4;88;0;0;0;179;318
"054013";"Città di Castello";82;10;83;1;14;0;0;0;108;9;59;4;88;0;0;0;160;268
"054013";"Città di Castello";83;10;81;1;22;0;0;0;114;7;57;1;94;0;0;0;159;273
"054013";"Città di Castello";84;7;90;1;14;0;0;0;112;17;51;2;102;0;0;0;172;284
"054013";"Città di Castello";85;5;86;1;13;0;0;0;105;11;47;1;111;0;0;0;170;275
"054013";"Città di Castello";86;9;79;1;23;0;0;0;112;6;40;0;135;0;0;0;181;293
"054013";"Città di Castello";87;5;49;0;28;0;0;0;82;11;26;4;100;0;0;0;141;223
"054013";"Città di Castello";88;5;45;0;18;0;0;0;68;7;28;1;91;0;0;0;127;195
"054013";"Città di Castello";89;3;33;0;14;0;0;0;50;9;7;0;97;0;0;0;113;163
"054013";"Città di Castello";90;3;26;1;22;0;0;0;52;7;14;0;82;0;0;0;103;155
"054013";"Città di Castello";91;5;19;0;11;0;0;0;35;2;9;0;65;0;0;0;76;111
"054013";"Città di Castello";92;0;17;0;14;0;0;0;31;4;5;0;62;0;0;0;71;102
"054013";"Città di Castello";93;0;10;0;14;0;0;0;24;5;1;0;59;0;0;0;65;89
"054013";"Città di Castello";94;1;4;0;9;0;0;0;14;1;3;0;45;0;0;0;49;63
"054013";"Città di Castello";95;2;6;0;4;0;0;0;12;0;2;0;44;0;0;0;46;58
"054013";"Città di Castello";96;1;2;0;0;0;0;0;3;1;2;0;20;0;0;0;23;26
"054013";"Città di Castello";97;1;0;0;1;0;0;0;2;1;3;0;21;0;0;0;25;27
"054013";"Città di Castello";98;0;2;0;1;0;0;0;3;0;0;0;10;0;0;0;10;13
"054013";"Città di Castello";99;0;0;0;1;0;0;0;1;0;0;1;9;0;0;0;10;11
"054013";"Città di Castello";100;0;1;0;2;0;0;0;3;2;0;0;15;0;0;0;17;20
"054013";"Città di Castello";999;8785;8430;589;483;11;0;1;18299;7633;8581;808;2543;7;0;0;19572;37871
"054014";"Collazzone";0;10;0;0;0;;;;10;7;0;0;0;;;;7;17
"054014";"Collazzone";1;12;0;0;0;;;;12;3;0;0;0;;;;3;15
"054014";"Collazzone";2;9;0;0;0;;;;9;11;0;0;0;;;;11;20
"054014";"Collazzone";3;11;0;0;0;;;;11;13;0;0;0;;;;13;24
"054014";"Collazzone";4;11;0;0;0;;;;11;13;0;0;0;;;;13;24
"054014";"Collazzone";5;16;0;0;0;;;;16;12;0;0;0;;;;12;28
"054014";"Collazzone";6;9;0;0;0;;;;9;15;0;0;0;;;;15;24
"054014";"Collazzone";7;14;0;0;0;;;;14;13;0;0;0;;;;13;27
"054014";"Collazzone";8;18;0;0;0;;;;18;17;0;0;0;;;;17;35
"054014";"Collazzone";9;19;0;0;0;;;;19;16;0;0;0;;;;16;35
"054014";"Collazzone";10;22;0;0;0;;;;22;16;0;0;0;;;;16;38
"054014";"Collazzone";11;8;0;0;0;;;;8;17;0;0;0;;;;17;25
"054014";"Collazzone";12;15;0;0;0;;;;15;18;0;0;0;;;;18;33
"054014";"Collazzone";13;13;0;0;0;;;;13;31;0;0;0;;;;31;44
"054014";"Collazzone";14;15;0;0;0;;;;15;18;0;0;0;;;;18;33
"054014";"Collazzone";15;17;0;0;0;;;;17;12;0;0;0;;;;12;29
"054014";"Collazzone";16;4;0;0;0;;;;4;13;0;0;0;;;;13;17
"054014";"Collazzone";17;22;0;0;0;;;;22;23;0;0;0;;;;23;45
"054014";"Collazzone";18;18;0;0;0;;;;18;12;0;0;0;;;;12;30
"054014";"Collazzone";19;19;0;0;0;;;;19;18;0;0;0;;;;18;37
"054014";"Collazzone";20;16;0;0;0;;;;16;20;0;0;0;;;;20;36
"054014";"Collazzone";21;19;0;0;0;;;;19;9;0;0;0;;;;9;28
"054014";"Collazzone";22;12;0;0;0;;;;12;17;0;0;0;;;;17;29
"054014";"Collazzone";23;22;0;0;0;;;;22;19;0;0;0;;;;19;41
"054014";"Collazzone";24;23;1;0;0;;;;24;13;2;0;0;;;;15;39
"054014";"Collazzone";25;19;0;0;0;;;;19;12;0;0;0;;;;12;31
"054014";"Collazzone";26;15;0;0;0;;;;15;4;1;0;0;;;;5;20
"054014";"Collazzone";27;14;0;0;0;;;;14;12;2;0;0;;;;14;28
"054014";"Collazzone";28;10;3;0;0;;;;13;11;1;0;0;;;;12;25
"054014";"Collazzone";29;15;0;0;0;;;;15;7;6;0;0;;;;13;28
"054014";"Collazzone";30;13;0;0;0;;;;13;8;5;0;0;;;;13;26
"054014";"Collazzone";31;19;5;0;0;;;;24;10;6;0;0;;;;16;40
"054014";"Collazzone";32;8;6;0;0;;;;14;7;8;0;0;;;;15;29
"054014";"Collazzone";33;9;2;0;0;;;;11;10;8;0;0;;;;18;29
"054014";"Collazzone";34;8;4;0;0;;;;12;8;7;1;0;;;;16;28
"054014";"Collazzone";35;18;7;0;0;;;;25;13;9;0;0;;;;22;47
"054014";"Collazzone";36;13;7;0;0;;;;20;13;3;1;0;;;;17;37
"054014";"Collazzone";37;10;8;0;0;;;;18;9;7;0;0;;;;16;34
"054014";"Collazzone";38;16;10;0;0;;;;26;3;9;0;0;;;;12;38
"054014";"Collazzone";39;6;8;1;0;;;;15;6;10;1;0;;;;17;32
"054014";"Collazzone";40;10;12;0;0;;;;22;10;13;0;0;;;;23;45
"054014";"Collazzone";41;7;5;0;0;;;;12;6;16;2;0;;;;24;36
"054014";"Collazzone";42;15;11;0;0;;;;26;8;11;0;0;;;;19;45
"054014";"Collazzone";43;7;12;0;0;;;;19;13;15;1;0;;;;29;48
"054014";"Collazzone";44;9;14;1;0;;;;24;6;10;1;0;;;;17;41
"054014";"Collazzone";45;10;12;1;0;;;;23;12;10;3;0;;;;25;48
"054014";"Collazzone";46;8;12;2;0;;;;22;2;18;1;2;;;;23;45
"054014";"Collazzone";47;8;9;3;0;;;;20;10;20;0;0;;;;30;50
"054014";"Collazzone";48;5;18;2;0;;;;25;6;24;0;0;;;;30;55
"054014";"Collazzone";49;7;15;2;0;;;;24;6;13;2;2;;;;23;47
"054014";"Collazzone";50;10;14;1;0;;;;25;8;14;4;0;;;;26;51
"054014";"Collazzone";51;3;20;1;0;;;;24;7;16;4;0;;;;27;51
"054014";"Collazzone";52;6;18;1;0;;;;25;7;22;1;1;;;;31;56
"054014";"Collazzone";53;7;21;1;0;;;;29;3;16;0;0;;;;19;48
"054014";"Collazzone";54;7;21;0;0;;;;28;1;13;2;0;;;;16;44
"054014";"Collazzone";55;5;20;1;1;;;;27;2;26;1;0;;;;29;56
"054014";"Collazzone";56;7;20;0;0;;;;27;4;22;0;3;;;;29;56
"054014";"Collazzone";57;5;18;4;0;;;;27;2;20;0;2;;;;24;51
"054014";"Collazzone";58;2;20;4;0;;;;26;2;19;2;0;;;;23;49
"054014";"Collazzone";59;4;21;3;1;;;;29;1;25;3;0;;;;29;58
"054014";"Collazzone";60;3;24;2;1;;;;30;2;20;1;1;;;;24;54
"054014";"Collazzone";61;4;13;2;3;;;;22;1;16;2;3;;;;22;44
"054014";"Collazzone";62;2;15;0;0;;;;17;2;21;0;1;;;;24;41
"054014";"Collazzone";63;6;18;3;1;;;;28;3;20;3;2;;;;28;56
"054014";"Collazzone";64;3;13;1;0;;;;17;2;12;3;3;;;;20;37
"054014";"Collazzone";65;2;26;2;0;;;;30;1;14;1;4;;;;20;50
"054014";"Collazzone";66;2;10;1;1;;;;14;2;20;3;4;;;;29;43
"054014";"Collazzone";67;2;18;2;1;;;;23;2;12;2;2;;;;18;41
"054014";"Collazzone";68;0;11;2;2;;;;15;3;16;2;3;;;;24;39
"054014";"Collazzone";69;0;23;2;1;;;;26;1;16;2;2;;;;21;47
"054014";"Collazzone";70;4;20;0;0;;;;24;2;11;0;4;;;;17;41
"054014";"Collazzone";71;0;8;1;0;;;;9;0;19;2;5;;;;26;35
"054014";"Collazzone";72;3;5;1;0;;;;9;1;18;0;2;;;;21;30
"054014";"Collazzone";73;3;16;0;0;;;;19;0;12;1;6;;;;19;38
"054014";"Collazzone";74;1;12;1;3;;;;17;1;14;1;4;;;;20;37
"054014";"Collazzone";75;2;17;2;1;;;;22;0;8;0;1;;;;9;31
"054014";"Collazzone";76;2;8;2;0;;;;12;2;10;0;8;;;;20;32
"054014";"Collazzone";77;1;16;0;1;;;;18;1;8;0;4;;;;13;31
"054014";"Collazzone";78;0;17;1;0;;;;18;0;13;0;1;;;;14;32
"054014";"Collazzone";79;0;12;0;3;;;;15;0;10;0;9;;;;19;34
"054014";"Collazzone";80;3;7;1;1;;;;12;1;5;0;7;;;;13;25
"054014";"Collazzone";81;1;15;0;2;;;;18;1;9;0;7;;;;17;35
"054014";"Collazzone";82;0;10;0;1;;;;11;0;2;0;4;;;;6;17
"054014";"Collazzone";83;2;14;0;2;;;;18;0;3;1;11;;;;15;33
"054014";"Collazzone";84;1;9;0;0;;;;10;0;3;0;13;;;;16;26
"054014";"Collazzone";85;3;4;0;1;;;;8;0;3;0;10;;;;13;21
"054014";"Collazzone";86;1;7;0;1;;;;9;0;4;0;9;;;;13;22
"054014";"Collazzone";87;0;6;0;1;;;;7;0;2;0;12;;;;14;21
"054014";"Collazzone";88;0;3;0;1;;;;4;0;1;0;5;;;;6;10
"054014";"Collazzone";89;0;2;0;3;;;;5;0;3;0;9;;;;12;17
"054014";"Collazzone";90;1;1;0;1;;;;3;0;1;0;9;;;;10;13
"054014";"Collazzone";91;0;3;0;2;;;;5;0;2;0;4;;;;6;11
"054014";"Collazzone";92;2;1;0;0;;;;3;0;0;0;2;;;;2;5
"054014";"Collazzone";93;1;1;0;1;;;;3;0;1;0;9;;;;10;13
"054014";"Collazzone";94;0;2;0;1;;;;3;0;0;0;2;;;;2;5
"054014";"Collazzone";95;0;0;0;1;;;;1;0;0;0;2;;;;2;3
"054014";"Collazzone";96;0;0;0;0;;;;0;0;0;0;4;;;;4;4
"054014";"Collazzone";97;0;1;0;0;;;;1;0;0;0;3;;;;3;4
"054014";"Collazzone";98;0;0;0;0;;;;0;0;0;0;3;;;;3;3
"054014";"Collazzone";99;0;0;0;0;;;;0;0;0;0;1;;;;1;1
"054014";"Collazzone";100;0;0;0;0;;;;0;0;0;0;1;;;;1;1
"054014";"Collazzone";999;764;762;54;39;;;;1619;653;756;54;206;;;;1669;3288
"054015";"Corciano";0;64;0;0;0;0;0;0;64;50;0;0;0;0;0;0;50;114
"054015";"Corciano";1;69;0;0;0;0;0;0;69;61;0;0;0;0;0;0;61;130
"054015";"Corciano";2;69;0;0;0;0;0;0;69;76;0;0;0;0;0;0;76;145
"054015";"Corciano";3;80;0;0;0;0;0;0;80;73;0;0;0;0;0;0;73;153
"054015";"Corciano";4;76;0;0;0;0;0;0;76;87;0;0;0;0;0;0;87;163
"054015";"Corciano";5;101;0;0;0;0;0;0;101;85;0;0;0;0;0;0;85;186
"054015";"Corciano";6;96;0;0;0;0;0;0;96;84;0;0;0;0;0;0;84;180
"054015";"Corciano";7;93;0;0;0;0;0;0;93;107;0;0;0;0;0;0;107;200
"054015";"Corciano";8;120;0;0;0;0;0;0;120;109;0;0;0;0;0;0;109;229
"054015";"Corciano";9;111;0;0;0;0;0;0;111;95;0;0;0;0;0;0;95;206
"054015";"Corciano";10;112;0;0;0;0;0;0;112;94;0;0;0;0;0;0;94;206
"054015";"Corciano";11;110;0;0;0;0;0;0;110;104;0;0;0;0;0;0;104;214
"054015";"Corciano";12;124;0;0;0;0;0;0;124;126;0;0;0;0;0;0;126;250
"054015";"Corciano";13;118;0;0;0;0;0;0;118;116;0;0;0;0;0;0;116;234
"054015";"Corciano";14;143;0;0;0;0;0;0;143;120;0;0;0;0;0;0;120;263
"054015";"Corciano";15;129;0;0;0;0;0;0;129;122;0;0;0;0;0;0;122;251
"054015";"Corciano";16;113;0;0;0;0;0;0;113;124;0;0;0;0;0;0;124;237
"054015";"Corciano";17;148;0;0;0;0;0;0;148;111;0;0;0;0;0;0;111;259
"054015";"Corciano";18;104;0;0;0;0;0;0;104;119;0;0;0;0;0;0;119;223
"054015";"Corciano";19;112;0;0;0;0;0;0;112;116;0;0;0;0;0;0;116;228
"054015";"Corciano";20;102;1;0;0;0;0;0;103;87;0;0;0;0;0;0;87;190
"054015";"Corciano";21;125;0;0;0;0;0;0;125;105;0;0;0;0;0;0;105;230
"054015";"Corciano";22;116;0;0;0;0;0;0;116;107;1;0;0;0;0;0;108;224
"054015";"Corciano";23;114;1;0;0;0;0;0;115;89;2;0;0;0;0;0;91;206
"054015";"Corciano";24;98;0;0;0;0;0;0;98;107;4;0;0;0;0;0;111;209
"054015";"Corciano";25;122;0;0;0;1;0;0;123;90;1;0;0;0;0;0;91;214
"054015";"Corciano";26;100;3;0;0;0;0;0;103;97;5;0;0;0;0;0;102;205
"054015";"Corciano";27;103;5;0;0;0;0;0;108;87;8;0;0;0;0;0;95;203
"054015";"Corciano";28;105;2;0;0;0;0;0;107;92;9;1;0;0;0;0;102;209
"054015";"Corciano";29;105;9;0;0;0;0;0;114;76;11;0;0;0;0;0;87;201
"054015";"Corciano";30;82;9;0;0;0;0;0;91;68;18;2;0;0;0;0;88;179
"054015";"Corciano";31;110;13;0;0;1;0;0;124;83;18;0;0;0;0;0;101;225
"054015";"Corciano";32;114;15;0;0;0;0;0;129;66;41;2;0;0;0;0;109;238
"054015";"Corciano";33;76;15;1;0;1;0;0;93;76;44;0;0;0;0;0;120;213
"054015";"Corciano";34;73;33;1;0;0;0;0;107;58;51;3;0;1;0;0;113;220
"054015";"Corciano";35;80;40;0;1;1;0;0;122;67;60;4;0;0;0;0;131;253
"054015";"Corciano";36;82;48;2;0;0;0;0;132;64;64;3;1;0;0;0;132;264
"054015";"Corciano";37;61;57;1;0;1;0;0;120;59;56;1;0;0;0;0;116;236
"054015";"Corciano";38;73;54;2;0;0;0;0;129;74;64;5;0;0;0;0;143;272
"054015";"Corciano";39;75;70;3;0;0;0;0;148;46;65;6;1;0;0;0;118;266
"054015";"Corciano";40;65;58;1;0;0;0;0;124;58;79;4;0;0;0;0;141;265
"054015";"Corciano";41;66;70;7;1;0;0;0;144;44;92;10;0;1;0;0;147;291
"054015";"Corciano";42;56;54;7;1;0;0;0;118;58;80;4;2;1;0;0;145;263
"054015";"Corciano";43;54;74;6;0;0;0;0;134;42;109;7;0;1;0;0;159;293
"054015";"Corciano";44;66;74;3;0;0;0;0;143;57;92;17;4;0;0;0;170;313
"054015";"Corciano";45;71;78;6;0;1;0;0;156;53;117;10;6;0;0;0;186;342
"054015";"Corciano";46;58;83;7;0;0;0;0;148;51;116;10;2;0;0;0;179;327
"054015";"Corciano";47;69;108;4;0;0;0;0;181;40;105;16;5;1;0;0;167;348
"054015";"Corciano";48;57;105;15;1;0;0;0;178;48;125;13;1;0;0;0;187;365
"054015";"Corciano";49;45;110;8;2;0;0;0;165;53;127;18;4;1;0;0;203;368
"054015";"Corciano";50;54;130;12;0;0;0;0;196;39;123;18;6;0;0;0;186;382
"054015";"Corciano";51;61;120;12;2;2;0;0;197;38;126;16;3;0;0;0;183;380
"054015";"Corciano";52;43;110;13;2;0;0;0;168;43;134;17;3;0;0;0;197;365
"054015";"Corciano";53;46;116;8;2;0;0;0;172;38;144;17;3;0;0;0;202;374
"054015";"Corciano";54;44;127;9;1;0;0;0;181;27;132;16;12;0;0;0;187;368
"054015";"Corciano";55;36;132;15;1;1;0;0;185;27;91;22;7;0;0;0;147;332
"054015";"Corciano";56;18;122;15;3;1;0;0;159;25;131;24;6;0;0;0;186;345
"054015";"Corciano";57;22;130;13;2;0;0;0;167;36;140;16;6;0;0;0;198;365
"054015";"Corciano";58;24;123;18;1;1;0;0;167;31;131;15;2;0;0;0;179;346
"054015";"Corciano";59;23;130;8;2;0;0;0;163;31;122;14;8;1;0;0;176;339
"054015";"Corciano";60;16;114;14;1;0;0;0;145;16;106;24;7;0;0;0;153;298
"054015";"Corciano";61;18;102;17;2;1;0;0;140;14;134;14;10;0;0;0;172;312
"054015";"Corciano";62;19;120;12;2;0;0;0;153;23;121;13;13;0;0;0;170;323
"054015";"Corciano";63;16;99;15;3;0;0;0;133;6;105;12;13;0;0;0;136;269
"054015";"Corciano";64;15;105;5;1;0;0;0;126;8;101;17;11;0;0;0;137;263
"054015";"Corciano";65;4;87;13;5;0;0;0;109;12;106;13;7;0;0;0;138;247
"054015";"Corciano";66;6;83;6;4;0;0;0;99;9;82;12;11;0;0;0;114;213
"054015";"Corciano";67;2;94;10;6;0;0;0;112;11;84;10;17;0;0;0;122;234
"054015";"Corciano";68;7;93;12;5;1;0;0;118;7;106;6;13;0;0;0;132;250
"054015";"Corciano";69;10;97;7;4;0;0;0;118;9;84;6;22;0;0;0;121;239
"054015";"Corciano";70;7;90;7;4;0;0;0;108;13;93;4;13;0;0;0;123;231
"054015";"Corciano";71;8;90;7;8;0;0;0;113;7;95;6;22;1;0;0;131;244
"054015";"Corciano";72;9;86;5;2;0;0;0;102;4;81;5;22;0;0;0;112;214
"054015";"Corciano";73;1;74;3;4;0;0;0;82;5;87;7;26;0;0;0;125;207
"054015";"Corciano";74;2;87;5;11;0;0;0;105;7;75;6;33;0;0;0;121;226
"054015";"Corciano";75;7;101;2;5;0;0;0;115;7;75;9;31;0;0;0;122;237
"054015";"Corciano";76;3;109;1;8;0;0;0;121;1;73;7;36;0;0;0;117;238
"054015";"Corciano";77;2;87;5;8;0;0;0;102;7;66;7;47;0;0;0;127;229
"054015";"Corciano";78;5;84;3;17;0;0;0;109;4;57;5;30;0;0;0;96;205
"054015";"Corciano";79;3;59;1;8;0;0;0;71;3;33;3;30;0;0;0;69;140
"054015";"Corciano";80;2;46;3;11;0;0;0;62;4;41;4;40;0;0;0;89;151
"054015";"Corciano";81;7;37;2;11;0;0;0;57;3;36;2;35;0;0;0;76;133
"054015";"Corciano";82;4;47;1;8;0;0;0;60;2;43;3;44;0;0;0;92;152
"054015";"Corciano";83;2;48;1;13;0;0;0;64;4;30;2;42;0;0;0;78;142
"054015";"Corciano";84;3;45;4;6;0;0;0;58;2;29;1;58;0;0;0;90;148
"054015";"Corciano";85;4;42;0;7;0;0;0;53;1;26;2;47;0;0;0;76;129
"054015";"Corciano";86;4;38;1;8;0;0;0;51;3;21;1;51;0;0;0;76;127
"054015";"Corciano";87;3;28;1;6;0;0;0;38;1;11;2;36;0;0;0;50;88
"054015";"Corciano";88;1;33;1;9;0;0;0;44;0;11;1;36;0;0;0;48;92
"054015";"Corciano";89;0;17;0;8;0;0;0;25;0;5;0;40;0;0;0;45;70
"054015";"Corciano";90;0;15;0;3;0;0;0;18;0;8;2;42;0;0;0;52;70
"054015";"Corciano";91;0;12;1;5;0;0;0;18;0;5;0;27;0;0;0;32;50
"054015";"Corciano";92;0;10;0;7;0;0;0;17;1;2;0;26;0;0;0;29;46
"054015";"Corciano";93;1;5;0;3;0;0;0;9;1;0;0;20;0;0;0;21;30
"054015";"Corciano";94;0;3;0;1;0;0;0;4;1;0;0;13;0;0;0;14;18
"054015";"Corciano";95;0;3;0;3;0;0;0;6;0;1;0;10;0;0;0;11;17
"054015";"Corciano";96;0;2;0;1;0;0;0;3;0;0;0;5;0;0;0;5;8
"054015";"Corciano";97;0;0;0;1;0;0;0;1;0;0;0;9;0;0;0;9;10
"054015";"Corciano";98;0;1;0;1;0;0;0;2;0;0;0;11;0;0;0;11;13
"054015";"Corciano";99;0;0;0;0;0;0;0;0;0;0;0;5;0;0;0;5;5
"054015";"Corciano";100;0;0;0;1;0;0;0;1;0;0;0;5;0;0;0;5;6
"054015";"Corciano";999;5177;4722;362;243;13;0;0;10517;4612;4871;517;1098;8;0;0;11106;21623
"054016";"Costacciaro";0;0;0;0;0;;;;0;0;0;0;0;;;;0;0
"054016";"Costacciaro";1;2;0;0;0;;;;2;4;0;0;0;;;;4;6
"054016";"Costacciaro";2;1;0;0;0;;;;1;2;0;0;0;;;;2;3
"054016";"Costacciaro";3;6;0;0;0;;;;6;2;0;0;0;;;;2;8
"054016";"Costacciaro";4;2;0;0;0;;;;2;1;0;0;0;;;;1;3
"054016";"Costacciaro";5;1;0;0;0;;;;1;2;0;0;0;;;;2;3
"054016";"Costacciaro";6;2;0;0;0;;;;2;2;0;0;0;;;;2;4
"054016";"Costacciaro";7;2;0;0;0;;;;2;1;0;0;0;;;;1;3
"054016";"Costacciaro";8;1;0;0;0;;;;1;3;0;0;0;;;;3;4
"054016";"Costacciaro";9;2;0;0;0;;;;2;1;0;0;0;;;;1;3
"054016";"Costacciaro";10;6;0;0;0;;;;6;3;0;0;0;;;;3;9
"054016";"Costacciaro";11;3;0;0;0;;;;3;1;0;0;0;;;;1;4
"054016";"Costacciaro";12;6;0;0;0;;;;6;2;0;0;0;;;;2;8
"054016";"Costacciaro";13;5;0;0;0;;;;5;0;0;0;0;;;;0;5
"054016";"Costacciaro";14;6;0;0;0;;;;6;9;0;0;0;;;;9;15
"054016";"Costacciaro";15;4;0;0;0;;;;4;1;0;0;0;;;;1;5
"054016";"Costacciaro";16;2;0;0;0;;;;2;5;0;0;0;;;;5;7
"054016";"Costacciaro";17;5;0;0;0;;;;5;7;0;0;0;;;;7;12
"054016";"Costacciaro";18;5;0;0;0;;;;5;0;0;0;0;;;;0;5
"054016";"Costacciaro";19;4;0;0;0;;;;4;5;0;0;0;;;;5;9
"054016";"Costacciaro";20;5;0;0;0;;;;5;8;0;0;0;;;;8;13
"054016";"Costacciaro";21;3;0;0;0;;;;3;7;0;0;0;;;;7;10
"054016";"Costacciaro";22;0;0;0;0;;;;0;2;0;0;0;;;;2;2
"054016";"Costacciaro";23;4;0;0;0;;;;4;4;0;0;0;;;;4;8
"054016";"Costacciaro";24;7;0;0;0;;;;7;2;0;0;0;;;;2;9
"054016";"Costacciaro";25;2;0;0;0;;;;2;2;0;0;0;;;;2;4
"054016";"Costacciaro";26;6;1;0;0;;;;7;3;2;0;0;;;;5;12
"054016";"Costacciaro";27;1;1;0;0;;;;2;2;1;0;0;;;;3;5
"054016";"Costacciaro";28;7;1;0;0;;;;8;4;0;0;0;;;;4;12
"054016";"Costacciaro";29;3;0;0;0;;;;3;5;0;0;0;;;;5;8
"054016";"Costacciaro";30;3;0;0;0;;;;3;5;1;0;0;;;;6;9
"054016";"Costacciaro";31;3;1;0;0;;;;4;4;1;0;0;;;;5;9
"054016";"Costacciaro";32;1;0;0;0;;;;1;1;1;0;0;;;;2;3
"054016";"Costacciaro";33;6;1;0;0;;;;7;4;1;0;0;;;;5;12
"054016";"Costacciaro";34;2;1;0;0;;;;3;2;3;0;0;;;;5;8
"054016";"Costacciaro";35;3;3;0;0;;;;6;0;1;0;0;;;;1;7
"054016";"Costacciaro";36;2;0;0;0;;;;2;4;2;0;0;;;;6;8
"054016";"Costacciaro";37;9;2;0;0;;;;11;0;1;2;0;;;;3;14
"054016";"Costacciaro";38;3;2;0;0;;;;5;4;1;0;0;;;;5;10
"054016";"Costacciaro";39;1;3;0;0;;;;4;2;5;0;1;;;;8;12
"054016";"Costacciaro";40;4;1;1;0;;;;6;4;2;0;0;;;;6;12
"054016";"Costacciaro";41;8;4;0;0;;;;12;1;2;0;0;;;;3;15
"054016";"Costacciaro";42;2;2;0;0;;;;4;1;2;1;0;;;;4;8
"054016";"Costacciaro";43;1;2;0;0;;;;3;3;4;0;1;;;;8;11
"054016";"Costacciaro";44;5;2;1;0;;;;8;1;7;2;0;;;;10;18
"054016";"Costacciaro";45;4;2;0;0;;;;6;0;1;1;0;;;;2;8
"054016";"Costacciaro";46;5;4;1;0;;;;10;3;2;0;0;;;;5;15
"054016";"Costacciaro";47;5;2;0;0;;;;7;3;2;0;0;;;;5;12
"054016";"Costacciaro";48;0;4;0;0;;;;4;2;1;0;0;;;;3;7
"054016";"Costacciaro";49;3;3;1;0;;;;7;2;7;3;0;;;;12;19
"054016";"Costacciaro";50;7;5;2;0;;;;14;1;3;0;0;;;;4;18
"054016";"Costacciaro";51;4;3;1;0;;;;8;0;5;1;0;;;;6;14
"054016";"Costacciaro";52;1;12;1;0;;;;14;2;8;1;0;;;;11;25
"054016";"Costacciaro";53;0;3;1;0;;;;4;0;6;0;0;;;;6;10
"054016";"Costacciaro";54;4;4;0;0;;;;8;1;11;1;1;;;;14;22
"054016";"Costacciaro";55;1;4;1;0;;;;6;0;5;1;1;;;;7;13
"054016";"Costacciaro";56;4;5;0;0;;;;9;3;4;0;1;;;;8;17
"054016";"Costacciaro";57;3;11;0;0;;;;14;2;5;1;1;;;;9;23
"054016";"Costacciaro";58;1;6;0;0;;;;7;1;6;0;0;;;;7;14
"054016";"Costacciaro";59;0;9;0;0;;;;9;1;9;2;3;;;;15;24
"054016";"Costacciaro";60;5;3;0;0;;;;8;0;4;1;1;;;;6;14
"054016";"Costacciaro";61;4;4;0;0;;;;8;1;10;2;2;;;;15;23
"054016";"Costacciaro";62;2;3;0;0;;;;5;1;7;1;0;;;;9;14
"054016";"Costacciaro";63;0;7;1;0;;;;8;1;6;0;4;;;;11;19
"054016";"Costacciaro";64;1;7;1;0;;;;9;0;2;1;1;;;;4;13
"054016";"Costacciaro";65;3;7;0;0;;;;10;1;4;1;1;;;;7;17
"054016";"Costacciaro";66;1;4;0;0;;;;5;0;5;0;2;;;;7;12
"054016";"Costacciaro";67;2;8;0;1;;;;11;1;7;0;3;;;;11;22
"054016";"Costacciaro";68;0;6;0;0;;;;6;1;7;1;3;;;;12;18
"054016";"Costacciaro";69;2;6;0;1;;;;9;0;9;0;2;;;;11;20
"054016";"Costacciaro";70;0;6;1;1;;;;8;0;2;0;0;;;;2;10
"054016";"Costacciaro";71;1;4;1;1;;;;7;0;1;0;0;;;;1;8
"054016";"Costacciaro";72;0;6;0;0;;;;6;0;4;1;1;;;;6;12
"054016";"Costacciaro";73;1;6;0;0;;;;7;0;7;1;2;;;;10;17
"054016";"Costacciaro";74;2;7;0;0;;;;9;0;5;0;4;;;;9;18
"054016";"Costacciaro";75;0;4;0;1;;;;5;1;6;0;1;;;;8;13
"054016";"Costacciaro";76;1;5;1;2;;;;9;0;7;1;2;;;;10;19
"054016";"Costacciaro";77;0;4;0;0;;;;4;0;2;0;2;;;;4;8
"054016";"Costacciaro";78;0;9;0;1;;;;10;0;6;1;2;;;;9;19
"054016";"Costacciaro";79;1;2;0;0;;;;3;0;3;0;3;;;;6;9
"054016";"Costacciaro";80;0;2;0;0;;;;2;0;4;0;3;;;;7;9
"054016";"Costacciaro";81;3;5;0;2;;;;10;1;3;0;6;;;;10;20
"054016";"Costacciaro";82;2;4;0;0;;;;6;0;1;1;2;;;;4;10
"054016";"Costacciaro";83;0;3;0;1;;;;4;0;2;1;7;;;;10;14
"054016";"Costacciaro";84;0;1;0;0;;;;1;0;2;0;6;;;;8;9
"054016";"Costacciaro";85;0;6;0;1;;;;7;0;1;0;5;;;;6;13
"054016";"Costacciaro";86;2;1;0;1;;;;4;1;0;0;1;;;;2;6
"054016";"Costacciaro";87;1;2;0;1;;;;4;0;1;0;4;;;;5;9
"054016";"Costacciaro";88;0;2;0;0;;;;2;0;1;0;5;;;;6;8
"054016";"Costacciaro";89;0;2;0;0;;;;2;0;0;0;7;;;;7;9
"054016";"Costacciaro";90;0;1;0;0;;;;1;0;1;0;1;;;;2;3
"054016";"Costacciaro";91;0;2;0;1;;;;3;1;0;0;3;;;;4;7
"054016";"Costacciaro";92;0;0;0;0;;;;0;0;0;0;1;;;;1;1
"054016";"Costacciaro";93;0;0;0;0;;;;0;0;0;0;3;;;;3;3
"054016";"Costacciaro";94;0;0;0;0;;;;0;0;0;0;0;;;;0;0
"054016";"Costacciaro";95;0;1;0;0;;;;1;0;0;0;1;;;;1;2
"054016";"Costacciaro";96;0;0;0;1;;;;1;0;0;0;2;;;;2;3
"054016";"Costacciaro";97;0;0;0;0;;;;0;0;0;0;2;;;;2;2
"054016";"Costacciaro";98;0;0;0;0;;;;0;0;0;0;0;;;;0;0
"054016";"Costacciaro";99;0;0;0;0;;;;0;0;0;0;1;;;;1;1
"054016";"Costacciaro";100;0;0;0;0;;;;0;0;0;0;1;;;;1;1
"054016";"Costacciaro";999;232;244;15;16;;;;507;157;232;29;106;;;;524;1031
"054017";"Deruta";0;31;0;0;0;;;;31;30;0;0;0;;;;30;61
"054017";"Deruta";1;28;0;0;0;;;;28;24;0;0;0;;;;24;52
"054017";"Deruta";2;34;0;0;0;;;;34;22;0;0;0;;;;22;56
"054017";"Deruta";3;50;0;0;0;;;;50;29;0;0;0;;;;29;79
"054017";"Deruta";4;31;0;0;0;;;;31;27;0;0;0;;;;27;58
"054017";"Deruta";5;24;0;0;0;;;;24;39;0;0;0;;;;39;63
"054017";"Deruta";6;46;0;0;0;;;;46;30;0;0;0;;;;30;76
"054017";"Deruta";7;47;0;0;0;;;;47;43;0;0;0;;;;43;90
"054017";"Deruta";8;46;0;0;0;;;;46;39;0;0;0;;;;39;85
"054017";"Deruta";9;44;0;0;0;;;;44;30;0;0;0;;;;30;74
"054017";"Deruta";10;38;0;0;0;;;;38;34;0;0;0;;;;34;72
"054017";"Deruta";11;55;0;0;0;;;;55;43;0;0;0;;;;43;98
"054017";"Deruta";12;46;0;0;0;;;;46;64;0;0;0;;;;64;110
"054017";"Deruta";13;57;0;0;0;;;;57;48;0;0;0;;;;48;105
"054017";"Deruta";14;45;0;0;0;;;;45;42;0;0;0;;;;42;87
"054017";"Deruta";15;50;0;0;0;;;;50;44;0;0;0;;;;44;94
"054017";"Deruta";16;43;0;0;0;;;;43;47;0;0;0;;;;47;90
"054017";"Deruta";17;44;0;0;0;;;;44;52;0;0;0;;;;52;96
"054017";"Deruta";18;63;0;0;0;;;;63;64;0;0;0;;;;64;127
"054017";"Deruta";19;54;0;0;0;;;;54;45;0;0;0;;;;45;99
"054017";"Deruta";20;45;0;0;0;;;;45;44;0;0;0;;;;44;89
"054017";"Deruta";21;61;0;0;0;;;;61;46;0;0;0;;;;46;107
"054017";"Deruta";22;48;1;0;0;;;;49;33;1;0;0;;;;34;83
"054017";"Deruta";23;47;0;0;0;;;;47;52;0;0;0;;;;52;99
"054017";"Deruta";24;49;1;0;0;;;;50;36;1;0;0;;;;37;87
"054017";"Deruta";25;44;1;0;0;;;;45;33;1;0;0;;;;34;79
"054017";"Deruta";26;59;1;0;0;;;;60;39;6;0;0;;;;45;105
"054017";"Deruta";27;56;0;0;0;;;;56;38;9;0;0;;;;47;103
"054017";"Deruta";28;41;2;0;0;;;;43;24;2;1;0;;;;27;70
"054017";"Deruta";29;37;4;0;0;;;;41;39;10;0;0;;;;49;90
"054017";"Deruta";30;41;6;0;0;;;;47;34;8;0;0;;;;42;89
"054017";"Deruta";31;45;3;0;0;;;;48;22;9;0;0;;;;31;79
"054017";"Deruta";32;30;6;0;0;;;;36;24;16;0;0;;;;40;76
"054017";"Deruta";33;34;6;0;0;;;;40;25;18;0;0;;;;43;83
"054017";"Deruta";34;40;11;1;0;;;;52;19;22;0;0;;;;41;93
"054017";"Deruta";35;39;14;0;0;;;;53;21;22;0;2;;;;45;98
"054017";"Deruta";36;29;19;0;0;;;;48;22;28;1;0;;;;51;99
"054017";"Deruta";37;33;18;0;0;;;;51;24;24;3;1;;;;52;103
"054017";"Deruta";38;30;22;4;0;;;;56;23;34;1;1;;;;59;115
"054017";"Deruta";39;25;27;2;0;;;;54;20;30;3;0;;;;53;107
"054017";"Deruta";40;39;23;1;0;;;;63;24;30;4;0;;;;58;121
"054017";"Deruta";41;38;30;2;0;;;;70;17;49;5;0;;;;71;141
"054017";"Deruta";42;33;38;0;0;;;;71;27;30;3;1;;;;61;132
"054017";"Deruta";43;25;40;3;0;;;;68;16;55;4;2;;;;77;145
"054017";"Deruta";44;25;39;1;1;;;;66;19;34;5;1;;;;59;125
"054017";"Deruta";45;24;36;6;2;;;;68;13;43;5;0;;;;61;129
"054017";"Deruta";46;22;37;5;0;;;;64;16;43;3;1;;;;63;127
"054017";"Deruta";47;15;49;2;1;;;;67;14;61;6;0;;;;81;148
"054017";"Deruta";48;16;49;11;0;;;;76;14;48;6;0;;;;68;144
"054017";"Deruta";49;30;55;9;1;;;;95;19;63;2;0;;;;84;179
"054017";"Deruta";50;19;45;0;0;;;;64;21;69;6;0;;;;96;160
"054017";"Deruta";51;22;59;1;0;;;;82;22;49;5;1;;;;77;159
"054017";"Deruta";52;12;50;7;0;;;;69;15;58;4;2;;;;79;148
"054017";"Deruta";53;20;57;4;0;;;;81;13;60;7;0;;;;80;161
"054017";"Deruta";54;20;50;2;0;;;;72;9;62;9;3;;;;83;155
"054017";"Deruta";55;11;48;6;0;;;;65;12;50;12;0;;;;74;139
"054017";"Deruta";56;18;53;7;1;;;;79;14;54;10;4;;;;82;161
"054017";"Deruta";57;10;68;3;1;;;;82;11;55;9;2;;;;77;159
"054017";"Deruta";58;13;61;3;1;;;;78;10;58;6;6;;;;80;158
"054017";"Deruta";59;18;57;6;2;;;;83;7;53;8;5;;;;73;156
"054017";"Deruta";60;15;44;6;1;;;;66;8;49;7;3;;;;67;133
"054017";"Deruta";61;12;53;7;2;;;;74;7;57;7;5;;;;76;150
"054017";"Deruta";62;6;49;4;1;;;;60;4;47;8;2;;;;61;121
"054017";"Deruta";63;7;47;3;1;;;;58;6;45;6;2;;;;59;117
"054017";"Deruta";64;3;41;4;3;;;;51;4;46;8;8;;;;66;117
"054017";"Deruta";65;13;48;7;2;;;;70;6;47;7;8;;;;68;138
"054017";"Deruta";66;13;42;4;2;;;;61;9;45;5;7;;;;66;127
"054017";"Deruta";67;2;47;4;2;;;;55;2;48;2;10;;;;62;117
"054017";"Deruta";68;13;38;3;0;;;;54;4;54;5;6;;;;69;123
"054017";"Deruta";69;7;33;1;2;;;;43;1;53;5;8;;;;67;110
"054017";"Deruta";70;6;39;1;1;;;;47;3;39;3;8;;;;53;100
"054017";"Deruta";71;6;50;3;3;;;;62;4;45;8;8;;;;65;127
"054017";"Deruta";72;8;48;2;2;;;;60;1;30;3;10;;;;44;104
"054017";"Deruta";73;3;46;3;1;;;;53;2;33;2;9;;;;46;99
"054017";"Deruta";74;2;53;3;5;;;;63;2;44;1;15;;;;62;125
"054017";"Deruta";75;0;45;3;2;;;;50;2;36;1;20;;;;59;109
"054017";"Deruta";76;4;43;0;2;;;;49;2;31;2;19;;;;54;103
"054017";"Deruta";77;5;31;0;4;;;;40;2;26;2;16;;;;46;86
"054017";"Deruta";78;2;35;1;5;;;;43;2;36;1;15;;;;54;97
"054017";"Deruta";79;3;19;1;2;;;;25;2;20;1;19;;;;42;67
"054017";"Deruta";80;2;37;1;10;;;;50;1;12;3;25;;;;41;91
"054017";"Deruta";81;3;30;1;4;;;;38;1;18;1;20;;;;40;78
"054017";"Deruta";82;2;22;0;5;;;;29;1;16;0;20;;;;37;66
"054017";"Deruta";83;3;22;0;5;;;;30;1;19;0;14;;;;34;64
"054017";"Deruta";84;2;24;0;5;;;;31;1;17;0;20;;;;38;69
"054017";"Deruta";85;0;20;2;4;;;;26;1;12;1;18;;;;32;58
"054017";"Deruta";86;2;22;1;3;;;;28;1;12;1;23;;;;37;65
"054017";"Deruta";87;0;19;1;3;;;;23;0;8;1;26;;;;35;58
"054017";"Deruta";88;0;9;0;4;;;;13;1;1;0;14;;;;16;29
"054017";"Deruta";89;1;15;0;1;;;;17;1;1;1;19;;;;22;39
"054017";"Deruta";90;1;7;1;5;;;;14;2;1;0;30;;;;33;47
"054017";"Deruta";91;0;3;0;3;;;;6;1;0;0;12;;;;13;19
"054017";"Deruta";92;0;1;0;1;;;;2;1;1;0;9;;;;11;13
"054017";"Deruta";93;1;4;0;3;;;;8;0;2;0;14;;;;16;24
"054017";"Deruta";94;0;2;0;2;;;;4;1;1;0;15;;;;17;21
"054017";"Deruta";95;0;0;0;1;;;;1;0;0;0;13;;;;13;14
"054017";"Deruta";96;0;0;0;2;;;;2;0;1;0;5;;;;6;8
"054017";"Deruta";97;0;2;0;2;;;;4;0;1;0;6;;;;7;11
"054017";"Deruta";98;0;1;0;0;;;;1;0;0;0;6;;;;6;7
"054017";"Deruta";99;0;0;0;0;;;;0;0;0;0;2;;;;2;2
"054017";"Deruta";100;0;0;0;1;;;;1;0;0;0;3;;;;3;4
"054017";"Deruta";999;2286;2177;153;117;;;;4733;1814;2219;220;544;;;;4797;9530
"054018";"Foligno";0;160;0;0;0;0;0;0;160;156;0;0;0;0;0;0;156;316
"054018";"Foligno";1;190;0;0;0;0;0;0;190;167;0;0;0;0;0;0;167;357
"054018";"Foligno";2;176;0;0;0;0;0;0;176;167;0;0;0;0;0;0;167;343
"054018";"Foligno";3;175;0;0;0;0;0;0;175;195;0;0;0;0;0;0;195;370
"054018";"Foligno";4;206;0;0;0;0;0;0;206;167;0;0;0;0;0;0;167;373
"054018";"Foligno";5;200;0;0;0;0;0;0;200;190;0;0;0;0;0;0;190;390
"054018";"Foligno";6;205;0;0;0;0;0;0;205;198;0;0;0;0;0;0;198;403
"054018";"Foligno";7;208;0;0;0;0;0;0;208;185;0;0;0;0;0;0;185;393
"054018";"Foligno";8;222;0;0;0;0;0;0;222;224;0;0;0;0;0;0;224;446
"054018";"Foligno";9;220;0;0;0;0;0;0;220;238;0;0;0;0;0;0;238;458
"054018";"Foligno";10;230;0;0;0;0;0;0;230;241;0;0;0;0;0;0;241;471
"054018";"Foligno";11;284;0;0;0;0;0;0;284;235;0;0;0;0;0;0;235;519
"054018";"Foligno";12;293;0;0;0;0;0;0;293;261;0;0;0;0;0;0;261;554
"054018";"Foligno";13;259;0;0;0;0;0;0;259;248;0;0;0;0;0;0;248;507
"054018";"Foligno";14;276;0;0;0;0;0;0;276;260;0;0;0;0;0;0;260;536
"054018";"Foligno";15;302;0;0;0;0;0;0;302;284;0;0;0;0;0;0;284;586
"054018";"Foligno";16;292;0;0;0;0;0;0;292;290;0;0;0;0;0;0;290;582
"054018";"Foligno";17;272;0;0;0;0;0;0;272;246;0;0;0;0;0;0;246;518
"054018";"Foligno";18;284;0;0;0;0;0;0;284;248;0;0;0;0;0;0;248;532
"054018";"Foligno";19;298;0;0;0;0;0;0;298;260;0;0;0;0;0;0;260;558
"054018";"Foligno";20;268;0;0;0;0;0;0;268;253;3;0;0;0;0;0;256;524
"054018";"Foligno";21;278;0;0;0;0;0;0;278;220;6;0;0;0;0;0;226;504
"054018";"Foligno";22;266;1;0;0;0;0;0;267;241;10;0;0;0;0;0;251;518
"054018";"Foligno";23;277;1;0;0;0;0;0;278;226;10;0;0;0;0;0;236;514
"054018";"Foligno";24;251;0;0;0;0;0;0;251;235;10;0;0;0;0;0;245;496
"054018";"Foligno";25;267;9;0;0;0;0;0;276;221;24;0;0;0;0;0;245;521
"054018";"Foligno";26;274;17;0;0;0;0;0;291;203;30;0;0;0;0;0;233;524
"054018";"Foligno";27;249;23;0;0;0;0;0;272;213;32;0;0;0;0;0;245;517
"054018";"Foligno";28;273;20;0;0;0;0;0;293;196;48;1;0;0;0;0;245;538
"054018";"Foligno";29;262;24;2;0;0;0;0;288;206;54;4;0;0;0;0;264;552
"054018";"Foligno";30;250;29;0;0;0;0;0;279;181;59;0;0;0;0;0;240;519
"054018";"Foligno";31;239;43;2;1;0;0;0;285;190;81;0;0;0;0;0;271;556
"054018";"Foligno";32;225;53;2;0;0;0;0;280;192;87;3;0;0;0;0;282;562
"054018";"Foligno";33;219;56;2;0;0;0;0;277;176;116;4;1;0;0;0;297;574
"054018";"Foligno";34;207;66;2;0;0;0;0;275;186;114;6;1;0;0;1;308;583
"054018";"Foligno";35;202;113;1;0;0;0;0;316;137;131;5;0;0;0;0;273;589
"054018";"Foligno";36;212;90;2;0;0;0;0;304;173;132;5;0;0;0;0;310;614
"054018";"Foligno";37;152;88;4;0;0;0;0;244;123;154;8;2;0;0;0;287;531
"054018";"Foligno";38;194;108;3;0;0;0;0;305;142;158;14;2;0;0;0;316;621
"054018";"Foligno";39;172;140;6;0;0;0;0;318;151;190;12;3;0;0;0;356;674
"054018";"Foligno";40;164;158;6;1;1;0;0;330;139;201;11;3;1;0;0;355;685
"054018";"Foligno";41;175;164;1;0;0;0;0;340;139;205;19;1;0;0;0;364;704
"054018";"Foligno";42;169;183;8;0;0;0;0;360;147;189;18;1;0;0;0;355;715
"054018";"Foligno";43;165;161;11;2;1;0;0;340;131;244;20;2;1;0;0;398;738
"054018";"Foligno";44;141;224;5;0;0;0;0;370;108;214;27;6;0;0;0;355;725
"054018";"Foligno";45;137;215;19;0;0;0;0;371;110;218;23;6;1;0;0;358;729
"054018";"Foligno";46;144;207;20;1;0;0;0;372;115;255;33;5;1;0;0;409;781
"054018";"Foligno";47;147;229;9;1;1;0;0;387;115;235;33;8;0;0;0;391;778
"054018";"Foligno";48;152;241;20;1;0;0;0;414;121;265;30;8;1;0;0;425;839
"054018";"Foligno";49;148;260;18;1;0;0;0;427;124;300;50;7;1;0;0;482;909
"054018";"Foligno";50;139;268;29;1;0;0;0;437;119;314;29;7;1;0;0;470;907
"054018";"Foligno";51;125;272;24;5;0;0;0;426;114;310;37;6;0;0;0;467;893
"054018";"Foligno";52;122;298;27;2;0;0;0;449;98;305;36;9;0;0;0;448;897
"054018";"Foligno";53;108;272;37;1;1;0;0;419;92;283;45;10;0;0;0;430;849
"054018";"Foligno";54;93;274;33;1;0;0;0;401;84;257;45;15;0;0;0;401;802
"054018";"Foligno";55;81;264;25;6;0;0;0;376;87;319;44;6;0;0;0;456;832
"054018";"Foligno";56;79;272;35;2;0;0;0;388;85;280;46;13;0;0;0;424;812
"054018";"Foligno";57;85;279;34;3;0;0;0;401;85;314;50;15;0;0;0;464;865
"054018";"Foligno";58;68;260;33;5;1;0;0;367;65;325;46;17;0;0;0;453;820
"054018";"Foligno";59;80;307;44;5;0;0;0;436;70;298;49;20;1;0;0;438;874
"054018";"Foligno";60;71;327;53;3;0;0;0;454;65;315;51;25;0;0;0;456;910
"054018";"Foligno";61;59;317;33;10;0;0;0;419;67;300;40;25;0;0;0;432;851
"054018";"Foligno";62;57;275;34;5;0;0;0;371;57;307;44;25;0;0;0;433;804
"054018";"Foligno";63;53;264;35;4;0;0;0;356;59;286;50;30;0;0;0;425;781
"054018";"Foligno";64;44;267;26;6;0;0;0;343;51;304;43;29;0;0;0;427;770
"054018";"Foligno";65;39;279;30;7;0;0;0;355;43;250;39;41;0;0;0;373;728
"054018";"Foligno";66;39;276;25;10;0;0;0;350;37;276;28;47;0;0;0;388;738
"054018";"Foligno";67;37;260;17;7;0;0;0;321;37;247;30;50;0;0;0;364;685
"054018";"Foligno";68;31;286;18;9;0;0;0;344;51;254;24;54;1;0;0;384;728
"054018";"Foligno";69;31;282;30;11;0;0;0;354;27;251;21;57;0;0;0;356;710
"054018";"Foligno";70;19;258;25;11;0;0;0;313;29;210;28;53;0;0;0;320;633
"054018";"Foligno";71;34;234;11;9;0;0;0;288;31;230;24;62;0;0;0;347;635
"054018";"Foligno";72;27;233;14;19;0;0;0;293;32;177;21;68;0;0;0;298;591
"054018";"Foligno";73;20;245;10;17;0;0;0;292;26;237;18;87;0;0;0;368;660
"054018";"Foligno";74;22;231;10;20;0;0;0;283;21;212;17;85;0;0;0;335;618
"054018";"Foligno";75;13;239;16;23;0;0;0;291;28;219;31;97;1;0;0;376;667
"054018";"Foligno";76;18;286;15;24;0;0;0;343;25;216;16;101;0;0;0;358;701
"054018";"Foligno";77;23;225;8;19;0;0;0;275;26;201;13;106;0;0;0;346;621
"054018";"Foligno";78;24;226;8;28;0;0;0;286;21;195;12;131;0;0;0;359;645
"054018";"Foligno";79;15;156;8;16;0;0;0;195;11;139;13;114;1;0;0;278;473
"054018";"Foligno";80;11;159;5;28;0;0;0;203;18;127;6;142;0;0;0;293;496
"054018";"Foligno";81;8;164;3;30;0;0;0;205;10;123;7;120;0;0;0;260;465
"054018";"Foligno";82;11;155;4;25;0;0;0;195;9;108;7;120;0;0;0;244;439
"054018";"Foligno";83;12;155;4;29;0;0;0;200;13;83;9;127;0;0;0;232;432
"054018";"Foligno";84;14;139;1;35;0;0;0;189;14;68;12;151;0;0;0;245;434
"054018";"Foligno";85;16;97;1;26;0;0;0;140;17;76;4;158;0;0;0;255;395
"054018";"Foligno";86;8;127;2;33;0;0;0;170;4;62;5;151;0;0;0;222;392
"054018";"Foligno";87;4;76;1;35;0;0;0;116;9;39;5;136;0;0;0;189;305
"054018";"Foligno";88;3;64;2;29;0;0;0;98;14;33;2;147;0;0;0;196;294
"054018";"Foligno";89;4;42;0;25;0;0;0;71;11;25;2;124;0;0;0;162;233
"054018";"Foligno";90;4;43;0;20;0;0;0;67;8;17;2;110;0;0;0;137;204
"054018";"Foligno";91;2;43;0;24;0;0;0;69;3;14;2;113;0;0;0;132;201
"054018";"Foligno";92;2;25;1;20;0;0;0;48;3;7;3;92;0;0;0;105;153
"054018";"Foligno";93;0;17;0;10;0;0;0;27;8;3;2;74;0;0;0;87;114
"054018";"Foligno";94;0;16;0;8;0;0;0;24;1;5;0;80;0;0;0;86;110
"054018";"Foligno";95;2;8;0;14;0;0;0;24;5;3;2;60;0;0;0;70;94
"054018";"Foligno";96;3;4;0;2;0;0;0;9;2;2;0;39;0;0;0;43;52
"054018";"Foligno";97;0;1;0;10;0;0;0;11;4;0;1;38;0;0;0;43;54
"054018";"Foligno";98;0;2;0;7;0;0;0;9;1;0;0;22;0;0;0;23;32
"054018";"Foligno";99;0;1;0;5;0;0;0;6;2;0;0;18;0;0;0;20;26
"054018";"Foligno";100;0;3;0;3;0;0;0;6;1;0;0;25;0;0;0;26;32
"054018";"Foligno";999;12791;12196;914;715;5;0;0;26621;11374;12401;1387;3508;11;0;1;28682;55303
"054019";"Fossato di Vico";0;3;0;0;0;;;;3;7;0;0;0;;;;7;10
"054019";"Fossato di Vico";1;5;0;0;0;;;;5;13;0;0;0;;;;13;18
"054019";"Fossato di Vico";2;10;0;0;0;;;;10;2;0;0;0;;;;2;12
"054019";"Fossato di Vico";3;9;0;0;0;;;;9;4;0;0;0;;;;4;13
"054019";"Fossato di Vico";4;4;0;0;0;;;;4;10;0;0;0;;;;10;14
"054019";"Fossato di Vico";5;9;0;0;0;;;;9;10;0;0;0;;;;10;19
"054019";"Fossato di Vico";6;8;0;0;0;;;;8;12;0;0;0;;;;12;20
"054019";"Fossato di Vico";7;7;0;0;0;;;;7;8;0;0;0;;;;8;15
"054019";"Fossato di Vico";8;6;0;0;0;;;;6;9;0;0;0;;;;9;15
"054019";"Fossato di Vico";9;10;0;0;0;;;;10;10;0;0;0;;;;10;20
"054019";"Fossato di Vico";10;15;0;0;0;;;;15;9;0;0;0;;;;9;24
"054019";"Fossato di Vico";11;8;0;0;0;;;;8;8;0;0;0;;;;8;16
"054019";"Fossato di Vico";12;13;0;0;0;;;;13;15;0;0;0;;;;15;28
"054019";"Fossato di Vico";13;16;0;0;0;;;;16;8;0;0;0;;;;8;24
"054019";"Fossato di Vico";14;18;0;0;0;;;;18;10;0;0;0;;;;10;28
"054019";"Fossato di Vico";15;15;0;0;0;;;;15;14;0;0;0;;;;14;29
"054019";"Fossato di Vico";16;14;0;0;0;;;;14;7;0;0;0;;;;7;21
"054019";"Fossato di Vico";17;22;0;0;0;;;;22;9;0;0;0;;;;9;31
"054019";"Fossato di Vico";18;10;0;0;0;;;;10;16;0;0;0;;;;16;26
"054019";"Fossato di Vico";19;12;0;0;0;;;;12;14;0;0;0;;;;14;26
"054019";"Fossato di Vico";20;13;0;0;0;;;;13;13;0;0;0;;;;13;26
"054019";"Fossato di Vico";21;10;0;0;0;;;;10;8;0;0;0;;;;8;18
"054019";"Fossato di Vico";22;18;0;0;0;;;;18;8;0;0;0;;;;8;26
"054019";"Fossato di Vico";23;17;0;0;0;;;;17;5;2;0;0;;;;7;24
"054019";"Fossato di Vico";24;17;0;0;0;;;;17;11;0;0;0;;;;11;28
"054019";"Fossato di Vico";25;13;0;0;0;;;;13;6;1;0;0;;;;7;20
"054019";"Fossato di Vico";26;12;0;0;0;;;;12;13;0;0;0;;;;13;25
"054019";"Fossato di Vico";27;12;0;0;0;;;;12;5;2;0;0;;;;7;19
"054019";"Fossato di Vico";28;10;0;0;0;;;;10;5;1;0;0;;;;6;16
"054019";"Fossato di Vico";29;19;3;0;0;;;;22;3;5;0;0;;;;8;30
"054019";"Fossato di Vico";30;10;3;0;0;;;;13;8;5;0;0;;;;13;26
"054019";"Fossato di Vico";31;12;0;0;0;;;;12;4;5;0;0;;;;9;21
"054019";"Fossato di Vico";32;6;2;0;0;;;;8;11;2;0;0;;;;13;21
"054019";"Fossato di Vico";33;8;4;0;0;;;;12;9;5;1;0;;;;15;27
"054019";"Fossato di Vico";34;10;0;0;0;;;;10;7;7;0;0;;;;14;24
"054019";"Fossato di Vico";35;10;3;0;0;;;;13;5;3;0;0;;;;8;21
"054019";"Fossato di Vico";36;6;8;1;0;;;;15;3;5;1;0;;;;9;24
"054019";"Fossato di Vico";37;5;2;1;0;;;;8;3;8;1;0;;;;12;20
"054019";"Fossato di Vico";38;0;7;1;0;;;;8;5;2;4;0;;;;11;19
"054019";"Fossato di Vico";39;10;2;1;0;;;;13;6;7;2;1;;;;16;29
"054019";"Fossato di Vico";40;10;12;0;0;;;;22;6;7;0;0;;;;13;35
"054019";"Fossato di Vico";41;7;6;0;0;;;;13;6;15;2;0;;;;23;36
"054019";"Fossato di Vico";42;7;11;0;0;;;;18;7;15;2;0;;;;24;42
"054019";"Fossato di Vico";43;3;7;1;0;;;;11;3;12;1;0;;;;16;27
"054019";"Fossato di Vico";44;5;7;1;0;;;;13;5;9;1;0;;;;15;28
"054019";"Fossato di Vico";45;1;11;3;0;;;;15;6;10;1;0;;;;17;32
"054019";"Fossato di Vico";46;5;15;2;0;;;;22;7;9;3;0;;;;19;41
"054019";"Fossato di Vico";47;12;12;3;0;;;;27;7;9;4;1;;;;21;48
"054019";"Fossato di Vico";48;13;13;0;0;;;;26;5;15;2;0;;;;22;48
"054019";"Fossato di Vico";49;11;17;3;1;;;;32;5;16;2;1;;;;24;56
"054019";"Fossato di Vico";50;7;8;0;0;;;;15;3;13;2;0;;;;18;33
"054019";"Fossato di Vico";51;5;12;0;0;;;;17;3;12;4;1;;;;20;37
"054019";"Fossato di Vico";52;5;13;3;0;;;;21;0;16;0;2;;;;18;39
"054019";"Fossato di Vico";53;1;10;2;0;;;;13;4;9;1;2;;;;16;29
"054019";"Fossato di Vico";54;4;18;1;0;;;;23;4;16;3;2;;;;25;48
"054019";"Fossato di Vico";55;5;16;4;0;;;;25;3;21;1;0;;;;25;50
"054019";"Fossato di Vico";56;5;8;3;0;;;;16;2;14;4;1;;;;21;37
"054019";"Fossato di Vico";57;4;18;3;0;;;;25;3;15;2;0;;;;20;45
"054019";"Fossato di Vico";58;3;21;1;0;;;;25;0;11;2;1;;;;14;39
"054019";"Fossato di Vico";59;6;9;4;1;;;;20;2;10;2;0;;;;14;34
"054019";"Fossato di Vico";60;5;16;4;0;;;;25;2;22;2;1;;;;27;52
"054019";"Fossato di Vico";61;2;8;4;0;;;;14;7;15;2;0;;;;24;38
"054019";"Fossato di Vico";62;2;14;2;0;;;;18;0;5;2;1;;;;8;26
"054019";"Fossato di Vico";63;3;13;2;0;;;;18;1;13;0;2;;;;16;34
"054019";"Fossato di Vico";64;2;5;2;0;;;;9;1;11;0;2;;;;14;23
"054019";"Fossato di Vico";65;1;19;1;1;;;;22;0;11;1;4;;;;16;38
"054019";"Fossato di Vico";66;3;12;1;1;;;;17;1;18;3;5;;;;27;44
"054019";"Fossato di Vico";67;2;11;0;0;;;;13;2;12;1;5;;;;20;33
"054019";"Fossato di Vico";68;2;6;0;1;;;;9;0;12;0;3;;;;15;24
"054019";"Fossato di Vico";69;3;9;2;0;;;;14;0;15;3;3;;;;21;35
"054019";"Fossato di Vico";70;4;11;1;1;;;;17;0;14;1;1;;;;16;33
"054019";"Fossato di Vico";71;1;10;2;1;;;;14;2;8;0;2;;;;12;26
"054019";"Fossato di Vico";72;1;13;0;1;;;;15;2;11;0;6;;;;19;34
"054019";"Fossato di Vico";73;1;19;2;2;;;;24;0;10;0;5;;;;15;39
"054019";"Fossato di Vico";74;1;13;0;2;;;;16;1;10;1;1;;;;13;29
"054019";"Fossato di Vico";75;0;22;0;2;;;;24;1;12;1;4;;;;18;42
"054019";"Fossato di Vico";76;2;16;0;0;;;;18;0;9;0;9;;;;18;36
"054019";"Fossato di Vico";77;3;9;0;0;;;;12;1;11;0;6;;;;18;30
"054019";"Fossato di Vico";78;1;7;0;1;;;;9;0;4;0;11;;;;15;24
"054019";"Fossato di Vico";79;1;9;0;0;;;;10;1;5;0;8;;;;14;24
"054019";"Fossato di Vico";80;1;2;0;1;;;;4;0;7;0;6;;;;13;17
"054019";"Fossato di Vico";81;0;6;0;0;;;;6;0;11;0;10;;;;21;27
"054019";"Fossato di Vico";82;2;8;0;0;;;;10;0;6;0;7;;;;13;23
"054019";"Fossato di Vico";83;0;6;0;1;;;;7;0;5;0;8;;;;13;20
"054019";"Fossato di Vico";84;0;9;0;2;;;;11;1;2;0;10;;;;13;24
"054019";"Fossato di Vico";85;1;7;0;3;;;;11;0;6;0;6;;;;12;23
"054019";"Fossato di Vico";86;1;8;1;0;;;;10;1;2;0;7;;;;10;20
"054019";"Fossato di Vico";87;0;5;0;0;;;;5;0;0;0;4;;;;4;9
"054019";"Fossato di Vico";88;0;4;0;1;;;;5;0;0;0;7;;;;7;12
"054019";"Fossato di Vico";89;0;1;0;1;;;;2;2;2;0;8;;;;12;14
"054019";"Fossato di Vico";90;0;4;1;1;;;;6;0;0;0;7;;;;7;13
"054019";"Fossato di Vico";91;0;2;0;0;;;;2;1;1;0;1;;;;3;5
"054019";"Fossato di Vico";92;0;0;0;3;;;;3;0;0;0;6;;;;6;9
"054019";"Fossato di Vico";93;0;3;0;1;;;;4;0;0;0;4;;;;4;8
"054019";"Fossato di Vico";94;0;1;0;1;;;;2;1;0;0;1;;;;2;4
"054019";"Fossato di Vico";95;0;2;0;0;;;;2;0;0;0;1;;;;1;3
"054019";"Fossato di Vico";96;0;0;0;0;;;;0;0;0;0;0;;;;0;0
"054019";"Fossato di Vico";97;0;0;0;0;;;;0;0;0;0;1;;;;1;1
"054019";"Fossato di Vico";98;0;0;0;0;;;;0;1;0;0;0;;;;1;1
"054019";"Fossato di Vico";99;0;0;0;0;;;;0;0;0;0;0;;;;0;0
"054019";"Fossato di Vico";100;0;0;0;0;;;;0;0;0;0;1;;;;1;1
"054019";"Fossato di Vico";999;596;588;63;30;;;;1277;443;584;65;186;;;;1278;2555
"054020";"Fratta Todina";0;5;0;0;0;;;;5;6;0;0;0;;;;6;11
"054020";"Fratta Todina";1;5;0;0;0;;;;5;2;0;0;0;;;;2;7
"054020";"Fratta Todina";2;4;0;0;0;;;;4;4;0;0;0;;;;4;8
"054020";"Fratta Todina";3;5;0;0;0;;;;5;10;0;0;0;;;;10;15
"054020";"Fratta Todina";4;5;0;0;0;;;;5;5;0;0;0;;;;5;10
"054020";"Fratta Todina";5;4;0;0;0;;;;4;8;0;0;0;;;;8;12
"054020";"Fratta Todina";6;7;0;0;0;;;;7;3;0;0;0;;;;3;10
"054020";"Fratta Todina";7;7;0;0;0;;;;7;11;0;0;0;;;;11;18
"054020";"Fratta Todina";8;6;0;0;0;;;;6;6;0;0;0;;;;6;12
"054020";"Fratta Todina";9;5;0;0;0;;;;5;3;0;0;0;;;;3;8
"054020";"Fratta Todina";10;8;0;0;0;;;;8;6;0;0;0;;;;6;14
"054020";"Fratta Todina";11;7;0;0;0;;;;7;5;0;0;0;;;;5;12
"054020";"Fratta Todina";12;3;0;0;0;;;;3;7;0;0;0;;;;7;10
"054020";"Fratta Todina";13;9;0;0;0;;;;9;10;0;0;0;;;;10;19
"054020";"Fratta Todina";14;10;0;0;0;;;;10;9;0;0;0;;;;9;19
"054020";"Fratta Todina";15;10;0;0;0;;;;10;10;0;0;0;;;;10;20
"054020";"Fratta Todina";16;6;0;0;0;;;;6;8;0;0;0;;;;8;14
"054020";"Fratta Todina";17;17;0;0;0;;;;17;5;0;0;0;;;;5;22
"054020";"Fratta Todina";18;13;0;0;0;;;;13;8;0;0;0;;;;8;21
"054020";"Fratta Todina";19;14;0;0;0;;;;14;5;0;0;0;;;;5;19
"054020";"Fratta Todina";20;15;0;0;0;;;;15;7;0;0;0;;;;7;22
"054020";"Fratta Todina";21;14;0;0;0;;;;14;11;0;0;0;;;;11;25
"054020";"Fratta Todina";22;16;0;0;0;;;;16;3;0;0;0;;;;3;19
"054020";"Fratta Todina";23;13;0;0;0;;;;13;11;0;0;0;;;;11;24
"054020";"Fratta Todina";24;19;0;0;0;;;;19;10;0;0;0;;;;10;29
"054020";"Fratta Todina";25;25;0;0;0;;;;25;8;0;0;0;;;;8;33
"054020";"Fratta Todina";26;19;0;0;0;;;;19;4;1;0;0;;;;5;24
"054020";"Fratta Todina";27;18;0;0;0;;;;18;8;0;0;0;;;;8;26
"054020";"Fratta Todina";28;17;0;0;0;;;;17;8;0;0;0;;;;8;25
"054020";"Fratta Todina";29;10;0;2;0;;;;12;9;1;0;0;;;;10;22
"054020";"Fratta Todina";30;11;0;0;0;;;;11;8;1;0;0;;;;9;20
"054020";"Fratta Todina";31;13;1;0;0;;;;14;9;1;0;0;;;;10;24
"054020";"Fratta Todina";32;13;4;0;0;;;;17;10;6;0;0;;;;16;33
"054020";"Fratta Todina";33;11;0;0;0;;;;11;2;4;0;0;;;;6;17
"054020";"Fratta Todina";34;7;5;1;0;;;;13;2;4;0;0;;;;6;19
"054020";"Fratta Todina";35;4;9;0;0;;;;13;1;7;0;0;;;;8;21
"054020";"Fratta Todina";36;10;3;1;0;;;;14;5;7;0;0;;;;12;26
"054020";"Fratta Todina";37;11;4;0;0;;;;15;6;8;1;0;;;;15;30
"054020";"Fratta Todina";38;3;6;0;0;;;;9;3;5;0;0;;;;8;17
"054020";"Fratta Todina";39;5;2;0;0;;;;7;6;8;0;0;;;;14;21
"054020";"Fratta Todina";40;2;5;0;0;;;;7;5;7;0;0;;;;12;19
"054020";"Fratta Todina";41;7;10;0;0;;;;17;7;8;1;0;;;;16;33
"054020";"Fratta Todina";42;3;7;0;0;;;;10;1;7;0;0;;;;8;18
"054020";"Fratta Todina";43;6;5;2;0;;;;13;2;8;2;0;;;;12;25
"054020";"Fratta Todina";44;7;6;0;0;;;;13;3;4;0;0;;;;7;20
"054020";"Fratta Todina";45;3;5;0;0;;;;8;3;6;1;0;;;;10;18
"054020";"Fratta Todina";46;3;7;0;0;;;;10;2;5;1;0;;;;8;18
"054020";"Fratta Todina";47;5;6;1;0;;;;12;6;12;1;0;;;;19;31
"054020";"Fratta Todina";48;3;15;2;0;;;;20;1;7;1;0;;;;9;29
"054020";"Fratta Todina";49;3;8;1;0;;;;12;7;4;2;0;;;;13;25
"054020";"Fratta Todina";50;8;2;0;0;;;;10;4;9;1;0;;;;14;24
"054020";"Fratta Todina";51;4;12;0;0;;;;16;1;8;0;1;;;;10;26
"054020";"Fratta Todina";52;3;5;2;0;;;;10;4;9;0;0;;;;13;23
"054020";"Fratta Todina";53;7;13;1;0;;;;21;1;14;0;1;;;;16;37
"054020";"Fratta Todina";54;4;6;1;0;;;;11;0;7;1;1;;;;9;20
"054020";"Fratta Todina";55;2;8;1;0;;;;11;2;8;0;0;;;;10;21
"054020";"Fratta Todina";56;3;11;1;0;;;;15;3;15;0;0;;;;18;33
"054020";"Fratta Todina";57;3;14;0;0;;;;17;0;19;0;0;;;;19;36
"054020";"Fratta Todina";58;4;13;0;0;;;;17;2;14;0;0;;;;16;33
"054020";"Fratta Todina";59;4;12;0;0;;;;16;2;20;2;0;;;;24;40
"054020";"Fratta Todina";60;0;25;1;0;;;;26;0;12;0;0;;;;12;38
"054020";"Fratta Todina";61;2;9;0;0;;;;11;1;13;2;0;;;;16;27
"054020";"Fratta Todina";62;2;13;1;0;;;;16;1;16;0;0;;;;17;33
"054020";"Fratta Todina";63;2;7;1;0;;;;10;1;6;0;0;;;;7;17
"054020";"Fratta Todina";64;0;13;0;0;;;;13;2;11;1;0;;;;14;27
"054020";"Fratta Todina";65;0;8;0;0;;;;8;1;11;0;0;;;;12;20
"054020";"Fratta Todina";66;0;12;0;0;;;;12;0;15;0;0;;;;15;27
"054020";"Fratta Todina";67;2;8;0;0;;;;10;0;12;0;0;;;;12;22
"054020";"Fratta Todina";68;0;10;0;1;;;;11;0;5;2;0;;;;7;18
"054020";"Fratta Todina";69;1;6;0;0;;;;7;0;6;0;1;;;;7;14
"054020";"Fratta Todina";70;0;8;0;0;;;;8;2;11;0;0;;;;13;21
"054020";"Fratta Todina";71;0;7;0;0;;;;7;2;6;0;0;;;;8;15
"054020";"Fratta Todina";72;3;10;0;0;;;;13;1;2;0;0;;;;3;16
"054020";"Fratta Todina";73;0;4;0;0;;;;4;0;9;0;0;;;;9;13
"054020";"Fratta Todina";74;2;6;1;0;;;;9;1;4;0;0;;;;5;14
"054020";"Fratta Todina";75;0;9;0;0;;;;9;3;6;0;0;;;;9;18
"054020";"Fratta Todina";76;0;6;0;0;;;;6;1;12;0;1;;;;14;20
"054020";"Fratta Todina";77;0;7;0;1;;;;8;2;11;1;0;;;;14;22
"054020";"Fratta Todina";78;0;3;0;0;;;;3;0;12;0;0;;;;12;15
"054020";"Fratta Todina";79;0;8;0;0;;;;8;1;6;0;0;;;;7;15
"054020";"Fratta Todina";80;1;2;0;1;;;;4;1;9;0;0;;;;10;14
"054020";"Fratta Todina";81;0;6;0;0;;;;6;0;9;0;0;;;;9;15
"054020";"Fratta Todina";82;0;8;0;0;;;;8;4;6;0;2;;;;12;20
"054020";"Fratta Todina";83;1;2;0;0;;;;3;0;7;0;0;;;;7;10
"054020";"Fratta Todina";84;0;9;0;0;;;;9;0;5;0;0;;;;5;14
"054020";"Fratta Todina";85;0;5;0;0;;;;5;8;9;0;0;;;;17;22
"054020";"Fratta Todina";86;0;3;0;0;;;;3;0;5;0;3;;;;8;11
"054020";"Fratta Todina";87;0;7;0;0;;;;7;0;4;0;3;;;;7;14
"054020";"Fratta Todina";88;0;3;0;0;;;;3;5;1;0;3;;;;9;12
"054020";"Fratta Todina";89;0;5;0;0;;;;5;2;0;0;3;;;;5;10
"054020";"Fratta Todina";90;2;5;0;0;;;;7;4;2;0;4;;;;10;17
"054020";"Fratta Todina";91;0;5;0;0;;;;5;0;5;0;1;;;;6;11
"054020";"Fratta Todina";92;1;1;1;0;;;;3;2;2;0;1;;;;5;8
"054020";"Fratta Todina";93;0;1;0;0;;;;1;0;3;0;0;;;;3;4
"054020";"Fratta Todina";94;0;0;0;0;;;;0;0;0;0;3;;;;3;3
"054020";"Fratta Todina";95;0;1;0;0;;;;1;1;1;0;2;;;;4;5
"054020";"Fratta Todina";96;0;0;0;0;;;;0;0;0;2;0;;;;2;2
"054020";"Fratta Todina";97;0;1;0;0;;;;1;1;0;0;2;;;;3;4
"054020";"Fratta Todina";98;0;0;0;0;;;;0;0;0;0;0;;;;0;0
"054020";"Fratta Todina";99;0;0;0;0;;;;0;0;0;0;1;;;;1;1
"054020";"Fratta Todina";100;0;0;0;0;;;;0;1;0;0;0;;;;1;1
"054020";"Fratta Todina";999;507;447;21;3;;;;978;366;498;22;33;;;;919;1897
"054021";"Giano dell'Umbria";0;16;0;0;0;;;;16;14;0;0;0;;;;14;30
"054021";"Giano dell'Umbria";1;11;0;0;0;;;;11;13;0;0;0;;;;13;24
"054021";"Giano dell'Umbria";2;15;0;0;0;;;;15;14;0;0;0;;;;14;29
"054021";"Giano dell'Umbria";3;15;0;0;0;;;;15;21;0;0;0;;;;21;36
"054021";"Giano dell'Umbria";4;10;0;0;0;;;;10;17;0;0;0;;;;17;27
"054021";"Giano dell'Umbria";5;15;0;0;0;;;;15;18;0;0;0;;;;18;33
"054021";"Giano dell'Umbria";6;22;0;0;0;;;;22;14;0;0;0;;;;14;36
"054021";"Giano dell'Umbria";7;15;0;0;0;;;;15;14;0;0;0;;;;14;29
"054021";"Giano dell'Umbria";8;17;0;0;0;;;;17;23;0;0;0;;;;23;40
"054021";"Giano dell'Umbria";9;13;0;0;0;;;;13;15;0;0;0;;;;15;28
"054021";"Giano dell'Umbria";10;17;0;0;0;;;;17;16;0;0;0;;;;16;33
"054021";"Giano dell'Umbria";11;15;0;0;0;;;;15;18;0;0;0;;;;18;33
"054021";"Giano dell'Umbria";12;17;0;0;0;;;;17;21;0;0;0;;;;21;38
"054021";"Giano dell'Umbria";13;17;0;0;0;;;;17;14;0;0;0;;;;14;31
"054021";"Giano dell'Umbria";14;20;0;0;0;;;;20;17;0;0;0;;;;17;37
"054021";"Giano dell'Umbria";15;26;0;0;0;;;;26;13;0;0;0;;;;13;39
"054021";"Giano dell'Umbria";16;18;0;0;0;;;;18;17;0;0;0;;;;17;35
"054021";"Giano dell'Umbria";17;20;0;0;0;;;;20;22;0;0;0;;;;22;42
"054021";"Giano dell'Umbria";18;19;0;0;0;;;;19;13;0;0;0;;;;13;32
"054021";"Giano dell'Umbria";19;25;0;0;0;;;;25;23;0;0;0;;;;23;48
"054021";"Giano dell'Umbria";20;22;1;0;0;;;;23;18;1;0;0;;;;19;42
"054021";"Giano dell'Umbria";21;12;1;0;0;;;;13;19;3;0;0;;;;22;35
"054021";"Giano dell'Umbria";22;22;0;0;0;;;;22;16;2;0;0;;;;18;40
"054021";"Giano dell'Umbria";23;14;0;0;0;;;;14;11;2;0;0;;;;13;27
"054021";"Giano dell'Umbria";24;15;4;0;0;;;;19;13;3;0;0;;;;16;35
"054021";"Giano dell'Umbria";25;19;2;0;0;;;;21;9;9;0;0;;;;18;39
"054021";"Giano dell'Umbria";26;18;3;1;0;;;;22;13;5;0;0;;;;18;40
"054021";"Giano dell'Umbria";27;19;5;0;0;;;;24;13;1;0;0;;;;14;38
"054021";"Giano dell'Umbria";28;12;4;0;0;;;;16;11;6;0;0;;;;17;33
"054021";"Giano dell'Umbria";29;11;7;0;0;;;;18;11;5;0;0;;;;16;34
"054021";"Giano dell'Umbria";30;9;4;0;0;;;;13;10;6;0;0;;;;16;29
"054021";"Giano dell'Umbria";31;14;13;0;0;;;;27;7;10;0;0;;;;17;44
"054021";"Giano dell'Umbria";32;13;4;0;0;;;;17;10;10;0;0;;;;20;37
"054021";"Giano dell'Umbria";33;10;10;0;0;;;;20;10;8;0;1;;;;19;39
"054021";"Giano dell'Umbria";34;15;7;1;0;;;;23;11;12;0;0;;;;23;46
"054021";"Giano dell'Umbria";35;12;12;0;0;;;;24;5;12;2;0;;;;19;43
"054021";"Giano dell'Umbria";36;7;16;0;0;;;;23;14;15;1;0;;;;30;53
"054021";"Giano dell'Umbria";37;9;12;0;0;;;;21;6;8;0;0;;;;14;35
"054021";"Giano dell'Umbria";38;14;13;1;0;;;;28;14;15;0;0;;;;29;57
"054021";"Giano dell'Umbria";39;5;6;0;0;;;;11;7;17;1;0;;;;25;36
"054021";"Giano dell'Umbria";40;6;14;0;0;;;;20;7;10;0;0;;;;17;37
"054021";"Giano dell'Umbria";41;8;15;2;0;;;;25;6;16;0;0;;;;22;47
"054021";"Giano dell'Umbria";42;8;11;1;0;;;;20;7;10;1;0;;;;18;38
"054021";"Giano dell'Umbria";43;7;16;1;0;;;;24;7;12;1;0;;;;20;44
"054021";"Giano dell'Umbria";44;8;17;1;0;;;;26;7;16;1;0;;;;24;50
"054021";"Giano dell'Umbria";45;13;16;0;0;;;;29;6;15;2;0;;;;23;52
"054021";"Giano dell'Umbria";46;10;23;2;0;;;;35;5;14;0;0;;;;19;54
"054021";"Giano dell'Umbria";47;2;20;0;0;;;;22;5;19;2;0;;;;26;48
"054021";"Giano dell'Umbria";48;7;13;0;0;;;;20;3;17;5;0;;;;25;45
"054021";"Giano dell'Umbria";49;4;14;4;0;;;;22;2;16;4;0;;;;22;44
"054021";"Giano dell'Umbria";50;9;28;3;0;;;;40;4;23;3;0;;;;30;70
"054021";"Giano dell'Umbria";51;8;13;1;0;;;;22;1;20;0;0;;;;21;43
"054021";"Giano dell'Umbria";52;7;21;1;0;;;;29;1;21;4;0;;;;26;55
"054021";"Giano dell'Umbria";53;5;20;1;0;;;;26;3;16;4;1;;;;24;50
"054021";"Giano dell'Umbria";54;3;26;3;0;;;;32;7;17;2;0;;;;26;58
"054021";"Giano dell'Umbria";55;9;13;1;0;;;;23;3;18;1;1;;;;23;46
"054021";"Giano dell'Umbria";56;5;21;1;0;;;;27;2;19;0;0;;;;21;48
"054021";"Giano dell'Umbria";57;2;21;6;1;;;;30;3;22;0;3;;;;28;58
"054021";"Giano dell'Umbria";58;6;26;1;0;;;;33;0;25;5;2;;;;32;65
"054021";"Giano dell'Umbria";59;9;22;3;0;;;;34;4;22;1;2;;;;29;63
"054021";"Giano dell'Umbria";60;7;12;3;1;;;;23;1;33;2;1;;;;37;60
"054021";"Giano dell'Umbria";61;3;19;3;0;;;;25;3;14;1;2;;;;20;45
"054021";"Giano dell'Umbria";62;2;28;0;0;;;;30;2;26;0;2;;;;30;60
"054021";"Giano dell'Umbria";63;5;29;4;0;;;;38;2;21;3;3;;;;29;67
"054021";"Giano dell'Umbria";64;4;25;0;0;;;;29;1;16;2;1;;;;20;49
"054021";"Giano dell'Umbria";65;4;22;0;1;;;;27;3;21;4;3;;;;31;58
"054021";"Giano dell'Umbria";66;2;21;0;2;;;;25;3;14;0;6;;;;23;48
"054021";"Giano dell'Umbria";67;3;10;0;1;;;;14;0;21;1;2;;;;24;38
"054021";"Giano dell'Umbria";68;3;20;1;0;;;;24;2;12;1;3;;;;18;42
"054021";"Giano dell'Umbria";69;1;11;2;1;;;;15;0;13;2;3;;;;18;33
"054021";"Giano dell'Umbria";70;3;13;1;2;;;;19;2;13;1;4;;;;20;39
"054021";"Giano dell'Umbria";71;4;15;0;0;;;;19;3;17;1;5;;;;26;45
"054021";"Giano dell'Umbria";72;1;19;1;2;;;;23;2;10;0;2;;;;14;37
"054021";"Giano dell'Umbria";73;0;8;0;0;;;;8;0;16;1;7;;;;24;32
"054021";"Giano dell'Umbria";74;0;18;0;2;;;;20;1;12;1;5;;;;19;39
"054021";"Giano dell'Umbria";75;0;17;0;2;;;;19;0;12;1;4;;;;17;36
"054021";"Giano dell'Umbria";76;2;14;2;2;;;;20;2;18;0;5;;;;25;45
"054021";"Giano dell'Umbria";77;1;18;0;3;;;;22;1;12;0;5;;;;18;40
"054021";"Giano dell'Umbria";78;1;22;0;0;;;;23;0;13;0;10;;;;23;46
"054021";"Giano dell'Umbria";79;0;12;0;4;;;;16;1;5;0;5;;;;11;27
"054021";"Giano dell'Umbria";80;0;12;0;2;;;;14;0;7;0;3;;;;10;24
"054021";"Giano dell'Umbria";81;0;10;0;0;;;;10;0;4;0;4;;;;8;18
"054021";"Giano dell'Umbria";82;0;8;0;1;;;;9;1;3;0;8;;;;12;21
"054021";"Giano dell'Umbria";83;0;4;0;0;;;;4;0;5;0;8;;;;13;17
"054021";"Giano dell'Umbria";84;3;11;0;1;;;;15;0;3;0;13;;;;16;31
"054021";"Giano dell'Umbria";85;0;8;0;1;;;;9;2;3;0;11;;;;16;25
"054021";"Giano dell'Umbria";86;1;3;1;2;;;;7;0;7;0;15;;;;22;29
"054021";"Giano dell'Umbria";87;0;3;0;1;;;;4;0;3;0;12;;;;15;19
"054021";"Giano dell'Umbria";88;0;4;0;2;;;;6;0;2;0;11;;;;13;19
"054021";"Giano dell'Umbria";89;0;1;0;1;;;;2;0;0;0;10;;;;10;12
"054021";"Giano dell'Umbria";90;0;1;0;2;;;;3;0;0;0;4;;;;4;7
"054021";"Giano dell'Umbria";91;0;3;0;1;;;;4;0;0;0;8;;;;8;12
"054021";"Giano dell'Umbria";92;0;2;0;0;;;;2;0;1;0;8;;;;9;11
"054021";"Giano dell'Umbria";93;0;1;0;0;;;;1;0;0;0;7;;;;7;8
"054021";"Giano dell'Umbria";94;0;4;0;1;;;;5;0;0;0;7;;;;7;12
"054021";"Giano dell'Umbria";95;0;0;0;0;;;;0;0;1;0;3;;;;4;4
"054021";"Giano dell'Umbria";96;0;0;0;0;;;;0;0;0;0;0;;;;0;0
"054021";"Giano dell'Umbria";97;0;0;0;0;;;;0;0;0;0;1;;;;1;1
"054021";"Giano dell'Umbria";98;0;0;0;1;;;;1;0;0;0;1;;;;1;2
"054021";"Giano dell'Umbria";99;0;0;0;0;;;;0;0;0;0;0;;;;0;0
"054021";"Giano dell'Umbria";100;0;0;0;0;;;;0;0;0;0;1;;;;1;1
"054021";"Giano dell'Umbria";999;801;922;53;40;;;;1816;680;856;61;223;;;;1820;3636
"054022";"Gualdo Cattaneo";0;16;0;0;0;;;;16;18;0;0;0;;;;18;34
"054022";"Gualdo Cattaneo";1;14;0;0;0;;;;14;11;0;0;0;;;;11;25
"054022";"Gualdo Cattaneo";2;11;0;0;0;;;;11;14;0;0;0;;;;14;25
"054022";"Gualdo Cattaneo";3;17;0;0;0;;;;17;16;0;0;0;;;;16;33
"054022";"Gualdo Cattaneo";4;15;0;0;0;;;;15;14;0;0;0;;;;14;29
"054022";"Gualdo Cattaneo";5;15;0;0;0;;;;15;12;0;0;0;;;;12;27
"054022";"Gualdo Cattaneo";6;10;0;0;0;;;;10;14;0;0;0;;;;14;24
"054022";"Gualdo Cattaneo";7;26;0;0;0;;;;26;16;0;0;0;;;;16;42
"054022";"Gualdo Cattaneo";8;24;0;0;0;;;;24;14;0;0;0;;;;14;38
"054022";"Gualdo Cattaneo";9;16;0;0;0;;;;16;14;0;0;0;;;;14;30
"054022";"Gualdo Cattaneo";10;35;0;0;0;;;;35;17;0;0;0;;;;17;52
"054022";"Gualdo Cattaneo";11;21;0;0;0;;;;21;33;0;0;0;;;;33;54
"054022";"Gualdo Cattaneo";12;28;0;0;0;;;;28;30;0;0;0;;;;30;58
"054022";"Gualdo Cattaneo";13;31;0;0;0;;;;31;20;0;0;0;;;;20;51
"054022";"Gualdo Cattaneo";14;31;0;0;0;;;;31;19;0;0;0;;;;19;50
"054022";"Gualdo Cattaneo";15;22;0;0;0;;;;22;30;0;0;0;;;;30;52
"054022";"Gualdo Cattaneo";16;26;0;0;0;;;;26;29;0;0;0;;;;29;55
"054022";"Gualdo Cattaneo";17;24;0;0;0;;;;24;17;0;0;0;;;;17;41
"054022";"Gualdo Cattaneo";18;25;0;0;0;;;;25;30;0;0;0;;;;30;55
"054022";"Gualdo Cattaneo";19;22;0;0;0;;;;22;26;0;0;0;;;;26;48
"054022";"Gualdo Cattaneo";20;21;0;0;0;;;;21;27;1;0;0;;;;28;49
"054022";"Gualdo Cattaneo";21;30;1;0;0;;;;31;20;1;0;0;;;;21;52
"054022";"Gualdo Cattaneo";22;31;0;0;0;;;;31;19;2;0;0;;;;21;52
"054022";"Gualdo Cattaneo";23;23;1;0;0;;;;24;19;0;0;0;;;;19;43
"054022";"Gualdo Cattaneo";24;31;2;0;0;;;;33;27;3;0;0;;;;30;63
"054022";"Gualdo Cattaneo";25;32;4;0;0;;;;36;20;4;0;0;;;;24;60
"054022";"Gualdo Cattaneo";26;32;3;0;0;;;;35;23;0;0;0;;;;23;58
"054022";"Gualdo Cattaneo";27;30;2;0;0;;;;32;24;4;0;0;;;;28;60
"054022";"Gualdo Cattaneo";28;31;2;0;0;;;;33;24;4;1;0;;;;29;62
"054022";"Gualdo Cattaneo";29;31;2;0;0;;;;33;16;7;0;0;;;;23;56
"054022";"Gualdo Cattaneo";30;19;6;0;0;;;;25;11;4;0;0;;;;15;40
"054022";"Gualdo Cattaneo";31;35;4;0;0;;;;39;17;4;1;0;;;;22;61
"054022";"Gualdo Cattaneo";32;26;6;0;0;;;;32;22;7;0;0;;;;29;61
"054022";"Gualdo Cattaneo";33;29;7;0;0;;;;36;7;10;0;0;;;;17;53
"054022";"Gualdo Cattaneo";34;23;11;0;0;;;;34;16;13;1;0;;;;30;64
"054022";"Gualdo Cattaneo";35;21;11;0;0;;;;32;12;11;0;0;;;;23;55
"054022";"Gualdo Cattaneo";36;28;11;1;0;;;;40;11;17;0;0;;;;28;68
"054022";"Gualdo Cattaneo";37;21;9;1;0;;;;31;16;9;1;0;;;;26;57
"054022";"Gualdo Cattaneo";38;21;8;1;0;;;;30;12;14;2;0;;;;28;58
"054022";"Gualdo Cattaneo";39;21;12;1;0;;;;34;7;15;1;0;;;;23;57
"054022";"Gualdo Cattaneo";40;15;12;1;0;;;;28;15;16;1;0;;;;32;60
"054022";"Gualdo Cattaneo";41;20;20;0;0;;;;40;16;17;0;0;;;;33;73
"054022";"Gualdo Cattaneo";42;13;13;0;0;;;;26;10;15;1;0;;;;26;52
"054022";"Gualdo Cattaneo";43;24;20;2;0;;;;46;14;18;2;0;;;;34;80
"054022";"Gualdo Cattaneo";44;19;23;2;0;;;;44;8;22;0;0;;;;30;74
"054022";"Gualdo Cattaneo";45;12;21;2;0;;;;35;11;16;3;0;;;;30;65
"054022";"Gualdo Cattaneo";46;11;35;3;0;;;;49;9;20;4;0;;;;33;82
"054022";"Gualdo Cattaneo";47;16;28;2;0;;;;46;12;32;2;1;;;;47;93
"054022";"Gualdo Cattaneo";48;11;30;0;0;;;;41;7;30;4;1;;;;42;83
"054022";"Gualdo Cattaneo";49;16;22;3;0;;;;41;5;22;1;0;;;;28;69
"054022";"Gualdo Cattaneo";50;16;15;5;0;;;;36;10;26;2;3;;;;41;77
"054022";"Gualdo Cattaneo";51;8;40;6;0;;;;54;5;35;4;1;;;;45;99
"054022";"Gualdo Cattaneo";52;13;20;2;0;;;;35;6;28;4;1;;;;39;74
"054022";"Gualdo Cattaneo";53;6;26;5;0;;;;37;13;31;1;2;;;;47;84
"054022";"Gualdo Cattaneo";54;10;21;0;0;;;;31;7;29;4;1;;;;41;72
"054022";"Gualdo Cattaneo";55;14;37;7;0;;;;58;2;36;4;4;;;;46;104
"054022";"Gualdo Cattaneo";56;12;31;2;1;;;;46;4;33;5;1;;;;43;89
"054022";"Gualdo Cattaneo";57;6;39;5;0;;;;50;5;37;6;1;;;;49;99
"054022";"Gualdo Cattaneo";58;6;33;2;0;;;;41;1;37;3;3;;;;44;85
"054022";"Gualdo Cattaneo";59;5;47;6;0;;;;58;7;29;2;5;;;;43;101
"054022";"Gualdo Cattaneo";60;6;42;5;0;;;;53;3;32;0;1;;;;36;89
"054022";"Gualdo Cattaneo";61;8;38;3;1;;;;50;3;38;7;4;;;;52;102
"054022";"Gualdo Cattaneo";62;10;31;0;0;;;;41;3;34;1;2;;;;40;81
"054022";"Gualdo Cattaneo";63;0;29;4;2;;;;35;6;41;1;2;;;;50;85
"054022";"Gualdo Cattaneo";64;2;41;5;2;;;;50;2;42;3;5;;;;52;102
"054022";"Gualdo Cattaneo";65;5;35;4;0;;;;44;4;30;3;4;;;;41;85
"054022";"Gualdo Cattaneo";66;6;22;1;0;;;;29;4;38;2;1;;;;45;74
"054022";"Gualdo Cattaneo";67;2;21;3;0;;;;26;3;27;2;6;;;;38;64
"054022";"Gualdo Cattaneo";68;7;36;3;1;;;;47;2;30;3;7;;;;42;89
"054022";"Gualdo Cattaneo";69;1;38;1;1;;;;41;0;18;2;12;;;;32;73
"054022";"Gualdo Cattaneo";70;0;28;2;1;;;;31;2;35;1;7;;;;45;76
"054022";"Gualdo Cattaneo";71;2;22;1;3;;;;28;1;37;0;5;;;;43;71
"054022";"Gualdo Cattaneo";72;0;31;1;1;;;;33;2;23;0;10;;;;35;68
"054022";"Gualdo Cattaneo";73;4;17;2;0;;;;23;1;20;0;6;;;;27;50
"054022";"Gualdo Cattaneo";74;3;32;2;3;;;;40;1;24;0;6;;;;31;71
"054022";"Gualdo Cattaneo";75;3;35;0;5;;;;43;0;28;1;5;;;;34;77
"054022";"Gualdo Cattaneo";76;0;34;1;2;;;;37;1;17;0;5;;;;23;60
"054022";"Gualdo Cattaneo";77;1;30;0;1;;;;32;0;19;0;11;;;;30;62
"054022";"Gualdo Cattaneo";78;2;22;0;1;;;;25;1;18;1;18;;;;38;63
"054022";"Gualdo Cattaneo";79;0;19;1;4;;;;24;0;11;0;3;;;;14;38
"054022";"Gualdo Cattaneo";80;2;21;0;2;;;;25;3;8;0;11;;;;22;47
"054022";"Gualdo Cattaneo";81;2;15;0;3;;;;20;0;6;0;17;;;;23;43
"054022";"Gualdo Cattaneo";82;0;13;1;7;;;;21;0;11;2;19;;;;32;53
"054022";"Gualdo Cattaneo";83;3;15;1;4;;;;23;1;15;0;9;;;;25;48
"054022";"Gualdo Cattaneo";84;1;10;2;2;;;;15;3;3;0;16;;;;22;37
"054022";"Gualdo Cattaneo";85;1;19;0;3;;;;23;0;12;2;21;;;;35;58
"054022";"Gualdo Cattaneo";86;0;16;0;3;;;;19;0;5;0;12;;;;17;36
"054022";"Gualdo Cattaneo";87;1;9;0;2;;;;12;0;3;0;25;;;;28;40
"054022";"Gualdo Cattaneo";88;0;8;0;2;;;;10;0;4;0;20;;;;24;34
"054022";"Gualdo Cattaneo";89;1;3;0;6;;;;10;0;6;0;13;;;;19;29
"054022";"Gualdo Cattaneo";90;1;9;0;3;;;;13;0;6;0;15;;;;21;34
"054022";"Gualdo Cattaneo";91;1;8;0;4;;;;13;0;2;0;11;;;;13;26
"054022";"Gualdo Cattaneo";92;0;3;0;6;;;;9;0;1;0;13;;;;14;23
"054022";"Gualdo Cattaneo";93;0;3;0;2;;;;5;0;1;0;14;;;;15;20
"054022";"Gualdo Cattaneo";94;1;3;0;2;;;;6;0;1;0;8;;;;9;15
"054022";"Gualdo Cattaneo";95;0;1;0;1;;;;2;1;1;0;5;;;;7;9
"054022";"Gualdo Cattaneo";96;0;0;0;1;;;;1;0;0;0;6;;;;6;7
"054022";"Gualdo Cattaneo";97;0;0;0;0;;;;0;0;0;0;2;;;;2;2
"054022";"Gualdo Cattaneo";98;0;0;0;0;;;;0;0;0;0;1;;;;1;1
"054022";"Gualdo Cattaneo";99;0;0;0;0;;;;0;0;0;0;0;;;;0;0
"054022";"Gualdo Cattaneo";100;0;0;0;0;;;;0;0;0;0;4;;;;4;4
"054022";"Gualdo Cattaneo";999;1294;1394;102;82;;;;2872;958;1306;91;386;;;;2741;5613
"054023";"Gualdo Tadino";0;32;0;0;0;;;;32;33;0;0;0;;;;33;65
"054023";"Gualdo Tadino";1;36;0;0;0;;;;36;34;0;0;0;;;;34;70
"054023";"Gualdo Tadino";2;41;0;0;0;;;;41;48;0;0;0;;;;48;89
"054023";"Gualdo Tadino";3;39;0;0;0;;;;39;34;0;0;0;;;;34;73
"054023";"Gualdo Tadino";4;47;0;0;0;;;;47;44;0;0;0;;;;44;91
"054023";"Gualdo Tadino";5;30;0;0;0;;;;30;43;0;0;0;;;;43;73
"054023";"Gualdo Tadino";6;54;0;0;0;;;;54;36;0;0;0;;;;36;90
"054023";"Gualdo Tadino";7;42;0;0;0;;;;42;47;0;0;0;;;;47;89
"054023";"Gualdo Tadino";8;53;0;0;0;;;;53;46;0;0;0;;;;46;99
"054023";"Gualdo Tadino";9;48;0;0;0;;;;48;43;0;0;0;;;;43;91
"054023";"Gualdo Tadino";10;53;0;0;0;;;;53;58;0;0;0;;;;58;111
"054023";"Gualdo Tadino";11;56;0;0;0;;;;56;66;0;0;0;;;;66;122
"054023";"Gualdo Tadino";12;62;0;0;0;;;;62;77;0;0;0;;;;77;139
"054023";"Gualdo Tadino";13;63;0;0;0;;;;63;56;0;0;0;;;;56;119
"054023";"Gualdo Tadino";14;59;0;0;0;;;;59;82;0;0;0;;;;82;141
"054023";"Gualdo Tadino";15;80;0;0;0;;;;80;63;0;0;0;;;;63;143
"054023";"Gualdo Tadino";16;72;0;0;0;;;;72;80;0;0;0;;;;80;152
"054023";"Gualdo Tadino";17;69;0;0;0;;;;69;72;0;0;0;;;;72;141
"054023";"Gualdo Tadino";18;62;0;0;0;;;;62;77;0;0;0;;;;77;139
"054023";"Gualdo Tadino";19;66;0;0;0;;;;66;70;0;0;0;;;;70;136
"054023";"Gualdo Tadino";20;67;0;0;0;;;;67;65;1;0;0;;;;66;133
"054023";"Gualdo Tadino";21;63;0;0;0;;;;63;54;0;0;0;;;;54;117
"054023";"Gualdo Tadino";22;62;1;0;0;;;;63;58;2;0;0;;;;60;123
"054023";"Gualdo Tadino";23;66;0;0;0;;;;66;64;0;0;0;;;;64;130
"054023";"Gualdo Tadino";24;57;0;0;0;;;;57;71;6;0;0;;;;77;134
"054023";"Gualdo Tadino";25;74;0;0;0;;;;74;50;4;0;0;;;;54;128
"054023";"Gualdo Tadino";26;59;2;0;0;;;;61;54;4;0;0;;;;58;119
"054023";"Gualdo Tadino";27;59;0;0;0;;;;59;56;2;0;0;;;;58;117
"054023";"Gualdo Tadino";28;56;3;0;0;;;;59;47;5;0;0;;;;52;111
"054023";"Gualdo Tadino";29;62;3;0;0;;;;65;53;8;0;0;;;;61;126
"054023";"Gualdo Tadino";30;59;3;0;0;;;;62;48;11;1;0;;;;60;122
"054023";"Gualdo Tadino";31;63;7;1;0;;;;71;40;10;2;0;;;;52;123
"054023";"Gualdo Tadino";32;58;10;1;0;;;;69;45;24;0;0;;;;69;138
"054023";"Gualdo Tadino";33;63;8;1;0;;;;72;48;28;0;1;;;;77;149
"054023";"Gualdo Tadino";34;57;17;1;0;;;;75;51;28;1;0;;;;80;155
"054023";"Gualdo Tadino";35;53;22;1;0;;;;76;33;20;3;1;;;;57;133
"054023";"Gualdo Tadino";36;53;19;0;0;;;;72;38;33;0;0;;;;71;143
"054023";"Gualdo Tadino";37;33;19;0;0;;;;52;32;44;1;0;;;;77;129
"054023";"Gualdo Tadino";38;48;30;5;0;;;;83;35;48;4;0;;;;87;170
"054023";"Gualdo Tadino";39;33;28;1;0;;;;62;37;59;6;0;;;;102;164
"054023";"Gualdo Tadino";40;49;38;1;0;;;;88;31;50;8;0;;;;89;177
"054023";"Gualdo Tadino";41;38;46;3;0;;;;87;20;49;9;0;;;;78;165
"054023";"Gualdo Tadino";42;36;41;3;0;;;;80;22;46;2;1;;;;71;151
"054023";"Gualdo Tadino";43;25;51;2;0;;;;78;23;40;8;0;;;;71;149
"054023";"Gualdo Tadino";44;33;54;3;0;;;;90;25;46;10;1;;;;82;172
"054023";"Gualdo Tadino";45;29;56;3;0;;;;88;20;62;2;5;;;;89;177
"054023";"Gualdo Tadino";46;30;71;7;1;;;;109;19;68;8;3;;;;98;207
"054023";"Gualdo Tadino";47;23;62;11;0;;;;96;17;65;6;2;;;;90;186
"054023";"Gualdo Tadino";48;26;60;4;1;;;;91;30;94;9;2;;;;135;226
"054023";"Gualdo Tadino";49;40;61;6;0;;;;107;17;81;8;2;;;;108;215
"054023";"Gualdo Tadino";50;29;75;6;1;;;;111;25;100;6;3;;;;134;245
"054023";"Gualdo Tadino";51;33;71;6;0;;;;110;21;69;10;3;;;;103;213
"054023";"Gualdo Tadino";52;23;60;11;2;;;;96;19;93;17;3;;;;132;228
"054023";"Gualdo Tadino";53;26;66;9;1;;;;102;12;76;16;2;;;;106;208
"054023";"Gualdo Tadino";54;21;76;10;3;;;;110;10;90;13;4;;;;117;227
"054023";"Gualdo Tadino";55;23;66;9;1;;;;99;11;88;8;3;;;;110;209
"054023";"Gualdo Tadino";56;13;91;13;1;;;;118;7;78;16;6;;;;107;225
"054023";"Gualdo Tadino";57;15;90;10;3;;;;118;11;88;15;8;;;;122;240
"054023";"Gualdo Tadino";58;20;83;16;2;;;;121;13;84;9;5;;;;111;232
"054023";"Gualdo Tadino";59;18;87;5;0;;;;110;13;86;10;9;;;;118;228
"054023";"Gualdo Tadino";60;18;90;5;3;;;;116;11;100;7;9;;;;127;243
"054023";"Gualdo Tadino";61;11;81;11;1;;;;104;7;93;15;9;;;;124;228
"054023";"Gualdo Tadino";62;15;83;15;0;;;;113;8;74;11;12;;;;105;218
"054023";"Gualdo Tadino";63;19;81;9;1;;;;110;7;113;7;11;;;;138;248
"054023";"Gualdo Tadino";64;14;95;11;1;;;;121;9;95;10;8;;;;122;243
"054023";"Gualdo Tadino";65;6;89;7;2;;;;104;9;63;7;11;;;;90;194
"054023";"Gualdo Tadino";66;9;83;5;2;;;;99;7;72;5;8;;;;92;191
"054023";"Gualdo Tadino";67;20;70;4;6;;;;100;5;79;4;22;;;;110;210
"054023";"Gualdo Tadino";68;9;79;4;6;;;;98;10;67;6;19;;;;102;200
"054023";"Gualdo Tadino";69;8;62;5;2;;;;77;6;75;4;12;;;;97;174
"054023";"Gualdo Tadino";70;8;68;2;7;;;;85;4;63;2;21;;;;90;175
"054023";"Gualdo Tadino";71;4;90;0;2;;;;96;4;54;6;30;;;;94;190
"054023";"Gualdo Tadino";72;7;66;2;3;;;;78;4;68;2;29;;;;103;181
"054023";"Gualdo Tadino";73;7;71;1;3;;;;82;6;52;1;25;;;;84;166
"054023";"Gualdo Tadino";74;2;72;6;1;;;;81;5;68;7;27;;;;107;188
"054023";"Gualdo Tadino";75;7;60;4;7;;;;78;3;72;2;34;;;;111;189
"054023";"Gualdo Tadino";76;5;74;4;2;;;;85;4;49;1;29;;;;83;168
"054023";"Gualdo Tadino";77;3;71;0;12;;;;86;1;64;3;34;;;;102;188
"054023";"Gualdo Tadino";78;8;58;2;6;;;;74;4;53;4;42;;;;103;177
"054023";"Gualdo Tadino";79;5;54;1;4;;;;64;3;36;0;37;;;;76;140
"054023";"Gualdo Tadino";80;2;69;1;7;;;;79;3;34;1;48;;;;86;165
"054023";"Gualdo Tadino";81;3;53;1;6;;;;63;1;28;0;43;;;;72;135
"054023";"Gualdo Tadino";82;5;40;1;7;;;;53;0;21;0;34;;;;55;108
"054023";"Gualdo Tadino";83;2;30;0;3;;;;35;2;27;1;46;;;;76;111
"054023";"Gualdo Tadino";84;1;33;0;5;;;;39;1;17;2;49;;;;69;108
"054023";"Gualdo Tadino";85;1;29;1;9;;;;40;1;13;1;43;;;;58;98
"054023";"Gualdo Tadino";86;5;35;1;10;;;;51;1;19;2;50;;;;72;123
"054023";"Gualdo Tadino";87;2;29;0;4;;;;35;3;3;1;46;;;;53;88
"054023";"Gualdo Tadino";88;2;19;0;9;;;;30;1;11;0;62;;;;74;104
"054023";"Gualdo Tadino";89;1;19;0;7;;;;27;0;3;0;31;;;;34;61
"054023";"Gualdo Tadino";90;2;10;0;7;;;;19;2;4;0;35;;;;41;60
"054023";"Gualdo Tadino";91;0;6;0;4;;;;10;3;3;1;28;;;;35;45
"054023";"Gualdo Tadino";92;1;4;1;5;;;;11;1;1;0;36;;;;38;49
"054023";"Gualdo Tadino";93;1;4;0;0;;;;5;2;4;0;25;;;;31;36
"054023";"Gualdo Tadino";94;0;3;0;6;;;;9;0;0;0;22;;;;22;31
"054023";"Gualdo Tadino";95;0;3;0;0;;;;3;0;0;0;12;;;;12;15
"054023";"Gualdo Tadino";96;0;3;0;0;;;;3;0;0;0;14;;;;14;17
"054023";"Gualdo Tadino";97;2;2;0;0;;;;4;0;1;0;10;;;;11;15
"054023";"Gualdo Tadino";98;0;1;0;1;;;;2;0;0;0;6;;;;6;8
"054023";"Gualdo Tadino";99;1;0;0;0;;;;1;0;0;0;5;;;;5;6
"054023";"Gualdo Tadino";100;1;1;0;2;;;;4;1;0;0;8;;;;9;13
"054023";"Gualdo Tadino";999;2976;3367;253;179;;;;6775;2593;3389;321;1146;;;;7449;14224
"054024";"Gubbio";0;78;0;0;0;0;0;0;78;65;0;0;0;0;0;0;65;143
"054024";"Gubbio";1;95;0;0;0;0;0;0;95;74;0;0;0;0;0;0;74;169
"054024";"Gubbio";2;74;0;0;0;0;0;0;74;92;0;0;0;0;0;0;92;166
"054024";"Gubbio";3;95;0;0;0;0;0;0;95;72;0;0;0;0;0;0;72;167
"054024";"Gubbio";4;96;0;0;0;0;0;0;96;88;0;0;0;0;0;0;88;184
"054024";"Gubbio";5;113;0;0;0;0;0;0;113;86;0;0;0;0;0;0;86;199
"054024";"Gubbio";6;97;0;0;0;0;0;0;97;98;0;0;0;0;0;0;98;195
"054024";"Gubbio";7;114;0;0;0;0;0;0;114;103;0;0;0;0;0;0;103;217
"054024";"Gubbio";8;104;0;0;0;0;0;0;104;110;0;0;0;0;0;0;110;214
"054024";"Gubbio";9;101;0;0;0;0;0;0;101;103;0;0;0;0;0;0;103;204
"054024";"Gubbio";10;121;0;0;0;0;0;0;121;128;0;0;0;0;0;0;128;249
"054024";"Gubbio";11;121;0;0;0;0;0;0;121;136;0;0;0;0;0;0;136;257
"054024";"Gubbio";12;130;0;0;0;0;0;0;130;108;0;0;0;0;0;0;108;238
"054024";"Gubbio";13;134;0;0;0;0;0;0;134;135;0;0;0;0;0;0;135;269
"054024";"Gubbio";14;126;0;0;0;0;0;0;126;147;0;0;0;0;0;0;147;273
"054024";"Gubbio";15;164;0;0;0;0;0;0;164;137;0;0;0;0;0;0;137;301
"054024";"Gubbio";16;146;0;0;0;0;0;0;146;160;0;0;0;0;0;0;160;306
"054024";"Gubbio";17;139;0;0;0;0;0;0;139;136;0;0;0;0;0;0;136;275
"054024";"Gubbio";18;143;0;0;0;0;0;0;143;127;0;0;0;0;0;0;127;270
"054024";"Gubbio";19;143;0;0;0;0;0;0;143;143;1;0;0;0;0;0;144;287
"054024";"Gubbio";20;139;0;0;0;0;0;0;139;130;0;0;0;0;0;0;130;269
"054024";"Gubbio";21;151;0;0;0;0;0;0;151;132;0;0;0;0;0;0;132;283
"054024";"Gubbio";22;165;0;0;0;0;0;0;165;136;1;0;0;0;0;0;137;302
"054024";"Gubbio";23;136;0;0;0;0;0;0;136;146;1;0;0;0;0;0;147;283
"054024";"Gubbio";24;150;0;0;0;0;0;0;150;144;3;0;0;0;0;0;147;297
"054024";"Gubbio";25;156;0;0;0;0;0;0;156;122;4;0;0;0;0;0;126;282
"054024";"Gubbio";26;178;3;1;0;0;0;0;182;119;7;1;0;0;0;0;127;309
"054024";"Gubbio";27;160;2;0;0;0;0;0;162;141;8;1;0;0;0;0;150;312
"054024";"Gubbio";28;166;8;0;0;0;0;0;174;118;15;0;0;0;0;0;133;307
"054024";"Gubbio";29;151;9;2;0;0;0;0;162;123;11;0;0;0;0;0;134;296
"054024";"Gubbio";30;150;16;0;0;0;0;0;166;118;28;0;1;0;0;0;147;313
"054024";"Gubbio";31;156;15;0;0;1;0;0;172;116;35;2;0;0;0;0;153;325
"054024";"Gubbio";32;125;25;0;0;0;0;0;150;86;51;3;0;0;0;0;140;290
"054024";"Gubbio";33;130;26;2;0;0;0;0;158;82;48;0;0;0;0;0;130;288
"054024";"Gubbio";34;111;33;1;0;0;0;0;145;92;60;2;0;0;0;0;154;299
"054024";"Gubbio";35;109;53;0;0;0;0;0;162;70;88;0;0;0;0;0;158;320
"054024";"Gubbio";36;121;61;1;0;0;0;0;183;74;62;5;1;0;0;0;142;325
"054024";"Gubbio";37;91;54;3;2;0;0;0;150;71;85;7;0;0;0;0;163;313
"054024";"Gubbio";38;83;72;8;0;0;0;0;163;65;105;7;1;0;0;0;178;341
"054024";"Gubbio";39;107;62;3;0;0;0;0;172;55;113;5;0;0;0;0;173;345
"054024";"Gubbio";40;73;90;3;0;0;0;0;166;50;106;7;1;0;0;0;164;330
"054024";"Gubbio";41;81;93;3;1;0;0;0;178;56;137;16;0;0;0;0;209;387
"054024";"Gubbio";42;71;111;4;0;0;0;0;186;51;122;13;1;0;0;0;187;373
"054024";"Gubbio";43;60;97;8;0;0;0;0;165;39;134;8;3;1;0;0;185;350
"054024";"Gubbio";44;58;104;7;1;0;0;0;170;44;125;6;1;0;0;0;176;346
"054024";"Gubbio";45;60;119;11;0;0;0;0;190;41;160;23;3;0;0;0;227;417
"054024";"Gubbio";46;72;122;8;0;0;0;0;202;40;147;14;3;0;0;0;204;406
"054024";"Gubbio";47;65;129;16;2;0;0;0;212;46;148;25;3;0;0;0;222;434
"054024";"Gubbio";48;57;130;15;0;1;0;0;203;46;143;17;4;1;0;0;211;414
"054024";"Gubbio";49;66;154;18;1;1;0;0;240;34;157;14;4;0;0;0;209;449
"054024";"Gubbio";50;57;178;7;2;1;0;0;245;25;165;15;1;1;0;0;207;452
"054024";"Gubbio";51;65;150;9;1;0;0;0;225;36;180;20;6;0;0;0;242;467
"054024";"Gubbio";52;57;167;32;2;0;0;0;258;30;193;26;2;0;0;0;251;509
"054024";"Gubbio";53;54;166;15;3;1;0;0;239;37;173;24;11;0;0;0;245;484
"054024";"Gubbio";54;53;166;13;1;1;0;0;234;25;204;17;13;0;0;0;259;493
"054024";"Gubbio";55;40;176;19;5;0;0;0;240;24;193;23;6;0;0;0;246;486
"054024";"Gubbio";56;47;165;20;1;0;0;0;233;20;189;22;15;0;0;0;246;479
"054024";"Gubbio";57;45;169;20;2;0;0;0;236;23;211;18;10;1;0;0;263;499
"054024";"Gubbio";58;41;186;22;0;2;0;0;251;34;178;21;16;0;0;0;249;500
"054024";"Gubbio";59;37;185;16;9;1;0;0;248;24;229;26;22;0;0;0;301;549
"054024";"Gubbio";60;37;179;11;5;1;0;0;233;23;210;22;23;0;0;0;278;511
"054024";"Gubbio";61;35;176;16;2;0;0;0;229;21;193;20;19;0;0;0;253;482
"054024";"Gubbio";62;31;179;10;2;0;0;1;223;16;198;20;8;0;0;0;242;465
"054024";"Gubbio";63;15;185;15;1;1;0;0;217;24;171;10;16;0;0;0;221;438
"054024";"Gubbio";64;26;188;12;5;0;0;0;231;16;179;18;25;0;0;0;238;469
"054024";"Gubbio";65;25;166;9;4;0;0;0;204;19;201;7;28;0;0;0;255;459
"054024";"Gubbio";66;27;171;7;4;0;0;0;209;18;139;10;24;0;0;0;191;400
"054024";"Gubbio";67;12;174;10;6;0;0;0;202;10;159;9;29;0;0;0;207;409
"054024";"Gubbio";68;18;175;8;5;0;0;0;206;9;143;6;28;0;0;0;186;392
"054024";"Gubbio";69;13;153;11;9;0;0;0;186;9;151;9;27;0;0;0;196;382
"054024";"Gubbio";70;17;159;6;4;0;0;0;186;9;147;4;43;0;0;0;203;389
"054024";"Gubbio";71;15;153;5;9;0;0;0;182;8;139;7;45;0;0;0;199;381
"054024";"Gubbio";72;10;127;3;7;0;0;0;147;10;136;6;53;0;0;0;205;352
"054024";"Gubbio";73;11;164;3;12;0;0;0;190;12;119;3;40;0;0;0;174;364
"054024";"Gubbio";74;12;149;7;10;0;0;0;178;4;124;5;53;0;0;0;186;364
"054024";"Gubbio";75;9;134;4;12;0;0;0;159;6;101;6;53;0;0;0;166;325
"054024";"Gubbio";76;14;126;2;15;0;0;0;157;10;122;6;65;0;0;0;203;360
"054024";"Gubbio";77;16;145;0;14;0;0;0;175;7;108;3;77;0;0;0;195;370
"054024";"Gubbio";78;19;115;2;13;0;0;0;149;2;81;4;66;0;0;0;153;302
"054024";"Gubbio";79;10;108;2;12;0;0;0;132;4;78;0;59;0;0;0;141;273
"054024";"Gubbio";80;10;87;0;18;0;0;0;115;7;77;1;81;0;0;0;166;281
"054024";"Gubbio";81;8;107;3;18;0;0;0;136;8;67;1;96;0;0;0;172;308
"054024";"Gubbio";82;5;76;0;19;0;0;0;100;6;48;0;73;0;0;0;127;227
"054024";"Gubbio";83;12;81;3;15;0;0;0;111;6;55;1;77;0;0;0;139;250
"054024";"Gubbio";84;9;68;1;23;0;0;0;101;7;54;2;82;0;0;0;145;246
"054024";"Gubbio";85;9;74;0;23;0;0;0;106;7;48;1;101;0;0;0;157;263
"054024";"Gubbio";86;11;71;0;23;0;0;0;105;5;33;0;92;0;0;0;130;235
"054024";"Gubbio";87;5;49;0;13;0;0;0;67;4;18;0;106;0;0;0;128;195
"054024";"Gubbio";88;4;52;0;14;0;0;0;70;2;14;0;78;0;0;0;94;164
"054024";"Gubbio";89;5;29;0;11;0;0;0;45;4;16;3;88;0;0;0;111;156
"054024";"Gubbio";90;1;30;0;14;0;0;0;45;4;9;0;68;0;0;0;81;126
"054024";"Gubbio";91;2;34;0;13;0;0;0;49;4;8;0;57;0;0;0;69;118
"054024";"Gubbio";92;2;14;1;7;0;0;0;24;5;5;1;45;0;0;0;56;80
"054024";"Gubbio";93;5;13;0;9;0;0;0;27;1;2;0;53;0;0;0;56;83
"054024";"Gubbio";94;1;4;0;10;0;0;0;15;0;0;0;34;0;0;0;34;49
"054024";"Gubbio";95;0;3;0;4;0;0;0;7;1;0;0;38;0;0;0;39;46
"054024";"Gubbio";96;1;1;0;2;0;0;0;4;1;2;0;14;0;0;0;17;21
"054024";"Gubbio";97;1;1;0;1;0;0;0;3;1;0;0;22;0;0;0;23;26
"054024";"Gubbio";98;0;1;0;1;0;0;0;2;2;0;1;8;0;0;0;11;13
"054024";"Gubbio";99;0;0;0;2;0;0;0;2;0;0;0;8;0;0;0;8;10
"054024";"Gubbio";100;0;3;0;2;0;0;0;5;0;1;0;12;0;0;0;13;18
"054024";"Gubbio";999;6691;7220;438;426;11;0;1;14787;5425;7376;574;2142;4;0;0;15521;30308
"054025";"Lisciano Niccone";0;0;0;0;0;;;;0;2;0;0;0;;;;2;2
"054025";"Lisciano Niccone";1;2;0;0;0;;;;2;3;0;0;0;;;;3;5
"054025";"Lisciano Niccone";2;5;0;0;0;;;;5;3;0;0;0;;;;3;8
"054025";"Lisciano Niccone";3;3;0;0;0;;;;3;0;0;0;0;;;;0;3
"054025";"Lisciano Niccone";4;4;0;0;0;;;;4;1;0;0;0;;;;1;5
"054025";"Lisciano Niccone";5;4;0;0;0;;;;4;1;0;0;0;;;;1;5
"054025";"Lisciano Niccone";6;6;0;0;0;;;;6;1;0;0;0;;;;1;7
"054025";"Lisciano Niccone";7;2;0;0;0;;;;2;5;0;0;0;;;;5;7
"054025";"Lisciano Niccone";8;0;0;0;0;;;;0;1;0;0;0;;;;1;1
"054025";"Lisciano Niccone";9;1;0;0;0;;;;1;2;0;0;0;;;;2;3
"054025";"Lisciano Niccone";10;2;0;0;0;;;;2;3;0;0;0;;;;3;5
"054025";"Lisciano Niccone";11;1;0;0;0;;;;1;2;0;0;0;;;;2;3
"054025";"Lisciano Niccone";12;4;0;0;0;;;;4;1;0;0;0;;;;1;5
"054025";"Lisciano Niccone";13;1;0;0;0;;;;1;4;0;0;0;;;;4;5
"054025";"Lisciano Niccone";14;3;0;0;0;;;;3;2;0;0;0;;;;2;5
"054025";"Lisciano Niccone";15;3;0;0;0;;;;3;2;0;0;0;;;;2;5
"054025";"Lisciano Niccone";16;3;0;0;0;;;;3;1;0;0;0;;;;1;4
"054025";"Lisciano Niccone";17;5;0;0;0;;;;5;1;0;0;0;;;;1;6
"054025";"Lisciano Niccone";18;0;0;0;0;;;;0;1;0;0;0;;;;1;1
"054025";"Lisciano Niccone";19;2;0;0;0;;;;2;2;0;0;0;;;;2;4
"054025";"Lisciano Niccone";20;2;0;0;0;;;;2;1;0;0;0;;;;1;3
"054025";"Lisciano Niccone";21;5;0;0;0;;;;5;1;0;0;0;;;;1;6
"054025";"Lisciano Niccone";22;1;0;0;0;;;;1;1;0;0;0;;;;1;2
"054025";"Lisciano Niccone";23;2;0;0;0;;;;2;1;0;0;0;;;;1;3
"054025";"Lisciano Niccone";24;2;0;0;0;;;;2;3;1;0;0;;;;4;6
"054025";"Lisciano Niccone";25;3;0;0;0;;;;3;1;0;0;0;;;;1;4
"054025";"Lisciano Niccone";26;4;0;0;0;;;;4;4;0;0;0;;;;4;8
"054025";"Lisciano Niccone";27;2;0;0;0;;;;2;2;1;0;0;;;;3;5
"054025";"Lisciano Niccone";28;2;0;0;0;;;;2;5;1;0;0;;;;6;8
"054025";"Lisciano Niccone";29;7;0;0;0;;;;7;1;0;0;0;;;;1;8
"054025";"Lisciano Niccone";30;0;0;0;0;;;;0;1;0;0;0;;;;1;1
"054025";"Lisciano Niccone";31;3;0;0;0;;;;3;2;0;0;0;;;;2;5
"054025";"Lisciano Niccone";32;0;2;0;0;;;;2;2;2;0;0;;;;4;6
"054025";"Lisciano Niccone";33;5;0;0;0;;;;5;1;1;0;0;;;;2;7
"054025";"Lisciano Niccone";34;2;1;0;0;;;;3;1;0;0;0;;;;1;4
"054025";"Lisciano Niccone";35;2;0;0;0;;;;2;2;7;0;0;;;;9;11
"054025";"Lisciano Niccone";36;3;1;0;0;;;;4;0;1;0;0;;;;1;5
"054025";"Lisciano Niccone";37;3;3;0;0;;;;6;1;2;0;0;;;;3;9
"054025";"Lisciano Niccone";38;3;2;0;0;;;;5;1;7;0;0;;;;8;13
"054025";"Lisciano Niccone";39;6;2;0;0;;;;8;1;0;0;0;;;;1;9
"054025";"Lisciano Niccone";40;3;1;0;0;;;;4;1;3;0;0;;;;4;8
"054025";"Lisciano Niccone";41;6;5;0;1;;;;12;1;2;0;0;;;;3;15
"054025";"Lisciano Niccone";42;0;3;0;0;;;;3;2;1;0;0;;;;3;6
"054025";"Lisciano Niccone";43;3;2;0;0;;;;5;3;2;0;0;;;;5;10
"054025";"Lisciano Niccone";44;2;0;0;0;;;;2;2;2;0;0;;;;4;6
"054025";"Lisciano Niccone";45;2;1;0;0;;;;3;0;0;1;0;;;;1;4
"054025";"Lisciano Niccone";46;1;2;0;0;;;;3;0;3;0;0;;;;3;6
"054025";"Lisciano Niccone";47;3;4;1;0;;;;8;0;2;0;0;;;;2;10
"054025";"Lisciano Niccone";48;2;1;0;0;;;;3;0;3;0;0;;;;3;6
"054025";"Lisciano Niccone";49;2;5;0;0;;;;7;2;5;0;0;;;;7;14
"054025";"Lisciano Niccone";50;1;3;1;0;;;;5;0;2;0;0;;;;2;7
"054025";"Lisciano Niccone";51;1;2;1;0;;;;4;0;4;0;0;;;;4;8
"054025";"Lisciano Niccone";52;0;2;0;0;;;;2;0;3;1;0;;;;4;6
"054025";"Lisciano Niccone";53;1;1;0;0;;;;2;0;2;2;0;;;;4;6
"054025";"Lisciano Niccone";54;1;0;1;0;;;;2;1;3;0;0;;;;4;6
"054025";"Lisciano Niccone";55;1;3;0;0;;;;4;0;4;0;0;;;;4;8
"054025";"Lisciano Niccone";56;0;3;0;0;;;;3;2;2;0;0;;;;4;7
"054025";"Lisciano Niccone";57;0;2;0;0;;;;2;1;4;1;0;;;;6;8
"054025";"Lisciano Niccone";58;0;4;0;0;;;;4;1;1;0;1;;;;3;7
"054025";"Lisciano Niccone";59;0;2;0;0;;;;2;0;3;0;1;;;;4;6
"054025";"Lisciano Niccone";60;1;2;1;0;;;;4;1;6;0;1;;;;8;12
"054025";"Lisciano Niccone";61;0;3;0;0;;;;3;0;6;1;2;;;;9;12
"054025";"Lisciano Niccone";62;0;3;0;0;;;;3;0;4;0;2;;;;6;9
"054025";"Lisciano Niccone";63;2;2;0;0;;;;4;0;5;0;1;;;;6;10
"054025";"Lisciano Niccone";64;1;2;0;0;;;;3;0;3;0;1;;;;4;7
"054025";"Lisciano Niccone";65;0;1;1;0;;;;2;2;0;0;0;;;;2;4
"054025";"Lisciano Niccone";66;0;2;0;0;;;;2;1;1;0;4;;;;6;8
"054025";"Lisciano Niccone";67;6;3;0;0;;;;9;0;5;1;3;;;;9;18
"054025";"Lisciano Niccone";68;1;4;0;0;;;;5;0;3;0;3;;;;6;11
"054025";"Lisciano Niccone";69;0;2;0;1;;;;3;1;4;1;0;;;;6;9
"054025";"Lisciano Niccone";70;0;6;0;0;;;;6;0;7;0;0;;;;7;13
"054025";"Lisciano Niccone";71;0;5;0;0;;;;5;0;2;0;0;;;;2;7
"054025";"Lisciano Niccone";72;0;3;0;0;;;;3;0;5;0;0;;;;5;8
"054025";"Lisciano Niccone";73;0;3;0;1;;;;4;0;2;1;1;;;;4;8
"054025";"Lisciano Niccone";74;1;3;1;0;;;;5;0;3;0;1;;;;4;9
"054025";"Lisciano Niccone";75;0;7;0;0;;;;7;0;3;0;0;;;;3;10
"054025";"Lisciano Niccone";76;0;4;0;0;;;;4;0;3;0;0;;;;3;7
"054025";"Lisciano Niccone";77;3;2;0;1;;;;6;0;2;0;1;;;;3;9
"054025";"Lisciano Niccone";78;1;1;0;1;;;;3;0;1;0;1;;;;2;5
"054025";"Lisciano Niccone";79;0;1;0;0;;;;1;0;1;1;1;;;;3;4
"054025";"Lisciano Niccone";80;0;3;0;0;;;;3;1;1;0;1;;;;3;6
"054025";"Lisciano Niccone";81;1;0;0;0;;;;1;0;1;2;0;;;;3;4
"054025";"Lisciano Niccone";82;0;0;0;0;;;;0;0;1;0;1;;;;2;2
"054025";"Lisciano Niccone";83;1;1;0;0;;;;2;0;0;0;2;;;;2;4
"054025";"Lisciano Niccone";84;0;2;0;1;;;;3;0;1;0;2;;;;3;6
"054025";"Lisciano Niccone";85;0;1;0;1;;;;2;0;2;0;5;;;;7;9
"054025";"Lisciano Niccone";86;0;2;0;0;;;;2;0;0;0;0;;;;0;2
"054025";"Lisciano Niccone";87;0;0;0;0;;;;0;0;0;0;1;;;;1;1
"054025";"Lisciano Niccone";88;0;1;0;1;;;;2;0;0;0;0;;;;0;2
"054025";"Lisciano Niccone";89;0;1;0;0;;;;1;0;1;0;2;;;;3;4
"054025";"Lisciano Niccone";90;0;1;0;0;;;;1;0;0;0;2;;;;2;3
"054025";"Lisciano Niccone";91;0;1;0;0;;;;1;0;0;0;1;;;;1;2
"054025";"Lisciano Niccone";92;0;0;0;0;;;;0;0;1;0;1;;;;2;2
"054025";"Lisciano Niccone";93;0;0;0;0;;;;0;0;0;0;1;;;;1;1
"054025";"Lisciano Niccone";94;0;0;0;0;;;;0;0;0;0;1;;;;1;1
"054025";"Lisciano Niccone";95;0;0;0;0;;;;0;0;0;0;1;;;;1;1
"054025";"Lisciano Niccone";96;0;0;0;0;;;;0;0;0;0;0;;;;0;0
"054025";"Lisciano Niccone";97;0;0;0;0;;;;0;0;0;0;0;;;;0;0
"054025";"Lisciano Niccone";98;0;0;0;0;;;;0;0;0;0;0;;;;0;0
"054025";"Lisciano Niccone";99;0;0;0;0;;;;0;0;0;0;0;;;;0;0
"054025";"Lisciano Niccone";100;0;0;0;0;;;;0;0;0;0;0;;;;0;0
"054025";"Lisciano Niccone";999;155;129;7;8;;;;299;92;148;12;45;;;;297;596
"054026";"Magione";0;48;0;0;0;;;;48;36;0;0;0;;;;36;84
"054026";"Magione";1;54;0;0;0;;;;54;48;0;0;0;;;;48;102
"054026";"Magione";2;53;0;0;0;;;;53;41;0;0;0;;;;41;94
"054026";"Magione";3;42;0;0;0;;;;42;45;0;0;0;;;;45;87
"054026";"Magione";4;44;0;0;0;;;;44;43;0;0;0;;;;43;87
"054026";"Magione";5;64;0;0;0;;;;64;51;0;0;0;;;;51;115
"054026";"Magione";6;58;0;0;0;;;;58;59;0;0;0;;;;59;117
"054026";"Magione";7;57;0;0;0;;;;57;51;0;0;0;;;;51;108
"054026";"Magione";8;77;0;0;0;;;;77;53;0;0;0;;;;53;130
"054026";"Magione";9;67;0;0;0;;;;67;53;0;0;0;;;;53;120
"054026";"Magione";10;66;0;0;0;;;;66;66;0;0;0;;;;66;132
"054026";"Magione";11;55;0;0;0;;;;55;54;0;0;0;;;;54;109
"054026";"Magione";12;82;0;0;0;;;;82;65;0;0;0;;;;65;147
"054026";"Magione";13;62;0;0;0;;;;62;71;0;0;0;;;;71;133
"054026";"Magione";14;83;0;0;0;;;;83;63;0;0;0;;;;63;146
"054026";"Magione";15;74;0;0;0;;;;74;80;0;0;0;;;;80;154
"054026";"Magione";16;78;0;0;0;;;;78;83;0;0;0;;;;83;161
"054026";"Magione";17;85;0;0;0;;;;85;79;0;0;0;;;;79;164
"054026";"Magione";18;78;0;0;0;;;;78;70;0;0;0;;;;70;148
"054026";"Magione";19;67;0;0;0;;;;67;84;0;0;0;;;;84;151
"054026";"Magione";20;64;0;0;0;;;;64;86;0;0;0;;;;86;150
"054026";"Magione";21;101;1;0;0;;;;102;57;2;0;0;;;;59;161
"054026";"Magione";22;65;1;0;0;;;;66;73;2;0;0;;;;75;141
"054026";"Magione";23;55;2;0;0;;;;57;62;2;0;0;;;;64;121
"054026";"Magione";24;70;0;0;0;;;;70;72;0;0;0;;;;72;142
"054026";"Magione";25;68;3;0;0;;;;71;60;6;0;0;;;;66;137
"054026";"Magione";26;68;0;0;0;;;;68;51;6;0;0;;;;57;125
"054026";"Magione";27;56;0;0;0;;;;56;63;5;0;0;;;;68;124
"054026";"Magione";28;50;2;0;0;;;;52;53;10;0;0;;;;63;115
"054026";"Magione";29;59;12;0;0;;;;71;51;10;0;0;;;;61;132
"054026";"Magione";30;42;8;0;0;;;;50;50;14;0;0;;;;64;114
"054026";"Magione";31;64;13;0;0;;;;77;43;22;1;0;;;;66;143
"054026";"Magione";32;66;15;1;0;;;;82;46;37;0;0;;;;83;165
"054026";"Magione";33;56;27;1;0;;;;84;42;20;1;0;;;;63;147
"054026";"Magione";34;61;16;1;0;;;;78;35;30;0;0;;;;65;143
"054026";"Magione";35;53;32;2;0;;;;87;35;29;2;0;;;;66;153
"054026";"Magione";36;50;39;1;0;;;;90;44;48;0;0;;;;92;182
"054026";"Magione";37;56;34;1;0;;;;91;34;37;2;1;;;;74;165
"054026";"Magione";38;42;27;2;0;;;;71;30;36;5;0;;;;71;142
"054026";"Magione";39;53;25;0;0;;;;78;38;39;3;0;;;;80;158
"054026";"Magione";40;41;35;2;0;;;;78;36;54;3;0;;;;93;171
"054026";"Magione";41;45;29;2;0;;;;76;31;48;3;1;;;;83;159
"054026";"Magione";42;45;39;2;0;;;;86;32;45;2;2;;;;81;167
"054026";"Magione";43;36;52;1;0;;;;89;33;60;4;0;;;;97;186
"054026";"Magione";44;49;63;4;0;;;;116;38;54;3;0;;;;95;211
"054026";"Magione";45;34;49;1;0;;;;84;32;55;6;0;;;;93;177
"054026";"Magione";46;55;60;2;0;;;;117;31;85;2;2;;;;120;237
"054026";"Magione";47;39;60;5;0;;;;104;32;77;9;5;;;;123;227
"054026";"Magione";48;47;61;7;0;;;;115;32;85;8;0;;;;125;240
"054026";"Magione";49;42;75;7;0;;;;124;26;67;9;3;;;;105;229
"054026";"Magione";50;41;79;3;0;;;;123;39;87;9;2;;;;137;260
"054026";"Magione";51;40;71;2;2;;;;115;15;80;18;5;;;;118;233
"054026";"Magione";52;41;75;6;1;;;;123;21;90;16;2;;;;129;252
"054026";"Magione";53;35;72;13;1;;;;121;24;97;10;5;;;;136;257
"054026";"Magione";54;23;80;9;0;;;;112;21;96;13;5;;;;135;247
"054026";"Magione";55;31;78;11;0;;;;120;40;90;17;4;;;;151;271
"054026";"Magione";56;28;92;6;1;;;;127;16;91;14;3;;;;124;251
"054026";"Magione";57;23;68;8;0;;;;99;10;93;15;5;;;;123;222
"054026";"Magione";58;19;73;8;2;;;;102;13;67;9;7;;;;96;198
"054026";"Magione";59;25;109;7;1;;;;142;17;93;10;9;;;;129;271
"054026";"Magione";60;19;96;10;3;;;;128;13;88;11;5;;;;117;245
"054026";"Magione";61;12;61;11;2;;;;86;12;72;5;8;;;;97;183
"054026";"Magione";62;16;79;12;4;;;;111;9;76;4;7;;;;96;207
"054026";"Magione";63;16;64;8;2;;;;90;8;90;6;9;;;;113;203
"054026";"Magione";64;14;100;12;3;;;;129;6;71;5;17;;;;99;228
"054026";"Magione";65;6;80;4;6;;;;96;6;81;4;8;;;;99;195
"054026";"Magione";66;6;69;5;3;;;;83;7;67;8;9;;;;91;174
"054026";"Magione";67;12;90;4;5;;;;111;10;63;5;15;;;;93;204
"054026";"Magione";68;8;59;6;6;;;;79;4;70;7;16;;;;97;176
"054026";"Magione";69;12;75;5;2;;;;94;6;65;5;16;;;;92;186
"054026";"Magione";70;5;59;7;5;;;;76;9;54;5;13;;;;81;157
"054026";"Magione";71;4;61;2;2;;;;69;9;46;4;19;;;;78;147
"054026";"Magione";72;3;67;3;6;;;;79;5;63;5;22;;;;95;174
"054026";"Magione";73;10;72;5;3;;;;90;1;64;4;20;;;;89;179
"054026";"Magione";74;7;60;2;1;;;;70;1;53;2;19;;;;75;145
"054026";"Magione";75;6;62;2;11;;;;81;4;45;1;25;;;;75;156
"054026";"Magione";76;6;58;3;4;;;;71;2;47;3;34;;;;86;157
"054026";"Magione";77;8;56;2;8;;;;74;1;44;0;38;;;;83;157
"054026";"Magione";78;5;41;2;6;;;;54;0;43;1;39;;;;83;137
"054026";"Magione";79;4;29;1;11;;;;45;3;28;2;30;;;;63;108
"054026";"Magione";80;3;48;1;8;;;;60;5;33;1;32;;;;71;131
"054026";"Magione";81;5;44;0;5;;;;54;0;26;4;42;;;;72;126
"054026";"Magione";82;0;39;2;8;;;;49;1;26;1;24;;;;52;101
"054026";"Magione";83;3;32;1;3;;;;39;2;21;0;33;;;;56;95
"054026";"Magione";84;5;49;3;4;;;;61;2;24;0;39;;;;65;126
"054026";"Magione";85;2;36;1;5;;;;44;4;22;0;35;;;;61;105
"054026";"Magione";86;5;31;1;14;;;;51;0;15;1;56;;;;72;123
"054026";"Magione";87;3;21;1;7;;;;32;1;11;0;38;;;;50;82
"054026";"Magione";88;2;26;0;8;;;;36;2;7;2;31;;;;42;78
"054026";"Magione";89;1;19;0;13;;;;33;3;8;0;46;;;;57;90
"054026";"Magione";90;1;16;0;6;;;;23;0;4;0;35;;;;39;62
"054026";"Magione";91;1;13;0;6;;;;20;1;5;0;30;;;;36;56
"054026";"Magione";92;1;10;0;5;;;;16;1;1;0;32;;;;34;50
"054026";"Magione";93;0;3;0;9;;;;12;0;1;0;24;;;;25;37
"054026";"Magione";94;0;3;0;0;;;;3;1;1;0;21;;;;23;26
"054026";"Magione";95;0;4;0;1;;;;5;0;0;1;11;;;;12;17
"054026";"Magione";96;0;3;0;0;;;;3;0;0;0;10;;;;10;13
"054026";"Magione";97;0;0;0;0;;;;0;1;1;0;12;;;;14;14
"054026";"Magione";98;0;0;0;0;;;;0;0;0;0;6;;;;6;6
"054026";"Magione";99;0;0;0;1;;;;1;1;0;0;2;;;;3;4
"054026";"Magione";100;0;0;0;1;;;;1;1;0;0;3;;;;4;5
"054026";"Magione";999;3443;3312;231;205;;;;7191;2901;3305;291;992;;;;7489;14680
"054027";"Marsciano";0;36;0;0;0;;;;36;44;0;0;0;;;;44;80
"054027";"Marsciano";1;59;0;0;0;;;;59;54;0;0;0;;;;54;113
"054027";"Marsciano";2;58;0;0;0;;;;58;55;0;0;0;;;;55;113
"054027";"Marsciano";3;63;0;0;0;;;;63;68;0;0;0;;;;68;131
"054027";"Marsciano";4;56;0;0;0;;;;56;63;0;0;0;;;;63;119
"054027";"Marsciano";5;72;0;0;0;;;;72;67;0;0;0;;;;67;139
"054027";"Marsciano";6;74;0;0;0;;;;74;59;0;0;0;;;;59;133
"054027";"Marsciano";7;80;0;0;0;;;;80;79;0;0;0;;;;79;159
"054027";"Marsciano";8;76;0;0;0;;;;76;73;0;0;0;;;;73;149
"054027";"Marsciano";9;74;0;0;0;;;;74;99;0;0;0;;;;99;173
"054027";"Marsciano";10;82;0;0;0;;;;82;76;0;0;0;;;;76;158
"054027";"Marsciano";11;83;0;0;0;;;;83;67;0;0;0;;;;67;150
"054027";"Marsciano";12;92;0;0;0;;;;92;102;0;0;0;;;;102;194
"054027";"Marsciano";13;99;0;0;0;;;;99;80;0;0;0;;;;80;179
"054027";"Marsciano";14;80;0;0;0;;;;80;88;0;0;0;;;;88;168
"054027";"Marsciano";15;98;0;0;0;;;;98;74;0;0;0;;;;74;172
"054027";"Marsciano";16;114;0;0;0;;;;114;86;0;0;0;;;;86;200
"054027";"Marsciano";17;91;0;0;0;;;;91;92;0;0;0;;;;92;183
"054027";"Marsciano";18;84;0;0;0;;;;84;88;2;0;0;;;;90;174
"054027";"Marsciano";19;90;1;0;0;;;;91;86;0;0;0;;;;86;177
"054027";"Marsciano";20;102;0;0;0;;;;102;79;0;0;0;;;;79;181
"054027";"Marsciano";21;78;0;0;0;;;;78;81;3;0;0;;;;84;162
"054027";"Marsciano";22;92;2;0;0;;;;94;85;1;0;0;;;;86;180
"054027";"Marsciano";23;95;0;0;0;;;;95;87;4;0;0;;;;91;186
"054027";"Marsciano";24;83;0;0;0;;;;83;81;2;0;0;;;;83;166
"054027";"Marsciano";25;94;2;0;0;;;;96;88;6;0;0;;;;94;190
"054027";"Marsciano";26;92;1;0;0;;;;93;79;8;0;0;;;;87;180
"054027";"Marsciano";27;89;2;0;0;;;;91;74;13;0;0;;;;87;178
"054027";"Marsciano";28;82;4;0;0;;;;86;60;15;1;0;;;;76;162
"054027";"Marsciano";29;66;9;0;0;;;;75;61;17;0;1;;;;79;154
"054027";"Marsciano";30;83;11;0;0;;;;94;59;22;0;0;;;;81;175
"054027";"Marsciano";31;71;18;0;0;;;;89;64;27;1;1;;;;93;182
"054027";"Marsciano";32;78;15;2;0;;;;95;57;31;2;0;;;;90;185
"054027";"Marsciano";33;79;17;0;0;;;;96;55;38;1;0;;;;94;190
"054027";"Marsciano";34;77;24;1;0;;;;102;56;29;0;0;;;;85;187
"054027";"Marsciano";35;66;26;1;0;;;;93;46;45;1;0;;;;92;185
"054027";"Marsciano";36;78;49;3;0;;;;130;48;58;0;0;;;;106;236
"054027";"Marsciano";37;71;40;0;0;;;;111;29;59;4;0;;;;92;203
"054027";"Marsciano";38;54;39;2;1;;;;96;37;49;4;0;;;;90;186
"054027";"Marsciano";39;59;42;2;0;;;;103;46;60;7;2;;;;115;218
"054027";"Marsciano";40;47;48;0;0;;;;95;44;66;2;0;;;;112;207
"054027";"Marsciano";41;46;60;3;0;;;;109;40;64;4;0;;;;108;217
"054027";"Marsciano";42;53;62;3;0;;;;118;33;50;6;1;;;;90;208
"054027";"Marsciano";43;45;49;1;0;;;;95;31;80;7;2;;;;120;215
"054027";"Marsciano";44;43;59;3;0;;;;105;25;65;9;0;;;;99;204
"054027";"Marsciano";45;47;84;4;0;;;;135;36;77;12;1;;;;126;261
"054027";"Marsciano";46;45;69;1;0;;;;115;32;93;4;0;;;;129;244
"054027";"Marsciano";47;41;86;10;1;;;;138;19;98;11;3;;;;131;269
"054027";"Marsciano";48;34;72;5;1;;;;112;29;91;11;1;;;;132;244
"054027";"Marsciano";49;50;86;7;0;;;;143;30;99;9;4;;;;142;285
"054027";"Marsciano";50;51;98;12;1;;;;162;28;109;6;4;;;;147;309
"054027";"Marsciano";51;36;76;9;0;;;;121;24;98;13;3;;;;138;259
"054027";"Marsciano";52;38;85;6;0;;;;129;27;95;11;2;;;;135;264
"054027";"Marsciano";53;35;87;4;1;;;;127;25;108;10;5;;;;148;275
"054027";"Marsciano";54;22;132;9;0;;;;163;19;117;21;6;;;;163;326
"054027";"Marsciano";55;21;86;9;1;;;;117;13;119;10;5;;;;147;264
"054027";"Marsciano";56;30;90;12;0;;;;132;27;101;10;13;;;;151;283
"054027";"Marsciano";57;27;99;8;0;;;;134;24;118;12;6;;;;160;294
"054027";"Marsciano";58;19;108;6;2;;;;135;19;108;12;6;;;;145;280
"054027";"Marsciano";59;15;131;11;1;;;;158;13;121;5;9;;;;148;306
"054027";"Marsciano";60;23;91;10;3;;;;127;10;128;16;5;;;;159;286
"054027";"Marsciano";61;14;100;6;1;;;;121;17;94;15;10;;;;136;257
"054027";"Marsciano";62;12;104;13;4;;;;133;12;111;11;7;;;;141;274
"054027";"Marsciano";63;11;115;5;4;;;;135;10;101;10;15;;;;136;271
"054027";"Marsciano";64;11;93;12;2;;;;118;12;114;12;10;;;;148;266
"054027";"Marsciano";65;12;103;6;4;;;;125;10;106;14;8;;;;138;263
"054027";"Marsciano";66;21;101;7;4;;;;133;9;95;6;8;;;;118;251
"054027";"Marsciano";67;9;99;8;1;;;;117;12;85;7;13;;;;117;234
"054027";"Marsciano";68;9;97;5;7;;;;118;11;85;2;14;;;;112;230
"054027";"Marsciano";69;10;93;2;5;;;;110;6;88;10;13;;;;117;227
"054027";"Marsciano";70;9;85;6;3;;;;103;11;86;6;14;;;;117;220
"054027";"Marsciano";71;12;90;3;3;;;;108;8;65;5;17;;;;95;203
"054027";"Marsciano";72;1;73;3;3;;;;80;6;72;3;15;;;;96;176
"054027";"Marsciano";73;9;102;6;6;;;;123;6;69;6;27;;;;108;231
"054027";"Marsciano";74;8;77;4;6;;;;95;3;49;2;32;;;;86;181
"054027";"Marsciano";75;6;76;1;7;;;;90;3;78;3;36;;;;120;210
"054027";"Marsciano";76;5;81;4;10;;;;100;3;47;1;31;;;;82;182
"054027";"Marsciano";77;6;78;1;12;;;;97;10;59;1;27;;;;97;194
"054027";"Marsciano";78;2;37;3;8;;;;50;4;62;3;30;;;;99;149
"054027";"Marsciano";79;4;48;2;3;;;;57;0;29;1;22;;;;52;109
"054027";"Marsciano";80;3;44;1;5;;;;53;1;38;1;42;;;;82;135
"054027";"Marsciano";81;9;52;1;8;;;;70;1;28;3;33;;;;65;135
"054027";"Marsciano";82;2;47;2;8;;;;59;2;36;2;34;;;;74;133
"054027";"Marsciano";83;1;49;0;8;;;;58;2;24;1;49;;;;76;134
"054027";"Marsciano";84;3;42;1;12;;;;58;3;32;0;46;;;;81;139
"054027";"Marsciano";85;2;44;2;14;;;;62;4;31;0;46;;;;81;143
"054027";"Marsciano";86;3;28;0;7;;;;38;1;15;0;41;;;;57;95
"054027";"Marsciano";87;3;28;1;10;;;;42;2;12;2;56;;;;72;114
"054027";"Marsciano";88;5;23;0;7;;;;35;0;8;1;54;;;;63;98
"054027";"Marsciano";89;3;37;0;8;;;;48;1;6;0;35;;;;42;90
"054027";"Marsciano";90;1;19;0;10;;;;30;0;5;1;49;;;;55;85
"054027";"Marsciano";91;2;12;0;4;;;;18;2;2;0;27;;;;31;49
"054027";"Marsciano";92;0;11;0;5;;;;16;2;0;1;35;;;;38;54
"054027";"Marsciano";93;0;9;0;3;;;;12;1;2;0;26;;;;29;41
"054027";"Marsciano";94;3;6;0;6;;;;15;0;1;0;14;;;;15;30
"054027";"Marsciano";95;0;4;0;2;;;;6;0;0;0;17;;;;17;23
"054027";"Marsciano";96;1;2;0;4;;;;7;0;0;0;19;;;;19;26
"054027";"Marsciano";97;0;0;0;3;;;;3;0;0;0;10;;;;10;13
"054027";"Marsciano";98;0;0;0;1;;;;1;0;0;0;7;;;;7;8
"054027";"Marsciano";99;0;0;0;0;;;;0;0;0;0;4;;;;4;4
"054027";"Marsciano";100;0;0;0;1;;;;1;0;0;0;3;;;;3;4
"054027";"Marsciano";999;4130;4169;249;231;;;;8779;3495;4229;352;1076;;;;9152;17931
"054028";"Massa Martana";0;12;0;0;0;;;;12;6;0;0;0;;;;6;18
"054028";"Massa Martana";1;13;0;0;0;;;;13;7;0;0;0;;;;7;20
"054028";"Massa Martana";2;13;0;0;0;;;;13;16;0;0;0;;;;16;29
"054028";"Massa Martana";3;17;0;0;0;;;;17;12;0;0;0;;;;12;29
"054028";"Massa Martana";4;13;0;0;0;;;;13;11;0;0;0;;;;11;24
"054028";"Massa Martana";5;18;0;0;0;;;;18;13;0;0;0;;;;13;31
"054028";"Massa Martana";6;13;0;0;0;;;;13;12;0;0;0;;;;12;25
"054028";"Massa Martana";7;18;0;0;0;;;;18;19;0;0;0;;;;19;37
"054028";"Massa Martana";8;22;0;0;0;;;;22;15;0;0;0;;;;15;37
"054028";"Massa Martana";9;21;0;0;0;;;;21;17;0;0;0;;;;17;38
"054028";"Massa Martana";10;16;0;0;0;;;;16;8;0;0;0;;;;8;24
"054028";"Massa Martana";11;14;0;0;0;;;;14;15;0;0;0;;;;15;29
"054028";"Massa Martana";12;18;0;0;0;;;;18;11;0;0;0;;;;11;29
"054028";"Massa Martana";13;21;0;0;0;;;;21;16;0;0;0;;;;16;37
"054028";"Massa Martana";14;16;0;0;0;;;;16;13;0;0;0;;;;13;29
"054028";"Massa Martana";15;16;0;0;0;;;;16;14;0;0;0;;;;14;30
"054028";"Massa Martana";16;21;0;0;0;;;;21;11;0;0;0;;;;11;32
"054028";"Massa Martana";17;11;0;0;0;;;;11;17;0;0;0;;;;17;28
"054028";"Massa Martana";18;25;0;0;0;;;;25;12;0;0;0;;;;12;37
"054028";"Massa Martana";19;18;0;0;0;;;;18;10;0;0;0;;;;10;28
"054028";"Massa Martana";20;14;0;0;0;;;;14;18;1;0;0;;;;19;33
"054028";"Massa Martana";21;11;0;0;0;;;;11;19;0;0;0;;;;19;30
"054028";"Massa Martana";22;14;0;0;0;;;;14;19;0;0;0;;;;19;33
"054028";"Massa Martana";23;20;1;0;0;;;;21;14;0;0;0;;;;14;35
"054028";"Massa Martana";24;18;1;0;0;;;;19;19;1;0;0;;;;20;39
"054028";"Massa Martana";25;17;0;0;0;;;;17;17;1;0;0;;;;18;35
"054028";"Massa Martana";26;15;1;0;0;;;;16;15;0;0;0;;;;15;31
"054028";"Massa Martana";27;16;1;0;0;;;;17;14;4;0;0;;;;18;35
"054028";"Massa Martana";28;14;3;0;0;;;;17;7;2;0;0;;;;9;26
"054028";"Massa Martana";29;17;2;0;0;;;;19;9;5;0;0;;;;14;33
"054028";"Massa Martana";30;15;0;0;0;;;;15;8;6;0;0;;;;14;29
"054028";"Massa Martana";31;16;7;0;0;;;;23;9;8;0;0;;;;17;40
"054028";"Massa Martana";32;11;6;1;0;;;;18;7;5;0;0;;;;12;30
"054028";"Massa Martana";33;11;4;0;0;;;;15;9;5;0;0;;;;14;29
"054028";"Massa Martana";34;7;5;0;0;;;;12;10;13;0;0;;;;23;35
"054028";"Massa Martana";35;11;3;0;0;;;;14;13;9;1;0;;;;23;37
"054028";"Massa Martana";36;9;6;0;0;;;;15;8;11;1;0;;;;20;35
"054028";"Massa Martana";37;8;9;2;0;;;;19;4;10;0;0;;;;14;33
"054028";"Massa Martana";38;6;9;0;0;;;;15;8;11;0;0;;;;19;34
"054028";"Massa Martana";39;17;8;1;0;;;;26;11;14;2;0;;;;27;53
"054028";"Massa Martana";40;11;12;1;0;;;;24;5;12;1;0;;;;18;42
"054028";"Massa Martana";41;5;17;0;0;;;;22;3;12;0;0;;;;15;37
"054028";"Massa Martana";42;12;10;0;0;;;;22;7;20;0;0;;;;27;49
"054028";"Massa Martana";43;13;12;1;0;;;;26;3;10;1;0;;;;14;40
"054028";"Massa Martana";44;11;19;0;0;;;;30;4;15;0;0;;;;19;49
"054028";"Massa Martana";45;6;9;0;0;;;;15;5;13;1;0;;;;19;34
"054028";"Massa Martana";46;4;15;2;0;;;;21;3;13;1;0;;;;17;38
"054028";"Massa Martana";47;6;15;0;0;;;;21;3;11;1;0;;;;15;36
"054028";"Massa Martana";48;6;13;2;0;;;;21;5;17;0;0;;;;22;43
"054028";"Massa Martana";49;5;15;0;0;;;;20;6;26;2;0;;;;34;54
"054028";"Massa Martana";50;2;16;1;0;;;;19;6;29;0;1;;;;36;55
"054028";"Massa Martana";51;3;15;0;0;;;;18;4;15;1;1;;;;21;39
"054028";"Massa Martana";52;8;18;2;0;;;;28;3;24;3;0;;;;30;58
"054028";"Massa Martana";53;5;15;1;1;;;;22;6;18;0;0;;;;24;46
"054028";"Massa Martana";54;5;22;2;0;;;;29;6;21;0;0;;;;27;56
"054028";"Massa Martana";55;5;21;1;0;;;;27;2;25;3;2;;;;32;59
"054028";"Massa Martana";56;5;28;5;0;;;;38;7;25;3;3;;;;38;76
"054028";"Massa Martana";57;4;16;4;0;;;;24;6;19;3;4;;;;32;56
"054028";"Massa Martana";58;8;30;1;0;;;;39;1;24;2;0;;;;27;66
"054028";"Massa Martana";59;3;25;3;0;;;;31;2;19;2;1;;;;24;55
"054028";"Massa Martana";60;8;19;2;1;;;;30;1;23;0;0;;;;24;54
"054028";"Massa Martana";61;4;24;4;0;;;;32;3;20;0;3;;;;26;58
"054028";"Massa Martana";62;5;16;2;1;;;;24;2;25;1;3;;;;31;55
"054028";"Massa Martana";63;4;23;2;2;;;;31;2;32;2;2;;;;38;69
"054028";"Massa Martana";64;5;36;0;0;;;;41;1;21;1;1;;;;24;65
"054028";"Massa Martana";65;4;19;2;0;;;;25;2;22;1;5;;;;30;55
"054028";"Massa Martana";66;2;26;0;0;;;;28;2;22;1;4;;;;29;57
"054028";"Massa Martana";67;7;20;1;1;;;;29;1;14;1;4;;;;20;49
"054028";"Massa Martana";68;2;16;1;2;;;;21;2;18;0;0;;;;20;41
"054028";"Massa Martana";69;2;21;1;0;;;;24;0;11;4;1;;;;16;40
"054028";"Massa Martana";70;3;27;1;0;;;;31;0;14;1;2;;;;17;48
"054028";"Massa Martana";71;3;17;2;1;;;;23;1;17;2;7;;;;27;50
"054028";"Massa Martana";72;3;22;3;2;;;;30;2;20;1;5;;;;28;58
"054028";"Massa Martana";73;0;20;1;0;;;;21;3;19;1;3;;;;26;47
"054028";"Massa Martana";74;3;14;0;0;;;;17;1;12;0;6;;;;19;36
"054028";"Massa Martana";75;0;17;0;3;;;;20;0;13;0;5;;;;18;38
"054028";"Massa Martana";76;3;14;0;1;;;;18;2;9;0;11;;;;22;40
"054028";"Massa Martana";77;2;13;1;1;;;;17;0;17;0;8;;;;25;42
"054028";"Massa Martana";78;0;15;0;1;;;;16;0;13;0;2;;;;15;31
"054028";"Massa Martana";79;2;11;0;2;;;;15;0;6;0;4;;;;10;25
"054028";"Massa Martana";80;2;11;0;3;;;;16;0;10;0;9;;;;19;35
"054028";"Massa Martana";81;1;8;0;2;;;;11;1;9;0;6;;;;16;27
"054028";"Massa Martana";82;4;11;1;3;;;;19;0;4;0;10;;;;14;33
"054028";"Massa Martana";83;1;10;1;3;;;;15;1;10;1;11;;;;23;38
"054028";"Massa Martana";84;1;7;1;3;;;;12;0;5;0;14;;;;19;31
"054028";"Massa Martana";85;1;7;0;4;;;;12;1;4;0;17;;;;22;34
"054028";"Massa Martana";86;1;10;0;2;;;;13;0;3;0;11;;;;14;27
"054028";"Massa Martana";87;0;8;0;4;;;;12;0;2;0;16;;;;18;30
"054028";"Massa Martana";88;0;6;0;0;;;;6;0;2;0;4;;;;6;12
"054028";"Massa Martana";89;0;6;0;1;;;;7;0;0;0;14;;;;14;21
"054028";"Massa Martana";90;1;3;0;0;;;;4;0;1;0;11;;;;12;16
"054028";"Massa Martana";91;2;2;0;1;;;;5;0;0;0;14;;;;14;19
"054028";"Massa Martana";92;0;0;0;0;;;;0;0;2;0;6;;;;8;8
"054028";"Massa Martana";93;0;5;0;0;;;;5;0;0;0;2;;;;2;7
"054028";"Massa Martana";94;1;3;0;1;;;;5;0;0;0;3;;;;3;8
"054028";"Massa Martana";95;0;0;0;1;;;;1;0;0;0;2;;;;2;3
"054028";"Massa Martana";96;0;0;0;0;;;;0;0;0;0;1;;;;1;1
"054028";"Massa Martana";97;0;2;0;0;;;;2;0;0;0;1;;;;1;3
"054028";"Massa Martana";98;0;0;0;0;;;;0;0;0;0;0;;;;0;0
"054028";"Massa Martana";99;0;0;0;0;;;;0;0;0;0;1;;;;1;1
"054028";"Massa Martana";100;0;0;0;0;;;;0;0;0;0;1;;;;1;1
"054028";"Massa Martana";999;807;898;56;47;;;;1808;608;874;45;242;;;;1769;3577
"054029";"Monte Castello di Vibio";0;2;0;0;0;;;;2;6;0;0;0;;;;6;8
"054029";"Monte Castello di Vibio";1;2;0;0;0;;;;2;0;0;0;0;;;;0;2
"054029";"Monte Castello di Vibio";2;2;0;0;0;;;;2;5;0;0;0;;;;5;7
"054029";"Monte Castello di Vibio";3;5;0;0;0;;;;5;4;0;0;0;;;;4;9
"054029";"Monte Castello di Vibio";4;6;0;0;0;;;;6;2;0;0;0;;;;2;8
"054029";"Monte Castello di Vibio";5;5;0;0;0;;;;5;4;0;0;0;;;;4;9
"054029";"Monte Castello di Vibio";6;5;0;0;0;;;;5;4;0;0;0;;;;4;9
"054029";"Monte Castello di Vibio";7;4;0;0;0;;;;4;0;0;0;0;;;;0;4
"054029";"Monte Castello di Vibio";8;5;0;0;0;;;;5;1;0;0;0;;;;1;6
"054029";"Monte Castello di Vibio";9;5;0;0;0;;;;5;8;0;0;0;;;;8;13
"054029";"Monte Castello di Vibio";10;3;0;0;0;;;;3;7;0;0;0;;;;7;10
"054029";"Monte Castello di Vibio";11;9;0;0;0;;;;9;8;0;0;0;;;;8;17
"054029";"Monte Castello di Vibio";12;5;0;0;0;;;;5;4;0;0;0;;;;4;9
"054029";"Monte Castello di Vibio";13;6;0;0;0;;;;6;3;0;0;0;;;;3;9
"054029";"Monte Castello di Vibio";14;10;0;0;0;;;;10;3;0;0;0;;;;3;13
"054029";"Monte Castello di Vibio";15;3;0;0;0;;;;3;6;0;0;0;;;;6;9
"054029";"Monte Castello di Vibio";16;6;0;0;0;;;;6;7;0;0;0;;;;7;13
"054029";"Monte Castello di Vibio";17;6;0;0;0;;;;6;5;0;0;0;;;;5;11
"054029";"Monte Castello di Vibio";18;5;0;0;0;;;;5;4;0;0;0;;;;4;9
"054029";"Monte Castello di Vibio";19;4;0;0;0;;;;4;3;0;0;0;;;;3;7
"054029";"Monte Castello di Vibio";20;12;0;0;0;;;;12;4;0;0;0;;;;4;16
"054029";"Monte Castello di Vibio";21;3;0;0;0;;;;3;5;0;0;0;;;;5;8
"054029";"Monte Castello di Vibio";22;2;0;0;0;;;;2;2;0;0;0;;;;2;4
"054029";"Monte Castello di Vibio";23;5;0;0;0;;;;5;3;1;0;0;;;;4;9
"054029";"Monte Castello di Vibio";24;5;0;0;0;;;;5;3;0;0;0;;;;3;8
"054029";"Monte Castello di Vibio";25;5;0;0;0;;;;5;5;1;0;0;;;;6;11
"054029";"Monte Castello di Vibio";26;7;0;0;0;;;;7;5;1;0;0;;;;6;13
"054029";"Monte Castello di Vibio";27;7;0;0;0;;;;7;3;1;0;0;;;;4;11
"054029";"Monte Castello di Vibio";28;5;0;0;0;;;;5;2;1;0;0;;;;3;8
"054029";"Monte Castello di Vibio";29;1;1;0;0;;;;2;4;0;0;0;;;;4;6
"054029";"Monte Castello di Vibio";30;6;0;0;0;;;;6;5;3;0;0;;;;8;14
"054029";"Monte Castello di Vibio";31;10;1;0;0;;;;11;7;2;0;0;;;;9;20
"054029";"Monte Castello di Vibio";32;3;2;0;0;;;;5;8;2;0;0;;;;10;15
"054029";"Monte Castello di Vibio";33;6;2;0;0;;;;8;8;1;0;0;;;;9;17
"054029";"Monte Castello di Vibio";34;7;2;0;0;;;;9;4;0;0;0;;;;4;13
"054029";"Monte Castello di Vibio";35;8;4;0;0;;;;12;3;2;0;0;;;;5;17
"054029";"Monte Castello di Vibio";36;6;0;0;0;;;;6;1;2;0;0;;;;3;9
"054029";"Monte Castello di Vibio";37;6;2;0;0;;;;8;3;4;1;0;;;;8;16
"054029";"Monte Castello di Vibio";38;4;3;0;0;;;;7;1;2;0;0;;;;3;10
"054029";"Monte Castello di Vibio";39;5;2;1;0;;;;8;3;3;0;0;;;;6;14
"054029";"Monte Castello di Vibio";40;8;3;0;0;;;;11;0;2;1;0;;;;3;14
"054029";"Monte Castello di Vibio";41;6;5;0;0;;;;11;6;6;0;0;;;;12;23
"054029";"Monte Castello di Vibio";42;7;3;0;0;;;;10;2;3;1;0;;;;6;16
"054029";"Monte Castello di Vibio";43;2;4;0;0;;;;6;3;3;0;0;;;;6;12
"054029";"Monte Castello di Vibio";44;3;5;0;0;;;;8;3;6;0;0;;;;9;17
"054029";"Monte Castello di Vibio";45;1;5;0;0;;;;6;4;4;1;0;;;;9;15
"054029";"Monte Castello di Vibio";46;3;4;0;0;;;;7;5;5;2;0;;;;12;19
"054029";"Monte Castello di Vibio";47;6;7;0;0;;;;13;2;5;1;0;;;;8;21
"054029";"Monte Castello di Vibio";48;4;6;1;0;;;;11;0;5;0;0;;;;5;16
"054029";"Monte Castello di Vibio";49;1;6;1;0;;;;8;3;2;0;0;;;;5;13
"054029";"Monte Castello di Vibio";50;1;2;1;0;;;;4;1;8;0;1;;;;10;14
"054029";"Monte Castello di Vibio";51;4;6;0;0;;;;10;0;9;1;1;;;;11;21
"054029";"Monte Castello di Vibio";52;2;7;1;0;;;;10;2;5;0;0;;;;7;17
"054029";"Monte Castello di Vibio";53;5;3;1;0;;;;9;1;5;0;2;;;;8;17
"054029";"Monte Castello di Vibio";54;2;5;1;0;;;;8;1;11;0;0;;;;12;20
"054029";"Monte Castello di Vibio";55;3;10;1;0;;;;14;4;6;0;1;;;;11;25
"054029";"Monte Castello di Vibio";56;4;10;2;0;;;;16;2;7;3;1;;;;13;29
"054029";"Monte Castello di Vibio";57;7;6;2;0;;;;15;1;7;3;1;;;;12;27
"054029";"Monte Castello di Vibio";58;1;14;0;0;;;;15;1;5;0;0;;;;6;21
"054029";"Monte Castello di Vibio";59;4;5;0;0;;;;9;1;7;3;0;;;;11;20
"054029";"Monte Castello di Vibio";60;1;8;1;0;;;;10;2;10;2;0;;;;14;24
"054029";"Monte Castello di Vibio";61;1;9;1;0;;;;11;0;6;2;1;;;;9;20
"054029";"Monte Castello di Vibio";62;1;9;0;0;;;;10;0;8;2;0;;;;10;20
"054029";"Monte Castello di Vibio";63;1;8;1;1;;;;11;1;11;0;1;;;;13;24
"054029";"Monte Castello di Vibio";64;2;5;1;1;;;;9;1;11;0;1;;;;13;22
"054029";"Monte Castello di Vibio";65;1;8;1;1;;;;11;1;12;0;1;;;;14;25
"054029";"Monte Castello di Vibio";66;1;10;2;0;;;;13;0;6;0;2;;;;8;21
"054029";"Monte Castello di Vibio";67;4;11;0;1;;;;16;2;11;0;1;;;;14;30
"054029";"Monte Castello di Vibio";68;1;8;1;0;;;;10;0;7;0;3;;;;10;20
"054029";"Monte Castello di Vibio";69;1;8;0;0;;;;9;0;10;0;0;;;;10;19
"054029";"Monte Castello di Vibio";70;1;7;2;0;;;;10;0;11;1;2;;;;14;24
"054029";"Monte Castello di Vibio";71;1;10;1;1;;;;13;0;6;1;3;;;;10;23
"054029";"Monte Castello di Vibio";72;1;12;2;3;;;;18;0;1;2;1;;;;4;22
"054029";"Monte Castello di Vibio";73;3;7;1;0;;;;11;0;14;0;1;;;;15;26
"054029";"Monte Castello di Vibio";74;1;15;0;0;;;;16;1;6;0;3;;;;10;26
"054029";"Monte Castello di Vibio";75;1;8;0;0;;;;9;0;9;0;3;;;;12;21
"054029";"Monte Castello di Vibio";76;2;6;0;1;;;;9;1;7;1;2;;;;11;20
"054029";"Monte Castello di Vibio";77;0;5;1;0;;;;6;1;9;1;4;;;;15;21
"054029";"Monte Castello di Vibio";78;1;4;2;1;;;;8;1;7;0;3;;;;11;19
"054029";"Monte Castello di Vibio";79;1;5;0;0;;;;6;1;2;1;2;;;;6;12
"054029";"Monte Castello di Vibio";80;0;7;0;0;;;;7;0;8;0;6;;;;14;21
"054029";"Monte Castello di Vibio";81;2;8;0;0;;;;10;1;4;0;2;;;;7;17
"054029";"Monte Castello di Vibio";82;1;7;1;0;;;;9;0;6;0;5;;;;11;20
"054029";"Monte Castello di Vibio";83;0;5;0;1;;;;6;0;3;1;3;;;;7;13
"054029";"Monte Castello di Vibio";84;2;6;1;1;;;;10;0;2;0;5;;;;7;17
"054029";"Monte Castello di Vibio";85;3;5;0;0;;;;8;0;2;0;5;;;;7;15
"054029";"Monte Castello di Vibio";86;0;7;0;1;;;;8;0;1;0;5;;;;6;14
"054029";"Monte Castello di Vibio";87;0;0;1;0;;;;1;0;4;0;10;;;;14;15
"054029";"Monte Castello di Vibio";88;1;5;0;0;;;;6;0;1;0;6;;;;7;13
"054029";"Monte Castello di Vibio";89;0;1;0;1;;;;2;0;0;0;5;;;;5;7
"054029";"Monte Castello di Vibio";90;0;1;0;0;;;;1;0;1;0;2;;;;3;4
"054029";"Monte Castello di Vibio";91;0;0;0;3;;;;3;0;0;0;4;;;;4;7
"054029";"Monte Castello di Vibio";92;0;0;0;0;;;;0;0;0;0;0;;;;0;0
"054029";"Monte Castello di Vibio";93;0;1;0;1;;;;2;1;0;0;4;;;;5;7
"054029";"Monte Castello di Vibio";94;0;0;0;0;;;;0;0;0;0;1;;;;1;1
"054029";"Monte Castello di Vibio";95;0;0;0;0;;;;0;0;0;0;3;;;;3;3
"054029";"Monte Castello di Vibio";96;0;0;0;0;;;;0;0;0;0;4;;;;4;4
"054029";"Monte Castello di Vibio";97;0;0;0;1;;;;1;0;0;0;1;;;;1;2
"054029";"Monte Castello di Vibio";98;0;0;0;0;;;;0;0;0;0;0;;;;0;0
"054029";"Monte Castello di Vibio";99;0;0;0;0;;;;0;1;0;0;0;;;;1;1
"054029";"Monte Castello di Vibio";100;0;0;0;0;;;;0;0;0;0;0;;;;0;0
"054029";"Monte Castello di Vibio";999;320;351;32;19;;;;722;220;333;31;112;;;;696;1418
"054030";"Montefalco";0;17;0;0;0;;;;17;19;0;0;0;;;;19;36
"054030";"Montefalco";1;9;0;0;0;;;;9;12;0;0;0;;;;12;21
"054030";"Montefalco";2;14;0;0;0;;;;14;15;0;0;0;;;;15;29
"054030";"Montefalco";3;20;0;0;0;;;;20;18;0;0;0;;;;18;38
"054030";"Montefalco";4;15;0;0;0;;;;15;12;0;0;0;;;;12;27
"054030";"Montefalco";5;17;0;0;0;;;;17;23;0;0;0;;;;23;40
"054030";"Montefalco";6;22;0;0;0;;;;22;15;0;0;0;;;;15;37
"054030";"Montefalco";7;28;0;0;0;;;;28;13;0;0;0;;;;13;41
"054030";"Montefalco";8;25;0;0;0;;;;25;25;0;0;0;;;;25;50
"054030";"Montefalco";9;16;0;0;0;;;;16;19;0;0;0;;;;19;35
"054030";"Montefalco";10;16;0;0;0;;;;16;19;0;0;0;;;;19;35
"054030";"Montefalco";11;26;0;0;0;;;;26;20;0;0;0;;;;20;46
"054030";"Montefalco";12;12;0;0;0;;;;12;11;0;0;0;;;;11;23
"054030";"Montefalco";13;15;0;0;0;;;;15;32;0;0;0;;;;32;47
"054030";"Montefalco";14;19;0;0;0;;;;19;12;0;0;0;;;;12;31
"054030";"Montefalco";15;17;0;0;0;;;;17;21;0;0;0;;;;21;38
"054030";"Montefalco";16;11;0;0;0;;;;11;18;0;0;0;;;;18;29
"054030";"Montefalco";17;16;0;0;0;;;;16;23;0;0;0;;;;23;39
"054030";"Montefalco";18;30;0;0;0;;;;30;24;0;0;0;;;;24;54
"054030";"Montefalco";19;24;0;0;0;;;;24;20;0;0;0;;;;20;44
"054030";"Montefalco";20;25;0;0;0;;;;25;26;0;0;0;;;;26;51
"054030";"Montefalco";21;31;0;0;0;;;;31;17;0;0;0;;;;17;48
"054030";"Montefalco";22;21;0;0;0;;;;21;12;1;0;0;;;;13;34
"054030";"Montefalco";23;29;0;0;0;;;;29;24;3;0;0;;;;27;56
"054030";"Montefalco";24;31;0;0;0;;;;31;24;1;0;0;;;;25;56
"054030";"Montefalco";25;23;0;0;0;;;;23;22;3;0;0;;;;25;48
"054030";"Montefalco";26;23;0;0;0;;;;23;27;1;1;0;;;;29;52
"054030";"Montefalco";27;20;0;0;0;;;;20;14;2;1;0;;;;17;37
"054030";"Montefalco";28;22;1;0;0;;;;23;22;3;0;0;;;;25;48
"054030";"Montefalco";29;30;2;0;0;;;;32;20;2;0;0;;;;22;54
"054030";"Montefalco";30;16;5;0;0;;;;21;25;8;0;0;;;;33;54
"054030";"Montefalco";31;37;5;0;0;;;;42;17;6;0;0;;;;23;65
"054030";"Montefalco";32;18;1;0;0;;;;19;15;5;0;0;;;;20;39
"054030";"Montefalco";33;25;3;0;0;;;;28;11;7;0;0;;;;18;46
"054030";"Montefalco";34;25;4;1;0;;;;30;21;4;0;0;;;;25;55
"054030";"Montefalco";35;23;3;0;1;;;;27;20;5;1;0;;;;26;53
"054030";"Montefalco";36;15;9;0;0;;;;24;12;12;1;0;;;;25;49
"054030";"Montefalco";37;25;11;0;0;;;;36;24;14;0;0;;;;38;74
"054030";"Montefalco";38;19;11;0;0;;;;30;7;12;0;0;;;;19;49
"054030";"Montefalco";39;17;9;0;0;;;;26;12;13;2;0;;;;27;53
"054030";"Montefalco";40;10;7;0;0;;;;17;12;16;1;0;;;;29;46
"054030";"Montefalco";41;21;17;0;1;;;;39;10;13;3;1;;;;27;66
"054030";"Montefalco";42;22;14;3;0;;;;39;12;17;1;0;;;;30;69
"054030";"Montefalco";43;19;19;2;0;;;;40;15;18;1;0;;;;34;74
"054030";"Montefalco";44;19;12;1;0;;;;32;10;19;0;0;;;;29;61
"054030";"Montefalco";45;13;20;0;0;;;;33;6;21;2;1;;;;30;63
"054030";"Montefalco";46;16;19;5;1;;;;41;11;24;3;1;;;;39;80
"054030";"Montefalco";47;19;24;5;0;;;;48;9;13;1;0;;;;23;71
"054030";"Montefalco";48;19;19;1;0;;;;39;9;31;8;2;;;;50;89
"054030";"Montefalco";49;14;20;1;0;;;;35;16;19;4;1;;;;40;75
"054030";"Montefalco";50;14;23;2;0;;;;39;8;26;3;0;;;;37;76
"054030";"Montefalco";51;12;20;5;0;;;;37;9;40;3;1;;;;53;90
"054030";"Montefalco";52;12;42;2;0;;;;56;8;31;2;1;;;;42;98
"054030";"Montefalco";53;9;30;4;1;;;;44;8;31;1;1;;;;41;85
"054030";"Montefalco";54;11;26;4;0;;;;41;2;28;4;1;;;;35;76
"054030";"Montefalco";55;13;29;0;0;;;;42;1;25;4;0;;;;30;72
"054030";"Montefalco";56;12;20;1;1;;;;34;5;30;1;3;;;;39;73
"054030";"Montefalco";57;9;23;2;0;;;;34;7;37;1;3;;;;48;82
"054030";"Montefalco";58;8;29;2;0;;;;39;5;31;5;4;;;;45;84
"054030";"Montefalco";59;5;38;2;0;;;;45;4;34;4;1;;;;43;88
"054030";"Montefalco";60;4;45;4;0;;;;53;4;37;3;5;;;;49;102
"054030";"Montefalco";61;7;30;1;1;;;;39;9;45;1;2;;;;57;96
"054030";"Montefalco";62;6;31;3;0;;;;40;4;36;6;3;;;;49;89
"054030";"Montefalco";63;12;27;3;0;;;;42;3;28;2;3;;;;36;78
"054030";"Montefalco";64;3;29;3;2;;;;37;2;30;2;2;;;;36;73
"054030";"Montefalco";65;3;33;2;0;;;;38;1;34;2;5;;;;42;80
"054030";"Montefalco";66;6;31;0;1;;;;38;2;29;4;5;;;;40;78
"054030";"Montefalco";67;1;32;0;0;;;;33;7;26;0;3;;;;36;69
"054030";"Montefalco";68;2;32;2;1;;;;37;0;23;5;4;;;;32;69
"054030";"Montefalco";69;2;17;2;2;;;;23;3;25;2;3;;;;33;56
"054030";"Montefalco";70;2;32;4;3;;;;41;3;22;1;7;;;;33;74
"054030";"Montefalco";71;6;21;1;1;;;;29;3;30;0;2;;;;35;64
"054030";"Montefalco";72;4;22;1;0;;;;27;0;29;2;11;;;;42;69
"054030";"Montefalco";73;3;33;0;2;;;;38;1;25;1;5;;;;32;70
"054030";"Montefalco";74;1;21;1;2;;;;25;1;28;0;10;;;;39;64
"054030";"Montefalco";75;1;26;2;0;;;;29;1;21;1;7;;;;30;59
"054030";"Montefalco";76;2;34;1;4;;;;41;2;22;3;13;;;;40;81
"054030";"Montefalco";77;2;18;0;1;;;;21;2;18;1;10;;;;31;52
"054030";"Montefalco";78;4;29;0;4;;;;37;0;20;0;11;;;;31;68
"054030";"Montefalco";79;3;23;1;2;;;;29;3;12;0;16;;;;31;60
"054030";"Montefalco";80;0;22;0;1;;;;23;1;7;0;13;;;;21;44
"054030";"Montefalco";81;2;14;0;3;;;;19;0;13;2;9;;;;24;43
"054030";"Montefalco";82;2;25;1;5;;;;33;0;8;1;17;;;;26;59
"054030";"Montefalco";83;3;16;0;5;;;;24;1;9;0;19;;;;29;53
"054030";"Montefalco";84;1;11;0;4;;;;16;1;5;0;17;;;;23;39
"054030";"Montefalco";85;2;12;0;1;;;;15;1;6;1;18;;;;26;41
"054030";"Montefalco";86;2;11;0;5;;;;18;1;7;0;19;;;;27;45
"054030";"Montefalco";87;3;11;0;4;;;;18;0;3;0;9;;;;12;30
"054030";"Montefalco";88;2;8;0;3;;;;13;0;2;0;14;;;;16;29
"054030";"Montefalco";89;1;5;0;2;;;;8;0;0;0;17;;;;17;25
"054030";"Montefalco";90;1;4;0;1;;;;6;2;4;0;20;;;;26;32
"054030";"Montefalco";91;1;1;0;3;;;;5;2;3;0;11;;;;16;21
"054030";"Montefalco";92;0;7;0;1;;;;8;0;1;0;8;;;;9;17
"054030";"Montefalco";93;1;2;0;4;;;;7;0;0;0;4;;;;4;11
"054030";"Montefalco";94;0;2;0;0;;;;2;1;0;0;6;;;;7;9
"054030";"Montefalco";95;0;0;0;2;;;;2;0;0;0;3;;;;3;5
"054030";"Montefalco";96;0;0;0;0;;;;0;0;0;0;7;;;;7;7
"054030";"Montefalco";97;0;0;0;0;;;;0;1;0;0;1;;;;2;2
"054030";"Montefalco";98;0;0;0;1;;;;1;0;0;0;2;;;;2;3
"054030";"Montefalco";99;0;0;0;0;;;;0;0;0;0;1;;;;1;1
"054030";"Montefalco";100;0;0;0;0;;;;0;0;1;0;4;;;;5;5
"054030";"Montefalco";999;1216;1232;75;76;;;;2599;972;1215;98;367;;;;2652;5251
"054031";"Monteleone di Spoleto";0;2;0;0;0;;;;2;2;0;0;0;;;;2;4
"054031";"Monteleone di Spoleto";1;1;0;0;0;;;;1;2;0;0;0;;;;2;3
"054031";"Monteleone di Spoleto";2;0;0;0;0;;;;0;0;0;0;0;;;;0;0
"054031";"Monteleone di Spoleto";3;1;0;0;0;;;;1;1;0;0;0;;;;1;2
"054031";"Monteleone di Spoleto";4;2;0;0;0;;;;2;2;0;0;0;;;;2;4
"054031";"Monteleone di Spoleto";5;2;0;0;0;;;;2;2;0;0;0;;;;2;4
"054031";"Monteleone di Spoleto";6;0;0;0;0;;;;0;2;0;0;0;;;;2;2
"054031";"Monteleone di Spoleto";7;0;0;0;0;;;;0;2;0;0;0;;;;2;2
"054031";"Monteleone di Spoleto";8;1;0;0;0;;;;1;0;0;0;0;;;;0;1
"054031";"Monteleone di Spoleto";9;1;0;0;0;;;;1;1;0;0;0;;;;1;2
"054031";"Monteleone di Spoleto";10;0;0;0;0;;;;0;4;0;0;0;;;;4;4
"054031";"Monteleone di Spoleto";11;0;0;0;0;;;;0;2;0;0;0;;;;2;2
"054031";"Monteleone di Spoleto";12;0;0;0;0;;;;0;0;0;0;0;;;;0;0
"054031";"Monteleone di Spoleto";13;3;0;0;0;;;;3;2;0;0;0;;;;2;5
"054031";"Monteleone di Spoleto";14;0;0;0;0;;;;0;1;0;0;0;;;;1;1
"054031";"Monteleone di Spoleto";15;2;0;0;0;;;;2;1;0;0;0;;;;1;3
"054031";"Monteleone di Spoleto";16;1;0;0;0;;;;1;1;0;0;0;;;;1;2
"054031";"Monteleone di Spoleto";17;1;0;0;0;;;;1;3;0;0;0;;;;3;4
"054031";"Monteleone di Spoleto";18;2;0;0;0;;;;2;3;0;0;0;;;;3;5
"054031";"Monteleone di Spoleto";19;2;0;0;0;;;;2;1;0;0;0;;;;1;3
"054031";"Monteleone di Spoleto";20;1;0;0;0;;;;1;2;0;0;0;;;;2;3
"054031";"Monteleone di Spoleto";21;5;0;0;0;;;;5;8;0;0;0;;;;8;13
"054031";"Monteleone di Spoleto";22;3;0;0;0;;;;3;1;0;0;0;;;;1;4
"054031";"Monteleone di Spoleto";23;2;0;0;0;;;;2;3;0;0;0;;;;3;5
"054031";"Monteleone di Spoleto";24;4;0;0;0;;;;4;3;0;0;0;;;;3;7
"054031";"Monteleone di Spoleto";25;4;0;0;0;;;;4;1;0;0;0;;;;1;5
"054031";"Monteleone di Spoleto";26;6;0;0;0;;;;6;3;0;0;0;;;;3;9
"054031";"Monteleone di Spoleto";27;6;0;0;0;;;;6;2;0;0;0;;;;2;8
"054031";"Monteleone di Spoleto";28;1;0;0;0;;;;1;2;0;0;0;;;;2;3
"054031";"Monteleone di Spoleto";29;4;0;0;0;;;;4;1;1;0;0;;;;2;6
"054031";"Monteleone di Spoleto";30;7;0;0;0;;;;7;1;1;0;0;;;;2;9
"054031";"Monteleone di Spoleto";31;3;2;0;0;;;;5;4;0;0;0;;;;4;9
"054031";"Monteleone di Spoleto";32;1;0;0;0;;;;1;0;1;0;0;;;;1;2
"054031";"Monteleone di Spoleto";33;1;1;0;0;;;;2;2;0;0;0;;;;2;4
"054031";"Monteleone di Spoleto";34;5;0;0;0;;;;5;3;1;0;0;;;;4;9
"054031";"Monteleone di Spoleto";35;2;0;0;0;;;;2;2;0;0;0;;;;2;4
"054031";"Monteleone di Spoleto";36;3;1;0;0;;;;4;1;0;0;0;;;;1;5
"054031";"Monteleone di Spoleto";37;2;1;0;0;;;;3;2;0;0;0;;;;2;5
"054031";"Monteleone di Spoleto";38;2;0;0;0;;;;2;1;0;0;0;;;;1;3
"054031";"Monteleone di Spoleto";39;2;1;0;0;;;;3;1;2;1;0;;;;4;7
"054031";"Monteleone di Spoleto";40;2;0;0;0;;;;2;0;0;0;0;;;;0;2
"054031";"Monteleone di Spoleto";41;3;1;0;0;;;;4;2;0;1;0;;;;3;7
"054031";"Monteleone di Spoleto";42;3;1;0;0;;;;4;1;1;0;1;;;;3;7
"054031";"Monteleone di Spoleto";43;1;1;1;0;;;;3;2;2;0;0;;;;4;7
"054031";"Monteleone di Spoleto";44;5;2;0;0;;;;7;2;4;0;0;;;;6;13
"054031";"Monteleone di Spoleto";45;1;1;0;0;;;;2;0;1;0;0;;;;1;3
"054031";"Monteleone di Spoleto";46;3;0;0;0;;;;3;1;0;0;0;;;;1;4
"054031";"Monteleone di Spoleto";47;2;1;0;0;;;;3;1;2;0;0;;;;3;6
"054031";"Monteleone di Spoleto";48;1;0;0;0;;;;1;0;2;0;0;;;;2;3
"054031";"Monteleone di Spoleto";49;1;0;0;0;;;;1;0;4;0;0;;;;4;5
"054031";"Monteleone di Spoleto";50;2;1;0;0;;;;3;0;3;0;0;;;;3;6
"054031";"Monteleone di Spoleto";51;0;0;0;0;;;;0;1;1;0;0;;;;2;2
"054031";"Monteleone di Spoleto";52;2;3;2;0;;;;7;0;3;0;0;;;;3;10
"054031";"Monteleone di Spoleto";53;1;4;0;0;;;;5;0;3;1;0;;;;4;9
"054031";"Monteleone di Spoleto";54;1;3;0;0;;;;4;0;5;0;0;;;;5;9
"054031";"Monteleone di Spoleto";55;0;6;0;1;;;;7;1;0;0;0;;;;1;8
"054031";"Monteleone di Spoleto";56;1;2;0;0;;;;3;0;2;0;0;;;;2;5
"054031";"Monteleone di Spoleto";57;0;4;0;0;;;;4;0;6;1;0;;;;7;11
"054031";"Monteleone di Spoleto";58;2;3;2;0;;;;7;0;4;0;0;;;;4;11
"054031";"Monteleone di Spoleto";59;1;1;1;0;;;;3;0;5;0;0;;;;5;8
"054031";"Monteleone di Spoleto";60;0;6;0;0;;;;6;0;6;0;0;;;;6;12
"054031";"Monteleone di Spoleto";61;0;4;0;0;;;;4;1;4;0;1;;;;6;10
"054031";"Monteleone di Spoleto";62;0;9;0;1;;;;10;0;4;0;0;;;;4;14
"054031";"Monteleone di Spoleto";63;0;7;0;0;;;;7;0;3;0;1;;;;4;11
"054031";"Monteleone di Spoleto";64;0;6;0;0;;;;6;0;6;0;0;;;;6;12
"054031";"Monteleone di Spoleto";65;0;3;0;0;;;;3;1;1;0;0;;;;2;5
"054031";"Monteleone di Spoleto";66;0;3;0;0;;;;3;1;3;0;1;;;;5;8
"054031";"Monteleone di Spoleto";67;2;6;1;0;;;;9;0;5;1;1;;;;7;16
"054031";"Monteleone di Spoleto";68;0;7;1;0;;;;8;0;5;0;2;;;;7;15
"054031";"Monteleone di Spoleto";69;1;1;0;0;;;;2;0;3;1;1;;;;5;7
"054031";"Monteleone di Spoleto";70;2;5;0;0;;;;7;0;5;0;1;;;;6;13
"054031";"Monteleone di Spoleto";71;0;4;0;0;;;;4;0;2;0;0;;;;2;6
"054031";"Monteleone di Spoleto";72;0;4;0;0;;;;4;0;4;0;0;;;;4;8
"054031";"Monteleone di Spoleto";73;1;5;0;0;;;;6;0;2;0;1;;;;3;9
"054031";"Monteleone di Spoleto";74;0;2;0;0;;;;2;1;2;1;4;;;;8;10
"054031";"Monteleone di Spoleto";75;0;2;0;0;;;;2;0;0;0;0;;;;0;2
"054031";"Monteleone di Spoleto";76;1;0;0;1;;;;2;0;2;0;1;;;;3;5
"054031";"Monteleone di Spoleto";77;0;5;0;0;;;;5;1;2;0;1;;;;4;9
"054031";"Monteleone di Spoleto";78;0;3;0;0;;;;3;0;2;0;1;;;;3;6
"054031";"Monteleone di Spoleto";79;1;2;0;0;;;;3;0;1;0;1;;;;2;5
"054031";"Monteleone di Spoleto";80;1;1;0;0;;;;2;1;1;0;1;;;;3;5
"054031";"Monteleone di Spoleto";81;0;0;0;0;;;;0;0;2;0;0;;;;2;2
"054031";"Monteleone di Spoleto";82;0;3;0;1;;;;4;0;1;0;2;;;;3;7
"054031";"Monteleone di Spoleto";83;0;1;0;0;;;;1;0;0;0;1;;;;1;2
"054031";"Monteleone di Spoleto";84;1;1;0;0;;;;2;0;2;0;2;;;;4;6
"054031";"Monteleone di Spoleto";85;0;1;0;1;;;;2;0;0;0;2;;;;2;4
"054031";"Monteleone di Spoleto";86;0;2;0;0;;;;2;0;0;0;2;;;;2;4
"054031";"Monteleone di Spoleto";87;0;0;0;0;;;;0;0;0;0;1;;;;1;1
"054031";"Monteleone di Spoleto";88;0;0;0;0;;;;0;1;0;0;1;;;;2;2
"054031";"Monteleone di Spoleto";89;0;0;0;0;;;;0;0;0;0;2;;;;2;2
"054031";"Monteleone di Spoleto";90;0;0;0;0;;;;0;0;0;0;1;;;;1;1
"054031";"Monteleone di Spoleto";91;0;1;0;1;;;;2;0;0;0;1;;;;1;3
"054031";"Monteleone di Spoleto";92;0;0;0;0;;;;0;0;1;0;1;;;;2;2
"054031";"Monteleone di Spoleto";93;0;0;0;1;;;;1;0;0;0;3;;;;3;4
"054031";"Monteleone di Spoleto";94;0;0;0;0;;;;0;0;0;0;0;;;;0;0
"054031";"Monteleone di Spoleto";95;0;0;0;0;;;;0;0;0;0;1;;;;1;1
"054031";"Monteleone di Spoleto";96;0;0;0;0;;;;0;0;0;0;0;;;;0;0
"054031";"Monteleone di Spoleto";97;0;0;0;0;;;;0;0;0;0;0;;;;0;0
"054031";"Monteleone di Spoleto";98;0;0;0;0;;;;0;0;0;0;0;;;;0;0
"054031";"Monteleone di Spoleto";99;0;0;0;0;;;;0;0;0;0;1;;;;1;1
"054031";"Monteleone di Spoleto";100;0;0;0;0;;;;0;0;0;0;0;;;;0;0
"054031";"Monteleone di Spoleto";999;127;134;8;7;;;;276;93;123;7;40;;;;263;539
"054032";"Monte Santa Maria Tiberina";0;4;0;0;0;;;;4;1;0;0;0;;;;1;5
"054032";"Monte Santa Maria Tiberina";1;0;0;0;0;;;;0;3;0;0;0;;;;3;3
"054032";"Monte Santa Maria Tiberina";2;3;0;0;0;;;;3;4;0;0;0;;;;4;7
"054032";"Monte Santa Maria Tiberina";3;2;0;0;0;;;;2;2;0;0;0;;;;2;4
"054032";"Monte Santa Maria Tiberina";4;5;0;0;0;;;;5;6;0;0;0;;;;6;11
"054032";"Monte Santa Maria Tiberina";5;0;0;0;0;;;;0;5;0;0;0;;;;5;5
"054032";"Monte Santa Maria Tiberina";6;4;0;0;0;;;;4;5;0;0;0;;;;5;9
"054032";"Monte Santa Maria Tiberina";7;1;0;0;0;;;;1;9;0;0;0;;;;9;10
"054032";"Monte Santa Maria Tiberina";8;2;0;0;0;;;;2;5;0;0;0;;;;5;7
"054032";"Monte Santa Maria Tiberina";9;3;0;0;0;;;;3;3;0;0;0;;;;3;6
"054032";"Monte Santa Maria Tiberina";10;6;0;0;0;;;;6;2;0;0;0;;;;2;8
"054032";"Monte Santa Maria Tiberina";11;3;0;0;0;;;;3;3;0;0;0;;;;3;6
"054032";"Monte Santa Maria Tiberina";12;4;0;0;0;;;;4;9;0;0;0;;;;9;13
"054032";"Monte Santa Maria Tiberina";13;3;0;0;0;;;;3;5;0;0;0;;;;5;8
"054032";"Monte Santa Maria Tiberina";14;8;0;0;0;;;;8;3;0;0;0;;;;3;11
"054032";"Monte Santa Maria Tiberina";15;2;0;0;0;;;;2;3;0;0;0;;;;3;5
"054032";"Monte Santa Maria Tiberina";16;4;0;0;0;;;;4;6;0;0;0;;;;6;10
"054032";"Monte Santa Maria Tiberina";17;5;0;0;0;;;;5;5;0;0;0;;;;5;10
"054032";"Monte Santa Maria Tiberina";18;7;0;0;0;;;;7;4;0;0;0;;;;4;11
"054032";"Monte Santa Maria Tiberina";19;6;0;0;0;;;;6;6;0;0;0;;;;6;12
"054032";"Monte Santa Maria Tiberina";20;5;0;0;0;;;;5;2;0;0;0;;;;2;7
"054032";"Monte Santa Maria Tiberina";21;3;0;0;0;;;;3;3;0;0;0;;;;3;6
"054032";"Monte Santa Maria Tiberina";22;3;0;0;0;;;;3;4;0;0;0;;;;4;7
"054032";"Monte Santa Maria Tiberina";23;4;0;0;0;;;;4;0;0;0;0;;;;0;4
"054032";"Monte Santa Maria Tiberina";24;3;0;0;0;;;;3;3;0;0;0;;;;3;6
"054032";"Monte Santa Maria Tiberina";25;4;0;0;0;;;;4;8;0;0;0;;;;8;12
"054032";"Monte Santa Maria Tiberina";26;6;0;0;0;;;;6;4;0;0;0;;;;4;10
"054032";"Monte Santa Maria Tiberina";27;1;0;0;0;;;;1;2;1;0;0;;;;3;4
"054032";"Monte Santa Maria Tiberina";28;5;0;0;0;;;;5;6;1;0;0;;;;7;12
"054032";"Monte Santa Maria Tiberina";29;4;0;0;0;;;;4;2;0;0;0;;;;2;6
"054032";"Monte Santa Maria Tiberina";30;6;2;0;0;;;;8;2;0;0;0;;;;2;10
"054032";"Monte Santa Maria Tiberina";31;9;1;0;0;;;;10;2;1;0;0;;;;3;13
"054032";"Monte Santa Maria Tiberina";32;4;0;0;0;;;;4;0;4;0;0;;;;4;8
"054032";"Monte Santa Maria Tiberina";33;3;2;0;0;;;;5;0;2;0;0;;;;2;7
"054032";"Monte Santa Maria Tiberina";34;4;1;1;0;;;;6;0;0;0;0;;;;0;6
"054032";"Monte Santa Maria Tiberina";35;2;1;0;0;;;;3;4;3;0;0;;;;7;10
"054032";"Monte Santa Maria Tiberina";36;7;2;0;0;;;;9;3;5;0;0;;;;8;17
"054032";"Monte Santa Maria Tiberina";37;4;2;0;0;;;;6;2;5;0;0;;;;7;13
"054032";"Monte Santa Maria Tiberina";38;1;5;0;0;;;;6;0;2;0;0;;;;2;8
"054032";"Monte Santa Maria Tiberina";39;4;2;0;0;;;;6;2;3;0;0;;;;5;11
"054032";"Monte Santa Maria Tiberina";40;4;0;0;0;;;;4;2;3;2;0;;;;7;11
"054032";"Monte Santa Maria Tiberina";41;2;4;0;0;;;;6;3;7;0;0;;;;10;16
"054032";"Monte Santa Maria Tiberina";42;1;4;0;0;;;;5;1;7;0;0;;;;8;13
"054032";"Monte Santa Maria Tiberina";43;4;5;1;0;;;;10;1;3;0;0;;;;4;14
"054032";"Monte Santa Maria Tiberina";44;0;3;0;0;;;;3;0;7;0;0;;;;7;10
"054032";"Monte Santa Maria Tiberina";45;0;3;0;0;;;;3;2;5;0;0;;;;7;10
"054032";"Monte Santa Maria Tiberina";46;1;3;0;0;;;;4;2;4;0;0;;;;6;10
"054032";"Monte Santa Maria Tiberina";47;2;4;0;0;;;;6;1;4;0;0;;;;5;11
"054032";"Monte Santa Maria Tiberina";48;3;4;0;0;;;;7;5;3;0;0;;;;8;15
"054032";"Monte Santa Maria Tiberina";49;2;6;0;0;;;;8;3;5;0;0;;;;8;16
"054032";"Monte Santa Maria Tiberina";50;4;9;0;0;;;;13;3;8;1;0;;;;12;25
"054032";"Monte Santa Maria Tiberina";51;1;5;1;0;;;;7;2;8;0;0;;;;10;17
"054032";"Monte Santa Maria Tiberina";52;5;4;0;0;;;;9;2;5;0;1;;;;8;17
"054032";"Monte Santa Maria Tiberina";53;1;7;0;0;;;;8;0;17;1;1;;;;19;27
"054032";"Monte Santa Maria Tiberina";54;2;8;0;0;;;;10;1;6;1;0;;;;8;18
"054032";"Monte Santa Maria Tiberina";55;3;6;1;0;;;;10;0;6;0;1;;;;7;17
"054032";"Monte Santa Maria Tiberina";56;4;4;0;0;;;;8;3;7;0;0;;;;10;18
"054032";"Monte Santa Maria Tiberina";57;1;5;0;0;;;;6;0;2;0;0;;;;2;8
"054032";"Monte Santa Maria Tiberina";58;3;7;1;0;;;;11;0;6;1;0;;;;7;18
"054032";"Monte Santa Maria Tiberina";59;5;12;3;0;;;;20;0;5;0;0;;;;5;25
"054032";"Monte Santa Maria Tiberina";60;1;6;0;2;;;;9;2;5;0;1;;;;8;17
"054032";"Monte Santa Maria Tiberina";61;2;7;0;0;;;;9;1;7;0;2;;;;10;19
"054032";"Monte Santa Maria Tiberina";62;3;12;1;0;;;;16;1;13;0;0;;;;14;30
"054032";"Monte Santa Maria Tiberina";63;1;6;0;0;;;;7;1;9;0;0;;;;10;17
"054032";"Monte Santa Maria Tiberina";64;0;6;0;0;;;;6;1;7;1;0;;;;9;15
"054032";"Monte Santa Maria Tiberina";65;2;8;0;0;;;;10;1;6;2;0;;;;9;19
"054032";"Monte Santa Maria Tiberina";66;0;5;0;1;;;;6;0;7;2;2;;;;11;17
"054032";"Monte Santa Maria Tiberina";67;2;8;0;1;;;;11;0;4;0;0;;;;4;15
"054032";"Monte Santa Maria Tiberina";68;0;13;0;1;;;;14;0;7;1;1;;;;9;23
"054032";"Monte Santa Maria Tiberina";69;0;8;1;0;;;;9;1;6;1;2;;;;10;19
"054032";"Monte Santa Maria Tiberina";70;1;9;0;1;;;;11;1;6;0;3;;;;10;21
"054032";"Monte Santa Maria Tiberina";71;0;6;0;0;;;;6;1;2;0;3;;;;6;12
"054032";"Monte Santa Maria Tiberina";72;1;5;0;0;;;;6;0;3;0;1;;;;4;10
"054032";"Monte Santa Maria Tiberina";73;2;4;0;0;;;;6;1;1;0;1;;;;3;9
"054032";"Monte Santa Maria Tiberina";74;2;4;0;0;;;;6;0;4;0;1;;;;5;11
"054032";"Monte Santa Maria Tiberina";75;0;3;0;1;;;;4;1;6;0;2;;;;9;13
"054032";"Monte Santa Maria Tiberina";76;2;2;0;1;;;;5;0;5;1;4;;;;10;15
"054032";"Monte Santa Maria Tiberina";77;0;2;0;2;;;;4;0;4;0;1;;;;5;9
"054032";"Monte Santa Maria Tiberina";78;0;2;0;1;;;;3;0;1;0;4;;;;5;8
"054032";"Monte Santa Maria Tiberina";79;2;7;0;0;;;;9;0;1;0;0;;;;1;10
"054032";"Monte Santa Maria Tiberina";80;2;3;1;2;;;;8;0;2;0;3;;;;5;13
"054032";"Monte Santa Maria Tiberina";81;0;3;0;0;;;;3;0;2;0;6;;;;8;11
"054032";"Monte Santa Maria Tiberina";82;0;4;0;1;;;;5;0;0;0;3;;;;3;8
"054032";"Monte Santa Maria Tiberina";83;2;5;0;1;;;;8;0;0;0;0;;;;0;8
"054032";"Monte Santa Maria Tiberina";84;0;0;0;1;;;;1;0;2;0;1;;;;3;4
"054032";"Monte Santa Maria Tiberina";85;0;1;0;1;;;;2;0;1;0;7;;;;8;10
"054032";"Monte Santa Maria Tiberina";86;1;1;0;2;;;;4;0;2;0;3;;;;5;9
"054032";"Monte Santa Maria Tiberina";87;0;0;0;1;;;;1;0;0;1;2;;;;3;4
"054032";"Monte Santa Maria Tiberina";88;1;2;0;0;;;;3;0;2;0;1;;;;3;6
"054032";"Monte Santa Maria Tiberina";89;0;1;0;0;;;;1;0;0;0;1;;;;1;2
"054032";"Monte Santa Maria Tiberina";90;0;1;0;0;;;;1;0;0;0;2;;;;2;3
"054032";"Monte Santa Maria Tiberina";91;0;0;0;1;;;;1;0;0;0;4;;;;4;5
"054032";"Monte Santa Maria Tiberina";92;0;0;0;0;;;;0;0;0;0;2;;;;2;2
"054032";"Monte Santa Maria Tiberina";93;0;1;0;1;;;;2;0;0;0;1;;;;1;3
"054032";"Monte Santa Maria Tiberina";94;0;1;0;0;;;;1;0;0;0;3;;;;3;4
"054032";"Monte Santa Maria Tiberina";95;0;0;0;0;;;;0;0;0;0;1;;;;1;1
"054032";"Monte Santa Maria Tiberina";96;0;0;0;0;;;;0;0;0;0;0;;;;0;0
"054032";"Monte Santa Maria Tiberina";97;0;0;0;1;;;;1;0;0;0;0;;;;0;1
"054032";"Monte Santa Maria Tiberina";98;0;0;0;0;;;;0;0;0;0;1;;;;1;1
"054032";"Monte Santa Maria Tiberina";99;0;0;0;0;;;;0;0;0;0;1;;;;1;1
"054032";"Monte Santa Maria Tiberina";100;0;0;0;0;;;;0;0;0;0;1;;;;1;1
"054032";"Monte Santa Maria Tiberina";999;229;267;11;23;;;;530;181;260;15;74;;;;530;1060
"054033";"Montone";0;1;0;0;0;;;;1;3;0;0;0;;;;3;4
"054033";"Montone";1;2;0;0;0;;;;2;6;0;0;0;;;;6;8
"054033";"Montone";2;7;0;0;0;;;;7;4;0;0;0;;;;4;11
"054033";"Montone";3;8;0;0;0;;;;8;5;0;0;0;;;;5;13
"054033";"Montone";4;4;0;0;0;;;;4;5;0;0;0;;;;5;9
"054033";"Montone";5;6;0;0;0;;;;6;3;0;0;0;;;;3;9
"054033";"Montone";6;7;0;0;0;;;;7;1;0;0;0;;;;1;8
"054033";"Montone";7;3;0;0;0;;;;3;4;0;0;0;;;;4;7
"054033";"Montone";8;4;0;0;0;;;;4;4;0;0;0;;;;4;8
"054033";"Montone";9;3;0;0;0;;;;3;4;0;0;0;;;;4;7
"054033";"Montone";10;6;0;0;0;;;;6;13;0;0;0;;;;13;19
"054033";"Montone";11;4;0;0;0;;;;4;3;0;0;0;;;;3;7
"054033";"Montone";12;7;0;0;0;;;;7;5;0;0;0;;;;5;12
"054033";"Montone";13;7;0;0;0;;;;7;5;0;0;0;;;;5;12
"054033";"Montone";14;7;0;0;0;;;;7;13;0;0;0;;;;13;20
"054033";"Montone";15;2;0;0;0;;;;2;8;0;0;0;;;;8;10
"054033";"Montone";16;17;0;0;0;;;;17;6;0;0;0;;;;6;23
"054033";"Montone";17;8;0;0;0;;;;8;8;0;0;0;;;;8;16
"054033";"Montone";18;7;0;0;0;;;;7;8;0;0;0;;;;8;15
"054033";"Montone";19;4;0;0;0;;;;4;5;0;0;0;;;;5;9
"054033";"Montone";20;12;0;0;0;;;;12;10;0;0;0;;;;10;22
"054033";"Montone";21;9;0;0;0;;;;9;7;0;0;0;;;;7;16
"054033";"Montone";22;7;0;0;0;;;;7;8;0;0;0;;;;8;15
"054033";"Montone";23;7;0;0;0;;;;7;8;1;0;0;;;;9;16
"054033";"Montone";24;8;1;0;0;;;;9;4;1;0;0;;;;5;14
"054033";"Montone";25;4;0;0;0;;;;4;6;0;0;0;;;;6;10
"054033";"Montone";26;9;0;0;0;;;;9;5;0;0;0;;;;5;14
"054033";"Montone";27;8;0;0;0;;;;8;7;0;0;0;;;;7;15
"054033";"Montone";28;5;1;0;0;;;;6;4;1;0;0;;;;5;11
"054033";"Montone";29;7;0;0;0;;;;7;2;0;0;0;;;;2;9
"054033";"Montone";30;13;0;0;0;;;;13;6;1;0;0;;;;7;20
"054033";"Montone";31;6;0;0;0;;;;6;5;1;0;0;;;;6;12
"054033";"Montone";32;2;2;0;0;;;;4;7;3;0;0;;;;10;14
"054033";"Montone";33;4;1;0;0;;;;5;2;2;0;0;;;;4;9
"054033";"Montone";34;6;1;0;0;;;;7;5;0;0;0;;;;5;12
"054033";"Montone";35;7;2;0;0;;;;9;2;3;0;0;;;;5;14
"054033";"Montone";36;5;2;0;0;;;;7;6;2;1;0;;;;9;16
"054033";"Montone";37;4;2;0;0;;;;6;6;4;0;0;;;;10;16
"054033";"Montone";38;4;5;0;0;;;;9;2;8;0;0;;;;10;19
"054033";"Montone";39;5;3;0;0;;;;8;7;7;1;0;;;;15;23
"054033";"Montone";40;9;9;0;0;;;;18;3;5;0;0;;;;8;26
"054033";"Montone";41;4;4;0;0;;;;8;4;0;0;0;;;;4;12
"054033";"Montone";42;3;1;0;0;;;;4;3;4;2;0;;;;9;13
"054033";"Montone";43;1;6;3;0;;;;10;2;3;0;0;;;;5;15
"054033";"Montone";44;6;4;0;0;;;;10;3;2;1;0;;;;6;16
"054033";"Montone";45;3;4;0;0;;;;7;3;8;0;0;;;;11;18
"054033";"Montone";46;2;6;2;0;;;;10;1;4;1;0;;;;6;16
"054033";"Montone";47;3;6;0;0;;;;9;2;13;1;0;;;;16;25
"054033";"Montone";48;2;6;0;0;;;;8;5;13;1;0;;;;19;27
"054033";"Montone";49;3;6;1;0;;;;10;2;4;2;0;;;;8;18
"054033";"Montone";50;2;7;0;0;;;;9;5;8;1;0;;;;14;23
"054033";"Montone";51;5;9;0;1;;;;15;2;7;0;0;;;;9;24
"054033";"Montone";52;2;7;0;0;;;;9;2;9;0;0;;;;11;20
"054033";"Montone";53;3;10;0;0;;;;13;1;7;1;0;;;;9;22
"054033";"Montone";54;3;13;2;0;;;;18;1;10;1;0;;;;12;30
"054033";"Montone";55;4;14;4;0;;;;22;1;19;0;0;;;;20;42
"054033";"Montone";56;3;8;0;1;;;;12;0;10;1;1;;;;12;24
"054033";"Montone";57;3;11;0;0;;;;14;1;11;4;0;;;;16;30
"054033";"Montone";58;4;12;0;0;;;;16;0;8;0;1;;;;9;25
"054033";"Montone";59;1;5;0;1;;;;7;4;9;0;0;;;;13;20
"054033";"Montone";60;2;11;0;1;;;;14;1;13;2;0;;;;16;30
"054033";"Montone";61;6;8;0;0;;;;14;0;9;0;1;;;;10;24
"054033";"Montone";62;1;10;1;0;;;;12;3;4;0;2;;;;9;21
"054033";"Montone";63;0;8;0;0;;;;8;3;9;2;0;;;;14;22
"054033";"Montone";64;3;8;1;0;;;;12;0;12;0;2;;;;14;26
"054033";"Montone";65;3;6;0;0;;;;9;2;7;0;2;;;;11;20
"054033";"Montone";66;0;5;2;0;;;;7;0;6;0;0;;;;6;13
"054033";"Montone";67;3;10;0;0;;;;13;1;8;1;2;;;;12;25
"054033";"Montone";68;0;7;1;0;;;;8;2;11;0;4;;;;17;25
"054033";"Montone";69;0;5;2;2;;;;9;1;3;2;2;;;;8;17
"054033";"Montone";70;3;11;1;0;;;;15;3;12;0;0;;;;15;30
"054033";"Montone";71;3;7;0;1;;;;11;3;9;0;1;;;;13;24
"054033";"Montone";72;0;8;0;0;;;;8;0;9;1;1;;;;11;19
"054033";"Montone";73;0;8;1;1;;;;10;0;8;0;0;;;;8;18
"054033";"Montone";74;1;7;1;0;;;;9;0;6;1;1;;;;8;17
"054033";"Montone";75;0;10;0;1;;;;11;1;11;0;2;;;;14;25
"054033";"Montone";76;1;7;0;0;;;;8;0;3;0;5;;;;8;16
"054033";"Montone";77;2;11;2;1;;;;16;2;3;0;5;;;;10;26
"054033";"Montone";78;0;8;0;0;;;;8;0;3;0;1;;;;4;12
"054033";"Montone";79;1;6;0;0;;;;7;0;2;0;2;;;;4;11
"054033";"Montone";80;0;6;0;2;;;;8;0;4;0;5;;;;9;17
"054033";"Montone";81;2;5;0;0;;;;7;0;4;0;3;;;;7;14
"054033";"Montone";82;0;3;0;0;;;;3;0;1;1;1;;;;3;6
"054033";"Montone";83;0;2;0;1;;;;3;1;5;1;3;;;;10;13
"054033";"Montone";84;2;3;0;0;;;;5;0;1;0;3;;;;4;9
"054033";"Montone";85;1;5;0;1;;;;7;1;2;0;4;;;;7;14
"054033";"Montone";86;0;3;0;0;;;;3;0;1;0;9;;;;10;13
"054033";"Montone";87;1;2;0;0;;;;3;0;3;0;8;;;;11;14
"054033";"Montone";88;1;2;0;1;;;;4;0;0;0;3;;;;3;7
"054033";"Montone";89;0;0;0;0;;;;0;2;0;1;8;;;;11;11
"054033";"Montone";90;0;0;0;1;;;;1;0;0;0;7;;;;7;8
"054033";"Montone";91;0;1;0;0;;;;1;0;0;0;4;;;;4;5
"054033";"Montone";92;0;2;0;0;;;;2;0;0;0;1;;;;1;3
"054033";"Montone";93;0;0;0;0;;;;0;0;1;0;2;;;;3;3
"054033";"Montone";94;0;0;0;0;;;;0;0;0;0;1;;;;1;1
"054033";"Montone";95;0;0;0;0;;;;0;0;0;1;4;;;;5;5
"054033";"Montone";96;0;0;0;0;;;;0;0;0;0;0;;;;0;0
"054033";"Montone";97;0;0;0;1;;;;1;0;0;0;0;;;;0;1
"054033";"Montone";98;0;0;0;0;;;;0;0;0;0;0;;;;0;0
"054033";"Montone";99;0;0;0;0;;;;0;0;0;0;0;;;;0;0
"054033";"Montone";100;0;0;0;0;;;;0;0;0;0;2;;;;2;2
"054033";"Montone";999;348;363;24;17;;;;752;293;358;31;103;;;;785;1537
"054034";"Nocera Umbra";0;19;0;0;0;;;;19;11;0;0;0;;;;11;30
"054034";"Nocera Umbra";1;18;0;0;0;;;;18;9;0;0;0;;;;9;27
"054034";"Nocera Umbra";2;14;0;0;0;;;;14;12;0;0;0;;;;12;26
"054034";"Nocera Umbra";3;12;0;0;0;;;;12;8;0;0;0;;;;8;20
"054034";"Nocera Umbra";4;18;0;0;0;;;;18;15;0;0;0;;;;15;33
"054034";"Nocera Umbra";5;28;0;0;0;;;;28;16;0;0;0;;;;16;44
"054034";"Nocera Umbra";6;11;0;0;0;;;;11;15;0;0;0;;;;15;26
"054034";"Nocera Umbra";7;22;0;0;0;;;;22;14;0;0;0;;;;14;36
"054034";"Nocera Umbra";8;24;0;0;0;;;;24;16;0;0;0;;;;16;40
"054034";"Nocera Umbra";9;17;0;0;0;;;;17;20;0;0;0;;;;20;37
"054034";"Nocera Umbra";10;19;0;0;0;;;;19;22;0;0;0;;;;22;41
"054034";"Nocera Umbra";11;16;0;0;0;;;;16;21;0;0;0;;;;21;37
"054034";"Nocera Umbra";12;20;0;0;0;;;;20;18;0;0;0;;;;18;38
"054034";"Nocera Umbra";13;20;0;0;0;;;;20;26;0;0;0;;;;26;46
"054034";"Nocera Umbra";14;24;0;0;0;;;;24;20;0;0;0;;;;20;44
"054034";"Nocera Umbra";15;22;0;0;0;;;;22;24;0;0;0;;;;24;46
"054034";"Nocera Umbra";16;39;0;0;0;;;;39;25;0;0;0;;;;25;64
"054034";"Nocera Umbra";17;27;0;0;0;;;;27;25;0;0;0;;;;25;52
"054034";"Nocera Umbra";18;24;0;0;0;;;;24;24;0;0;0;;;;24;48
"054034";"Nocera Umbra";19;27;0;0;0;;;;27;18;0;0;0;;;;18;45
"054034";"Nocera Umbra";20;32;0;0;0;;;;32;27;0;0;0;;;;27;59
"054034";"Nocera Umbra";21;34;0;0;0;;;;34;18;0;0;0;;;;18;52
"054034";"Nocera Umbra";22;23;0;0;0;;;;23;19;1;0;0;;;;20;43
"054034";"Nocera Umbra";23;21;1;0;0;;;;22;21;1;0;0;;;;22;44
"054034";"Nocera Umbra";24;25;0;0;0;;;;25;21;1;0;0;;;;22;47
"054034";"Nocera Umbra";25;20;0;0;0;;;;20;20;0;0;0;;;;20;40
"054034";"Nocera Umbra";26;23;0;0;0;;;;23;19;0;0;0;;;;19;42
"054034";"Nocera Umbra";27;28;0;0;0;;;;28;16;2;1;0;;;;19;47
"054034";"Nocera Umbra";28;23;0;0;0;;;;23;12;2;0;0;;;;14;37
"054034";"Nocera Umbra";29;16;1;0;0;;;;17;24;1;0;0;;;;25;42
"054034";"Nocera Umbra";30;20;0;0;0;;;;20;7;5;0;0;;;;12;32
"054034";"Nocera Umbra";31;24;1;0;0;;;;25;22;4;0;0;;;;26;51
"054034";"Nocera Umbra";32;21;5;0;0;;;;26;14;9;0;0;;;;23;49
"054034";"Nocera Umbra";33;21;6;0;0;;;;27;14;5;0;0;;;;19;46
"054034";"Nocera Umbra";34;17;4;0;0;;;;21;26;10;0;0;;;;36;57
"054034";"Nocera Umbra";35;26;5;0;0;;;;31;15;6;2;0;;;;23;54
"054034";"Nocera Umbra";36;21;2;1;0;;;;24;17;12;0;0;;;;29;53
"054034";"Nocera Umbra";37;18;5;1;0;;;;24;19;11;1;0;;;;31;55
"054034";"Nocera Umbra";38;18;11;1;0;;;;30;16;7;1;0;;;;24;54
"054034";"Nocera Umbra";39;28;6;1;0;;;;35;13;21;1;0;;;;35;70
"054034";"Nocera Umbra";40;22;13;0;0;;;;35;17;14;0;0;;;;31;66
"054034";"Nocera Umbra";41;20;11;0;0;;;;31;14;8;1;1;;;;24;55
"054034";"Nocera Umbra";42;24;14;0;0;;;;38;17;16;2;0;;;;35;73
"054034";"Nocera Umbra";43;19;16;2;0;;;;37;10;19;2;0;;;;31;68
"054034";"Nocera Umbra";44;15;12;1;0;;;;28;11;18;1;0;;;;30;58
"054034";"Nocera Umbra";45;21;11;3;0;;;;35;3;27;1;0;;;;31;66
"054034";"Nocera Umbra";46;15;18;2;0;;;;35;14;21;6;0;;;;41;76
"054034";"Nocera Umbra";47;13;20;0;0;;;;33;10;31;3;0;;;;44;77
"054034";"Nocera Umbra";48;14;27;8;0;;;;49;9;31;0;0;;;;40;89
"054034";"Nocera Umbra";49;17;27;5;0;;;;49;12;24;3;1;;;;40;89
"054034";"Nocera Umbra";50;15;23;3;0;;;;41;11;29;3;1;;;;44;85
"054034";"Nocera Umbra";51;15;28;1;0;;;;44;12;32;6;0;;;;50;94
"054034";"Nocera Umbra";52;20;33;2;0;;;;55;13;37;2;0;;;;52;107
"054034";"Nocera Umbra";53;17;22;1;0;;;;40;6;33;4;1;;;;44;84
"054034";"Nocera Umbra";54;14;29;6;0;;;;49;5;36;5;2;;;;48;97
"054034";"Nocera Umbra";55;8;24;1;0;;;;33;7;25;6;0;;;;38;71
"054034";"Nocera Umbra";56;5;25;4;0;;;;34;3;33;7;1;;;;44;78
"054034";"Nocera Umbra";57;10;50;9;0;;;;69;3;39;1;2;;;;45;114
"054034";"Nocera Umbra";58;11;30;4;1;;;;46;2;37;6;1;;;;46;92
"054034";"Nocera Umbra";59;6;33;4;0;;;;43;7;31;7;7;;;;52;95
"054034";"Nocera Umbra";60;10;35;0;0;;;;45;6;31;6;1;;;;44;89
"054034";"Nocera Umbra";61;6;29;3;1;;;;39;2;34;1;4;;;;41;80
"054034";"Nocera Umbra";62;8;30;2;2;;;;42;5;25;3;1;;;;34;76
"054034";"Nocera Umbra";63;2;39;6;0;;;;47;3;38;2;2;;;;45;92
"054034";"Nocera Umbra";64;4;31;5;1;;;;41;7;33;9;8;;;;57;98
"054034";"Nocera Umbra";65;6;38;4;1;;;;49;2;30;2;4;;;;38;87
"054034";"Nocera Umbra";66;5;30;0;0;;;;35;3;26;3;5;;;;37;72
"054034";"Nocera Umbra";67;4;25;0;1;;;;30;1;18;5;5;;;;29;59
"054034";"Nocera Umbra";68;2;29;3;1;;;;35;2;28;2;8;;;;40;75
"054034";"Nocera Umbra";69;3;33;1;2;;;;39;4;30;0;3;;;;37;76
"054034";"Nocera Umbra";70;5;32;4;2;;;;43;4;31;1;7;;;;43;86
"054034";"Nocera Umbra";71;2;39;3;5;;;;49;1;26;0;10;;;;37;86
"054034";"Nocera Umbra";72;6;25;0;2;;;;33;1;21;4;9;;;;35;68
"054034";"Nocera Umbra";73;4;26;2;0;;;;32;0;16;1;10;;;;27;59
"054034";"Nocera Umbra";74;8;27;1;3;;;;39;2;21;2;8;;;;33;72
"054034";"Nocera Umbra";75;3;23;0;0;;;;26;3;24;2;9;;;;38;64
"054034";"Nocera Umbra";76;6;25;2;5;;;;38;0;30;1;8;;;;39;77
"054034";"Nocera Umbra";77;4;32;0;1;;;;37;2;27;1;12;;;;42;79
"054034";"Nocera Umbra";78;4;26;1;2;;;;33;0;20;1;21;;;;42;75
"054034";"Nocera Umbra";79;1;17;0;3;;;;21;0;9;0;7;;;;16;37
"054034";"Nocera Umbra";80;2;18;1;5;;;;26;1;14;0;16;;;;31;57
"054034";"Nocera Umbra";81;2;25;0;3;;;;30;0;15;1;22;;;;38;68
"054034";"Nocera Umbra";82;4;15;0;7;;;;26;1;7;0;10;;;;18;44
"054034";"Nocera Umbra";83;7;24;2;1;;;;34;2;13;1;16;;;;32;66
"054034";"Nocera Umbra";84;4;12;1;2;;;;19;0;9;0;19;;;;28;47
"054034";"Nocera Umbra";85;2;10;0;4;;;;16;0;9;0;16;;;;25;41
"054034";"Nocera Umbra";86;1;10;1;4;;;;16;0;6;0;19;;;;25;41
"054034";"Nocera Umbra";87;0;17;0;2;;;;19;0;11;0;12;;;;23;42
"054034";"Nocera Umbra";88;1;9;0;2;;;;12;0;5;0;11;;;;16;28
"054034";"Nocera Umbra";89;2;13;0;1;;;;16;1;4;0;11;;;;16;32
"054034";"Nocera Umbra";90;1;8;0;3;;;;12;0;3;0;22;;;;25;37
"054034";"Nocera Umbra";91;1;5;0;2;;;;8;1;1;0;16;;;;18;26
"054034";"Nocera Umbra";92;0;3;0;1;;;;4;0;1;0;8;;;;9;13
"054034";"Nocera Umbra";93;1;2;0;2;;;;5;0;1;0;13;;;;14;19
"054034";"Nocera Umbra";94;1;3;0;4;;;;8;0;1;0;8;;;;9;17
"054034";"Nocera Umbra";95;0;1;0;0;;;;1;0;0;0;9;;;;9;10
"054034";"Nocera Umbra";96;0;1;0;0;;;;1;1;0;0;4;;;;5;6
"054034";"Nocera Umbra";97;0;0;0;0;;;;0;1;0;0;3;;;;4;4
"054034";"Nocera Umbra";98;0;0;0;1;;;;1;0;0;0;5;;;;5;6
"054034";"Nocera Umbra";99;0;0;0;0;;;;0;0;0;0;3;;;;3;3
"054034";"Nocera Umbra";100;0;0;0;0;;;;0;0;0;0;4;;;;4;4
"054034";"Nocera Umbra";999;1303;1280;102;77;;;;2762;961;1257;120;406;;;;2744;5506
"054035";"Norcia";0;15;0;0;0;;;;15;12;0;0;0;;;;12;27
"054035";"Norcia";1;10;0;0;0;;;;10;18;0;0;0;;;;18;28
"054035";"Norcia";2;18;0;0;0;;;;18;15;0;0;0;;;;15;33
"054035";"Norcia";3;16;0;0;0;;;;16;14;0;0;0;;;;14;30
"054035";"Norcia";4;15;0;0;0;;;;15;13;0;0;0;;;;13;28
"054035";"Norcia";5;25;0;0;0;;;;25;18;0;0;0;;;;18;43
"054035";"Norcia";6;29;0;0;0;;;;29;11;0;0;0;;;;11;40
"054035";"Norcia";7;14;0;0;0;;;;14;14;0;0;0;;;;14;28
"054035";"Norcia";8;24;0;0;0;;;;24;19;0;0;0;;;;19;43
"054035";"Norcia";9;11;0;0;0;;;;11;17;0;0;0;;;;17;28
"054035";"Norcia";10;24;0;0;0;;;;24;13;0;0;0;;;;13;37
"054035";"Norcia";11;22;0;0;0;;;;22;14;0;0;0;;;;14;36
"054035";"Norcia";12;21;0;0;0;;;;21;13;0;0;0;;;;13;34
"054035";"Norcia";13;21;0;0;0;;;;21;18;0;0;0;;;;18;39
"054035";"Norcia";14;18;0;0;0;;;;18;18;0;0;0;;;;18;36
"054035";"Norcia";15;21;0;0;0;;;;21;24;0;0;0;;;;24;45
"054035";"Norcia";16;19;0;0;0;;;;19;18;0;0;0;;;;18;37
"054035";"Norcia";17;21;0;0;0;;;;21;19;0;0;0;;;;19;40
"054035";"Norcia";18;26;0;0;0;;;;26;26;0;0;0;;;;26;52
"054035";"Norcia";19;32;0;0;0;;;;32;19;0;0;0;;;;19;51
"054035";"Norcia";20;16;0;0;0;;;;16;23;0;0;0;;;;23;39
"054035";"Norcia";21;18;0;0;0;;;;18;18;0;0;0;;;;18;36
"054035";"Norcia";22;27;0;0;0;;;;27;27;2;0;0;;;;29;56
"054035";"Norcia";23;21;1;0;0;;;;22;20;1;0;0;;;;21;43
"054035";"Norcia";24;24;0;0;0;;;;24;13;3;0;0;;;;16;40
"054035";"Norcia";25;30;3;0;0;;;;33;23;1;0;0;;;;24;57
"054035";"Norcia";26;29;1;0;0;;;;30;22;3;0;0;;;;25;55
"054035";"Norcia";27;17;1;0;0;;;;18;15;4;0;0;;;;19;37
"054035";"Norcia";28;29;2;0;0;;;;31;15;6;0;0;;;;21;52
"054035";"Norcia";29;27;1;0;0;;;;28;24;4;0;0;;;;28;56
"054035";"Norcia";30;19;3;0;0;;;;22;20;6;0;0;;;;26;48
"054035";"Norcia";31;16;5;0;0;;;;21;15;6;0;0;;;;21;42
"054035";"Norcia";32;20;5;0;0;;;;25;14;8;0;0;;;;22;47
"054035";"Norcia";33;20;7;0;0;;;;27;11;7;0;0;;;;18;45
"054035";"Norcia";34;24;9;0;0;;;;33;11;6;0;0;;;;17;50
"054035";"Norcia";35;15;13;0;0;;;;28;9;10;0;0;;;;19;47
"054035";"Norcia";36;19;3;0;0;;;;22;11;13;0;0;;;;24;46
"054035";"Norcia";37;13;6;0;0;;;;19;6;15;0;0;;;;21;40
"054035";"Norcia";38;8;14;2;0;;;;24;7;14;0;1;;;;22;46
"054035";"Norcia";39;16;21;0;0;;;;37;12;12;1;0;;;;25;62
"054035";"Norcia";40;10;6;0;0;;;;16;13;16;1;1;;;;31;47
"054035";"Norcia";41;12;15;0;0;;;;27;7;15;0;0;;;;22;49
"054035";"Norcia";42;12;18;1;0;;;;31;8;16;1;0;;;;25;56
"054035";"Norcia";43;16;11;0;0;;;;27;4;11;0;0;;;;15;42
"054035";"Norcia";44;14;6;0;0;;;;20;7;14;1;0;;;;22;42
"054035";"Norcia";45;10;16;0;0;;;;26;5;14;2;0;;;;21;47
"054035";"Norcia";46;5;16;0;0;;;;21;9;13;0;0;;;;22;43
"054035";"Norcia";47;8;18;0;0;;;;26;7;23;1;0;;;;31;57
"054035";"Norcia";48;9;18;3;0;;;;30;16;24;2;1;;;;43;73
"054035";"Norcia";49;5;14;0;0;;;;19;8;23;3;1;;;;35;54
"054035";"Norcia";50;14;18;4;0;;;;36;5;21;3;0;;;;29;65
"054035";"Norcia";51;5;25;4;0;;;;34;9;23;1;3;;;;36;70
"054035";"Norcia";52;9;15;2;0;;;;26;7;22;1;2;;;;32;58
"054035";"Norcia";53;13;29;2;0;;;;44;5;33;1;0;;;;39;83
"054035";"Norcia";54;7;28;0;0;;;;35;4;31;3;1;;;;39;74
"054035";"Norcia";55;6;34;0;0;;;;40;2;41;1;3;;;;47;87
"054035";"Norcia";56;11;22;2;0;;;;35;6;27;4;1;;;;38;73
"054035";"Norcia";57;6;25;1;0;;;;32;4;36;2;2;;;;44;76
"054035";"Norcia";58;7;25;3;1;;;;36;0;29;1;4;;;;34;70
"054035";"Norcia";59;11;27;3;2;;;;43;1;31;2;3;;;;37;80
"054035";"Norcia";60;4;26;4;0;;;;34;3;30;1;2;;;;36;70
"054035";"Norcia";61;2;29;2;1;;;;34;3;30;2;3;;;;38;72
"054035";"Norcia";62;9;34;1;1;;;;45;2;21;0;7;;;;30;75
"054035";"Norcia";63;5;24;2;4;;;;35;0;30;1;5;;;;36;71
"054035";"Norcia";64;4;23;1;3;;;;31;2;22;1;1;;;;26;57
"054035";"Norcia";65;5;35;4;0;;;;44;1;22;0;4;;;;27;71
"054035";"Norcia";66;4;19;0;0;;;;23;5;13;1;5;;;;24;47
"054035";"Norcia";67;4;30;3;3;;;;40;3;20;1;8;;;;32;72
"054035";"Norcia";68;1;21;0;1;;;;23;6;20;1;4;;;;31;54
"054035";"Norcia";69;3;19;2;2;;;;26;2;17;2;4;;;;25;51
"054035";"Norcia";70;6;20;1;2;;;;29;3;21;1;7;;;;32;61
"054035";"Norcia";71;7;17;1;3;;;;28;4;17;0;5;;;;26;54
"054035";"Norcia";72;2;20;2;2;;;;26;2;17;2;6;;;;27;53
"054035";"Norcia";73;5;19;0;1;;;;25;1;17;2;8;;;;28;53
"054035";"Norcia";74;3;22;0;3;;;;28;2;12;1;10;;;;25;53
"054035";"Norcia";75;2;15;0;2;;;;19;3;20;1;8;;;;32;51
"054035";"Norcia";76;3;23;1;2;;;;29;2;22;0;17;;;;41;70
"054035";"Norcia";77;3;23;0;2;;;;28;0;17;0;7;;;;24;52
"054035";"Norcia";78;2;21;1;3;;;;27;3;9;1;12;;;;25;52
"054035";"Norcia";79;1;11;1;2;;;;15;0;8;0;6;;;;14;29
"054035";"Norcia";80;4;10;0;3;;;;17;1;4;1;8;;;;14;31
"054035";"Norcia";81;2;16;0;1;;;;19;0;7;1;13;;;;21;40
"054035";"Norcia";82;1;13;0;2;;;;16;4;7;0;9;;;;20;36
"054035";"Norcia";83;0;15;1;3;;;;19;1;7;0;8;;;;16;35
"054035";"Norcia";84;1;14;1;2;;;;18;0;5;2;8;;;;15;33
"054035";"Norcia";85;0;4;0;2;;;;6;1;1;0;17;;;;19;25
"054035";"Norcia";86;0;10;1;1;;;;12;1;6;0;15;;;;22;34
"054035";"Norcia";87;0;6;0;1;;;;7;1;2;0;13;;;;16;23
"054035";"Norcia";88;0;2;1;1;;;;4;1;0;1;6;;;;8;12
"054035";"Norcia";89;0;2;0;3;;;;5;1;3;0;8;;;;12;17
"054035";"Norcia";90;1;5;0;1;;;;7;0;2;0;4;;;;6;13
"054035";"Norcia";91;0;1;0;1;;;;2;0;1;0;7;;;;8;10
"054035";"Norcia";92;0;2;0;2;;;;4;0;0;0;5;;;;5;9
"054035";"Norcia";93;0;0;0;0;;;;0;0;1;0;9;;;;10;10
"054035";"Norcia";94;0;4;0;1;;;;5;1;0;0;2;;;;3;8
"054035";"Norcia";95;0;5;0;1;;;;6;0;0;0;6;;;;6;12
"054035";"Norcia";96;0;0;0;3;;;;3;1;0;0;2;;;;3;6
"054035";"Norcia";97;0;0;0;0;;;;0;0;1;0;2;;;;3;3
"054035";"Norcia";98;0;1;0;0;;;;1;0;0;0;1;;;;1;2
"054035";"Norcia";99;0;0;0;0;;;;0;0;0;0;3;;;;3;3
"054035";"Norcia";100;0;1;0;0;;;;1;0;0;0;1;;;;1;2
"054035";"Norcia";999;1084;1043;57;68;;;;2252;836;1016;54;299;;;;2205;4457
"054036";"Paciano";0;0;0;0;0;;;;0;2;0;0;0;;;;2;2
"054036";"Paciano";1;2;0;0;0;;;;2;1;0;0;0;;;;1;3
"054036";"Paciano";2;2;0;0;0;;;;2;1;0;0;0;;;;1;3
"054036";"Paciano";3;1;0;0;0;;;;1;0;0;0;0;;;;0;1
"054036";"Paciano";4;4;0;0;0;;;;4;0;0;0;0;;;;0;4
"054036";"Paciano";5;2;0;0;0;;;;2;3;0;0;0;;;;3;5
"054036";"Paciano";6;2;0;0;0;;;;2;1;0;0;0;;;;1;3
"054036";"Paciano";7;6;0;0;0;;;;6;6;0;0;0;;;;6;12
"054036";"Paciano";8;1;0;0;0;;;;1;4;0;0;0;;;;4;5
"054036";"Paciano";9;7;0;0;0;;;;7;3;0;0;0;;;;3;10
"054036";"Paciano";10;3;0;0;0;;;;3;1;0;0;0;;;;1;4
"054036";"Paciano";11;3;0;0;0;;;;3;5;0;0;0;;;;5;8
"054036";"Paciano";12;2;0;0;0;;;;2;5;0;0;0;;;;5;7
"054036";"Paciano";13;5;0;0;0;;;;5;5;0;0;0;;;;5;10
"054036";"Paciano";14;1;0;0;0;;;;1;5;0;0;0;;;;5;6
"054036";"Paciano";15;4;0;0;0;;;;4;6;0;0;0;;;;6;10
"054036";"Paciano";16;3;0;0;0;;;;3;5;0;0;0;;;;5;8
"054036";"Paciano";17;5;0;0;0;;;;5;4;0;0;0;;;;4;9
"054036";"Paciano";18;7;0;0;0;;;;7;7;0;0;0;;;;7;14
"054036";"Paciano";19;5;0;0;0;;;;5;1;0;0;0;;;;1;6
"054036";"Paciano";20;4;0;0;0;;;;4;3;0;0;0;;;;3;7
"054036";"Paciano";21;0;0;0;0;;;;0;2;0;0;0;;;;2;2
"054036";"Paciano";22;8;0;0;0;;;;8;2;0;0;0;;;;2;10
"054036";"Paciano";23;3;0;0;0;;;;3;3;1;0;0;;;;4;7
"054036";"Paciano";24;2;0;0;0;;;;2;5;0;0;0;;;;5;7
"054036";"Paciano";25;3;0;0;0;;;;3;1;0;0;0;;;;1;4
"054036";"Paciano";26;2;0;0;0;;;;2;2;0;0;0;;;;2;4
"054036";"Paciano";27;5;0;0;0;;;;5;1;0;0;0;;;;1;6
"054036";"Paciano";28;2;0;0;0;;;;2;5;0;0;0;;;;5;7
"054036";"Paciano";29;0;0;0;0;;;;0;1;0;0;0;;;;1;1
"054036";"Paciano";30;7;1;0;0;;;;8;2;0;0;0;;;;2;10
"054036";"Paciano";31;9;0;0;0;;;;9;2;0;0;0;;;;2;11
"054036";"Paciano";32;7;0;0;0;;;;7;4;0;0;0;;;;4;11
"054036";"Paciano";33;3;0;0;0;;;;3;5;0;0;0;;;;5;8
"054036";"Paciano";34;3;0;0;0;;;;3;3;0;0;0;;;;3;6
"054036";"Paciano";35;3;0;0;0;;;;3;2;2;0;0;;;;4;7
"054036";"Paciano";36;8;0;0;0;;;;8;2;1;1;0;;;;4;12
"054036";"Paciano";37;3;1;0;0;;;;4;1;3;0;0;;;;4;8
"054036";"Paciano";38;2;1;1;0;;;;4;1;3;0;0;;;;4;8
"054036";"Paciano";39;6;2;0;0;;;;8;2;4;0;0;;;;6;14
"054036";"Paciano";40;3;3;0;0;;;;6;3;2;0;0;;;;5;11
"054036";"Paciano";41;0;2;0;0;;;;2;1;3;0;0;;;;4;6
"054036";"Paciano";42;0;5;0;0;;;;5;3;5;0;0;;;;8;13
"054036";"Paciano";43;2;2;0;0;;;;4;1;2;0;0;;;;3;7
"054036";"Paciano";44;1;5;0;0;;;;6;4;4;0;0;;;;8;14
"054036";"Paciano";45;2;3;0;0;;;;5;2;2;0;0;;;;4;9
"054036";"Paciano";46;0;2;0;0;;;;2;0;5;0;0;;;;5;7
"054036";"Paciano";47;8;1;1;0;;;;10;2;3;0;0;;;;5;15
"054036";"Paciano";48;2;7;1;0;;;;10;3;6;1;0;;;;10;20
"054036";"Paciano";49;0;4;0;0;;;;4;4;6;1;0;;;;11;15
"054036";"Paciano";50;3;9;0;0;;;;12;1;3;1;1;;;;6;18
"054036";"Paciano";51;0;4;1;0;;;;5;4;4;0;0;;;;8;13
"054036";"Paciano";52;2;5;0;0;;;;7;1;3;0;0;;;;4;11
"054036";"Paciano";53;3;4;0;0;;;;7;5;1;0;0;;;;6;13
"054036";"Paciano";54;3;1;1;0;;;;5;1;6;0;0;;;;7;12
"054036";"Paciano";55;4;2;0;0;;;;6;1;2;0;0;;;;3;9
"054036";"Paciano";56;2;1;1;0;;;;4;1;5;1;0;;;;7;11
"054036";"Paciano";57;3;3;0;1;;;;7;2;3;0;0;;;;5;12
"054036";"Paciano";58;4;6;0;0;;;;10;0;7;1;1;;;;9;19
"054036";"Paciano";59;1;7;0;1;;;;9;0;7;0;1;;;;8;17
"054036";"Paciano";60;0;3;0;0;;;;3;0;8;2;1;;;;11;14
"054036";"Paciano";61;4;5;1;1;;;;11;2;9;0;0;;;;11;22
"054036";"Paciano";62;0;4;0;0;;;;4;0;10;0;0;;;;10;14
"054036";"Paciano";63;1;6;0;0;;;;7;0;5;1;1;;;;7;14
"054036";"Paciano";64;3;3;0;0;;;;6;1;8;1;2;;;;12;18
"054036";"Paciano";65;0;5;1;1;;;;7;3;8;0;0;;;;11;18
"054036";"Paciano";66;2;7;0;0;;;;9;1;3;1;1;;;;6;15
"054036";"Paciano";67;1;5;3;0;;;;9;0;4;2;0;;;;6;15
"054036";"Paciano";68;2;9;1;1;;;;13;1;5;1;0;;;;7;20
"054036";"Paciano";69;1;7;0;0;;;;8;0;8;1;0;;;;9;17
"054036";"Paciano";70;0;5;0;0;;;;5;2;8;0;3;;;;13;18
"054036";"Paciano";71;0;4;2;0;;;;6;1;5;1;1;;;;8;14
"054036";"Paciano";72;1;8;2;0;;;;11;1;8;1;2;;;;12;23
"054036";"Paciano";73;1;4;0;1;;;;6;0;6;0;4;;;;10;16
"054036";"Paciano";74;0;11;1;0;;;;12;0;5;0;1;;;;6;18
"054036";"Paciano";75;0;7;0;0;;;;7;1;4;1;2;;;;8;15
"054036";"Paciano";76;2;5;0;0;;;;7;0;7;0;2;;;;9;16
"054036";"Paciano";77;0;1;0;2;;;;3;0;5;0;2;;;;7;10
"054036";"Paciano";78;1;2;0;1;;;;4;1;1;0;2;;;;4;8
"054036";"Paciano";79;0;5;0;0;;;;5;0;2;0;2;;;;4;9
"054036";"Paciano";80;2;2;0;0;;;;4;0;1;0;2;;;;3;7
"054036";"Paciano";81;0;8;0;1;;;;9;0;2;0;1;;;;3;12
"054036";"Paciano";82;0;3;0;0;;;;3;0;1;0;1;;;;2;5
"054036";"Paciano";83;0;4;0;0;;;;4;0;3;0;1;;;;4;8
"054036";"Paciano";84;1;5;0;0;;;;6;0;0;0;1;;;;1;7
"054036";"Paciano";85;0;4;1;1;;;;6;0;1;0;2;;;;3;9
"054036";"Paciano";86;0;0;0;0;;;;0;0;1;1;2;;;;4;4
"054036";"Paciano";87;0;0;0;1;;;;1;0;1;0;2;;;;3;4
"054036";"Paciano";88;0;0;0;1;;;;1;0;0;0;4;;;;4;5
"054036";"Paciano";89;0;1;0;0;;;;1;0;1;0;7;;;;8;9
"054036";"Paciano";90;0;0;0;0;;;;0;0;0;0;4;;;;4;4
"054036";"Paciano";91;0;0;0;0;;;;0;0;0;0;3;;;;3;3
"054036";"Paciano";92;0;1;0;0;;;;1;0;1;0;1;;;;2;3
"054036";"Paciano";93;0;1;0;0;;;;1;0;0;0;0;;;;0;1
"054036";"Paciano";94;0;1;0;0;;;;1;0;0;0;2;;;;2;3
"054036";"Paciano";95;0;0;0;0;;;;0;0;0;0;0;;;;0;0
"054036";"Paciano";96;0;0;0;0;;;;0;0;0;0;0;;;;0;0
"054036";"Paciano";97;0;1;0;0;;;;1;0;1;0;1;;;;2;3
"054036";"Paciano";98;0;0;0;1;;;;1;0;0;0;0;;;;0;1
"054036";"Paciano";99;0;0;0;0;;;;0;0;0;0;2;;;;2;2
"054036";"Paciano";100;0;0;0;0;;;;0;0;0;0;1;;;;1;1
"054036";"Paciano";999;210;218;18;14;;;;460;167;225;19;66;;;;477;937
"054037";"Panicale";0;13;0;0;0;;;;13;15;0;0;0;;;;15;28
"054037";"Panicale";1;12;0;0;0;;;;12;14;0;0;0;;;;14;26
"054037";"Panicale";2;18;0;0;0;;;;18;15;0;0;0;;;;15;33
"054037";"Panicale";3;19;0;0;0;;;;19;13;0;0;0;;;;13;32
"054037";"Panicale";4;14;0;0;0;;;;14;14;0;0;0;;;;14;28
"054037";"Panicale";5;18;0;0;0;;;;18;21;0;0;0;;;;21;39
"054037";"Panicale";6;16;0;0;0;;;;16;21;0;0;0;;;;21;37
"054037";"Panicale";7;20;0;0;0;;;;20;17;0;0;0;;;;17;37
"054037";"Panicale";8;18;0;0;0;;;;18;18;0;0;0;;;;18;36
"054037";"Panicale";9;23;0;0;0;;;;23;20;0;0;0;;;;20;43
"054037";"Panicale";10;17;0;0;0;;;;17;16;0;0;0;;;;16;33
"054037";"Panicale";11;25;0;0;0;;;;25;25;0;0;0;;;;25;50
"054037";"Panicale";12;12;0;0;0;;;;12;17;0;0;0;;;;17;29
"054037";"Panicale";13;15;0;0;0;;;;15;26;0;0;0;;;;26;41
"054037";"Panicale";14;25;0;0;0;;;;25;20;0;0;0;;;;20;45
"054037";"Panicale";15;25;0;0;0;;;;25;24;0;0;0;;;;24;49
"054037";"Panicale";16;30;0;0;0;;;;30;32;0;0;0;;;;32;62
"054037";"Panicale";17;33;0;0;0;;;;33;20;0;0;0;;;;20;53
"054037";"Panicale";18;44;0;0;0;;;;44;19;0;0;0;;;;19;63
"054037";"Panicale";19;35;0;0;0;;;;35;31;0;0;0;;;;31;66
"054037";"Panicale";20;31;0;0;0;;;;31;23;0;0;0;;;;23;54
"054037";"Panicale";21;27;0;0;0;;;;27;16;1;0;0;;;;17;44
"054037";"Panicale";22;30;0;0;0;;;;30;16;1;0;0;;;;17;47
"054037";"Panicale";23;31;0;0;0;;;;31;23;0;0;0;;;;23;54
"054037";"Panicale";24;25;0;0;0;;;;25;19;2;0;0;;;;21;46
"054037";"Panicale";25;16;0;0;0;;;;16;23;2;0;0;;;;25;41
"054037";"Panicale";26;27;0;0;0;;;;27;28;2;0;0;;;;30;57
"054037";"Panicale";27;26;1;0;0;;;;27;19;2;0;0;;;;21;48
"054037";"Panicale";28;26;2;0;0;;;;28;21;2;0;0;;;;23;51
"054037";"Panicale";29;26;0;0;0;;;;26;23;6;0;0;;;;29;55
"054037";"Panicale";30;21;3;0;0;;;;24;18;7;1;0;;;;26;50
"054037";"Panicale";31;18;6;0;0;;;;24;24;4;0;0;;;;28;52
"054037";"Panicale";32;15;4;0;0;;;;19;22;9;0;0;;;;31;50
"054037";"Panicale";33;25;6;1;0;;;;32;16;6;0;0;;;;22;54
"054037";"Panicale";34;34;2;0;0;;;;36;14;10;0;1;;;;25;61
"054037";"Panicale";35;15;8;0;0;;;;23;11;14;1;0;;;;26;49
"054037";"Panicale";36;17;8;2;0;;;;27;13;6;0;0;;;;19;46
"054037";"Panicale";37;16;6;1;0;;;;23;11;14;0;0;;;;25;48
"054037";"Panicale";38;21;7;0;0;;;;28;8;12;0;0;;;;20;48
"054037";"Panicale";39;12;11;0;0;;;;23;14;11;0;1;;;;26;49
"054037";"Panicale";40;10;10;0;0;;;;20;18;19;1;0;;;;38;58
"054037";"Panicale";41;16;19;0;0;;;;35;14;16;1;0;;;;31;66
"054037";"Panicale";42;10;13;1;0;;;;24;8;23;1;0;;;;32;56
"054037";"Panicale";43;13;11;0;0;;;;24;9;12;2;0;;;;23;47
"054037";"Panicale";44;17;11;3;0;;;;31;7;19;3;2;;;;31;62
"054037";"Panicale";45;12;18;0;0;;;;30;9;13;1;3;;;;26;56
"054037";"Panicale";46;14;18;0;0;;;;32;12;21;1;1;;;;35;67
"054037";"Panicale";47;12;18;2;0;;;;32;12;21;2;0;;;;35;67
"054037";"Panicale";48;16;23;0;0;;;;39;13;22;0;0;;;;35;74
"054037";"Panicale";49;13;28;4;1;;;;46;8;30;4;1;;;;43;89
"054037";"Panicale";50;11;29;2;0;;;;42;6;41;3;0;;;;50;92
"054037";"Panicale";51;10;24;1;0;;;;35;6;37;4;0;;;;47;82
"054037";"Panicale";52;12;21;2;0;;;;35;10;29;2;1;;;;42;77
"054037";"Panicale";53;9;27;4;1;;;;41;5;31;9;2;;;;47;88
"054037";"Panicale";54;6;37;2;0;;;;45;4;35;4;0;;;;43;88
"054037";"Panicale";55;15;17;1;0;;;;33;5;33;5;3;;;;46;79
"054037";"Panicale";56;8;30;2;0;;;;40;4;26;5;5;;;;40;80
"054037";"Panicale";57;7;37;2;0;;;;46;5;39;0;4;;;;48;94
"054037";"Panicale";58;7;27;5;0;;;;39;2;35;3;4;;;;44;83
"054037";"Panicale";59;5;39;1;0;;;;45;5;28;2;6;;;;41;86
"054037";"Panicale";60;7;27;2;0;;;;36;5;39;2;1;;;;47;83
"054037";"Panicale";61;12;34;2;1;;;;49;3;36;1;5;;;;45;94
"054037";"Panicale";62;6;30;2;0;;;;38;3;30;4;5;;;;42;80
"054037";"Panicale";63;3;38;3;1;;;;45;2;39;0;4;;;;45;90
"054037";"Panicale";64;6;37;2;0;;;;45;1;26;1;4;;;;32;77
"054037";"Panicale";65;5;35;2;1;;;;43;0;31;3;8;;;;42;85
"054037";"Panicale";66;6;37;2;2;;;;47;3;30;3;2;;;;38;85
"054037";"Panicale";67;4;19;1;0;;;;24;1;21;2;2;;;;26;50
"054037";"Panicale";68;6;22;1;1;;;;30;4;24;2;6;;;;36;66
"054037";"Panicale";69;5;30;0;0;;;;35;5;29;1;5;;;;40;75
"054037";"Panicale";70;4;25;2;1;;;;32;1;30;4;4;;;;39;71
"054037";"Panicale";71;4;28;3;0;;;;35;2;24;2;7;;;;35;70
"054037";"Panicale";72;2;18;0;3;;;;23;2;21;2;11;;;;36;59
"054037";"Panicale";73;2;27;0;1;;;;30;2;24;1;8;;;;35;65
"054037";"Panicale";74;6;24;2;0;;;;32;2;28;0;10;;;;40;72
"054037";"Panicale";75;5;18;4;5;;;;32;2;22;1;11;;;;36;68
"054037";"Panicale";76;0;37;0;6;;;;43;0;28;2;16;;;;46;89
"054037";"Panicale";77;4;15;2;3;;;;24;2;21;1;12;;;;36;60
"054037";"Panicale";78;1;36;0;4;;;;41;0;15;0;13;;;;28;69
"054037";"Panicale";79;0;21;0;1;;;;22;1;12;1;14;;;;28;50
"054037";"Panicale";80;2;25;0;5;;;;32;0;12;1;10;;;;23;55
"054037";"Panicale";81;2;16;0;2;;;;20;1;13;2;10;;;;26;46
"054037";"Panicale";82;1;17;0;0;;;;18;0;13;0;17;;;;30;48
"054037";"Panicale";83;0;10;0;3;;;;13;1;3;0;11;;;;15;28
"054037";"Panicale";84;0;21;0;3;;;;24;0;5;2;17;;;;24;48
"054037";"Panicale";85;2;18;0;3;;;;23;1;10;0;21;;;;32;55
"054037";"Panicale";86;1;12;1;7;;;;21;1;8;0;18;;;;27;48
"054037";"Panicale";87;0;7;0;3;;;;10;0;4;1;15;;;;20;30
"054037";"Panicale";88;0;3;0;4;;;;7;0;2;0;13;;;;15;22
"054037";"Panicale";89;2;7;0;3;;;;12;1;3;0;13;;;;17;29
"054037";"Panicale";90;1;6;0;4;;;;11;1;3;0;14;;;;18;29
"054037";"Panicale";91;0;6;0;4;;;;10;0;2;0;5;;;;7;17
"054037";"Panicale";92;1;0;0;2;;;;3;0;0;1;10;;;;11;14
"054037";"Panicale";93;0;2;0;3;;;;5;0;0;0;6;;;;6;11
"054037";"Panicale";94;0;2;0;1;;;;3;0;1;0;9;;;;10;13
"054037";"Panicale";95;0;0;0;3;;;;3;2;0;0;5;;;;7;10
"054037";"Panicale";96;0;0;0;0;;;;0;0;1;0;5;;;;6;6
"054037";"Panicale";97;1;2;0;0;;;;3;0;0;0;4;;;;4;7
"054037";"Panicale";98;0;0;0;0;;;;0;0;0;0;6;;;;6;6
"054037";"Panicale";99;0;2;0;1;;;;3;0;0;0;2;;;;2;5
"054037";"Panicale";100;0;0;0;0;;;;0;0;0;0;2;;;;2;2
"054037";"Panicale";999;1215;1235;67;83;;;;2600;971;1251;95;395;;;;2712;5312
"054038";"Passignano sul Trasimeno";0;14;0;0;0;;;;14;19;0;0;0;;;;19;33
"054038";"Passignano sul Trasimeno";1;18;0;0;0;;;;18;9;0;0;0;;;;9;27
"054038";"Passignano sul Trasimeno";2;19;0;0;0;;;;19;25;0;0;0;;;;25;44
"054038";"Passignano sul Trasimeno";3;19;0;0;0;;;;19;19;0;0;0;;;;19;38
"054038";"Passignano sul Trasimeno";4;14;0;0;0;;;;14;12;0;0;0;;;;12;26
"054038";"Passignano sul Trasimeno";5;22;0;0;0;;;;22;23;0;0;0;;;;23;45
"054038";"Passignano sul Trasimeno";6;29;0;0;0;;;;29;16;0;0;0;;;;16;45
"054038";"Passignano sul Trasimeno";7;29;0;0;0;;;;29;21;0;0;0;;;;21;50
"054038";"Passignano sul Trasimeno";8;20;0;0;0;;;;20;26;0;0;0;;;;26;46
"054038";"Passignano sul Trasimeno";9;19;0;0;0;;;;19;31;0;0;0;;;;31;50
"054038";"Passignano sul Trasimeno";10;21;0;0;0;;;;21;22;0;0;0;;;;22;43
"054038";"Passignano sul Trasimeno";11;21;0;0;0;;;;21;21;0;0;0;;;;21;42
"054038";"Passignano sul Trasimeno";12;20;0;0;0;;;;20;37;0;0;0;;;;37;57
"054038";"Passignano sul Trasimeno";13;28;0;0;0;;;;28;19;0;0;0;;;;19;47
"054038";"Passignano sul Trasimeno";14;24;0;0;0;;;;24;21;0;0;0;;;;21;45
"054038";"Passignano sul Trasimeno";15;26;0;0;0;;;;26;24;0;0;0;;;;24;50
"054038";"Passignano sul Trasimeno";16;27;0;0;0;;;;27;26;0;0;0;;;;26;53
"054038";"Passignano sul Trasimeno";17;31;0;0;0;;;;31;26;0;0;0;;;;26;57
"054038";"Passignano sul Trasimeno";18;29;0;0;0;;;;29;32;0;0;0;;;;32;61
"054038";"Passignano sul Trasimeno";19;19;0;0;0;;;;19;23;0;0;0;;;;23;42
"054038";"Passignano sul Trasimeno";20;28;0;0;0;;;;28;35;0;0;0;;;;35;63
"054038";"Passignano sul Trasimeno";21;23;0;0;0;;;;23;21;1;0;0;;;;22;45
"054038";"Passignano sul Trasimeno";22;25;0;0;0;;;;25;23;0;0;0;;;;23;48
"054038";"Passignano sul Trasimeno";23;23;0;0;0;;;;23;17;0;0;0;;;;17;40
"054038";"Passignano sul Trasimeno";24;41;0;0;0;;;;41;24;0;0;0;;;;24;65
"054038";"Passignano sul Trasimeno";25;29;0;0;0;;;;29;19;1;0;0;;;;20;49
"054038";"Passignano sul Trasimeno";26;30;1;0;0;;;;31;26;6;0;0;;;;32;63
"054038";"Passignano sul Trasimeno";27;23;0;0;0;;;;23;31;0;0;0;;;;31;54
"054038";"Passignano sul Trasimeno";28;29;1;0;0;;;;30;18;3;0;0;;;;21;51
"054038";"Passignano sul Trasimeno";29;26;2;0;0;;;;28;18;6;0;0;;;;24;52
"054038";"Passignano sul Trasimeno";30;21;5;0;0;;;;26;16;4;1;0;;;;21;47
"054038";"Passignano sul Trasimeno";31;26;7;0;0;;;;33;22;9;0;0;;;;31;64
"054038";"Passignano sul Trasimeno";32;19;3;0;0;;;;22;11;16;1;0;;;;28;50
"054038";"Passignano sul Trasimeno";33;22;4;0;0;;;;26;17;9;2;0;;;;28;54
"054038";"Passignano sul Trasimeno";34;23;9;0;0;;;;32;20;17;0;0;;;;37;69
"054038";"Passignano sul Trasimeno";35;20;11;0;0;;;;31;27;8;0;0;;;;35;66
"054038";"Passignano sul Trasimeno";36;19;12;0;0;;;;31;13;17;2;0;;;;32;63
"054038";"Passignano sul Trasimeno";37;16;6;1;0;;;;23;20;18;1;1;;;;40;63
"054038";"Passignano sul Trasimeno";38;19;9;0;0;;;;28;16;9;2;0;;;;27;55
"054038";"Passignano sul Trasimeno";39;18;16;1;0;;;;35;14;17;0;0;;;;31;66
"054038";"Passignano sul Trasimeno";40;19;14;0;0;;;;33;12;19;3;0;;;;34;67
"054038";"Passignano sul Trasimeno";41;15;13;0;0;;;;28;18;18;0;0;;;;36;64
"054038";"Passignano sul Trasimeno";42;14;12;0;0;;;;26;21;35;2;1;;;;59;85
"054038";"Passignano sul Trasimeno";43;16;15;0;0;;;;31;14;14;2;0;;;;30;61
"054038";"Passignano sul Trasimeno";44;17;19;3;0;;;;39;13;18;2;1;;;;34;73
"054038";"Passignano sul Trasimeno";45;12;21;2;0;;;;35;3;23;5;0;;;;31;66
"054038";"Passignano sul Trasimeno";46;22;20;0;0;;;;42;18;20;0;1;;;;39;81
"054038";"Passignano sul Trasimeno";47;25;24;4;0;;;;53;7;26;2;1;;;;36;89
"054038";"Passignano sul Trasimeno";48;13;26;2;1;;;;42;15;31;6;1;;;;53;95
"054038";"Passignano sul Trasimeno";49;20;19;1;0;;;;40;9;25;4;0;;;;38;78
"054038";"Passignano sul Trasimeno";50;15;26;3;0;;;;44;9;34;6;0;;;;49;93
"054038";"Passignano sul Trasimeno";51;12;30;2;1;;;;45;7;28;1;1;;;;37;82
"054038";"Passignano sul Trasimeno";52;15;31;2;0;;;;48;11;46;3;1;;;;61;109
"054038";"Passignano sul Trasimeno";53;11;25;2;0;;;;38;5;35;3;1;;;;44;82
"054038";"Passignano sul Trasimeno";54;11;35;5;0;;;;51;9;33;3;1;;;;46;97
"054038";"Passignano sul Trasimeno";55;7;35;3;0;;;;45;11;31;1;0;;;;43;88
"054038";"Passignano sul Trasimeno";56;5;24;4;1;;;;34;6;29;10;1;;;;46;80
"054038";"Passignano sul Trasimeno";57;5;28;3;1;;;;37;6;37;4;2;;;;49;86
"054038";"Passignano sul Trasimeno";58;9;37;3;1;;;;50;12;37;5;2;;;;56;106
"054038";"Passignano sul Trasimeno";59;6;42;2;2;;;;52;6;32;2;4;;;;44;96
"054038";"Passignano sul Trasimeno";60;6;46;5;0;;;;57;5;32;3;2;;;;42;99
"054038";"Passignano sul Trasimeno";61;8;22;3;2;;;;35;1;32;5;3;;;;41;76
"054038";"Passignano sul Trasimeno";62;9;29;4;1;;;;43;6;36;3;4;;;;49;92
"054038";"Passignano sul Trasimeno";63;7;35;8;0;;;;50;4;26;5;6;;;;41;91
"054038";"Passignano sul Trasimeno";64;7;29;1;0;;;;37;6;24;3;6;;;;39;76
"054038";"Passignano sul Trasimeno";65;2;24;0;1;;;;27;3;24;3;5;;;;35;62
"054038";"Passignano sul Trasimeno";66;6;27;4;0;;;;37;1;27;5;3;;;;36;73
"054038";"Passignano sul Trasimeno";67;5;26;2;1;;;;34;2;30;2;7;;;;41;75
"054038";"Passignano sul Trasimeno";68;5;23;5;1;;;;34;0;27;2;4;;;;33;67
"054038";"Passignano sul Trasimeno";69;2;21;1;4;;;;28;1;31;1;5;;;;38;66
"054038";"Passignano sul Trasimeno";70;4;26;4;1;;;;35;2;29;3;10;;;;44;79
"054038";"Passignano sul Trasimeno";71;0;22;1;0;;;;23;2;34;2;6;;;;44;67
"054038";"Passignano sul Trasimeno";72;1;29;1;1;;;;32;2;23;3;9;;;;37;69
"054038";"Passignano sul Trasimeno";73;2;31;2;2;;;;37;4;19;1;8;;;;32;69
"054038";"Passignano sul Trasimeno";74;5;26;1;2;;;;34;1;29;5;8;;;;43;77
"054038";"Passignano sul Trasimeno";75;3;25;2;2;;;;32;3;20;0;13;;;;36;68
"054038";"Passignano sul Trasimeno";76;0;30;0;6;;;;36;1;21;1;9;;;;32;68
"054038";"Passignano sul Trasimeno";77;0;34;4;4;;;;42;0;19;2;14;;;;35;77
"054038";"Passignano sul Trasimeno";78;2;22;1;3;;;;28;2;14;2;7;;;;25;53
"054038";"Passignano sul Trasimeno";79;1;15;0;3;;;;19;0;17;1;13;;;;31;50
"054038";"Passignano sul Trasimeno";80;2;13;1;2;;;;18;0;11;2;16;;;;29;47
"054038";"Passignano sul Trasimeno";81;2;13;2;5;;;;22;3;17;0;12;;;;32;54
"054038";"Passignano sul Trasimeno";82;1;19;2;1;;;;23;2;6;1;14;;;;23;46
"054038";"Passignano sul Trasimeno";83;2;23;0;2;;;;27;1;15;0;14;;;;30;57
"054038";"Passignano sul Trasimeno";84;0;10;2;0;;;;12;1;11;0;15;;;;27;39
"054038";"Passignano sul Trasimeno";85;1;11;0;8;;;;20;0;10;0;15;;;;25;45
"054038";"Passignano sul Trasimeno";86;1;14;1;2;;;;18;2;9;0;12;;;;23;41
"054038";"Passignano sul Trasimeno";87;1;16;0;4;;;;21;0;6;0;10;;;;16;37
"054038";"Passignano sul Trasimeno";88;1;12;0;2;;;;15;0;5;0;24;;;;29;44
"054038";"Passignano sul Trasimeno";89;1;8;0;1;;;;10;1;3;0;14;;;;18;28
"054038";"Passignano sul Trasimeno";90;1;6;0;1;;;;8;1;0;1;17;;;;19;27
"054038";"Passignano sul Trasimeno";91;0;3;0;3;;;;6;1;4;0;11;;;;16;22
"054038";"Passignano sul Trasimeno";92;0;2;0;0;;;;2;0;3;0;8;;;;11;13
"054038";"Passignano sul Trasimeno";93;0;4;0;2;;;;6;0;0;0;9;;;;9;15
"054038";"Passignano sul Trasimeno";94;0;2;0;1;;;;3;0;0;0;4;;;;4;7
"054038";"Passignano sul Trasimeno";95;0;3;0;0;;;;3;0;0;0;5;;;;5;8
"054038";"Passignano sul Trasimeno";96;0;0;0;0;;;;0;0;0;0;1;;;;1;1
"054038";"Passignano sul Trasimeno";97;0;1;0;0;;;;1;0;1;0;3;;;;4;5
"054038";"Passignano sul Trasimeno";98;0;1;0;0;;;;1;0;0;0;3;;;;3;4
"054038";"Passignano sul Trasimeno";99;0;0;0;0;;;;0;0;0;0;2;;;;2;2
"054038";"Passignano sul Trasimeno";100;0;0;0;0;;;;0;0;0;0;3;;;;3;3
"054038";"Passignano sul Trasimeno";999;1286;1285;100;75;;;;2746;1130;1327;129;373;;;;2959;5705
"054039";"Perugia";0;519;0;0;0;0;0;0;519;459;0;0;0;0;0;0;459;978
"054039";"Perugia";1;461;0;0;0;0;0;0;461;477;0;0;0;0;0;0;477;938
"054039";"Perugia";2;526;0;0;0;0;0;0;526;500;0;0;0;0;0;0;500;1026
"054039";"Perugia";3;561;0;0;0;0;0;0;561;521;0;0;0;0;0;0;521;1082
"054039";"Perugia";4;596;0;0;0;0;0;0;596;542;0;0;0;0;0;0;542;1138
"054039";"Perugia";5;596;0;0;0;0;0;0;596;592;0;0;0;0;0;0;592;1188
"054039";"Perugia";6;603;0;0;0;0;0;0;603;551;0;0;0;0;0;0;551;1154
"054039";"Perugia";7;653;0;0;0;0;0;0;653;605;0;0;0;0;0;0;605;1258
"054039";"Perugia";8;644;0;0;0;0;0;0;644;599;0;0;0;0;0;0;599;1243
"054039";"Perugia";9;683;0;0;0;0;0;0;683;624;0;0;0;0;0;0;624;1307
"054039";"Perugia";10;691;0;0;0;0;0;0;691;660;0;0;0;0;0;0;660;1351
"054039";"Perugia";11;697;0;0;0;0;0;0;697;705;0;0;0;0;0;0;705;1402
"054039";"Perugia";12;745;0;0;0;0;0;0;745;785;0;0;0;0;0;0;785;1530
"054039";"Perugia";13;764;0;0;0;0;0;0;764;756;0;0;0;0;0;0;756;1520
"054039";"Perugia";14;796;0;0;0;0;0;0;796;695;0;0;0;0;0;0;695;1491
"054039";"Perugia";15;829;0;0;0;0;0;0;829;720;0;0;0;0;0;0;720;1549
"054039";"Perugia";16;798;0;0;0;0;0;0;798;805;0;0;0;0;0;0;805;1603
"054039";"Perugia";17;843;0;0;0;0;0;0;843;701;0;0;0;0;0;0;701;1544
"054039";"Perugia";18;853;0;0;0;0;0;0;853;773;1;0;0;0;0;0;774;1627
"054039";"Perugia";19;915;0;0;0;0;0;0;915;808;3;0;0;0;0;0;811;1726
"054039";"Perugia";20;885;2;0;0;0;0;0;887;797;4;0;0;0;0;0;801;1688
"054039";"Perugia";21;893;1;0;0;0;0;0;894;784;5;0;1;0;0;0;790;1684
"054039";"Perugia";22;878;1;0;0;0;0;0;879;846;8;0;0;0;0;0;854;1733
"054039";"Perugia";23;896;5;0;0;0;0;0;901;772;17;0;0;0;0;0;789;1690
"054039";"Perugia";24;860;8;1;0;0;0;0;869;779;39;0;0;0;0;0;818;1687
"054039";"Perugia";25;928;9;3;0;1;0;0;941;714;28;1;0;0;0;0;743;1684
"054039";"Perugia";26;902;28;0;0;0;0;0;930;728;63;2;0;0;0;0;793;1723
"054039";"Perugia";27;863;42;0;0;2;0;0;907;765;97;0;0;0;0;0;862;1769
"054039";"Perugia";28;872;52;0;0;2;0;0;926;685;110;4;0;0;0;0;799;1725
"054039";"Perugia";29;795;90;1;0;1;0;0;887;655;143;1;0;1;0;0;800;1687
"054039";"Perugia";30;783;89;1;0;1;0;0;874;603;173;3;0;0;0;0;779;1653
"054039";"Perugia";31;774;137;2;0;0;0;0;913;585;208;2;1;0;0;0;796;1709
"054039";"Perugia";32;825;173;5;1;2;0;0;1006;593;240;11;1;0;0;0;845;1851
"054039";"Perugia";33;744;210;3;0;3;0;0;960;545;259;14;2;0;0;0;820;1780
"054039";"Perugia";34;695;203;3;0;1;1;0;903;534;330;10;2;3;0;0;879;1782
"054039";"Perugia";35;640;236;8;0;0;0;0;884;506;346;17;1;0;0;0;870;1754
"054039";"Perugia";36;612;320;7;0;2;0;0;941;514;416;20;3;2;0;0;955;1896
"054039";"Perugia";37;539;281;15;0;4;0;0;839;461;416;20;1;0;0;0;898;1737
"054039";"Perugia";38;517;372;8;0;2;0;0;899;462;436;29;2;1;0;0;930;1829
"054039";"Perugia";39;503;399;15;1;2;0;0;920;413;495;25;5;0;0;0;938;1858
"054039";"Perugia";40;507;424;27;0;4;0;0;962;398;518;41;3;1;0;0;961;1923
"054039";"Perugia";41;511;491;24;5;3;0;0;1034;371;604;41;8;0;0;0;1024;2058
"054039";"Perugia";42;490;487;31;2;2;0;0;1012;371;583;39;7;3;0;0;1003;2015
"054039";"Perugia";43;439;517;25;2;4;0;0;987;381;606;58;7;2;0;0;1054;2041
"054039";"Perugia";44;410;538;35;3;3;0;0;989;326;663;68;8;1;0;0;1066;2055
"054039";"Perugia";45;456;554;36;3;1;0;0;1050;327;706;74;11;0;0;0;1118;2168
"054039";"Perugia";46;443;569;52;4;0;0;0;1068;359;674;89;7;1;0;0;1130;2198
"054039";"Perugia";47;407;690;44;1;1;0;0;1143;371;704;87;10;2;0;0;1174;2317
"054039";"Perugia";48;380;594;52;4;1;0;0;1031;341;753;76;14;0;0;0;1184;2215
"054039";"Perugia";49;395;673;63;1;0;0;0;1132;355;799;105;23;0;1;0;1283;2415
"054039";"Perugia";50;423;806;69;6;4;0;0;1308;298;843;104;15;0;0;0;1260;2568
"054039";"Perugia";51;411;751;79;7;1;1;0;1250;274;861;108;24;2;0;0;1269;2519
"054039";"Perugia";52;344;769;91;8;5;0;0;1217;294;821;130;22;0;0;0;1267;2484
"054039";"Perugia";53;303;820;76;5;4;0;0;1208;271;889;125;36;1;0;0;1322;2530
"054039";"Perugia";54;305;781;111;9;2;0;0;1208;236;895;142;31;3;0;0;1307;2515
"054039";"Perugia";55;306;811;67;7;1;0;0;1192;272;956;128;42;0;0;0;1398;2590
"054039";"Perugia";56;260;818;89;5;1;0;0;1173;234;895;143;55;0;0;0;1327;2500
"054039";"Perugia";57;227;779;104;11;4;0;0;1125;235;869;123;49;0;0;0;1276;2401
"054039";"Perugia";58;280;876;88;12;4;0;1;1261;206;859;138;55;1;0;0;1259;2520
"054039";"Perugia";59;248;879;100;19;2;0;0;1248;221;945;143;63;3;0;0;1375;2623
"054039";"Perugia";60;218;911;107;20;0;0;0;1256;194;920;175;80;0;1;0;1370;2626
"054039";"Perugia";61;190;756;101;16;6;0;0;1069;179;930;152;73;0;0;0;1334;2403
"054039";"Perugia";62;171;815;82;15;4;0;0;1087;158;921;140;92;1;0;0;1312;2399
"054039";"Perugia";63;163;846;80;26;0;0;0;1115;153;821;134;117;0;0;0;1225;2340
"054039";"Perugia";64;142;839;97;17;2;0;0;1097;157;844;135;105;0;0;0;1241;2338
"054039";"Perugia";65;134;794;95;24;2;0;0;1049;144;775;129;118;1;0;0;1167;2216
"054039";"Perugia";66;109;743;59;28;5;0;0;944;119;732;112;113;0;0;0;1076;2020
"054039";"Perugia";67;101;677;67;27;1;0;0;873;113;746;91;135;1;0;0;1086;1959
"054039";"Perugia";68;93;743;57;32;1;0;0;926;103;713;86;159;0;0;0;1061;1987
"054039";"Perugia";69;84;704;39;38;1;0;0;866;88;665;84;136;0;0;0;973;1839
"054039";"Perugia";70;73;670;63;38;0;0;0;844;73;693;74;171;0;0;0;1011;1855
"054039";"Perugia";71;59;664;42;31;1;0;0;797;82;639;62;188;0;0;0;971;1768
"054039";"Perugia";72;60;617;25;31;3;0;0;736;74;608;68;155;0;0;0;905;1641
"054039";"Perugia";73;56;610;44;49;0;0;0;759;65;648;67;188;0;0;0;968;1727
"054039";"Perugia";74;49;629;41;70;2;0;0;791;74;627;63;190;0;0;0;954;1745
"054039";"Perugia";75;39;650;31;46;0;0;0;766;70;621;56;234;0;0;0;981;1747
"054039";"Perugia";76;51;721;35;55;2;0;0;864;62;699;55;317;0;0;0;1133;1997
"054039";"Perugia";77;41;667;20;47;0;0;0;775;63;521;49;306;0;0;0;939;1714
"054039";"Perugia";78;43;615;28;69;0;0;0;755;40;493;37;328;0;0;0;898;1653
"054039";"Perugia";79;37;476;14;44;0;0;0;571;39;386;33;304;0;0;0;762;1333
"054039";"Perugia";80;24;481;24;68;1;0;0;598;41;390;27;318;1;0;0;777;1375
"054039";"Perugia";81;28;474;11;75;0;0;0;588;39;325;26;395;0;0;0;785;1373
"054039";"Perugia";82;29;400;17;74;0;0;0;520;36;318;21;349;0;0;0;724;1244
"054039";"Perugia";83;29;419;11;83;0;0;0;542;43;272;21;394;0;0;0;730;1272
"054039";"Perugia";84;25;446;16;88;0;0;0;575;37;252;23;497;0;0;0;809;1384
"054039";"Perugia";85;19;389;7;95;0;0;0;510;35;225;21;450;0;0;0;731;1241
"054039";"Perugia";86;22;346;12;104;0;0;0;484;38;201;16;481;0;0;0;736;1220
"054039";"Perugia";87;17;284;3;74;0;0;0;378;18;125;14;427;0;0;0;584;962
"054039";"Perugia";88;8;202;4;78;0;0;0;292;32;83;10;377;0;0;0;502;794
"054039";"Perugia";89;5;179;2;58;0;0;0;244;18;70;10;359;0;0;0;457;701
"054039";"Perugia";90;12;139;8;74;0;0;0;233;21;53;1;355;0;0;0;430;663
"054039";"Perugia";91;6;114;3;62;0;0;0;185;21;39;5;304;0;0;0;369;554
"054039";"Perugia";92;6;80;0;53;0;0;0;139;15;25;2;247;0;0;0;289;428
"054039";"Perugia";93;4;63;1;53;0;0;0;121;16;13;3;211;0;0;0;243;364
"054039";"Perugia";94;3;52;0;36;0;0;0;91;9;6;3;183;0;0;0;201;292
"054039";"Perugia";95;2;27;0;22;0;0;0;51;5;2;2;131;0;0;0;140;191
"054039";"Perugia";96;0;16;0;26;0;0;0;42;9;1;4;114;0;0;0;128;170
"054039";"Perugia";97;1;5;0;16;0;0;0;22;3;3;0;84;0;0;0;90;112
"054039";"Perugia";98;1;5;0;9;0;0;0;15;3;1;2;49;0;0;0;55;70
"054039";"Perugia";99;0;2;0;4;0;0;0;6;2;0;1;36;0;0;0;39;45
"054039";"Perugia";100;3;0;0;9;0;0;0;12;3;0;1;43;0;0;0;47;59
"054039";"Perugia";999;38879;34555;2581;2000;101;2;1;78119;34254;35686;4136;9822;31;2;0;83931;162050
"054040";"Piegaro";0;13;0;0;0;;;;13;7;0;0;0;;;;7;20
"054040";"Piegaro";1;6;0;0;0;;;;6;7;0;0;0;;;;7;13
"054040";"Piegaro";2;9;0;0;0;;;;9;11;0;0;0;;;;11;20
"054040";"Piegaro";3;14;0;0;0;;;;14;7;0;0;0;;;;7;21
"054040";"Piegaro";4;9;0;0;0;;;;9;11;0;0;0;;;;11;20
"054040";"Piegaro";5;9;0;0;0;;;;9;14;0;0;0;;;;14;23
"054040";"Piegaro";6;13;0;0;0;;;;13;8;0;0;0;;;;8;21
"054040";"Piegaro";7;9;0;0;0;;;;9;11;0;0;0;;;;11;20
"054040";"Piegaro";8;15;0;0;0;;;;15;12;0;0;0;;;;12;27
"054040";"Piegaro";9;18;0;0;0;;;;18;16;0;0;0;;;;16;34
"054040";"Piegaro";10;18;0;0;0;;;;18;8;0;0;0;;;;8;26
"054040";"Piegaro";11;11;0;0;0;;;;11;11;0;0;0;;;;11;22
"054040";"Piegaro";12;13;0;0;0;;;;13;10;0;0;0;;;;10;23
"054040";"Piegaro";13;12;0;0;0;;;;12;11;0;0;0;;;;11;23
"054040";"Piegaro";14;14;0;0;0;;;;14;15;0;0;0;;;;15;29
"054040";"Piegaro";15;24;0;0;0;;;;24;21;0;0;0;;;;21;45
"054040";"Piegaro";16;14;0;0;0;;;;14;15;0;0;0;;;;15;29
"054040";"Piegaro";17;14;0;0;0;;;;14;15;0;0;0;;;;15;29
"054040";"Piegaro";18;17;0;0;0;;;;17;19;0;0;0;;;;19;36
"054040";"Piegaro";19;15;0;0;0;;;;15;12;0;0;0;;;;12;27
"054040";"Piegaro";20;21;0;0;0;;;;21;15;1;0;0;;;;16;37
"054040";"Piegaro";21;16;0;0;0;;;;16;19;0;0;0;;;;19;35
"054040";"Piegaro";22;17;1;0;0;;;;18;10;1;0;0;;;;11;29
"054040";"Piegaro";23;15;0;0;0;;;;15;18;0;0;0;;;;18;33
"054040";"Piegaro";24;11;0;0;0;;;;11;14;0;0;0;;;;14;25
"054040";"Piegaro";25;10;1;0;0;;;;11;13;2;0;0;;;;15;26
"054040";"Piegaro";26;10;0;0;0;;;;10;9;1;0;0;;;;10;20
"054040";"Piegaro";27;13;3;0;0;;;;16;9;4;0;0;;;;13;29
"054040";"Piegaro";28;11;0;0;0;;;;11;11;2;0;0;;;;13;24
"054040";"Piegaro";29;11;1;0;0;;;;12;12;1;0;0;;;;13;25
"054040";"Piegaro";30;18;1;0;0;;;;19;14;5;0;0;;;;19;38
"054040";"Piegaro";31;14;0;0;0;;;;14;15;4;0;0;;;;19;33
"054040";"Piegaro";32;15;2;0;0;;;;17;13;4;0;0;;;;17;34
"054040";"Piegaro";33;14;3;0;0;;;;17;6;2;0;0;;;;8;25
"054040";"Piegaro";34;15;3;0;0;;;;18;9;3;1;0;;;;13;31
"054040";"Piegaro";35;4;6;0;0;;;;10;6;7;0;0;;;;13;23
"054040";"Piegaro";36;13;4;0;0;;;;17;12;8;0;0;;;;20;37
"054040";"Piegaro";37;9;8;0;0;;;;17;7;7;0;0;;;;14;31
"054040";"Piegaro";38;10;4;0;0;;;;14;10;8;0;0;;;;18;32
"054040";"Piegaro";39;12;5;0;0;;;;17;6;17;0;0;;;;23;40
"054040";"Piegaro";40;9;11;1;0;;;;21;9;11;0;1;;;;21;42
"054040";"Piegaro";41;6;10;0;0;;;;16;10;9;1;1;;;;21;37
"054040";"Piegaro";42;11;8;1;0;;;;20;5;12;1;0;;;;18;38
"054040";"Piegaro";43;10;6;1;0;;;;17;6;12;0;0;;;;18;35
"054040";"Piegaro";44;11;16;0;0;;;;27;6;14;2;0;;;;22;49
"054040";"Piegaro";45;8;9;1;0;;;;18;5;23;0;0;;;;28;46
"054040";"Piegaro";46;14;9;0;0;;;;23;6;9;1;0;;;;16;39
"054040";"Piegaro";47;3;15;0;0;;;;18;8;11;8;0;;;;27;45
"054040";"Piegaro";48;10;23;0;0;;;;33;4;14;0;0;;;;18;51
"054040";"Piegaro";49;11;10;0;0;;;;21;3;16;0;0;;;;19;40
"054040";"Piegaro";50;6;15;1;0;;;;22;4;21;2;1;;;;28;50
"054040";"Piegaro";51;8;20;0;0;;;;28;9;16;2;0;;;;27;55
"054040";"Piegaro";52;9;18;1;0;;;;28;4;26;3;1;;;;34;62
"054040";"Piegaro";53;6;20;2;1;;;;29;5;19;0;2;;;;26;55
"054040";"Piegaro";54;7;20;3;0;;;;30;4;24;1;0;;;;29;59
"054040";"Piegaro";55;6;23;3;0;;;;32;6;21;3;2;;;;32;64
"054040";"Piegaro";56;3;9;3;1;;;;16;6;17;0;2;;;;25;41
"054040";"Piegaro";57;5;17;3;0;;;;25;3;17;4;1;;;;25;50
"054040";"Piegaro";58;6;19;2;0;;;;27;2;14;3;1;;;;20;47
"054040";"Piegaro";59;2;21;2;0;;;;25;3;31;3;4;;;;41;66
"054040";"Piegaro";60;3;17;2;1;;;;23;3;18;1;3;;;;25;48
"054040";"Piegaro";61;2;13;4;1;;;;20;2;25;1;3;;;;31;51
"054040";"Piegaro";62;4;17;1;2;;;;24;2;24;1;1;;;;28;52
"054040";"Piegaro";63;5;25;0;2;;;;32;1;17;3;6;;;;27;59
"054040";"Piegaro";64;4;24;0;1;;;;29;1;25;2;2;;;;30;59
"054040";"Piegaro";65;3;18;1;0;;;;22;2;11;0;4;;;;17;39
"054040";"Piegaro";66;3;32;3;1;;;;39;2;25;0;2;;;;29;68
"054040";"Piegaro";67;3;17;2;0;;;;22;1;22;1;6;;;;30;52
"054040";"Piegaro";68;2;22;2;1;;;;27;4;16;1;3;;;;24;51
"054040";"Piegaro";69;4;13;0;2;;;;19;1;28;0;3;;;;32;51
"054040";"Piegaro";70;0;20;0;0;;;;20;3;14;0;2;;;;19;39
"054040";"Piegaro";71;2;22;1;0;;;;25;1;14;1;4;;;;20;45
"054040";"Piegaro";72;0;22;0;2;;;;24;2;12;1;3;;;;18;42
"054040";"Piegaro";73;1;19;0;1;;;;21;0;15;0;4;;;;19;40
"054040";"Piegaro";74;1;16;0;2;;;;19;2;14;0;4;;;;20;39
"054040";"Piegaro";75;1;16;1;0;;;;18;2;14;1;9;;;;26;44
"054040";"Piegaro";76;0;17;0;2;;;;19;6;13;0;11;;;;30;49
"054040";"Piegaro";77;1;13;3;4;;;;21;0;15;0;9;;;;24;45
"054040";"Piegaro";78;0;21;0;0;;;;21;1;8;1;6;;;;16;37
"054040";"Piegaro";79;0;11;0;1;;;;12;0;7;0;5;;;;12;24
"054040";"Piegaro";80;1;9;0;3;;;;13;0;11;0;8;;;;19;32
"054040";"Piegaro";81;1;10;0;2;;;;13;1;7;0;12;;;;20;33
"054040";"Piegaro";82;0;11;0;2;;;;13;2;7;0;8;;;;17;30
"054040";"Piegaro";83;0;4;0;4;;;;8;0;4;0;10;;;;14;22
"054040";"Piegaro";84;0;10;0;3;;;;13;0;5;0;15;;;;20;33
"054040";"Piegaro";85;0;11;0;1;;;;12;0;4;1;4;;;;9;21
"054040";"Piegaro";86;0;14;0;0;;;;14;0;3;0;12;;;;15;29
"054040";"Piegaro";87;0;4;0;2;;;;6;1;3;0;14;;;;18;24
"054040";"Piegaro";88;2;7;0;2;;;;11;0;5;1;13;;;;19;30
"054040";"Piegaro";89;0;6;0;0;;;;6;0;3;1;7;;;;11;17
"054040";"Piegaro";90;0;4;0;0;;;;4;0;2;0;6;;;;8;12
"054040";"Piegaro";91;0;4;0;0;;;;4;0;2;1;3;;;;6;10
"054040";"Piegaro";92;0;1;0;1;;;;2;0;0;0;4;;;;4;6
"054040";"Piegaro";93;0;2;0;2;;;;4;0;0;0;4;;;;4;8
"054040";"Piegaro";94;0;0;0;0;;;;0;0;0;0;2;;;;2;2
"054040";"Piegaro";95;0;1;0;0;;;;1;0;0;0;4;;;;4;5
"054040";"Piegaro";96;0;0;0;1;;;;1;0;0;0;2;;;;2;3
"054040";"Piegaro";97;0;2;0;1;;;;3;0;0;0;3;;;;3;6
"054040";"Piegaro";98;0;0;0;0;;;;0;0;0;0;1;;;;1;1
"054040";"Piegaro";99;0;0;0;0;;;;0;0;0;0;3;;;;3;3
"054040";"Piegaro";100;0;0;0;0;;;;0;0;0;0;0;;;;0;0
"054040";"Piegaro";999;720;816;44;49;;;;1629;617;807;53;241;;;;1718;3347
"054041";"Pietralunga";0;3;0;0;0;;;;3;4;0;0;0;;;;4;7
"054041";"Pietralunga";1;6;0;0;0;;;;6;2;0;0;0;;;;2;8
"054041";"Pietralunga";2;11;0;0;0;;;;11;6;0;0;0;;;;6;17
"054041";"Pietralunga";3;6;0;0;0;;;;6;5;0;0;0;;;;5;11
"054041";"Pietralunga";4;4;0;0;0;;;;4;6;0;0;0;;;;6;10
"054041";"Pietralunga";5;4;0;0;0;;;;4;4;0;0;0;;;;4;8
"054041";"Pietralunga";6;4;0;0;0;;;;4;8;0;0;0;;;;8;12
"054041";"Pietralunga";7;5;0;0;0;;;;5;5;0;0;0;;;;5;10
"054041";"Pietralunga";8;3;0;0;0;;;;3;9;0;0;0;;;;9;12
"054041";"Pietralunga";9;8;0;0;0;;;;8;9;0;0;0;;;;9;17
"054041";"Pietralunga";10;14;0;0;0;;;;14;3;0;0;0;;;;3;17
"054041";"Pietralunga";11;4;0;0;0;;;;4;9;0;0;0;;;;9;13
"054041";"Pietralunga";12;3;0;0;0;;;;3;3;0;0;0;;;;3;6
"054041";"Pietralunga";13;4;0;0;0;;;;4;8;0;0;0;;;;8;12
"054041";"Pietralunga";14;5;0;0;0;;;;5;11;0;0;0;;;;11;16
"054041";"Pietralunga";15;13;0;0;0;;;;13;6;0;0;0;;;;6;19
"054041";"Pietralunga";16;8;0;0;0;;;;8;7;0;0;0;;;;7;15
"054041";"Pietralunga";17;4;0;0;0;;;;4;12;0;0;0;;;;12;16
"054041";"Pietralunga";18;5;0;0;0;;;;5;18;0;0;0;;;;18;23
"054041";"Pietralunga";19;6;0;0;0;;;;6;9;0;0;0;;;;9;15
"054041";"Pietralunga";20;13;0;0;0;;;;13;9;0;0;0;;;;9;22
"054041";"Pietralunga";21;4;0;0;0;;;;4;9;0;0;0;;;;9;13
"054041";"Pietralunga";22;6;0;0;0;;;;6;8;0;0;0;;;;8;14
"054041";"Pietralunga";23;12;0;0;0;;;;12;8;1;0;0;;;;9;21
"054041";"Pietralunga";24;9;0;0;0;;;;9;18;0;0;0;;;;18;27
"054041";"Pietralunga";25;12;0;0;0;;;;12;9;1;0;0;;;;10;22
"054041";"Pietralunga";26;14;0;0;0;;;;14;10;1;0;0;;;;11;25
"054041";"Pietralunga";27;11;3;0;0;;;;14;4;1;0;0;;;;5;19
"054041";"Pietralunga";28;12;0;0;0;;;;12;7;3;0;0;;;;10;22
"054041";"Pietralunga";29;12;0;0;0;;;;12;10;3;0;0;;;;13;25
"054041";"Pietralunga";30;11;0;0;0;;;;11;9;1;0;0;;;;10;21
"054041";"Pietralunga";31;13;1;0;0;;;;14;14;1;0;0;;;;15;29
"054041";"Pietralunga";32;5;3;0;0;;;;8;2;3;0;0;;;;5;13
"054041";"Pietralunga";33;10;1;0;0;;;;11;6;2;0;0;;;;8;19
"054041";"Pietralunga";34;8;2;0;0;;;;10;10;4;0;0;;;;14;24
"054041";"Pietralunga";35;10;4;0;0;;;;14;10;2;0;0;;;;12;26
"054041";"Pietralunga";36;10;1;0;0;;;;11;6;5;1;0;;;;12;23
"054041";"Pietralunga";37;6;5;0;0;;;;11;9;1;0;0;;;;10;21
"054041";"Pietralunga";38;8;2;0;0;;;;10;5;2;0;0;;;;7;17
"054041";"Pietralunga";39;12;5;1;0;;;;18;2;5;1;0;;;;8;26
"054041";"Pietralunga";40;12;3;0;0;;;;15;7;8;0;0;;;;15;30
"054041";"Pietralunga";41;6;6;0;0;;;;12;10;7;1;0;;;;18;30
"054041";"Pietralunga";42;7;3;0;0;;;;10;6;5;1;1;;;;13;23
"054041";"Pietralunga";43;8;6;0;0;;;;14;1;5;1;0;;;;7;21
"054041";"Pietralunga";44;10;2;0;0;;;;12;3;5;2;1;;;;11;23
"054041";"Pietralunga";45;6;6;0;0;;;;12;5;7;0;1;;;;13;25
"054041";"Pietralunga";46;9;5;1;0;;;;15;5;4;1;0;;;;10;25
"054041";"Pietralunga";47;7;5;0;0;;;;12;4;6;0;0;;;;10;22
"054041";"Pietralunga";48;7;6;1;0;;;;14;5;6;0;0;;;;11;25
"054041";"Pietralunga";49;8;4;2;1;;;;15;3;3;1;0;;;;7;22
"054041";"Pietralunga";50;3;8;2;0;;;;13;3;7;1;1;;;;12;25
"054041";"Pietralunga";51;7;6;1;1;;;;15;5;9;0;0;;;;14;29
"054041";"Pietralunga";52;2;7;1;0;;;;10;1;14;2;0;;;;17;27
"054041";"Pietralunga";53;6;9;0;0;;;;15;2;8;0;1;;;;11;26
"054041";"Pietralunga";54;4;7;0;0;;;;11;4;13;1;0;;;;18;29
"054041";"Pietralunga";55;2;10;0;0;;;;12;1;13;2;0;;;;16;28
"054041";"Pietralunga";56;8;8;0;0;;;;16;1;6;0;1;;;;8;24
"054041";"Pietralunga";57;3;17;0;0;;;;20;2;13;0;3;;;;18;38
"054041";"Pietralunga";58;5;9;4;0;;;;18;0;18;2;4;;;;24;42
"054041";"Pietralunga";59;3;9;3;0;;;;15;0;10;0;2;;;;12;27
"054041";"Pietralunga";60;3;13;3;0;;;;19;2;11;2;1;;;;16;35
"054041";"Pietralunga";61;9;9;0;0;;;;18;2;16;3;0;;;;21;39
"054041";"Pietralunga";62;1;11;1;0;;;;13;1;16;0;1;;;;18;31
"054041";"Pietralunga";63;1;14;0;1;;;;16;2;9;1;3;;;;15;31
"054041";"Pietralunga";64;3;10;2;2;;;;17;2;10;1;1;;;;14;31
"054041";"Pietralunga";65;2;15;1;1;;;;19;2;13;0;0;;;;15;34
"054041";"Pietralunga";66;1;9;1;0;;;;11;5;12;1;3;;;;21;32
"054041";"Pietralunga";67;1;6;0;0;;;;7;1;11;0;5;;;;17;24
"054041";"Pietralunga";68;1;20;0;2;;;;23;3;6;0;3;;;;12;35
"054041";"Pietralunga";69;2;14;0;0;;;;16;1;12;2;1;;;;16;32
"054041";"Pietralunga";70;1;12;1;1;;;;15;0;7;1;2;;;;10;25
"054041";"Pietralunga";71;3;18;1;0;;;;22;2;7;2;2;;;;13;35
"054041";"Pietralunga";72;1;11;0;1;;;;13;0;10;0;5;;;;15;28
"054041";"Pietralunga";73;1;10;0;2;;;;13;0;12;0;4;;;;16;29
"054041";"Pietralunga";74;4;6;0;1;;;;11;0;6;0;2;;;;8;19
"054041";"Pietralunga";75;4;6;0;2;;;;12;1;7;0;5;;;;13;25
"054041";"Pietralunga";76;0;9;0;1;;;;10;1;7;0;6;;;;14;24
"054041";"Pietralunga";77;2;8;0;2;;;;12;1;4;0;4;;;;9;21
"054041";"Pietralunga";78;2;6;0;0;;;;8;0;8;0;5;;;;13;21
"054041";"Pietralunga";79;2;15;0;2;;;;19;0;2;0;3;;;;5;24
"054041";"Pietralunga";80;1;0;0;2;;;;3;0;5;0;6;;;;11;14
"054041";"Pietralunga";81;0;9;1;2;;;;12;0;3;0;1;;;;4;16
"054041";"Pietralunga";82;0;5;0;0;;;;5;1;2;0;4;;;;7;12
"054041";"Pietralunga";83;0;2;0;1;;;;3;0;2;0;5;;;;7;10
"054041";"Pietralunga";84;0;3;0;1;;;;4;0;5;0;9;;;;14;18
"054041";"Pietralunga";85;0;4;1;0;;;;5;0;1;0;9;;;;10;15
"054041";"Pietralunga";86;1;7;0;1;;;;9;1;4;0;9;;;;14;23
"054041";"Pietralunga";87;1;4;0;1;;;;6;1;1;0;9;;;;11;17
"054041";"Pietralunga";88;1;1;0;0;;;;2;0;1;0;11;;;;12;14
"054041";"Pietralunga";89;0;3;0;1;;;;4;0;1;0;7;;;;8;12
"054041";"Pietralunga";90;0;2;0;1;;;;3;0;0;0;8;;;;8;11
"054041";"Pietralunga";91;0;4;0;1;;;;5;0;0;0;8;;;;8;13
"054041";"Pietralunga";92;1;1;0;1;;;;3;0;1;0;3;;;;4;7
"054041";"Pietralunga";93;0;0;1;0;;;;1;0;1;0;5;;;;6;7
"054041";"Pietralunga";94;0;1;0;0;;;;1;0;0;0;3;;;;3;4
"054041";"Pietralunga";95;0;0;0;0;;;;0;0;0;0;3;;;;3;3
"054041";"Pietralunga";96;0;0;0;1;;;;1;0;0;0;2;;;;2;3
"054041";"Pietralunga";97;1;2;0;0;;;;3;0;0;0;0;;;;0;3
"054041";"Pietralunga";98;0;1;0;0;;;;1;0;0;0;0;;;;0;1
"054041";"Pietralunga";99;0;0;0;0;;;;0;0;0;0;0;;;;0;0
"054041";"Pietralunga";100;0;0;0;0;;;;0;2;0;0;0;;;;2;2
"054041";"Pietralunga";999;491;434;29;33;;;;987;408;416;30;173;;;;1027;2014
"054042";"Poggiodomo";0;0;0;0;0;;;;0;0;0;0;0;;;;0;0
"054042";"Poggiodomo";1;0;0;0;0;;;;0;0;0;0;0;;;;0;0
"054042";"Poggiodomo";2;0;0;0;0;;;;0;0;0;0;0;;;;0;0
"054042";"Poggiodomo";3;0;0;0;0;;;;0;1;0;0;0;;;;1;1
"054042";"Poggiodomo";4;0;0;0;0;;;;0;0;0;0;0;;;;0;0
"054042";"Poggiodomo";5;0;0;0;0;;;;0;0;0;0;0;;;;0;0
"054042";"Poggiodomo";6;1;0;0;0;;;;1;0;0;0;0;;;;0;1
"054042";"Poggiodomo";7;0;0;0;0;;;;0;0;0;0;0;;;;0;0
"054042";"Poggiodomo";8;0;0;0;0;;;;0;0;0;0;0;;;;0;0
"054042";"Poggiodomo";9;0;0;0;0;;;;0;0;0;0;0;;;;0;0
"054042";"Poggiodomo";10;1;0;0;0;;;;1;0;0;0;0;;;;0;1
"054042";"Poggiodomo";11;0;0;0;0;;;;0;0;0;0;0;;;;0;0
"054042";"Poggiodomo";12;0;0;0;0;;;;0;0;0;0;0;;;;0;0
"054042";"Poggiodomo";13;0;0;0;0;;;;0;0;0;0;0;;;;0;0
"054042";"Poggiodomo";14;0;0;0;0;;;;0;0;0;0;0;;;;0;0
"054042";"Poggiodomo";15;0;0;0;0;;;;0;0;0;0;0;;;;0;0
"054042";"Poggiodomo";16;0;0;0;0;;;;0;0;0;0;0;;;;0;0
"054042";"Poggiodomo";17;0;0;0;0;;;;0;0;0;0;0;;;;0;0
"054042";"Poggiodomo";18;0;0;0;0;;;;0;0;0;0;0;;;;0;0
"054042";"Poggiodomo";19;1;0;0;0;;;;1;0;0;0;0;;;;0;1
"054042";"Poggiodomo";20;0;0;0;0;;;;0;0;0;0;0;;;;0;0
"054042";"Poggiodomo";21;0;0;0;0;;;;0;0;0;0;0;;;;0;0
"054042";"Poggiodomo";22;1;0;0;0;;;;1;0;0;0;0;;;;0;1
"054042";"Poggiodomo";23;0;0;0;0;;;;0;0;0;0;0;;;;0;0
"054042";"Poggiodomo";24;0;0;0;0;;;;0;0;0;0;0;;;;0;0
"054042";"Poggiodomo";25;0;0;0;0;;;;0;0;0;0;0;;;;0;0
"054042";"Poggiodomo";26;0;0;0;0;;;;0;0;0;0;0;;;;0;0
"054042";"Poggiodomo";27;0;0;0;0;;;;0;0;0;0;0;;;;0;0
"054042";"Poggiodomo";28;1;0;0;0;;;;1;0;0;0;0;;;;0;1
"054042";"Poggiodomo";29;0;0;0;0;;;;0;0;0;0;0;;;;0;0
"054042";"Poggiodomo";30;0;0;0;0;;;;0;0;0;0;0;;;;0;0
"054042";"Poggiodomo";31;0;0;0;0;;;;0;0;0;0;0;;;;0;0
"054042";"Poggiodomo";32;0;0;0;0;;;;0;0;0;0;0;;;;0;0
"054042";"Poggiodomo";33;0;0;0;0;;;;0;0;0;0;0;;;;0;0
"054042";"Poggiodomo";34;0;0;0;0;;;;0;0;0;0;0;;;;0;0
"054042";"Poggiodomo";35;0;1;0;0;;;;1;0;0;0;0;;;;0;1
"054042";"Poggiodomo";36;0;0;0;0;;;;0;0;0;0;0;;;;0;0
"054042";"Poggiodomo";37;0;0;0;0;;;;0;0;0;0;0;;;;0;0
"054042";"Poggiodomo";38;0;1;0;0;;;;1;0;0;0;0;;;;0;1
"054042";"Poggiodomo";39;0;0;0;0;;;;0;0;0;0;0;;;;0;0
"054042";"Poggiodomo";40;0;0;0;0;;;;0;0;0;0;0;;;;0;0
"054042";"Poggiodomo";41;0;0;0;0;;;;0;0;0;0;0;;;;0;0
"054042";"Poggiodomo";42;0;0;0;0;;;;0;0;0;0;0;;;;0;0
"054042";"Poggiodomo";43;0;0;0;0;;;;0;0;1;0;0;;;;1;1
"054042";"Poggiodomo";44;0;1;0;0;;;;1;0;1;0;0;;;;1;2
"054042";"Poggiodomo";45;0;0;0;0;;;;0;0;0;0;0;;;;0;0
"054042";"Poggiodomo";46;0;0;1;0;;;;1;0;1;1;0;;;;2;3
"054042";"Poggiodomo";47;0;0;0;0;;;;0;0;0;0;0;;;;0;0
"054042";"Poggiodomo";48;2;0;0;0;;;;2;0;0;0;0;;;;0;2
"054042";"Poggiodomo";49;0;0;0;0;;;;0;1;0;0;0;;;;1;1
"054042";"Poggiodomo";50;1;0;0;0;;;;1;0;0;0;0;;;;0;1
"054042";"Poggiodomo";51;1;1;0;0;;;;2;0;0;0;0;;;;0;2
"054042";"Poggiodomo";52;0;0;0;0;;;;0;0;0;0;0;;;;0;0
"054042";"Poggiodomo";53;1;0;0;0;;;;1;0;1;0;0;;;;1;2
"054042";"Poggiodomo";54;0;1;0;0;;;;1;0;0;0;0;;;;0;1
"054042";"Poggiodomo";55;0;0;0;0;;;;0;0;0;0;0;;;;0;0
"054042";"Poggiodomo";56;0;0;0;0;;;;0;0;0;0;0;;;;0;0
"054042";"Poggiodomo";57;0;0;0;0;;;;0;0;0;0;0;;;;0;0
"054042";"Poggiodomo";58;2;0;0;0;;;;2;0;0;0;0;;;;0;2
"054042";"Poggiodomo";59;0;0;0;0;;;;0;0;1;0;0;;;;1;1
"054042";"Poggiodomo";60;0;1;0;0;;;;1;0;1;0;0;;;;1;2
"054042";"Poggiodomo";61;0;0;0;0;;;;0;0;2;0;0;;;;2;2
"054042";"Poggiodomo";62;0;0;0;0;;;;0;0;0;0;0;;;;0;0
"054042";"Poggiodomo";63;1;0;0;0;;;;1;0;3;0;0;;;;3;4
"054042";"Poggiodomo";64;1;1;0;0;;;;2;1;0;0;0;;;;1;3
"054042";"Poggiodomo";65;0;1;1;0;;;;2;0;3;0;0;;;;3;5
"054042";"Poggiodomo";66;0;1;0;0;;;;1;0;0;0;0;;;;0;1
"054042";"Poggiodomo";67;1;1;0;0;;;;2;0;0;0;0;;;;0;2
"054042";"Poggiodomo";68;0;0;0;0;;;;0;0;0;0;0;;;;0;0
"054042";"Poggiodomo";69;0;1;0;0;;;;1;0;0;0;0;;;;0;1
"054042";"Poggiodomo";70;0;1;0;0;;;;1;0;0;0;0;;;;0;1
"054042";"Poggiodomo";71;0;0;0;0;;;;0;1;0;0;0;;;;1;1
"054042";"Poggiodomo";72;0;1;0;0;;;;1;0;0;0;0;;;;0;1
"054042";"Poggiodomo";73;0;0;0;0;;;;0;0;1;0;0;;;;1;1
"054042";"Poggiodomo";74;0;1;0;0;;;;1;0;0;0;1;;;;1;2
"054042";"Poggiodomo";75;0;0;0;0;;;;0;0;1;0;0;;;;1;1
"054042";"Poggiodomo";76;0;5;0;0;;;;5;0;1;0;0;;;;1;6
"054042";"Poggiodomo";77;1;0;0;0;;;;1;0;2;0;0;;;;2;3
"054042";"Poggiodomo";78;0;1;0;1;;;;2;1;0;0;0;;;;1;3
"054042";"Poggiodomo";79;0;0;0;0;;;;0;0;0;0;0;;;;0;0
"054042";"Poggiodomo";80;0;1;0;0;;;;1;0;0;0;1;;;;1;2
"054042";"Poggiodomo";81;0;1;1;0;;;;2;0;0;0;0;;;;0;2
"054042";"Poggiodomo";82;0;0;0;1;;;;1;0;0;0;1;;;;1;2
"054042";"Poggiodomo";83;1;0;0;0;;;;1;0;1;0;1;;;;2;3
"054042";"Poggiodomo";84;0;1;0;0;;;;1;0;0;0;0;;;;0;1
"054042";"Poggiodomo";85;0;0;0;0;;;;0;0;0;0;1;;;;1;1
"054042";"Poggiodomo";86;0;0;0;0;;;;0;0;0;0;0;;;;0;0
"054042";"Poggiodomo";87;0;1;0;0;;;;1;0;0;0;0;;;;0;1
"054042";"Poggiodomo";88;0;0;0;0;;;;0;0;0;0;1;;;;1;1
"054042";"Poggiodomo";89;0;0;0;0;;;;0;0;0;0;0;;;;0;0
"054042";"Poggiodomo";90;0;0;0;0;;;;0;0;0;0;0;;;;0;0
"054042";"Poggiodomo";91;0;2;0;0;;;;2;0;0;0;0;;;;0;2
"054042";"Poggiodomo";92;0;0;0;0;;;;0;0;0;0;0;;;;0;0
"054042";"Poggiodomo";93;0;0;0;0;;;;0;0;0;0;0;;;;0;0
"054042";"Poggiodomo";94;0;1;0;0;;;;1;0;0;0;0;;;;0;1
"054042";"Poggiodomo";95;0;0;0;0;;;;0;0;0;0;1;;;;1;1
"054042";"Poggiodomo";96;0;1;0;0;;;;1;0;0;0;0;;;;0;1
"054042";"Poggiodomo";97;0;0;0;0;;;;0;0;0;0;0;;;;0;0
"054042";"Poggiodomo";98;0;0;0;0;;;;0;0;0;0;1;;;;1;1
"054042";"Poggiodomo";99;0;0;0;0;;;;0;0;0;0;0;;;;0;0
"054042";"Poggiodomo";100;0;0;0;0;;;;0;0;0;0;0;;;;0;0
"054042";"Poggiodomo";999;17;28;3;2;;;;50;5;20;1;8;;;;34;84
"054043";"Preci";0;0;0;0;0;;;;0;3;0;0;0;;;;3;3
"054043";"Preci";1;5;0;0;0;;;;5;2;0;0;0;;;;2;7
"054043";"Preci";2;3;0;0;0;;;;3;3;0;0;0;;;;3;6
"054043";"Preci";3;4;0;0;0;;;;4;3;0;0;0;;;;3;7
"054043";"Preci";4;1;0;0;0;;;;1;1;0;0;0;;;;1;2
"054043";"Preci";5;4;0;0;0;;;;4;6;0;0;0;;;;6;10
"054043";"Preci";6;0;0;0;0;;;;0;3;0;0;0;;;;3;3
"054043";"Preci";7;2;0;0;0;;;;2;3;0;0;0;;;;3;5
"054043";"Preci";8;3;0;0;0;;;;3;3;0;0;0;;;;3;6
"054043";"Preci";9;2;0;0;0;;;;2;2;0;0;0;;;;2;4
"054043";"Preci";10;0;0;0;0;;;;0;0;0;0;0;;;;0;0
"054043";"Preci";11;3;0;0;0;;;;3;1;0;0;0;;;;1;4
"054043";"Preci";12;2;0;0;0;;;;2;3;0;0;0;;;;3;5
"054043";"Preci";13;4;0;0;0;;;;4;1;0;0;0;;;;1;5
"054043";"Preci";14;4;0;0;0;;;;4;1;0;0;0;;;;1;5
"054043";"Preci";15;3;0;0;0;;;;3;2;0;0;0;;;;2;5
"054043";"Preci";16;0;0;0;0;;;;0;2;0;0;0;;;;2;2
"054043";"Preci";17;3;0;0;0;;;;3;2;0;0;0;;;;2;5
"054043";"Preci";18;1;0;0;0;;;;1;2;0;0;0;;;;2;3
"054043";"Preci";19;3;0;0;0;;;;3;1;0;0;0;;;;1;4
"054043";"Preci";20;2;0;0;0;;;;2;1;0;0;0;;;;1;3
"054043";"Preci";21;1;0;0;0;;;;1;0;0;0;0;;;;0;1
"054043";"Preci";22;2;0;0;0;;;;2;2;0;0;0;;;;2;4
"054043";"Preci";23;3;0;0;0;;;;3;3;0;0;0;;;;3;6
"054043";"Preci";24;3;0;0;0;;;;3;3;1;0;0;;;;4;7
"054043";"Preci";25;3;0;0;0;;;;3;2;0;0;0;;;;2;5
"054043";"Preci";26;4;1;0;0;;;;5;1;0;0;0;;;;1;6
"054043";"Preci";27;2;0;0;0;;;;2;1;1;0;0;;;;2;4
"054043";"Preci";28;4;1;0;0;;;;5;5;1;0;0;;;;6;11
"054043";"Preci";29;3;1;0;0;;;;4;4;2;0;0;;;;6;10
"054043";"Preci";30;0;0;0;0;;;;0;4;1;0;0;;;;5;5
"054043";"Preci";31;0;1;0;0;;;;1;3;1;0;0;;;;4;5
"054043";"Preci";32;2;2;0;0;;;;4;3;1;0;0;;;;4;8
"054043";"Preci";33;6;1;0;0;;;;7;2;1;0;0;;;;3;10
"054043";"Preci";34;3;4;0;0;;;;7;0;1;0;1;;;;2;9
"054043";"Preci";35;3;0;0;0;;;;3;0;2;1;0;;;;3;6
"054043";"Preci";36;2;3;0;0;;;;5;1;2;0;0;;;;3;8
"054043";"Preci";37;3;2;1;0;;;;6;2;2;0;0;;;;4;10
"054043";"Preci";38;3;1;0;0;;;;4;1;0;1;0;;;;2;6
"054043";"Preci";39;3;0;0;0;;;;3;4;1;0;0;;;;5;8
"054043";"Preci";40;0;1;0;0;;;;1;5;2;0;0;;;;7;8
"054043";"Preci";41;2;4;1;0;;;;7;2;2;0;0;;;;4;11
"054043";"Preci";42;4;2;0;0;;;;6;1;2;0;0;;;;3;9
"054043";"Preci";43;2;2;0;0;;;;4;1;2;0;0;;;;3;7
"054043";"Preci";44;4;2;0;0;;;;6;1;4;0;0;;;;5;11
"054043";"Preci";45;2;0;0;0;;;;2;0;0;1;0;;;;1;3
"054043";"Preci";46;0;1;0;0;;;;1;2;0;0;0;;;;2;3
"054043";"Preci";47;2;3;1;0;;;;6;0;0;0;0;;;;0;6
"054043";"Preci";48;1;1;0;0;;;;2;1;2;0;0;;;;3;5
"054043";"Preci";49;2;1;0;0;;;;3;0;5;0;0;;;;5;8
"054043";"Preci";50;2;5;0;0;;;;7;1;3;0;0;;;;4;11
"054043";"Preci";51;0;5;1;0;;;;6;0;1;0;1;;;;2;8
"054043";"Preci";52;1;2;0;0;;;;3;3;2;0;0;;;;5;8
"054043";"Preci";53;5;2;0;0;;;;7;2;1;1;0;;;;4;11
"054043";"Preci";54;2;1;2;0;;;;5;3;7;0;1;;;;11;16
"054043";"Preci";55;4;3;0;0;;;;7;2;3;2;0;;;;7;14
"054043";"Preci";56;1;5;0;0;;;;6;0;3;0;1;;;;4;10
"054043";"Preci";57;3;4;1;0;;;;8;1;5;0;0;;;;6;14
"054043";"Preci";58;0;0;2;0;;;;2;1;3;1;0;;;;5;7
"054043";"Preci";59;2;3;0;0;;;;5;0;5;1;0;;;;6;11
"054043";"Preci";60;3;5;1;0;;;;9;1;10;0;0;;;;11;20
"054043";"Preci";61;1;1;0;0;;;;2;1;5;0;1;;;;7;9
"054043";"Preci";62;1;4;1;0;;;;6;0;3;0;1;;;;4;10
"054043";"Preci";63;2;7;1;0;;;;10;0;3;1;1;;;;5;15
"054043";"Preci";64;1;6;0;0;;;;7;0;5;0;0;;;;5;12
"054043";"Preci";65;1;5;0;0;;;;6;0;4;0;1;;;;5;11
"054043";"Preci";66;0;7;0;0;;;;7;0;5;2;2;;;;9;16
"054043";"Preci";67;3;3;0;0;;;;6;0;5;0;0;;;;5;11
"054043";"Preci";68;1;1;0;1;;;;3;0;5;0;0;;;;5;8
"054043";"Preci";69;0;8;0;0;;;;8;0;5;0;1;;;;6;14
"054043";"Preci";70;0;3;1;0;;;;4;1;2;0;1;;;;4;8
"054043";"Preci";71;1;5;1;0;;;;7;1;2;0;2;;;;5;12
"054043";"Preci";72;0;3;0;0;;;;3;0;2;1;0;;;;3;6
"054043";"Preci";73;0;6;0;0;;;;6;0;2;0;0;;;;2;8
"054043";"Preci";74;0;4;1;1;;;;6;1;3;1;2;;;;7;13
"054043";"Preci";75;1;3;1;0;;;;5;0;1;0;2;;;;3;8
"054043";"Preci";76;1;2;0;1;;;;4;0;2;0;3;;;;5;9
"054043";"Preci";77;2;1;0;0;;;;3;0;2;0;1;;;;3;6
"054043";"Preci";78;0;3;0;1;;;;4;0;2;0;2;;;;4;8
"054043";"Preci";79;0;2;0;1;;;;3;0;1;0;2;;;;3;6
"054043";"Preci";80;0;6;1;0;;;;7;0;0;0;2;;;;2;9
"054043";"Preci";81;0;1;0;1;;;;2;0;3;0;1;;;;4;6
"054043";"Preci";82;0;0;0;0;;;;0;0;1;0;1;;;;2;2
"054043";"Preci";83;0;0;0;0;;;;0;0;2;1;4;;;;7;7
"054043";"Preci";84;0;3;0;1;;;;4;0;1;0;0;;;;1;5
"054043";"Preci";85;0;1;0;0;;;;1;0;2;0;3;;;;5;6
"054043";"Preci";86;0;1;0;0;;;;1;0;1;0;0;;;;1;2
"054043";"Preci";87;0;1;0;0;;;;1;0;2;0;2;;;;4;5
"054043";"Preci";88;0;1;0;0;;;;1;0;1;0;4;;;;5;6
"054043";"Preci";89;0;1;0;0;;;;1;0;0;0;1;;;;1;2
"054043";"Preci";90;0;2;0;1;;;;3;0;1;0;1;;;;2;5
"054043";"Preci";91;0;0;0;1;;;;1;0;0;0;0;;;;0;1
"054043";"Preci";92;0;2;0;0;;;;2;0;0;0;2;;;;2;4
"054043";"Preci";93;0;1;0;1;;;;2;0;0;0;3;;;;3;5
"054043";"Preci";94;0;0;0;0;;;;0;0;0;0;0;;;;0;0
"054043";"Preci";95;0;0;0;1;;;;1;0;0;0;2;;;;2;3
"054043";"Preci";96;0;0;0;0;;;;0;1;0;0;2;;;;3;3
"054043";"Preci";97;0;0;0;0;;;;0;1;0;0;0;;;;1;1
"054043";"Preci";98;0;0;0;0;;;;0;0;0;0;0;;;;0;0
"054043";"Preci";99;0;0;0;0;;;;0;0;0;0;0;;;;0;0
"054043";"Preci";100;0;0;0;0;;;;0;0;0;0;0;;;;0;0
"054043";"Preci";999;156;163;17;11;;;;347;119;152;14;54;;;;339;686
"054044";"San Giustino";0;35;0;0;0;;;;35;31;0;0;0;;;;31;66
"054044";"San Giustino";1;34;0;0;0;;;;34;29;0;0;0;;;;29;63
"054044";"San Giustino";2;36;0;0;0;;;;36;35;0;0;0;;;;35;71
"054044";"San Giustino";3;46;0;0;0;;;;46;37;0;0;0;;;;37;83
"054044";"San Giustino";4;27;0;0;0;;;;27;38;0;0;0;;;;38;65
"054044";"San Giustino";5;26;0;0;0;;;;26;29;0;0;0;;;;29;55
"054044";"San Giustino";6;45;0;0;0;;;;45;34;0;0;0;;;;34;79
"054044";"San Giustino";7;57;0;0;0;;;;57;39;0;0;0;;;;39;96
"054044";"San Giustino";8;46;0;0;0;;;;46;46;0;0;0;;;;46;92
"054044";"San Giustino";9;49;0;0;0;;;;49;43;0;0;0;;;;43;92
"054044";"San Giustino";10;66;0;0;0;;;;66;60;0;0;0;;;;60;126
"054044";"San Giustino";11;53;0;0;0;;;;53;35;0;0;0;;;;35;88
"054044";"San Giustino";12;52;0;0;0;;;;52;45;0;0;0;;;;45;97
"054044";"San Giustino";13;58;0;0;0;;;;58;59;0;0;0;;;;59;117
"054044";"San Giustino";14;60;0;0;0;;;;60;33;0;0;0;;;;33;93
"054044";"San Giustino";15;45;0;0;0;;;;45;47;0;0;0;;;;47;92
"054044";"San Giustino";16;65;0;0;0;;;;65;52;0;0;0;;;;52;117
"054044";"San Giustino";17;57;0;0;0;;;;57;51;0;0;0;;;;51;108
"054044";"San Giustino";18;65;0;0;0;;;;65;43;0;0;0;;;;43;108
"054044";"San Giustino";19;62;0;0;0;;;;62;51;0;0;0;;;;51;113
"054044";"San Giustino";20;52;1;0;0;;;;53;47;1;0;0;;;;48;101
"054044";"San Giustino";21;51;0;0;0;;;;51;41;3;0;0;;;;44;95
"054044";"San Giustino";22;49;1;0;0;;;;50;47;2;0;0;;;;49;99
"054044";"San Giustino";23;54;1;0;0;;;;55;54;1;0;0;;;;55;110
"054044";"San Giustino";24;50;1;0;0;;;;51;41;2;0;0;;;;43;94
"054044";"San Giustino";25;45;0;0;0;;;;45;50;1;1;0;;;;52;97
"054044";"San Giustino";26;52;1;0;0;;;;53;50;3;0;0;;;;53;106
"054044";"San Giustino";27;51;1;0;0;;;;52;54;4;0;0;;;;58;110
"054044";"San Giustino";28;50;6;0;0;;;;56;34;7;0;0;;;;41;97
"054044";"San Giustino";29;53;6;1;0;;;;60;50;11;0;0;;;;61;121
"054044";"San Giustino";30;41;3;0;0;;;;44;51;11;0;0;;;;62;106
"054044";"San Giustino";31;49;6;1;0;;;;56;33;13;1;0;;;;47;103
"054044";"San Giustino";32;55;11;0;0;;;;66;26;13;0;0;;;;39;105
"054044";"San Giustino";33;41;11;0;0;;;;52;26;17;0;0;;;;43;95
"054044";"San Giustino";34;44;9;0;0;;;;53;32;24;0;0;;;;56;109
"054044";"San Giustino";35;43;15;0;0;;;;58;28;15;1;0;;;;44;102
"054044";"San Giustino";36;36;17;0;0;;;;53;41;26;1;0;;;;68;121
"054044";"San Giustino";37;46;24;5;0;;;;75;39;27;3;0;;;;69;144
"054044";"San Giustino";38;35;21;1;0;;;;57;36;27;2;0;;;;65;122
"054044";"San Giustino";39;41;20;0;0;;;;61;33;30;8;0;;;;71;132
"054044";"San Giustino";40;41;21;0;0;;;;62;22;34;4;2;;;;62;124
"054044";"San Giustino";41;40;27;4;0;;;;71;22;42;3;0;;;;67;138
"054044";"San Giustino";42;30;25;5;0;;;;60;27;25;4;1;;;;57;117
"054044";"San Giustino";43;36;39;1;0;;;;76;29;40;5;1;;;;75;151
"054044";"San Giustino";44;35;35;2;0;;;;72;29;52;3;4;;;;88;160
"054044";"San Giustino";45;34;24;3;0;;;;61;12;57;9;0;;;;78;139
"054044";"San Giustino";46;33;39;4;0;;;;76;31;44;6;4;;;;85;161
"054044";"San Giustino";47;35;49;4;0;;;;88;31;58;2;0;;;;91;179
"054044";"San Giustino";48;53;55;5;1;;;;114;29;55;13;2;;;;99;213
"054044";"San Giustino";49;29;56;6;0;;;;91;25;44;6;1;;;;76;167
"054044";"San Giustino";50;29;64;5;0;;;;98;15;56;10;0;;;;81;179
"054044";"San Giustino";51;25;54;7;0;;;;86;19;61;10;1;;;;91;177
"054044";"San Giustino";52;20;56;3;2;;;;81;21;70;10;3;;;;104;185
"054044";"San Giustino";53;26;56;5;1;;;;88;16;55;9;2;;;;82;170
"054044";"San Giustino";54;26;41;7;1;;;;75;17;51;12;2;;;;82;157
"054044";"San Giustino";55;13;59;11;0;;;;83;12;74;11;6;;;;103;186
"054044";"San Giustino";56;16;75;8;3;;;;102;11;61;11;4;;;;87;189
"054044";"San Giustino";57;16;48;6;2;;;;72;9;69;10;3;;;;91;163
"054044";"San Giustino";58;14;68;5;0;;;;87;6;65;9;4;;;;84;171
"054044";"San Giustino";59;17;64;12;0;;;;93;12;63;7;6;;;;88;181
"054044";"San Giustino";60;11;49;14;1;;;;75;12;57;10;7;;;;86;161
"054044";"San Giustino";61;19;66;8;1;;;;94;14;68;8;4;;;;94;188
"054044";"San Giustino";62;7;50;7;1;;;;65;8;71;9;5;;;;93;158
"054044";"San Giustino";63;11;77;6;3;;;;97;3;51;7;8;;;;69;166
"054044";"San Giustino";64;7;56;4;1;;;;68;4;63;6;11;;;;84;152
"054044";"San Giustino";65;9;53;3;2;;;;67;8;48;8;8;;;;72;139
"054044";"San Giustino";66;6;65;10;1;;;;82;4;44;7;6;;;;61;143
"054044";"San Giustino";67;9;34;7;3;;;;53;5;73;3;13;;;;94;147
"054044";"San Giustino";68;8;52;5;2;;;;67;3;44;4;13;;;;64;131
"054044";"San Giustino";69;5;45;2;4;;;;56;6;49;1;16;;;;72;128
"054044";"San Giustino";70;6;57;1;4;;;;68;8;48;5;16;;;;77;145
"054044";"San Giustino";71;3;57;2;3;;;;65;2;55;2;13;;;;72;137
"054044";"San Giustino";72;5;48;3;3;;;;59;1;41;3;12;;;;57;116
"054044";"San Giustino";73;4;57;3;2;;;;66;3;45;2;23;;;;73;139
"054044";"San Giustino";74;4;55;1;8;;;;68;1;48;2;17;;;;68;136
"054044";"San Giustino";75;3;57;3;5;;;;68;3;55;4;23;;;;85;153
"054044";"San Giustino";76;5;55;1;7;;;;68;4;44;3;23;;;;74;142
"054044";"San Giustino";77;5;43;1;3;;;;52;1;39;5;20;;;;65;117
"054044";"San Giustino";78;2;47;1;4;;;;54;1;43;1;30;;;;75;129
"054044";"San Giustino";79;2;35;0;7;;;;44;3;30;0;16;;;;49;93
"054044";"San Giustino";80;4;41;0;3;;;;48;0;14;0;21;;;;35;83
"054044";"San Giustino";81;5;29;0;6;;;;40;0;23;3;30;;;;56;96
"054044";"San Giustino";82;6;21;1;0;;;;28;3;17;1;19;;;;40;68
"054044";"San Giustino";83;3;32;0;10;;;;45;1;20;2;33;;;;56;101
"054044";"San Giustino";84;4;32;0;5;;;;41;2;18;2;31;;;;53;94
"054044";"San Giustino";85;1;27;1;8;;;;37;0;22;1;37;;;;60;97
"054044";"San Giustino";86;0;28;0;6;;;;34;0;3;0;22;;;;25;59
"054044";"San Giustino";87;3;11;0;5;;;;19;2;17;0;26;;;;45;64
"054044";"San Giustino";88;2;9;0;6;;;;17;0;5;1;27;;;;33;50
"054044";"San Giustino";89;1;16;1;8;;;;26;0;7;0;23;;;;30;56
"054044";"San Giustino";90;1;10;0;1;;;;12;0;4;0;23;;;;27;39
"054044";"San Giustino";91;1;5;0;5;;;;11;0;1;0;16;;;;17;28
"054044";"San Giustino";92;1;3;0;0;;;;4;1;2;0;13;;;;16;20
"054044";"San Giustino";93;0;5;0;4;;;;9;0;0;0;22;;;;22;31
"054044";"San Giustino";94;0;2;0;4;;;;6;1;0;0;13;;;;14;20
"054044";"San Giustino";95;0;1;0;4;;;;5;1;0;0;5;;;;6;11
"054044";"San Giustino";96;0;0;0;0;;;;0;2;0;0;9;;;;11;11
"054044";"San Giustino";97;0;1;0;1;;;;2;0;0;0;5;;;;5;7
"054044";"San Giustino";98;0;0;0;0;;;;0;0;0;0;3;;;;3;3
"054044";"San Giustino";99;0;0;0;0;;;;0;0;0;0;3;;;;3;3
"054044";"San Giustino";100;0;0;0;0;;;;0;0;0;0;2;;;;2;2
"054044";"San Giustino";999;2653;2441;196;151;;;;5441;2152;2483;271;713;;;;5619;11060
"054045";"Sant'Anatolia di Narco";0;0;0;0;0;;;;0;1;0;0;0;;;;1;1
"054045";"Sant'Anatolia di Narco";1;1;0;0;0;;;;1;1;0;0;0;;;;1;2
"054045";"Sant'Anatolia di Narco";2;0;0;0;0;;;;0;1;0;0;0;;;;1;1
"054045";"Sant'Anatolia di Narco";3;1;0;0;0;;;;1;0;0;0;0;;;;0;1
"054045";"Sant'Anatolia di Narco";4;0;0;0;0;;;;0;1;0;0;0;;;;1;1
"054045";"Sant'Anatolia di Narco";5;2;0;0;0;;;;2;2;0;0;0;;;;2;4
"054045";"Sant'Anatolia di Narco";6;2;0;0;0;;;;2;0;0;0;0;;;;0;2
"054045";"Sant'Anatolia di Narco";7;0;0;0;0;;;;0;1;0;0;0;;;;1;1
"054045";"Sant'Anatolia di Narco";8;4;0;0;0;;;;4;1;0;0;0;;;;1;5
"054045";"Sant'Anatolia di Narco";9;2;0;0;0;;;;2;0;0;0;0;;;;0;2
"054045";"Sant'Anatolia di Narco";10;3;0;0;0;;;;3;0;0;0;0;;;;0;3
"054045";"Sant'Anatolia di Narco";11;0;0;0;0;;;;0;2;0;0;0;;;;2;2
"054045";"Sant'Anatolia di Narco";12;1;0;0;0;;;;1;3;0;0;0;;;;3;4
"054045";"Sant'Anatolia di Narco";13;1;0;0;0;;;;1;1;0;0;0;;;;1;2
"054045";"Sant'Anatolia di Narco";14;1;0;0;0;;;;1;3;0;0;0;;;;3;4
"054045";"Sant'Anatolia di Narco";15;3;0;0;0;;;;3;1;0;0;0;;;;1;4
"054045";"Sant'Anatolia di Narco";16;3;0;0;0;;;;3;2;0;0;0;;;;2;5
"054045";"Sant'Anatolia di Narco";17;5;0;0;0;;;;5;2;0;0;0;;;;2;7
"054045";"Sant'Anatolia di Narco";18;1;0;0;0;;;;1;3;0;0;0;;;;3;4
"054045";"Sant'Anatolia di Narco";19;3;0;0;0;;;;3;3;0;0;0;;;;3;6
"054045";"Sant'Anatolia di Narco";20;1;0;0;0;;;;1;0;0;0;0;;;;0;1
"054045";"Sant'Anatolia di Narco";21;2;0;0;0;;;;2;1;0;0;0;;;;1;3
"054045";"Sant'Anatolia di Narco";22;2;0;0;0;;;;2;0;0;0;0;;;;0;2
"054045";"Sant'Anatolia di Narco";23;5;0;0;0;;;;5;0;0;0;0;;;;0;5
"054045";"Sant'Anatolia di Narco";24;6;0;0;0;;;;6;2;0;0;0;;;;2;8
"054045";"Sant'Anatolia di Narco";25;2;0;0;0;;;;2;0;0;0;0;;;;0;2
"054045";"Sant'Anatolia di Narco";26;3;0;0;0;;;;3;0;0;0;0;;;;0;3
"054045";"Sant'Anatolia di Narco";27;2;0;0;0;;;;2;1;0;0;0;;;;1;3
"054045";"Sant'Anatolia di Narco";28;1;0;0;0;;;;1;2;0;0;0;;;;2;3
"054045";"Sant'Anatolia di Narco";29;2;1;0;0;;;;3;1;0;0;0;;;;1;4
"054045";"Sant'Anatolia di Narco";30;1;0;0;0;;;;1;1;0;0;0;;;;1;2
"054045";"Sant'Anatolia di Narco";31;2;0;0;0;;;;2;2;0;0;0;;;;2;4
"054045";"Sant'Anatolia di Narco";32;4;0;0;0;;;;4;1;2;0;0;;;;3;7
"054045";"Sant'Anatolia di Narco";33;1;1;0;0;;;;2;3;2;0;0;;;;5;7
"054045";"Sant'Anatolia di Narco";34;3;0;0;0;;;;3;3;1;0;0;;;;4;7
"054045";"Sant'Anatolia di Narco";35;0;0;0;0;;;;0;1;0;0;0;;;;1;1
"054045";"Sant'Anatolia di Narco";36;3;0;0;0;;;;3;4;1;0;0;;;;5;8
"054045";"Sant'Anatolia di Narco";37;5;0;0;0;;;;5;1;2;0;0;;;;3;8
"054045";"Sant'Anatolia di Narco";38;0;0;0;0;;;;0;1;3;0;0;;;;4;4
"054045";"Sant'Anatolia di Narco";39;1;0;0;0;;;;1;3;0;0;0;;;;3;4
"054045";"Sant'Anatolia di Narco";40;0;1;0;0;;;;1;2;0;0;0;;;;2;3
"054045";"Sant'Anatolia di Narco";41;1;2;0;0;;;;3;1;1;1;0;;;;3;6
"054045";"Sant'Anatolia di Narco";42;2;0;0;0;;;;2;1;0;0;0;;;;1;3
"054045";"Sant'Anatolia di Narco";43;1;2;0;0;;;;3;1;2;0;0;;;;3;6
"054045";"Sant'Anatolia di Narco";44;1;1;0;0;;;;2;0;1;0;0;;;;1;3
"054045";"Sant'Anatolia di Narco";45;2;0;0;0;;;;2;2;2;0;0;;;;4;6
"054045";"Sant'Anatolia di Narco";46;1;1;0;0;;;;2;0;1;0;0;;;;1;3
"054045";"Sant'Anatolia di Narco";47;3;2;0;0;;;;5;2;2;1;0;;;;5;10
"054045";"Sant'Anatolia di Narco";48;1;2;0;0;;;;3;0;3;0;0;;;;3;6
"054045";"Sant'Anatolia di Narco";49;1;0;2;0;;;;3;2;1;0;0;;;;3;6
"054045";"Sant'Anatolia di Narco";50;0;1;1;0;;;;2;0;1;0;0;;;;1;3
"054045";"Sant'Anatolia di Narco";51;2;3;0;0;;;;5;0;1;0;0;;;;1;6
"054045";"Sant'Anatolia di Narco";52;1;5;1;0;;;;7;0;6;0;0;;;;6;13
"054045";"Sant'Anatolia di Narco";53;0;2;0;0;;;;2;0;3;0;0;;;;3;5
"054045";"Sant'Anatolia di Narco";54;2;3;0;0;;;;5;0;5;0;0;;;;5;10
"054045";"Sant'Anatolia di Narco";55;2;1;0;0;;;;3;0;3;0;0;;;;3;6
"054045";"Sant'Anatolia di Narco";56;0;4;0;0;;;;4;0;7;0;0;;;;7;11
"054045";"Sant'Anatolia di Narco";57;1;4;0;0;;;;5;0;2;1;0;;;;3;8
"054045";"Sant'Anatolia di Narco";58;2;4;0;0;;;;6;1;2;0;0;;;;3;9
"054045";"Sant'Anatolia di Narco";59;1;5;0;0;;;;6;0;4;2;1;;;;7;13
"054045";"Sant'Anatolia di Narco";60;0;2;0;0;;;;2;1;1;0;1;;;;3;5
"054045";"Sant'Anatolia di Narco";61;1;1;0;0;;;;2;0;2;0;0;;;;2;4
"054045";"Sant'Anatolia di Narco";62;1;2;2;0;;;;5;0;2;1;0;;;;3;8
"054045";"Sant'Anatolia di Narco";63;1;4;1;0;;;;6;2;3;0;1;;;;6;12
"054045";"Sant'Anatolia di Narco";64;2;1;0;0;;;;3;0;5;0;0;;;;5;8
"054045";"Sant'Anatolia di Narco";65;0;3;0;0;;;;3;0;3;0;1;;;;4;7
"054045";"Sant'Anatolia di Narco";66;3;7;0;0;;;;10;0;5;0;1;;;;6;16
"054045";"Sant'Anatolia di Narco";67;1;7;1;1;;;;10;0;0;0;1;;;;1;11
"054045";"Sant'Anatolia di Narco";68;1;1;0;0;;;;2;0;4;0;0;;;;4;6
"054045";"Sant'Anatolia di Narco";69;0;2;1;0;;;;3;1;3;0;2;;;;6;9
"054045";"Sant'Anatolia di Narco";70;1;5;0;0;;;;6;0;3;0;0;;;;3;9
"054045";"Sant'Anatolia di Narco";71;1;5;0;0;;;;6;0;1;0;0;;;;1;7
"054045";"Sant'Anatolia di Narco";72;0;1;1;0;;;;2;0;1;1;3;;;;5;7
"054045";"Sant'Anatolia di Narco";73;0;4;1;0;;;;5;0;4;0;0;;;;4;9
"054045";"Sant'Anatolia di Narco";74;2;5;0;0;;;;7;0;2;1;2;;;;5;12
"054045";"Sant'Anatolia di Narco";75;1;1;0;0;;;;2;0;2;0;2;;;;4;6
"054045";"Sant'Anatolia di Narco";76;0;4;0;0;;;;4;0;3;0;2;;;;5;9
"054045";"Sant'Anatolia di Narco";77;0;1;0;0;;;;1;0;1;0;1;;;;2;3
"054045";"Sant'Anatolia di Narco";78;0;1;0;0;;;;1;0;2;0;0;;;;2;3
"054045";"Sant'Anatolia di Narco";79;1;2;0;0;;;;3;0;1;0;1;;;;2;5
"054045";"Sant'Anatolia di Narco";80;0;2;0;0;;;;2;0;0;0;0;;;;0;2
"054045";"Sant'Anatolia di Narco";81;1;3;0;3;;;;7;0;0;0;0;;;;0;7
"054045";"Sant'Anatolia di Narco";82;1;1;0;0;;;;2;1;0;0;0;;;;1;3
"054045";"Sant'Anatolia di Narco";83;0;3;0;0;;;;3;0;2;0;0;;;;2;5
"054045";"Sant'Anatolia di Narco";84;0;1;0;0;;;;1;1;0;0;1;;;;2;3
"054045";"Sant'Anatolia di Narco";85;0;1;0;0;;;;1;0;1;0;0;;;;1;2
"054045";"Sant'Anatolia di Narco";86;0;0;0;1;;;;1;0;0;0;2;;;;2;3
"054045";"Sant'Anatolia di Narco";87;1;1;0;3;;;;5;0;0;0;2;;;;2;7
"054045";"Sant'Anatolia di Narco";88;1;0;0;0;;;;1;0;0;0;0;;;;0;1
"054045";"Sant'Anatolia di Narco";89;0;0;0;0;;;;0;0;1;0;2;;;;3;3
"054045";"Sant'Anatolia di Narco";90;0;0;0;0;;;;0;0;0;0;1;;;;1;1
"054045";"Sant'Anatolia di Narco";91;0;0;0;1;;;;1;0;0;0;1;;;;1;2
"054045";"Sant'Anatolia di Narco";92;0;1;0;0;;;;1;0;0;0;0;;;;0;1
"054045";"Sant'Anatolia di Narco";93;0;0;0;1;;;;1;0;0;0;0;;;;0;1
"054045";"Sant'Anatolia di Narco";94;0;0;0;0;;;;0;0;0;0;1;;;;1;1
"054045";"Sant'Anatolia di Narco";95;0;0;0;0;;;;0;0;0;0;2;;;;2;2
"054045";"Sant'Anatolia di Narco";96;0;0;0;0;;;;0;0;0;0;1;;;;1;1
"054045";"Sant'Anatolia di Narco";97;0;0;0;0;;;;0;0;0;0;2;;;;2;2
"054045";"Sant'Anatolia di Narco";98;0;0;0;0;;;;0;0;0;0;0;;;;0;0
"054045";"Sant'Anatolia di Narco";99;0;0;0;0;;;;0;0;0;0;0;;;;0;0
"054045";"Sant'Anatolia di Narco";100;0;0;0;0;;;;0;0;0;0;0;;;;0;0
"054045";"Sant'Anatolia di Narco";999;123;117;11;10;;;;261;73;110;8;34;;;;225;486
"054046";"Scheggia e Pascelupo";0;1;0;0;0;;;;1;1;0;0;0;;;;1;2
"054046";"Scheggia e Pascelupo";1;5;0;0;0;;;;5;3;0;0;0;;;;3;8
"054046";"Scheggia e Pascelupo";2;5;0;0;0;;;;5;2;0;0;0;;;;2;7
"054046";"Scheggia e Pascelupo";3;3;0;0;0;;;;3;2;0;0;0;;;;2;5
"054046";"Scheggia e Pascelupo";4;3;0;0;0;;;;3;4;0;0;0;;;;4;7
"054046";"Scheggia e Pascelupo";5;6;0;0;0;;;;6;7;0;0;0;;;;7;13
"054046";"Scheggia e Pascelupo";6;1;0;0;0;;;;1;4;0;0;0;;;;4;5
"054046";"Scheggia e Pascelupo";7;5;0;0;0;;;;5;3;0;0;0;;;;3;8
"054046";"Scheggia e Pascelupo";8;6;0;0;0;;;;6;6;0;0;0;;;;6;12
"054046";"Scheggia e Pascelupo";9;1;0;0;0;;;;1;4;0;0;0;;;;4;5
"054046";"Scheggia e Pascelupo";10;4;0;0;0;;;;4;5;0;0;0;;;;5;9
"054046";"Scheggia e Pascelupo";11;4;0;0;0;;;;4;3;0;0;0;;;;3;7
"054046";"Scheggia e Pascelupo";12;5;0;0;0;;;;5;3;0;0;0;;;;3;8
"054046";"Scheggia e Pascelupo";13;4;0;0;0;;;;4;2;0;0;0;;;;2;6
"054046";"Scheggia e Pascelupo";14;5;0;0;0;;;;5;5;0;0;0;;;;5;10
"054046";"Scheggia e Pascelupo";15;6;0;0;0;;;;6;5;0;0;0;;;;5;11
"054046";"Scheggia e Pascelupo";16;9;0;0;0;;;;9;6;0;0;0;;;;6;15
"054046";"Scheggia e Pascelupo";17;8;0;0;0;;;;8;1;0;0;0;;;;1;9
"054046";"Scheggia e Pascelupo";18;5;0;0;0;;;;5;5;0;0;0;;;;5;10
"054046";"Scheggia e Pascelupo";19;3;0;0;0;;;;3;6;0;0;0;;;;6;9
"054046";"Scheggia e Pascelupo";20;6;0;0;0;;;;6;8;0;0;0;;;;8;14
"054046";"Scheggia e Pascelupo";21;5;0;0;0;;;;5;4;0;0;0;;;;4;9
"054046";"Scheggia e Pascelupo";22;10;0;0;0;;;;10;2;0;0;0;;;;2;12
"054046";"Scheggia e Pascelupo";23;5;0;0;0;;;;5;7;0;0;0;;;;7;12
"054046";"Scheggia e Pascelupo";24;6;0;0;0;;;;6;2;1;0;0;;;;3;9
"054046";"Scheggia e Pascelupo";25;4;0;0;0;;;;4;4;0;0;0;;;;4;8
"054046";"Scheggia e Pascelupo";26;2;0;0;0;;;;2;7;0;0;0;;;;7;9
"054046";"Scheggia e Pascelupo";27;6;0;0;0;;;;6;3;0;0;0;;;;3;9
"054046";"Scheggia e Pascelupo";28;8;1;0;0;;;;9;5;0;0;0;;;;5;14
"054046";"Scheggia e Pascelupo";29;1;1;0;0;;;;2;7;0;0;0;;;;7;9
"054046";"Scheggia e Pascelupo";30;5;1;0;0;;;;6;3;3;0;0;;;;6;12
"054046";"Scheggia e Pascelupo";31;6;1;0;0;;;;7;2;0;0;0;;;;2;9
"054046";"Scheggia e Pascelupo";32;6;0;0;0;;;;6;1;2;0;0;;;;3;9
"054046";"Scheggia e Pascelupo";33;2;0;0;0;;;;2;0;1;0;0;;;;1;3
"054046";"Scheggia e Pascelupo";34;6;1;0;0;;;;7;2;1;0;0;;;;3;10
"054046";"Scheggia e Pascelupo";35;3;2;0;0;;;;5;1;2;1;0;;;;4;9
"054046";"Scheggia e Pascelupo";36;2;1;0;0;;;;3;4;2;0;0;;;;6;9
"054046";"Scheggia e Pascelupo";37;3;2;0;0;;;;5;0;0;0;0;;;;0;5
"054046";"Scheggia e Pascelupo";38;6;1;0;0;;;;7;6;5;0;0;;;;11;18
"054046";"Scheggia e Pascelupo";39;3;1;0;0;;;;4;6;3;0;0;;;;9;13
"054046";"Scheggia e Pascelupo";40;4;3;0;0;;;;7;4;2;0;0;;;;6;13
"054046";"Scheggia e Pascelupo";41;0;1;0;0;;;;1;3;5;0;0;;;;8;9
"054046";"Scheggia e Pascelupo";42;4;4;0;0;;;;8;6;4;0;0;;;;10;18
"054046";"Scheggia e Pascelupo";43;4;4;0;0;;;;8;5;5;0;0;;;;10;18
"054046";"Scheggia e Pascelupo";44;2;1;0;0;;;;3;3;6;2;0;;;;11;14
"054046";"Scheggia e Pascelupo";45;3;7;1;0;;;;11;0;4;0;0;;;;4;15
"054046";"Scheggia e Pascelupo";46;1;5;0;0;;;;6;2;7;1;0;;;;10;16
"054046";"Scheggia e Pascelupo";47;3;5;1;0;;;;9;0;3;1;0;;;;4;13
"054046";"Scheggia e Pascelupo";48;4;4;1;0;;;;9;0;12;3;0;;;;15;24
"054046";"Scheggia e Pascelupo";49;6;6;0;0;;;;12;1;4;1;0;;;;6;18
"054046";"Scheggia e Pascelupo";50;5;10;2;0;;;;17;1;10;0;1;;;;12;29
"054046";"Scheggia e Pascelupo";51;4;6;2;0;;;;12;0;6;1;1;;;;8;20
"054046";"Scheggia e Pascelupo";52;2;8;0;0;;;;10;3;5;2;0;;;;10;20
"054046";"Scheggia e Pascelupo";53;3;5;0;0;;;;8;0;5;0;0;;;;5;13
"054046";"Scheggia e Pascelupo";54;5;7;0;0;;;;12;0;6;0;0;;;;6;18
"054046";"Scheggia e Pascelupo";55;5;8;1;0;;;;14;4;6;0;0;;;;10;24
"054046";"Scheggia e Pascelupo";56;3;10;1;0;;;;14;3;5;0;1;;;;9;23
"054046";"Scheggia e Pascelupo";57;6;5;2;0;;;;13;0;9;2;0;;;;11;24
"054046";"Scheggia e Pascelupo";58;0;7;0;0;;;;7;1;10;1;0;;;;12;19
"054046";"Scheggia e Pascelupo";59;1;11;0;0;;;;12;2;9;1;0;;;;12;24
"054046";"Scheggia e Pascelupo";60;5;5;1;0;;;;11;1;6;0;0;;;;7;18
"054046";"Scheggia e Pascelupo";61;4;8;0;0;;;;12;0;8;1;1;;;;10;22
"054046";"Scheggia e Pascelupo";62;1;6;0;0;;;;7;1;6;0;0;;;;7;14
"054046";"Scheggia e Pascelupo";63;3;7;1;1;;;;12;3;11;0;1;;;;15;27
"054046";"Scheggia e Pascelupo";64;5;8;0;0;;;;13;2;9;0;2;;;;13;26
"054046";"Scheggia e Pascelupo";65;0;12;0;0;;;;12;2;1;2;2;;;;7;19
"054046";"Scheggia e Pascelupo";66;2;3;1;0;;;;6;0;3;0;1;;;;4;10
"054046";"Scheggia e Pascelupo";67;2;7;0;0;;;;9;1;4;0;0;;;;5;14
"054046";"Scheggia e Pascelupo";68;1;7;0;0;;;;8;1;5;0;0;;;;6;14
"054046";"Scheggia e Pascelupo";69;3;9;0;1;;;;13;1;3;0;2;;;;6;19
"054046";"Scheggia e Pascelupo";70;1;4;0;0;;;;5;0;4;0;0;;;;4;9
"054046";"Scheggia e Pascelupo";71;3;7;0;0;;;;10;0;6;1;3;;;;10;20
"054046";"Scheggia e Pascelupo";72;0;4;1;0;;;;5;0;4;0;4;;;;8;13
"054046";"Scheggia e Pascelupo";73;1;4;0;0;;;;5;0;3;0;1;;;;4;9
"054046";"Scheggia e Pascelupo";74;0;6;1;1;;;;8;2;5;0;4;;;;11;19
"054046";"Scheggia e Pascelupo";75;1;2;0;4;;;;7;0;6;0;6;;;;12;19
"054046";"Scheggia e Pascelupo";76;1;8;0;1;;;;10;0;4;0;5;;;;9;19
"054046";"Scheggia e Pascelupo";77;0;4;0;0;;;;4;2;9;0;3;;;;14;18
"054046";"Scheggia e Pascelupo";78;0;7;0;2;;;;9;2;5;0;5;;;;12;21
"054046";"Scheggia e Pascelupo";79;2;4;0;1;;;;7;0;5;0;7;;;;12;19
"054046";"Scheggia e Pascelupo";80;0;7;0;0;;;;7;0;1;0;1;;;;2;9
"054046";"Scheggia e Pascelupo";81;0;4;0;3;;;;7;0;6;0;8;;;;14;21
"054046";"Scheggia e Pascelupo";82;0;6;0;1;;;;7;0;2;0;6;;;;8;15
"054046";"Scheggia e Pascelupo";83;0;3;0;0;;;;3;0;1;0;8;;;;9;12
"054046";"Scheggia e Pascelupo";84;0;6;0;1;;;;7;0;3;0;4;;;;7;14
"054046";"Scheggia e Pascelupo";85;0;1;2;2;;;;5;0;6;0;4;;;;10;15
"054046";"Scheggia e Pascelupo";86;0;3;0;0;;;;3;1;5;0;4;;;;10;13
"054046";"Scheggia e Pascelupo";87;1;3;0;2;;;;6;0;1;0;5;;;;6;12
"054046";"Scheggia e Pascelupo";88;0;6;0;0;;;;6;0;0;0;9;;;;9;15
"054046";"Scheggia e Pascelupo";89;0;2;0;0;;;;2;0;0;0;2;;;;2;4
"054046";"Scheggia e Pascelupo";90;0;2;0;0;;;;2;0;1;0;1;;;;2;4
"054046";"Scheggia e Pascelupo";91;0;0;0;0;;;;0;2;1;0;4;;;;7;7
"054046";"Scheggia e Pascelupo";92;0;1;0;1;;;;2;0;0;0;4;;;;4;6
"054046";"Scheggia e Pascelupo";93;0;0;0;3;;;;3;0;0;0;1;;;;1;4
"054046";"Scheggia e Pascelupo";94;0;0;0;1;;;;1;0;0;0;0;;;;0;1
"054046";"Scheggia e Pascelupo";95;0;1;0;0;;;;1;0;0;0;0;;;;0;1
"054046";"Scheggia e Pascelupo";96;0;0;0;1;;;;1;0;0;0;2;;;;2;3
"054046";"Scheggia e Pascelupo";97;0;0;0;0;;;;0;0;0;0;0;;;;0;0
"054046";"Scheggia e Pascelupo";98;0;0;0;0;;;;0;0;0;0;1;;;;1;1
"054046";"Scheggia e Pascelupo";99;0;0;0;0;;;;0;0;0;0;0;;;;0;0
"054046";"Scheggia e Pascelupo";100;0;0;0;0;;;;0;0;0;0;0;;;;0;0
"054046";"Scheggia e Pascelupo";999;285;296;18;26;;;;625;210;277;20;114;;;;621;1246
"054047";"Scheggino";0;1;0;0;0;;;;1;0;0;0;0;;;;0;1
"054047";"Scheggino";1;2;0;0;0;;;;2;1;0;0;0;;;;1;3
"054047";"Scheggino";2;1;0;0;0;;;;1;1;0;0;0;;;;1;2
"054047";"Scheggino";3;1;0;0;0;;;;1;0;0;0;0;;;;0;1
"054047";"Scheggino";4;4;0;0;0;;;;4;0;0;0;0;;;;0;4
"054047";"Scheggino";5;3;0;0;0;;;;3;0;0;0;0;;;;0;3
"054047";"Scheggino";6;3;0;0;0;;;;3;1;0;0;0;;;;1;4
"054047";"Scheggino";7;1;0;0;0;;;;1;1;0;0;0;;;;1;2
"054047";"Scheggino";8;1;0;0;0;;;;1;1;0;0;0;;;;1;2
"054047";"Scheggino";9;0;0;0;0;;;;0;0;0;0;0;;;;0;0
"054047";"Scheggino";10;1;0;0;0;;;;1;3;0;0;0;;;;3;4
"054047";"Scheggino";11;1;0;0;0;;;;1;0;0;0;0;;;;0;1
"054047";"Scheggino";12;1;0;0;0;;;;1;2;0;0;0;;;;2;3
"054047";"Scheggino";13;1;0;0;0;;;;1;1;0;0;0;;;;1;2
"054047";"Scheggino";14;3;0;0;0;;;;3;1;0;0;0;;;;1;4
"054047";"Scheggino";15;2;0;0;0;;;;2;0;0;0;0;;;;0;2
"054047";"Scheggino";16;1;0;0;0;;;;1;1;0;0;0;;;;1;2
"054047";"Scheggino";17;3;0;0;0;;;;3;2;0;0;0;;;;2;5
"054047";"Scheggino";18;1;0;0;0;;;;1;0;0;0;0;;;;0;1
"054047";"Scheggino";19;4;0;0;0;;;;4;0;0;0;0;;;;0;4
"054047";"Scheggino";20;3;0;0;0;;;;3;4;0;0;0;;;;4;7
"054047";"Scheggino";21;3;0;0;0;;;;3;5;0;0;0;;;;5;8
"054047";"Scheggino";22;1;0;0;0;;;;1;3;0;0;0;;;;3;4
"054047";"Scheggino";23;2;0;0;0;;;;2;1;0;0;0;;;;1;3
"054047";"Scheggino";24;3;0;0;0;;;;3;1;0;0;0;;;;1;4
"054047";"Scheggino";25;4;0;0;0;;;;4;2;0;0;0;;;;2;6
"054047";"Scheggino";26;2;0;0;0;;;;2;0;0;0;0;;;;0;2
"054047";"Scheggino";27;1;0;0;0;;;;1;3;0;0;0;;;;3;4
"054047";"Scheggino";28;1;0;0;0;;;;1;2;1;0;0;;;;3;4
"054047";"Scheggino";29;0;0;0;0;;;;0;0;0;0;0;;;;0;0
"054047";"Scheggino";30;4;0;0;0;;;;4;3;0;0;0;;;;3;7
"054047";"Scheggino";31;1;0;0;0;;;;1;0;1;0;0;;;;1;2
"054047";"Scheggino";32;1;1;0;0;;;;2;2;0;0;0;;;;2;4
"054047";"Scheggino";33;1;3;0;0;;;;4;0;2;0;0;;;;2;6
"054047";"Scheggino";34;1;0;0;0;;;;1;1;0;0;0;;;;1;2
"054047";"Scheggino";35;3;0;0;0;;;;3;2;1;0;0;;;;3;6
"054047";"Scheggino";36;2;0;0;0;;;;2;0;0;0;0;;;;0;2
"054047";"Scheggino";37;4;1;0;0;;;;5;1;1;0;0;;;;2;7
"054047";"Scheggino";38;1;1;0;0;;;;2;2;1;0;0;;;;3;5
"054047";"Scheggino";39;1;0;0;0;;;;1;0;0;0;0;;;;0;1
"054047";"Scheggino";40;0;1;0;0;;;;1;1;1;0;0;;;;2;3
"054047";"Scheggino";41;2;2;0;0;;;;4;1;1;0;0;;;;2;6
"054047";"Scheggino";42;0;1;0;0;;;;1;2;1;0;0;;;;3;4
"054047";"Scheggino";43;2;2;0;0;;;;4;1;0;0;0;;;;1;5
"054047";"Scheggino";44;1;1;1;0;;;;3;3;1;0;0;;;;4;7
"054047";"Scheggino";45;4;1;1;0;;;;6;0;1;0;0;;;;1;7
"054047";"Scheggino";46;1;2;0;0;;;;3;0;1;0;0;;;;1;4
"054047";"Scheggino";47;3;1;0;0;;;;4;0;1;0;0;;;;1;5
"054047";"Scheggino";48;4;2;0;0;;;;6;0;2;0;0;;;;2;8
"054047";"Scheggino";49;0;2;0;0;;;;2;1;0;1;0;;;;2;4
"054047";"Scheggino";50;0;2;0;0;;;;2;1;1;0;0;;;;2;4
"054047";"Scheggino";51;0;1;0;0;;;;1;1;0;0;0;;;;1;2
"054047";"Scheggino";52;2;1;0;0;;;;3;1;4;0;0;;;;5;8
"054047";"Scheggino";53;2;2;0;0;;;;4;0;2;0;0;;;;2;6
"054047";"Scheggino";54;1;2;1;0;;;;4;1;4;0;1;;;;6;10
"054047";"Scheggino";55;0;5;0;0;;;;5;2;2;2;0;;;;6;11
"054047";"Scheggino";56;0;2;0;0;;;;2;1;5;0;1;;;;7;9
"054047";"Scheggino";57;1;3;1;0;;;;5;0;4;1;1;;;;6;11
"054047";"Scheggino";58;3;1;0;0;;;;4;2;4;0;0;;;;6;10
"054047";"Scheggino";59;0;3;0;0;;;;3;1;2;0;0;;;;3;6
"054047";"Scheggino";60;0;4;0;1;;;;5;0;5;0;0;;;;5;10
"054047";"Scheggino";61;1;3;1;0;;;;5;0;0;0;2;;;;2;7
"054047";"Scheggino";62;1;2;0;0;;;;3;0;2;0;1;;;;3;6
"054047";"Scheggino";63;0;2;0;1;;;;3;0;1;1;0;;;;2;5
"054047";"Scheggino";64;0;1;1;0;;;;2;0;1;0;0;;;;1;3
"054047";"Scheggino";65;1;2;0;0;;;;3;1;4;0;0;;;;5;8
"054047";"Scheggino";66;0;1;0;0;;;;1;1;2;0;2;;;;5;6
"054047";"Scheggino";67;0;5;0;0;;;;5;0;3;1;1;;;;5;10
"054047";"Scheggino";68;2;2;1;0;;;;5;0;1;2;0;;;;3;8
"054047";"Scheggino";69;0;3;0;0;;;;3;0;2;0;1;;;;3;6
"054047";"Scheggino";70;0;2;0;0;;;;2;0;0;0;0;;;;0;2
"054047";"Scheggino";71;1;2;1;1;;;;5;0;2;0;0;;;;2;7
"054047";"Scheggino";72;0;3;0;0;;;;3;0;2;0;0;;;;2;5
"054047";"Scheggino";73;0;1;0;0;;;;1;1;2;0;0;;;;3;4
"054047";"Scheggino";74;0;2;0;0;;;;2;0;0;1;0;;;;1;3
"054047";"Scheggino";75;0;1;0;0;;;;1;0;0;0;0;;;;0;1
"054047";"Scheggino";76;0;2;0;0;;;;2;0;4;0;0;;;;4;6
"054047";"Scheggino";77;0;0;0;0;;;;0;1;1;0;0;;;;2;2
"054047";"Scheggino";78;0;0;0;0;;;;0;1;2;0;2;;;;5;5
"054047";"Scheggino";79;0;1;0;0;;;;1;0;1;0;3;;;;4;5
"054047";"Scheggino";80;0;1;0;0;;;;1;0;2;0;2;;;;4;5
"054047";"Scheggino";81;0;1;0;0;;;;1;1;2;0;3;;;;6;7
"054047";"Scheggino";82;0;3;1;1;;;;5;0;0;0;2;;;;2;7
"054047";"Scheggino";83;1;2;0;1;;;;4;1;1;0;0;;;;2;6
"054047";"Scheggino";84;0;2;0;1;;;;3;0;2;0;1;;;;3;6
"054047";"Scheggino";85;0;1;0;0;;;;1;0;0;0;2;;;;2;3
"054047";"Scheggino";86;0;2;0;0;;;;2;0;0;0;1;;;;1;3
"054047";"Scheggino";87;0;2;0;0;;;;2;0;0;1;0;;;;1;3
"054047";"Scheggino";88;0;0;0;1;;;;1;0;0;0;1;;;;1;2
"054047";"Scheggino";89;0;1;0;0;;;;1;0;0;0;2;;;;2;3
"054047";"Scheggino";90;0;1;0;0;;;;1;1;0;0;1;;;;2;3
"054047";"Scheggino";91;0;0;0;0;;;;0;0;0;0;1;;;;1;1
"054047";"Scheggino";92;0;0;0;1;;;;1;0;0;0;1;;;;1;2
"054047";"Scheggino";93;0;0;0;0;;;;0;0;0;0;1;;;;1;1
"054047";"Scheggino";94;0;0;0;0;;;;0;0;0;0;0;;;;0;0
"054047";"Scheggino";95;0;0;0;0;;;;0;0;0;0;1;;;;1;1
"054047";"Scheggino";96;0;0;0;0;;;;0;0;0;0;0;;;;0;0
"054047";"Scheggino";97;0;0;0;0;;;;0;0;0;0;0;;;;0;0
"054047";"Scheggino";98;0;0;0;0;;;;0;0;0;0;0;;;;0;0
"054047";"Scheggino";99;0;0;0;0;;;;0;0;0;0;0;;;;0;0
"054047";"Scheggino";100;0;0;0;0;;;;0;0;0;0;0;;;;0;0
"054047";"Scheggino";999;107;98;9;8;;;;222;74;86;10;34;;;;204;426
"054048";"Sellano";0;1;0;0;0;;;;1;1;0;0;0;;;;1;2
"054048";"Sellano";1;0;0;0;0;;;;0;3;0;0;0;;;;3;3
"054048";"Sellano";2;0;0;0;0;;;;0;1;0;0;0;;;;1;1
"054048";"Sellano";3;5;0;0;0;;;;5;2;0;0;0;;;;2;7
"054048";"Sellano";4;2;0;0;0;;;;2;3;0;0;0;;;;3;5
"054048";"Sellano";5;5;0;0;0;;;;5;4;0;0;0;;;;4;9
"054048";"Sellano";6;2;0;0;0;;;;2;0;0;0;0;;;;0;2
"054048";"Sellano";7;2;0;0;0;;;;2;3;0;0;0;;;;3;5
"054048";"Sellano";8;1;0;0;0;;;;1;2;0;0;0;;;;2;3
"054048";"Sellano";9;2;0;0;0;;;;2;2;0;0;0;;;;2;4
"054048";"Sellano";10;2;0;0;0;;;;2;2;0;0;0;;;;2;4
"054048";"Sellano";11;1;0;0;0;;;;1;3;0;0;0;;;;3;4
"054048";"Sellano";12;2;0;0;0;;;;2;2;0;0;0;;;;2;4
"054048";"Sellano";13;0;0;0;0;;;;0;1;0;0;0;;;;1;1
"054048";"Sellano";14;2;0;0;0;;;;2;3;0;0;0;;;;3;5
"054048";"Sellano";15;3;0;0;0;;;;3;5;0;0;0;;;;5;8
"054048";"Sellano";16;4;0;0;0;;;;4;2;0;0;0;;;;2;6
"054048";"Sellano";17;3;0;0;0;;;;3;8;0;0;0;;;;8;11
"054048";"Sellano";18;2;0;0;0;;;;2;4;0;0;0;;;;4;6
"054048";"Sellano";19;3;0;0;0;;;;3;5;0;0;0;;;;5;8
"054048";"Sellano";20;5;0;0;0;;;;5;3;0;0;0;;;;3;8
"054048";"Sellano";21;9;0;0;0;;;;9;5;0;0;0;;;;5;14
"054048";"Sellano";22;9;0;0;0;;;;9;4;1;0;0;;;;5;14
"054048";"Sellano";23;2;0;0;0;;;;2;6;0;0;0;;;;6;8
"054048";"Sellano";24;1;0;0;0;;;;1;4;0;0;0;;;;4;5
"054048";"Sellano";25;4;0;0;0;;;;4;1;0;0;0;;;;1;5
"054048";"Sellano";26;3;0;0;0;;;;3;6;0;0;0;;;;6;9
"054048";"Sellano";27;6;0;0;0;;;;6;0;0;0;0;;;;0;6
"054048";"Sellano";28;2;0;0;0;;;;2;2;0;0;0;;;;2;4
"054048";"Sellano";29;3;1;0;0;;;;4;1;0;0;0;;;;1;5
"054048";"Sellano";30;8;0;0;0;;;;8;2;0;0;0;;;;2;10
"054048";"Sellano";31;4;0;0;0;;;;4;4;2;1;0;;;;7;11
"054048";"Sellano";32;3;0;0;0;;;;3;4;0;0;0;;;;4;7
"054048";"Sellano";33;1;2;0;0;;;;3;4;1;0;0;;;;5;8
"054048";"Sellano";34;5;2;0;0;;;;7;2;2;0;0;;;;4;11
"054048";"Sellano";35;6;0;0;0;;;;6;3;0;0;0;;;;3;9
"054048";"Sellano";36;2;1;0;0;;;;3;3;2;1;0;;;;6;9
"054048";"Sellano";37;3;1;0;0;;;;4;2;1;1;0;;;;4;8
"054048";"Sellano";38;4;1;0;0;;;;5;4;3;0;0;;;;7;12
"054048";"Sellano";39;5;0;0;0;;;;5;0;1;0;0;;;;1;6
"054048";"Sellano";40;4;1;0;0;;;;5;1;3;0;0;;;;4;9
"054048";"Sellano";41;5;4;0;0;;;;9;3;2;0;0;;;;5;14
"054048";"Sellano";42;1;2;0;0;;;;3;3;1;0;0;;;;4;7
"054048";"Sellano";43;3;2;0;0;;;;5;0;1;0;0;;;;1;6
"054048";"Sellano";44;3;1;0;0;;;;4;1;2;0;0;;;;3;7
"054048";"Sellano";45;0;1;1;0;;;;2;1;4;0;0;;;;5;7
"054048";"Sellano";46;3;0;0;0;;;;3;3;1;1;0;;;;5;8
"054048";"Sellano";47;2;3;0;0;;;;5;1;4;0;0;;;;5;10
"054048";"Sellano";48;4;0;0;0;;;;4;4;3;0;0;;;;7;11
"054048";"Sellano";49;2;3;0;0;;;;5;0;2;0;0;;;;2;7
"054048";"Sellano";50;1;1;0;0;;;;2;1;3;0;1;;;;5;7
"054048";"Sellano";51;2;3;0;0;;;;5;1;6;0;0;;;;7;12
"054048";"Sellano";52;2;6;1;0;;;;9;1;2;1;1;;;;5;14
"054048";"Sellano";53;1;3;0;0;;;;4;1;5;0;0;;;;6;10
"054048";"Sellano";54;0;4;0;0;;;;4;0;12;0;1;;;;13;17
"054048";"Sellano";55;0;5;0;0;;;;5;4;8;2;0;;;;14;19
"054048";"Sellano";56;2;5;0;2;;;;9;1;6;1;0;;;;8;17
"054048";"Sellano";57;2;4;0;0;;;;6;6;6;0;0;;;;12;18
"054048";"Sellano";58;0;9;0;1;;;;10;1;9;0;0;;;;10;20
"054048";"Sellano";59;5;3;1;0;;;;9;1;9;0;0;;;;10;19
"054048";"Sellano";60;2;6;0;0;;;;8;0;10;1;0;;;;11;19
"054048";"Sellano";61;0;5;1;0;;;;6;1;4;0;0;;;;5;11
"054048";"Sellano";62;0;5;0;0;;;;5;0;6;0;2;;;;8;13
"054048";"Sellano";63;2;6;2;2;;;;12;3;7;1;1;;;;12;24
"054048";"Sellano";64;0;7;1;0;;;;8;2;7;1;2;;;;12;20
"054048";"Sellano";65;1;7;1;2;;;;11;0;4;0;0;;;;4;15
"054048";"Sellano";66;1;5;0;2;;;;8;0;8;1;1;;;;10;18
"054048";"Sellano";67;3;8;0;0;;;;11;2;3;0;0;;;;5;16
"054048";"Sellano";68;1;11;1;0;;;;13;0;5;0;2;;;;7;20
"054048";"Sellano";69;3;7;0;0;;;;10;2;4;0;0;;;;6;16
"054048";"Sellano";70;0;10;1;0;;;;11;1;5;0;1;;;;7;18
"054048";"Sellano";71;1;6;0;1;;;;8;1;5;0;0;;;;6;14
"054048";"Sellano";72;2;10;1;0;;;;13;0;3;0;0;;;;3;16
"054048";"Sellano";73;1;4;3;0;;;;8;1;4;0;0;;;;5;13
"054048";"Sellano";74;1;6;0;0;;;;7;0;3;0;1;;;;4;11
"054048";"Sellano";75;0;5;1;1;;;;7;0;3;1;2;;;;6;13
"054048";"Sellano";76;0;5;1;1;;;;7;0;5;1;4;;;;10;17
"054048";"Sellano";77;1;7;1;1;;;;10;1;4;0;2;;;;7;17
"054048";"Sellano";78;1;7;0;0;;;;8;0;2;1;2;;;;5;13
"054048";"Sellano";79;0;1;0;0;;;;1;0;1;0;1;;;;2;3
"054048";"Sellano";80;2;2;0;0;;;;4;0;2;0;4;;;;6;10
"054048";"Sellano";81;2;3;1;0;;;;6;0;2;0;2;;;;4;10
"054048";"Sellano";82;1;1;0;2;;;;4;0;2;0;1;;;;3;7
"054048";"Sellano";83;0;6;0;2;;;;8;0;0;0;3;;;;3;11
"054048";"Sellano";84;1;0;0;2;;;;3;1;0;0;1;;;;2;5
"054048";"Sellano";85;1;3;0;2;;;;6;1;3;0;7;;;;11;17
"054048";"Sellano";86;0;3;0;1;;;;4;0;2;0;4;;;;6;10
"054048";"Sellano";87;1;2;0;0;;;;3;0;0;0;5;;;;5;8
"054048";"Sellano";88;2;1;0;1;;;;4;0;0;0;3;;;;3;7
"054048";"Sellano";89;0;2;0;0;;;;2;0;2;0;4;;;;6;8
"054048";"Sellano";90;0;2;0;2;;;;4;0;0;0;1;;;;1;5
"054048";"Sellano";91;0;0;0;1;;;;1;0;0;0;2;;;;2;3
"054048";"Sellano";92;0;2;0;2;;;;4;0;0;0;7;;;;7;11
"054048";"Sellano";93;0;1;0;1;;;;2;0;0;0;6;;;;6;8
"054048";"Sellano";94;0;0;0;1;;;;1;0;0;0;1;;;;1;2
"054048";"Sellano";95;0;1;0;0;;;;1;0;0;0;2;;;;2;3
"054048";"Sellano";96;0;0;0;1;;;;1;0;0;0;1;;;;1;2
"054048";"Sellano";97;0;0;0;0;;;;0;0;0;0;1;;;;1;1
"054048";"Sellano";98;0;0;0;0;;;;0;0;0;0;1;;;;1;1
"054048";"Sellano";99;0;0;0;0;;;;0;0;0;0;0;;;;0;0
"054048";"Sellano";100;0;0;0;0;;;;0;0;0;0;2;;;;2;2
"054048";"Sellano";999;199;225;18;31;;;;473;166;208;15;82;;;;471;944
"054049";"Sigillo";0;9;0;0;0;;;;9;9;0;0;0;;;;9;18
"054049";"Sigillo";1;3;0;0;0;;;;3;5;0;0;0;;;;5;8
"054049";"Sigillo";2;7;0;0;0;;;;7;6;0;0;0;;;;6;13
"054049";"Sigillo";3;7;0;0;0;;;;7;4;0;0;0;;;;4;11
"054049";"Sigillo";4;1;0;0;0;;;;1;9;0;0;0;;;;9;10
"054049";"Sigillo";5;5;0;0;0;;;;5;7;0;0;0;;;;7;12
"054049";"Sigillo";6;14;0;0;0;;;;14;3;0;0;0;;;;3;17
"054049";"Sigillo";7;6;0;0;0;;;;6;11;0;0;0;;;;11;17
"054049";"Sigillo";8;11;0;0;0;;;;11;8;0;0;0;;;;8;19
"054049";"Sigillo";9;6;0;0;0;;;;6;3;0;0;0;;;;3;9
"054049";"Sigillo";10;10;0;0;0;;;;10;9;0;0;0;;;;9;19
"054049";"Sigillo";11;6;0;0;0;;;;6;5;0;0;0;;;;5;11
"054049";"Sigillo";12;11;0;0;0;;;;11;8;0;0;0;;;;8;19
"054049";"Sigillo";13;16;0;0;0;;;;16;9;0;0;0;;;;9;25
"054049";"Sigillo";14;6;0;0;0;;;;6;9;0;0;0;;;;9;15
"054049";"Sigillo";15;10;0;0;0;;;;10;7;0;0;0;;;;7;17
"054049";"Sigillo";16;13;0;0;0;;;;13;9;0;0;0;;;;9;22
"054049";"Sigillo";17;14;0;0;0;;;;14;7;0;0;0;;;;7;21
"054049";"Sigillo";18;13;0;0;0;;;;13;11;0;0;0;;;;11;24
"054049";"Sigillo";19;18;0;0;0;;;;18;8;0;0;0;;;;8;26
"054049";"Sigillo";20;5;0;0;0;;;;5;10;0;0;0;;;;10;15
"054049";"Sigillo";21;8;0;0;0;;;;8;12;0;0;0;;;;12;20
"054049";"Sigillo";22;6;0;0;0;;;;6;13;1;0;0;;;;14;20
"054049";"Sigillo";23;17;0;0;0;;;;17;5;0;0;0;;;;5;22
"054049";"Sigillo";24;9;0;0;0;;;;9;10;1;0;0;;;;11;20
"054049";"Sigillo";25;10;0;0;0;;;;10;13;1;0;0;;;;14;24
"054049";"Sigillo";26;11;1;0;0;;;;12;5;0;0;0;;;;5;17
"054049";"Sigillo";27;12;1;0;0;;;;13;8;0;0;0;;;;8;21
"054049";"Sigillo";28;8;1;0;0;;;;9;11;1;0;0;;;;12;21
"054049";"Sigillo";29;8;2;0;0;;;;10;11;1;0;0;;;;12;22
"054049";"Sigillo";30;17;1;0;0;;;;18;6;2;0;0;;;;8;26
"054049";"Sigillo";31;9;3;0;0;;;;12;7;2;0;0;;;;9;21
"054049";"Sigillo";32;12;2;0;0;;;;14;5;7;0;0;;;;12;26
"054049";"Sigillo";33;5;0;0;0;;;;5;5;4;0;0;;;;9;14
"054049";"Sigillo";34;7;2;0;0;;;;9;6;6;0;0;;;;12;21
"054049";"Sigillo";35;5;3;0;0;;;;8;6;5;0;0;;;;11;19
"054049";"Sigillo";36;5;1;0;0;;;;6;5;7;0;0;;;;12;18
"054049";"Sigillo";37;6;4;0;0;;;;10;3;3;0;0;;;;6;16
"054049";"Sigillo";38;9;3;0;0;;;;12;9;3;0;0;;;;12;24
"054049";"Sigillo";39;7;3;0;0;;;;10;7;2;0;0;;;;9;19
"054049";"Sigillo";40;2;1;0;0;;;;3;7;6;1;0;;;;14;17
"054049";"Sigillo";41;7;6;0;0;;;;13;10;6;1;0;;;;17;30
"054049";"Sigillo";42;5;5;0;0;;;;10;6;3;0;0;;;;9;19
"054049";"Sigillo";43;8;6;2;0;;;;16;4;9;0;0;;;;13;29
"054049";"Sigillo";44;5;10;1;0;;;;16;5;12;1;0;;;;18;34
"054049";"Sigillo";45;8;9;0;0;;;;17;0;8;0;0;;;;8;25
"054049";"Sigillo";46;2;8;0;0;;;;10;4;14;1;0;;;;19;29
"054049";"Sigillo";47;7;16;0;0;;;;23;3;8;3;0;;;;14;37
"054049";"Sigillo";48;8;6;2;0;;;;16;4;16;1;0;;;;21;37
"054049";"Sigillo";49;4;11;2;0;;;;17;3;20;2;0;;;;25;42
"054049";"Sigillo";50;5;8;1;0;;;;14;4;9;3;0;;;;16;30
"054049";"Sigillo";51;6;15;3;0;;;;24;2;10;1;1;;;;14;38
"054049";"Sigillo";52;6;7;0;0;;;;13;2;14;0;0;;;;16;29
"054049";"Sigillo";53;2;12;1;0;;;;15;2;15;0;1;;;;18;33
"054049";"Sigillo";54;8;18;0;0;;;;26;5;11;1;0;;;;17;43
"054049";"Sigillo";55;1;11;1;0;;;;13;1;17;2;0;;;;20;33
"054049";"Sigillo";56;5;13;1;0;;;;19;2;17;1;0;;;;20;39
"054049";"Sigillo";57;6;11;1;0;;;;18;1;15;0;0;;;;16;34
"054049";"Sigillo";58;3;15;1;0;;;;19;3;19;1;2;;;;25;44
"054049";"Sigillo";59;2;14;1;1;;;;18;2;11;4;4;;;;21;39
"054049";"Sigillo";60;7;12;0;0;;;;19;3;15;0;2;;;;20;39
"054049";"Sigillo";61;1;10;1;0;;;;12;1;14;0;2;;;;17;29
"054049";"Sigillo";62;1;18;1;0;;;;20;0;18;0;3;;;;21;41
"054049";"Sigillo";63;2;12;0;2;;;;16;1;12;0;2;;;;15;31
"054049";"Sigillo";64;3;18;2;1;;;;24;1;10;2;4;;;;17;41
"054049";"Sigillo";65;4;16;3;0;;;;23;5;17;0;2;;;;24;47
"054049";"Sigillo";66;3;16;0;1;;;;20;0;13;0;2;;;;15;35
"054049";"Sigillo";67;4;9;2;1;;;;16;1;18;1;2;;;;22;38
"054049";"Sigillo";68;1;7;2;0;;;;10;0;13;1;1;;;;15;25
"054049";"Sigillo";69;0;22;1;1;;;;24;1;9;1;3;;;;14;38
"054049";"Sigillo";70;2;7;2;1;;;;12;0;10;0;5;;;;15;27
"054049";"Sigillo";71;1;9;1;1;;;;12;0;8;1;3;;;;12;24
"054049";"Sigillo";72;1;14;0;0;;;;15;0;15;0;1;;;;16;31
"054049";"Sigillo";73;3;9;0;0;;;;12;0;9;0;6;;;;15;27
"054049";"Sigillo";74;2;14;0;1;;;;17;1;10;1;7;;;;19;36
"054049";"Sigillo";75;1;12;0;0;;;;13;0;10;0;6;;;;16;29
"054049";"Sigillo";76;0;10;0;1;;;;11;1;12;0;6;;;;19;30
"054049";"Sigillo";77;3;7;0;1;;;;11;1;7;1;7;;;;16;27
"054049";"Sigillo";78;1;8;0;0;;;;9;0;9;0;13;;;;22;31
"054049";"Sigillo";79;0;7;0;2;;;;9;1;3;0;4;;;;8;17
"054049";"Sigillo";80;1;6;0;2;;;;9;1;4;0;3;;;;8;17
"054049";"Sigillo";81;0;10;0;2;;;;12;1;5;0;11;;;;17;29
"054049";"Sigillo";82;0;10;0;2;;;;12;0;3;0;2;;;;5;17
"054049";"Sigillo";83;0;6;0;2;;;;8;2;3;0;6;;;;11;19
"054049";"Sigillo";84;0;8;0;2;;;;10;1;6;0;11;;;;18;28
"054049";"Sigillo";85;3;6;1;2;;;;12;2;2;0;7;;;;11;23
"054049";"Sigillo";86;0;3;0;1;;;;4;1;2;0;12;;;;15;19
"054049";"Sigillo";87;0;4;0;0;;;;4;2;1;0;6;;;;9;13
"054049";"Sigillo";88;1;3;0;1;;;;5;0;1;1;8;;;;10;15
"054049";"Sigillo";89;0;5;0;1;;;;6;1;1;0;7;;;;9;15
"054049";"Sigillo";90;0;5;0;2;;;;7;0;1;0;5;;;;6;13
"054049";"Sigillo";91;0;1;0;0;;;;1;1;1;0;7;;;;9;10
"054049";"Sigillo";92;0;1;0;2;;;;3;0;1;0;3;;;;4;7
"054049";"Sigillo";93;0;2;0;1;;;;3;1;0;0;7;;;;8;11
"054049";"Sigillo";94;0;1;0;1;;;;2;0;2;0;5;;;;7;9
"054049";"Sigillo";95;0;0;0;0;;;;0;1;0;0;3;;;;4;4
"054049";"Sigillo";96;0;0;0;0;;;;0;0;0;0;2;;;;2;2
"054049";"Sigillo";97;0;0;0;0;;;;0;1;0;0;2;;;;3;3
"054049";"Sigillo";98;0;0;0;0;;;;0;0;0;0;2;;;;2;2
"054049";"Sigillo";99;0;0;0;0;;;;0;0;0;0;0;;;;0;0
"054049";"Sigillo";100;0;0;0;0;;;;0;0;0;0;0;;;;0;0
"054049";"Sigillo";999;507;537;33;35;;;;1112;406;551;32;198;;;;1187;2299
"054050";"Spello";0;25;0;0;0;;;;25;13;0;0;0;;;;13;38
"054050";"Spello";1;35;0;0;0;;;;35;18;0;0;0;;;;18;53
"054050";"Spello";2;29;0;0;0;;;;29;27;0;0;0;;;;27;56
"054050";"Spello";3;17;0;0;0;;;;17;22;0;0;0;;;;22;39
"054050";"Spello";4;24;0;0;0;;;;24;13;0;0;0;;;;13;37
"054050";"Spello";5;23;0;0;0;;;;23;19;0;0;0;;;;19;42
"054050";"Spello";6;32;0;0;0;;;;32;26;0;0;0;;;;26;58
"054050";"Spello";7;28;0;0;0;;;;28;32;0;0;0;;;;32;60
"054050";"Spello";8;36;0;0;0;;;;36;23;0;0;0;;;;23;59
"054050";"Spello";9;20;0;0;0;;;;20;32;0;0;0;;;;32;52
"054050";"Spello";10;42;0;0;0;;;;42;31;0;0;0;;;;31;73
"054050";"Spello";11;33;0;0;0;;;;33;38;0;0;0;;;;38;71
"054050";"Spello";12;42;0;0;0;;;;42;34;0;0;0;;;;34;76
"054050";"Spello";13;29;0;0;0;;;;29;29;0;0;0;;;;29;58
"054050";"Spello";14;39;0;0;0;;;;39;48;0;0;0;;;;48;87
"054050";"Spello";15;30;0;0;0;;;;30;41;0;0;0;;;;41;71
"054050";"Spello";16;48;0;0;0;;;;48;31;0;0;0;;;;31;79
"054050";"Spello";17;56;0;0;0;;;;56;42;0;0;0;;;;42;98
"054050";"Spello";18;41;0;0;0;;;;41;45;0;0;0;;;;45;86
"054050";"Spello";19;37;0;0;0;;;;37;44;0;0;0;;;;44;81
"054050";"Spello";20;32;0;0;0;;;;32;35;0;0;0;;;;35;67
"054050";"Spello";21;38;0;0;0;;;;38;46;1;0;0;;;;47;85
"054050";"Spello";22;29;1;0;0;;;;30;37;0;0;0;;;;37;67
"054050";"Spello";23;46;1;0;0;;;;47;39;1;0;0;;;;40;87
"054050";"Spello";24;39;1;0;0;;;;40;25;0;0;0;;;;25;65
"054050";"Spello";25;34;0;0;0;;;;34;25;1;0;0;;;;26;60
"054050";"Spello";26;33;0;0;0;;;;33;25;0;0;0;;;;25;58
"054050";"Spello";27;23;1;0;0;;;;24;22;3;0;0;;;;25;49
"054050";"Spello";28;40;1;0;0;;;;41;26;0;0;0;;;;26;67
"054050";"Spello";29;23;1;0;0;;;;24;28;5;0;0;;;;33;57
"054050";"Spello";30;31;4;0;0;;;;35;21;6;0;0;;;;27;62
"054050";"Spello";31;26;6;0;0;;;;32;29;9;1;0;;;;39;71
"054050";"Spello";32;31;6;0;0;;;;37;26;8;0;0;;;;34;71
"054050";"Spello";33;29;10;0;0;;;;39;19;15;1;0;;;;35;74
"054050";"Spello";34;36;6;0;0;;;;42;30;12;1;0;;;;43;85
"054050";"Spello";35;37;9;1;0;;;;47;28;11;1;0;;;;40;87
"054050";"Spello";36;27;14;0;0;;;;41;31;23;0;0;;;;54;95
"054050";"Spello";37;21;20;3;0;;;;44;22;25;1;0;;;;48;92
"054050";"Spello";38;30;13;1;0;;;;44;24;26;2;0;;;;52;96
"054050";"Spello";39;11;18;2;0;;;;31;22;21;1;0;;;;44;75
"054050";"Spello";40;20;14;1;0;;;;35;16;23;2;1;;;;42;77
"054050";"Spello";41;24;27;2;0;;;;53;20;29;2;0;;;;51;104
"054050";"Spello";42;15;23;3;0;;;;41;16;29;7;1;;;;53;94
"054050";"Spello";43;24;28;2;0;;;;54;14;20;3;1;;;;38;92
"054050";"Spello";44;18;24;0;0;;;;42;12;33;1;1;;;;47;89
"054050";"Spello";45;22;36;2;1;;;;61;18;35;0;1;;;;54;115
"054050";"Spello";46;19;15;4;0;;;;38;18;30;5;0;;;;53;91
"054050";"Spello";47;17;38;0;0;;;;55;17;50;5;0;;;;72;127
"054050";"Spello";48;20;35;7;0;;;;62;11;38;4;0;;;;53;115
"054050";"Spello";49;21;33;3;0;;;;57;15;57;3;1;;;;76;133
"054050";"Spello";50;23;32;3;0;;;;58;15;40;2;1;;;;58;116
"054050";"Spello";51;25;40;4;0;;;;69;17;54;8;1;;;;80;149
"054050";"Spello";52;17;48;3;1;;;;69;11;41;5;3;;;;60;129
"054050";"Spello";53;23;38;4;1;;;;66;10;53;4;2;;;;69;135
"054050";"Spello";54;16;39;5;0;;;;60;13;50;6;2;;;;71;131
"054050";"Spello";55;16;43;3;1;;;;63;14;52;7;4;;;;77;140
"054050";"Spello";56;18;55;6;0;;;;79;19;40;7;4;;;;70;149
"054050";"Spello";57;16;68;3;0;;;;87;8;64;8;3;;;;83;170
"054050";"Spello";58;13;48;9;1;;;;71;8;58;10;2;;;;78;149
"054050";"Spello";59;11;47;2;1;;;;61;7;49;9;1;;;;66;127
"054050";"Spello";60;9;61;5;2;;;;77;8;50;8;5;;;;71;148
"054050";"Spello";61;6;43;5;2;;;;56;14;36;3;2;;;;55;111
"054050";"Spello";62;12;40;6;0;;;;58;7;51;1;7;;;;66;124
"054050";"Spello";63;6;45;10;1;;;;62;16;47;5;7;;;;75;137
"054050";"Spello";64;8;44;3;0;;;;55;8;46;3;2;;;;59;114
"054050";"Spello";65;6;52;0;4;;;;62;6;49;3;7;;;;65;127
"054050";"Spello";66;6;42;1;0;;;;49;3;41;2;5;;;;51;100
"054050";"Spello";67;4;48;4;1;;;;57;7;43;3;6;;;;59;116
"054050";"Spello";68;9;53;4;4;;;;70;5;46;5;6;;;;62;132
"054050";"Spello";69;4;43;1;0;;;;48;4;36;4;9;;;;53;101
"054050";"Spello";70;5;44;1;1;;;;51;5;32;1;8;;;;46;97
"054050";"Spello";71;5;36;1;3;;;;45;4;41;3;12;;;;60;105
"054050";"Spello";72;0;29;0;2;;;;31;2;29;2;9;;;;42;73
"054050";"Spello";73;2;49;3;1;;;;55;2;38;0;18;;;;58;113
"054050";"Spello";74;1;31;1;3;;;;36;5;42;1;8;;;;56;92
"054050";"Spello";75;7;35;0;6;;;;48;4;35;1;15;;;;55;103
"054050";"Spello";76;4;40;0;3;;;;47;4;26;2;20;;;;52;99
"054050";"Spello";77;5;45;0;4;;;;54;4;36;0;18;;;;58;112
"054050";"Spello";78;2;33;4;2;;;;41;3;34;1;15;;;;53;94
"054050";"Spello";79;4;36;2;4;;;;46;3;31;0;15;;;;49;95
"054050";"Spello";80;4;39;0;2;;;;45;1;27;2;25;;;;55;100
"054050";"Spello";81;2;32;2;2;;;;38;0;25;0;27;;;;52;90
"054050";"Spello";82;0;35;1;6;;;;42;2;21;0;26;;;;49;91
"054050";"Spello";83;1;21;0;5;;;;27;0;14;1;21;;;;36;63
"054050";"Spello";84;1;24;0;5;;;;30;0;15;0;29;;;;44;74
"054050";"Spello";85;1;22;0;5;;;;28;2;17;0;24;;;;43;71
"054050";"Spello";86;0;12;0;5;;;;17;2;6;1;20;;;;29;46
"054050";"Spello";87;0;16;0;8;;;;24;1;4;0;32;;;;37;61
"054050";"Spello";88;4;8;0;6;;;;18;1;5;0;22;;;;28;46
"054050";"Spello";89;0;10;1;7;;;;18;1;2;0;17;;;;20;38
"054050";"Spello";90;2;4;0;3;;;;9;4;0;0;15;;;;19;28
"054050";"Spello";91;0;9;2;3;;;;14;1;0;0;17;;;;18;32
"054050";"Spello";92;0;6;0;6;;;;12;2;1;0;15;;;;18;30
"054050";"Spello";93;0;2;0;1;;;;3;1;0;0;12;;;;13;16
"054050";"Spello";94;0;1;0;2;;;;3;3;2;0;10;;;;15;18
"054050";"Spello";95;0;2;0;1;;;;3;3;0;0;5;;;;8;11
"054050";"Spello";96;0;2;0;0;;;;2;0;0;0;5;;;;5;7
"054050";"Spello";97;0;0;0;3;;;;3;0;0;0;4;;;;4;7
"054050";"Spello";98;0;0;0;0;;;;0;0;0;1;2;;;;3;3
"054050";"Spello";99;0;0;0;1;;;;1;1;0;0;1;;;;2;3
"054050";"Spello";100;0;1;0;1;;;;2;1;0;0;3;;;;4;6
"054050";"Spello";999;1780;1938;130;121;;;;3969;1587;1940;159;555;;;;4241;8210
"054051";"Spoleto";0;117;0;0;0;0;0;0;117;98;0;0;0;0;0;0;98;215
"054051";"Spoleto";1;98;0;0;0;0;0;0;98;102;0;0;0;0;0;0;102;200
"054051";"Spoleto";2;105;0;0;0;0;0;0;105;101;0;0;0;0;0;0;101;206
"054051";"Spoleto";3;96;0;0;0;0;0;0;96;117;0;0;0;0;0;0;117;213
"054051";"Spoleto";4;111;0;0;0;0;0;0;111;101;0;0;0;0;0;0;101;212
"054051";"Spoleto";5;112;0;0;0;0;0;0;112;112;0;0;0;0;0;0;112;224
"054051";"Spoleto";6;126;0;0;0;0;0;0;126;111;0;0;0;0;0;0;111;237
"054051";"Spoleto";7;117;0;0;0;0;0;0;117;120;0;0;0;0;0;0;120;237
"054051";"Spoleto";8;135;0;0;0;0;0;0;135;157;0;0;0;0;0;0;157;292
"054051";"Spoleto";9;118;0;0;0;0;0;0;118;121;0;0;0;0;0;0;121;239
"054051";"Spoleto";10;120;0;0;0;0;0;0;120;147;0;0;0;0;0;0;147;267
"054051";"Spoleto";11;151;0;0;0;0;0;0;151;131;0;0;0;0;0;0;131;282
"054051";"Spoleto";12;140;0;0;0;0;0;0;140;150;0;0;0;0;0;0;150;290
"054051";"Spoleto";13;168;0;0;0;0;0;0;168;157;0;0;0;0;0;0;157;325
"054051";"Spoleto";14;148;0;0;0;0;0;0;148;168;0;0;0;0;0;0;168;316
"054051";"Spoleto";15;155;0;0;0;0;0;0;155;160;0;0;0;0;0;0;160;315
"054051";"Spoleto";16;177;0;0;0;0;0;0;177;172;0;0;0;0;0;0;172;349
"054051";"Spoleto";17;170;0;0;0;0;0;0;170;171;0;0;0;0;0;0;171;341
"054051";"Spoleto";18;173;0;0;0;0;0;0;173;150;0;0;0;0;0;0;150;323
"054051";"Spoleto";19;190;0;0;0;0;0;0;190;166;0;0;0;0;0;0;166;356
"054051";"Spoleto";20;184;0;0;0;0;0;0;184;146;1;0;0;0;0;0;147;331
"054051";"Spoleto";21;177;0;0;0;0;0;0;177;153;1;0;0;0;0;0;154;331
"054051";"Spoleto";22;176;0;0;0;0;0;0;176;134;2;0;0;0;0;0;136;312
"054051";"Spoleto";23;174;1;0;0;0;0;0;175;144;5;0;0;0;0;0;149;324
"054051";"Spoleto";24;174;2;0;0;0;0;0;176;139;6;0;0;0;0;0;145;321
"054051";"Spoleto";25;169;2;0;0;0;0;0;171;138;7;0;0;1;0;0;146;317
"054051";"Spoleto";26;189;4;1;0;0;0;0;194;149;14;0;0;0;0;0;163;357
"054051";"Spoleto";27;154;9;0;0;1;0;0;164;123;23;0;0;0;0;0;146;310
"054051";"Spoleto";28;169;11;0;0;0;0;0;180;140;28;2;0;1;0;0;171;351
"054051";"Spoleto";29;153;7;0;0;0;0;0;160;133;13;0;0;0;0;0;146;306
"054051";"Spoleto";30;178;14;0;0;0;0;0;192;115;29;0;0;0;0;0;144;336
"054051";"Spoleto";31;178;22;0;0;0;0;0;200;107;43;3;0;0;0;0;153;353
"054051";"Spoleto";32;158;16;2;0;0;0;0;176;129;58;3;0;1;0;0;191;367
"054051";"Spoleto";33;158;36;1;0;0;0;0;195;108;47;1;0;0;0;0;156;351
"054051";"Spoleto";34;142;40;1;0;0;0;0;183;91;54;3;0;0;0;0;148;331
"054051";"Spoleto";35;140;58;0;0;0;0;0;198;107;68;2;1;0;0;0;178;376
"054051";"Spoleto";36;142;63;0;0;0;0;0;205;98;89;7;1;3;0;0;198;403
"054051";"Spoleto";37;140;70;2;0;0;0;0;212;77;93;0;3;0;0;0;173;385
"054051";"Spoleto";38;125;65;5;0;1;0;0;196;84;106;9;0;0;0;0;199;395
"054051";"Spoleto";39;121;57;6;0;0;0;0;184;78;85;5;0;0;0;0;168;352
"054051";"Spoleto";40;92;85;4;0;0;0;0;181;63;105;10;4;0;0;0;182;363
"054051";"Spoleto";41;117;97;2;0;0;0;0;216;83;122;9;0;0;0;0;214;430
"054051";"Spoleto";42;88;79;4;0;0;0;0;171;63;110;6;1;0;0;0;180;351
"054051";"Spoleto";43;98;102;5;0;1;0;0;206;71;122;13;3;0;0;0;209;415
"054051";"Spoleto";44;92;102;8;0;0;0;0;202;70;125;13;2;0;0;0;210;412
"054051";"Spoleto";45;98;120;7;1;1;0;0;227;52;152;9;3;1;0;0;217;444
"054051";"Spoleto";46;90;140;7;2;0;0;0;239;82;128;12;4;0;0;0;226;465
"054051";"Spoleto";47;91;124;13;1;0;0;0;229;84;158;14;5;0;0;0;261;490
"054051";"Spoleto";48;86;137;12;2;0;0;0;237;49;170;27;4;0;0;0;250;487
"054051";"Spoleto";49;107;142;20;1;0;0;0;270;70;163;22;7;0;0;0;262;532
"054051";"Spoleto";50;86;177;20;1;0;0;0;284;79;178;22;11;0;0;0;290;574
"054051";"Spoleto";51;84;169;21;0;1;0;0;275;53;206;24;9;0;0;0;292;567
"054051";"Spoleto";52;72;168;23;8;1;0;0;272;58;172;27;10;0;0;0;267;539
"054051";"Spoleto";53;69;186;21;3;0;0;0;279;65;205;24;9;0;0;0;303;582
"054051";"Spoleto";54;81;191;19;3;0;0;0;294;49;199;38;11;0;0;0;297;591
"054051";"Spoleto";55;71;207;34;1;0;0;0;313;37;198;35;4;0;0;0;274;587
"054051";"Spoleto";56;65;209;22;3;0;0;0;299;46;236;33;17;0;0;0;332;631
"054051";"Spoleto";57;57;179;26;3;0;0;0;265;52;215;34;9;0;0;0;310;575
"054051";"Spoleto";58;58;181;17;2;1;0;0;259;37;225;21;18;0;0;0;301;560
"054051";"Spoleto";59;43;200;17;3;0;0;0;263;41;222;29;18;0;0;0;310;573
"054051";"Spoleto";60;49;250;22;5;0;0;0;326;32;222;33;20;2;0;0;309;635
"054051";"Spoleto";61;32;213;19;3;0;0;0;267;29;204;23;20;0;0;0;276;543
"054051";"Spoleto";62;42;208;18;2;0;0;0;270;29;213;19;24;0;0;0;285;555
"054051";"Spoleto";63;29;202;19;6;0;0;0;256;23;214;26;29;0;0;0;292;548
"054051";"Spoleto";64;29;187;20;9;0;0;0;245;32;205;26;24;0;0;0;287;532
"054051";"Spoleto";65;21;201;16;9;0;0;0;247;23;191;15;27;0;0;0;256;503
"054051";"Spoleto";66;23;175;13;4;0;0;0;215;16;175;24;34;1;0;0;250;465
"054051";"Spoleto";67;23;188;19;12;0;0;0;242;18;172;19;35;0;0;0;244;486
"054051";"Spoleto";68;23;188;18;8;1;0;0;238;13;172;25;31;0;0;0;241;479
"054051";"Spoleto";69;25;174;18;7;1;0;0;225;16;177;17;33;0;0;0;243;468
"054051";"Spoleto";70;10;157;10;9;0;0;0;186;19;179;12;39;0;0;0;249;435
"054051";"Spoleto";71;20;154;10;10;0;0;0;194;17;149;12;57;0;0;0;235;429
"054051";"Spoleto";72;18;197;6;14;0;0;0;235;13;158;11;47;0;0;0;229;464
"054051";"Spoleto";73;15;163;10;12;0;0;0;200;14;159;19;67;0;0;0;259;459
"054051";"Spoleto";74;16;191;11;16;0;0;0;234;19;165;11;69;0;0;0;264;498
"054051";"Spoleto";75;5;203;8;13;0;0;0;229;10;150;12;71;0;0;0;243;472
"054051";"Spoleto";76;16;187;4;22;0;0;0;229;14;179;9;72;0;0;0;274;503
"054051";"Spoleto";77;14;168;5;18;0;0;0;205;14;125;8;68;0;0;0;215;420
"054051";"Spoleto";78;9;138;8;18;1;0;0;174;18;128;6;86;0;0;0;238;412
"054051";"Spoleto";79;9;123;3;24;0;0;0;159;10;108;6;75;0;0;0;199;358
"054051";"Spoleto";80;8;119;2;10;0;0;0;139;7;99;5;101;0;0;0;212;351
"054051";"Spoleto";81;5;138;6;21;0;0;0;170;16;94;5;111;0;0;0;226;396
"054051";"Spoleto";82;16;130;1;21;0;0;0;168;14;88;5;100;0;0;0;207;375
"054051";"Spoleto";83;4;113;2;22;0;0;0;141;9;52;3;96;0;0;0;160;301
"054051";"Spoleto";84;7;103;3;21;0;0;0;134;12;56;2;119;0;0;0;189;323
"054051";"Spoleto";85;7;93;3;30;0;0;0;133;13;65;2;108;0;0;0;188;321
"054051";"Spoleto";86;7;74;2;22;0;0;0;105;7;43;3;133;0;0;0;186;291
"054051";"Spoleto";87;6;65;0;24;0;0;0;95;7;24;3;115;0;0;0;149;244
"054051";"Spoleto";88;3;50;1;21;0;0;0;75;6;28;2;98;0;0;0;134;209
"054051";"Spoleto";89;4;30;1;25;0;0;0;60;8;14;2;80;0;0;0;104;164
"054051";"Spoleto";90;3;40;0;18;0;0;0;61;7;16;1;103;0;0;0;127;188
"054051";"Spoleto";91;3;27;0;18;0;0;0;48;5;3;2;90;0;0;0;100;148
"054051";"Spoleto";92;1;23;0;13;0;0;0;37;4;7;1;63;0;0;0;75;112
"054051";"Spoleto";93;2;12;1;13;0;0;0;28;2;4;1;74;0;0;0;81;109
"054051";"Spoleto";94;2;5;0;14;0;0;0;21;4;2;1;51;0;0;0;58;79
"054051";"Spoleto";95;1;5;0;12;0;0;0;18;4;1;0;33;0;0;0;38;56
"054051";"Spoleto";96;0;5;0;5;0;0;0;10;0;0;0;23;0;0;0;23;33
"054051";"Spoleto";97;2;6;0;4;0;0;0;12;2;0;0;20;0;0;0;22;34
"054051";"Spoleto";98;0;1;0;3;0;0;0;4;0;0;1;21;0;0;0;22;26
"054051";"Spoleto";99;0;1;0;1;0;0;0;2;0;0;0;10;0;0;0;10;12
"054051";"Spoleto";100;0;3;0;5;0;0;0;8;3;0;0;20;0;0;0;23;31
"054051";"Spoleto";999;8082;8182;599;578;10;0;0;17451;6818;8224;829;2651;10;0;0;18532;35983
"054052";"Todi";0;32;0;0;0;;;;32;41;0;0;0;;;;41;73
"054052";"Todi";1;40;0;0;0;;;;40;35;0;0;0;;;;35;75
"054052";"Todi";2;46;0;0;0;;;;46;30;0;0;0;;;;30;76
"054052";"Todi";3;29;0;0;0;;;;29;35;0;0;0;;;;35;64
"054052";"Todi";4;41;0;0;0;;;;41;34;0;0;0;;;;34;75
"054052";"Todi";5;34;0;0;0;;;;34;40;0;0;0;;;;40;74
"054052";"Todi";6;39;0;0;0;;;;39;45;0;0;0;;;;45;84
"054052";"Todi";7;48;0;0;0;;;;48;48;0;0;0;;;;48;96
"054052";"Todi";8;63;0;0;0;;;;63;66;0;0;0;;;;66;129
"054052";"Todi";9;70;0;0;0;;;;70;67;0;0;0;;;;67;137
"054052";"Todi";10;69;0;0;0;;;;69;55;0;0;0;;;;55;124
"054052";"Todi";11;67;0;0;0;;;;67;65;0;0;0;;;;65;132
"054052";"Todi";12;72;0;0;0;;;;72;64;0;0;0;;;;64;136
"054052";"Todi";13;70;0;0;0;;;;70;65;0;0;0;;;;65;135
"054052";"Todi";14;80;0;0;0;;;;80;73;0;0;0;;;;73;153
"054052";"Todi";15;57;0;0;0;;;;57;61;0;0;0;;;;61;118
"054052";"Todi";16;69;0;0;0;;;;69;67;0;0;0;;;;67;136
"054052";"Todi";17;77;0;0;0;;;;77;75;0;0;0;;;;75;152
"054052";"Todi";18;67;0;0;0;;;;67;58;0;0;0;;;;58;125
"054052";"Todi";19;75;0;0;0;;;;75;64;0;0;0;;;;64;139
"054052";"Todi";20;58;0;0;0;;;;58;67;0;0;0;;;;67;125
"054052";"Todi";21;68;0;0;0;;;;68;59;1;0;0;;;;60;128
"054052";"Todi";22;65;0;0;0;;;;65;57;0;0;0;;;;57;122
"054052";"Todi";23;69;0;0;0;;;;69;56;2;0;0;;;;58;127
"054052";"Todi";24;73;1;0;0;;;;74;78;2;0;0;;;;80;154
"054052";"Todi";25;86;0;0;0;;;;86;57;4;0;0;;;;61;147
"054052";"Todi";26;58;0;0;0;;;;58;67;6;0;0;;;;73;131
"054052";"Todi";27;68;2;0;0;;;;70;53;6;0;0;;;;59;129
"054052";"Todi";28;68;4;0;0;;;;72;55;9;0;0;;;;64;136
"054052";"Todi";29;84;9;0;0;;;;93;57;21;0;0;;;;78;171
"054052";"Todi";30;63;4;0;0;;;;67;60;15;1;0;;;;76;143
"054052";"Todi";31;74;7;0;0;;;;81;59;20;1;0;;;;80;161
"054052";"Todi";32;73;22;0;0;;;;95;41;32;0;0;;;;73;168
"054052";"Todi";33;56;13;0;0;;;;69;50;33;1;1;;;;85;154
"054052";"Todi";34;69;22;2;0;;;;93;32;27;2;0;;;;61;154
"054052";"Todi";35;61;24;1;0;;;;86;44;43;1;0;;;;88;174
"054052";"Todi";36;45;20;1;0;;;;66;32;42;2;0;;;;76;142
"054052";"Todi";37;53;24;1;0;;;;78;42;40;1;0;;;;83;161
"054052";"Todi";38;58;34;3;0;;;;95;31;30;5;0;;;;66;161
"054052";"Todi";39;41;38;2;0;;;;81;26;44;3;0;;;;73;154
"054052";"Todi";40;33;34;1;0;;;;68;33;45;6;0;;;;84;152
"054052";"Todi";41;35;52;4;0;;;;91;24;57;5;0;;;;86;177
"054052";"Todi";42;36;51;0;0;;;;87;28;50;3;0;;;;81;168
"054052";"Todi";43;48;46;4;0;;;;98;29;53;3;1;;;;86;184
"054052";"Todi";44;43;51;3;0;;;;97;23;42;8;0;;;;73;170
"054052";"Todi";45;37;62;3;0;;;;102;23;49;2;2;;;;76;178
"054052";"Todi";46;33;49;3;0;;;;85;32;77;6;0;;;;115;200
"054052";"Todi";47;33;50;5;2;;;;90;23;82;8;2;;;;115;205
"054052";"Todi";48;35;67;5;0;;;;107;14;83;11;1;;;;109;216
"054052";"Todi";49;35;58;6;0;;;;99;26;90;6;0;;;;122;221
"054052";"Todi";50;39;62;4;1;;;;106;27;66;5;4;;;;102;208
"054052";"Todi";51;29;64;8;2;;;;103;27;70;11;1;;;;109;212
"054052";"Todi";52;31;89;7;1;;;;128;20;84;6;6;;;;116;244
"054052";"Todi";53;34;64;6;0;;;;104;29;93;13;2;;;;137;241
"054052";"Todi";54;23;89;12;3;;;;127;26;84;8;4;;;;122;249
"054052";"Todi";55;27;93;4;1;;;;125;13;92;8;4;;;;117;242
"054052";"Todi";56;21;68;14;3;;;;106;16;108;15;8;;;;147;253
"054052";"Todi";57;19;69;7;0;;;;95;20;80;14;4;;;;118;213
"054052";"Todi";58;24;105;2;2;;;;133;25;96;11;3;;;;135;268
"054052";"Todi";59;24;108;7;3;;;;142;17;111;11;9;;;;148;290
"054052";"Todi";60;22;116;8;2;;;;148;22;109;8;10;;;;149;297
"054052";"Todi";61;24;82;12;0;;;;118;9;95;14;9;;;;127;245
"054052";"Todi";62;19;80;10;1;;;;110;15;109;11;10;;;;145;255
"054052";"Todi";63;20;119;7;2;;;;148;12;97;5;10;;;;124;272
"054052";"Todi";64;18;100;4;2;;;;124;11;97;8;15;;;;131;255
"054052";"Todi";65;20;86;6;2;;;;114;12;78;9;15;;;;114;228
"054052";"Todi";66;11;90;8;3;;;;112;13;88;5;10;;;;116;228
"054052";"Todi";67;17;86;2;3;;;;108;8;85;4;13;;;;110;218
"054052";"Todi";68;7;66;1;1;;;;75;11;83;7;16;;;;117;192
"054052";"Todi";69;9;95;8;3;;;;115;5;76;6;12;;;;99;214
"054052";"Todi";70;5;79;8;1;;;;93;7;78;5;17;;;;107;200
"054052";"Todi";71;17;87;4;6;;;;114;7;83;4;19;;;;113;227
"054052";"Todi";72;9;79;5;5;;;;98;8;44;1;18;;;;71;169
"054052";"Todi";73;5;77;2;7;;;;91;6;78;5;19;;;;108;199
"054052";"Todi";74;3;79;6;7;;;;95;12;62;2;25;;;;101;196
"054052";"Todi";75;10;69;5;7;;;;91;0;57;5;34;;;;96;187
"054052";"Todi";76;5;73;2;9;;;;89;8;57;3;31;;;;99;188
"054052";"Todi";77;8;63;3;4;;;;78;4;45;1;32;;;;82;160
"054052";"Todi";78;5;62;2;10;;;;79;7;58;3;37;;;;105;184
"054052";"Todi";79;5;42;0;3;;;;50;8;37;4;33;;;;82;132
"054052";"Todi";80;3;61;4;8;;;;76;10;44;1;34;;;;89;165
"054052";"Todi";81;7;45;0;5;;;;57;5;38;2;47;;;;92;149
"054052";"Todi";82;5;39;3;7;;;;54;3;27;2;40;;;;72;126
"054052";"Todi";83;6;45;2;9;;;;62;6;26;3;30;;;;65;127
"054052";"Todi";84;7;63;2;9;;;;81;4;33;2;56;;;;95;176
"054052";"Todi";85;4;38;0;16;;;;58;5;28;1;63;;;;97;155
"054052";"Todi";86;4;33;4;11;;;;52;5;20;1;47;;;;73;125
"054052";"Todi";87;5;33;1;11;;;;50;7;18;1;53;;;;79;129
"054052";"Todi";88;4;28;1;15;;;;48;9;20;0;45;;;;74;122
"054052";"Todi";89;3;28;1;13;;;;45;7;11;0;42;;;;60;105
"054052";"Todi";90;5;22;0;9;;;;36;6;0;0;41;;;;47;83
"054052";"Todi";91;0;11;0;9;;;;20;1;6;0;37;;;;44;64
"054052";"Todi";92;3;14;0;7;;;;24;0;3;0;39;;;;42;66
"054052";"Todi";93;1;6;0;5;;;;12;0;3;0;25;;;;28;40
"054052";"Todi";94;0;10;0;6;;;;16;3;0;2;25;;;;30;46
"054052";"Todi";95;2;2;0;4;;;;8;0;0;0;17;;;;17;25
"054052";"Todi";96;1;1;0;3;;;;5;2;0;1;11;;;;14;19
"054052";"Todi";97;0;2;0;2;;;;4;3;0;0;8;;;;11;15
"054052";"Todi";98;0;0;0;1;;;;1;1;0;0;8;;;;9;10
"054052";"Todi";99;0;0;0;0;;;;0;1;1;0;7;;;;9;9
"054052";"Todi";100;0;1;0;1;;;;2;2;0;1;8;;;;11;13
"054052";"Todi";999;3373;3667;236;247;;;;7523;2851;3683;304;1120;;;;7958;15481
"054053";"Torgiano";0;11;0;0;0;;;;11;19;0;0;0;;;;19;30
"054053";"Torgiano";1;23;0;0;0;;;;23;25;0;0;0;;;;25;48
"054053";"Torgiano";2;23;0;0;0;;;;23;20;0;0;0;;;;20;43
"054053";"Torgiano";3;15;0;0;0;;;;15;30;0;0;0;;;;30;45
"054053";"Torgiano";4;21;0;0;0;;;;21;25;0;0;0;;;;25;46
"054053";"Torgiano";5;21;0;0;0;;;;21;12;0;0;0;;;;12;33
"054053";"Torgiano";6;32;0;0;0;;;;32;30;0;0;0;;;;30;62
"054053";"Torgiano";7;30;0;0;0;;;;30;22;0;0;0;;;;22;52
"054053";"Torgiano";8;17;0;0;0;;;;17;25;0;0;0;;;;25;42
"054053";"Torgiano";9;44;0;0;0;;;;44;25;0;0;0;;;;25;69
"054053";"Torgiano";10;35;0;0;0;;;;35;33;0;0;0;;;;33;68
"054053";"Torgiano";11;36;0;0;0;;;;36;44;0;0;0;;;;44;80
"054053";"Torgiano";12;33;0;0;0;;;;33;26;0;0;0;;;;26;59
"054053";"Torgiano";13;32;0;0;0;;;;32;32;0;0;0;;;;32;64
"054053";"Torgiano";14;46;0;0;0;;;;46;27;0;0;0;;;;27;73
"054053";"Torgiano";15;38;0;0;0;;;;38;24;0;0;0;;;;24;62
"054053";"Torgiano";16;48;0;0;0;;;;48;37;0;0;0;;;;37;85
"054053";"Torgiano";17;42;0;0;0;;;;42;36;0;0;0;;;;36;78
"054053";"Torgiano";18;30;0;0;0;;;;30;36;0;0;0;;;;36;66
"054053";"Torgiano";19;26;0;0;0;;;;26;30;0;0;0;;;;30;56
"054053";"Torgiano";20;30;0;0;0;;;;30;30;0;0;0;;;;30;60
"054053";"Torgiano";21;38;0;0;0;;;;38;26;0;0;0;;;;26;64
"054053";"Torgiano";22;33;0;0;0;;;;33;36;1;0;0;;;;37;70
"054053";"Torgiano";23;32;0;0;0;;;;32;33;0;0;0;;;;33;65
"054053";"Torgiano";24;26;1;0;0;;;;27;25;2;0;0;;;;27;54
"054053";"Torgiano";25;34;0;0;0;;;;34;23;2;0;0;;;;25;59
"054053";"Torgiano";26;29;1;0;0;;;;30;30;3;0;0;;;;33;63
"054053";"Torgiano";27;26;1;0;0;;;;27;21;4;0;0;;;;25;52
"054053";"Torgiano";28;32;2;1;0;;;;35;28;4;0;0;;;;32;67
"054053";"Torgiano";29;25;2;0;0;;;;27;27;3;0;0;;;;30;57
"054053";"Torgiano";30;27;1;0;0;;;;28;25;6;0;0;;;;31;59
"054053";"Torgiano";31;33;4;0;0;;;;37;26;7;0;0;;;;33;70
"054053";"Torgiano";32;28;6;0;0;;;;34;24;17;0;0;;;;41;75
"054053";"Torgiano";33;27;6;0;0;;;;33;22;13;0;0;;;;35;68
"054053";"Torgiano";34;22;8;0;0;;;;30;20;19;0;0;;;;39;69
"054053";"Torgiano";35;20;15;0;0;;;;35;17;9;2;0;;;;28;63
"054053";"Torgiano";36;31;15;0;0;;;;46;13;15;1;0;;;;29;75
"054053";"Torgiano";37;21;8;0;0;;;;29;14;17;0;0;;;;31;60
"054053";"Torgiano";38;12;10;1;0;;;;23;16;15;0;0;;;;31;54
"054053";"Torgiano";39;26;9;2;0;;;;37;13;12;1;0;;;;26;63
"054053";"Torgiano";40;16;14;0;0;;;;30;15;19;4;0;;;;38;68
"054053";"Torgiano";41;15;14;1;0;;;;30;12;31;4;1;;;;48;78
"054053";"Torgiano";42;16;32;1;0;;;;49;13;24;2;0;;;;39;88
"054053";"Torgiano";43;22;33;0;0;;;;55;13;22;2;0;;;;37;92
"054053";"Torgiano";44;18;17;2;0;;;;37;8;27;3;1;;;;39;76
"054053";"Torgiano";45;18;27;2;0;;;;47;13;35;2;1;;;;51;98
"054053";"Torgiano";46;11;29;0;1;;;;41;11;41;3;0;;;;55;96
"054053";"Torgiano";47;18;31;1;0;;;;50;13;37;3;0;;;;53;103
"054053";"Torgiano";48;26;42;3;0;;;;71;11;49;4;1;;;;65;136
"054053";"Torgiano";49;9;41;0;1;;;;51;17;45;0;1;;;;63;114
"054053";"Torgiano";50;19;35;2;0;;;;56;17;49;2;1;;;;69;125
"054053";"Torgiano";51;22;40;3;0;;;;65;6;37;7;0;;;;50;115
"054053";"Torgiano";52;11;41;5;0;;;;57;6;48;2;0;;;;56;113
"054053";"Torgiano";53;15;41;2;0;;;;58;18;40;4;1;;;;63;121
"054053";"Torgiano";54;8;49;1;0;;;;58;8;38;2;0;;;;48;106
"054053";"Torgiano";55;13;37;3;0;;;;53;7;46;9;3;;;;65;118
"054053";"Torgiano";56;6;28;7;1;;;;42;6;43;2;6;;;;57;99
"054053";"Torgiano";57;7;44;1;1;;;;53;7;40;6;2;;;;55;108
"054053";"Torgiano";58;5;32;7;1;;;;45;6;46;4;3;;;;59;104
"054053";"Torgiano";59;8;39;5;1;;;;53;9;28;4;4;;;;45;98
"054053";"Torgiano";60;1;45;2;0;;;;48;0;41;4;1;;;;46;94
"054053";"Torgiano";61;6;49;5;2;;;;62;3;42;4;0;;;;49;111
"054053";"Torgiano";62;2;30;2;1;;;;35;3;38;3;4;;;;48;83
"054053";"Torgiano";63;4;45;3;3;;;;55;4;35;4;5;;;;48;103
"054053";"Torgiano";64;9;40;2;0;;;;51;7;35;3;3;;;;48;99
"054053";"Torgiano";65;4;31;2;0;;;;37;2;37;2;7;;;;48;85
"054053";"Torgiano";66;3;34;1;0;;;;38;4;33;1;6;;;;44;82
"054053";"Torgiano";67;1;45;2;3;;;;51;3;33;4;2;;;;42;93
"054053";"Torgiano";68;1;40;3;2;;;;46;1;26;0;3;;;;30;76
"054053";"Torgiano";69;4;27;1;1;;;;33;2;24;2;7;;;;35;68
"054053";"Torgiano";70;2;21;2;2;;;;27;5;35;2;7;;;;49;76
"054053";"Torgiano";71;1;32;5;2;;;;40;1;35;0;5;;;;41;81
"054053";"Torgiano";72;3;26;2;1;;;;32;4;21;2;9;;;;36;68
"054053";"Torgiano";73;4;25;1;3;;;;33;3;27;2;13;;;;45;78
"054053";"Torgiano";74;4;25;0;1;;;;30;2;13;1;19;;;;35;65
"054053";"Torgiano";75;3;24;1;4;;;;32;1;27;1;8;;;;37;69
"054053";"Torgiano";76;0;23;1;2;;;;26;1;28;2;13;;;;44;70
"054053";"Torgiano";77;1;30;0;8;;;;39;1;21;2;13;;;;37;76
"054053";"Torgiano";78;2;26;3;3;;;;34;2;13;1;9;;;;25;59
"054053";"Torgiano";79;3;20;0;1;;;;24;0;9;1;8;;;;18;42
"054053";"Torgiano";80;3;20;0;2;;;;25;1;16;0;12;;;;29;54
"054053";"Torgiano";81;3;28;1;3;;;;35;1;10;0;18;;;;29;64
"054053";"Torgiano";82;2;15;0;2;;;;19;0;11;1;19;;;;31;50
"054053";"Torgiano";83;0;14;1;3;;;;18;1;8;0;17;;;;26;44
"054053";"Torgiano";84;1;8;0;8;;;;17;2;8;0;13;;;;23;40
"054053";"Torgiano";85;0;13;0;5;;;;18;2;7;0;18;;;;27;45
"054053";"Torgiano";86;1;14;0;3;;;;18;0;6;0;17;;;;23;41
"054053";"Torgiano";87;0;8;0;4;;;;12;0;6;0;15;;;;21;33
"054053";"Torgiano";88;0;4;0;5;;;;9;0;2;0;15;;;;17;26
"054053";"Torgiano";89;0;5;0;2;;;;7;0;4;0;9;;;;13;20
"054053";"Torgiano";90;0;5;0;1;;;;6;1;3;0;14;;;;18;24
"054053";"Torgiano";91;1;6;0;1;;;;8;0;2;0;7;;;;9;17
"054053";"Torgiano";92;0;8;0;1;;;;9;0;1;0;8;;;;9;18
"054053";"Torgiano";93;0;2;0;0;;;;2;0;0;0;4;;;;4;6
"054053";"Torgiano";94;0;3;0;1;;;;4;0;0;0;11;;;;11;15
"054053";"Torgiano";95;0;1;0;0;;;;1;0;0;0;6;;;;6;7
"054053";"Torgiano";96;0;0;0;1;;;;1;0;0;0;6;;;;6;7
"054053";"Torgiano";97;0;0;0;0;;;;0;0;1;0;4;;;;5;5
"054053";"Torgiano";98;0;0;0;1;;;;1;0;0;0;1;;;;1;2
"054053";"Torgiano";99;0;0;0;1;;;;1;0;0;0;2;;;;2;3
"054053";"Torgiano";100;0;0;0;0;;;;0;0;1;0;1;;;;2;2
"054053";"Torgiano";999;1507;1547;90;89;;;;3233;1300;1553;115;384;;;;3352;6585
"054054";"Trevi";0;23;0;0;0;;;;23;17;0;0;0;;;;17;40
"054054";"Trevi";1;29;0;0;0;;;;29;16;0;0;0;;;;16;45
"054054";"Trevi";2;21;0;0;0;;;;21;16;0;0;0;;;;16;37
"054054";"Trevi";3;17;0;0;0;;;;17;20;0;0;0;;;;20;37
"054054";"Trevi";4;33;0;0;0;;;;33;23;0;0;0;;;;23;56
"054054";"Trevi";5;29;0;0;0;;;;29;25;0;0;0;;;;25;54
"054054";"Trevi";6;30;0;0;0;;;;30;26;0;0;0;;;;26;56
"054054";"Trevi";7;31;0;0;0;;;;31;26;0;0;0;;;;26;57
"054054";"Trevi";8;38;0;0;0;;;;38;22;0;0;0;;;;22;60
"054054";"Trevi";9;44;0;0;0;;;;44;33;0;0;0;;;;33;77
"054054";"Trevi";10;31;0;0;0;;;;31;43;0;0;0;;;;43;74
"054054";"Trevi";11;44;0;0;0;;;;44;39;0;0;0;;;;39;83
"054054";"Trevi";12;38;0;0;0;;;;38;44;0;0;0;;;;44;82
"054054";"Trevi";13;35;0;0;0;;;;35;38;0;0;0;;;;38;73
"054054";"Trevi";14;39;0;0;0;;;;39;36;0;0;0;;;;36;75
"054054";"Trevi";15;30;0;0;0;;;;30;40;0;0;0;;;;40;70
"054054";"Trevi";16;41;0;0;0;;;;41;46;0;0;0;;;;46;87
"054054";"Trevi";17;41;0;0;0;;;;41;43;0;0;0;;;;43;84
"054054";"Trevi";18;42;0;0;0;;;;42;39;1;0;0;;;;40;82
"054054";"Trevi";19;42;0;0;0;;;;42;30;0;0;0;;;;30;72
"054054";"Trevi";20;52;0;0;0;;;;52;34;0;0;0;;;;34;86
"054054";"Trevi";21;35;0;0;0;;;;35;25;0;0;0;;;;25;60
"054054";"Trevi";22;33;0;0;0;;;;33;34;1;0;0;;;;35;68
"054054";"Trevi";23;53;1;0;0;;;;54;43;4;0;0;;;;47;101
"054054";"Trevi";24;25;0;0;0;;;;25;33;0;0;0;;;;33;58
"054054";"Trevi";25;39;2;0;0;;;;41;30;2;0;0;;;;32;73
"054054";"Trevi";26;34;2;0;0;;;;36;27;3;0;0;;;;30;66
"054054";"Trevi";27;38;1;0;0;;;;39;27;4;0;0;;;;31;70
"054054";"Trevi";28;24;0;0;0;;;;24;22;7;1;0;;;;30;54
"054054";"Trevi";29;26;2;0;0;;;;28;20;10;1;0;;;;31;59
"054054";"Trevi";30;41;5;0;0;;;;46;29;11;0;0;;;;40;86
"054054";"Trevi";31;30;10;0;0;;;;40;20;14;0;0;;;;34;74
"054054";"Trevi";32;30;4;1;0;;;;35;27;11;1;0;;;;39;74
"054054";"Trevi";33;29;12;0;0;;;;41;21;13;1;0;;;;35;76
"054054";"Trevi";34;35;9;0;0;;;;44;24;25;0;0;;;;49;93
"054054";"Trevi";35;26;14;0;0;;;;40;28;17;2;0;;;;47;87
"054054";"Trevi";36;25;16;0;1;;;;42;22;22;1;0;;;;45;87
"054054";"Trevi";37;42;16;0;0;;;;58;12;18;2;1;;;;33;91
"054054";"Trevi";38;28;18;0;0;;;;46;16;19;3;0;;;;38;84
"054054";"Trevi";39;23;17;0;0;;;;40;17;25;0;0;;;;42;82
"054054";"Trevi";40;29;21;1;0;;;;51;21;24;0;0;;;;45;96
"054054";"Trevi";41;20;22;1;0;;;;43;16;31;3;1;;;;51;94
"054054";"Trevi";42;39;20;2;1;;;;62;15;22;5;0;;;;42;104
"054054";"Trevi";43;23;18;1;0;;;;42;12;24;2;1;;;;39;81
"054054";"Trevi";44;20;28;1;0;;;;49;19;31;2;0;;;;52;101
"054054";"Trevi";45;22;24;3;0;;;;49;16;30;5;0;;;;51;100
"054054";"Trevi";46;23;32;0;0;;;;55;16;30;1;0;;;;47;102
"054054";"Trevi";47;10;25;2;1;;;;38;9;37;4;0;;;;50;88
"054054";"Trevi";48;26;24;4;0;;;;54;12;37;1;5;;;;55;109
"054054";"Trevi";49;26;35;3;0;;;;64;17;44;9;0;;;;70;134
"054054";"Trevi";50;25;40;7;0;;;;72;9;39;7;2;;;;57;129
"054054";"Trevi";51;21;28;3;0;;;;52;17;47;5;0;;;;69;121
"054054";"Trevi";52;14;32;6;0;;;;52;17;48;3;2;;;;70;122
"054054";"Trevi";53;13;49;7;1;;;;70;15;42;10;0;;;;67;137
"054054";"Trevi";54;15;32;5;0;;;;52;13;44;6;1;;;;64;116
"054054";"Trevi";55;15;46;7;1;;;;69;6;50;2;2;;;;60;129
"054054";"Trevi";56;8;39;6;0;;;;53;9;49;7;4;;;;69;122
"054054";"Trevi";57;11;52;5;0;;;;68;15;48;11;3;;;;77;145
"054054";"Trevi";58;12;46;4;0;;;;62;11;48;7;0;;;;66;128
"054054";"Trevi";59;10;45;4;2;;;;61;6;46;4;3;;;;59;120
"054054";"Trevi";60;8;49;6;0;;;;63;14;45;6;3;;;;68;131
"054054";"Trevi";61;6;46;4;0;;;;56;11;47;4;3;;;;65;121
"054054";"Trevi";62;12;54;5;0;;;;71;5;45;4;8;;;;62;133
"054054";"Trevi";63;7;42;4;2;;;;55;6;47;2;3;;;;58;113
"054054";"Trevi";64;3;49;5;0;;;;57;4;44;4;8;;;;60;117
"054054";"Trevi";65;7;39;5;1;;;;52;6;48;4;4;;;;62;114
"054054";"Trevi";66;7;43;2;2;;;;54;6;37;5;5;;;;53;107
"054054";"Trevi";67;4;49;4;3;;;;60;5;37;5;19;;;;66;126
"054054";"Trevi";68;6;42;4;1;;;;53;2;35;3;6;;;;46;99
"054054";"Trevi";69;3;27;3;0;;;;33;3;29;2;7;;;;41;74
"054054";"Trevi";70;7;38;5;1;;;;51;5;25;3;12;;;;45;96
"054054";"Trevi";71;6;37;3;1;;;;47;1;40;1;11;;;;53;100
"054054";"Trevi";72;1;40;2;2;;;;45;4;32;1;7;;;;44;89
"054054";"Trevi";73;3;43;0;0;;;;46;1;29;1;13;;;;44;90
"054054";"Trevi";74;1;30;1;3;;;;35;5;51;2;19;;;;77;112
"054054";"Trevi";75;5;42;0;3;;;;50;1;26;3;13;;;;43;93
"054054";"Trevi";76;1;40;0;5;;;;46;3;37;1;16;;;;57;103
"054054";"Trevi";77;4;38;0;4;;;;46;3;26;0;14;;;;43;89
"054054";"Trevi";78;1;27;1;6;;;;35;5;23;0;22;;;;50;85
"054054";"Trevi";79;2;39;1;5;;;;47;4;26;1;21;;;;52;99
"054054";"Trevi";80;2;19;0;5;;;;26;2;13;1;21;;;;37;63
"054054";"Trevi";81;3;36;0;5;;;;44;2;18;1;20;;;;41;85
"054054";"Trevi";82;2;17;0;6;;;;25;1;15;0;24;;;;40;65
"054054";"Trevi";83;1;16;1;5;;;;23;3;14;0;21;;;;38;61
"054054";"Trevi";84;0;20;1;4;;;;25;2;9;2;21;;;;34;59
"054054";"Trevi";85;1;13;0;3;;;;17;4;10;0;25;;;;39;56
"054054";"Trevi";86;1;18;1;5;;;;25;1;4;0;30;;;;35;60
"054054";"Trevi";87;1;15;0;5;;;;21;3;8;0;25;;;;36;57
"054054";"Trevi";88;0;12;0;2;;;;14;1;2;0;16;;;;19;33
"054054";"Trevi";89;0;10;2;7;;;;19;2;3;0;26;;;;31;50
"054054";"Trevi";90;0;8;1;5;;;;14;0;3;0;13;;;;16;30
"054054";"Trevi";91;0;5;0;3;;;;8;0;2;0;14;;;;16;24
"054054";"Trevi";92;0;1;0;3;;;;4;1;1;0;12;;;;14;18
"054054";"Trevi";93;0;3;0;4;;;;7;0;1;0;12;;;;13;20
"054054";"Trevi";94;1;0;0;2;;;;3;0;0;0;9;;;;9;12
"054054";"Trevi";95;0;2;0;1;;;;3;0;0;0;4;;;;4;7
"054054";"Trevi";96;0;3;0;0;;;;3;0;0;0;9;;;;9;12
"054054";"Trevi";97;0;0;0;2;;;;2;1;0;0;2;;;;3;5
"054054";"Trevi";98;0;0;0;0;;;;0;0;0;0;5;;;;5;5
"054054";"Trevi";99;0;0;0;1;;;;1;0;0;0;1;;;;1;2
"054054";"Trevi";100;0;1;0;0;;;;1;1;0;0;2;;;;3;4
"054054";"Trevi";999;1834;1800;134;114;;;;3882;1522;1810;162;551;;;;4045;7927
"054055";"Tuoro sul Trasimeno";0;13;0;0;0;;;;13;10;0;0;0;;;;10;23
"054055";"Tuoro sul Trasimeno";1;13;0;0;0;;;;13;10;0;0;0;;;;10;23
"054055";"Tuoro sul Trasimeno";2;9;0;0;0;;;;9;11;0;0;0;;;;11;20
"054055";"Tuoro sul Trasimeno";3;7;0;0;0;;;;7;14;0;0;0;;;;14;21
"054055";"Tuoro sul Trasimeno";4;11;0;0;0;;;;11;12;0;0;0;;;;12;23
"054055";"Tuoro sul Trasimeno";5;10;0;0;0;;;;10;9;0;0;0;;;;9;19
"054055";"Tuoro sul Trasimeno";6;8;0;0;0;;;;8;11;0;0;0;;;;11;19
"054055";"Tuoro sul Trasimeno";7;12;0;0;0;;;;12;9;0;0;0;;;;9;21
"054055";"Tuoro sul Trasimeno";8;16;0;0;0;;;;16;18;0;0;0;;;;18;34
"054055";"Tuoro sul Trasimeno";9;20;0;0;0;;;;20;7;0;0;0;;;;7;27
"054055";"Tuoro sul Trasimeno";10;6;0;0;0;;;;6;17;0;0;0;;;;17;23
"054055";"Tuoro sul Trasimeno";11;16;0;0;0;;;;16;10;0;0;0;;;;10;26
"054055";"Tuoro sul Trasimeno";12;14;0;0;0;;;;14;16;0;0;0;;;;16;30
"054055";"Tuoro sul Trasimeno";13;21;0;0;0;;;;21;14;0;0;0;;;;14;35
"054055";"Tuoro sul Trasimeno";14;19;0;0;0;;;;19;14;0;0;0;;;;14;33
"054055";"Tuoro sul Trasimeno";15;19;0;0;0;;;;19;7;0;0;0;;;;7;26
"054055";"Tuoro sul Trasimeno";16;15;0;0;0;;;;15;15;0;0;0;;;;15;30
"054055";"Tuoro sul Trasimeno";17;17;0;0;0;;;;17;17;0;0;0;;;;17;34
"054055";"Tuoro sul Trasimeno";18;24;0;0;0;;;;24;21;0;0;0;;;;21;45
"054055";"Tuoro sul Trasimeno";19;16;0;0;0;;;;16;24;0;0;0;;;;24;40
"054055";"Tuoro sul Trasimeno";20;18;0;0;0;;;;18;11;0;0;0;;;;11;29
"054055";"Tuoro sul Trasimeno";21;19;0;0;0;;;;19;11;0;0;0;;;;11;30
"054055";"Tuoro sul Trasimeno";22;18;0;0;0;;;;18;20;1;0;0;;;;21;39
"054055";"Tuoro sul Trasimeno";23;20;0;0;0;;;;20;18;0;0;0;;;;18;38
"054055";"Tuoro sul Trasimeno";24;21;0;0;0;;;;21;17;1;0;0;;;;18;39
"054055";"Tuoro sul Trasimeno";25;17;0;0;0;;;;17;18;1;0;0;;;;19;36
"054055";"Tuoro sul Trasimeno";26;22;2;0;0;;;;24;16;5;0;0;;;;21;45
"054055";"Tuoro sul Trasimeno";27;19;1;0;0;;;;20;14;1;0;0;;;;15;35
"054055";"Tuoro sul Trasimeno";28;20;1;0;0;;;;21;12;4;0;0;;;;16;37
"054055";"Tuoro sul Trasimeno";29;20;0;0;0;;;;20;21;2;0;0;;;;23;43
"054055";"Tuoro sul Trasimeno";30;16;1;0;0;;;;17;12;3;0;0;;;;15;32
"054055";"Tuoro sul Trasimeno";31;17;3;0;0;;;;20;8;4;0;0;;;;12;32
"054055";"Tuoro sul Trasimeno";32;17;6;0;0;;;;23;7;3;0;0;;;;10;33
"054055";"Tuoro sul Trasimeno";33;13;4;0;0;;;;17;12;10;0;0;;;;22;39
"054055";"Tuoro sul Trasimeno";34;12;1;0;0;;;;13;10;6;1;0;;;;17;30
"054055";"Tuoro sul Trasimeno";35;14;7;0;0;;;;21;11;6;0;0;;;;17;38
"054055";"Tuoro sul Trasimeno";36;12;4;1;0;;;;17;9;4;1;0;;;;14;31
"054055";"Tuoro sul Trasimeno";37;13;6;0;0;;;;19;10;10;0;0;;;;20;39
"054055";"Tuoro sul Trasimeno";38;15;5;0;0;;;;20;8;10;0;0;;;;18;38
"054055";"Tuoro sul Trasimeno";39;9;10;0;0;;;;19;14;9;2;0;;;;25;44
"054055";"Tuoro sul Trasimeno";40;13;9;0;0;;;;22;9;12;2;0;;;;23;45
"054055";"Tuoro sul Trasimeno";41;14;3;1;0;;;;18;1;7;2;0;;;;10;28
"054055";"Tuoro sul Trasimeno";42;8;11;0;0;;;;19;9;12;1;0;;;;22;41
"054055";"Tuoro sul Trasimeno";43;13;14;3;0;;;;30;11;18;0;0;;;;29;59
"054055";"Tuoro sul Trasimeno";44;15;13;1;0;;;;29;5;16;1;0;;;;22;51
"054055";"Tuoro sul Trasimeno";45;12;13;1;0;;;;26;8;13;2;0;;;;23;49
"054055";"Tuoro sul Trasimeno";46;10;10;0;0;;;;20;14;16;2;0;;;;32;52
"054055";"Tuoro sul Trasimeno";47;11;17;0;0;;;;28;10;18;0;0;;;;28;56
"054055";"Tuoro sul Trasimeno";48;11;20;3;0;;;;34;4;17;0;1;;;;22;56
"054055";"Tuoro sul Trasimeno";49;12;24;1;0;;;;37;9;19;1;0;;;;29;66
"054055";"Tuoro sul Trasimeno";50;14;16;4;0;;;;34;6;22;2;1;;;;31;65
"054055";"Tuoro sul Trasimeno";51;11;18;2;0;;;;31;6;21;2;0;;;;29;60
"054055";"Tuoro sul Trasimeno";52;12;17;1;0;;;;30;4;21;4;0;;;;29;59
"054055";"Tuoro sul Trasimeno";53;8;24;1;0;;;;33;3;29;3;1;;;;36;69
"054055";"Tuoro sul Trasimeno";54;3;13;2;0;;;;18;7;16;1;3;;;;27;45
"054055";"Tuoro sul Trasimeno";55;8;29;3;0;;;;40;4;23;4;1;;;;32;72
"054055";"Tuoro sul Trasimeno";56;5;19;4;0;;;;28;7;25;3;0;;;;35;63
"054055";"Tuoro sul Trasimeno";57;7;20;5;0;;;;32;5;31;5;2;;;;43;75
"054055";"Tuoro sul Trasimeno";58;6;17;2;0;;;;25;5;18;4;0;;;;27;52
"054055";"Tuoro sul Trasimeno";59;8;24;3;0;;;;35;5;16;2;3;;;;26;61
"054055";"Tuoro sul Trasimeno";60;6;27;3;0;;;;36;7;21;5;4;;;;37;73
"054055";"Tuoro sul Trasimeno";61;2;23;3;0;;;;28;3;28;3;1;;;;35;63
"054055";"Tuoro sul Trasimeno";62;2;21;3;1;;;;27;1;29;2;1;;;;33;60
"054055";"Tuoro sul Trasimeno";63;5;23;0;1;;;;29;3;25;3;2;;;;33;62
"054055";"Tuoro sul Trasimeno";64;3;23;2;0;;;;28;3;25;2;2;;;;32;60
"054055";"Tuoro sul Trasimeno";65;6;19;5;0;;;;30;2;13;4;2;;;;21;51
"054055";"Tuoro sul Trasimeno";66;6;23;3;0;;;;32;0;17;0;2;;;;19;51
"054055";"Tuoro sul Trasimeno";67;7;13;1;1;;;;22;5;18;1;4;;;;28;50
"054055";"Tuoro sul Trasimeno";68;1;18;0;0;;;;19;5;13;3;7;;;;28;47
"054055";"Tuoro sul Trasimeno";69;3;14;1;0;;;;18;0;27;0;1;;;;28;46
"054055";"Tuoro sul Trasimeno";70;3;16;0;2;;;;21;2;15;0;6;;;;23;44
"054055";"Tuoro sul Trasimeno";71;1;20;0;1;;;;22;1;23;0;5;;;;29;51
"054055";"Tuoro sul Trasimeno";72;1;15;1;1;;;;18;1;14;2;2;;;;19;37
"054055";"Tuoro sul Trasimeno";73;5;19;0;0;;;;24;2;17;2;5;;;;26;50
"054055";"Tuoro sul Trasimeno";74;3;24;3;2;;;;32;1;12;0;4;;;;17;49
"054055";"Tuoro sul Trasimeno";75;1;26;2;4;;;;33;1;24;2;8;;;;35;68
"054055";"Tuoro sul Trasimeno";76;2;12;0;1;;;;15;4;23;1;14;;;;42;57
"054055";"Tuoro sul Trasimeno";77;1;19;0;3;;;;23;2;9;0;10;;;;21;44
"054055";"Tuoro sul Trasimeno";78;2;13;0;2;;;;17;2;10;0;5;;;;17;34
"054055";"Tuoro sul Trasimeno";79;1;7;1;1;;;;10;0;7;0;15;;;;22;32
"054055";"Tuoro sul Trasimeno";80;2;21;0;2;;;;25;0;8;1;9;;;;18;43
"054055";"Tuoro sul Trasimeno";81;0;14;0;3;;;;17;1;3;0;4;;;;8;25
"054055";"Tuoro sul Trasimeno";82;1;12;0;1;;;;14;1;7;1;9;;;;18;32
"054055";"Tuoro sul Trasimeno";83;0;15;0;1;;;;16;0;2;0;12;;;;14;30
"054055";"Tuoro sul Trasimeno";84;1;8;0;2;;;;11;1;6;1;15;;;;23;34
"054055";"Tuoro sul Trasimeno";85;0;10;0;2;;;;12;0;3;1;13;;;;17;29
"054055";"Tuoro sul Trasimeno";86;1;8;0;0;;;;9;0;4;0;16;;;;20;29
"054055";"Tuoro sul Trasimeno";87;0;5;0;2;;;;7;0;3;0;11;;;;14;21
"054055";"Tuoro sul Trasimeno";88;1;2;0;0;;;;3;0;1;0;13;;;;14;17
"054055";"Tuoro sul Trasimeno";89;0;5;0;1;;;;6;0;3;0;13;;;;16;22
"054055";"Tuoro sul Trasimeno";90;0;1;0;2;;;;3;1;0;0;6;;;;7;10
"054055";"Tuoro sul Trasimeno";91;0;4;0;1;;;;5;0;0;0;4;;;;4;9
"054055";"Tuoro sul Trasimeno";92;0;2;0;3;;;;5;0;1;0;9;;;;10;15
"054055";"Tuoro sul Trasimeno";93;0;1;0;2;;;;3;0;0;0;4;;;;4;7
"054055";"Tuoro sul Trasimeno";94;0;2;0;0;;;;2;0;0;0;1;;;;1;3
"054055";"Tuoro sul Trasimeno";95;0;0;0;0;;;;0;0;0;0;6;;;;6;6
"054055";"Tuoro sul Trasimeno";96;0;1;0;0;;;;1;0;0;0;3;;;;3;4
"054055";"Tuoro sul Trasimeno";97;1;0;0;0;;;;1;0;0;0;5;;;;5;6
"054055";"Tuoro sul Trasimeno";98;0;0;0;0;;;;0;0;0;1;2;;;;3;3
"054055";"Tuoro sul Trasimeno";99;0;0;0;0;;;;0;0;0;0;1;;;;1;1
"054055";"Tuoro sul Trasimeno";100;0;0;0;0;;;;0;0;0;0;1;;;;1;1
"054055";"Tuoro sul Trasimeno";999;887;868;66;42;;;;1863;706;861;80;269;;;;1916;3779
"054056";"Umbertide";0;61;0;0;0;;;;61;57;0;0;0;;;;57;118
"054056";"Umbertide";1;57;0;0;0;;;;57;58;0;0;0;;;;58;115
"054056";"Umbertide";2;57;0;0;0;;;;57;63;0;0;0;;;;63;120
"054056";"Umbertide";3;69;0;0;0;;;;69;66;0;0;0;;;;66;135
"054056";"Umbertide";4;63;0;0;0;;;;63;60;0;0;0;;;;60;123
"054056";"Umbertide";5;65;0;0;0;;;;65;72;0;0;0;;;;72;137
"054056";"Umbertide";6;79;0;0;0;;;;79;70;0;0;0;;;;70;149
"054056";"Umbertide";7;69;0;0;0;;;;69;69;0;0;0;;;;69;138
"054056";"Umbertide";8;75;0;0;0;;;;75;59;0;0;0;;;;59;134
"054056";"Umbertide";9;74;0;0;0;;;;74;78;0;0;0;;;;78;152
"054056";"Umbertide";10;98;0;0;0;;;;98;73;0;0;0;;;;73;171
"054056";"Umbertide";11;89;0;0;0;;;;89;80;0;0;0;;;;80;169
"054056";"Umbertide";12;67;0;0;0;;;;67;80;0;0;0;;;;80;147
"054056";"Umbertide";13;90;0;0;0;;;;90;71;0;0;0;;;;71;161
"054056";"Umbertide";14;76;0;0;0;;;;76;77;0;0;0;;;;77;153
"054056";"Umbertide";15;76;0;0;0;;;;76;83;0;0;0;;;;83;159
"054056";"Umbertide";16;77;0;0;0;;;;77;103;0;0;0;;;;103;180
"054056";"Umbertide";17;84;0;0;0;;;;84;79;0;0;0;;;;79;163
"054056";"Umbertide";18;95;0;0;0;;;;95;68;0;0;0;;;;68;163
"054056";"Umbertide";19;69;0;0;0;;;;69;75;1;0;0;;;;76;145
"054056";"Umbertide";20;79;0;0;0;;;;79;84;1;0;0;;;;85;164
"054056";"Umbertide";21;91;0;0;0;;;;91;75;2;0;0;;;;77;168
"054056";"Umbertide";22;80;0;0;0;;;;80;60;4;1;0;;;;65;145
"054056";"Umbertide";23;66;1;0;0;;;;67;65;5;0;0;;;;70;137
"054056";"Umbertide";24;63;2;0;0;;;;65;67;8;0;0;;;;75;140
"054056";"Umbertide";25;63;0;0;0;;;;63;58;10;0;0;;;;68;131
"054056";"Umbertide";26;76;5;0;0;;;;81;59;7;0;0;;;;66;147
"054056";"Umbertide";27;79;6;0;0;;;;85;59;15;0;0;;;;74;159
"054056";"Umbertide";28;69;8;0;0;;;;77;68;26;0;0;;;;94;171
"054056";"Umbertide";29;56;11;0;0;;;;67;67;24;0;0;;;;91;158
"054056";"Umbertide";30;64;12;0;0;;;;76;55;25;0;0;;;;80;156
"054056";"Umbertide";31;60;12;0;0;;;;72;49;20;0;1;;;;70;142
"054056";"Umbertide";32;87;12;0;0;;;;99;41;25;1;0;;;;67;166
"054056";"Umbertide";33;69;23;1;0;;;;93;40;30;1;0;;;;71;164
"054056";"Umbertide";34;71;23;1;0;;;;95;43;56;0;0;;;;99;194
"054056";"Umbertide";35;72;29;0;0;;;;101;41;43;2;0;;;;86;187
"054056";"Umbertide";36;60;25;0;0;;;;85;52;54;0;1;;;;107;192
"054056";"Umbertide";37;52;41;1;0;;;;94;41;51;2;0;;;;94;188
"054056";"Umbertide";38;50;41;2;0;;;;93;24;58;3;1;;;;86;179
"054056";"Umbertide";39;50;46;1;0;;;;97;36;63;2;1;;;;102;199
"054056";"Umbertide";40;43;44;3;0;;;;90;28;50;3;0;;;;81;171
"054056";"Umbertide";41;47;55;2;0;;;;104;36;57;3;1;;;;97;201
"054056";"Umbertide";42;53;61;6;1;;;;121;33;56;5;0;;;;94;215
"054056";"Umbertide";43;47;56;3;0;;;;106;40;78;6;2;;;;126;232
"054056";"Umbertide";44;40;64;2;0;;;;106;34;69;5;1;;;;109;215
"054056";"Umbertide";45;54;77;5;0;;;;136;30;78;6;3;;;;117;253
"054056";"Umbertide";46;40;74;5;0;;;;119;28;68;5;2;;;;103;222
"054056";"Umbertide";47;39;73;8;0;;;;120;26;91;8;1;;;;126;246
"054056";"Umbertide";48;40;68;1;0;;;;109;26;93;8;1;;;;128;237
"054056";"Umbertide";49;40;88;5;1;;;;134;27;85;13;1;;;;126;260
"054056";"Umbertide";50;33;99;7;0;;;;139;17;101;8;1;;;;127;266
"054056";"Umbertide";51;40;82;9;0;;;;131;19;103;12;5;;;;139;270
"054056";"Umbertide";52;28;80;5;0;;;;113;19;84;7;4;;;;114;227
"054056";"Umbertide";53;29;91;9;1;;;;130;16;96;2;3;;;;117;247
"054056";"Umbertide";54;31;80;10;1;;;;122;16;77;6;4;;;;103;225
"054056";"Umbertide";55;23;73;10;2;;;;108;21;90;7;2;;;;120;228
"054056";"Umbertide";56;21;108;5;0;;;;134;16;95;16;2;;;;129;263
"054056";"Umbertide";57;21;90;6;2;;;;119;16;82;8;0;;;;106;225
"054056";"Umbertide";58;25;109;6;2;;;;142;15;95;7;5;;;;122;264
"054056";"Umbertide";59;24;91;4;2;;;;121;15;93;6;6;;;;120;241
"054056";"Umbertide";60;20;110;6;0;;;;136;10;97;12;12;;;;131;267
"054056";"Umbertide";61;9;86;6;2;;;;103;17;91;9;14;;;;131;234
"054056";"Umbertide";62;19;76;7;6;;;;108;8;97;8;14;;;;127;235
"054056";"Umbertide";63;17;93;10;0;;;;120;11;85;10;8;;;;114;234
"054056";"Umbertide";64;19;85;3;3;;;;110;3;80;8;11;;;;102;212
"054056";"Umbertide";65;15;81;6;2;;;;104;9;84;7;16;;;;116;220
"054056";"Umbertide";66;12;69;3;1;;;;85;5;86;3;15;;;;109;194
"054056";"Umbertide";67;9;66;5;3;;;;83;7;69;2;27;;;;105;188
"054056";"Umbertide";68;9;90;1;4;;;;104;6;64;8;18;;;;96;200
"054056";"Umbertide";69;8;83;1;2;;;;94;7;73;4;22;;;;106;200
"054056";"Umbertide";70;7;62;0;3;;;;72;3;78;5;21;;;;107;179
"054056";"Umbertide";71;14;83;0;11;;;;108;4;60;3;26;;;;93;201
"054056";"Umbertide";72;3;72;5;8;;;;88;8;66;3;24;;;;101;189
"054056";"Umbertide";73;9;59;3;6;;;;77;3;61;2;14;;;;80;157
"054056";"Umbertide";74;6;86;3;6;;;;101;4;66;1;31;;;;102;203
"054056";"Umbertide";75;5;69;2;9;;;;85;7;60;7;27;;;;101;186
"054056";"Umbertide";76;9;76;3;4;;;;92;4;49;3;40;;;;96;188
"054056";"Umbertide";77;9;48;5;7;;;;69;0;50;3;40;;;;93;162
"054056";"Umbertide";78;3;76;0;11;;;;90;2;45;4;35;;;;86;176
"054056";"Umbertide";79;4;42;0;2;;;;48;4;24;3;26;;;;57;105
"054056";"Umbertide";80;8;41;2;4;;;;55;5;36;1;27;;;;69;124
"054056";"Umbertide";81;6;48;0;9;;;;63;3;40;1;48;;;;92;155
"054056";"Umbertide";82;4;34;0;3;;;;41;2;17;0;27;;;;46;87
"054056";"Umbertide";83;1;40;0;14;;;;55;4;15;1;34;;;;54;109
"054056";"Umbertide";84;0;31;1;13;;;;45;3;20;0;50;;;;73;118
"054056";"Umbertide";85;2;43;0;9;;;;54;1;19;2;52;;;;74;128
"054056";"Umbertide";86;4;30;0;8;;;;42;0;15;1;51;;;;67;109
"054056";"Umbertide";87;1;25;2;9;;;;37;0;17;0;42;;;;59;96
"054056";"Umbertide";88;2;13;1;6;;;;22;2;6;0;45;;;;53;75
"054056";"Umbertide";89;1;17;1;3;;;;22;1;7;0;45;;;;53;75
"054056";"Umbertide";90;1;18;0;3;;;;22;1;3;0;39;;;;43;65
"054056";"Umbertide";91;2;11;0;8;;;;21;1;1;0;44;;;;46;67
"054056";"Umbertide";92;1;2;0;8;;;;11;1;1;0;27;;;;29;40
"054056";"Umbertide";93;0;5;1;4;;;;10;1;1;0;19;;;;21;31
"054056";"Umbertide";94;0;2;0;7;;;;9;0;0;0;15;;;;15;24
"054056";"Umbertide";95;0;2;0;0;;;;2;0;1;0;14;;;;15;17
"054056";"Umbertide";96;1;2;0;2;;;;5;0;0;0;18;;;;18;23
"054056";"Umbertide";97;0;3;0;2;;;;5;0;0;0;6;;;;6;11
"054056";"Umbertide";98;0;0;0;0;;;;0;0;0;0;6;;;;6;6
"054056";"Umbertide";99;0;0;0;0;;;;0;0;0;0;6;;;;6;6
"054056";"Umbertide";100;0;1;0;0;;;;1;0;0;0;8;;;;8;9
"054056";"Umbertide";999;3805;3740;194;214;;;;7953;3150;3753;264;1112;;;;8279;16232
"054057";"Valfabbrica";0;7;0;0;0;;;;7;14;0;0;0;;;;14;21
"054057";"Valfabbrica";1;8;0;0;0;;;;8;10;0;0;0;;;;10;18
"054057";"Valfabbrica";2;6;0;0;0;;;;6;12;0;0;0;;;;12;18
"054057";"Valfabbrica";3;10;0;0;0;;;;10;13;0;0;0;;;;13;23
"054057";"Valfabbrica";4;10;0;0;0;;;;10;10;0;0;0;;;;10;20
"054057";"Valfabbrica";5;9;0;0;0;;;;9;11;0;0;0;;;;11;20
"054057";"Valfabbrica";6;14;0;0;0;;;;14;8;0;0;0;;;;8;22
"054057";"Valfabbrica";7;12;0;0;0;;;;12;9;0;0;0;;;;9;21
"054057";"Valfabbrica";8;8;0;0;0;;;;8;12;0;0;0;;;;12;20
"054057";"Valfabbrica";9;11;0;0;0;;;;11;10;0;0;0;;;;10;21
"054057";"Valfabbrica";10;13;0;0;0;;;;13;22;0;0;0;;;;22;35
"054057";"Valfabbrica";11;18;0;0;0;;;;18;20;0;0;0;;;;20;38
"054057";"Valfabbrica";12;12;0;0;0;;;;12;13;0;0;0;;;;13;25
"054057";"Valfabbrica";13;11;0;0;0;;;;11;18;0;0;0;;;;18;29
"054057";"Valfabbrica";14;16;0;0;0;;;;16;10;0;0;0;;;;10;26
"054057";"Valfabbrica";15;16;0;0;0;;;;16;17;0;0;0;;;;17;33
"054057";"Valfabbrica";16;9;0;0;0;;;;9;19;0;0;0;;;;19;28
"054057";"Valfabbrica";17;12;0;0;0;;;;12;14;0;0;0;;;;14;26
"054057";"Valfabbrica";18;21;0;0;0;;;;21;13;0;0;0;;;;13;34
"054057";"Valfabbrica";19;12;0;0;0;;;;12;15;0;0;0;;;;15;27
"054057";"Valfabbrica";20;12;0;0;0;;;;12;17;0;0;0;;;;17;29
"054057";"Valfabbrica";21;16;0;0;0;;;;16;13;0;0;0;;;;13;29
"054057";"Valfabbrica";22;12;0;0;0;;;;12;14;0;0;0;;;;14;26
"054057";"Valfabbrica";23;15;0;0;0;;;;15;14;1;0;0;;;;15;30
"054057";"Valfabbrica";24;17;0;0;0;;;;17;18;0;0;0;;;;18;35
"054057";"Valfabbrica";25;20;2;0;0;;;;22;18;2;0;0;;;;20;42
"054057";"Valfabbrica";26;15;0;0;0;;;;15;6;1;0;0;;;;7;22
"054057";"Valfabbrica";27;8;2;0;0;;;;10;12;0;0;0;;;;12;22
"054057";"Valfabbrica";28;12;0;0;0;;;;12;9;2;0;0;;;;11;23
"054057";"Valfabbrica";29;12;0;0;0;;;;12;7;2;0;0;;;;9;21
"054057";"Valfabbrica";30;10;2;0;0;;;;12;9;7;0;0;;;;16;28
"054057";"Valfabbrica";31;15;3;0;0;;;;18;9;3;0;0;;;;12;30
"054057";"Valfabbrica";32;13;2;1;0;;;;16;7;8;0;0;;;;15;31
"054057";"Valfabbrica";33;11;1;0;0;;;;12;9;5;0;0;;;;14;26
"054057";"Valfabbrica";34;15;7;0;0;;;;22;8;6;0;0;;;;14;36
"054057";"Valfabbrica";35;6;5;1;0;;;;12;11;9;1;0;;;;21;33
"054057";"Valfabbrica";36;11;7;0;0;;;;18;5;10;1;0;;;;16;34
"054057";"Valfabbrica";37;5;3;1;0;;;;9;7;11;0;0;;;;18;27
"054057";"Valfabbrica";38;7;7;0;0;;;;14;5;7;1;0;;;;13;27
"054057";"Valfabbrica";39;11;10;1;0;;;;22;7;14;0;0;;;;21;43
"054057";"Valfabbrica";40;10;7;0;1;;;;18;5;12;0;0;;;;17;35
"054057";"Valfabbrica";41;8;13;0;0;;;;21;4;17;2;0;;;;23;44
"054057";"Valfabbrica";42;14;9;0;0;;;;23;6;7;1;0;;;;14;37
"054057";"Valfabbrica";43;4;14;1;0;;;;19;3;16;0;0;;;;19;38
"054057";"Valfabbrica";44;5;11;0;1;;;;17;4;16;1;0;;;;21;38
"054057";"Valfabbrica";45;5;11;1;0;;;;17;2;14;3;0;;;;19;36
"054057";"Valfabbrica";46;5;15;0;0;;;;20;7;15;2;0;;;;24;44
"054057";"Valfabbrica";47;6;19;1;0;;;;26;3;18;1;0;;;;22;48
"054057";"Valfabbrica";48;9;16;1;0;;;;26;5;21;1;0;;;;27;53
"054057";"Valfabbrica";49;7;15;1;0;;;;23;3;16;1;1;;;;21;44
"054057";"Valfabbrica";50;9;15;0;0;;;;24;5;19;3;2;;;;29;53
"054057";"Valfabbrica";51;11;13;1;0;;;;25;3;16;0;1;;;;20;45
"054057";"Valfabbrica";52;9;12;1;0;;;;22;3;20;3;1;;;;27;49
"054057";"Valfabbrica";53;6;18;1;0;;;;25;5;17;3;1;;;;26;51
"054057";"Valfabbrica";54;3;25;3;0;;;;31;8;13;0;3;;;;24;55
"054057";"Valfabbrica";55;11;20;3;1;;;;35;2;19;2;0;;;;23;58
"054057";"Valfabbrica";56;2;28;2;1;;;;33;4;28;1;1;;;;34;67
"054057";"Valfabbrica";57;9;9;5;0;;;;23;0;21;5;1;;;;27;50
"054057";"Valfabbrica";58;5;18;2;0;;;;25;3;21;2;2;;;;28;53
"054057";"Valfabbrica";59;6;15;5;1;;;;27;3;20;0;0;;;;23;50
"054057";"Valfabbrica";60;4;20;3;1;;;;28;4;21;1;0;;;;26;54
"054057";"Valfabbrica";61;2;19;4;1;;;;26;1;23;1;2;;;;27;53
"054057";"Valfabbrica";62;4;12;0;0;;;;16;4;10;2;5;;;;21;37
"054057";"Valfabbrica";63;2;20;0;0;;;;22;1;24;0;7;;;;32;54
"054057";"Valfabbrica";64;4;16;3;1;;;;24;1;18;1;5;;;;25;49
"054057";"Valfabbrica";65;5;23;2;2;;;;32;3;20;1;6;;;;30;62
"054057";"Valfabbrica";66;0;25;2;0;;;;27;0;14;0;4;;;;18;45
"054057";"Valfabbrica";67;4;14;1;0;;;;19;2;14;0;2;;;;18;37
"054057";"Valfabbrica";68;3;19;1;1;;;;24;0;11;0;4;;;;15;39
"054057";"Valfabbrica";69;4;14;1;1;;;;20;0;19;1;1;;;;21;41
"054057";"Valfabbrica";70;3;14;1;1;;;;19;1;15;2;2;;;;20;39
"054057";"Valfabbrica";71;3;12;0;0;;;;15;1;9;3;5;;;;18;33
"054057";"Valfabbrica";72;3;14;2;1;;;;20;0;11;0;2;;;;13;33
"054057";"Valfabbrica";73;1;16;1;2;;;;20;1;12;1;6;;;;20;40
"054057";"Valfabbrica";74;3;12;0;1;;;;16;0;16;0;9;;;;25;41
"054057";"Valfabbrica";75;0;15;1;2;;;;18;1;22;2;9;;;;34;52
"054057";"Valfabbrica";76;5;21;0;0;;;;26;3;9;0;3;;;;15;41
"054057";"Valfabbrica";77;0;10;0;1;;;;11;2;9;0;8;;;;19;30
"054057";"Valfabbrica";78;1;14;0;0;;;;15;1;11;0;7;;;;19;34
"054057";"Valfabbrica";79;1;13;0;1;;;;15;1;5;0;11;;;;17;32
"054057";"Valfabbrica";80;1;10;0;3;;;;14;1;8;1;12;;;;22;36
"054057";"Valfabbrica";81;0;12;0;4;;;;16;1;10;1;7;;;;19;35
"054057";"Valfabbrica";82;0;11;0;2;;;;13;1;5;0;10;;;;16;29
"054057";"Valfabbrica";83;1;5;0;1;;;;7;0;4;0;10;;;;14;21
"054057";"Valfabbrica";84;2;8;0;2;;;;12;0;6;0;6;;;;12;24
"054057";"Valfabbrica";85;2;11;0;3;;;;16;0;8;1;8;;;;17;33
"054057";"Valfabbrica";86;0;9;0;1;;;;10;0;6;0;12;;;;18;28
"054057";"Valfabbrica";87;1;6;0;1;;;;8;1;3;0;10;;;;14;22
"054057";"Valfabbrica";88;0;10;0;1;;;;11;0;1;0;11;;;;12;23
"054057";"Valfabbrica";89;2;2;0;5;;;;9;0;4;0;5;;;;9;18
"054057";"Valfabbrica";90;1;6;0;0;;;;7;1;1;0;10;;;;12;19
"054057";"Valfabbrica";91;0;4;0;2;;;;6;0;0;0;5;;;;5;11
"054057";"Valfabbrica";92;0;2;0;0;;;;2;0;0;0;9;;;;9;11
"054057";"Valfabbrica";93;0;0;0;1;;;;1;0;0;0;5;;;;5;6
"054057";"Valfabbrica";94;0;0;0;2;;;;2;0;0;0;0;;;;0;2
"054057";"Valfabbrica";95;0;0;0;0;;;;0;0;2;0;2;;;;4;4
"054057";"Valfabbrica";96;0;0;0;0;;;;0;0;0;0;1;;;;1;1
"054057";"Valfabbrica";97;0;1;0;0;;;;1;0;0;0;2;;;;2;3
"054057";"Valfabbrica";98;0;0;0;0;;;;0;0;0;0;2;;;;2;2
"054057";"Valfabbrica";99;0;0;0;0;;;;0;0;0;0;0;;;;0;0
"054057";"Valfabbrica";100;0;1;0;0;;;;1;0;0;0;2;;;;2;3
"054057";"Valfabbrica";999;684;775;54;49;;;;1562;585;785;52;240;;;;1662;3224
"054058";"Vallo di Nera";0;1;0;0;0;;;;1;2;0;0;0;;;;2;3
"054058";"Vallo di Nera";1;0;0;0;0;;;;0;0;0;0;0;;;;0;0
"054058";"Vallo di Nera";2;0;0;0;0;;;;0;0;0;0;0;;;;0;0
"054058";"Vallo di Nera";3;0;0;0;0;;;;0;1;0;0;0;;;;1;1
"054058";"Vallo di Nera";4;1;0;0;0;;;;1;1;0;0;0;;;;1;2
"054058";"Vallo di Nera";5;0;0;0;0;;;;0;0;0;0;0;;;;0;0
"054058";"Vallo di Nera";6;1;0;0;0;;;;1;0;0;0;0;;;;0;1
"054058";"Vallo di Nera";7;0;0;0;0;;;;0;1;0;0;0;;;;1;1
"054058";"Vallo di Nera";8;1;0;0;0;;;;1;2;0;0;0;;;;2;3
"054058";"Vallo di Nera";9;0;0;0;0;;;;0;1;0;0;0;;;;1;1
"054058";"Vallo di Nera";10;0;0;0;0;;;;0;1;0;0;0;;;;1;1
"054058";"Vallo di Nera";11;3;0;0;0;;;;3;1;0;0;0;;;;1;4
"054058";"Vallo di Nera";12;3;0;0;0;;;;3;3;0;0;0;;;;3;6
"054058";"Vallo di Nera";13;2;0;0;0;;;;2;2;0;0;0;;;;2;4
"054058";"Vallo di Nera";14;1;0;0;0;;;;1;1;0;0;0;;;;1;2
"054058";"Vallo di Nera";15;2;0;0;0;;;;2;3;0;0;0;;;;3;5
"054058";"Vallo di Nera";16;4;0;0;0;;;;4;2;0;0;0;;;;2;6
"054058";"Vallo di Nera";17;1;0;0;0;;;;1;2;0;0;0;;;;2;3
"054058";"Vallo di Nera";18;3;0;0;0;;;;3;0;0;0;0;;;;0;3
"054058";"Vallo di Nera";19;0;0;0;0;;;;0;1;0;0;0;;;;1;1
"054058";"Vallo di Nera";20;2;0;0;0;;;;2;4;0;0;0;;;;4;6
"054058";"Vallo di Nera";21;0;0;0;0;;;;0;1;0;0;0;;;;1;1
"054058";"Vallo di Nera";22;0;0;0;0;;;;0;2;0;0;0;;;;2;2
"054058";"Vallo di Nera";23;3;0;0;0;;;;3;0;0;0;0;;;;0;3
"054058";"Vallo di Nera";24;0;0;0;0;;;;0;3;0;0;0;;;;3;3
"054058";"Vallo di Nera";25;3;0;0;0;;;;3;0;0;1;0;;;;1;4
"054058";"Vallo di Nera";26;2;0;0;0;;;;2;0;0;0;0;;;;0;2
"054058";"Vallo di Nera";27;1;0;0;0;;;;1;4;0;0;0;;;;4;5
"054058";"Vallo di Nera";28;2;0;0;0;;;;2;0;0;0;0;;;;0;2
"054058";"Vallo di Nera";29;3;0;0;0;;;;3;1;0;0;0;;;;1;4
"054058";"Vallo di Nera";30;0;0;0;0;;;;0;0;0;0;0;;;;0;0
"054058";"Vallo di Nera";31;1;0;0;0;;;;1;3;1;0;0;;;;4;5
"054058";"Vallo di Nera";32;3;0;0;0;;;;3;0;0;0;0;;;;0;3
"054058";"Vallo di Nera";33;0;0;0;0;;;;0;1;0;0;0;;;;1;1
"054058";"Vallo di Nera";34;0;0;0;0;;;;0;1;1;0;0;;;;2;2
"054058";"Vallo di Nera";35;0;0;0;0;;;;0;0;1;0;0;;;;1;1
"054058";"Vallo di Nera";36;1;1;0;0;;;;2;1;0;0;0;;;;1;3
"054058";"Vallo di Nera";37;0;0;0;0;;;;0;0;0;0;0;;;;0;0
"054058";"Vallo di Nera";38;0;1;0;0;;;;1;0;1;0;0;;;;1;2
"054058";"Vallo di Nera";39;1;1;0;0;;;;2;0;0;0;0;;;;0;2
"054058";"Vallo di Nera";40;0;2;0;0;;;;2;1;1;0;0;;;;2;4
"054058";"Vallo di Nera";41;1;1;0;0;;;;2;0;0;0;0;;;;0;2
"054058";"Vallo di Nera";42;1;0;0;0;;;;1;0;3;0;0;;;;3;4
"054058";"Vallo di Nera";43;1;2;0;0;;;;3;0;2;0;0;;;;2;5
"054058";"Vallo di Nera";44;1;1;1;0;;;;3;0;3;0;0;;;;3;6
"054058";"Vallo di Nera";45;1;3;0;0;;;;4;0;0;1;0;;;;1;5
"054058";"Vallo di Nera";46;0;1;0;0;;;;1;0;4;1;0;;;;5;6
"054058";"Vallo di Nera";47;0;1;0;0;;;;1;0;1;0;0;;;;1;2
"054058";"Vallo di Nera";48;1;1;0;0;;;;2;0;3;1;0;;;;4;6
"054058";"Vallo di Nera";49;2;5;0;0;;;;7;1;4;0;0;;;;5;12
"054058";"Vallo di Nera";50;2;4;0;0;;;;6;1;1;1;0;;;;3;9
"054058";"Vallo di Nera";51;2;2;0;0;;;;4;1;1;0;0;;;;2;6
"054058";"Vallo di Nera";52;3;1;0;0;;;;4;0;2;0;1;;;;3;7
"054058";"Vallo di Nera";53;0;1;0;0;;;;1;2;1;0;0;;;;3;4
"054058";"Vallo di Nera";54;1;3;0;0;;;;4;2;1;0;0;;;;3;7
"054058";"Vallo di Nera";55;1;1;0;0;;;;2;0;0;0;0;;;;0;2
"054058";"Vallo di Nera";56;0;1;0;0;;;;1;0;0;0;0;;;;0;1
"054058";"Vallo di Nera";57;0;2;0;0;;;;2;2;1;0;0;;;;3;5
"054058";"Vallo di Nera";58;0;3;0;0;;;;3;0;1;0;0;;;;1;4
"054058";"Vallo di Nera";59;0;3;0;0;;;;3;1;1;1;0;;;;3;6
"054058";"Vallo di Nera";60;0;2;1;0;;;;3;1;4;1;0;;;;6;9
"054058";"Vallo di Nera";61;1;0;0;0;;;;1;1;3;0;0;;;;4;5
"054058";"Vallo di Nera";62;2;2;0;0;;;;4;0;5;0;1;;;;6;10
"054058";"Vallo di Nera";63;1;3;1;0;;;;5;0;3;0;0;;;;3;8
"054058";"Vallo di Nera";64;0;0;0;0;;;;0;0;2;1;0;;;;3;3
"054058";"Vallo di Nera";65;0;1;0;0;;;;1;0;3;2;0;;;;5;6
"054058";"Vallo di Nera";66;1;1;0;0;;;;2;2;0;0;0;;;;2;4
"054058";"Vallo di Nera";67;1;2;0;0;;;;3;1;0;0;0;;;;1;4
"054058";"Vallo di Nera";68;0;0;0;0;;;;0;0;2;0;0;;;;2;2
"054058";"Vallo di Nera";69;1;4;0;0;;;;5;0;3;0;0;;;;3;8
"054058";"Vallo di Nera";70;0;1;1;0;;;;2;0;1;0;0;;;;1;3
"054058";"Vallo di Nera";71;0;2;0;0;;;;2;0;3;0;0;;;;3;5
"054058";"Vallo di Nera";72;0;0;0;0;;;;0;0;1;0;0;;;;1;1
"054058";"Vallo di Nera";73;1;2;0;1;;;;4;0;0;0;2;;;;2;6
"054058";"Vallo di Nera";74;0;0;0;0;;;;0;0;1;0;1;;;;2;2
"054058";"Vallo di Nera";75;0;2;0;0;;;;2;0;0;0;0;;;;0;2
"054058";"Vallo di Nera";76;1;1;0;0;;;;2;0;1;0;1;;;;2;4
"054058";"Vallo di Nera";77;0;3;1;0;;;;4;0;1;0;1;;;;2;6
"054058";"Vallo di Nera";78;1;1;1;0;;;;3;1;1;0;2;;;;4;7
"054058";"Vallo di Nera";79;0;2;0;0;;;;2;1;0;1;0;;;;2;4
"054058";"Vallo di Nera";80;0;0;0;0;;;;0;1;0;0;1;;;;2;2
"054058";"Vallo di Nera";81;0;1;0;0;;;;1;0;1;0;1;;;;2;3
"054058";"Vallo di Nera";82;0;1;0;1;;;;2;0;1;0;1;;;;2;4
"054058";"Vallo di Nera";83;0;1;0;0;;;;1;0;1;0;2;;;;3;4
"054058";"Vallo di Nera";84;0;0;0;0;;;;0;0;1;0;3;;;;4;4
"054058";"Vallo di Nera";85;0;0;0;0;;;;0;0;0;0;2;;;;2;2
"054058";"Vallo di Nera";86;0;1;0;0;;;;1;0;0;0;1;;;;1;2
"054058";"Vallo di Nera";87;0;2;0;0;;;;2;0;0;0;1;;;;1;3
"054058";"Vallo di Nera";88;0;0;0;1;;;;1;0;0;0;2;;;;2;3
"054058";"Vallo di Nera";89;0;1;0;0;;;;1;1;1;0;0;;;;2;3
"054058";"Vallo di Nera";90;0;0;0;0;;;;0;0;0;0;0;;;;0;0
"054058";"Vallo di Nera";91;0;1;0;0;;;;1;0;0;0;0;;;;0;1
"054058";"Vallo di Nera";92;0;0;0;0;;;;0;0;0;0;0;;;;0;0
"054058";"Vallo di Nera";93;0;0;0;0;;;;0;0;0;0;1;;;;1;1
"054058";"Vallo di Nera";94;0;0;0;0;;;;0;0;0;0;0;;;;0;0
"054058";"Vallo di Nera";95;0;0;0;0;;;;0;0;1;0;0;;;;1;1
"054058";"Vallo di Nera";96;0;0;0;0;;;;0;0;0;0;1;;;;1;1
"054058";"Vallo di Nera";97;0;0;0;0;;;;0;0;0;0;0;;;;0;0
"054058";"Vallo di Nera";98;0;0;0;0;;;;0;0;0;0;0;;;;0;0
"054058";"Vallo di Nera";99;0;0;0;0;;;;0;0;0;0;0;;;;0;0
"054058";"Vallo di Nera";100;0;0;0;0;;;;0;0;0;0;0;;;;0;0
"054058";"Vallo di Nera";999;72;78;6;3;;;;159;65;74;11;25;;;;175;334
"054059";"Valtopina";0;4;0;0;0;;;;4;3;0;0;0;;;;3;7
"054059";"Valtopina";1;5;0;0;0;;;;5;4;0;0;0;;;;4;9
"054059";"Valtopina";2;8;0;0;0;;;;8;3;0;0;0;;;;3;11
"054059";"Valtopina";3;5;0;0;0;;;;5;4;0;0;0;;;;4;9
"054059";"Valtopina";4;1;0;0;0;;;;1;3;0;0;0;;;;3;4
"054059";"Valtopina";5;3;0;0;0;;;;3;5;0;0;0;;;;5;8
"054059";"Valtopina";6;7;0;0;0;;;;7;4;0;0;0;;;;4;11
"054059";"Valtopina";7;5;0;0;0;;;;5;3;0;0;0;;;;3;8
"054059";"Valtopina";8;2;0;0;0;;;;2;2;0;0;0;;;;2;4
"054059";"Valtopina";9;11;0;0;0;;;;11;6;0;0;0;;;;6;17
"054059";"Valtopina";10;1;0;0;0;;;;1;5;0;0;0;;;;5;6
"054059";"Valtopina";11;3;0;0;0;;;;3;7;0;0;0;;;;7;10
"054059";"Valtopina";12;2;0;0;0;;;;2;2;0;0;0;;;;2;4
"054059";"Valtopina";13;3;0;0;0;;;;3;7;0;0;0;;;;7;10
"054059";"Valtopina";14;9;0;0;0;;;;9;5;0;0;0;;;;5;14
"054059";"Valtopina";15;10;0;0;0;;;;10;9;0;0;0;;;;9;19
"054059";"Valtopina";16;11;0;0;0;;;;11;3;0;0;0;;;;3;14
"054059";"Valtopina";17;2;0;0;0;;;;2;4;0;0;0;;;;4;6
"054059";"Valtopina";18;10;0;0;0;;;;10;7;0;0;0;;;;7;17
"054059";"Valtopina";19;6;0;0;0;;;;6;8;0;0;0;;;;8;14
"054059";"Valtopina";20;6;0;0;0;;;;6;4;0;0;0;;;;4;10
"054059";"Valtopina";21;5;0;0;0;;;;5;8;0;0;0;;;;8;13
"054059";"Valtopina";22;8;0;0;0;;;;8;11;0;0;0;;;;11;19
"054059";"Valtopina";23;4;0;0;0;;;;4;10;0;0;0;;;;10;14
"054059";"Valtopina";24;6;1;0;0;;;;7;5;1;0;0;;;;6;13
"054059";"Valtopina";25;4;1;0;0;;;;5;3;2;0;0;;;;5;10
"054059";"Valtopina";26;2;0;0;0;;;;2;4;0;0;0;;;;4;6
"054059";"Valtopina";27;7;0;0;0;;;;7;4;0;0;0;;;;4;11
"054059";"Valtopina";28;3;0;0;0;;;;3;6;2;0;0;;;;8;11
"054059";"Valtopina";29;7;1;0;0;;;;8;1;2;0;0;;;;3;11
"054059";"Valtopina";30;4;0;0;0;;;;4;2;1;0;0;;;;3;7
"054059";"Valtopina";31;2;0;0;0;;;;2;2;0;0;0;;;;2;4
"054059";"Valtopina";32;5;3;0;0;;;;8;6;3;0;0;;;;9;17
"054059";"Valtopina";33;5;2;0;0;;;;7;7;2;0;0;;;;9;16
"054059";"Valtopina";34;4;1;0;0;;;;5;1;2;1;0;;;;4;9
"054059";"Valtopina";35;6;2;0;0;;;;8;4;0;1;0;;;;5;13
"054059";"Valtopina";36;4;2;0;0;;;;6;6;3;1;0;;;;10;16
"054059";"Valtopina";37;1;3;0;0;;;;4;0;2;0;0;;;;2;6
"054059";"Valtopina";38;5;3;0;0;;;;8;4;4;1;0;;;;9;17
"054059";"Valtopina";39;4;0;0;0;;;;4;0;3;2;0;;;;5;9
"054059";"Valtopina";40;2;1;0;0;;;;3;2;7;1;0;;;;10;13
"054059";"Valtopina";41;8;3;1;0;;;;12;1;3;0;0;;;;4;16
"054059";"Valtopina";42;4;0;1;0;;;;5;0;3;0;0;;;;3;8
"054059";"Valtopina";43;7;3;1;0;;;;11;2;2;2;0;;;;6;17
"054059";"Valtopina";44;4;5;1;0;;;;10;3;4;1;0;;;;8;18
"054059";"Valtopina";45;3;3;0;0;;;;6;1;4;0;0;;;;5;11
"054059";"Valtopina";46;4;10;1;0;;;;15;2;5;1;1;;;;9;24
"054059";"Valtopina";47;3;3;0;0;;;;6;3;3;2;0;;;;8;14
"054059";"Valtopina";48;5;5;0;0;;;;10;4;4;1;0;;;;9;19
"054059";"Valtopina";49;3;4;1;0;;;;8;3;13;0;0;;;;16;24
"054059";"Valtopina";50;3;6;0;0;;;;9;2;11;1;0;;;;14;23
"054059";"Valtopina";51;7;6;1;0;;;;14;1;6;0;1;;;;8;22
"054059";"Valtopina";52;7;11;0;0;;;;18;2;5;0;0;;;;7;25
"054059";"Valtopina";53;3;9;0;0;;;;12;2;8;1;0;;;;11;23
"054059";"Valtopina";54;2;10;0;0;;;;12;2;4;2;2;;;;10;22
"054059";"Valtopina";55;3;1;0;0;;;;4;3;6;0;0;;;;9;13
"054059";"Valtopina";56;1;13;1;0;;;;15;4;8;1;1;;;;14;29
"054059";"Valtopina";57;2;3;0;0;;;;5;2;9;2;1;;;;14;19
"054059";"Valtopina";58;1;6;1;0;;;;8;3;5;0;0;;;;8;16
"054059";"Valtopina";59;0;6;0;0;;;;6;0;7;0;0;;;;7;13
"054059";"Valtopina";60;2;7;2;0;;;;11;1;10;0;1;;;;12;23
"054059";"Valtopina";61;2;9;0;0;;;;11;1;6;0;1;;;;8;19
"054059";"Valtopina";62;0;5;1;0;;;;6;0;7;1;0;;;;8;14
"054059";"Valtopina";63;1;3;0;1;;;;5;1;8;0;0;;;;9;14
"054059";"Valtopina";64;2;5;0;0;;;;7;1;7;1;4;;;;13;20
"054059";"Valtopina";65;1;9;0;0;;;;10;1;8;0;0;;;;9;19
"054059";"Valtopina";66;1;8;0;0;;;;9;1;7;0;0;;;;8;17
"054059";"Valtopina";67;0;8;0;0;;;;8;0;2;0;3;;;;5;13
"054059";"Valtopina";68;0;4;2;0;;;;6;0;6;1;0;;;;7;13
"054059";"Valtopina";69;2;10;0;0;;;;12;1;7;1;0;;;;9;21
"054059";"Valtopina";70;0;6;0;0;;;;6;0;8;1;5;;;;14;20
"054059";"Valtopina";71;0;4;0;0;;;;4;1;5;1;0;;;;7;11
"054059";"Valtopina";72;0;8;0;0;;;;8;1;7;0;1;;;;9;17
"054059";"Valtopina";73;0;5;0;1;;;;6;1;5;0;0;;;;6;12
"054059";"Valtopina";74;1;6;1;0;;;;8;0;7;1;0;;;;8;16
"054059";"Valtopina";75;1;9;1;0;;;;11;0;10;0;1;;;;11;22
"054059";"Valtopina";76;1;12;3;2;;;;18;1;4;0;6;;;;11;29
"054059";"Valtopina";77;1;7;0;2;;;;10;0;4;0;4;;;;8;18
"054059";"Valtopina";78;1;5;0;1;;;;7;0;6;0;4;;;;10;17
"054059";"Valtopina";79;0;4;0;2;;;;6;0;3;0;3;;;;6;12
"054059";"Valtopina";80;2;8;0;0;;;;10;0;8;0;1;;;;9;19
"054059";"Valtopina";81;2;5;0;1;;;;8;0;1;0;5;;;;6;14
"054059";"Valtopina";82;2;7;0;3;;;;12;0;1;0;1;;;;2;14
"054059";"Valtopina";83;0;2;0;2;;;;4;0;4;0;4;;;;8;12
"054059";"Valtopina";84;0;5;0;1;;;;6;0;1;1;4;;;;6;12
"054059";"Valtopina";85;0;2;0;0;;;;2;1;1;0;2;;;;4;6
"054059";"Valtopina";86;0;3;0;0;;;;3;0;1;1;7;;;;9;12
"054059";"Valtopina";87;0;1;0;0;;;;1;0;0;0;2;;;;2;3
"054059";"Valtopina";88;0;2;0;3;;;;5;0;0;0;6;;;;6;11
"054059";"Valtopina";89;2;0;0;0;;;;2;0;3;0;4;;;;7;9
"054059";"Valtopina";90;1;0;0;0;;;;1;0;0;0;3;;;;3;4
"054059";"Valtopina";91;1;1;0;0;;;;2;1;1;0;2;;;;4;6
"054059";"Valtopina";92;0;1;0;1;;;;2;0;0;0;3;;;;3;5
"054059";"Valtopina";93;0;0;0;0;;;;0;0;0;0;4;;;;4;4
"054059";"Valtopina";94;0;0;0;0;;;;0;0;0;0;0;;;;0;0
"054059";"Valtopina";95;0;0;0;0;;;;0;0;0;0;0;;;;0;0
"054059";"Valtopina";96;0;0;0;1;;;;1;0;0;0;0;;;;0;1
"054059";"Valtopina";97;0;0;0;0;;;;0;0;0;0;0;;;;0;0
"054059";"Valtopina";98;0;0;0;0;;;;0;0;0;0;0;;;;0;0
"054059";"Valtopina";99;0;1;0;0;;;;1;0;0;0;2;;;;2;3
"054059";"Valtopina";100;0;0;0;0;;;;0;0;0;0;3;;;;3;3
"054059";"Valtopina";999;298;299;19;21;;;;637;237;292;30;92;;;;651;1288
