"Popolazione residente per età, sesso e stato civile al 1° gennaio 2024"
"Codice comune";"Comune";"Età";"Celibi";"Coniugati";"Divorziati";"Vedovi";"Uniti civilmente";"Maschi già in unione civile (per scioglimento unione)";"Maschi già in unione civile (per decesso del partner)";"Totale maschi";"Nubili";"Coniugate";"Divorziate";"Vedove";"Unite civilmente";"Femmine già in unione civile (per scioglimento unione)";"Femmine già in unione civile (per decesso del partner)";"Totale femmine";"Totale"
"054001";"Assisi";0;78;0;0;0;0;0;0;78;86;0;0;0;0;0;0;86;164
"054001";"Assisi";1;65;0;0;0;0;0;0;65;56;0;0;0;0;0;0;56;121
"054001";"Assisi";2;103;0;0;0;0;0;0;103;72;0;0;0;0;0;0;72;175
"054001";"Assisi";3;83;0;0;0;0;0;0;83;87;0;0;0;0;0;0;87;170
"054001";"Assisi";4;79;0;0;0;0;0;0;79;102;0;0;0;0;0;0;102;181
"054001";"Assisi";5;104;0;0;0;0;0;0;104;95;0;0;0;0;0;0;95;199
"054001";"Assisi";6;121;0;0;0;0;0;0;121;103;0;0;0;0;0;0;103;224
"054001";"Assisi";7;112;0;0;0;0;0;0;112;118;0;0;0;0;0;0;118;230
"054001";"Assisi";8;115;0;0;0;0;0;0;115;100;0;0;0;0;0;0;100;215
"054001";"Assisi";9;113;0;0;0;0;0;0;113;141;0;0;0;0;0;0;141;254
"054001";"Assisi";10;121;0;0;0;0;0;0;121;130;0;0;0;0;0;0;130;251
"054001";"Assisi";11;150;0;0;0;0;0;0;150;122;0;0;0;0;0;0;122;272
"054001";"Assisi";12;137;0;0;0;0;0;0;137;126;0;0;0;0;0;0;126;263
"054001";"Assisi";13;129;0;0;0;0;0;0;129;118;0;0;0;0;0;0;118;247
"054001";"Assisi";14;133;0;0;0;0;0;0;133;122;0;0;0;0;0;0;122;255
"054001";"Assisi";15;123;0;0;0;0;0;0;123;142;0;0;0;0;0;0;142;265
"054001";"Assisi";16;143;0;0;0;0;0;0;143;119;0;0;0;0;0;0;119;262
"054001";"Assisi";17;133;0;0;0;0;0;0;133;136;0;0;0;0;0;0;136;269
"054001";"Assisi";18;147;0;0;0;0;0;0;147;126;0;0;0;0;0;0;126;273
"054001";"Assisi";19;152;0;0;0;0;0;0;152;125;0;0;0;0;0;0;125;277
"054001";"Assisi";20;131;0;0;0;0;0;0;131;115;1;0;0;0;0;0;116;247
"054001";"Assisi";21;138;0;0;0;0;0;0;138;121;1;0;0;0;0;0;122;260
"054001";"Assisi";22;137;0;0;0;0;0;0;137;116;2;0;0;0;0;0;118;255
"054001";"Assisi";23;142;0;0;0;0;0;0;142;123;4;0;0;0;0;0;127;269
"054001";"Assisi";24;139;2;0;0;0;0;0;141;104;1;0;0;0;0;0;105;246
"054001";"Assisi";25;122;3;0;0;0;0;0;125;119;5;0;0;0;0;0;124;249
"054001";"Assisi";26;150;5;1;0;0;0;0;156;101;15;0;0;0;0;0;116;272
"054001";"Assisi";27;145;6;0;0;0;0;0;151;129;11;1;0;1;0;0;142;293
"054001";"Assisi";28;131;5;0;0;0;0;0;136;75;16;0;0;0;0;0;91;227
"054001";"Assisi";29;118;9;0;0;0;0;0;127;120;27;0;0;0;0;0;147;274
"054001";"Assisi";30;110;15;0;0;0;0;0;125;92;27;0;0;0;0;0;119;244
"054001";"Assisi";31;115;15;0;0;0;0;0;130;90;35;0;1;0;0;0;126;256
"054001";"Assisi";32;104;21;1;0;1;0;0;127;79;38;2;0;0;0;0;119;246
"054001";"Assisi";33;99;25;0;0;0;0;0;124;83;50;1;0;0;0;0;134;258
"054001";"Assisi";34;99;33;1;0;0;0;0;133;95;62;2;1;0;0;0;160;293
"054001";"Assisi";35;83;39;3;0;1;0;0;126;74;76;4;0;0;0;0;154;280
"054001";"Assisi";36;101;52;3;0;0;0;0;156;63;76;2;1;0;0;0;142;298
"054001";"Assisi";37;79;49;0;0;0;0;0;128;68;81;7;1;1;0;0;158;286
"054001";"Assisi";38;101;59;4;0;2;0;0;166;68;77;4;0;0;0;0;149;315
"054001";"Assisi";39;90;71;1;0;0;0;1;163;77;90;7;2;0;0;0;176;339
"054001";"Assisi";40;91;85;1;0;0;0;0;177;80;103;9;1;0;0;0;193;370
"054001";"Assisi";41;88;76;1;0;0;0;0;165;77;107;13;0;0;0;0;197;362
"054001";"Assisi";42;78;84;4;1;0;0;0;167;65;127;6;1;1;0;0;200;367
"054001";"Assisi";43;70;112;5;0;0;0;0;187;63;131;13;2;0;0;0;209;396
"054001";"Assisi";44;70;122;7;0;0;0;0;199;56;114;10;2;0;0;0;182;381
"054001";"Assisi";45;87;124;7;0;2;0;0;220;61;141;19;0;0;0;0;221;441
"054001";"Assisi";46;69;121;5;0;0;0;0;195;58;133;13;3;0;0;0;207;402
"054001";"Assisi";47;84;128;9;1;0;0;0;222;55;154;15;6;0;0;0;230;452
"054001";"Assisi";48;67;132;12;2;0;0;0;213;59;143;21;6;0;0;0;229;442
"054001";"Assisi";49;65;124;10;0;0;0;0;199;62;162;11;4;0;0;0;239;438
"054001";"Assisi";50;52;158;13;0;0;0;0;223;48;136;19;7;0;0;0;210;433
"054001";"Assisi";51;47;150;14;0;0;0;0;211;48;165;15;7;0;0;0;235;446
"054001";"Assisi";52;57;120;12;1;0;0;0;190;52;148;15;6;0;0;0;221;411
"054001";"Assisi";53;55;140;10;2;0;0;0;207;54;145;19;12;0;0;0;230;437
"054001";"Assisi";54;36;171;15;1;0;0;0;223;47;138;17;8;0;0;0;210;433
"054001";"Assisi";55;43;138;15;0;1;0;0;197;46;173;12;7;0;0;0;238;435
"054001";"Assisi";56;43;149;12;3;0;0;0;207;37;162;18;11;1;0;0;229;436
"054001";"Assisi";57;41;123;14;3;1;0;0;182;42;175;27;12;0;0;0;256;438
"054001";"Assisi";58;37;141;14;2;0;0;0;194;43;158;16;12;0;0;0;229;423
"054001";"Assisi";59;34;164;20;1;0;0;0;219;28;167;20;12;0;0;0;227;446
"054001";"Assisi";60;41;139;16;4;1;0;0;201;36;164;20;8;0;0;0;228;429
"054001";"Assisi";61;32;143;16;3;0;0;0;194;32;142;22;8;0;0;0;204;398
"054001";"Assisi";62;27;163;15;6;0;0;0;211;28;149;12;17;0;0;0;206;417
"054001";"Assisi";63;32;161;10;4;0;0;0;207;21;159;14;18;0;0;0;212;419
"054001";"Assisi";64;23;147;14;2;1;0;0;187;27;147;6;19;0;0;0;199;386
"054001";"Assisi";65;26;128;9;6;0;0;0;169;20;117;18;14;0;0;0;169;338
"054001";"Assisi";66;23;135;8;4;0;0;0;170;23;127;14;24;0;0;0;188;358
"054001";"Assisi";67;17;119;7;5;0;0;0;148;19;128;7;13;0;0;0;167;315
"054001";"Assisi";68;23;125;9;7;0;0;0;164;14;129;9;27;0;0;0;179;343
"054001";"Assisi";69;15;123;5;4;0;0;0;147;12;114;6;32;0;0;0;164;311
"054001";"Assisi";70;13;131;6;10;0;0;0;160;18;116;6;32;0;0;0;172;332
"054001";"Assisi";71;11;103;6;3;0;0;0;123;14;99;7;24;0;0;0;144;267
"054001";"Assisi";72;19;115;7;9;1;0;0;151;17;110;7;40;0;0;0;174;325
"054001";"Assisi";73;13;114;6;7;1;0;0;141;13;120;3;32;0;0;0;168;309
"054001";"Assisi";74;20;139;5;11;0;0;0;175;17;112;4;55;0;0;0;188;363
"054001";"Assisi";75;13;137;5;11;0;0;0;166;10;86;3;42;0;0;0;141;307
"054001";"Assisi";76;10;118;3;11;1;0;0;143;8;93;6;61;0;0;0;168;311
"054001";"Assisi";77;10;97;5;9;0;0;0;121;14;90;3;54;0;0;0;161;282
"054001";"Assisi";78;9;97;2;16;0;0;0;124;16;60;3;51;0;0;0;130;254
"054001";"Assisi";79;10;90;3;12;0;0;0;115;17;84;0;54;0;0;0;155;270
"054001";"Assisi";80;10;75;1;11;0;0;0;97;12;61;0;49;0;0;0;122;219
"054001";"Assisi";81;4;69;3;9;0;0;0;85;14;48;3;55;0;0;0;120;205
"054001";"Assisi";82;7;61;2;15;0;0;0;85;10;42;3;61;0;0;0;116;201
"054001";"Assisi";83;9;80;1;18;0;0;0;108;12;42;4;63;0;0;0;121;229
"054001";"Assisi";84;11;69;0;11;0;0;0;91;14;49;7;58;0;0;0;128;219
"054001";"Assisi";85;11;67;3;18;0;0;0;99;24;36;2;73;0;0;0;135;234
"054001";"Assisi";86;3;35;1;10;0;0;0;49;3;18;1;75;0;0;0;97;146
"054001";"Assisi";87;3;44;0;16;0;0;0;63;11;20;0;69;0;0;0;100;163
"054001";"Assisi";88;4;39;1;19;0;0;0;63;7;18;1;77;0;0;0;103;166
"054001";"Assisi";89;4;47;1;9;0;0;0;61;3;6;0;65;0;0;0;74;135
"054001";"Assisi";90;8;22;0;12;0;0;0;42;6;5;1;51;0;0;0;63;105
"054001";"Assisi";91;1;20;0;8;0;0;0;29;5;6;0;64;0;0;0;75;104
"054001";"Assisi";92;1;8;0;9;0;0;0;18;4;4;0;35;0;0;0;43;61
"054001";"Assisi";93;3;12;1;7;0;0;0;23;2;8;1;39;0;0;0;50;73
"054001";"Assisi";94;4;6;0;5;0;0;0;15;5;1;0;24;0;0;0;30;45
"054001";"Assisi";95;1;6;0;5;0;0;0;12;3;0;0;22;0;0;0;25;37
"054001";"Assisi";96;0;1;0;2;0;0;0;3;2;2;0;17;0;0;0;21;24
"054001";"Assisi";97;0;2;0;2;0;0;0;4;1;0;0;15;0;0;0;16;20
"054001";"Assisi";98;0;1;0;0;0;0;0;1;0;0;0;10;0;0;0;10;11
"054001";"Assisi";99;0;1;0;0;0;0;0;1;0;0;0;3;0;0;0;3;4
"054001";"Assisi";100;0;0;0;1;0;0;0;1;1;0;0;7;0;0;0;8;9
"054001";"Assisi";999;6360;6160;385;348;13;0;1;13267;5734;6289;531;1682;4;0;0;14240;27507
"054002";"Bastia Umbra";0;60;0;0;0;0;0;0;60;71;0;0;0;0;0;0;71;131
"054002";"Bastia Umbra";1;89;0;0;0;0;0;0;89;67;0;0;0;0;0;0;67;156
"054002";"Bastia Umbra";2;60;0;0;0;0;0;0;60;88;0;0;0;0;0;0;88;148
"054002";"Bastia Umbra";3;81;0;0;0;0;0;0;81;77;0;0;0;0;0;0;77;158
"054002";"Bastia Umbra";4;94;0;0;0;0;0;0;94;89;0;0;0;0;0;0;89;183
"054002";"Bastia Umbra";5;88;0;0;0;0;0;0;88;83;0;0;0;0;0;0;83;171
"054002";"Bastia Umbra";6;98;0;0;0;0;0;0;98;91;0;0;0;0;0;0;91;189
"054002";"Bastia Umbra";7;105;0;0;0;0;0;0;105;85;0;0;0;0;0;0;85;190
"054002";"Bastia Umbra";8;127;0;0;0;0;0;0;127;92;0;0;0;0;0;0;92;219
"054002";"Bastia Umbra";9;99;0;0;0;0;0;0;99;94;0;0;0;0;0;0;94;193
"054002";"Bastia Umbra";10;109;0;0;0;0;0;0;109;85;0;0;0;0;0;0;85;194
"054002";"Bastia Umbra";11;88;0;0;0;0;0;0;88;85;0;0;0;0;0;0;85;173
"054002";"Bastia Umbra";12;126;0;0;0;0;0;0;126;99;0;0;0;0;0;0;99;225
"054002";"Bastia Umbra";13;102;0;0;0;0;0;0;102;102;0;0;0;0;0;0;102;204
"054002";"Bastia Umbra";14;112;0;0;0;0;0;0;112;98;0;0;0;0;0;0;98;210
"054002";"Bastia Umbra";15;118;0;0;0;0;0;0;118;102;0;0;0;0;0;0;102;220
"054002";"Bastia Umbra";16;116;0;0;0;0;0;0;116;125;0;0;0;0;0;0;125;241
"054002";"Bastia Umbra";17;113;0;0;0;0;0;0;113;102;0;0;0;0;0;0;102;215
"054002";"Bastia Umbra";18;119;0;0;0;0;0;0;119;101;0;0;0;0;0;0;101;220
"054002";"Bastia Umbra";19;116;0;0;0;0;0;0;116;103;0;0;0;0;0;0;103;219
"054002";"Bastia Umbra";20;129;0;0;0;0;0;0;129;121;2;0;0;0;0;0;123;252
"054002";"Bastia Umbra";21;106;0;0;0;0;0;0;106;91;3;0;0;0;0;0;94;200
"054002";"Bastia Umbra";22;109;1;0;0;0;0;0;110;91;1;0;0;0;0;0;92;202
"054002";"Bastia Umbra";23;110;1;0;0;0;0;0;111;93;3;0;0;0;0;0;96;207
"054002";"Bastia Umbra";24;120;1;0;0;0;0;0;121;83;2;0;0;0;0;0;85;206
"054002";"Bastia Umbra";25;110;3;0;0;0;0;0;113;83;7;0;0;0;0;0;90;203
"054002";"Bastia Umbra";26;114;3;0;0;0;0;0;117;81;13;0;0;0;0;0;94;211
"054002";"Bastia Umbra";27;90;6;0;0;0;0;0;96;83;8;0;0;0;0;0;91;187
"054002";"Bastia Umbra";28;99;10;0;0;0;0;0;109;90;20;0;0;0;0;0;110;219
"054002";"Bastia Umbra";29;94;9;0;0;0;0;0;103;81;19;0;0;0;0;0;100;203
"054002";"Bastia Umbra";30;88;13;0;0;0;0;0;101;75;31;0;0;0;0;0;106;207
"054002";"Bastia Umbra";31;86;10;0;0;0;0;0;96;87;30;0;0;0;1;0;118;214
"054002";"Bastia Umbra";32;88;22;2;0;0;0;0;112;72;59;1;0;0;0;0;132;244
"054002";"Bastia Umbra";33;84;36;0;0;0;0;0;120;79;48;2;0;0;0;0;129;249
"054002";"Bastia Umbra";34;82;39;0;0;0;0;0;121;69;45;1;0;0;0;0;115;236
"054002";"Bastia Umbra";35;81;32;2;0;1;0;0;116;69;70;4;0;0;0;0;143;259
"054002";"Bastia Umbra";36;81;46;1;0;0;0;0;128;74;59;2;0;0;0;0;135;263
"054002";"Bastia Umbra";37;61;53;2;0;1;0;0;117;61;77;6;1;0;0;0;145;262
"054002";"Bastia Umbra";38;61;70;2;0;0;0;0;133;47;70;2;0;1;0;0;120;253
"054002";"Bastia Umbra";39;48;64;1;0;1;0;0;114;38;80;5;0;1;0;0;124;238
"054002";"Bastia Umbra";40;58;77;3;0;0;0;0;138;33;96;11;1;0;0;0;141;279
"054002";"Bastia Umbra";41;48;67;8;0;1;0;0;124;40;86;7;1;1;0;0;135;259
"054002";"Bastia Umbra";42;46;73;11;0;0;0;0;130;44;86;11;0;0;0;0;141;271
"054002";"Bastia Umbra";43;56;78;7;0;0;0;0;141;51;94;12;1;0;0;0;158;299
"054002";"Bastia Umbra";44;60;101;7;0;0;0;0;168;39;106;8;2;0;0;0;155;323
"054002";"Bastia Umbra";45;49;92;5;1;0;0;0;147;39;111;14;4;0;0;0;168;315
"054002";"Bastia Umbra";46;48;105;6;1;0;0;0;160;29;114;18;1;0;0;0;162;322
"054002";"Bastia Umbra";47;45;92;4;1;1;0;0;143;33;115;9;5;0;0;0;162;305
"054002";"Bastia Umbra";48;49;105;14;0;0;0;0;168;34;133;13;3;0;0;0;183;351
"054002";"Bastia Umbra";49;53;98;7;1;0;0;0;159;28;137;14;3;0;0;0;182;341
"054002";"Bastia Umbra";50;41;145;8;1;0;0;0;195;37;142;16;1;0;0;0;196;391
"054002";"Bastia Umbra";51;38;109;5;0;0;0;0;152;31;115;21;5;0;0;0;172;324
"054002";"Bastia Umbra";52;41;132;10;0;0;0;0;183;34;146;12;5;0;0;0;197;380
"054002";"Bastia Umbra";53;39;138;8;0;0;0;0;185;27;129;9;9;0;0;0;174;359
"054002";"Bastia Umbra";54;24;128;13;3;0;0;0;168;21;131;19;5;0;0;0;176;344
"054002";"Bastia Umbra";55;26;131;11;2;0;0;0;170;26;124;18;10;0;0;0;178;348
"054002";"Bastia Umbra";56;29;109;10;5;0;0;0;153;20;110;16;8;0;0;0;154;307
"054002";"Bastia Umbra";57;24;120;13;1;0;0;0;158;30;122;16;10;1;0;0;179;337
"054002";"Bastia Umbra";58;23;149;10;4;0;0;0;186;19;125;19;9;0;0;0;172;358
"054002";"Bastia Umbra";59;28;115;10;4;0;0;0;157;18;127;19;15;0;0;0;179;336
"054002";"Bastia Umbra";60;16;107;11;4;0;0;0;138;19;144;16;9;0;0;0;188;326
"054002";"Bastia Umbra";61;13;109;12;3;1;0;0;138;18;106;12;10;0;0;0;146;284
"054002";"Bastia Umbra";62;12;125;4;2;1;0;0;144;13;115;13;12;0;0;0;153;297
"054002";"Bastia Umbra";63;12;122;10;6;0;0;0;150;7;124;11;9;0;0;0;151;301
"054002";"Bastia Umbra";64;18;115;7;3;0;0;0;143;9;108;6;9;0;0;0;132;275
"054002";"Bastia Umbra";65;12;90;7;5;0;0;0;114;6;111;7;16;0;0;0;140;254
"054002";"Bastia Umbra";66;6;102;5;4;0;0;0;117;5;92;11;16;0;0;0;124;241
"054002";"Bastia Umbra";67;8;100;7;7;0;0;0;122;3;81;4;23;0;0;0;111;233
"054002";"Bastia Umbra";68;2;78;6;5;0;0;0;91;6;82;6;24;0;0;0;118;209
"054002";"Bastia Umbra";69;6;90;3;5;0;0;0;104;5;91;10;21;0;0;0;127;231
"054002";"Bastia Umbra";70;8;92;5;6;0;0;0;111;4;84;11;19;0;0;0;118;229
"054002";"Bastia Umbra";71;2;72;3;4;0;0;0;81;3;82;1;20;0;0;0;106;187
"054002";"Bastia Umbra";72;5;86;3;8;0;0;0;102;8;89;4;22;0;0;0;123;225
"054002";"Bastia Umbra";73;6;81;2;5;0;0;0;94;4;67;5;33;0;0;0;109;203
"054002";"Bastia Umbra";74;3;81;1;8;0;0;0;93;5;73;5;37;0;0;0;120;213
"054002";"Bastia Umbra";75;3;90;1;8;0;0;0;102;9;79;4;37;0;0;0;129;231
"054002";"Bastia Umbra";76;9;76;4;9;0;0;0;98;2;86;3;36;0;0;0;127;225
"054002";"Bastia Umbra";77;4;87;4;5;0;0;0;100;3;56;2;47;0;0;0;108;208
"054002";"Bastia Umbra";78;3;71;1;5;0;0;0;80;1;56;4;32;0;0;0;93;173
"054002";"Bastia Umbra";79;6;55;1;7;0;0;0;69;4;50;5;40;0;0;0;99;168
"054002";"Bastia Umbra";80;4;69;3;7;1;0;0;84;2;44;3;46;0;0;0;95;179
"054002";"Bastia Umbra";81;3;51;1;5;0;0;0;60;1;35;2;67;0;0;0;105;165
"054002";"Bastia Umbra";82;4;60;1;8;0;0;0;73;0;30;1;61;0;0;0;92;165
"054002";"Bastia Umbra";83;4;52;0;11;0;0;0;67;4;31;2;66;0;0;0;103;170
"054002";"Bastia Umbra";84;0;41;0;8;0;0;0;49;3;23;2;57;0;0;0;85;134
"054002";"Bastia Umbra";85;0;46;0;15;0;0;0;61;2;26;4;64;0;0;0;96;157
"054002";"Bastia Umbra";86;1;31;0;9;0;0;0;41;3;27;2;67;0;0;0;99;140
"054002";"Bastia Umbra";87;1;27;0;16;0;0;0;44;0;8;0;50;0;0;0;58;102
"054002";"Bastia Umbra";88;1;26;0;12;0;0;0;39;1;10;0;44;0;0;0;55;94
"054002";"Bastia Umbra";89;0;24;1;6;0;0;0;31;3;6;0;36;0;0;0;45;76
"054002";"Bastia Umbra";90;0;21;0;8;0;0;0;29;1;2;0;40;0;0;0;43;72
"054002";"Bastia Umbra";91;0;10;0;5;0;0;0;15;2;2;0;31;0;0;0;35;50
"054002";"Bastia Umbra";92;0;6;0;5;0;0;0;11;2;1;0;27;0;0;0;30;41
"054002";"Bastia Umbra";93;1;10;0;4;0;0;0;15;0;0;0;27;0;0;0;27;42
"054002";"Bastia Umbra";94;0;2;0;3;0;0;0;5;0;0;0;12;0;0;0;12;17
"054002";"Bastia Umbra";95;0;3;0;3;0;0;0;6;0;0;0;9;0;0;0;9;15
"054002";"Bastia Umbra";96;0;3;0;3;0;0;0;6;0;1;0;10;0;0;0;11;17
"054002";"Bastia Umbra";97;0;0;0;3;0;0;0;3;0;0;0;9;0;0;0;9;12
"054002";"Bastia Umbra";98;0;1;0;1;0;0;0;2;0;0;0;1;0;0;0;1;3
"054002";"Bastia Umbra";99;0;0;0;0;0;0;0;0;0;0;0;4;0;0;0;4;4
"054002";"Bastia Umbra";100;0;0;0;0;0;0;0;0;0;0;0;1;0;0;0;1;1
"054002";"Bastia Umbra";999;4859;4895;283;265;8;0;0;10310;4198;5018;461;1300;4;1;0;10982;21292
"054003";"Bettona";0;9;0;0;0;;;;9;10;0;0;0;;;;10;19
"054003";"Bettona";1;16;0;0;0;;;;16;11;0;0;0;;;;11;27
"054003";"Bettona";2;12;0;0;0;;;;12;17;0;0;0;;;;17;29
"054003";"Bettona";3;10;0;0;0;;;;10;16;0;0;0;;;;16;26
"054003";"Bettona";4;17;0;0;0;;;;17;13;0;0;0;;;;13;30
"054003";"Bettona";5;22;0;0;0;;;;22;19;0;0;0;;;;19;41
"054003";"Bettona";6;14;0;0;0;;;;14;10;0;0;0;;;;10;24
"054003";"Bettona";7;21;0;0;0;;;;21;19;0;0;0;;;;19;40
"054003";"Bettona";8;22;0;0;0;;;;22;13;0;0;0;;;;13;35
"054003";"Bettona";9;21;0;0;0;;;;21;23;0;0;0;;;;23;44
"054003";"Bettona";10;16;0;0;0;;;;16;22;0;0;0;;;;22;38
"054003";"Bettona";11;17;0;0;0;;;;17;19;0;0;0;;;;19;36
"054003";"Bettona";12;16;0;0;0;;;;16;31;0;0;0;;;;31;47
"054003";"Bettona";13;26;0;0;0;;;;26;21;0;0;0;;;;21;47
"054003";"Bettona";14;17;0;0;0;;;;17;24;0;0;0;;;;24;41
"054003";"Bettona";15;12;0;0;0;;;;12;27;0;0;0;;;;27;39
"054003";"Bettona";16;26;0;0;0;;;;26;23;0;0;0;;;;23;49
"054003";"Bettona";17;23;0;0;0;;;;23;23;0;0;0;;;;23;46
"054003";"Bettona";18;17;0;0;0;;;;17;19;0;0;0;;;;19;36
"054003";"Bettona";19;14;0;0;0;;;;14;25;0;0;0;;;;25;39
"054003";"Bettona";20;19;0;0;0;;;;19;18;0;0;0;;;;18;37
"054003";"Bettona";21;18;0;0;0;;;;18;22;0;0;0;;;;22;40
"054003";"Bettona";22;29;0;0;0;;;;29;18;1;0;0;;;;19;48
"054003";"Bettona";23;15;0;0;0;;;;15;20;0;0;0;;;;20;35
"054003";"Bettona";24;19;0;0;0;;;;19;25;0;0;0;;;;25;44
"054003";"Bettona";25;24;0;0;0;;;;24;15;1;0;0;;;;16;40
"054003";"Bettona";26;18;1;0;0;;;;19;15;3;0;0;;;;18;37
"054003";"Bettona";27;14;1;0;0;;;;15;14;2;0;0;;;;16;31
"054003";"Bettona";28;15;1;0;0;;;;16;20;3;0;0;;;;23;39
"054003";"Bettona";29;14;4;0;0;;;;18;15;6;0;0;;;;21;39
"054003";"Bettona";30;25;3;0;0;;;;28;18;4;0;0;;;;22;50
"054003";"Bettona";31;20;1;0;0;;;;21;20;5;0;0;;;;25;46
"054003";"Bettona";32;18;0;0;0;;;;18;11;3;0;0;;;;14;32
"054003";"Bettona";33;26;8;0;0;;;;34;21;10;0;0;;;;31;65
"054003";"Bettona";34;12;5;0;0;;;;17;13;11;1;0;;;;25;42
"054003";"Bettona";35;18;8;0;0;;;;26;10;14;1;0;;;;25;51
"054003";"Bettona";36;18;9;0;0;;;;27;15;14;0;0;;;;29;56
"054003";"Bettona";37;13;10;1;0;;;;24;11;9;0;0;;;;20;44
"054003";"Bettona";38;17;6;0;0;;;;23;10;5;0;0;;;;15;38
"054003";"Bettona";39;14;10;1;0;;;;25;8;17;2;0;;;;27;52
"054003";"Bettona";40;17;16;1;0;;;;34;11;12;0;0;;;;23;57
"054003";"Bettona";41;15;10;1;0;;;;26;4;14;1;0;;;;19;45
"054003";"Bettona";42;6;19;1;0;;;;26;9;18;0;0;;;;27;53
"054003";"Bettona";43;10;13;0;0;;;;23;9;23;2;0;;;;34;57
"054003";"Bettona";44;12;22;1;0;;;;35;10;22;5;1;;;;38;73
"054003";"Bettona";45;12;22;3;0;;;;37;7;17;6;0;;;;30;67
"054003";"Bettona";46;8;15;1;0;;;;24;10;32;0;0;;;;42;66
"054003";"Bettona";47;15;21;2;0;;;;38;4;22;2;0;;;;28;66
"054003";"Bettona";48;9;27;3;0;;;;39;9;27;4;0;;;;40;79
"054003";"Bettona";49;9;21;5;0;;;;35;9;24;1;2;;;;36;71
"054003";"Bettona";50;13;25;2;0;;;;40;11;23;1;1;;;;36;76
"054003";"Bettona";51;2;16;0;1;;;;19;7;27;2;0;;;;36;55
"054003";"Bettona";52;12;22;3;0;;;;37;5;26;3;0;;;;34;71
"054003";"Bettona";53;7;26;1;0;;;;34;4;17;3;0;;;;24;58
"054003";"Bettona";54;5;26;0;0;;;;31;2;29;2;3;;;;36;67
"054003";"Bettona";55;13;19;4;1;;;;37;4;29;6;1;;;;40;77
"054003";"Bettona";56;6;29;5;0;;;;40;3;22;1;0;;;;26;66
"054003";"Bettona";57;5;23;0;0;;;;28;8;20;4;0;;;;32;60
"054003";"Bettona";58;4;31;2;1;;;;38;5;32;1;0;;;;38;76
"054003";"Bettona";59;4;18;1;0;;;;23;4;21;4;1;;;;30;53
"054003";"Bettona";60;7;14;4;0;;;;25;4;15;0;1;;;;20;45
"054003";"Bettona";61;5;22;2;0;;;;29;4;26;3;0;;;;33;62
"054003";"Bettona";62;3;26;4;0;;;;33;3;27;1;3;;;;34;67
"054003";"Bettona";63;0;31;0;0;;;;31;5;24;1;7;;;;37;68
"054003";"Bettona";64;3;29;6;2;;;;40;8;35;0;4;;;;47;87
"054003";"Bettona";65;6;23;1;1;;;;31;3;12;0;3;;;;18;49
"054003";"Bettona";66;3;21;2;0;;;;26;0;25;1;1;;;;27;53
"054003";"Bettona";67;3;25;4;2;;;;34;2;23;2;4;;;;31;65
"054003";"Bettona";68;2;26;3;1;;;;32;2;27;2;2;;;;33;65
"054003";"Bettona";69;0;23;0;1;;;;24;1;21;1;2;;;;25;49
"054003";"Bettona";70;1;20;0;0;;;;21;2;17;1;2;;;;22;43
"054003";"Bettona";71;1;18;0;0;;;;19;3;15;3;6;;;;27;46
"054003";"Bettona";72;4;16;1;2;;;;23;2;17;1;6;;;;26;49
"054003";"Bettona";73;0;21;0;1;;;;22;1;10;0;9;;;;20;42
"054003";"Bettona";74;1;16;2;2;;;;21;0;15;1;7;;;;23;44
"054003";"Bettona";75;3;20;1;3;;;;27;1;13;1;9;;;;24;51
"054003";"Bettona";76;0;19;0;2;;;;21;1;20;0;9;;;;30;51
"054003";"Bettona";77;2;17;0;0;;;;19;3;18;1;9;;;;31;50
"054003";"Bettona";78;1;10;1;1;;;;13;1;8;0;6;;;;15;28
"054003";"Bettona";79;0;11;0;2;;;;13;1;6;1;8;;;;16;29
"054003";"Bettona";80;1;20;0;3;;;;24;0;7;1;5;;;;13;37
"054003";"Bettona";81;1;11;1;2;;;;15;1;4;0;10;;;;15;30
"054003";"Bettona";82;0;6;0;0;;;;6;1;4;0;12;;;;17;23
"054003";"Bettona";83;1;11;1;2;;;;15;2;5;0;9;;;;16;31
"054003";"Bettona";84;0;11;1;2;;;;14;2;1;0;13;;;;16;30
"054003";"Bettona";85;1;7;2;1;;;;11;0;3;0;12;;;;15;26
"054003";"Bettona";86;0;5;0;2;;;;7;1;4;0;6;;;;11;18
"054003";"Bettona";87;0;3;0;2;;;;5;0;1;0;9;;;;10;15
"054003";"Bettona";88;1;3;0;2;;;;6;1;1;0;18;;;;20;26
"054003";"Bettona";89;0;3;0;5;;;;8;1;0;0;5;;;;6;14
"054003";"Bettona";90;1;2;0;2;;;;5;0;1;0;10;;;;11;16
"054003";"Bettona";91;0;0;0;1;;;;1;1;1;0;2;;;;4;5
"054003";"Bettona";92;0;4;0;3;;;;7;0;1;0;5;;;;6;13
"054003";"Bettona";93;0;0;0;1;;;;1;0;1;0;7;;;;8;9
"054003";"Bettona";94;0;1;0;0;;;;1;1;0;0;4;;;;5;6
"054003";"Bettona";95;0;1;0;1;;;;2;1;0;0;3;;;;4;6
"054003";"Bettona";96;0;0;0;0;;;;0;1;0;0;3;;;;4;4
"054003";"Bettona";97;0;0;0;0;;;;0;0;0;0;2;;;;2;2
"054003";"Bettona";98;0;0;0;2;;;;2;0;0;0;5;;;;5;7
"054003";"Bettona";99;0;0;0;0;;;;0;0;0;0;0;;;;0;0
"054003";"Bettona";100;0;0;0;0;;;;0;0;0;0;3;;;;3;3
"054003";"Bettona";999;949;984;74;54;;;;2061;899;973;73;250;;;;2195;4256
"054004";"Bevagna";0;8;0;0;0;;;;8;9;0;0;0;;;;9;17
"054004";"Bevagna";1;6;0;0;0;;;;6;5;0;0;0;;;;5;11
"054004";"Bevagna";2;14;0;0;0;;;;14;19;0;0;0;;;;19;33
"054004";"Bevagna";3;19;0;0;0;;;;19;22;0;0;0;;;;22;41
"054004";"Bevagna";4;15;0;0;0;;;;15;13;0;0;0;;;;13;28
"054004";"Bevagna";5;17;0;0;0;;;;17;15;0;0;0;;;;15;32
"054004";"Bevagna";6;8;0;0;0;;;;8;14;0;0;0;;;;14;22
"054004";"Bevagna";7;18;0;0;0;;;;18;20;0;0;0;;;;20;38
"054004";"Bevagna";8;20;0;0;0;;;;20;14;0;0;0;;;;14;34
"054004";"Bevagna";9;20;0;0;0;;;;20;16;0;0;0;;;;16;36
"054004";"Bevagna";10;22;0;0;0;;;;22;27;0;0;0;;;;27;49
"054004";"Bevagna";11;17;0;0;0;;;;17;17;0;0;0;;;;17;34
"054004";"Bevagna";12;23;0;0;0;;;;23;22;0;0;0;;;;22;45
"054004";"Bevagna";13;19;0;0;0;;;;19;21;0;0;0;;;;21;40
"054004";"Bevagna";14;30;0;0;0;;;;30;10;0;0;0;;;;10;40
"054004";"Bevagna";15;20;0;0;0;;;;20;26;0;0;0;;;;26;46
"054004";"Bevagna";16;18;0;0;0;;;;18;14;0;0;0;;;;14;32
"054004";"Bevagna";17;22;0;0;0;;;;22;14;0;0;0;;;;14;36
"054004";"Bevagna";18;27;0;0;0;;;;27;14;0;0;0;;;;14;41
"054004";"Bevagna";19;24;0;0;0;;;;24;16;0;0;0;;;;16;40
"054004";"Bevagna";20;30;0;0;0;;;;30;20;0;0;0;;;;20;50
"054004";"Bevagna";21;21;0;0;0;;;;21;17;0;0;0;;;;17;38
"054004";"Bevagna";22;21;0;0;0;;;;21;25;0;0;0;;;;25;46
"054004";"Bevagna";23;32;0;0;0;;;;32;16;0;0;0;;;;16;48
"054004";"Bevagna";24;16;0;0;0;;;;16;17;1;0;0;;;;18;34
"054004";"Bevagna";25;24;1;0;0;;;;25;18;0;0;0;;;;18;43
"054004";"Bevagna";26;23;1;0;0;;;;24;13;3;0;0;;;;16;40
"054004";"Bevagna";27;25;2;0;0;;;;27;18;3;1;0;;;;22;49
"054004";"Bevagna";28;26;1;0;0;;;;27;19;4;0;0;;;;23;50
"054004";"Bevagna";29;19;1;0;0;;;;20;11;2;0;0;;;;13;33
"054004";"Bevagna";30;15;2;0;0;;;;17;22;4;1;0;;;;27;44
"054004";"Bevagna";31;20;1;0;0;;;;21;13;4;0;0;;;;17;38
"054004";"Bevagna";32;20;3;0;0;;;;23;13;7;1;0;;;;21;44
"054004";"Bevagna";33;15;5;1;0;;;;21;17;2;1;0;;;;20;41
"054004";"Bevagna";34;18;9;1;0;;;;28;14;9;1;0;;;;24;52
"054004";"Bevagna";35;21;9;1;0;;;;31;19;11;0;0;;;;30;61
"054004";"Bevagna";36;13;7;0;0;;;;20;6;10;2;0;;;;18;38
"054004";"Bevagna";37;9;13;0;0;;;;22;12;12;0;0;;;;24;46
"054004";"Bevagna";38;17;6;0;0;;;;23;12;19;1;1;;;;33;56
"054004";"Bevagna";39;13;7;1;0;;;;21;9;15;1;0;;;;25;46
"054004";"Bevagna";40;15;14;1;0;;;;30;16;14;0;0;;;;30;60
"054004";"Bevagna";41;17;12;0;0;;;;29;11;17;2;0;;;;30;59
"054004";"Bevagna";42;20;15;0;0;;;;35;11;17;2;0;;;;30;65
"054004";"Bevagna";43;11;12;1;0;;;;24;10;29;1;0;;;;40;64
"054004";"Bevagna";44;20;12;0;0;;;;32;10;18;0;0;;;;28;60
"054004";"Bevagna";45;15;14;2;0;;;;31;10;17;1;1;;;;29;60
"054004";"Bevagna";46;10;21;2;0;;;;33;11;19;2;0;;;;32;65
"054004";"Bevagna";47;8;18;1;0;;;;27;11;29;2;0;;;;42;69
"054004";"Bevagna";48;14;27;0;0;;;;41;5;30;5;1;;;;41;82
"054004";"Bevagna";49;9;22;3;0;;;;34;8;29;3;1;;;;41;75
"054004";"Bevagna";50;12;31;3;0;;;;46;6;30;3;1;;;;40;86
"054004";"Bevagna";51;9;24;3;0;;;;36;4;21;2;0;;;;27;63
"054004";"Bevagna";52;12;30;2;0;;;;44;8;21;1;2;;;;32;76
"054004";"Bevagna";53;7;24;4;0;;;;35;6;36;4;1;;;;47;82
"054004";"Bevagna";54;11;32;0;0;;;;43;4;28;5;1;;;;38;81
"054004";"Bevagna";55;13;23;3;0;;;;39;4;31;4;0;;;;39;78
"054004";"Bevagna";56;8;32;3;0;;;;43;8;28;5;2;;;;43;86
"054004";"Bevagna";57;2;31;3;0;;;;36;3;28;2;1;;;;34;70
"054004";"Bevagna";58;7;36;3;0;;;;46;2;36;2;2;;;;42;88
"054004";"Bevagna";59;7;31;3;1;;;;42;2;42;4;1;;;;49;91
"054004";"Bevagna";60;6;25;1;1;;;;33;2;16;5;1;;;;24;57
"054004";"Bevagna";61;8;31;5;0;;;;44;2;28;4;3;;;;37;81
"054004";"Bevagna";62;2;31;5;1;;;;39;2;28;3;1;;;;34;73
"054004";"Bevagna";63;5;30;3;1;;;;39;8;35;3;2;;;;48;87
"054004";"Bevagna";64;3;27;0;2;;;;32;2;25;3;4;;;;34;66
"054004";"Bevagna";65;6;22;3;0;;;;31;4;26;0;3;;;;33;64
"054004";"Bevagna";66;3;25;0;1;;;;29;5;22;0;2;;;;29;58
"054004";"Bevagna";67;3;31;3;1;;;;38;4;34;2;2;;;;42;80
"054004";"Bevagna";68;6;25;2;3;;;;36;1;29;1;3;;;;34;70
"054004";"Bevagna";69;4;19;0;1;;;;24;2;24;2;4;;;;32;56
"054004";"Bevagna";70;4;22;1;1;;;;28;3;19;0;2;;;;24;52
"054004";"Bevagna";71;4;23;0;3;;;;30;1;25;0;8;;;;34;64
"054004";"Bevagna";72;2;30;0;0;;;;32;3;20;2;8;;;;33;65
"054004";"Bevagna";73;1;31;0;0;;;;32;3;14;0;8;;;;25;57
"054004";"Bevagna";74;2;28;2;3;;;;35;3;27;1;6;;;;37;72
"054004";"Bevagna";75;1;24;0;1;;;;26;3;17;1;8;;;;29;55
"054004";"Bevagna";76;0;20;1;2;;;;23;0;20;0;7;;;;27;50
"054004";"Bevagna";77;2;18;2;2;;;;24;0;18;0;9;;;;27;51
"054004";"Bevagna";78;0;16;1;1;;;;18;0;15;0;10;;;;25;43
"054004";"Bevagna";79;3;17;2;4;;;;26;2;8;0;9;;;;19;45
"054004";"Bevagna";80;2;19;0;2;;;;23;1;17;1;6;;;;25;48
"054004";"Bevagna";81;0;11;1;3;;;;15;1;9;2;6;;;;18;33
"054004";"Bevagna";82;2;13;0;3;;;;18;0;8;0;14;;;;22;40
"054004";"Bevagna";83;1;19;1;2;;;;23;1;7;0;14;;;;22;45
"054004";"Bevagna";84;0;12;0;2;;;;14;0;12;0;13;;;;25;39
"054004";"Bevagna";85;0;19;0;2;;;;21;0;5;0;13;;;;18;39
"054004";"Bevagna";86;0;6;2;1;;;;9;1;6;0;14;;;;21;30
"054004";"Bevagna";87;0;13;0;3;;;;16;1;7;0;18;;;;26;42
"054004";"Bevagna";88;0;9;0;2;;;;11;1;2;0;10;;;;13;24
"054004";"Bevagna";89;0;4;0;4;;;;8;0;1;0;16;;;;17;25
"054004";"Bevagna";90;0;1;0;1;;;;2;1;0;0;11;;;;12;14
"054004";"Bevagna";91;0;4;1;2;;;;7;0;2;0;5;;;;7;14
"054004";"Bevagna";92;0;3;0;2;;;;5;0;3;0;4;;;;7;12
"054004";"Bevagna";93;1;0;0;1;;;;2;2;1;0;6;;;;9;11
"054004";"Bevagna";94;0;2;0;1;;;;3;0;1;0;7;;;;8;11
"054004";"Bevagna";95;0;0;0;0;;;;0;1;0;0;5;;;;6;6
"054004";"Bevagna";96;0;2;0;0;;;;2;1;0;0;3;;;;4;6
"054004";"Bevagna";97;0;1;0;0;;;;1;0;0;0;1;;;;1;2
"054004";"Bevagna";98;0;0;0;1;;;;1;0;0;0;0;;;;0;1
"054004";"Bevagna";99;0;0;0;0;;;;0;0;0;0;0;;;;0;0
"054004";"Bevagna";100;0;0;0;2;;;;2;0;0;0;1;;;;1;3
"054004";"Bevagna";999;1063;1162;77;63;;;;2365;850;1157;89;282;;;;2378;4743
"054005";"Campello sul Clitunno";0;3;0;0;0;;;;3;5;0;0;0;;;;5;8
"054005";"Campello sul Clitunno";1;1;0;0;0;;;;1;5;0;0;0;;;;5;6
"054005";"Campello sul Clitunno";2;12;0;0;0;;;;12;7;0;0;0;;;;7;19
"054005";"Campello sul Clitunno";3;8;0;0;0;;;;8;9;0;0;0;;;;9;17
"054005";"Campello sul Clitunno";4;7;0;0;0;;;;7;7;0;0;0;;;;7;14
"054005";"Campello sul Clitunno";5;7;0;0;0;;;;7;5;0;0;0;;;;5;12
"054005";"Campello sul Clitunno";6;11;0;0;0;;;;11;13;0;0;0;;;;13;24
"054005";"Campello sul Clitunno";7;8;0;0;0;;;;8;7;0;0;0;;;;7;15
"054005";"Campello sul Clitunno";8;7;0;0;0;;;;7;9;0;0;0;;;;9;16
"054005";"Campello sul Clitunno";9;11;0;0;0;;;;11;4;0;0;0;;;;4;15
"054005";"Campello sul Clitunno";10;8;0;0;0;;;;8;8;0;0;0;;;;8;16
"054005";"Campello sul Clitunno";11;10;0;0;0;;;;10;21;0;0;0;;;;21;31
"054005";"Campello sul Clitunno";12;8;0;0;0;;;;8;11;0;0;0;;;;11;19
"054005";"Campello sul Clitunno";13;14;0;0;0;;;;14;9;0;0;0;;;;9;23
"054005";"Campello sul Clitunno";14;13;0;0;0;;;;13;10;0;0;0;;;;10;23
"054005";"Campello sul Clitunno";15;11;0;0;0;;;;11;16;0;0;0;;;;16;27
"054005";"Campello sul Clitunno";16;10;0;0;0;;;;10;11;0;0;0;;;;11;21
"054005";"Campello sul Clitunno";17;11;0;0;0;;;;11;9;0;0;0;;;;9;20
"054005";"Campello sul Clitunno";18;7;0;0;0;;;;7;15;0;0;0;;;;15;22
"054005";"Campello sul Clitunno";19;10;0;0;0;;;;10;7;0;0;0;;;;7;17
"054005";"Campello sul Clitunno";20;19;0;0;0;;;;19;7;0;0;0;;;;7;26
"054005";"Campello sul Clitunno";21;14;0;0;0;;;;14;12;0;0;0;;;;12;26
"054005";"Campello sul Clitunno";22;6;0;0;0;;;;6;15;1;0;0;;;;16;22
"054005";"Campello sul Clitunno";23;15;0;0;0;;;;15;6;0;0;0;;;;6;21
"054005";"Campello sul Clitunno";24;2;0;0;0;;;;2;10;0;0;0;;;;10;12
"054005";"Campello sul Clitunno";25;6;0;0;0;;;;6;6;0;0;0;;;;6;12
"054005";"Campello sul Clitunno";26;17;0;0;0;;;;17;7;0;0;0;;;;7;24
"054005";"Campello sul Clitunno";27;12;1;0;0;;;;13;7;1;0;0;;;;8;21
"054005";"Campello sul Clitunno";28;5;1;0;0;;;;6;7;2;0;0;;;;9;15
"054005";"Campello sul Clitunno";29;6;0;0;0;;;;6;9;4;0;0;;;;13;19
"054005";"Campello sul Clitunno";30;4;0;0;0;;;;4;3;2;0;0;;;;5;9
"054005";"Campello sul Clitunno";31;11;2;0;0;;;;13;5;3;0;0;;;;8;21
"054005";"Campello sul Clitunno";32;6;2;0;0;;;;8;13;6;0;0;;;;19;27
"054005";"Campello sul Clitunno";33;11;5;0;0;;;;16;5;5;0;0;;;;10;26
"054005";"Campello sul Clitunno";34;4;6;0;0;;;;10;5;4;0;0;;;;9;19
"054005";"Campello sul Clitunno";35;8;5;0;0;;;;13;6;6;0;0;;;;12;25
"054005";"Campello sul Clitunno";36;12;5;0;0;;;;17;7;7;0;0;;;;14;31
"054005";"Campello sul Clitunno";37;5;3;0;0;;;;8;5;8;0;0;;;;13;21
"054005";"Campello sul Clitunno";38;3;9;0;0;;;;12;9;3;0;0;;;;12;24
"054005";"Campello sul Clitunno";39;6;10;0;0;;;;16;4;9;0;0;;;;13;29
"054005";"Campello sul Clitunno";40;10;6;1;0;;;;17;7;9;1;1;;;;18;35
"054005";"Campello sul Clitunno";41;8;5;0;0;;;;13;3;2;0;0;;;;5;18
"054005";"Campello sul Clitunno";42;7;5;0;0;;;;12;7;8;1;0;;;;16;28
"054005";"Campello sul Clitunno";43;8;4;0;0;;;;12;5;12;1;0;;;;18;30
"054005";"Campello sul Clitunno";44;8;6;1;0;;;;15;5;7;2;0;;;;14;29
"054005";"Campello sul Clitunno";45;0;12;1;0;;;;13;2;15;1;0;;;;18;31
"054005";"Campello sul Clitunno";46;4;11;1;0;;;;16;2;11;0;1;;;;14;30
"054005";"Campello sul Clitunno";47;10;12;1;0;;;;23;3;9;3;0;;;;15;38
"054005";"Campello sul Clitunno";48;8;5;0;0;;;;13;5;18;1;0;;;;24;37
"054005";"Campello sul Clitunno";49;7;12;0;0;;;;19;5;9;1;0;;;;15;34
"054005";"Campello sul Clitunno";50;4;11;1;0;;;;16;3;18;0;1;;;;22;38
"054005";"Campello sul Clitunno";51;7;6;0;0;;;;13;3;9;5;0;;;;17;30
"054005";"Campello sul Clitunno";52;9;20;0;0;;;;29;5;11;1;2;;;;19;48
"054005";"Campello sul Clitunno";53;4;12;2;0;;;;18;2;14;2;0;;;;18;36
"054005";"Campello sul Clitunno";54;4;8;2;0;;;;14;2;16;1;0;;;;19;33
"054005";"Campello sul Clitunno";55;5;14;1;0;;;;20;3;15;0;4;;;;22;42
"054005";"Campello sul Clitunno";56;6;6;2;0;;;;14;2;9;2;1;;;;14;28
"054005";"Campello sul Clitunno";57;4;17;0;0;;;;21;2;9;0;0;;;;11;32
"054005";"Campello sul Clitunno";58;6;10;0;2;;;;18;1;19;2;0;;;;22;40
"054005";"Campello sul Clitunno";59;5;24;3;0;;;;32;2;13;6;4;;;;25;57
"054005";"Campello sul Clitunno";60;1;21;1;1;;;;24;3;14;1;2;;;;20;44
"054005";"Campello sul Clitunno";61;4;15;3;0;;;;22;1;17;1;2;;;;21;43
"054005";"Campello sul Clitunno";62;3;15;4;0;;;;22;3;17;0;1;;;;21;43
"054005";"Campello sul Clitunno";63;3;12;3;0;;;;18;0;8;3;5;;;;16;34
"054005";"Campello sul Clitunno";64;2;8;1;1;;;;12;1;15;1;3;;;;20;32
"054005";"Campello sul Clitunno";65;2;5;0;0;;;;7;4;11;1;3;;;;19;26
"054005";"Campello sul Clitunno";66;1;9;1;1;;;;12;1;13;2;2;;;;18;30
"054005";"Campello sul Clitunno";67;3;12;0;0;;;;15;0;9;0;1;;;;10;25
"054005";"Campello sul Clitunno";68;2;8;0;1;;;;11;3;9;3;2;;;;17;28
"054005";"Campello sul Clitunno";69;3;12;1;0;;;;16;0;20;0;3;;;;23;39
"054005";"Campello sul Clitunno";70;0;11;0;1;;;;12;1;14;0;2;;;;17;29
"054005";"Campello sul Clitunno";71;1;9;0;1;;;;11;2;5;0;2;;;;9;20
"054005";"Campello sul Clitunno";72;1;8;1;0;;;;10;0;11;0;3;;;;14;24
"054005";"Campello sul Clitunno";73;2;14;1;1;;;;18;0;12;0;4;;;;16;34
"054005";"Campello sul Clitunno";74;3;18;0;0;;;;21;0;8;1;1;;;;10;31
"054005";"Campello sul Clitunno";75;2;13;0;0;;;;15;0;5;1;3;;;;9;24
"054005";"Campello sul Clitunno";76;3;11;2;0;;;;16;1;10;0;8;;;;19;35
"054005";"Campello sul Clitunno";77;2;11;0;2;;;;15;0;12;0;1;;;;13;28
"054005";"Campello sul Clitunno";78;0;10;0;1;;;;11;0;4;0;2;;;;6;17
"054005";"Campello sul Clitunno";79;0;9;0;2;;;;11;1;7;0;9;;;;17;28
"054005";"Campello sul Clitunno";80;0;5;0;2;;;;7;0;4;0;4;;;;8;15
"054005";"Campello sul Clitunno";81;0;5;0;3;;;;8;2;7;0;3;;;;12;20
"054005";"Campello sul Clitunno";82;1;9;0;2;;;;12;0;4;0;3;;;;7;19
"054005";"Campello sul Clitunno";83;0;5;0;2;;;;7;0;3;0;5;;;;8;15
"054005";"Campello sul Clitunno";84;1;10;0;1;;;;12;0;7;0;8;;;;15;27
"054005";"Campello sul Clitunno";85;0;5;0;2;;;;7;1;6;0;9;;;;16;23
"054005";"Campello sul Clitunno";86;0;9;0;0;;;;9;0;0;0;8;;;;8;17
"054005";"Campello sul Clitunno";87;0;3;0;2;;;;5;1;1;0;3;;;;5;10
"054005";"Campello sul Clitunno";88;0;3;0;2;;;;5;1;1;0;11;;;;13;18
"054005";"Campello sul Clitunno";89;0;1;0;0;;;;1;0;1;0;10;;;;11;12
"054005";"Campello sul Clitunno";90;0;1;0;1;;;;2;0;1;0;5;;;;6;8
"054005";"Campello sul Clitunno";91;0;2;0;1;;;;3;1;0;0;2;;;;3;6
"054005";"Campello sul Clitunno";92;0;0;0;0;;;;0;1;0;0;4;;;;5;5
"054005";"Campello sul Clitunno";93;0;1;0;0;;;;1;0;0;0;5;;;;5;6
"054005";"Campello sul Clitunno";94;0;1;0;2;;;;3;0;1;0;4;;;;5;8
"054005";"Campello sul Clitunno";95;0;0;0;0;;;;0;0;0;0;3;;;;3;3
"054005";"Campello sul Clitunno";96;0;0;0;0;;;;0;0;0;0;3;;;;3;3
"054005";"Campello sul Clitunno";97;0;0;0;0;;;;0;0;0;0;3;;;;3;3
"054005";"Campello sul Clitunno";98;0;0;0;0;;;;0;0;0;0;0;;;;0;0
"054005";"Campello sul Clitunno";99;0;0;0;1;;;;1;0;0;0;0;;;;0;1
"054005";"Campello sul Clitunno";100;0;0;0;0;;;;0;0;0;0;1;;;;1;1
"054005";"Campello sul Clitunno";999;513;546;34;35;;;;1128;433;551;44;167;;;;1195;2323
"054006";"Cannara";0;20;0;0;0;;;;20;8;0;0;0;;;;8;28
"054006";"Cannara";1;10;0;0;0;;;;10;16;0;0;0;;;;16;26
"054006";"Cannara";2;16;0;0;0;;;;16;8;0;0;0;;;;8;24
"054006";"Cannara";3;10;0;0;0;;;;10;10;0;0;0;;;;10;20
"054006";"Cannara";4;17;0;0;0;;;;17;16;0;0;0;;;;16;33
"054006";"Cannara";5;20;0;0;0;;;;20;18;0;0;0;;;;18;38
"054006";"Cannara";6;20;0;0;0;;;;20;20;0;0;0;;;;20;40
"054006";"Cannara";7;21;0;0;0;;;;21;19;0;0;0;;;;19;40
"054006";"Cannara";8;15;0;0;0;;;;15;17;0;0;0;;;;17;32
"054006";"Cannara";9;13;0;0;0;;;;13;17;0;0;0;;;;17;30
"054006";"Cannara";10;24;0;0;0;;;;24;15;0;0;0;;;;15;39
"054006";"Cannara";11;24;0;0;0;;;;24;17;0;0;0;;;;17;41
"054006";"Cannara";12;23;0;0;0;;;;23;31;0;0;0;;;;31;54
"054006";"Cannara";13;17;0;0;0;;;;17;27;0;0;0;;;;27;44
"054006";"Cannara";14;23;0;0;0;;;;23;19;0;0;0;;;;19;42
"054006";"Cannara";15;21;0;0;0;;;;21;27;0;0;0;;;;27;48
"054006";"Cannara";16;29;0;0;0;;;;29;22;0;0;0;;;;22;51
"054006";"Cannara";17;14;0;0;0;;;;14;12;0;0;0;;;;12;26
"054006";"Cannara";18;18;0;0;0;;;;18;21;0;0;0;;;;21;39
"054006";"Cannara";19;19;0;0;0;;;;19;17;0;0;0;;;;17;36
"054006";"Cannara";20;20;1;0;0;;;;21;19;0;0;0;;;;19;40
"054006";"Cannara";21;20;0;0;0;;;;20;19;0;0;0;;;;19;39
"054006";"Cannara";22;19;0;0;0;;;;19;22;1;0;0;;;;23;42
"054006";"Cannara";23;21;0;0;0;;;;21;14;1;0;0;;;;15;36
"054006";"Cannara";24;22;0;0;0;;;;22;30;2;0;0;;;;32;54
"054006";"Cannara";25;23;0;0;0;;;;23;12;2;0;0;;;;14;37
"054006";"Cannara";26;16;2;0;0;;;;18;14;2;0;0;;;;16;34
"054006";"Cannara";27;14;3;0;0;;;;17;16;2;0;0;;;;18;35
"054006";"Cannara";28;27;1;0;0;;;;28;7;2;0;0;;;;9;37
"054006";"Cannara";29;13;1;0;0;;;;14;10;3;0;0;;;;13;27
"054006";"Cannara";30;16;3;0;0;;;;19;15;6;0;0;;;;21;40
"054006";"Cannara";31;24;1;0;0;;;;25;21;3;0;0;;;;24;49
"054006";"Cannara";32;16;4;0;0;;;;20;19;12;0;0;;;;31;51
"054006";"Cannara";33;19;8;0;0;;;;27;12;13;3;0;;;;28;55
"054006";"Cannara";34;12;6;0;0;;;;18;15;9;0;1;;;;25;43
"054006";"Cannara";35;16;5;0;0;;;;21;13;14;0;0;;;;27;48
"054006";"Cannara";36;13;4;0;0;;;;17;11;20;1;0;;;;32;49
"054006";"Cannara";37;25;18;0;0;;;;43;9;17;3;0;;;;29;72
"054006";"Cannara";38;13;9;1;0;;;;23;9;22;1;0;;;;32;55
"054006";"Cannara";39;22;16;1;0;;;;39;9;16;1;0;;;;26;65
"054006";"Cannara";40;12;11;1;0;;;;24;11;24;2;0;;;;37;61
"054006";"Cannara";41;11;15;2;0;;;;28;6;14;1;0;;;;21;49
"054006";"Cannara";42;9;12;2;0;;;;23;6;19;1;0;;;;26;49
"054006";"Cannara";43;6;21;2;0;;;;29;4;18;1;0;;;;23;52
"054006";"Cannara";44;11;17;1;0;;;;29;9;14;3;0;;;;26;55
"054006";"Cannara";45;7;18;0;0;;;;25;6;20;3;0;;;;29;54
"054006";"Cannara";46;7;19;0;1;;;;27;7;19;2;0;;;;28;55
"054006";"Cannara";47;8;24;2;0;;;;34;5;17;1;0;;;;23;57
"054006";"Cannara";48;6;21;1;0;;;;28;7;28;4;1;;;;40;68
"054006";"Cannara";49;10;23;3;0;;;;36;6;16;3;1;;;;26;62
"054006";"Cannara";50;6;23;2;1;;;;32;5;20;3;0;;;;28;60
"054006";"Cannara";51;10;21;4;0;;;;35;8;25;1;0;;;;34;69
"054006";"Cannara";52;12;20;1;0;;;;33;4;24;3;2;;;;33;66
"054006";"Cannara";53;7;20;2;0;;;;29;6;26;1;1;;;;34;63
"054006";"Cannara";54;1;19;3;1;;;;24;2;23;1;1;;;;27;51
"054006";"Cannara";55;3;22;4;0;;;;29;1;33;5;3;;;;42;71
"054006";"Cannara";56;3;13;3;0;;;;19;4;24;3;2;;;;33;52
"054006";"Cannara";57;5;26;2;0;;;;33;11;30;1;1;;;;43;76
"054006";"Cannara";58;3;22;0;0;;;;25;4;22;1;2;;;;29;54
"054006";"Cannara";59;7;32;2;1;;;;42;0;26;5;2;;;;33;75
"054006";"Cannara";60;2;17;2;0;;;;21;2;31;5;1;;;;39;60
"054006";"Cannara";61;2;24;1;1;;;;28;1;14;1;4;;;;20;48
"054006";"Cannara";62;3;26;2;2;;;;33;5;23;3;4;;;;35;68
"054006";"Cannara";63;3;21;4;1;;;;29;2;33;1;1;;;;37;66
"054006";"Cannara";64;4;32;2;4;;;;42;2;27;0;2;;;;31;73
"054006";"Cannara";65;1;29;0;1;;;;31;3;16;1;2;;;;22;53
"054006";"Cannara";66;2;19;1;1;;;;23;1;26;1;2;;;;30;53
"054006";"Cannara";67;2;20;1;0;;;;23;1;26;1;1;;;;29;52
"054006";"Cannara";68;2;34;0;3;;;;39;3;18;1;2;;;;24;63
"054006";"Cannara";69;1;25;1;0;;;;27;1;22;2;3;;;;28;55
"054006";"Cannara";70;1;28;0;2;;;;31;1;15;1;3;;;;20;51
"054006";"Cannara";71;3;11;0;0;;;;14;1;18;0;7;;;;26;40
"054006";"Cannara";72;1;12;1;0;;;;14;0;14;2;1;;;;17;31
"054006";"Cannara";73;2;22;0;0;;;;24;0;14;0;6;;;;20;44
"054006";"Cannara";74;0;28;1;0;;;;29;2;13;0;9;;;;24;53
"054006";"Cannara";75;0;17;1;3;;;;21;1;13;0;9;;;;23;44
"054006";"Cannara";76;1;11;0;1;;;;13;1;16;2;7;;;;26;39
"054006";"Cannara";77;1;10;0;1;;;;12;0;12;1;7;;;;20;32
"054006";"Cannara";78;3;12;0;1;;;;16;1;6;0;4;;;;11;27
"054006";"Cannara";79;1;13;0;2;;;;16;0;7;0;7;;;;14;30
"054006";"Cannara";80;1;18;1;1;;;;21;2;4;0;10;;;;16;37
"054006";"Cannara";81;1;11;0;3;;;;15;1;10;0;9;;;;20;35
"054006";"Cannara";82;0;8;0;1;;;;9;0;3;0;7;;;;10;19
"054006";"Cannara";83;1;9;0;3;;;;13;1;6;1;12;;;;20;33
"054006";"Cannara";84;1;10;1;1;;;;13;0;5;0;14;;;;19;32
"054006";"Cannara";85;0;7;0;1;;;;8;0;3;0;14;;;;17;25
"054006";"Cannara";86;2;8;0;2;;;;12;0;8;0;16;;;;24;36
"054006";"Cannara";87;0;4;0;0;;;;4;0;3;0;15;;;;18;22
"054006";"Cannara";88;0;5;0;6;;;;11;1;4;0;14;;;;19;30
"054006";"Cannara";89;0;4;0;1;;;;5;0;2;0;11;;;;13;18
"054006";"Cannara";90;0;5;0;2;;;;7;0;1;0;12;;;;13;20
"054006";"Cannara";91;0;2;0;1;;;;3;1;0;0;8;;;;9;12
"054006";"Cannara";92;0;1;0;2;;;;3;0;0;0;2;;;;2;5
"054006";"Cannara";93;0;1;0;1;;;;2;0;0;0;4;;;;4;6
"054006";"Cannara";94;0;0;0;0;;;;0;0;0;0;4;;;;4;4
"054006";"Cannara";95;0;1;0;3;;;;4;0;0;0;1;;;;1;5
"054006";"Cannara";96;0;0;0;1;;;;1;1;0;0;4;;;;5;6
"054006";"Cannara";97;0;1;0;1;;;;2;0;0;0;1;;;;1;3
"054006";"Cannara";98;0;1;0;1;;;;2;0;0;0;0;;;;0;2
"054006";"Cannara";99;0;0;0;0;;;;0;0;0;0;0;;;;0;0
"054006";"Cannara";100;0;0;0;0;;;;0;0;0;0;1;;;;1;1
"054006";"Cannara";999;930;988;58;58;;;;2034;800;1002;77;258;;;;2137;4171
"054007";"Cascia";0;13;0;0;0;;;;13;17;0;0;0;;;;17;30
"054007";"Cascia";1;10;0;0;0;;;;10;9;0;0;0;;;;9;19
"054007";"Cascia";2;7;0;0;0;;;;7;8;0;0;0;;;;8;15
"054007";"Cascia";3;8;0;0;0;;;;8;9;0;0;0;;;;9;17
"054007";"Cascia";4;12;0;0;0;;;;12;12;0;0;0;;;;12;24
"054007";"Cascia";5;2;0;0;0;;;;2;10;0;0;0;;;;10;12
"054007";"Cascia";6;8;0;0;0;;;;8;7;0;0;0;;;;7;15
"054007";"Cascia";7;9;0;0;0;;;;9;14;0;0;0;;;;14;23
"054007";"Cascia";8;4;0;0;0;;;;4;11;0;0;0;;;;11;15
"054007";"Cascia";9;11;0;0;0;;;;11;7;0;0;0;;;;7;18
"054007";"Cascia";10;12;0;0;0;;;;12;8;0;0;0;;;;8;20
"054007";"Cascia";11;11;0;0;0;;;;11;11;0;0;0;;;;11;22
"054007";"Cascia";12;10;0;0;0;;;;10;12;0;0;0;;;;12;22
"054007";"Cascia";13;10;0;0;0;;;;10;18;0;0;0;;;;18;28
"054007";"Cascia";14;11;0;0;0;;;;11;9;0;0;0;;;;9;20
"054007";"Cascia";15;16;0;0;0;;;;16;9;0;0;0;;;;9;25
"054007";"Cascia";16;20;0;0;0;;;;20;18;0;0;0;;;;18;38
"054007";"Cascia";17;8;0;0;0;;;;8;14;0;0;0;;;;14;22
"054007";"Cascia";18;10;0;0;0;;;;10;12;0;0;0;;;;12;22
"054007";"Cascia";19;13;0;0;0;;;;13;14;0;0;0;;;;14;27
"054007";"Cascia";20;21;0;0;0;;;;21;10;1;0;0;;;;11;32
"054007";"Cascia";21;8;1;0;0;;;;9;13;0;0;0;;;;13;22
"054007";"Cascia";22;14;0;0;0;;;;14;16;0;0;0;;;;16;30
"054007";"Cascia";23;13;0;0;0;;;;13;19;1;0;0;;;;20;33
"054007";"Cascia";24;20;0;0;0;;;;20;12;0;0;0;;;;12;32
"054007";"Cascia";25;16;0;0;0;;;;16;20;2;0;0;;;;22;38
"054007";"Cascia";26;9;0;0;0;;;;9;9;0;0;0;;;;9;18
"054007";"Cascia";27;23;2;0;0;;;;25;18;2;0;0;;;;20;45
"054007";"Cascia";28;18;4;0;0;;;;22;18;1;0;0;;;;19;41
"054007";"Cascia";29;8;2;0;0;;;;10;16;2;0;0;;;;18;28
"054007";"Cascia";30;14;0;0;0;;;;14;13;5;0;0;;;;18;32
"054007";"Cascia";31;21;1;0;0;;;;22;7;3;0;0;;;;10;32
"054007";"Cascia";32;24;0;0;0;;;;24;9;4;0;0;;;;13;37
"054007";"Cascia";33;11;1;0;0;;;;12;9;7;1;0;;;;17;29
"054007";"Cascia";34;10;4;0;0;;;;14;6;3;0;0;;;;9;23
"054007";"Cascia";35;11;8;0;0;;;;19;6;16;1;1;;;;24;43
"054007";"Cascia";36;15;9;0;0;;;;24;6;4;0;0;;;;10;34
"054007";"Cascia";37;15;5;0;0;;;;20;5;12;0;0;;;;17;37
"054007";"Cascia";38;7;4;0;0;;;;11;4;9;0;0;;;;13;24
"054007";"Cascia";39;4;9;0;0;;;;13;7;12;0;0;;;;19;32
"054007";"Cascia";40;16;13;0;0;;;;29;8;10;0;0;;;;18;47
"054007";"Cascia";41;9;7;0;0;;;;16;6;7;0;0;;;;13;29
"054007";"Cascia";42;10;6;0;0;;;;16;1;9;1;1;;;;12;28
"054007";"Cascia";43;8;6;0;0;;;;14;6;10;1;0;;;;17;31
"054007";"Cascia";44;6;7;0;0;;;;13;7;11;0;0;;;;18;31
"054007";"Cascia";45;5;11;0;0;;;;16;2;13;0;0;;;;15;31
"054007";"Cascia";46;10;12;0;0;;;;22;3;7;0;0;;;;10;32
"054007";"Cascia";47;8;6;0;0;;;;14;5;9;2;0;;;;16;30
"054007";"Cascia";48;4;15;0;0;;;;19;1;16;0;1;;;;18;37
"054007";"Cascia";49;4;11;2;0;;;;17;11;13;0;0;;;;24;41
"054007";"Cascia";50;4;20;1;0;;;;25;4;19;0;0;;;;23;48
"054007";"Cascia";51;6;14;1;0;;;;21;2;19;0;0;;;;21;42
"054007";"Cascia";52;4;15;1;0;;;;20;2;25;1;1;;;;29;49
"054007";"Cascia";53;6;16;0;0;;;;22;3;17;2;1;;;;23;45
"054007";"Cascia";54;6;19;2;0;;;;27;3;15;1;2;;;;21;48
"054007";"Cascia";55;6;24;1;0;;;;31;2;24;1;2;;;;29;60
"054007";"Cascia";56;6;18;1;0;;;;25;5;22;1;0;;;;28;53
"054007";"Cascia";57;4;13;1;0;;;;18;4;15;2;4;;;;25;43
"054007";"Cascia";58;4;15;2;0;;;;21;4;21;0;1;;;;26;47
"054007";"Cascia";59;2;17;1;0;;;;20;5;26;0;7;;;;38;58
"054007";"Cascia";60;6;17;1;2;;;;26;5;21;2;1;;;;29;55
"054007";"Cascia";61;4;19;1;0;;;;24;1;32;1;3;;;;37;61
"054007";"Cascia";62;3;23;2;1;;;;29;1;15;0;2;;;;18;47
"054007";"Cascia";63;2;26;1;2;;;;31;3;20;1;2;;;;26;57
"054007";"Cascia";64;6;19;1;1;;;;27;4;16;2;3;;;;25;52
"054007";"Cascia";65;8;22;1;0;;;;31;2;26;0;6;;;;34;65
"054007";"Cascia";66;3;27;1;1;;;;32;2;19;1;2;;;;24;56
"054007";"Cascia";67;1;18;1;0;;;;20;4;15;0;1;;;;20;40
"054007";"Cascia";68;5;16;1;1;;;;23;0;14;0;2;;;;16;39
"054007";"Cascia";69;3;19;2;0;;;;24;1;17;2;0;;;;20;44
"054007";"Cascia";70;2;14;0;0;;;;16;1;8;0;6;;;;15;31
"054007";"Cascia";71;1;16;0;0;;;;17;1;15;0;5;;;;21;38
"054007";"Cascia";72;3;13;0;2;;;;18;1;12;0;3;;;;16;34
"054007";"Cascia";73;1;13;0;1;;;;15;6;10;1;4;;;;21;36
"054007";"Cascia";74;0;18;0;1;;;;19;2;14;0;3;;;;19;38
"054007";"Cascia";75;0;16;1;4;;;;21;0;6;1;4;;;;11;32
"054007";"Cascia";76;2;9;0;3;;;;14;2;10;0;6;;;;18;32
"054007";"Cascia";77;3;9;0;1;;;;13;1;7;0;8;;;;16;29
"054007";"Cascia";78;1;11;0;1;;;;13;0;7;0;7;;;;14;27
"054007";"Cascia";79;0;11;0;0;;;;11;1;3;0;4;;;;8;19
"054007";"Cascia";80;1;6;0;0;;;;7;0;4;0;6;;;;10;17
"054007";"Cascia";81;2;4;0;1;;;;7;0;9;0;3;;;;12;19
"054007";"Cascia";82;0;8;0;1;;;;9;2;3;0;5;;;;10;19
"054007";"Cascia";83;0;8;1;2;;;;11;2;3;0;6;;;;11;22
"054007";"Cascia";84;2;7;0;2;;;;11;2;5;0;11;;;;18;29
"054007";"Cascia";85;1;9;0;3;;;;13;2;2;0;4;;;;8;21
"054007";"Cascia";86;1;1;1;2;;;;5;2;2;0;5;;;;9;14
"054007";"Cascia";87;0;5;0;0;;;;5;1;4;0;5;;;;10;15
"054007";"Cascia";88;0;2;0;0;;;;2;1;1;0;1;;;;3;5
"054007";"Cascia";89;2;3;0;0;;;;5;0;3;0;10;;;;13;18
"054007";"Cascia";90;1;3;0;1;;;;5;0;1;0;6;;;;7;12
"054007";"Cascia";91;0;0;0;1;;;;1;0;0;0;7;;;;7;8
"054007";"Cascia";92;0;2;0;2;;;;4;1;1;0;3;;;;5;9
"054007";"Cascia";93;0;0;0;2;;;;2;0;0;0;5;;;;5;7
"054007";"Cascia";94;0;0;0;1;;;;1;0;0;0;4;;;;4;5
"054007";"Cascia";95;0;0;0;0;;;;0;0;0;0;6;;;;6;6
"054007";"Cascia";96;0;0;0;0;;;;0;0;0;0;0;;;;0;0
"054007";"Cascia";97;0;0;0;0;;;;0;0;0;0;1;;;;1;1
"054007";"Cascia";98;0;0;0;0;;;;0;0;0;0;0;;;;0;0
"054007";"Cascia";99;0;0;0;0;;;;0;0;0;0;1;;;;1;1
"054007";"Cascia";100;0;0;0;0;;;;0;0;0;0;0;;;;0;0
"054007";"Cascia";999;679;709;28;39;;;;1455;587;717;25;182;;;;1511;2966
"054008";"Castel Ritaldi";0;8;0;0;0;;;;8;7;0;0;0;;;;7;15
"054008";"Castel Ritaldi";1;7;0;0;0;;;;7;5;0;0;0;;;;5;12
"054008";"Castel Ritaldi";2;9;0;0;0;;;;9;8;0;0;0;;;;8;17
"054008";"Castel Ritaldi";3;3;0;0;0;;;;3;7;0;0;0;;;;7;10
"054008";"Castel Ritaldi";4;7;0;0;0;;;;7;10;0;0;0;;;;10;17
"054008";"Castel Ritaldi";5;10;0;0;0;;;;10;9;0;0;0;;;;9;19
"054008";"Castel Ritaldi";6;8;0;0;0;;;;8;8;0;0;0;;;;8;16
"054008";"Castel Ritaldi";7;15;0;0;0;;;;15;9;0;0;0;;;;9;24
"054008";"Castel Ritaldi";8;9;0;0;0;;;;9;11;0;0;0;;;;11;20
"054008";"Castel Ritaldi";9;17;0;0;0;;;;17;10;0;0;0;;;;10;27
"054008";"Castel Ritaldi";10;6;0;0;0;;;;6;10;0;0;0;;;;10;16
"054008";"Castel Ritaldi";11;15;0;0;0;;;;15;16;0;0;0;;;;16;31
"054008";"Castel Ritaldi";12;22;0;0;0;;;;22;13;0;0;0;;;;13;35
"054008";"Castel Ritaldi";13;18;0;0;0;;;;18;16;0;0;0;;;;16;34
"054008";"Castel Ritaldi";14;18;0;0;0;;;;18;18;0;0;0;;;;18;36
"054008";"Castel Ritaldi";15;11;0;0;0;;;;11;18;0;0;0;;;;18;29
"054008";"Castel Ritaldi";16;12;0;0;0;;;;12;21;0;0;0;;;;21;33
"054008";"Castel Ritaldi";17;18;0;0;0;;;;18;15;0;0;0;;;;15;33
"054008";"Castel Ritaldi";18;10;0;0;0;;;;10;13;0;0;0;;;;13;23
"054008";"Castel Ritaldi";19;16;0;0;0;;;;16;11;0;0;0;;;;11;27
"054008";"Castel Ritaldi";20;23;0;0;0;;;;23;19;0;0;0;;;;19;42
"054008";"Castel Ritaldi";21;16;0;0;0;;;;16;24;1;0;0;;;;25;41
"054008";"Castel Ritaldi";22;21;0;0;0;;;;21;15;2;0;0;;;;17;38
"054008";"Castel Ritaldi";23;14;0;0;0;;;;14;13;1;0;0;;;;14;28
"054008";"Castel Ritaldi";24;10;0;0;0;;;;10;15;1;0;0;;;;16;26
"054008";"Castel Ritaldi";25;21;2;0;0;;;;23;9;0;0;0;;;;9;32
"054008";"Castel Ritaldi";26;12;0;0;0;;;;12;14;1;1;0;;;;16;28
"054008";"Castel Ritaldi";27;11;0;0;0;;;;11;8;2;0;0;;;;10;21
"054008";"Castel Ritaldi";28;8;0;0;0;;;;8;10;1;0;0;;;;11;19
"054008";"Castel Ritaldi";29;22;3;0;0;;;;25;12;0;0;0;;;;12;37
"054008";"Castel Ritaldi";30;23;1;0;0;;;;24;9;5;0;0;;;;14;38
"054008";"Castel Ritaldi";31;14;1;0;0;;;;15;13;3;0;0;;;;16;31
"054008";"Castel Ritaldi";32;11;4;1;0;;;;16;11;1;0;0;;;;12;28
"054008";"Castel Ritaldi";33;13;1;0;0;;;;14;12;5;0;0;;;;17;31
"054008";"Castel Ritaldi";34;17;6;0;0;;;;23;10;12;1;0;;;;23;46
"054008";"Castel Ritaldi";35;11;1;0;0;;;;12;10;4;1;0;;;;15;27
"054008";"Castel Ritaldi";36;11;4;0;0;;;;15;8;7;0;0;;;;15;30
"054008";"Castel Ritaldi";37;4;7;0;0;;;;11;7;6;0;0;;;;13;24
"054008";"Castel Ritaldi";38;12;3;0;0;;;;15;5;10;0;0;;;;15;30
"054008";"Castel Ritaldi";39;9;8;0;0;;;;17;9;9;0;1;;;;19;36
"054008";"Castel Ritaldi";40;10;5;0;0;;;;15;5;9;1;0;;;;15;30
"054008";"Castel Ritaldi";41;13;10;0;0;;;;23;5;18;0;0;;;;23;46
"054008";"Castel Ritaldi";42;7;9;0;1;;;;17;3;15;0;0;;;;18;35
"054008";"Castel Ritaldi";43;8;13;0;0;;;;21;7;8;0;1;;;;16;37
"054008";"Castel Ritaldi";44;6;8;1;0;;;;15;7;12;1;1;;;;21;36
"054008";"Castel Ritaldi";45;8;9;1;0;;;;18;4;14;4;1;;;;23;41
"054008";"Castel Ritaldi";46;4;15;2;0;;;;21;6;12;0;0;;;;18;39
"054008";"Castel Ritaldi";47;12;13;1;0;;;;26;4;19;1;1;;;;25;51
"054008";"Castel Ritaldi";48;10;9;1;0;;;;20;4;19;2;0;;;;25;45
"054008";"Castel Ritaldi";49;3;23;2;0;;;;28;6;23;3;1;;;;33;61
"054008";"Castel Ritaldi";50;10;15;0;1;;;;26;6;19;1;0;;;;26;52
"054008";"Castel Ritaldi";51;10;12;4;1;;;;27;3;27;1;0;;;;31;58
"054008";"Castel Ritaldi";52;6;22;2;0;;;;30;3;19;1;0;;;;23;53
"054008";"Castel Ritaldi";53;5;31;0;0;;;;36;4;19;3;1;;;;27;63
"054008";"Castel Ritaldi";54;2;23;1;0;;;;26;5;21;1;0;;;;27;53
"054008";"Castel Ritaldi";55;3;12;0;0;;;;15;7;13;3;0;;;;23;38
"054008";"Castel Ritaldi";56;8;25;3;0;;;;36;5;19;2;0;;;;26;62
"054008";"Castel Ritaldi";57;5;15;1;0;;;;21;1;16;1;1;;;;19;40
"054008";"Castel Ritaldi";58;5;19;1;1;;;;26;2;16;0;1;;;;19;45
"054008";"Castel Ritaldi";59;1;15;2;0;;;;18;3;23;1;0;;;;27;45
"054008";"Castel Ritaldi";60;4;13;0;1;;;;18;0;21;2;2;;;;25;43
"054008";"Castel Ritaldi";61;1;28;1;1;;;;31;2;20;2;1;;;;25;56
"054008";"Castel Ritaldi";62;3;16;0;0;;;;19;0;15;1;2;;;;18;37
"054008";"Castel Ritaldi";63;2;23;3;0;;;;28;1;14;0;2;;;;17;45
"054008";"Castel Ritaldi";64;1;13;2;1;;;;17;4;22;1;3;;;;30;47
"054008";"Castel Ritaldi";65;2;9;0;1;;;;12;3;9;2;0;;;;14;26
"054008";"Castel Ritaldi";66;2;13;2;0;;;;17;3;12;0;2;;;;17;34
"054008";"Castel Ritaldi";67;1;23;1;2;;;;27;0;15;2;1;;;;18;45
"054008";"Castel Ritaldi";68;1;10;0;0;;;;11;3;13;2;4;;;;22;33
"054008";"Castel Ritaldi";69;3;13;1;0;;;;17;1;13;0;5;;;;19;36
"054008";"Castel Ritaldi";70;0;17;2;3;;;;22;1;20;3;2;;;;26;48
"054008";"Castel Ritaldi";71;3;14;0;1;;;;18;2;12;0;3;;;;17;35
"054008";"Castel Ritaldi";72;1;15;1;1;;;;18;2;16;0;3;;;;21;39
"054008";"Castel Ritaldi";73;1;14;1;1;;;;17;1;6;2;9;;;;18;35
"054008";"Castel Ritaldi";74;2;15;0;1;;;;18;1;13;1;2;;;;17;35
"054008";"Castel Ritaldi";75;1;20;2;2;;;;25;2;18;0;5;;;;25;50
"054008";"Castel Ritaldi";76;3;15;0;1;;;;19;0;12;0;7;;;;19;38
"054008";"Castel Ritaldi";77;0;15;0;2;;;;17;0;7;1;2;;;;10;27
"054008";"Castel Ritaldi";78;1;13;0;2;;;;16;1;5;0;5;;;;11;27
"054008";"Castel Ritaldi";79;4;10;2;1;;;;17;0;6;0;6;;;;12;29
"054008";"Castel Ritaldi";80;0;8;0;1;;;;9;1;3;0;10;;;;14;23
"054008";"Castel Ritaldi";81;0;3;0;1;;;;4;1;3;0;6;;;;10;14
"054008";"Castel Ritaldi";82;0;5;0;1;;;;6;0;5;0;6;;;;11;17
"054008";"Castel Ritaldi";83;1;7;0;0;;;;8;0;8;0;10;;;;18;26
"054008";"Castel Ritaldi";84;2;4;0;3;;;;9;0;8;0;8;;;;16;25
"054008";"Castel Ritaldi";85;1;6;0;1;;;;8;0;4;1;10;;;;15;23
"054008";"Castel Ritaldi";86;0;3;0;0;;;;3;0;3;0;4;;;;7;10
"054008";"Castel Ritaldi";87;1;6;0;1;;;;8;0;3;0;6;;;;9;17
"054008";"Castel Ritaldi";88;1;4;0;3;;;;8;1;1;0;7;;;;9;17
"054008";"Castel Ritaldi";89;0;3;0;3;;;;6;0;0;0;6;;;;6;12
"054008";"Castel Ritaldi";90;0;3;0;1;;;;4;0;1;0;3;;;;4;8
"054008";"Castel Ritaldi";91;0;4;0;0;;;;4;0;1;0;9;;;;10;14
"054008";"Castel Ritaldi";92;0;2;0;1;;;;3;1;0;0;6;;;;7;10
"054008";"Castel Ritaldi";93;1;3;0;1;;;;5;0;0;0;5;;;;5;10
"054008";"Castel Ritaldi";94;0;1;0;0;;;;1;0;0;0;4;;;;4;5
"054008";"Castel Ritaldi";95;0;1;0;0;;;;1;0;1;0;1;;;;2;3
"054008";"Castel Ritaldi";96;0;1;0;0;;;;1;0;0;0;1;;;;1;2
"054008";"Castel Ritaldi";97;0;0;0;0;;;;0;0;0;0;2;;;;2;2
"054008";"Castel Ritaldi";98;0;0;0;0;;;;0;0;0;0;0;;;;0;0
"054008";"Castel Ritaldi";99;1;0;0;0;;;;1;1;0;0;0;;;;1;2
"054008";"Castel Ritaldi";100;0;0;0;0;;;;0;0;1;0;0;;;;1;1
"054008";"Castel Ritaldi";999;702;717;41;42;;;;1502;590;723;49;179;;;;1541;3043
"054009";"Castiglione del Lago";0;48;0;0;0;;;;48;35;0;0;0;;;;35;83
"054009";"Castiglione del Lago";1;45;0;0;0;;;;45;47;0;0;0;;;;47;92
"054009";"Castiglione del Lago";2;40;0;0;0;;;;40;45;0;0;0;;;;45;85
"054009";"Castiglione del Lago";3;59;0;0;0;;;;59;44;0;0;0;;;;44;103
"054009";"Castiglione del Lago";4;54;0;0;0;;;;54;52;0;0;0;;;;52;106
"054009";"Castiglione del Lago";5;63;0;0;0;;;;63;45;0;0;0;;;;45;108
"054009";"Castiglione del Lago";6;60;0;0;0;;;;60;64;0;0;0;;;;64;124
"054009";"Castiglione del Lago";7;61;0;0;0;;;;61;45;0;0;0;;;;45;106
"054009";"Castiglione del Lago";8;77;0;0;0;;;;77;65;0;0;0;;;;65;142
"054009";"Castiglione del Lago";9;63;0;0;0;;;;63;70;0;0;0;;;;70;133
"054009";"Castiglione del Lago";10;92;0;0;0;;;;92;68;0;0;0;;;;68;160
"054009";"Castiglione del Lago";11;72;0;0;0;;;;72;67;0;0;0;;;;67;139
"054009";"Castiglione del Lago";12;71;0;0;0;;;;71;70;0;0;0;;;;70;141
"054009";"Castiglione del Lago";13;78;0;0;0;;;;78;61;0;0;0;;;;61;139
"054009";"Castiglione del Lago";14;70;0;0;0;;;;70;62;0;0;0;;;;62;132
"054009";"Castiglione del Lago";15;85;0;0;0;;;;85;72;0;0;0;;;;72;157
"054009";"Castiglione del Lago";16;68;0;0;0;;;;68;70;0;0;0;;;;70;138
"054009";"Castiglione del Lago";17;72;0;0;0;;;;72;61;0;0;0;;;;61;133
"054009";"Castiglione del Lago";18;65;0;0;0;;;;65;67;0;0;0;;;;67;132
"054009";"Castiglione del Lago";19;72;0;0;0;;;;72;64;0;0;0;;;;64;136
"054009";"Castiglione del Lago";20;51;0;0;0;;;;51;67;0;0;0;;;;67;118
"054009";"Castiglione del Lago";21;67;0;0;0;;;;67;66;1;0;0;;;;67;134
"054009";"Castiglione del Lago";22;73;0;0;0;;;;73;58;1;0;0;;;;59;132
"054009";"Castiglione del Lago";23;64;1;0;0;;;;65;51;2;0;0;;;;53;118
"054009";"Castiglione del Lago";24;78;2;0;0;;;;80;58;7;0;0;;;;65;145
"054009";"Castiglione del Lago";25;52;1;0;0;;;;53;60;5;0;0;;;;65;118
"054009";"Castiglione del Lago";26;78;1;0;0;;;;79;62;7;0;0;;;;69;148
"054009";"Castiglione del Lago";27;63;2;0;0;;;;65;77;6;1;0;;;;84;149
"054009";"Castiglione del Lago";28;66;2;0;0;;;;68;56;13;1;0;;;;70;138
"054009";"Castiglione del Lago";29;61;2;0;0;;;;63;47;12;0;0;;;;59;122
"054009";"Castiglione del Lago";30;61;4;0;0;;;;65;55;13;0;0;;;;68;133
"054009";"Castiglione del Lago";31;64;15;0;0;;;;79;59;28;0;0;;;;87;166
"054009";"Castiglione del Lago";32;70;18;0;0;;;;88;43;35;0;0;;;;78;166
"054009";"Castiglione del Lago";33;57;14;0;0;;;;71;45;16;1;0;;;;62;133
"054009";"Castiglione del Lago";34;68;26;0;0;;;;94;47;28;0;0;;;;75;169
"054009";"Castiglione del Lago";35;55;30;2;0;;;;87;51;32;0;0;;;;83;170
"054009";"Castiglione del Lago";36;53;29;0;0;;;;82;41;50;0;0;;;;91;173
"054009";"Castiglione del Lago";37;43;29;4;0;;;;76;40;47;2;0;;;;89;165
"054009";"Castiglione del Lago";38;41;31;3;0;;;;75;51;44;0;1;;;;96;171
"054009";"Castiglione del Lago";39;44;52;2;0;;;;98;41;46;2;0;;;;89;187
"054009";"Castiglione del Lago";40;50;47;5;0;;;;102;43;48;6;2;;;;99;201
"054009";"Castiglione del Lago";41;45;41;1;0;;;;87;37;68;2;1;;;;108;195
"054009";"Castiglione del Lago";42;43;37;2;0;;;;82;36;49;9;0;;;;94;176
"054009";"Castiglione del Lago";43;47;53;5;0;;;;105;28;57;6;2;;;;93;198
"054009";"Castiglione del Lago";44;40;43;3;0;;;;86;31;55;3;0;;;;89;175
"054009";"Castiglione del Lago";45;52;51;7;1;;;;111;28;67;4;1;;;;100;211
"054009";"Castiglione del Lago";46;48;53;5;0;;;;106;26;77;7;1;;;;111;217
"054009";"Castiglione del Lago";47;36;61;2;1;;;;100;38;71;8;2;;;;119;219
"054009";"Castiglione del Lago";48;38;67;7;1;;;;113;24;74;14;1;;;;113;226
"054009";"Castiglione del Lago";49;39;64;5;0;;;;108;29;73;5;4;;;;111;219
"054009";"Castiglione del Lago";50;34;79;5;0;;;;118;17;77;5;3;;;;102;220
"054009";"Castiglione del Lago";51;32;67;5;1;;;;105;22;80;4;2;;;;108;213
"054009";"Castiglione del Lago";52;39;81;10;0;;;;130;19;94;12;1;;;;126;256
"054009";"Castiglione del Lago";53;20;73;8;2;;;;103;11;79;15;2;;;;107;210
"054009";"Castiglione del Lago";54;33;78;10;2;;;;123;10;88;8;2;;;;108;231
"054009";"Castiglione del Lago";55;30;62;7;3;;;;102;11;89;15;7;;;;122;224
"054009";"Castiglione del Lago";56;31;87;6;0;;;;124;14;90;10;3;;;;117;241
"054009";"Castiglione del Lago";57;22;86;19;0;;;;127;12;90;6;3;;;;111;238
"054009";"Castiglione del Lago";58;17;88;4;0;;;;109;11;82;8;8;;;;109;218
"054009";"Castiglione del Lago";59;19;78;10;3;;;;110;16;92;11;8;;;;127;237
"054009";"Castiglione del Lago";60;16;71;5;1;;;;93;13;104;7;5;;;;129;222
"054009";"Castiglione del Lago";61;12;83;4;2;;;;101;12;92;8;9;;;;121;222
"054009";"Castiglione del Lago";62;9;92;5;2;;;;108;12;79;7;8;;;;106;214
"054009";"Castiglione del Lago";63;15;97;11;2;;;;125;7;95;10;10;;;;122;247
"054009";"Castiglione del Lago";64;7;97;10;3;;;;117;11;90;9;11;;;;121;238
"054009";"Castiglione del Lago";65;9;73;6;0;;;;88;7;82;8;14;;;;111;199
"054009";"Castiglione del Lago";66;10;89;7;2;;;;108;6;67;5;11;;;;89;197
"054009";"Castiglione del Lago";67;8;76;7;5;;;;96;6;85;12;13;;;;116;212
"054009";"Castiglione del Lago";68;12;86;4;5;;;;107;8;91;6;16;;;;121;228
"054009";"Castiglione del Lago";69;4;96;6;4;;;;110;9;86;4;21;;;;120;230
"054009";"Castiglione del Lago";70;8;77;1;8;;;;94;3;68;7;15;;;;93;187
"054009";"Castiglione del Lago";71;3;83;6;3;;;;95;2;64;3;24;;;;93;188
"054009";"Castiglione del Lago";72;11;73;5;6;;;;95;5;63;3;23;;;;94;189
"054009";"Castiglione del Lago";73;9;72;3;2;;;;86;5;61;6;25;;;;97;183
"054009";"Castiglione del Lago";74;1;87;6;8;;;;102;2;58;5;23;;;;88;190
"054009";"Castiglione del Lago";75;8;97;1;9;;;;115;4;68;0;34;;;;106;221
"054009";"Castiglione del Lago";76;6;75;3;5;;;;89;4;53;2;30;;;;89;178
"054009";"Castiglione del Lago";77;4;57;2;6;;;;69;5;56;4;30;;;;95;164
"054009";"Castiglione del Lago";78;0;52;2;6;;;;60;8;41;2;25;;;;76;136
"054009";"Castiglione del Lago";79;5;41;1;8;;;;55;4;24;2;38;;;;68;123
"054009";"Castiglione del Lago";80;1;40;2;7;;;;50;3;29;1;48;;;;81;131
"054009";"Castiglione del Lago";81;2;37;1;4;;;;44;0;26;1;40;;;;67;111
"054009";"Castiglione del Lago";82;4;33;0;9;;;;46;4;19;2;47;;;;72;118
"054009";"Castiglione del Lago";83;4;35;1;14;;;;54;3;27;1;42;;;;73;127
"054009";"Castiglione del Lago";84;2;38;1;10;;;;51;1;17;1;57;;;;76;127
"054009";"Castiglione del Lago";85;4;41;0;13;;;;58;2;28;1;46;;;;77;135
"054009";"Castiglione del Lago";86;1;34;0;9;;;;44;0;10;2;49;;;;61;105
"054009";"Castiglione del Lago";87;1;22;0;8;;;;31;1;10;1;54;;;;66;97
"054009";"Castiglione del Lago";88;4;25;0;7;;;;36;2;10;0;35;;;;47;83
"054009";"Castiglione del Lago";89;2;21;0;14;;;;37;1;3;1;48;;;;53;90
"054009";"Castiglione del Lago";90;2;10;0;7;;;;19;1;4;0;30;;;;35;54
"054009";"Castiglione del Lago";91;0;7;0;6;;;;13;0;1;0;28;;;;29;42
"054009";"Castiglione del Lago";92;0;6;0;7;;;;13;0;2;1;34;;;;37;50
"054009";"Castiglione del Lago";93;0;4;0;8;;;;12;1;1;0;36;;;;38;50
"054009";"Castiglione del Lago";94;0;5;0;2;;;;7;0;2;0;18;;;;20;27
"054009";"Castiglione del Lago";95;0;2;0;4;;;;6;0;0;0;11;;;;11;17
"054009";"Castiglione del Lago";96;0;2;0;0;;;;2;0;0;0;7;;;;7;9
"054009";"Castiglione del Lago";97;0;0;0;2;;;;2;0;0;0;8;;;;8;10
"054009";"Castiglione del Lago";98;0;0;0;1;;;;1;1;1;0;3;;;;5;6
"054009";"Castiglione del Lago";99;0;0;0;2;;;;2;0;0;0;2;;;;2;4
"054009";"Castiglione del Lago";100;0;2;0;0;;;;2;0;1;0;3;;;;4;6
"054009";"Castiglione del Lago";999;3423;3493;237;235;;;;7388;2865;3511;287;1085;;;;7748;15136
"054010";"Cerreto di Spoleto";0;3;0;0;0;;;;3;1;0;0;0;;;;1;4
"054010";"Cerreto di Spoleto";1;4;0;0;0;;;;4;2;0;0;0;;;;2;6
"054010";"Cerreto di Spoleto";2;4;0;0;0;;;;4;2;0;0;0;;;;2;6
"054010";"Cerreto di Spoleto";3;2;0;0;0;;;;2;1;0;0;0;;;;1;3
"054010";"Cerreto di Spoleto";4;2;0;0;0;;;;2;4;0;0;0;;;;4;6
"054010";"Cerreto di Spoleto";5;4;0;0;0;;;;4;1;0;0;0;;;;1;5
"054010";"Cerreto di Spoleto";6;4;0;0;0;;;;4;2;0;0;0;;;;2;6
"054010";"Cerreto di Spoleto";7;4;0;0;0;;;;4;3;0;0;0;;;;3;7
"054010";"Cerreto di Spoleto";8;7;0;0;0;;;;7;3;0;0;0;;;;3;10
"054010";"Cerreto di Spoleto";9;1;0;0;0;;;;1;5;0;0;0;;;;5;6
"054010";"Cerreto di Spoleto";10;1;0;0;0;;;;1;1;0;0;0;;;;1;2
"054010";"Cerreto di Spoleto";11;4;0;0;0;;;;4;4;0;0;0;;;;4;8
"054010";"Cerreto di Spoleto";12;2;0;0;0;;;;2;1;0;0;0;;;;1;3
"054010";"Cerreto di Spoleto";13;4;0;0;0;;;;4;1;0;0;0;;;;1;5
"054010";"Cerreto di Spoleto";14;3;0;0;0;;;;3;2;0;0;0;;;;2;5
"054010";"Cerreto di Spoleto";15;2;0;0;0;;;;2;4;0;0;0;;;;4;6
"054010";"Cerreto di Spoleto";16;5;0;0;0;;;;5;3;0;0;0;;;;3;8
"054010";"Cerreto di Spoleto";17;8;0;0;0;;;;8;4;0;0;0;;;;4;12
"054010";"Cerreto di Spoleto";18;8;0;0;0;;;;8;3;0;0;0;;;;3;11
"054010";"Cerreto di Spoleto";19;10;0;0;0;;;;10;6;0;0;0;;;;6;16
"054010";"Cerreto di Spoleto";20;7;0;0;0;;;;7;5;0;0;0;;;;5;12
"054010";"Cerreto di Spoleto";21;6;0;0;0;;;;6;2;0;0;0;;;;2;8
"054010";"Cerreto di Spoleto";22;3;0;0;0;;;;3;7;0;0;0;;;;7;10
"054010";"Cerreto di Spoleto";23;5;0;0;0;;;;5;4;0;0;0;;;;4;9
"054010";"Cerreto di Spoleto";24;5;0;0;0;;;;5;6;0;0;0;;;;6;11
"054010";"Cerreto di Spoleto";25;4;0;0;0;;;;4;6;0;0;0;;;;6;10
"054010";"Cerreto di Spoleto";26;1;0;0;0;;;;1;4;0;0;0;;;;4;5
"054010";"Cerreto di Spoleto";27;5;0;0;0;;;;5;4;0;0;0;;;;4;9
"054010";"Cerreto di Spoleto";28;4;0;0;0;;;;4;4;1;0;0;;;;5;9
"054010";"Cerreto di Spoleto";29;6;0;0;0;;;;6;2;0;0;0;;;;2;8
"054010";"Cerreto di Spoleto";30;6;0;0;0;;;;6;4;1;0;0;;;;5;11
"054010";"Cerreto di Spoleto";31;5;0;0;0;;;;5;1;1;1;0;;;;3;8
"054010";"Cerreto di Spoleto";32;2;0;0;0;;;;2;4;2;0;0;;;;6;8
"054010";"Cerreto di Spoleto";33;4;0;0;0;;;;4;1;0;0;0;;;;1;5
"054010";"Cerreto di Spoleto";34;3;1;0;0;;;;4;5;2;0;0;;;;7;11
"054010";"Cerreto di Spoleto";35;2;4;0;0;;;;6;5;2;0;0;;;;7;13
"054010";"Cerreto di Spoleto";36;2;1;0;0;;;;3;1;2;0;0;;;;3;6
"054010";"Cerreto di Spoleto";37;4;1;0;0;;;;5;4;4;0;0;;;;8;13
"054010";"Cerreto di Spoleto";38;2;0;0;1;;;;3;2;3;0;0;;;;5;8
"054010";"Cerreto di Spoleto";39;4;1;0;0;;;;5;2;5;0;0;;;;7;12
"054010";"Cerreto di Spoleto";40;4;3;0;0;;;;7;1;5;0;0;;;;6;13
"054010";"Cerreto di Spoleto";41;3;3;1;0;;;;7;1;1;1;0;;;;3;10
"054010";"Cerreto di Spoleto";42;2;3;0;0;;;;5;2;2;0;0;;;;4;9
"054010";"Cerreto di Spoleto";43;2;3;0;0;;;;5;0;3;0;0;;;;3;8
"054010";"Cerreto di Spoleto";44;0;4;0;0;;;;4;0;4;0;0;;;;4;8
"054010";"Cerreto di Spoleto";45;2;2;0;0;;;;4;0;3;1;0;;;;4;8
"054010";"Cerreto di Spoleto";46;0;1;0;0;;;;1;2;6;0;0;;;;8;9
"054010";"Cerreto di Spoleto";47;2;2;0;0;;;;4;1;3;0;1;;;;5;9
"054010";"Cerreto di Spoleto";48;2;2;1;0;;;;5;2;5;0;0;;;;7;12
"054010";"Cerreto di Spoleto";49;3;1;0;0;;;;4;1;10;2;0;;;;13;17
"054010";"Cerreto di Spoleto";50;3;3;0;0;;;;6;2;7;1;0;;;;10;16
"054010";"Cerreto di Spoleto";51;1;6;1;0;;;;8;0;5;1;0;;;;6;14
"054010";"Cerreto di Spoleto";52;2;6;0;0;;;;8;0;6;0;0;;;;6;14
"054010";"Cerreto di Spoleto";53;1;12;0;0;;;;13;3;2;1;0;;;;6;19
"054010";"Cerreto di Spoleto";54;1;7;0;0;;;;8;2;8;1;1;;;;12;20
"054010";"Cerreto di Spoleto";55;3;12;1;0;;;;16;1;4;2;1;;;;8;24
"054010";"Cerreto di Spoleto";56;2;5;0;0;;;;7;0;7;0;0;;;;7;14
"054010";"Cerreto di Spoleto";57;5;8;0;1;;;;14;2;7;1;1;;;;11;25
"054010";"Cerreto di Spoleto";58;2;7;1;0;;;;10;1;8;1;0;;;;10;20
"054010";"Cerreto di Spoleto";59;2;6;1;1;;;;10;0;7;1;1;;;;9;19
"054010";"Cerreto di Spoleto";60;1;8;0;0;;;;9;3;5;0;1;;;;9;18
"054010";"Cerreto di Spoleto";61;1;5;1;1;;;;8;0;6;0;1;;;;7;15
"054010";"Cerreto di Spoleto";62;0;9;1;0;;;;10;2;5;0;0;;;;7;17
"054010";"Cerreto di Spoleto";63;3;3;0;2;;;;8;0;7;0;0;;;;7;15
"054010";"Cerreto di Spoleto";64;1;5;0;0;;;;6;2;3;1;1;;;;7;13
"054010";"Cerreto di Spoleto";65;0;7;0;0;;;;7;1;5;0;1;;;;7;14
"054010";"Cerreto di Spoleto";66;0;2;1;0;;;;3;0;4;1;1;;;;6;9
"054010";"Cerreto di Spoleto";67;0;6;0;0;;;;6;0;7;0;1;;;;8;14
"054010";"Cerreto di Spoleto";68;2;4;0;0;;;;6;0;2;0;1;;;;3;9
"054010";"Cerreto di Spoleto";69;0;8;2;0;;;;10;0;9;0;1;;;;10;20
"054010";"Cerreto di Spoleto";70;2;3;0;0;;;;5;0;6;0;4;;;;10;15
"054010";"Cerreto di Spoleto";71;0;7;0;0;;;;7;0;4;0;1;;;;5;12
"054010";"Cerreto di Spoleto";72;0;9;0;0;;;;9;0;2;0;2;;;;4;13
"054010";"Cerreto di Spoleto";73;0;1;0;0;;;;1;0;2;0;4;;;;6;7
"054010";"Cerreto di Spoleto";74;0;4;0;0;;;;4;0;2;0;2;;;;4;8
"054010";"Cerreto di Spoleto";75;0;5;0;0;;;;5;0;5;0;1;;;;6;11
"054010";"Cerreto di Spoleto";76;0;5;0;0;;;;5;0;3;0;2;;;;5;10
"054010";"Cerreto di Spoleto";77;1;4;0;0;;;;5;1;5;0;0;;;;6;11
"054010";"Cerreto di Spoleto";78;0;2;0;1;;;;3;0;3;0;4;;;;7;10
"054010";"Cerreto di Spoleto";79;0;4;0;0;;;;4;1;3;0;1;;;;5;9
"054010";"Cerreto di Spoleto";80;1;3;0;1;;;;5;0;2;0;2;;;;4;9
"054010";"Cerreto di Spoleto";81;1;3;0;1;;;;5;0;2;0;4;;;;6;11
"054010";"Cerreto di Spoleto";82;0;1;0;1;;;;2;0;1;0;5;;;;6;8
"054010";"Cerreto di Spoleto";83;1;2;0;1;;;;4;0;4;0;5;;;;9;13
"054010";"Cerreto di Spoleto";84;0;3;0;1;;;;4;0;1;0;3;;;;4;8
"054010";"Cerreto di Spoleto";85;0;3;0;2;;;;5;0;3;0;4;;;;7;12
"054010";"Cerreto di Spoleto";86;0;1;0;0;;;;1;0;0;0;3;;;;3;4
"054010";"Cerreto di Spoleto";87;0;1;0;0;;;;1;0;2;0;4;;;;6;7
"054010";"Cerreto di Spoleto";88;1;1;0;0;;;;2;0;0;0;3;;;;3;5
"054010";"Cerreto di Spoleto";89;0;2;0;0;;;;2;1;0;0;3;;;;4;6
"054010";"Cerreto di Spoleto";90;2;2;0;1;;;;5;0;0;0;0;;;;0;5
"054010";"Cerreto di Spoleto";91;0;1;0;0;;;;1;0;1;0;1;;;;2;3
"054010";"Cerreto di Spoleto";92;0;1;0;1;;;;2;0;0;0;1;;;;1;3
"054010";"Cerreto di Spoleto";93;0;0;0;2;;;;2;0;0;0;3;;;;3;5
"054010";"Cerreto di Spoleto";94;0;0;0;1;;;;1;0;0;0;2;;;;2;3
"054010";"Cerreto di Spoleto";95;0;0;0;0;;;;0;0;0;0;1;;;;1;1
"054010";"Cerreto di Spoleto";96;0;0;0;0;;;;0;0;0;0;1;;;;1;1
"054010";"Cerreto di Spoleto";97;0;0;0;0;;;;0;0;1;0;2;;;;3;3
"054010";"Cerreto di Spoleto";98;0;0;0;0;;;;0;0;0;0;3;;;;3;3
"054010";"Cerreto di Spoleto";99;0;0;0;0;;;;0;0;0;0;0;;;;0;0
"054010";"Cerreto di Spoleto";100;0;0;0;1;;;;1;0;0;0;0;;;;0;1
"054010";"Cerreto di Spoleto";999;221;229;11;20;;;;481;158;231;16;84;;;;489;970
"054011";"Citerna";0;14;0;0;0;;;;14;7;0;0;0;;;;7;21
"054011";"Citerna";1;12;0;0;0;;;;12;8;0;0;0;;;;8;20
"054011";"Citerna";2;12;0;0;0;;;;12;11;0;0;0;;;;11;23
"054011";"Citerna";3;10;0;0;0;;;;10;2;0;0;0;;;;2;12
"054011";"Citerna";4;9;0;0;0;;;;9;7;0;0;0;;;;7;16
"054011";"Citerna";5;10;0;0;0;;;;10;13;0;0;0;;;;13;23
"054011";"Citerna";6;8;0;0;0;;;;8;15;0;0;0;;;;15;23
"054011";"Citerna";7;19;0;0;0;;;;19;14;0;0;0;;;;14;33
"054011";"Citerna";8;18;0;0;0;;;;18;16;0;0;0;;;;16;34
"054011";"Citerna";9;17;0;0;0;;;;17;18;0;0;0;;;;18;35
"054011";"Citerna";10;17;0;0;0;;;;17;9;0;0;0;;;;9;26
"054011";"Citerna";11;32;0;0;0;;;;32;16;0;0;0;;;;16;48
"054011";"Citerna";12;22;0;0;0;;;;22;10;0;0;0;;;;10;32
"054011";"Citerna";13;22;0;0;0;;;;22;15;0;0;0;;;;15;37
"054011";"Citerna";14;16;0;0;0;;;;16;16;0;0;0;;;;16;32
"054011";"Citerna";15;16;0;0;0;;;;16;16;0;0;0;;;;16;32
"054011";"Citerna";16;15;0;0;0;;;;15;18;0;0;0;;;;18;33
"054011";"Citerna";17;18;0;0;0;;;;18;16;0;0;0;;;;16;34
"054011";"Citerna";18;23;0;0;0;;;;23;15;0;0;0;;;;15;38
"054011";"Citerna";19;15;0;0;0;;;;15;12;0;0;0;;;;12;27
"054011";"Citerna";20;16;0;0;0;;;;16;12;0;0;0;;;;12;28
"054011";"Citerna";21;10;0;0;0;;;;10;9;0;0;0;;;;9;19
"054011";"Citerna";22;13;0;0;0;;;;13;17;0;0;0;;;;17;30
"054011";"Citerna";23;12;0;0;0;;;;12;18;0;0;0;;;;18;30
"054011";"Citerna";24;17;0;0;0;;;;17;14;0;0;0;;;;14;31
"054011";"Citerna";25;16;0;0;0;;;;16;15;2;0;0;;;;17;33
"054011";"Citerna";26;24;1;0;0;;;;25;15;0;0;0;;;;15;40
"054011";"Citerna";27;19;0;0;0;;;;19;13;0;0;0;;;;13;32
"054011";"Citerna";28;13;1;0;0;;;;14;15;3;0;0;;;;18;32
"054011";"Citerna";29;11;1;0;0;;;;12;9;2;0;0;;;;11;23
"054011";"Citerna";30;21;1;0;0;;;;22;11;2;0;0;;;;13;35
"054011";"Citerna";31;13;2;0;0;;;;15;12;6;0;0;;;;18;33
"054011";"Citerna";32;13;2;0;0;;;;15;7;5;0;0;;;;12;27
"054011";"Citerna";33;17;6;0;0;;;;23;10;4;1;0;;;;15;38
"054011";"Citerna";34;15;4;1;0;;;;20;14;7;0;0;;;;21;41
"054011";"Citerna";35;11;5;0;0;;;;16;16;8;0;0;;;;24;40
"054011";"Citerna";36;16;2;0;0;;;;18;10;10;0;0;;;;20;38
"054011";"Citerna";37;9;13;0;0;;;;22;9;8;1;0;;;;18;40
"054011";"Citerna";38;14;7;1;0;;;;22;14;21;0;0;;;;35;57
"054011";"Citerna";39;8;10;0;0;;;;18;3;15;0;0;;;;18;36
"054011";"Citerna";40;11;6;1;0;;;;18;10;15;1;0;;;;26;44
"054011";"Citerna";41;13;16;0;0;;;;29;5;7;0;0;;;;12;41
"054011";"Citerna";42;10;10;1;0;;;;21;8;21;2;0;;;;31;52
"054011";"Citerna";43;6;15;0;1;;;;22;7;12;0;0;;;;19;41
"054011";"Citerna";44;4;20;1;0;;;;25;16;12;1;0;;;;29;54
"054011";"Citerna";45;9;15;0;0;;;;24;1;18;2;0;;;;21;45
"054011";"Citerna";46;12;13;1;0;;;;26;2;20;1;0;;;;23;49
"054011";"Citerna";47;8;17;2;0;;;;27;6;16;1;0;;;;23;50
"054011";"Citerna";48;10;18;4;0;;;;32;5;21;2;0;;;;28;60
"054011";"Citerna";49;7;15;2;0;;;;24;6;23;0;1;;;;30;54
"054011";"Citerna";50;2;19;1;0;;;;22;7;23;0;1;;;;31;53
"054011";"Citerna";51;3;21;1;0;;;;25;3;15;3;0;;;;21;46
"054011";"Citerna";52;10;21;1;0;;;;32;2;15;3;0;;;;20;52
"054011";"Citerna";53;5;23;0;0;;;;28;5;18;3;2;;;;28;56
"054011";"Citerna";54;5;14;4;0;;;;23;5;17;1;1;;;;24;47
"054011";"Citerna";55;5;18;1;0;;;;24;9;20;1;1;;;;31;55
"054011";"Citerna";56;4;18;5;0;;;;27;7;18;1;2;;;;28;55
"054011";"Citerna";57;5;18;4;0;;;;27;1;24;2;2;;;;29;56
"054011";"Citerna";58;6;12;1;1;;;;20;2;28;3;1;;;;34;54
"054011";"Citerna";59;4;39;2;0;;;;45;3;24;1;4;;;;32;77
"054011";"Citerna";60;3;17;4;0;;;;24;4;21;3;2;;;;30;54
"054011";"Citerna";61;3;28;4;0;;;;35;4;16;1;0;;;;21;56
"054011";"Citerna";62;5;21;1;1;;;;28;1;20;4;1;;;;26;54
"054011";"Citerna";63;4;18;1;0;;;;23;5;17;0;3;;;;25;48
"054011";"Citerna";64;0;21;0;0;;;;21;0;20;3;1;;;;24;45
"054011";"Citerna";65;1;20;0;0;;;;21;1;20;0;3;;;;24;45
"054011";"Citerna";66;6;19;1;0;;;;26;2;16;2;5;;;;25;51
"054011";"Citerna";67;1;16;0;0;;;;17;1;13;0;2;;;;16;33
"054011";"Citerna";68;1;17;2;2;;;;22;2;19;1;2;;;;24;46
"054011";"Citerna";69;0;14;2;1;;;;17;1;16;0;3;;;;20;37
"054011";"Citerna";70;1;16;0;1;;;;18;1;11;0;4;;;;16;34
"054011";"Citerna";71;4;11;1;1;;;;17;1;9;0;3;;;;13;30
"054011";"Citerna";72;2;15;1;0;;;;18;1;15;1;3;;;;20;38
"054011";"Citerna";73;0;24;1;0;;;;25;0;9;0;3;;;;12;37
"054011";"Citerna";74;1;11;0;1;;;;13;2;13;0;4;;;;19;32
"054011";"Citerna";75;5;14;0;1;;;;20;2;17;0;7;;;;26;46
"054011";"Citerna";76;1;9;0;1;;;;11;1;11;0;5;;;;17;28
"054011";"Citerna";77;1;16;0;3;;;;20;0;7;0;5;;;;12;32
"054011";"Citerna";78;3;7;0;1;;;;11;0;11;0;5;;;;16;27
"054011";"Citerna";79;3;5;0;0;;;;8;0;7;0;6;;;;13;21
"054011";"Citerna";80;0;21;0;0;;;;21;2;3;0;6;;;;11;32
"054011";"Citerna";81;2;5;1;0;;;;8;1;8;0;4;;;;13;21
"054011";"Citerna";82;0;8;0;1;;;;9;1;10;1;10;;;;22;31
"054011";"Citerna";83;2;11;0;3;;;;16;1;8;0;5;;;;14;30
"054011";"Citerna";84;2;6;0;1;;;;9;2;2;0;6;;;;10;19
"054011";"Citerna";85;4;6;0;4;;;;14;0;7;0;11;;;;18;32
"054011";"Citerna";86;0;6;0;2;;;;8;1;2;0;5;;;;8;16
"054011";"Citerna";87;0;5;0;4;;;;9;1;1;0;11;;;;13;22
"054011";"Citerna";88;1;5;0;0;;;;6;0;0;0;10;;;;10;16
"054011";"Citerna";89;0;3;0;1;;;;4;0;2;0;16;;;;18;22
"054011";"Citerna";90;0;0;0;1;;;;1;0;0;0;5;;;;5;6
"054011";"Citerna";91;1;1;0;0;;;;2;1;0;0;5;;;;6;8
"054011";"Citerna";92;0;0;0;0;;;;0;0;0;0;3;;;;3;3
"054011";"Citerna";93;1;0;0;2;;;;3;0;1;0;2;;;;3;6
"054011";"Citerna";94;0;0;0;2;;;;2;0;0;0;0;;;;0;2
"054011";"Citerna";95;0;0;0;0;;;;0;0;0;0;2;;;;2;2
"054011";"Citerna";96;0;1;0;0;;;;1;0;0;0;0;;;;0;1
"054011";"Citerna";97;0;1;0;0;;;;1;0;0;0;1;;;;1;2
"054011";"Citerna";98;0;0;0;0;;;;0;0;0;0;1;;;;1;1
"054011";"Citerna";99;0;0;0;1;;;;1;0;0;0;1;;;;1;2
"054011";"Citerna";100;0;0;0;0;;;;0;0;0;0;1;;;;1;1
"054011";"Citerna";999;810;801;53;37;;;;1701;646;792;46;187;;;;1671;3372
"054012";"Città della Pieve";0;26;0;0;0;;;;26;12;0;0;0;;;;12;38
"054012";"Città della Pieve";1;24;0;0;0;;;;24;16;0;0;0;;;;16;40
"054012";"Città della Pieve";2;22;0;0;0;;;;22;20;0;0;0;;;;20;42
"054012";"Città della Pieve";3;20;0;0;0;;;;20;22;0;0;0;;;;22;42
"054012";"Città della Pieve";4;23;0;0;0;;;;23;25;0;0;0;;;;25;48
"054012";"Città della Pieve";5;28;0;0;0;;;;28;30;0;0;0;;;;30;58
"054012";"Città della Pieve";6;20;0;0;0;;;;20;25;0;0;0;;;;25;45
"054012";"Città della Pieve";7;29;0;0;0;;;;29;30;0;0;0;;;;30;59
"054012";"Città della Pieve";8;24;0;0;0;;;;24;32;0;0;0;;;;32;56
"054012";"Città della Pieve";9;36;0;0;0;;;;36;26;0;0;0;;;;26;62
"054012";"Città della Pieve";10;39;0;0;0;;;;39;21;0;0;0;;;;21;60
"054012";"Città della Pieve";11;42;0;0;0;;;;42;25;0;0;0;;;;25;67
"054012";"Città della Pieve";12;35;0;0;0;;;;35;26;0;0;0;;;;26;61
"054012";"Città della Pieve";13;32;0;0;0;;;;32;33;0;0;0;;;;33;65
"054012";"Città della Pieve";14;31;0;0;0;;;;31;28;0;0;0;;;;28;59
"054012";"Città della Pieve";15;42;0;0;0;;;;42;33;0;0;0;;;;33;75
"054012";"Città della Pieve";16;34;0;0;0;;;;34;35;0;0;0;;;;35;69
"054012";"Città della Pieve";17;39;0;0;0;;;;39;33;0;0;0;;;;33;72
"054012";"Città della Pieve";18;27;0;0;0;;;;27;33;0;0;0;;;;33;60
"054012";"Città della Pieve";19;36;0;0;0;;;;36;36;0;0;0;;;;36;72
"054012";"Città della Pieve";20;39;0;0;0;;;;39;29;0;0;0;;;;29;68
"054012";"Città della Pieve";21;22;0;0;0;;;;22;31;1;0;0;;;;32;54
"054012";"Città della Pieve";22;29;1;0;0;;;;30;25;0;0;0;;;;25;55
"054012";"Città della Pieve";23;29;0;0;0;;;;29;28;3;0;0;;;;31;60
"054012";"Città della Pieve";24;40;1;0;0;;;;41;33;1;0;0;;;;34;75
"054012";"Città della Pieve";25;34;3;0;0;;;;37;28;1;0;0;;;;29;66
"054012";"Città della Pieve";26;33;0;0;0;;;;33;25;2;0;0;;;;27;60
"054012";"Città della Pieve";27;36;1;0;0;;;;37;30;9;0;0;;;;39;76
"054012";"Città della Pieve";28;34;1;0;0;;;;35;27;7;0;0;;;;34;69
"054012";"Città della Pieve";29;28;3;0;0;;;;31;24;5;0;0;;;;29;60
"054012";"Città della Pieve";30;35;1;0;0;;;;36;30;4;0;0;;;;34;70
"054012";"Città della Pieve";31;21;6;0;0;;;;27;30;9;0;0;;;;39;66
"054012";"Città della Pieve";32;24;9;0;0;;;;33;22;11;1;0;;;;34;67
"054012";"Città della Pieve";33;26;5;0;0;;;;31;28;8;0;0;;;;36;67
"054012";"Città della Pieve";34;24;7;0;0;;;;31;19;17;0;0;;;;36;67
"054012";"Città della Pieve";35;41;20;0;0;;;;61;29;19;1;0;;;;49;110
"054012";"Città della Pieve";36;36;5;0;0;;;;41;21;14;3;0;;;;38;79
"054012";"Città della Pieve";37;22;8;1;1;;;;32;27;9;1;0;;;;37;69
"054012";"Città della Pieve";38;21;12;0;0;;;;33;24;16;0;0;;;;40;73
"054012";"Città della Pieve";39;18;16;1;0;;;;35;22;20;1;0;;;;43;78
"054012";"Città della Pieve";40;28;14;2;0;;;;44;18;20;3;1;;;;42;86
"054012";"Città della Pieve";41;22;23;0;0;;;;45;14;23;0;0;;;;37;82
"054012";"Città della Pieve";42;23;21;3;0;;;;47;23;20;4;2;;;;49;96
"054012";"Città della Pieve";43;19;22;2;0;;;;43;19;24;2;0;;;;45;88
"054012";"Città della Pieve";44;24;20;2;1;;;;47;20;24;3;1;;;;48;95
"054012";"Città della Pieve";45;21;32;3;1;;;;57;17;29;5;1;;;;52;109
"054012";"Città della Pieve";46;26;21;1;0;;;;48;19;31;3;0;;;;53;101
"054012";"Città della Pieve";47;29;26;2;0;;;;57;21;39;4;2;;;;66;123
"054012";"Città della Pieve";48;13;29;2;0;;;;44;9;32;3;2;;;;46;90
"054012";"Città della Pieve";49;14;28;5;0;;;;47;18;55;7;0;;;;80;127
"054012";"Città della Pieve";50;15;40;4;1;;;;60;14;41;5;2;;;;62;122
"054012";"Città della Pieve";51;11;39;0;0;;;;50;16;32;2;1;;;;51;101
"054012";"Città della Pieve";52;20;31;0;0;;;;51;9;44;10;0;;;;63;114
"054012";"Città della Pieve";53;12;42;4;0;;;;58;12;26;4;3;;;;45;103
"054012";"Città della Pieve";54;16;43;6;1;;;;66;5;44;4;3;;;;56;122
"054012";"Città della Pieve";55;11;30;2;1;;;;44;14;49;5;3;;;;71;115
"054012";"Città della Pieve";56;12;41;4;2;;;;59;12;42;9;5;;;;68;127
"054012";"Città della Pieve";57;12;36;5;1;;;;54;9;45;10;1;;;;65;119
"054012";"Città della Pieve";58;11;32;2;2;;;;47;5;36;6;4;;;;51;98
"054012";"Città della Pieve";59;3;49;5;0;;;;57;9;27;7;1;;;;44;101
"054012";"Città della Pieve";60;10;46;4;1;;;;61;10;50;3;1;;;;64;125
"054012";"Città della Pieve";61;11;35;5;0;;;;51;2;45;1;9;;;;57;108
"054012";"Città della Pieve";62;6;49;2;0;;;;57;5;53;8;10;;;;76;133
"054012";"Città della Pieve";63;8;44;2;1;;;;55;6;46;10;9;;;;71;126
"054012";"Città della Pieve";64;7;37;6;0;;;;50;4;48;1;5;;;;58;108
"054012";"Città della Pieve";65;8;35;5;0;;;;48;7;43;5;2;;;;57;105
"054012";"Città della Pieve";66;2;34;1;1;;;;38;5;45;3;7;;;;60;98
"054012";"Città della Pieve";67;4;35;2;1;;;;42;2;49;4;9;;;;64;106
"054012";"Città della Pieve";68;6;50;5;0;;;;61;4;53;2;10;;;;69;130
"054012";"Città della Pieve";69;4;49;2;3;;;;58;7;34;1;10;;;;52;110
"054012";"Città della Pieve";70;2;61;2;4;;;;69;4;36;1;6;;;;47;116
"054012";"Città della Pieve";71;0;35;2;4;;;;41;4;38;3;12;;;;57;98
"054012";"Città della Pieve";72;3;41;3;2;;;;49;4;26;2;12;;;;44;93
"054012";"Città della Pieve";73;3;44;3;6;;;;56;2;25;1;11;;;;39;95
"054012";"Città della Pieve";74;3;36;2;5;;;;46;1;33;1;19;;;;54;100
"054012";"Città della Pieve";75;4;29;0;2;;;;35;0;31;0;8;;;;39;74
"054012";"Città della Pieve";76;5;38;1;4;;;;48;2;21;6;15;;;;44;92
"054012";"Città della Pieve";77;0;29;0;4;;;;33;2;22;3;15;;;;42;75
"054012";"Città della Pieve";78;3;19;0;2;;;;24;0;16;0;12;;;;28;52
"054012";"Città della Pieve";79;3;20;0;3;;;;26;1;18;1;15;;;;35;61
"054012";"Città della Pieve";80;0;26;1;5;;;;32;0;15;0;20;;;;35;67
"054012";"Città della Pieve";81;1;17;1;1;;;;20;2;19;1;16;;;;38;58
"054012";"Città della Pieve";82;2;15;1;3;;;;21;1;14;1;19;;;;35;56
"054012";"Città della Pieve";83;5;25;0;1;;;;31;0;13;1;21;;;;35;66
"054012";"Città della Pieve";84;0;18;0;8;;;;26;1;8;3;23;;;;35;61
"054012";"Città della Pieve";85;1;22;1;5;;;;29;0;13;0;25;;;;38;67
"054012";"Città della Pieve";86;2;9;0;4;;;;15;3;11;0;25;;;;39;54
"054012";"Città della Pieve";87;2;15;1;4;;;;22;2;6;0;28;;;;36;58
"054012";"Città della Pieve";88;3;15;0;3;;;;21;1;5;0;20;;;;26;47
"054012";"Città della Pieve";89;3;10;0;7;;;;20;2;5;0;20;;;;27;47
"054012";"Città della Pieve";90;0;6;0;4;;;;10;0;2;0;17;;;;19;29
"054012";"Città della Pieve";91;0;5;0;2;;;;7;0;0;0;15;;;;15;22
"054012";"Città della Pieve";92;0;6;0;1;;;;7;1;1;0;12;;;;14;21
"054012";"Città della Pieve";93;0;4;0;1;;;;5;0;4;0;19;;;;23;28
"054012";"Città della Pieve";94;0;1;0;3;;;;4;1;0;1;7;;;;9;13
"054012";"Città della Pieve";95;0;2;0;1;;;;3;0;1;0;12;;;;13;16
"054012";"Città della Pieve";96;0;1;0;0;;;;1;1;0;0;9;;;;10;11
"054012";"Città della Pieve";97;0;0;0;1;;;;1;0;0;0;6;;;;6;7
"054012";"Città della Pieve";98;0;0;0;0;;;;0;0;0;0;4;;;;4;4
"054012";"Città della Pieve";99;0;1;0;0;;;;1;1;0;0;2;;;;3;4
"054012";"Città della Pieve";100;0;0;0;0;;;;0;0;0;0;0;;;;0;0
"054012";"Città della Pieve";999;1654;1682;108;108;;;;3552;1444;1688;166;549;;;;3847;7399
"054013";"Città di Castello";0;113;0;0;0;0;0;0;113;100;0;0;0;0;0;0;100;213
"054013";"Città di Castello";1;129;0;0;0;0;0;0;129;102;0;0;0;0;0;0;102;231
"054013";"Città di Castello";2;139;0;0;0;0;0;0;139;140;0;0;0;0;0;0;140;279
"054013";"Città di Castello";3;129;0;0;0;0;0;0;129;122;0;0;0;0;0;0;122;251
"054013";"Città di Castello";4;126;0;0;0;0;0;0;126;126;0;0;0;0;0;0;126;252
"054013";"Città di Castello";5;156;0;0;0;0;0;0;156;139;0;0;0;0;0;0;139;295
"054013";"Città di Castello";6;150;0;0;0;0;0;0;150;122;0;0;0;0;0;0;122;272
"054013";"Città di Castello";7;153;0;0;0;0;0;0;153;153;0;0;0;0;0;0;153;306
"054013";"Città di Castello";8;178;0;0;0;0;0;0;178;156;0;0;0;0;0;0;156;334
"054013";"Città di Castello";9;161;0;0;0;0;0;0;161;167;0;0;0;0;0;0;167;328
"054013";"Città di Castello";10;198;0;0;0;0;0;0;198;159;0;0;0;0;0;0;159;357
"054013";"Città di Castello";11;151;0;0;0;0;0;0;151;173;0;0;0;0;0;0;173;324
"054013";"Città di Castello";12;174;0;0;0;0;0;0;174;160;0;0;0;0;0;0;160;334
"054013";"Città di Castello";13;185;0;0;0;0;0;0;185;168;0;0;0;0;0;0;168;353
"054013";"Città di Castello";14;181;0;0;0;0;0;0;181;156;0;0;0;0;0;0;156;337
"054013";"Città di Castello";15;179;0;0;0;0;0;0;179;164;0;0;0;0;0;0;164;343
"054013";"Città di Castello";16;159;0;0;0;0;0;0;159;191;0;0;0;0;0;0;191;350
"054013";"Città di Castello";17;182;0;0;0;0;0;0;182;170;0;0;0;0;0;0;170;352
"054013";"Città di Castello";18;201;0;0;0;0;0;0;201;175;0;0;0;0;0;0;175;376
"054013";"Città di Castello";19;166;0;0;0;0;0;0;166;176;1;0;0;0;0;0;177;343
"054013";"Città di Castello";20;196;0;0;0;0;0;0;196;167;2;0;0;0;0;0;169;365
"054013";"Città di Castello";21;179;1;0;0;0;0;0;180;160;2;0;0;0;0;0;162;342
"054013";"Città di Castello";22;183;2;0;0;0;0;0;185;184;4;0;0;0;0;0;188;373
"054013";"Città di Castello";23;205;2;0;0;0;0;0;207;181;5;0;0;0;0;0;186;393
"054013";"Città di Castello";24;199;4;1;0;0;0;0;204;156;5;0;0;0;0;0;161;365
"054013";"Città di Castello";25;188;1;1;0;0;0;0;190;162;16;0;0;0;0;0;178;368
"054013";"Città di Castello";26;178;2;0;0;0;0;0;180;166;12;0;0;0;0;0;178;358
"054013";"Città di Castello";27;181;7;0;0;0;0;0;188;154;18;1;0;0;0;0;173;361
"054013";"Città di Castello";28;184;16;0;0;0;0;0;200;143;24;2;0;0;0;0;169;369
"054013";"Città di Castello";29;166;18;0;1;0;0;0;185;127;42;0;0;0;0;0;169;354
"054013";"Città di Castello";30;127;22;0;0;0;0;0;149;132;55;0;0;0;0;0;187;336
"054013";"Città di Castello";31;167;35;0;0;0;0;0;202;105;46;2;0;0;0;0;153;355
"054013";"Città di Castello";32;132;47;0;0;0;0;0;179;128;56;0;1;0;0;0;185;364
"054013";"Città di Castello";33;143;38;0;1;0;0;0;182;123;76;0;0;0;0;0;199;381
"054013";"Città di Castello";34;165;46;1;0;0;0;0;212;113;87;4;0;0;0;0;204;416
"054013";"Città di Castello";35;124;68;1;0;1;0;0;194;105;85;2;0;0;0;0;192;386
"054013";"Città di Castello";36;107;71;4;0;0;0;0;182;104;100;4;0;0;0;0;208;390
"054013";"Città di Castello";37;119;75;4;0;0;0;0;198;78;100;2;1;0;0;0;181;379
"054013";"Città di Castello";38;125;74;3;0;0;0;0;202;95;107;13;0;1;0;0;216;418
"054013";"Città di Castello";39;120;86;8;0;2;0;0;216;115;114;7;0;0;0;0;236;452
"054013";"Città di Castello";40;119;99;3;1;1;0;0;223;100;127;6;1;1;0;0;235;458
"054013";"Città di Castello";41;117;103;2;0;1;0;0;223;82;152;12;2;0;0;0;248;471
"054013";"Città di Castello";42;108;122;8;1;0;0;0;239;85;141;15;0;1;0;0;242;481
"054013";"Città di Castello";43;117;112;6;1;0;0;0;236;90;153;8;3;0;0;0;254;490
"054013";"Città di Castello";44;103;122;12;1;1;0;0;239;80;146;17;2;1;0;0;246;485
"054013";"Città di Castello";45;106;138;12;1;1;0;0;258;84;168;17;2;0;0;0;271;529
"054013";"Città di Castello";46;98;157;11;0;0;0;0;266;75;167;27;2;0;0;0;271;537
"054013";"Città di Castello";47;106;174;20;1;1;0;0;302;70;209;28;5;0;0;0;312;614
"054013";"Città di Castello";48;94;160;14;0;0;0;0;268;66;195;25;6;0;0;0;292;560
"054013";"Città di Castello";49;107;199;21;1;0;0;0;328;90;199;38;11;0;0;0;338;666
"054013";"Città di Castello";50;83;182;15;2;0;0;0;282;52;222;34;10;0;0;0;318;600
"054013";"Città di Castello";51;98;170;21;0;2;0;0;291;83;221;37;2;0;0;0;343;634
"054013";"Città di Castello";52;68;205;26;1;0;0;0;300;52;204;26;10;0;0;0;292;592
"054013";"Città di Castello";53;73;200;25;1;0;0;0;299;55;195;13;5;0;0;0;268;567
"054013";"Città di Castello";54;68;181;24;0;0;0;0;273;68;225;33;13;1;0;0;340;613
"054013";"Città di Castello";55;78;184;15;3;0;0;0;280;62;216;29;15;0;0;0;322;602
"054013";"Città di Castello";56;66;227;24;1;0;0;0;318;53;210;21;8;0;0;0;292;610
"054013";"Città di Castello";57;58;199;29;6;0;0;0;292;44;216;25;11;0;0;0;296;588
"054013";"Città di Castello";58;58;213;19;4;0;0;0;294;28;238;24;13;0;0;0;303;597
"054013";"Città di Castello";59;57;226;28;5;1;0;0;317;45;238;24;24;0;0;0;331;648
"054013";"Città di Castello";60;39;213;21;4;0;0;0;277;29;204;32;19;0;0;0;284;561
"054013";"Città di Castello";61;39;225;25;4;0;0;0;293;24;221;28;20;0;0;0;293;586
"054013";"Città di Castello";62;42;210;18;6;0;0;0;276;26;238;21;18;0;0;0;303;579
"054013";"Città di Castello";63;37;192;16;11;0;0;0;256;26;214;18;25;0;0;0;283;539
"054013";"Città di Castello";64;34;206;16;9;0;0;0;265;29;207;23;33;0;0;0;292;557
"054013";"Città di Castello";65;29;185;12;3;0;0;0;229;27;208;21;32;1;0;0;289;518
"054013";"Città di Castello";66;31;190;12;5;0;0;0;238;23;183;14;32;0;0;0;252;490
"054013";"Città di Castello";67;18;204;16;10;0;0;0;248;29;206;17;44;0;0;0;296;544
"054013";"Città di Castello";68;28;182;10;8;0;0;0;228;22;200;22;51;0;0;0;295;523
"054013";"Città di Castello";69;29;204;13;4;0;0;0;250;19;180;17;55;0;0;0;271;521
"054013";"Città di Castello";70;28;193;12;8;1;0;0;242;21;163;12;56;0;0;0;252;494
"054013";"Città di Castello";71;21;182;10;9;0;0;0;222;19;151;5;54;0;0;0;229;451
"054013";"Città di Castello";72;13;171;4;14;0;0;1;203;12;150;11;57;0;0;0;230;433
"054013";"Città di Castello";73;16;219;8;5;0;0;0;248;23;154;5;61;0;0;0;243;491
"054013";"Città di Castello";74;18;197;4;16;0;0;0;235;14;161;11;76;0;0;0;262;497
"054013";"Città di Castello";75;12;196;6;19;0;0;0;233;19;137;6;77;0;0;0;239;472
"054013";"Città di Castello";76;14;178;5;16;0;0;0;213;15;137;4;84;0;0;0;240;453
"054013";"Città di Castello";77;16;138;5;19;0;0;0;178;9;122;7;77;0;0;0;215;393
"054013";"Città di Castello";78;6;116;4;11;0;0;0;137;16;86;4;65;0;0;0;171;308
"054013";"Città di Castello";79;15;110;2;10;0;0;0;137;13;87;3;73;0;0;0;176;313
"054013";"Città di Castello";80;7;115;3;18;0;0;0;143;16;78;4;84;0;0;0;182;325
"054013";"Città di Castello";81;11;87;1;12;0;0;0;111;11;65;4;87;0;0;0;167;278
"054013";"Città di Castello";82;10;90;3;22;0;0;0;125;8;64;1;92;0;0;0;165;290
"054013";"Città di Castello";83;7;98;1;13;0;0;0;119;18;63;2;98;0;0;0;181;300
"054013";"Città di Castello";84;6;94;1;14;0;0;0;115;12;55;1;113;0;0;0;181;296
"054013";"Città di Castello";85;10;89;1;25;0;0;0;125;6;52;0;132;0;0;0;190;315
"054013";"Città di Castello";86;5;52;0;27;0;0;0;84;12;28;4;112;0;0;0;156;240
"054013";"Città di Castello";87;6;48;0;20;0;0;0;74;7;32;1;102;0;0;0;142;216
"054013";"Città di Castello";88;3;44;1;16;0;0;0;64;9;11;0;108;0;0;0;128;192
"054013";"Città di Castello";89;3;32;1;26;0;0;0;62;7;15;0;94;0;0;0;116;178
"054013";"Città di Castello";90;5;27;0;12;0;0;0;44;2;10;0;75;0;0;0;87;131
"054013";"Città di Castello";91;0;20;0;15;0;0;0;35;4;11;0;71;0;0;0;86;121
"054013";"Città di Castello";92;2;15;0;16;0;0;0;33;5;3;0;66;0;0;0;74;107
"054013";"Città di Castello";93;1;8;0;12;0;0;0;21;1;4;0;57;0;0;0;62;83
"054013";"Città di Castello";94;2;7;0;7;0;0;0;16;0;2;0;55;0;0;0;57;73
"054013";"Città di Castello";95;1;5;0;2;0;0;0;8;1;3;0;31;0;0;0;35;43
"054013";"Città di Castello";96;1;1;0;2;0;0;0;4;1;3;0;23;0;0;0;27;31
"054013";"Città di Castello";97;0;4;0;1;0;0;0;5;0;0;0;12;0;0;0;12;17
"054013";"Città di Castello";98;0;0;0;1;0;0;0;1;0;0;1;11;0;0;0;12;13
"054013";"Città di Castello";99;0;1;0;1;0;0;0;2;0;0;0;8;0;0;0;8;10
"054013";"Città di Castello";100;0;0;0;6;0;0;0;6;2;0;0;13;0;0;0;15;21
"054013";"Città di Castello";999;8745;8536;589;491;12;0;1;18374;7618;8707;795;2600;6;0;0;19726;38100
"054014";"Collazzone";0;14;0;0;0;;;;14;3;0;0;0;;;;3;17
"054014";"Collazzone";1;8;0;0;0;;;;8;12;0;0;0;;;;12;20
"054014";"Collazzone";2;11;0;0;0;;;;11;16;0;0;0;;;;16;27
"054014";"Collazzone";3;12;0;0;0;;;;12;14;0;0;0;;;;14;26
"054014";"Collazzone";4;17;0;0;0;;;;17;13;0;0;0;;;;13;30
"054014";"Collazzone";5;10;0;0;0;;;;10;14;0;0;0;;;;14;24
"054014";"Collazzone";6;13;0;0;0;;;;13;13;0;0;0;;;;13;26
"054014";"Collazzone";7;17;0;0;0;;;;17;18;0;0;0;;;;18;35
"054014";"Collazzone";8;19;0;0;0;;;;19;16;0;0;0;;;;16;35
"054014";"Collazzone";9;22;0;0;0;;;;22;15;0;0;0;;;;15;37
"054014";"Collazzone";10;9;0;0;0;;;;9;18;0;0;0;;;;18;27
"054014";"Collazzone";11;15;0;0;0;;;;15;14;0;0;0;;;;14;29
"054014";"Collazzone";12;14;0;0;0;;;;14;33;0;0;0;;;;33;47
"054014";"Collazzone";13;16;0;0;0;;;;16;18;0;0;0;;;;18;34
"054014";"Collazzone";14;17;0;0;0;;;;17;12;0;0;0;;;;12;29
"054014";"Collazzone";15;4;0;0;0;;;;4;12;0;0;0;;;;12;16
"054014";"Collazzone";16;23;0;0;0;;;;23;24;0;0;0;;;;24;47
"054014";"Collazzone";17;19;0;0;0;;;;19;12;0;0;0;;;;12;31
"054014";"Collazzone";18;18;0;0;0;;;;18;18;0;0;0;;;;18;36
"054014";"Collazzone";19;16;0;0;0;;;;16;21;0;0;0;;;;21;37
"054014";"Collazzone";20;16;0;0;0;;;;16;9;0;0;0;;;;9;25
"054014";"Collazzone";21;11;0;0;0;;;;11;18;0;0;0;;;;18;29
"054014";"Collazzone";22;20;0;0;0;;;;20;20;0;0;0;;;;20;40
"054014";"Collazzone";23;23;1;0;0;;;;24;14;2;0;0;;;;16;40
"054014";"Collazzone";24;16;0;0;0;;;;16;12;1;0;0;;;;13;29
"054014";"Collazzone";25;14;0;0;0;;;;14;5;1;0;0;;;;6;20
"054014";"Collazzone";26;10;0;0;0;;;;10;13;2;0;0;;;;15;25
"054014";"Collazzone";27;10;2;0;0;;;;12;14;1;0;0;;;;15;27
"054014";"Collazzone";28;15;0;0;0;;;;15;8;5;0;0;;;;13;28
"054014";"Collazzone";29;13;0;0;0;;;;13;6;4;0;0;;;;10;23
"054014";"Collazzone";30;14;4;0;0;;;;18;11;6;0;0;;;;17;35
"054014";"Collazzone";31;8;5;0;0;;;;13;8;6;0;0;;;;14;27
"054014";"Collazzone";32;8;1;0;0;;;;9;11;9;0;0;;;;20;29
"054014";"Collazzone";33;8;5;0;0;;;;13;8;7;0;0;;;;15;28
"054014";"Collazzone";34;17;4;0;0;;;;21;13;9;0;0;;;;22;43
"054014";"Collazzone";35;12;6;0;0;;;;18;13;3;1;0;;;;17;35
"054014";"Collazzone";36;10;7;0;0;;;;17;11;5;0;0;;;;16;33
"054014";"Collazzone";37;15;10;0;0;;;;25;4;9;0;0;;;;13;38
"054014";"Collazzone";38;8;7;1;0;;;;16;7;12;1;0;;;;20;36
"054014";"Collazzone";39;11;11;0;0;;;;22;9;12;0;0;;;;21;43
"054014";"Collazzone";40;5;4;0;0;;;;9;8;16;1;0;;;;25;34
"054014";"Collazzone";41;15;10;0;0;;;;25;9;10;0;0;;;;19;44
"054014";"Collazzone";42;8;12;0;0;;;;20;13;15;1;0;;;;29;49
"054014";"Collazzone";43;9;14;1;0;;;;24;5;10;2;0;;;;17;41
"054014";"Collazzone";44;11;13;1;0;;;;25;12;13;1;0;;;;26;51
"054014";"Collazzone";45;9;10;2;0;;;;21;2;19;1;2;;;;24;45
"054014";"Collazzone";46;8;12;2;0;;;;22;9;21;0;0;;;;30;52
"054014";"Collazzone";47;4;19;2;0;;;;25;8;24;0;0;;;;32;57
"054014";"Collazzone";48;6;14;2;0;;;;22;6;14;1;2;;;;23;45
"054014";"Collazzone";49;12;14;0;0;;;;26;8;14;3;0;;;;25;51
"054014";"Collazzone";50;3;20;1;0;;;;24;7;19;3;0;;;;29;53
"054014";"Collazzone";51;7;19;0;0;;;;26;7;21;1;2;;;;31;57
"054014";"Collazzone";52;7;20;0;0;;;;27;3;15;0;0;;;;18;45
"054014";"Collazzone";53;7;19;0;0;;;;26;1;14;2;0;;;;17;43
"054014";"Collazzone";54;5;20;1;1;;;;27;2;27;1;0;;;;30;57
"054014";"Collazzone";55;7;20;0;0;;;;27;4;21;1;3;;;;29;56
"054014";"Collazzone";56;5;16;4;0;;;;25;2;19;1;2;;;;24;49
"054014";"Collazzone";57;2;19;4;0;;;;25;2;19;2;1;;;;24;49
"054014";"Collazzone";58;5;21;3;1;;;;30;2;24;3;0;;;;29;59
"054014";"Collazzone";59;3;25;1;1;;;;30;2;21;1;1;;;;25;55
"054014";"Collazzone";60;4;14;2;2;;;;22;1;17;1;3;;;;22;44
"054014";"Collazzone";61;2;15;0;0;;;;17;3;20;0;1;;;;24;41
"054014";"Collazzone";62;6;18;3;1;;;;28;3;20;3;2;;;;28;56
"054014";"Collazzone";63;3;13;1;0;;;;17;2;11;3;3;;;;19;36
"054014";"Collazzone";64;3;24;1;0;;;;28;1;17;1;4;;;;23;51
"054014";"Collazzone";65;3;10;1;1;;;;15;2;19;3;4;;;;28;43
"054014";"Collazzone";66;1;19;2;0;;;;22;2;13;3;2;;;;20;42
"054014";"Collazzone";67;0;10;1;2;;;;13;3;18;1;3;;;;25;38
"054014";"Collazzone";68;0;24;2;1;;;;27;1;15;2;2;;;;20;47
"054014";"Collazzone";69;4;20;0;0;;;;24;1;11;1;5;;;;18;42
"054014";"Collazzone";70;0;8;1;0;;;;9;1;19;2;5;;;;27;36
"054014";"Collazzone";71;3;6;1;0;;;;10;1;18;0;2;;;;21;31
"054014";"Collazzone";72;4;17;0;0;;;;21;0;11;1;5;;;;17;38
"054014";"Collazzone";73;1;12;1;2;;;;16;1;14;1;4;;;;20;36
"054014";"Collazzone";74;2;16;2;1;;;;21;0;7;0;1;;;;8;29
"054014";"Collazzone";75;2;10;1;0;;;;13;2;11;0;7;;;;20;33
"054014";"Collazzone";76;1;16;0;1;;;;18;1;9;0;6;;;;16;34
"054014";"Collazzone";77;0;20;0;1;;;;21;0;13;0;1;;;;14;35
"054014";"Collazzone";78;1;12;0;4;;;;17;0;10;0;10;;;;20;37
"054014";"Collazzone";79;3;7;1;0;;;;11;2;8;0;6;;;;16;27
"054014";"Collazzone";80;1;16;0;2;;;;19;1;10;0;7;;;;18;37
"054014";"Collazzone";81;1;11;0;0;;;;12;0;2;0;6;;;;8;20
"054014";"Collazzone";82;3;14;0;2;;;;19;0;4;0;11;;;;15;34
"054014";"Collazzone";83;1;10;0;0;;;;11;0;4;0;13;;;;17;28
"054014";"Collazzone";84;3;4;0;1;;;;8;0;3;0;11;;;;14;22
"054014";"Collazzone";85;2;7;0;1;;;;10;0;5;0;8;;;;13;23
"054014";"Collazzone";86;0;7;0;1;;;;8;0;3;0;11;;;;14;22
"054014";"Collazzone";87;0;5;0;0;;;;5;0;1;0;6;;;;7;12
"054014";"Collazzone";88;0;3;0;3;;;;6;0;5;0;7;;;;12;18
"054014";"Collazzone";89;1;1;0;1;;;;3;0;1;0;10;;;;11;14
"054014";"Collazzone";90;0;5;1;1;;;;7;1;2;0;5;;;;8;15
"054014";"Collazzone";91;2;1;0;0;;;;3;0;1;0;2;;;;3;6
"054014";"Collazzone";92;1;1;0;1;;;;3;0;1;0;9;;;;10;13
"054014";"Collazzone";93;0;2;0;1;;;;3;0;0;0;2;;;;2;5
"054014";"Collazzone";94;0;0;0;1;;;;1;0;0;0;3;;;;3;4
"054014";"Collazzone";95;0;1;0;0;;;;1;0;0;0;4;;;;4;5
"054014";"Collazzone";96;0;1;0;1;;;;2;0;0;0;5;;;;5;7
"054014";"Collazzone";97;0;0;0;1;;;;1;0;0;0;3;;;;3;4
"054014";"Collazzone";98;0;0;0;0;;;;0;0;0;0;1;;;;1;1
"054014";"Collazzone";99;0;0;0;0;;;;0;0;0;0;1;;;;1;1
"054014";"Collazzone";100;0;0;0;0;;;;0;0;0;0;0;;;;0;0
"054014";"Collazzone";999;749;764;46;36;;;;1595;671;773;49;214;;;;1707;3302
"054015";"Corciano";0;69;0;0;0;0;0;0;69;60;0;0;0;0;0;0;60;129
"054015";"Corciano";1;70;0;0;0;0;0;0;70;76;0;0;0;0;0;0;76;146
"054015";"Corciano";2;79;0;0;0;0;0;0;79;73;0;0;0;0;0;0;73;152
"054015";"Corciano";3;80;0;0;0;0;0;0;80;85;0;0;0;0;0;0;85;165
"054015";"Corciano";4;104;0;0;0;0;0;0;104;85;0;0;0;0;0;0;85;189
"054015";"Corciano";5;96;0;0;0;0;0;0;96;81;0;0;0;0;0;0;81;177
"054015";"Corciano";6;91;0;0;0;0;0;0;91;106;0;0;0;0;0;0;106;197
"054015";"Corciano";7;121;0;0;0;0;0;0;121;109;0;0;0;0;0;0;109;230
"054015";"Corciano";8;112;0;0;0;0;0;0;112;96;0;0;0;0;0;0;96;208
"054015";"Corciano";9;113;0;0;0;0;0;0;113;92;0;0;0;0;0;0;92;205
"054015";"Corciano";10;110;0;0;0;0;0;0;110;104;0;0;0;0;0;0;104;214
"054015";"Corciano";11;125;0;0;0;0;0;0;125;127;0;0;0;0;0;0;127;252
"054015";"Corciano";12;118;0;0;0;0;0;0;118;115;0;0;0;0;0;0;115;233
"054015";"Corciano";13;142;0;0;0;0;0;0;142;119;0;0;0;0;0;0;119;261
"054015";"Corciano";14;133;0;0;0;0;0;0;133;124;0;0;0;0;0;0;124;257
"054015";"Corciano";15;112;0;0;0;0;0;0;112;127;0;0;0;0;0;0;127;239
"054015";"Corciano";16;122;0;0;0;0;0;0;122;106;0;0;0;0;0;0;106;228
"054015";"Corciano";17;99;0;0;0;0;0;0;99;120;0;0;0;0;0;0;120;219
"054015";"Corciano";18;110;0;0;0;0;0;0;110;113;0;0;0;0;0;0;113;223
"054015";"Corciano";19;103;0;0;0;0;0;0;103;86;0;0;0;0;0;0;86;189
"054015";"Corciano";20;120;0;0;0;0;0;0;120;104;0;0;0;0;0;0;104;224
"054015";"Corciano";21;114;0;0;0;0;0;0;114;107;2;0;0;0;0;0;109;223
"054015";"Corciano";22;116;0;0;0;0;0;0;116;91;1;0;0;0;0;0;92;208
"054015";"Corciano";23;105;0;0;0;0;0;0;105;106;1;0;0;0;0;0;107;212
"054015";"Corciano";24;127;0;0;0;1;0;0;128;88;1;0;0;0;0;0;89;217
"054015";"Corciano";25;98;2;0;0;0;0;0;100;95;5;0;0;0;0;0;100;200
"054015";"Corciano";26;98;3;0;0;0;0;0;101;92;4;0;0;0;0;0;96;197
"054015";"Corciano";27;107;0;0;0;0;0;0;107;83;8;1;0;0;0;0;92;199
"054015";"Corciano";28;105;8;0;0;0;0;0;113;77;11;0;0;0;0;0;88;201
"054015";"Corciano";29;81;8;0;0;0;0;0;89;66;13;1;0;0;0;0;80;169
"054015";"Corciano";30;109;13;0;0;1;0;0;123;84;14;0;0;0;0;0;98;221
"054015";"Corciano";31;111;14;0;0;0;0;0;125;72;39;1;0;0;0;0;112;237
"054015";"Corciano";32;86;11;2;0;0;0;0;99;78;42;0;0;0;0;0;120;219
"054015";"Corciano";33;78;26;1;0;0;0;0;105;61;43;2;0;1;0;0;107;212
"054015";"Corciano";34;84;37;0;1;1;0;0;123;68;60;3;0;0;0;0;131;254
"054015";"Corciano";35;88;43;1;0;0;0;0;132;73;60;2;1;0;0;0;136;268
"054015";"Corciano";36;69;50;1;0;1;0;0;121;59;54;2;0;0;0;0;115;236
"054015";"Corciano";37;69;52;2;0;0;0;0;123;77;63;3;0;0;0;0;143;266
"054015";"Corciano";38;77;63;4;0;0;0;0;144;48;63;5;0;0;0;0;116;260
"054015";"Corciano";39;68;54;2;0;0;0;0;124;62;73;6;0;0;0;0;141;265
"054015";"Corciano";40;65;72;5;1;0;0;0;143;41;87;9;0;1;0;0;138;281
"054015";"Corciano";41;57;51;7;1;0;0;0;116;62;78;4;2;0;0;0;146;262
"054015";"Corciano";42;55;70;5;0;0;0;0;130;43;107;9;0;1;0;0;160;290
"054015";"Corciano";43;67;71;5;0;0;0;0;143;58;93;18;4;0;0;0;173;316
"054015";"Corciano";44;72;80;5;0;1;0;0;158;57;114;12;5;0;0;0;188;346
"054015";"Corciano";45;61;78;8;0;0;0;0;147;52;115;10;1;0;0;0;178;325
"054015";"Corciano";46;72;111;5;0;0;0;0;188;42;108;18;4;1;0;0;173;361
"054015";"Corciano";47;62;105;14;0;0;0;0;181;48;123;9;1;0;0;0;181;362
"054015";"Corciano";48;47;111;11;2;0;0;0;171;55;129;16;3;0;0;0;203;374
"054015";"Corciano";49;57;127;12;1;1;0;0;198;41;123;18;6;0;0;0;188;386
"054015";"Corciano";50;63;118;11;1;2;0;0;195;40;128;16;2;0;0;0;186;381
"054015";"Corciano";51;42;112;12;2;0;0;0;168;39;142;13;3;0;0;0;197;365
"054015";"Corciano";52;44;121;9;2;0;0;0;176;39;143;18;3;0;0;0;203;379
"054015";"Corciano";53;45;123;10;1;0;0;0;179;28;131;12;13;0;0;0;184;363
"054015";"Corciano";54;38;134;14;1;1;0;0;188;27;94;21;6;0;0;0;148;336
"054015";"Corciano";55;19;131;13;3;1;0;0;167;27;131;26;6;0;0;0;190;357
"054015";"Corciano";56;24;128;13;2;0;0;0;167;35;137;17;6;0;0;0;195;362
"054015";"Corciano";57;25;123;16;1;1;0;0;166;33;130;16;1;0;0;0;180;346
"054015";"Corciano";58;24;131;9;1;0;0;0;165;31;127;12;7;1;0;0;178;343
"054015";"Corciano";59;17;115;14;1;0;0;0;147;16;105;24;8;0;0;0;153;300
"054015";"Corciano";60;18;101;14;3;1;0;0;137;16;135;11;9;0;0;0;171;308
"054015";"Corciano";61;19;117;12;2;0;0;0;150;23;120;14;13;0;0;0;170;320
"054015";"Corciano";62;16;101;14;2;0;0;0;133;7;104;11;12;0;0;0;134;267
"054015";"Corciano";63;16;102;6;1;0;0;0;125;9;104;15;11;0;0;0;139;264
"054015";"Corciano";64;5;85;12;5;0;0;0;107;12;107;13;6;0;0;0;138;245
"054015";"Corciano";65;7;85;4;3;0;0;0;99;8;85;10;11;0;0;0;114;213
"054015";"Corciano";66;3;96;10;7;0;0;0;116;11;83;10;17;0;0;0;121;237
"054015";"Corciano";67;7;91;11;5;1;0;0;115;7;110;6;13;0;0;0;136;251
"054015";"Corciano";68;10;98;9;4;0;0;0;121;11;81;7;20;0;0;0;119;240
"054015";"Corciano";69;8;90;7;4;0;0;0;109;13;92;5;13;0;0;0;123;232
"054015";"Corciano";70;8;92;7;8;0;0;0;115;8;92;5;22;1;0;0;128;243
"054015";"Corciano";71;9;85;6;2;0;0;0;102;4;84;5;21;0;0;0;114;216
"054015";"Corciano";72;1;73;2;5;0;0;0;81;5;93;6;22;0;0;0;126;207
"054015";"Corciano";73;2;86;5;11;0;0;0;104;7;82;5;30;0;0;0;124;228
"054015";"Corciano";74;9;104;2;6;0;0;0;121;7;76;9;31;0;0;0;123;244
"054015";"Corciano";75;4;111;1;8;0;0;0;124;1;78;7;35;0;0;0;121;245
"054015";"Corciano";76;2;87;4;10;0;0;0;103;6;69;8;45;0;0;0;128;231
"054015";"Corciano";77;5;90;3;16;0;0;0;114;4;61;5;31;0;0;0;101;215
"054015";"Corciano";78;3;64;1;7;0;0;0;75;3;32;4;28;0;0;0;67;142
"054015";"Corciano";79;2;49;3;10;0;0;0;64;2;46;4;36;0;0;0;88;152
"054015";"Corciano";80;7;39;2;12;0;0;0;60;2;42;2;30;0;0;0;76;136
"054015";"Corciano";81;4;49;1;8;0;0;0;62;2;44;2;44;0;0;0;92;154
"054015";"Corciano";82;2;50;1;11;0;0;0;64;5;35;2;38;0;0;0;80;144
"054015";"Corciano";83;3;48;4;7;0;0;0;62;2;32;1;56;0;0;0;91;153
"054015";"Corciano";84;4;45;0;8;0;0;0;57;1;30;2;44;0;0;0;77;134
"054015";"Corciano";85;3;39;1;8;0;0;0;51;3;26;1;50;0;0;0;80;131
"054015";"Corciano";86;4;33;1;9;0;0;0;47;2;16;2;38;0;0;0;58;105
"054015";"Corciano";87;1;42;1;6;0;0;0;50;0;13;1;39;0;0;0;53;103
"054015";"Corciano";88;0;21;0;8;0;0;0;29;0;7;0;42;0;0;0;49;78
"054015";"Corciano";89;0;23;0;5;0;0;0;28;1;9;2;47;0;0;0;59;87
"054015";"Corciano";90;1;16;1;6;0;0;0;24;0;5;0;35;0;0;0;40;64
"054015";"Corciano";91;0;12;0;7;0;0;0;19;2;3;0;31;0;0;0;36;55
"054015";"Corciano";92;1;5;0;4;0;0;0;10;1;0;0;25;0;0;0;26;36
"054015";"Corciano";93;0;4;0;3;0;0;0;7;1;2;0;19;0;0;0;22;29
"054015";"Corciano";94;0;4;0;3;0;0;0;7;0;1;0;13;0;0;0;14;21
"054015";"Corciano";95;0;2;0;1;0;0;0;3;0;0;0;6;0;0;0;6;9
"054015";"Corciano";96;0;0;0;1;0;0;0;1;0;0;0;11;0;0;0;11;12
"054015";"Corciano";97;0;2;0;1;0;0;0;3;0;0;0;14;0;0;0;14;17
"054015";"Corciano";98;0;0;0;1;0;0;0;1;0;0;0;5;0;0;0;5;6
"054015";"Corciano";99;0;0;0;2;0;0;0;2;0;0;0;3;0;0;0;3;5
"054015";"Corciano";100;0;0;0;0;0;0;0;0;1;0;0;3;0;0;0;4;4
"054015";"Corciano";999;5159;4737;356;251;13;0;0;10516;4596;4901;499;1101;6;0;0;11103;21619
"054016";"Costacciaro";0;2;0;0;0;;;;2;3;0;0;0;;;;3;5
"054016";"Costacciaro";1;2;0;0;0;;;;2;1;0;0;0;;;;1;3
"054016";"Costacciaro";2;4;0;0;0;;;;4;2;0;0;0;;;;2;6
"054016";"Costacciaro";3;2;0;0;0;;;;2;1;0;0;0;;;;1;3
"054016";"Costacciaro";4;1;0;0;0;;;;1;1;0;0;0;;;;1;2
"054016";"Costacciaro";5;2;0;0;0;;;;2;2;0;0;0;;;;2;4
"054016";"Costacciaro";6;2;0;0;0;;;;2;1;0;0;0;;;;1;3
"054016";"Costacciaro";7;1;0;0;0;;;;1;2;0;0;0;;;;2;3
"054016";"Costacciaro";8;2;0;0;0;;;;2;1;0;0;0;;;;1;3
"054016";"Costacciaro";9;6;0;0;0;;;;6;3;0;0;0;;;;3;9
"054016";"Costacciaro";10;3;0;0;0;;;;3;1;0;0;0;;;;1;4
"054016";"Costacciaro";11;6;0;0;0;;;;6;3;0;0;0;;;;3;9
"054016";"Costacciaro";12;5;0;0;0;;;;5;0;0;0;0;;;;0;5
"054016";"Costacciaro";13;6;0;0;0;;;;6;8;0;0;0;;;;8;14
"054016";"Costacciaro";14;4;0;0;0;;;;4;1;0;0;0;;;;1;5
"054016";"Costacciaro";15;2;0;0;0;;;;2;5;0;0;0;;;;5;7
"054016";"Costacciaro";16;5;0;0;0;;;;5;7;0;0;0;;;;7;12
"054016";"Costacciaro";17;5;0;0;0;;;;5;0;0;0;0;;;;0;5
"054016";"Costacciaro";18;4;0;0;0;;;;4;5;0;0;0;;;;5;9
"054016";"Costacciaro";19;6;0;0;0;;;;6;8;0;0;0;;;;8;14
"054016";"Costacciaro";20;3;0;0;0;;;;3;7;0;0;0;;;;7;10
"054016";"Costacciaro";21;0;0;0;0;;;;0;2;0;0;0;;;;2;2
"054016";"Costacciaro";22;4;0;0;0;;;;4;5;0;0;0;;;;5;9
"054016";"Costacciaro";23;6;0;0;0;;;;6;3;0;0;0;;;;3;9
"054016";"Costacciaro";24;3;0;0;0;;;;3;2;0;0;0;;;;2;5
"054016";"Costacciaro";25;4;1;0;0;;;;5;5;0;0;0;;;;5;10
"054016";"Costacciaro";26;3;0;0;0;;;;3;6;0;0;0;;;;6;9
"054016";"Costacciaro";27;6;0;0;0;;;;6;3;0;0;0;;;;3;9
"054016";"Costacciaro";28;4;0;0;0;;;;4;6;0;0;0;;;;6;10
"054016";"Costacciaro";29;3;0;0;0;;;;3;5;1;0;0;;;;6;9
"054016";"Costacciaro";30;4;1;0;0;;;;5;4;1;0;0;;;;5;10
"054016";"Costacciaro";31;1;0;0;0;;;;1;1;1;0;0;;;;2;3
"054016";"Costacciaro";32;6;1;0;0;;;;7;3;0;0;0;;;;3;10
"054016";"Costacciaro";33;4;0;0;0;;;;4;3;3;0;0;;;;6;10
"054016";"Costacciaro";34;4;3;0;0;;;;7;1;0;0;0;;;;1;8
"054016";"Costacciaro";35;2;1;0;0;;;;3;5;2;0;0;;;;7;10
"054016";"Costacciaro";36;8;2;0;0;;;;10;0;1;2;0;;;;3;13
"054016";"Costacciaro";37;3;2;0;0;;;;5;4;1;0;0;;;;5;10
"054016";"Costacciaro";38;1;2;0;0;;;;3;2;4;0;1;;;;7;10
"054016";"Costacciaro";39;4;1;1;0;;;;6;3;2;0;0;;;;5;11
"054016";"Costacciaro";40;8;4;0;0;;;;12;1;3;0;0;;;;4;16
"054016";"Costacciaro";41;2;2;0;0;;;;4;1;2;1;0;;;;4;8
"054016";"Costacciaro";42;1;2;0;0;;;;3;1;4;0;1;;;;6;9
"054016";"Costacciaro";43;5;2;1;0;;;;8;1;8;2;0;;;;11;19
"054016";"Costacciaro";44;4;2;0;0;;;;6;0;1;1;0;;;;2;8
"054016";"Costacciaro";45;5;4;1;0;;;;10;3;2;0;0;;;;5;15
"054016";"Costacciaro";46;5;2;0;0;;;;7;3;2;0;0;;;;5;12
"054016";"Costacciaro";47;0;4;0;0;;;;4;2;1;1;0;;;;4;8
"054016";"Costacciaro";48;3;3;1;0;;;;7;2;7;3;0;;;;12;19
"054016";"Costacciaro";49;7;4;1;0;;;;12;1;3;0;0;;;;4;16
"054016";"Costacciaro";50;4;3;1;0;;;;8;0;5;1;0;;;;6;14
"054016";"Costacciaro";51;1;12;1;0;;;;14;2;8;1;0;;;;11;25
"054016";"Costacciaro";52;0;3;1;0;;;;4;1;6;0;0;;;;7;11
"054016";"Costacciaro";53;5;4;0;0;;;;9;1;11;1;1;;;;14;23
"054016";"Costacciaro";54;1;4;1;0;;;;6;0;5;1;1;;;;7;13
"054016";"Costacciaro";55;4;6;1;0;;;;11;3;5;0;0;;;;8;19
"054016";"Costacciaro";56;3;11;0;0;;;;14;2;5;1;1;;;;9;23
"054016";"Costacciaro";57;1;6;0;0;;;;7;1;6;0;0;;;;7;14
"054016";"Costacciaro";58;0;9;0;0;;;;9;1;9;2;3;;;;15;24
"054016";"Costacciaro";59;5;3;0;0;;;;8;0;4;1;1;;;;6;14
"054016";"Costacciaro";60;4;4;0;0;;;;8;1;11;1;2;;;;15;23
"054016";"Costacciaro";61;1;3;0;0;;;;4;1;7;1;0;;;;9;13
"054016";"Costacciaro";62;0;7;1;0;;;;8;1;6;0;4;;;;11;19
"054016";"Costacciaro";63;1;7;1;0;;;;9;0;2;1;1;;;;4;13
"054016";"Costacciaro";64;3;7;0;0;;;;10;1;5;1;1;;;;8;18
"054016";"Costacciaro";65;1;4;0;0;;;;5;0;5;0;2;;;;7;12
"054016";"Costacciaro";66;2;8;0;0;;;;10;1;7;0;3;;;;11;21
"054016";"Costacciaro";67;0;6;0;0;;;;6;1;7;1;3;;;;12;18
"054016";"Costacciaro";68;2;6;0;1;;;;9;0;9;0;2;;;;11;20
"054016";"Costacciaro";69;0;6;1;1;;;;8;0;2;0;0;;;;2;10
"054016";"Costacciaro";70;1;4;1;2;;;;8;0;1;0;0;;;;1;9
"054016";"Costacciaro";71;0;6;0;0;;;;6;0;4;1;1;;;;6;12
"054016";"Costacciaro";72;1;6;0;0;;;;7;0;6;1;2;;;;9;16
"054016";"Costacciaro";73;2;7;0;0;;;;9;0;5;0;4;;;;9;18
"054016";"Costacciaro";74;0;4;0;1;;;;5;1;6;0;1;;;;8;13
"054016";"Costacciaro";75;1;5;0;2;;;;8;0;7;1;3;;;;11;19
"054016";"Costacciaro";76;0;4;0;0;;;;4;0;2;0;2;;;;4;8
"054016";"Costacciaro";77;0;9;0;1;;;;10;0;6;1;2;;;;9;19
"054016";"Costacciaro";78;1;2;0;0;;;;3;0;3;0;3;;;;6;9
"054016";"Costacciaro";79;0;2;0;0;;;;2;0;4;0;3;;;;7;9
"054016";"Costacciaro";80;3;5;0;2;;;;10;1;3;0;6;;;;10;20
"054016";"Costacciaro";81;2;4;0;0;;;;6;0;1;1;3;;;;5;11
"054016";"Costacciaro";82;0;3;0;1;;;;4;0;2;1;7;;;;10;14
"054016";"Costacciaro";83;1;1;0;0;;;;2;0;3;0;6;;;;9;11
"054016";"Costacciaro";84;0;6;0;1;;;;7;0;1;0;6;;;;7;14
"054016";"Costacciaro";85;2;1;0;2;;;;5;1;0;0;1;;;;2;7
"054016";"Costacciaro";86;1;2;0;1;;;;4;0;1;0;4;;;;5;9
"054016";"Costacciaro";87;0;2;0;0;;;;2;0;2;0;5;;;;7;9
"054016";"Costacciaro";88;0;2;0;0;;;;2;0;1;0;6;;;;7;9
"054016";"Costacciaro";89;0;1;0;0;;;;1;0;1;0;1;;;;2;3
"054016";"Costacciaro";90;0;4;0;1;;;;5;1;0;0;3;;;;4;9
"054016";"Costacciaro";91;0;0;0;0;;;;0;0;0;0;1;;;;1;1
"054016";"Costacciaro";92;0;0;0;0;;;;0;0;0;0;3;;;;3;3
"054016";"Costacciaro";93;0;0;0;0;;;;0;0;1;0;1;;;;2;2
"054016";"Costacciaro";94;0;2;0;0;;;;2;0;0;0;1;;;;1;3
"054016";"Costacciaro";95;0;1;0;2;;;;3;0;0;0;2;;;;2;5
"054016";"Costacciaro";96;0;0;0;0;;;;0;0;0;0;2;;;;2;2
"054016";"Costacciaro";97;0;0;0;0;;;;0;0;0;0;0;;;;0;0
"054016";"Costacciaro";98;0;0;0;0;;;;0;0;0;0;2;;;;2;2
"054016";"Costacciaro";99;0;0;0;0;;;;0;0;0;0;0;;;;0;0
"054016";"Costacciaro";100;0;0;0;0;;;;0;0;0;0;1;;;;1;1
"054016";"Costacciaro";999;236;245;14;18;;;;513;161;234;29;109;;;;533;1046
"054017";"Deruta";0;28;0;0;0;;;;28;23;0;0;0;;;;23;51
"054017";"Deruta";1;31;0;0;0;;;;31;24;0;0;0;;;;24;55
"054017";"Deruta";2;47;0;0;0;;;;47;29;0;0;0;;;;29;76
"054017";"Deruta";3;28;0;0;0;;;;28;26;0;0;0;;;;26;54
"054017";"Deruta";4;23;0;0;0;;;;23;39;0;0;0;;;;39;62
"054017";"Deruta";5;42;0;0;0;;;;42;31;0;0;0;;;;31;73
"054017";"Deruta";6;49;0;0;0;;;;49;44;0;0;0;;;;44;93
"054017";"Deruta";7;47;0;0;0;;;;47;39;0;0;0;;;;39;86
"054017";"Deruta";8;42;0;0;0;;;;42;28;0;0;0;;;;28;70
"054017";"Deruta";9;37;0;0;0;;;;37;35;0;0;0;;;;35;72
"054017";"Deruta";10;54;0;0;0;;;;54;46;0;0;0;;;;46;100
"054017";"Deruta";11;43;0;0;0;;;;43;64;0;0;0;;;;64;107
"054017";"Deruta";12;55;0;0;0;;;;55;46;0;0;0;;;;46;101
"054017";"Deruta";13;46;0;0;0;;;;46;39;0;0;0;;;;39;85
"054017";"Deruta";14;49;0;0;0;;;;49;44;0;0;0;;;;44;93
"054017";"Deruta";15;43;0;0;0;;;;43;47;0;0;0;;;;47;90
"054017";"Deruta";16;41;0;0;0;;;;41;52;0;0;0;;;;52;93
"054017";"Deruta";17;61;0;0;0;;;;61;64;0;0;0;;;;64;125
"054017";"Deruta";18;52;0;0;0;;;;52;44;0;0;0;;;;44;96
"054017";"Deruta";19;45;0;0;0;;;;45;42;0;0;0;;;;42;87
"054017";"Deruta";20;59;0;0;0;;;;59;46;0;0;0;;;;46;105
"054017";"Deruta";21;48;0;0;0;;;;48;34;0;0;0;;;;34;82
"054017";"Deruta";22;45;0;0;0;;;;45;55;0;0;0;;;;55;100
"054017";"Deruta";23;49;1;0;0;;;;50;36;1;0;0;;;;37;87
"054017";"Deruta";24;42;1;0;0;;;;43;32;1;0;0;;;;33;76
"054017";"Deruta";25;61;0;0;0;;;;61;39;3;0;0;;;;42;103
"054017";"Deruta";26;54;0;0;0;;;;54;41;4;0;0;;;;45;99
"054017";"Deruta";27;43;2;0;0;;;;45;25;3;0;0;;;;28;73
"054017";"Deruta";28;35;2;0;0;;;;37;38;8;0;0;;;;46;83
"054017";"Deruta";29;44;2;0;0;;;;46;34;7;0;0;;;;41;87
"054017";"Deruta";30;45;3;0;0;;;;48;25;6;0;0;;;;31;79
"054017";"Deruta";31;30;6;0;0;;;;36;26;15;0;0;;;;41;77
"054017";"Deruta";32;34;5;0;0;;;;39;24;18;0;0;;;;42;81
"054017";"Deruta";33;41;9;1;0;;;;51;18;23;0;0;;;;41;92
"054017";"Deruta";34;38;11;0;0;;;;49;24;20;0;2;;;;46;95
"054017";"Deruta";35;27;19;0;0;;;;46;24;26;1;0;;;;51;97
"054017";"Deruta";36;32;16;1;0;;;;49;27;23;2;1;;;;53;102
"054017";"Deruta";37;30;21;4;0;;;;55;23;33;0;1;;;;57;112
"054017";"Deruta";38;25;25;2;0;;;;52;21;27;3;0;;;;51;103
"054017";"Deruta";39;35;23;1;0;;;;59;26;33;1;0;;;;60;119
"054017";"Deruta";40;36;32;1;0;;;;69;23;42;6;0;;;;71;140
"054017";"Deruta";41;31;36;0;1;;;;68;27;30;3;1;;;;61;129
"054017";"Deruta";42;24;43;2;0;;;;69;17;54;2;2;;;;75;144
"054017";"Deruta";43;24;37;1;1;;;;63;19;31;5;1;;;;56;119
"054017";"Deruta";44;23;36;4;2;;;;65;13;41;5;0;;;;59;124
"054017";"Deruta";45;21;36;5;0;;;;62;19;40;2;1;;;;62;124
"054017";"Deruta";46;15;49;2;0;;;;66;16;57;6;1;;;;80;146
"054017";"Deruta";47;15;49;10;0;;;;74;15;47;7;0;;;;69;143
"054017";"Deruta";48;31;54;8;1;;;;94;18;62;2;0;;;;82;176
"054017";"Deruta";49;19;46;1;0;;;;66;19;71;7;0;;;;97;163
"054017";"Deruta";50;22;59;0;0;;;;81;21;48;4;1;;;;74;155
"054017";"Deruta";51;13;51;7;0;;;;71;15;57;4;2;;;;78;149
"054017";"Deruta";52;20;57;3;0;;;;80;13;61;8;1;;;;83;163
"054017";"Deruta";53;21;51;1;0;;;;73;13;61;8;3;;;;85;158
"054017";"Deruta";54;12;47;4;0;;;;63;14;49;12;0;;;;75;138
"054017";"Deruta";55;18;51;6;1;;;;76;13;55;11;4;;;;83;159
"054017";"Deruta";56;11;68;3;1;;;;83;10;56;8;3;;;;77;160
"054017";"Deruta";57;13;60;4;1;;;;78;10;59;6;5;;;;80;158
"054017";"Deruta";58;18;58;6;1;;;;83;7;55;6;3;;;;71;154
"054017";"Deruta";59;16;43;7;1;;;;67;9;45;7;3;;;;64;131
"054017";"Deruta";60;12;55;6;2;;;;75;7;55;6;6;;;;74;149
"054017";"Deruta";61;6;49;5;1;;;;61;6;48;8;2;;;;64;125
"054017";"Deruta";62;8;46;4;1;;;;59;6;48;4;2;;;;60;119
"054017";"Deruta";63;3;42;5;2;;;;52;4;45;7;8;;;;64;116
"054017";"Deruta";64;13;49;8;2;;;;72;7;46;7;8;;;;68;140
"054017";"Deruta";65;13;41;4;2;;;;60;9;45;4;6;;;;64;124
"054017";"Deruta";66;2;49;4;1;;;;56;2;53;2;7;;;;64;120
"054017";"Deruta";67;12;38;3;1;;;;54;4;58;5;5;;;;72;126
"054017";"Deruta";68;7;31;1;2;;;;41;1;54;5;8;;;;68;109
"054017";"Deruta";69;6;40;1;1;;;;48;3;41;2;8;;;;54;102
"054017";"Deruta";70;6;52;4;3;;;;65;4;47;9;8;;;;68;133
"054017";"Deruta";71;8;49;2;2;;;;61;1;31;3;11;;;;46;107
"054017";"Deruta";72;3;47;3;0;;;;53;2;33;3;9;;;;47;100
"054017";"Deruta";73;2;55;3;4;;;;64;2;47;1;12;;;;62;126
"054017";"Deruta";74;0;48;3;2;;;;53;2;36;2;21;;;;61;114
"054017";"Deruta";75;4;43;0;3;;;;50;2;33;2;19;;;;56;106
"054017";"Deruta";76;4;34;0;3;;;;41;1;28;2;13;;;;44;85
"054017";"Deruta";77;3;37;1;5;;;;46;3;37;2;15;;;;57;103
"054017";"Deruta";78;3;20;1;1;;;;25;2;22;1;17;;;;42;67
"054017";"Deruta";79;2;40;1;8;;;;51;1;13;2;26;;;;42;93
"054017";"Deruta";80;3;31;1;4;;;;39;1;19;1;20;;;;41;80
"054017";"Deruta";81;2;25;0;5;;;;32;1;18;0;19;;;;38;70
"054017";"Deruta";82;4;23;0;4;;;;31;1;20;0;13;;;;34;65
"054017";"Deruta";83;2;25;0;5;;;;32;1;18;0;19;;;;38;70
"054017";"Deruta";84;0;22;2;5;;;;29;1;13;1;19;;;;34;63
"054017";"Deruta";85;3;24;1;4;;;;32;2;13;0;25;;;;40;72
"054017";"Deruta";86;0;20;0;4;;;;24;0;10;1;26;;;;37;61
"054017";"Deruta";87;0;12;0;6;;;;18;1;1;0;17;;;;19;37
"054017";"Deruta";88;1;15;0;1;;;;17;1;4;1;20;;;;26;43
"054017";"Deruta";89;1;11;1;4;;;;17;1;1;0;32;;;;34;51
"054017";"Deruta";90;0;3;0;4;;;;7;1;0;0;16;;;;17;24
"054017";"Deruta";91;0;1;0;2;;;;3;1;1;0;13;;;;15;18
"054017";"Deruta";92;1;4;0;4;;;;9;0;3;0;15;;;;18;27
"054017";"Deruta";93;0;2;0;4;;;;6;1;1;0;16;;;;18;24
"054017";"Deruta";94;0;1;0;2;;;;3;0;0;0;16;;;;16;19
"054017";"Deruta";95;0;0;0;2;;;;2;0;2;0;7;;;;9;11
"054017";"Deruta";96;0;3;0;2;;;;5;0;1;0;9;;;;10;15
"054017";"Deruta";97;0;1;0;0;;;;1;0;0;0;8;;;;8;9
"054017";"Deruta";98;0;0;0;0;;;;0;0;0;0;3;;;;3;3
"054017";"Deruta";99;0;0;0;1;;;;1;0;0;0;3;;;;3;4
"054017";"Deruta";100;0;0;0;0;;;;0;0;0;0;2;;;;2;2
"054017";"Deruta";999;2217;2197;148;119;;;;4681;1817;2217;207;564;;;;4805;9486
"054018";"Foligno";0;180;0;0;0;0;0;0;180;163;0;0;0;0;0;0;163;343
"054018";"Foligno";1;184;0;0;0;0;0;0;184;165;0;0;0;0;0;0;165;349
"054018";"Foligno";2;171;0;0;0;0;0;0;171;197;0;0;0;0;0;0;197;368
"054018";"Foligno";3;204;0;0;0;0;0;0;204;166;0;0;0;0;0;0;166;370
"054018";"Foligno";4;197;0;0;0;0;0;0;197;185;0;0;0;0;0;0;185;382
"054018";"Foligno";5;204;0;0;0;0;0;0;204;192;0;0;0;0;0;0;192;396
"054018";"Foligno";6;208;0;0;0;0;0;0;208;184;0;0;0;0;0;0;184;392
"054018";"Foligno";7;217;0;0;0;0;0;0;217;221;0;0;0;0;0;0;221;438
"054018";"Foligno";8;223;0;0;0;0;0;0;223;239;0;0;0;0;0;0;239;462
"054018";"Foligno";9;227;0;0;0;0;0;0;227;237;0;0;0;0;0;0;237;464
"054018";"Foligno";10;280;0;0;0;0;0;0;280;236;0;0;0;0;0;0;236;516
"054018";"Foligno";11;292;0;0;0;0;0;0;292;265;0;0;0;0;0;0;265;557
"054018";"Foligno";12;257;0;0;0;0;0;0;257;244;0;0;0;0;0;0;244;501
"054018";"Foligno";13;273;0;0;0;0;0;0;273;263;0;0;0;0;0;0;263;536
"054018";"Foligno";14;299;0;0;0;0;0;0;299;276;0;0;0;0;0;0;276;575
"054018";"Foligno";15;288;0;0;0;0;0;0;288;293;0;0;0;0;0;0;293;581
"054018";"Foligno";16;270;0;0;0;0;0;0;270;246;0;0;0;0;0;0;246;516
"054018";"Foligno";17;277;0;0;0;0;0;0;277;245;0;0;0;0;0;0;245;522
"054018";"Foligno";18;281;0;0;0;0;0;0;281;255;0;0;0;0;0;0;255;536
"054018";"Foligno";19;261;0;0;0;0;0;0;261;248;1;0;0;0;0;0;249;510
"054018";"Foligno";20;267;0;0;0;0;0;0;267;224;3;0;0;0;0;0;227;494
"054018";"Foligno";21;255;0;0;0;0;0;0;255;241;6;0;0;0;0;0;247;502
"054018";"Foligno";22;273;0;0;0;0;0;0;273;227;7;0;0;0;0;0;234;507
"054018";"Foligno";23;248;0;0;0;0;0;0;248;237;7;0;0;0;0;0;244;492
"054018";"Foligno";24;259;5;0;0;0;0;0;264;224;23;0;0;0;0;0;247;511
"054018";"Foligno";25;260;11;0;0;0;0;0;271;210;23;0;0;0;0;0;233;504
"054018";"Foligno";26;250;13;0;0;0;0;0;263;217;31;0;0;0;0;0;248;511
"054018";"Foligno";27;261;13;0;0;0;0;0;274;208;32;2;0;0;0;0;242;516
"054018";"Foligno";28;267;17;0;0;0;0;0;284;214;41;3;0;0;0;0;258;542
"054018";"Foligno";29;245;22;0;0;0;0;0;267;192;50;0;0;0;0;0;242;509
"054018";"Foligno";30;241;32;2;1;0;0;0;276;195;71;0;0;0;0;0;266;542
"054018";"Foligno";31;228;47;1;0;0;0;0;276;201;85;2;0;0;0;0;288;564
"054018";"Foligno";32;213;54;1;0;0;0;0;268;184;105;3;1;0;0;0;293;561
"054018";"Foligno";33;213;61;1;0;0;0;0;275;188;109;3;1;0;0;1;302;577
"054018";"Foligno";34;209;105;0;0;0;0;0;314;145;124;5;0;0;0;0;274;588
"054018";"Foligno";35;212;87;1;0;0;0;0;300;183;121;6;0;0;0;0;310;610
"054018";"Foligno";36;162;77;4;0;0;0;0;243;124;150;10;2;0;0;0;286;529
"054018";"Foligno";37;198;97;2;0;0;0;0;297;147;153;14;1;0;0;0;315;612
"054018";"Foligno";38;183;129;7;0;0;0;0;319;155;186;10;2;0;0;0;353;672
"054018";"Foligno";39;168;157;3;0;0;0;0;328;144;199;9;3;1;0;0;356;684
"054018";"Foligno";40;176;161;1;0;0;0;0;338;134;207;16;0;0;0;0;357;695
"054018";"Foligno";41;172;182;7;0;0;0;0;361;155;183;18;1;0;0;0;357;718
"054018";"Foligno";42;167;146;12;2;0;0;0;327;133;241;16;2;1;0;0;393;720
"054018";"Foligno";43;145;222;5;0;0;0;0;372;107;213;26;7;0;0;0;353;725
"054018";"Foligno";44;138;215;19;0;0;0;0;372;111;214;22;5;0;0;0;352;724
"054018";"Foligno";45;148;206;17;1;0;0;0;372;113;258;28;5;0;0;0;404;776
"054018";"Foligno";46;149;226;8;1;1;0;0;385;118;231;32;8;0;0;0;389;774
"054018";"Foligno";47;159;237;15;1;0;0;0;412;122;269;27;7;1;0;0;426;838
"054018";"Foligno";48;154;260;16;1;0;0;0;431;123;296;46;6;0;0;0;471;902
"054018";"Foligno";49;136;270;24;1;0;0;0;431;121;313;29;5;0;0;0;468;899
"054018";"Foligno";50;130;272;20;4;0;0;0;426;115;308;37;6;0;0;0;466;892
"054018";"Foligno";51;123;300;25;2;0;0;0;450;103;302;32;8;0;0;0;445;895
"054018";"Foligno";52;110;272;33;1;1;0;0;417;94;285;45;9;0;0;0;433;850
"054018";"Foligno";53;92;271;34;1;0;0;0;398;82;257;42;15;0;0;0;396;794
"054018";"Foligno";54;84;267;23;4;0;0;0;378;87;321;44;6;0;0;0;458;836
"054018";"Foligno";55;81;275;33;2;0;0;0;391;83;285;45;13;0;0;0;426;817
"054018";"Foligno";56;85;281;34;3;0;0;0;403;86;318;45;13;0;0;0;462;865
"054018";"Foligno";57;71;259;32;5;1;0;0;368;65;327;44;16;0;0;0;452;820
"054018";"Foligno";58;81;310;42;4;0;0;0;437;75;296;48;20;0;0;0;439;876
"054018";"Foligno";59;72;325;52;3;0;0;0;452;70;311;52;27;0;0;0;460;912
"054018";"Foligno";60;61;318;33;10;0;0;0;422;68;300;39;25;0;0;0;432;854
"054018";"Foligno";61;60;277;33;5;0;0;0;375;56;305;44;21;0;0;0;426;801
"054018";"Foligno";62;55;265;33;4;0;0;0;357;65;288;48;28;0;0;0;429;786
"054018";"Foligno";63;46;271;26;6;0;0;0;349;55;304;42;24;0;0;0;425;774
"054018";"Foligno";64;39;281;26;6;0;0;0;352;45;256;38;38;0;0;0;377;729
"054018";"Foligno";65;42;275;27;10;0;0;0;354;40;276;27;46;0;0;0;389;743
"054018";"Foligno";66;39;265;15;7;0;0;0;326;40;259;31;42;0;0;0;372;698
"054018";"Foligno";67;31;281;19;9;0;0;0;340;52;257;25;49;0;0;0;383;723
"054018";"Foligno";68;34;287;27;12;0;0;0;360;27;256;19;51;0;0;0;353;713
"054018";"Foligno";69;20;262;24;11;0;0;0;317;32;210;27;52;0;0;0;321;638
"054018";"Foligno";70;33;234;13;9;0;0;0;289;31;241;23;55;0;0;0;350;639
"054018";"Foligno";71;30;235;14;16;0;0;0;295;34;176;20;68;0;0;0;298;593
"054018";"Foligno";72;18;254;9;16;0;0;0;297;27;244;18;81;0;0;0;370;667
"054018";"Foligno";73;24;235;10;19;0;0;0;288;24;221;17;79;0;0;0;341;629
"054018";"Foligno";74;15;251;16;20;0;0;0;302;30;229;31;88;0;0;0;378;680
"054018";"Foligno";75;17;292;14;21;0;0;0;344;24;223;17;96;0;0;0;360;704
"054018";"Foligno";76;24;230;9;19;0;0;0;282;27;210;15;102;0;0;0;354;636
"054018";"Foligno";77;24;232;8;29;0;0;0;293;24;208;14;121;0;0;0;367;660
"054018";"Foligno";78;16;162;8;17;0;0;0;203;12;148;11;111;0;0;0;282;485
"054018";"Foligno";79;11;171;7;27;0;0;0;216;19;134;6;141;0;0;0;300;516
"054018";"Foligno";80;8;165;3;31;0;0;0;207;14;134;7;117;0;0;0;272;479
"054018";"Foligno";81;11;161;4;27;0;0;0;203;9;121;7;114;0;0;0;251;454
"054018";"Foligno";82;13;166;6;30;0;0;0;215;13;94;8;129;0;0;0;244;459
"054018";"Foligno";83;14;153;2;31;0;0;0;200;14;78;13;159;0;0;0;264;464
"054018";"Foligno";84;18;108;1;22;0;0;0;149;17;86;4;156;0;0;0;263;412
"054018";"Foligno";85;10;141;2;38;1;0;0;192;6;76;5;147;0;0;0;234;426
"054018";"Foligno";86;6;93;1;36;0;0;0;136;12;53;5;136;0;0;0;206;342
"054018";"Foligno";87;6;74;2;29;0;0;0;111;14;39;3;153;0;0;0;209;320
"054018";"Foligno";88;4;58;0;21;0;0;0;83;12;31;2;132;0;0;0;177;260
"054018";"Foligno";89;5;55;0;20;0;0;0;80;11;21;2;122;0;0;0;156;236
"054018";"Foligno";90;3;52;0;26;0;0;0;81;4;17;2;121;0;0;0;144;225
"054018";"Foligno";91;3;31;0;21;0;0;0;55;4;10;4;103;0;0;0;121;176
"054018";"Foligno";92;1;27;0;12;0;0;0;40;8;4;2;97;0;0;0;111;151
"054018";"Foligno";93;0;23;0;11;0;0;0;34;1;6;0;100;0;0;0;107;141
"054018";"Foligno";94;2;12;0;17;0;0;0;31;6;3;2;72;0;0;0;83;114
"054018";"Foligno";95;4;6;0;4;0;0;0;14;2;3;0;50;0;0;0;55;69
"054018";"Foligno";96;1;2;0;9;0;0;0;12;4;0;1;50;0;0;0;55;67
"054018";"Foligno";97;0;2;0;11;0;0;0;13;1;0;0;31;0;0;0;32;45
"054018";"Foligno";98;1;1;0;5;0;0;0;7;3;0;0;28;0;0;0;31;38
"054018";"Foligno";99;0;1;0;6;0;0;0;7;1;0;0;21;0;0;0;22;29
"054018";"Foligno";100;0;2;0;0;0;0;0;2;1;0;0;18;0;0;0;19;21
"054018";"Foligno";999;12627;12295;866;717;4;0;0;26509;11366;12483;1340;3563;3;0;1;28756;55265
"054019";"Fossato di Vico";0;5;0;0;0;;;;5;13;0;0;0;;;;13;18
"054019";"Fossato di Vico";1;11;0;0;0;;;;11;2;0;0;0;;;;2;13
"054019";"Fossato di Vico";2;8;0;0;0;;;;8;4;0;0;0;;;;4;12
"054019";"Fossato di Vico";3;4;0;0;0;;;;4;9;0;0;0;;;;9;13
"054019";"Fossato di Vico";4;10;0;0;0;;;;10;9;0;0;0;;;;9;19
"054019";"Fossato di Vico";5;9;0;0;0;;;;9;13;0;0;0;;;;13;22
"054019";"Fossato di Vico";6;8;0;0;0;;;;8;10;0;0;0;;;;10;18
"054019";"Fossato di Vico";7;7;0;0;0;;;;7;9;0;0;0;;;;9;16
"054019";"Fossato di Vico";8;10;0;0;0;;;;10;13;0;0;0;;;;13;23
"054019";"Fossato di Vico";9;15;0;0;0;;;;15;9;0;0;0;;;;9;24
"054019";"Fossato di Vico";10;9;0;0;0;;;;9;10;0;0;0;;;;10;19
"054019";"Fossato di Vico";11;13;0;0;0;;;;13;15;0;0;0;;;;15;28
"054019";"Fossato di Vico";12;18;0;0;0;;;;18;8;0;0;0;;;;8;26
"054019";"Fossato di Vico";13;20;0;0;0;;;;20;11;0;0;0;;;;11;31
"054019";"Fossato di Vico";14;17;0;0;0;;;;17;16;0;0;0;;;;16;33
"054019";"Fossato di Vico";15;14;0;0;0;;;;14;7;0;0;0;;;;7;21
"054019";"Fossato di Vico";16;24;0;0;0;;;;24;11;0;0;0;;;;11;35
"054019";"Fossato di Vico";17;11;0;0;0;;;;11;18;0;0;0;;;;18;29
"054019";"Fossato di Vico";18;12;0;0;0;;;;12;14;0;0;0;;;;14;26
"054019";"Fossato di Vico";19;14;0;0;0;;;;14;14;0;0;0;;;;14;28
"054019";"Fossato di Vico";20;9;0;0;0;;;;9;8;0;0;0;;;;8;17
"054019";"Fossato di Vico";21;20;0;0;0;;;;20;7;0;0;0;;;;7;27
"054019";"Fossato di Vico";22;17;0;0;0;;;;17;5;1;0;0;;;;6;23
"054019";"Fossato di Vico";23;14;0;0;0;;;;14;13;0;0;0;;;;13;27
"054019";"Fossato di Vico";24;12;0;0;0;;;;12;6;1;0;0;;;;7;19
"054019";"Fossato di Vico";25;14;0;0;0;;;;14;13;0;0;0;;;;13;27
"054019";"Fossato di Vico";26;12;0;0;0;;;;12;6;2;0;0;;;;8;20
"054019";"Fossato di Vico";27;8;0;0;0;;;;8;5;1;0;0;;;;6;14
"054019";"Fossato di Vico";28;20;5;0;0;;;;25;4;5;0;0;;;;9;34
"054019";"Fossato di Vico";29;9;2;0;0;;;;11;8;4;0;0;;;;12;23
"054019";"Fossato di Vico";30;12;0;0;0;;;;12;3;6;0;0;;;;9;21
"054019";"Fossato di Vico";31;6;1;0;0;;;;7;11;2;0;0;;;;13;20
"054019";"Fossato di Vico";32;7;3;1;0;;;;11;8;5;1;0;;;;14;25
"054019";"Fossato di Vico";33;9;1;0;0;;;;10;7;8;0;0;;;;15;25
"054019";"Fossato di Vico";34;11;3;0;0;;;;14;5;3;0;0;;;;8;22
"054019";"Fossato di Vico";35;6;6;1;0;;;;13;3;4;1;0;;;;8;21
"054019";"Fossato di Vico";36;4;2;1;0;;;;7;5;9;0;0;;;;14;21
"054019";"Fossato di Vico";37;3;6;0;0;;;;9;7;3;4;0;;;;14;23
"054019";"Fossato di Vico";38;10;3;1;0;;;;14;7;7;1;1;;;;16;30
"054019";"Fossato di Vico";39;11;12;0;0;;;;23;6;6;0;0;;;;12;35
"054019";"Fossato di Vico";40;6;7;0;0;;;;13;7;15;1;0;;;;23;36
"054019";"Fossato di Vico";41;7;11;0;0;;;;18;7;15;1;0;;;;23;41
"054019";"Fossato di Vico";42;2;7;2;0;;;;11;5;12;1;0;;;;18;29
"054019";"Fossato di Vico";43;6;6;1;0;;;;13;4;9;2;0;;;;15;28
"054019";"Fossato di Vico";44;1;11;3;0;;;;15;7;10;1;0;;;;18;33
"054019";"Fossato di Vico";45;5;14;3;0;;;;22;7;10;3;0;;;;20;42
"054019";"Fossato di Vico";46;13;13;3;0;;;;29;6;11;5;1;;;;23;52
"054019";"Fossato di Vico";47;12;12;0;0;;;;24;5;18;1;0;;;;24;48
"054019";"Fossato di Vico";48;11;16;3;1;;;;31;5;15;3;1;;;;24;55
"054019";"Fossato di Vico";49;6;7;1;0;;;;14;4;14;2;0;;;;20;34
"054019";"Fossato di Vico";50;7;11;0;0;;;;18;3;12;4;1;;;;20;38
"054019";"Fossato di Vico";51;5;14;3;0;;;;22;0;19;0;2;;;;21;43
"054019";"Fossato di Vico";52;2;12;2;0;;;;16;3;9;1;2;;;;15;31
"054019";"Fossato di Vico";53;4;18;1;0;;;;23;3;16;3;1;;;;23;46
"054019";"Fossato di Vico";54;5;16;4;0;;;;25;3;22;1;0;;;;26;51
"054019";"Fossato di Vico";55;4;8;2;0;;;;14;2;13;4;1;;;;20;34
"054019";"Fossato di Vico";56;4;18;3;0;;;;25;3;15;2;0;;;;20;45
"054019";"Fossato di Vico";57;3;21;0;0;;;;24;0;12;1;1;;;;14;38
"054019";"Fossato di Vico";58;6;9;3;1;;;;19;2;10;2;1;;;;15;34
"054019";"Fossato di Vico";59;6;15;4;0;;;;25;2;22;2;1;;;;27;52
"054019";"Fossato di Vico";60;2;8;4;0;;;;14;7;15;2;0;;;;24;38
"054019";"Fossato di Vico";61;2;13;2;0;;;;17;0;6;1;1;;;;8;25
"054019";"Fossato di Vico";62;3;15;2;0;;;;20;1;13;0;2;;;;16;36
"054019";"Fossato di Vico";63;2;4;2;0;;;;8;1;10;1;2;;;;14;22
"054019";"Fossato di Vico";64;1;19;1;0;;;;21;0;12;1;5;;;;18;39
"054019";"Fossato di Vico";65;3;12;1;1;;;;17;1;18;3;4;;;;26;43
"054019";"Fossato di Vico";66;2;10;0;0;;;;12;2;12;1;5;;;;20;32
"054019";"Fossato di Vico";67;2;6;0;2;;;;10;0;11;0;3;;;;14;24
"054019";"Fossato di Vico";68;3;9;1;0;;;;13;0;14;3;3;;;;20;33
"054019";"Fossato di Vico";69;4;12;1;1;;;;18;0;14;1;1;;;;16;34
"054019";"Fossato di Vico";70;1;10;2;1;;;;14;2;8;0;2;;;;12;26
"054019";"Fossato di Vico";71;1;13;0;1;;;;15;2;11;0;7;;;;20;35
"054019";"Fossato di Vico";72;1;18;2;2;;;;23;0;10;0;4;;;;14;37
"054019";"Fossato di Vico";73;1;13;0;2;;;;16;2;10;1;1;;;;14;30
"054019";"Fossato di Vico";74;0;21;0;2;;;;23;1;14;1;4;;;;20;43
"054019";"Fossato di Vico";75;2;17;0;0;;;;19;0;9;0;9;;;;18;37
"054019";"Fossato di Vico";76;3;10;0;0;;;;13;1;12;0;6;;;;19;32
"054019";"Fossato di Vico";77;2;8;0;2;;;;12;0;2;0;12;;;;14;26
"054019";"Fossato di Vico";78;1;9;0;0;;;;10;1;6;0;6;;;;13;23
"054019";"Fossato di Vico";79;1;2;0;2;;;;5;0;7;0;7;;;;14;19
"054019";"Fossato di Vico";80;0;7;0;0;;;;7;0;12;0;11;;;;23;30
"054019";"Fossato di Vico";81;2;8;0;0;;;;10;0;6;0;6;;;;12;22
"054019";"Fossato di Vico";82;0;7;0;1;;;;8;0;5;1;8;;;;14;22
"054019";"Fossato di Vico";83;0;9;0;2;;;;11;1;2;0;10;;;;13;24
"054019";"Fossato di Vico";84;1;7;0;2;;;;10;0;6;0;7;;;;13;23
"054019";"Fossato di Vico";85;1;8;1;0;;;;10;1;2;0;8;;;;11;21
"054019";"Fossato di Vico";86;0;5;0;0;;;;5;0;0;0;5;;;;5;10
"054019";"Fossato di Vico";87;0;4;0;1;;;;5;0;0;0;7;;;;7;12
"054019";"Fossato di Vico";88;0;1;0;1;;;;2;2;3;0;10;;;;15;17
"054019";"Fossato di Vico";89;1;4;1;1;;;;7;0;0;0;7;;;;7;14
"054019";"Fossato di Vico";90;0;2;0;0;;;;2;1;1;0;1;;;;3;5
"054019";"Fossato di Vico";91;0;0;0;3;;;;3;1;0;0;9;;;;10;13
"054019";"Fossato di Vico";92;0;4;0;1;;;;5;0;0;0;6;;;;6;11
"054019";"Fossato di Vico";93;0;1;0;1;;;;2;1;0;0;3;;;;4;6
"054019";"Fossato di Vico";94;0;2;0;0;;;;2;0;0;0;2;;;;2;4
"054019";"Fossato di Vico";95;0;0;0;0;;;;0;0;0;0;2;;;;2;2
"054019";"Fossato di Vico";96;0;0;0;0;;;;0;0;0;0;1;;;;1;1
"054019";"Fossato di Vico";97;0;0;0;0;;;;0;1;0;0;0;;;;1;1
"054019";"Fossato di Vico";98;0;0;0;0;;;;0;0;0;0;0;;;;0;0
"054019";"Fossato di Vico";99;0;0;0;0;;;;0;0;0;0;0;;;;0;0
"054019";"Fossato di Vico";100;0;0;0;0;;;;0;0;0;0;1;;;;1;1
"054019";"Fossato di Vico";999;610;588;62;31;;;;1291;459;597;63;201;;;;1320;2611
"054020";"Fratta Todina";0;5;0;0;0;;;;5;2;0;0;0;;;;2;7
"054020";"Fratta Todina";1;5;0;0;0;;;;5;4;0;0;0;;;;4;9
"054020";"Fratta Todina";2;5;0;0;0;;;;5;10;0;0;0;;;;10;15
"054020";"Fratta Todina";3;4;0;0;0;;;;4;4;0;0;0;;;;4;8
"054020";"Fratta Todina";4;4;0;0;0;;;;4;8;0;0;0;;;;8;12
"054020";"Fratta Todina";5;6;0;0;0;;;;6;3;0;0;0;;;;3;9
"054020";"Fratta Todina";6;7;0;0;0;;;;7;11;0;0;0;;;;11;18
"054020";"Fratta Todina";7;6;0;0;0;;;;6;6;0;0;0;;;;6;12
"054020";"Fratta Todina";8;5;0;0;0;;;;5;3;0;0;0;;;;3;8
"054020";"Fratta Todina";9;8;0;0;0;;;;8;5;0;0;0;;;;5;13
"054020";"Fratta Todina";10;7;0;0;0;;;;7;5;0;0;0;;;;5;12
"054020";"Fratta Todina";11;2;0;0;0;;;;2;7;0;0;0;;;;7;9
"054020";"Fratta Todina";12;8;0;0;0;;;;8;10;0;0;0;;;;10;18
"054020";"Fratta Todina";13;8;0;0;0;;;;8;9;0;0;0;;;;9;17
"054020";"Fratta Todina";14;10;0;0;0;;;;10;10;0;0;0;;;;10;20
"054020";"Fratta Todina";15;6;0;0;0;;;;6;9;0;0;0;;;;9;15
"054020";"Fratta Todina";16;16;0;0;0;;;;16;5;0;0;0;;;;5;21
"054020";"Fratta Todina";17;13;0;0;0;;;;13;8;0;0;0;;;;8;21
"054020";"Fratta Todina";18;10;0;0;0;;;;10;5;0;0;0;;;;5;15
"054020";"Fratta Todina";19;9;0;0;0;;;;9;7;0;0;0;;;;7;16
"054020";"Fratta Todina";20;11;0;1;0;;;;12;12;0;0;0;;;;12;24
"054020";"Fratta Todina";21;11;0;0;0;;;;11;2;0;0;0;;;;2;13
"054020";"Fratta Todina";22;9;0;0;0;;;;9;11;0;0;0;;;;11;20
"054020";"Fratta Todina";23;16;0;0;0;;;;16;10;0;0;0;;;;10;26
"054020";"Fratta Todina";24;25;0;0;0;;;;25;9;1;0;0;;;;10;35
"054020";"Fratta Todina";25;17;0;0;0;;;;17;5;1;0;0;;;;6;23
"054020";"Fratta Todina";26;19;0;0;0;;;;19;8;0;0;0;;;;8;27
"054020";"Fratta Todina";27;17;0;0;0;;;;17;8;0;0;0;;;;8;25
"054020";"Fratta Todina";28;13;0;1;0;;;;14;10;1;0;0;;;;11;25
"054020";"Fratta Todina";29;7;0;0;0;;;;7;9;1;0;0;;;;10;17
"054020";"Fratta Todina";30;14;1;0;0;;;;15;9;1;0;0;;;;10;25
"054020";"Fratta Todina";31;12;4;1;0;;;;17;10;5;0;0;;;;15;32
"054020";"Fratta Todina";32;11;0;0;0;;;;11;1;4;0;0;;;;5;16
"054020";"Fratta Todina";33;7;4;2;0;;;;13;2;5;0;0;;;;7;20
"054020";"Fratta Todina";34;4;6;0;0;;;;10;1;8;0;0;;;;9;19
"054020";"Fratta Todina";35;11;3;1;0;;;;15;4;7;0;0;;;;11;26
"054020";"Fratta Todina";36;9;4;1;0;;;;14;6;8;1;0;;;;15;29
"054020";"Fratta Todina";37;4;3;0;0;;;;7;3;4;0;0;;;;7;14
"054020";"Fratta Todina";38;6;2;0;0;;;;8;6;7;1;0;;;;14;22
"054020";"Fratta Todina";39;1;4;0;0;;;;5;5;7;0;0;;;;12;17
"054020";"Fratta Todina";40;8;10;0;0;;;;18;7;8;1;0;;;;16;34
"054020";"Fratta Todina";41;3;6;0;0;;;;9;1;6;0;0;;;;7;16
"054020";"Fratta Todina";42;6;5;2;0;;;;13;2;8;2;0;;;;12;25
"054020";"Fratta Todina";43;7;6;0;0;;;;13;3;4;0;0;;;;7;20
"054020";"Fratta Todina";44;3;5;0;0;;;;8;3;6;1;0;;;;10;18
"054020";"Fratta Todina";45;1;6;1;0;;;;8;2;6;1;0;;;;9;17
"054020";"Fratta Todina";46;5;6;1;0;;;;12;6;13;0;0;;;;19;31
"054020";"Fratta Todina";47;3;15;2;0;;;;20;1;7;1;0;;;;9;29
"054020";"Fratta Todina";48;3;9;0;0;;;;12;7;5;0;0;;;;12;24
"054020";"Fratta Todina";49;8;1;1;0;;;;10;3;9;1;1;;;;14;24
"054020";"Fratta Todina";50;3;12;0;0;;;;15;2;7;0;1;;;;10;25
"054020";"Fratta Todina";51;3;5;2;0;;;;10;4;9;0;0;;;;13;23
"054020";"Fratta Todina";52;7;13;1;0;;;;21;1;14;0;1;;;;16;37
"054020";"Fratta Todina";53;4;6;0;0;;;;10;0;7;1;1;;;;9;19
"054020";"Fratta Todina";54;2;9;1;0;;;;12;2;7;0;0;;;;9;21
"054020";"Fratta Todina";55;3;11;1;0;;;;15;3;15;1;0;;;;19;34
"054020";"Fratta Todina";56;4;14;0;0;;;;18;0;19;0;0;;;;19;37
"054020";"Fratta Todina";57;4;14;0;0;;;;18;3;14;0;0;;;;17;35
"054020";"Fratta Todina";58;3;12;0;0;;;;15;2;19;1;0;;;;22;37
"054020";"Fratta Todina";59;0;26;0;1;;;;27;0;12;0;0;;;;12;39
"054020";"Fratta Todina";60;2;8;0;0;;;;10;1;13;2;0;;;;16;26
"054020";"Fratta Todina";61;2;12;1;0;;;;15;1;15;1;0;;;;17;32
"054020";"Fratta Todina";62;2;6;1;0;;;;9;1;8;0;0;;;;9;18
"054020";"Fratta Todina";63;1;13;0;0;;;;14;2;10;1;1;;;;14;28
"054020";"Fratta Todina";64;0;9;0;0;;;;9;2;9;0;1;;;;12;21
"054020";"Fratta Todina";65;0;12;0;0;;;;12;1;15;0;0;;;;16;28
"054020";"Fratta Todina";66;2;8;0;0;;;;10;0;10;0;2;;;;12;22
"054020";"Fratta Todina";67;0;10;0;1;;;;11;0;5;2;0;;;;7;18
"054020";"Fratta Todina";68;1;5;0;1;;;;7;0;6;0;1;;;;7;14
"054020";"Fratta Todina";69;0;6;0;2;;;;8;2;10;0;2;;;;14;22
"054020";"Fratta Todina";70;0;7;0;0;;;;7;1;5;0;1;;;;7;14
"054020";"Fratta Todina";71;3;9;0;0;;;;12;1;2;0;0;;;;3;15
"054020";"Fratta Todina";72;0;4;0;0;;;;4;0;9;0;1;;;;10;14
"054020";"Fratta Todina";73;2;7;1;1;;;;11;1;5;0;1;;;;7;18
"054020";"Fratta Todina";74;1;9;0;0;;;;10;2;4;0;3;;;;9;19
"054020";"Fratta Todina";75;0;5;0;0;;;;5;1;12;0;1;;;;14;19
"054020";"Fratta Todina";76;0;8;0;0;;;;8;2;9;1;3;;;;15;23
"054020";"Fratta Todina";77;0;3;0;0;;;;3;0;8;0;4;;;;12;15
"054020";"Fratta Todina";78;0;8;0;0;;;;8;1;4;0;3;;;;8;16
"054020";"Fratta Todina";79;1;3;0;0;;;;4;0;7;0;2;;;;9;13
"054020";"Fratta Todina";80;1;6;0;1;;;;8;0;6;0;3;;;;9;17
"054020";"Fratta Todina";81;0;8;0;1;;;;9;1;6;0;3;;;;10;19
"054020";"Fratta Todina";82;1;2;0;0;;;;3;0;5;0;2;;;;7;10
"054020";"Fratta Todina";83;0;7;0;2;;;;9;1;4;0;4;;;;9;18
"054020";"Fratta Todina";84;0;6;0;0;;;;6;6;7;0;4;;;;17;23
"054020";"Fratta Todina";85;0;4;0;0;;;;4;1;2;0;8;;;;11;15
"054020";"Fratta Todina";86;0;7;0;1;;;;8;0;2;0;6;;;;8;16
"054020";"Fratta Todina";87;0;3;0;0;;;;3;2;3;0;4;;;;9;12
"054020";"Fratta Todina";88;0;4;0;1;;;;5;1;1;0;3;;;;5;10
"054020";"Fratta Todina";89;1;4;0;2;;;;7;2;1;0;7;;;;10;17
"054020";"Fratta Todina";90;0;5;0;0;;;;5;0;3;0;3;;;;6;11
"054020";"Fratta Todina";91;1;2;1;0;;;;4;1;1;0;4;;;;6;10
"054020";"Fratta Todina";92;0;1;0;0;;;;1;0;2;0;2;;;;4;5
"054020";"Fratta Todina";93;0;0;0;0;;;;0;0;0;0;3;;;;3;3
"054020";"Fratta Todina";94;0;1;0;0;;;;1;0;1;0;3;;;;4;5
"054020";"Fratta Todina";95;0;0;0;0;;;;0;0;0;1;1;;;;2;2
"054020";"Fratta Todina";96;0;1;0;0;;;;1;0;0;0;3;;;;3;4
"054020";"Fratta Todina";97;0;0;0;0;;;;0;0;0;0;0;;;;0;0
"054020";"Fratta Todina";98;0;0;0;0;;;;0;0;0;0;1;;;;1;1
"054020";"Fratta Todina";99;0;0;0;0;;;;0;0;0;0;0;;;;0;0
"054020";"Fratta Todina";100;0;0;0;0;;;;0;1;0;0;0;;;;1;1
"054020";"Fratta Todina";999;469;435;23;14;;;;941;349;465;20;94;;;;928;1869
"054021";"Giano dell'Umbria";0;13;0;0;0;;;;13;14;0;0;0;;;;14;27
"054021";"Giano dell'Umbria";1;15;0;0;0;;;;15;12;0;0;0;;;;12;27
"054021";"Giano dell'Umbria";2;16;0;0;0;;;;16;22;0;0;0;;;;22;38
"054021";"Giano dell'Umbria";3;10;0;0;0;;;;10;17;0;0;0;;;;17;27
"054021";"Giano dell'Umbria";4;15;0;0;0;;;;15;18;0;0;0;;;;18;33
"054021";"Giano dell'Umbria";5;20;0;0;0;;;;20;14;0;0;0;;;;14;34
"054021";"Giano dell'Umbria";6;15;0;0;0;;;;15;14;0;0;0;;;;14;29
"054021";"Giano dell'Umbria";7;17;0;0;0;;;;17;23;0;0;0;;;;23;40
"054021";"Giano dell'Umbria";8;13;0;0;0;;;;13;15;0;0;0;;;;15;28
"054021";"Giano dell'Umbria";9;17;0;0;0;;;;17;16;0;0;0;;;;16;33
"054021";"Giano dell'Umbria";10;15;0;0;0;;;;15;17;0;0;0;;;;17;32
"054021";"Giano dell'Umbria";11;17;0;0;0;;;;17;21;0;0;0;;;;21;38
"054021";"Giano dell'Umbria";12;16;0;0;0;;;;16;15;0;0;0;;;;15;31
"054021";"Giano dell'Umbria";13;21;0;0;0;;;;21;18;0;0;0;;;;18;39
"054021";"Giano dell'Umbria";14;26;0;0;0;;;;26;13;0;0;0;;;;13;39
"054021";"Giano dell'Umbria";15;17;0;0;0;;;;17;16;0;0;0;;;;16;33
"054021";"Giano dell'Umbria";16;21;0;0;0;;;;21;22;0;0;0;;;;22;43
"054021";"Giano dell'Umbria";17;20;0;0;0;;;;20;13;0;0;0;;;;13;33
"054021";"Giano dell'Umbria";18;24;0;0;0;;;;24;24;0;0;0;;;;24;48
"054021";"Giano dell'Umbria";19;23;0;0;0;;;;23;16;0;0;0;;;;16;39
"054021";"Giano dell'Umbria";20;13;0;0;0;;;;13;18;1;0;0;;;;19;32
"054021";"Giano dell'Umbria";21;23;0;0;0;;;;23;17;1;0;0;;;;18;41
"054021";"Giano dell'Umbria";22;17;0;0;0;;;;17;13;1;0;0;;;;14;31
"054021";"Giano dell'Umbria";23;16;3;0;0;;;;19;13;3;0;0;;;;16;35
"054021";"Giano dell'Umbria";24;18;2;0;0;;;;20;10;8;0;0;;;;18;38
"054021";"Giano dell'Umbria";25;18;4;0;0;;;;22;13;5;0;0;;;;18;40
"054021";"Giano dell'Umbria";26;19;4;0;0;;;;23;13;1;0;0;;;;14;37
"054021";"Giano dell'Umbria";27;12;4;0;0;;;;16;13;6;0;0;;;;19;35
"054021";"Giano dell'Umbria";28;13;5;0;0;;;;18;11;6;0;0;;;;17;35
"054021";"Giano dell'Umbria";29;8;4;0;0;;;;12;11;5;0;0;;;;16;28
"054021";"Giano dell'Umbria";30;16;12;0;0;;;;28;7;10;0;0;;;;17;45
"054021";"Giano dell'Umbria";31;15;5;0;0;;;;20;12;9;0;0;;;;21;41
"054021";"Giano dell'Umbria";32;11;7;0;0;;;;18;12;8;0;1;;;;21;39
"054021";"Giano dell'Umbria";33;17;7;1;0;;;;25;13;11;0;0;;;;24;49
"054021";"Giano dell'Umbria";34;13;12;0;0;;;;25;6;12;1;0;;;;19;44
"054021";"Giano dell'Umbria";35;7;19;0;0;;;;26;14;14;0;0;;;;28;54
"054021";"Giano dell'Umbria";36;10;15;0;0;;;;25;5;8;0;0;;;;13;38
"054021";"Giano dell'Umbria";37;14;13;1;0;;;;28;14;15;0;0;;;;29;57
"054021";"Giano dell'Umbria";38;6;9;0;0;;;;15;7;18;0;0;;;;25;40
"054021";"Giano dell'Umbria";39;6;12;0;0;;;;18;7;10;0;0;;;;17;35
"054021";"Giano dell'Umbria";40;9;14;2;0;;;;25;7;15;0;0;;;;22;47
"054021";"Giano dell'Umbria";41;8;12;1;0;;;;21;6;12;1;0;;;;19;40
"054021";"Giano dell'Umbria";42;7;16;1;0;;;;24;7;12;1;0;;;;20;44
"054021";"Giano dell'Umbria";43;8;16;1;0;;;;25;7;17;1;0;;;;25;50
"054021";"Giano dell'Umbria";44;13;19;0;0;;;;32;7;16;1;0;;;;24;56
"054021";"Giano dell'Umbria";45;10;23;2;0;;;;35;5;13;0;0;;;;18;53
"054021";"Giano dell'Umbria";46;2;20;0;0;;;;22;6;19;2;0;;;;27;49
"054021";"Giano dell'Umbria";47;9;14;1;0;;;;24;2;16;5;0;;;;23;47
"054021";"Giano dell'Umbria";48;4;15;3;0;;;;22;2;16;3;0;;;;21;43
"054021";"Giano dell'Umbria";49;8;27;3;0;;;;38;3;24;3;0;;;;30;68
"054021";"Giano dell'Umbria";50;9;15;2;0;;;;26;1;21;0;0;;;;22;48
"054021";"Giano dell'Umbria";51;8;19;2;0;;;;29;1;24;2;0;;;;27;56
"054021";"Giano dell'Umbria";52;5;20;1;0;;;;26;3;18;3;1;;;;25;51
"054021";"Giano dell'Umbria";53;2;25;3;0;;;;30;7;16;2;0;;;;25;55
"054021";"Giano dell'Umbria";54;10;13;1;0;;;;24;4;18;0;1;;;;23;47
"054021";"Giano dell'Umbria";55;5;22;1;0;;;;28;2;19;0;0;;;;21;49
"054021";"Giano dell'Umbria";56;3;26;5;1;;;;35;3;23;0;3;;;;29;64
"054021";"Giano dell'Umbria";57;4;26;1;0;;;;31;0;27;5;2;;;;34;65
"054021";"Giano dell'Umbria";58;8;22;3;0;;;;33;4;22;1;2;;;;29;62
"054021";"Giano dell'Umbria";59;7;12;3;1;;;;23;0;30;1;1;;;;32;55
"054021";"Giano dell'Umbria";60;3;18;3;0;;;;24;3;15;1;2;;;;21;45
"054021";"Giano dell'Umbria";61;2;29;0;0;;;;31;2;26;0;2;;;;30;61
"054021";"Giano dell'Umbria";62;5;31;3;0;;;;39;2;22;2;3;;;;29;68
"054021";"Giano dell'Umbria";63;4;25;0;0;;;;29;1;15;2;1;;;;19;48
"054021";"Giano dell'Umbria";64;5;21;0;1;;;;27;3;22;4;3;;;;32;59
"054021";"Giano dell'Umbria";65;2;22;1;2;;;;27;2;15;0;6;;;;23;50
"054021";"Giano dell'Umbria";66;3;10;0;1;;;;14;0;22;1;1;;;;24;38
"054021";"Giano dell'Umbria";67;3;20;1;0;;;;24;2;13;1;3;;;;19;43
"054021";"Giano dell'Umbria";68;1;11;2;1;;;;15;0;13;2;3;;;;18;33
"054021";"Giano dell'Umbria";69;3;15;1;1;;;;20;2;13;1;4;;;;20;40
"054021";"Giano dell'Umbria";70;4;15;0;0;;;;19;3;17;2;5;;;;27;46
"054021";"Giano dell'Umbria";71;1;19;1;2;;;;23;2;10;0;2;;;;14;37
"054021";"Giano dell'Umbria";72;0;8;0;0;;;;8;0;15;1;7;;;;23;31
"054021";"Giano dell'Umbria";73;0;19;0;2;;;;21;1;13;1;4;;;;19;40
"054021";"Giano dell'Umbria";74;0;16;0;2;;;;18;0;12;1;4;;;;17;35
"054021";"Giano dell'Umbria";75;2;15;1;2;;;;20;2;18;0;5;;;;25;45
"054021";"Giano dell'Umbria";76;1;18;0;3;;;;22;1;13;0;4;;;;18;40
"054021";"Giano dell'Umbria";77;1;22;0;0;;;;23;0;14;0;10;;;;24;47
"054021";"Giano dell'Umbria";78;0;13;0;4;;;;17;1;5;0;5;;;;11;28
"054021";"Giano dell'Umbria";79;0;12;0;1;;;;13;0;8;0;2;;;;10;23
"054021";"Giano dell'Umbria";80;0;10;0;0;;;;10;0;4;0;4;;;;8;18
"054021";"Giano dell'Umbria";81;0;9;0;2;;;;11;1;4;0;7;;;;12;23
"054021";"Giano dell'Umbria";82;0;4;0;0;;;;4;0;5;0;8;;;;13;17
"054021";"Giano dell'Umbria";83;3;12;0;1;;;;16;0;5;0;11;;;;16;32
"054021";"Giano dell'Umbria";84;0;8;0;0;;;;8;2;3;0;11;;;;16;24
"054021";"Giano dell'Umbria";85;1;3;1;2;;;;7;1;7;0;15;;;;23;30
"054021";"Giano dell'Umbria";86;0;3;0;1;;;;4;1;3;0;12;;;;16;20
"054021";"Giano dell'Umbria";87;0;6;0;1;;;;7;0;3;0;10;;;;13;20
"054021";"Giano dell'Umbria";88;0;2;0;1;;;;3;0;1;0;9;;;;10;13
"054021";"Giano dell'Umbria";89;0;4;0;2;;;;6;0;0;0;6;;;;6;12
"054021";"Giano dell'Umbria";90;0;3;0;1;;;;4;0;0;0;10;;;;10;14
"054021";"Giano dell'Umbria";91;0;2;0;0;;;;2;0;1;0;8;;;;9;11
"054021";"Giano dell'Umbria";92;0;1;1;0;;;;2;0;1;0;8;;;;9;11
"054021";"Giano dell'Umbria";93;0;5;0;1;;;;6;0;1;0;7;;;;8;14
"054021";"Giano dell'Umbria";94;0;0;0;0;;;;0;0;1;0;4;;;;5;5
"054021";"Giano dell'Umbria";95;0;0;0;0;;;;0;0;0;0;1;;;;1;1
"054021";"Giano dell'Umbria";96;0;0;0;0;;;;0;0;0;0;2;;;;2;2
"054021";"Giano dell'Umbria";97;0;0;0;0;;;;0;0;0;0;1;;;;1;1
"054021";"Giano dell'Umbria";98;0;0;0;0;;;;0;0;0;0;1;;;;1;1
"054021";"Giano dell'Umbria";99;0;0;0;0;;;;0;0;0;0;1;;;;1;1
"054021";"Giano dell'Umbria";100;0;0;0;1;;;;1;0;0;0;1;;;;1;2
"054021";"Giano dell'Umbria";999;806;944;53;37;;;;1840;678;870;51;224;;;;1823;3663
"054022";"Gualdo Cattaneo";0;12;0;0;0;;;;12;9;0;0;0;;;;9;21
"054022";"Gualdo Cattaneo";1;10;0;0;0;;;;10;13;0;0;0;;;;13;23
"054022";"Gualdo Cattaneo";2;14;0;0;0;;;;14;14;0;0;0;;;;14;28
"054022";"Gualdo Cattaneo";3;15;0;0;0;;;;15;13;0;0;0;;;;13;28
"054022";"Gualdo Cattaneo";4;14;0;0;0;;;;14;12;0;0;0;;;;12;26
"054022";"Gualdo Cattaneo";5;10;0;0;0;;;;10;14;0;0;0;;;;14;24
"054022";"Gualdo Cattaneo";6;26;0;0;0;;;;26;16;0;0;0;;;;16;42
"054022";"Gualdo Cattaneo";7;23;0;0;0;;;;23;14;0;0;0;;;;14;37
"054022";"Gualdo Cattaneo";8;15;0;0;0;;;;15;13;0;0;0;;;;13;28
"054022";"Gualdo Cattaneo";9;34;0;0;0;;;;34;16;0;0;0;;;;16;50
"054022";"Gualdo Cattaneo";10;22;0;0;0;;;;22;32;0;0;0;;;;32;54
"054022";"Gualdo Cattaneo";11;29;0;0;0;;;;29;32;0;0;0;;;;32;61
"054022";"Gualdo Cattaneo";12;31;0;0;0;;;;31;21;0;0;0;;;;21;52
"054022";"Gualdo Cattaneo";13;31;0;0;0;;;;31;19;0;0;0;;;;19;50
"054022";"Gualdo Cattaneo";14;21;0;0;0;;;;21;29;0;0;0;;;;29;50
"054022";"Gualdo Cattaneo";15;26;0;0;0;;;;26;29;0;0;0;;;;29;55
"054022";"Gualdo Cattaneo";16;23;0;0;0;;;;23;16;0;0;0;;;;16;39
"054022";"Gualdo Cattaneo";17;24;0;0;0;;;;24;30;0;0;0;;;;30;54
"054022";"Gualdo Cattaneo";18;21;0;0;0;;;;21;25;0;0;0;;;;25;46
"054022";"Gualdo Cattaneo";19;19;0;0;0;;;;19;27;0;0;0;;;;27;46
"054022";"Gualdo Cattaneo";20;30;1;0;0;;;;31;23;1;0;0;;;;24;55
"054022";"Gualdo Cattaneo";21;29;0;0;0;;;;29;17;0;0;0;;;;17;46
"054022";"Gualdo Cattaneo";22;23;0;0;0;;;;23;19;0;0;0;;;;19;42
"054022";"Gualdo Cattaneo";23;27;1;0;0;;;;28;26;4;0;0;;;;30;58
"054022";"Gualdo Cattaneo";24;30;4;0;0;;;;34;20;3;0;0;;;;23;57
"054022";"Gualdo Cattaneo";25;34;3;1;0;;;;38;24;0;0;0;;;;24;62
"054022";"Gualdo Cattaneo";26;33;2;0;0;;;;35;22;4;0;0;;;;26;61
"054022";"Gualdo Cattaneo";27;25;2;0;0;;;;27;23;5;0;0;;;;28;55
"054022";"Gualdo Cattaneo";28;30;3;0;0;;;;33;18;4;0;0;;;;22;55
"054022";"Gualdo Cattaneo";29;19;4;0;0;;;;23;14;1;0;0;;;;15;38
"054022";"Gualdo Cattaneo";30;39;3;0;0;;;;42;17;3;0;0;;;;20;62
"054022";"Gualdo Cattaneo";31;23;6;0;0;;;;29;24;5;0;0;;;;29;58
"054022";"Gualdo Cattaneo";32;31;9;0;0;;;;40;8;10;0;0;;;;18;58
"054022";"Gualdo Cattaneo";33;24;10;0;0;;;;34;18;12;0;0;;;;30;64
"054022";"Gualdo Cattaneo";34;25;11;0;0;;;;36;13;11;0;0;;;;24;60
"054022";"Gualdo Cattaneo";35;28;8;2;0;;;;38;16;14;0;0;;;;30;68
"054022";"Gualdo Cattaneo";36;21;10;0;0;;;;31;19;9;0;0;;;;28;59
"054022";"Gualdo Cattaneo";37;21;8;1;0;;;;30;13;12;1;0;;;;26;56
"054022";"Gualdo Cattaneo";38;24;8;1;0;;;;33;8;14;2;0;;;;24;57
"054022";"Gualdo Cattaneo";39;15;10;1;0;;;;26;17;14;0;0;;;;31;57
"054022";"Gualdo Cattaneo";40;24;18;0;0;;;;42;15;17;0;0;;;;32;74
"054022";"Gualdo Cattaneo";41;15;13;0;0;;;;28;12;14;1;0;;;;27;55
"054022";"Gualdo Cattaneo";42;28;19;2;0;;;;49;14;19;2;0;;;;35;84
"054022";"Gualdo Cattaneo";43;19;25;1;0;;;;45;7;20;1;0;;;;28;73
"054022";"Gualdo Cattaneo";44;13;17;3;0;;;;33;11;16;3;0;;;;30;63
"054022";"Gualdo Cattaneo";45;12;35;3;0;;;;50;9;19;4;1;;;;33;83
"054022";"Gualdo Cattaneo";46;16;28;2;0;;;;46;11;34;1;1;;;;47;93
"054022";"Gualdo Cattaneo";47;10;29;0;0;;;;39;7;30;4;1;;;;42;81
"054022";"Gualdo Cattaneo";48;16;19;4;0;;;;39;6;23;0;0;;;;29;68
"054022";"Gualdo Cattaneo";49;17;15;6;0;;;;38;8;23;2;3;;;;36;74
"054022";"Gualdo Cattaneo";50;6;40;6;0;;;;52;5;36;3;1;;;;45;97
"054022";"Gualdo Cattaneo";51;13;20;2;0;;;;35;6;28;4;1;;;;39;74
"054022";"Gualdo Cattaneo";52;6;27;4;0;;;;37;13;34;1;1;;;;49;86
"054022";"Gualdo Cattaneo";53;8;22;0;0;;;;30;7;29;5;1;;;;42;72
"054022";"Gualdo Cattaneo";54;16;37;5;0;;;;58;2;38;4;3;;;;47;105
"054022";"Gualdo Cattaneo";55;12;31;3;1;;;;47;4;34;6;1;;;;45;92
"054022";"Gualdo Cattaneo";56;6;40;5;0;;;;51;4;37;4;1;;;;46;97
"054022";"Gualdo Cattaneo";57;6;35;1;0;;;;42;1;36;3;3;;;;43;85
"054022";"Gualdo Cattaneo";58;5;48;4;0;;;;57;7;31;2;5;;;;45;102
"054022";"Gualdo Cattaneo";59;6;43;4;0;;;;53;3;32;0;1;;;;36;89
"054022";"Gualdo Cattaneo";60;8;39;2;1;;;;50;2;39;5;4;;;;50;100
"054022";"Gualdo Cattaneo";61;11;31;0;0;;;;42;3;35;1;2;;;;41;83
"054022";"Gualdo Cattaneo";62;0;29;4;2;;;;35;6;41;1;2;;;;50;85
"054022";"Gualdo Cattaneo";63;2;43;5;2;;;;52;2;41;2;5;;;;50;102
"054022";"Gualdo Cattaneo";64;6;35;2;0;;;;43;3;29;3;4;;;;39;82
"054022";"Gualdo Cattaneo";65;5;23;0;0;;;;28;4;38;1;1;;;;44;72
"054022";"Gualdo Cattaneo";66;2;21;4;0;;;;27;3;27;2;6;;;;38;65
"054022";"Gualdo Cattaneo";67;7;37;2;1;;;;47;2;31;3;7;;;;43;90
"054022";"Gualdo Cattaneo";68;1;39;1;1;;;;42;0;20;1;11;;;;32;74
"054022";"Gualdo Cattaneo";69;1;28;4;1;;;;34;3;33;2;7;;;;45;79
"054022";"Gualdo Cattaneo";70;2;23;1;3;;;;29;1;37;0;6;;;;44;73
"054022";"Gualdo Cattaneo";71;0;31;1;1;;;;33;2;25;0;9;;;;36;69
"054022";"Gualdo Cattaneo";72;6;18;2;0;;;;26;1;21;0;6;;;;28;54
"054022";"Gualdo Cattaneo";73;3;32;3;3;;;;41;1;24;0;6;;;;31;72
"054022";"Gualdo Cattaneo";74;3;36;0;5;;;;44;0;28;1;5;;;;34;78
"054022";"Gualdo Cattaneo";75;0;35;1;2;;;;38;1;19;0;5;;;;25;63
"054022";"Gualdo Cattaneo";76;2;30;0;1;;;;33;0;21;0;10;;;;31;64
"054022";"Gualdo Cattaneo";77;2;23;0;1;;;;26;1;20;1;15;;;;37;63
"054022";"Gualdo Cattaneo";78;0;20;1;4;;;;25;0;11;0;3;;;;14;39
"054022";"Gualdo Cattaneo";79;2;21;0;2;;;;25;3;9;0;13;;;;25;50
"054022";"Gualdo Cattaneo";80;3;16;0;3;;;;22;0;7;0;16;;;;23;45
"054022";"Gualdo Cattaneo";81;0;14;1;7;;;;22;0;11;2;19;;;;32;54
"054022";"Gualdo Cattaneo";82;3;18;1;3;;;;25;1;15;0;9;;;;25;50
"054022";"Gualdo Cattaneo";83;1;12;2;2;;;;17;3;5;0;16;;;;24;41
"054022";"Gualdo Cattaneo";84;1;19;0;3;;;;23;0;13;2;21;;;;36;59
"054022";"Gualdo Cattaneo";85;0;16;0;3;;;;19;0;7;0;11;;;;18;37
"054022";"Gualdo Cattaneo";86;1;10;0;3;;;;14;0;3;1;26;;;;30;44
"054022";"Gualdo Cattaneo";87;0;10;0;2;;;;12;0;6;0;21;;;;27;39
"054022";"Gualdo Cattaneo";88;1;5;0;5;;;;11;0;7;0;15;;;;22;33
"054022";"Gualdo Cattaneo";89;1;9;0;3;;;;13;0;6;0;19;;;;25;38
"054022";"Gualdo Cattaneo";90;1;10;0;1;;;;12;0;3;0;12;;;;15;27
"054022";"Gualdo Cattaneo";91;0;3;0;6;;;;9;0;1;0;16;;;;17;26
"054022";"Gualdo Cattaneo";92;0;5;0;2;;;;7;0;1;0;17;;;;18;25
"054022";"Gualdo Cattaneo";93;1;4;0;5;;;;10;0;1;0;8;;;;9;19
"054022";"Gualdo Cattaneo";94;0;1;0;1;;;;2;2;1;0;9;;;;12;14
"054022";"Gualdo Cattaneo";95;0;0;0;1;;;;1;0;0;0;6;;;;6;7
"054022";"Gualdo Cattaneo";96;0;0;0;0;;;;0;0;0;0;3;;;;3;3
"054022";"Gualdo Cattaneo";97;0;0;0;1;;;;1;0;0;0;1;;;;1;2
"054022";"Gualdo Cattaneo";98;0;0;0;0;;;;0;0;0;0;1;;;;1;1
"054022";"Gualdo Cattaneo";99;0;0;0;1;;;;1;0;0;0;3;;;;3;4
"054022";"Gualdo Cattaneo";100;0;0;0;0;;;;0;0;0;0;2;;;;2;2
"054022";"Gualdo Cattaneo";999;1281;1410;98;83;;;;2872;949;1312;81;402;;;;2744;5616
"054023";"Gualdo Tadino";0;37;0;0;0;;;;37;35;0;0;0;;;;35;72
"054023";"Gualdo Tadino";1;41;0;0;0;;;;41;45;0;0;0;;;;45;86
"054023";"Gualdo Tadino";2;37;0;0;0;;;;37;34;0;0;0;;;;34;71
"054023";"Gualdo Tadino";3;50;0;0;0;;;;50;43;0;0;0;;;;43;93
"054023";"Gualdo Tadino";4;30;0;0;0;;;;30;41;0;0;0;;;;41;71
"054023";"Gualdo Tadino";5;55;0;0;0;;;;55;36;0;0;0;;;;36;91
"054023";"Gualdo Tadino";6;40;0;0;0;;;;40;46;0;0;0;;;;46;86
"054023";"Gualdo Tadino";7;52;0;0;0;;;;52;46;0;0;0;;;;46;98
"054023";"Gualdo Tadino";8;48;0;0;0;;;;48;40;0;0;0;;;;40;88
"054023";"Gualdo Tadino";9;53;0;0;0;;;;53;59;0;0;0;;;;59;112
"054023";"Gualdo Tadino";10;55;0;0;0;;;;55;63;0;0;0;;;;63;118
"054023";"Gualdo Tadino";11;63;0;0;0;;;;63;75;0;0;0;;;;75;138
"054023";"Gualdo Tadino";12;60;0;0;0;;;;60;56;0;0;0;;;;56;116
"054023";"Gualdo Tadino";13;58;0;0;0;;;;58;82;0;0;0;;;;82;140
"054023";"Gualdo Tadino";14;77;0;0;0;;;;77;62;0;0;0;;;;62;139
"054023";"Gualdo Tadino";15;73;0;0;0;;;;73;78;0;0;0;;;;78;151
"054023";"Gualdo Tadino";16;65;0;0;0;;;;65;73;0;0;0;;;;73;138
"054023";"Gualdo Tadino";17;61;0;0;0;;;;61;76;0;0;0;;;;76;137
"054023";"Gualdo Tadino";18;64;0;0;0;;;;64;71;0;0;0;;;;71;135
"054023";"Gualdo Tadino";19;65;0;0;0;;;;65;63;0;0;0;;;;63;128
"054023";"Gualdo Tadino";20;61;0;0;0;;;;61;56;0;0;0;;;;56;117
"054023";"Gualdo Tadino";21;62;1;0;0;;;;63;59;1;0;0;;;;60;123
"054023";"Gualdo Tadino";22;66;0;0;0;;;;66;64;0;0;0;;;;64;130
"054023";"Gualdo Tadino";23;57;0;0;0;;;;57;73;3;0;0;;;;76;133
"054023";"Gualdo Tadino";24;77;0;0;0;;;;77;50;2;0;0;;;;52;129
"054023";"Gualdo Tadino";25;58;1;0;0;;;;59;55;4;1;0;;;;60;119
"054023";"Gualdo Tadino";26;56;0;0;0;;;;56;61;1;0;0;;;;62;118
"054023";"Gualdo Tadino";27;58;2;0;0;;;;60;47;3;0;0;;;;50;110
"054023";"Gualdo Tadino";28;64;1;0;0;;;;65;58;6;0;0;;;;64;129
"054023";"Gualdo Tadino";29;60;4;0;0;;;;64;46;10;2;0;;;;58;122
"054023";"Gualdo Tadino";30;65;7;1;0;;;;73;36;10;0;0;;;;46;119
"054023";"Gualdo Tadino";31;58;7;1;0;;;;66;48;25;0;0;;;;73;139
"054023";"Gualdo Tadino";32;64;10;0;0;;;;74;51;26;0;1;;;;78;152
"054023";"Gualdo Tadino";33;61;12;1;0;;;;74;49;25;1;0;;;;75;149
"054023";"Gualdo Tadino";34;49;20;1;0;;;;70;35;22;3;0;;;;60;130
"054023";"Gualdo Tadino";35;53;18;0;0;;;;71;38;30;0;0;;;;68;139
"054023";"Gualdo Tadino";36;33;19;0;0;;;;52;31;43;0;0;;;;74;126
"054023";"Gualdo Tadino";37;50;30;3;0;;;;83;37;45;5;0;;;;87;170
"054023";"Gualdo Tadino";38;35;25;1;0;;;;61;38;54;6;0;;;;98;159
"054023";"Gualdo Tadino";39;49;35;1;0;;;;85;32;50;7;0;;;;89;174
"054023";"Gualdo Tadino";40;41;44;3;0;;;;88;22;51;7;0;;;;80;168
"054023";"Gualdo Tadino";41;40;38;2;0;;;;80;22;45;2;2;;;;71;151
"054023";"Gualdo Tadino";42;26;54;2;0;;;;82;23;41;7;1;;;;72;154
"054023";"Gualdo Tadino";43;36;53;3;0;;;;92;25;49;9;1;;;;84;176
"054023";"Gualdo Tadino";44;31;55;3;0;;;;89;19;60;2;4;;;;85;174
"054023";"Gualdo Tadino";45;31;70;7;1;;;;109;20;68;8;3;;;;99;208
"054023";"Gualdo Tadino";46;25;56;8;0;;;;89;19;62;7;2;;;;90;179
"054023";"Gualdo Tadino";47;27;60;3;1;;;;91;30;94;9;2;;;;135;226
"054023";"Gualdo Tadino";48;41;58;7;0;;;;106;18;81;8;2;;;;109;215
"054023";"Gualdo Tadino";49;29;77;6;1;;;;113;25;101;6;3;;;;135;248
"054023";"Gualdo Tadino";50;31;69;7;0;;;;107;21;69;10;3;;;;103;210
"054023";"Gualdo Tadino";51;23;57;10;2;;;;92;18;91;14;3;;;;126;218
"054023";"Gualdo Tadino";52;26;64;10;1;;;;101;12;75;17;2;;;;106;207
"054023";"Gualdo Tadino";53;23;76;9;2;;;;110;11;92;12;4;;;;119;229
"054023";"Gualdo Tadino";54;24;65;7;1;;;;97;12;88;5;3;;;;108;205
"054023";"Gualdo Tadino";55;13;89;13;1;;;;116;8;83;14;6;;;;111;227
"054023";"Gualdo Tadino";56;15;90;10;3;;;;118;10;89;14;7;;;;120;238
"054023";"Gualdo Tadino";57;22;84;13;1;;;;120;12;85;9;5;;;;111;231
"054023";"Gualdo Tadino";58;17;88;5;0;;;;110;13;86;10;9;;;;118;228
"054023";"Gualdo Tadino";59;16;92;5;2;;;;115;10;102;7;8;;;;127;242
"054023";"Gualdo Tadino";60;12;84;10;1;;;;107;8;96;14;9;;;;127;234
"054023";"Gualdo Tadino";61;15;85;13;0;;;;113;8;75;12;12;;;;107;220
"054023";"Gualdo Tadino";62;18;80;10;0;;;;108;7;112;7;10;;;;136;244
"054023";"Gualdo Tadino";63;14;94;9;1;;;;118;9;96;9;7;;;;121;239
"054023";"Gualdo Tadino";64;6;90;6;2;;;;104;7;66;7;9;;;;89;193
"054023";"Gualdo Tadino";65;9;82;6;2;;;;99;6;73;5;7;;;;91;190
"054023";"Gualdo Tadino";66;20;71;4;5;;;;100;5;80;4;21;;;;110;210
"054023";"Gualdo Tadino";67;10;80;4;4;;;;98;10;68;6;19;;;;103;201
"054023";"Gualdo Tadino";68;8;62;4;2;;;;76;7;75;4;11;;;;97;173
"054023";"Gualdo Tadino";69;8;71;2;6;;;;87;3;68;2;17;;;;90;177
"054023";"Gualdo Tadino";70;5;91;0;2;;;;98;4;55;6;27;;;;92;190
"054023";"Gualdo Tadino";71;7;66;2;3;;;;78;3;73;1;26;;;;103;181
"054023";"Gualdo Tadino";72;8;72;1;3;;;;84;5;53;1;27;;;;86;170
"054023";"Gualdo Tadino";73;2;74;6;3;;;;85;5;69;7;25;;;;106;191
"054023";"Gualdo Tadino";74;7;60;4;8;;;;79;3;73;2;33;;;;111;190
"054023";"Gualdo Tadino";75;6;73;5;2;;;;86;4;54;1;27;;;;86;172
"054023";"Gualdo Tadino";76;3;71;0;12;;;;86;2;67;3;31;;;;103;189
"054023";"Gualdo Tadino";77;8;61;2;6;;;;77;4;54;4;42;;;;104;181
"054023";"Gualdo Tadino";78;5;54;1;5;;;;65;2;39;0;36;;;;77;142
"054023";"Gualdo Tadino";79;2;74;1;6;;;;83;3;37;1;45;;;;86;169
"054023";"Gualdo Tadino";80;4;57;2;8;;;;71;1;31;0;40;;;;72;143
"054023";"Gualdo Tadino";81;6;43;1;6;;;;56;0;22;0;33;;;;55;111
"054023";"Gualdo Tadino";82;3;31;0;3;;;;37;2;30;1;45;;;;78;115
"054023";"Gualdo Tadino";83;1;37;0;6;;;;44;1;23;2;46;;;;72;116
"054023";"Gualdo Tadino";84;1;32;1;8;;;;42;1;17;1;43;;;;62;104
"054023";"Gualdo Tadino";85;5;38;1;10;;;;54;1;23;2;50;;;;76;130
"054023";"Gualdo Tadino";86;3;33;0;4;;;;40;3;7;1;46;;;;57;97
"054023";"Gualdo Tadino";87;3;26;0;7;;;;36;1;14;0;62;;;;77;113
"054023";"Gualdo Tadino";88;1;22;1;7;;;;31;0;3;0;33;;;;36;67
"054023";"Gualdo Tadino";89;3;13;0;5;;;;21;3;6;0;42;;;;51;72
"054023";"Gualdo Tadino";90;0;10;0;5;;;;15;3;4;1;33;;;;41;56
"054023";"Gualdo Tadino";91;1;8;1;6;;;;16;1;2;0;37;;;;40;56
"054023";"Gualdo Tadino";92;2;7;0;1;;;;10;2;4;0;33;;;;39;49
"054023";"Gualdo Tadino";93;0;4;0;8;;;;12;0;0;0;24;;;;24;36
"054023";"Gualdo Tadino";94;0;4;0;0;;;;4;0;0;0;14;;;;14;18
"054023";"Gualdo Tadino";95;0;3;0;2;;;;5;1;0;0;20;;;;21;26
"054023";"Gualdo Tadino";96;2;3;0;0;;;;5;0;1;0;16;;;;17;22
"054023";"Gualdo Tadino";97;0;1;0;3;;;;4;0;0;0;8;;;;8;12
"054023";"Gualdo Tadino";98;1;0;0;1;;;;2;0;0;0;7;;;;7;9
"054023";"Gualdo Tadino";99;1;0;0;2;;;;3;0;0;0;3;;;;3;6
"054023";"Gualdo Tadino";100;0;1;0;0;;;;1;1;0;0;10;;;;11;12
"054023";"Gualdo Tadino";999;2967;3399;239;181;;;;6786;2564;3442;306;1157;;;;7469;14255
"054024";"Gubbio";0;95;0;0;0;0;0;0;95;72;0;0;0;0;0;0;72;167
"054024";"Gubbio";1;74;0;0;0;0;0;0;74;91;0;0;0;0;0;0;91;165
"054024";"Gubbio";2;97;0;0;0;0;0;0;97;70;0;0;0;0;0;0;70;167
"054024";"Gubbio";3;92;0;0;0;0;0;0;92;89;0;0;0;0;0;0;89;181
"054024";"Gubbio";4;113;0;0;0;0;0;0;113;84;0;0;0;0;0;0;84;197
"054024";"Gubbio";5;97;0;0;0;0;0;0;97;97;0;0;0;0;0;0;97;194
"054024";"Gubbio";6;115;0;0;0;0;0;0;115;104;0;0;0;0;0;0;104;219
"054024";"Gubbio";7;102;0;0;0;0;0;0;102;109;0;0;0;0;0;0;109;211
"054024";"Gubbio";8;100;0;0;0;0;0;0;100;101;0;0;0;0;0;0;101;201
"054024";"Gubbio";9;120;0;0;0;0;0;0;120;131;0;0;0;0;0;0;131;251
"054024";"Gubbio";10;122;0;0;0;0;0;0;122;134;0;0;0;0;0;0;134;256
"054024";"Gubbio";11;130;0;0;0;0;0;0;130;109;0;0;0;0;0;0;109;239
"054024";"Gubbio";12;136;0;0;0;0;0;0;136;133;0;0;0;0;0;0;133;269
"054024";"Gubbio";13;123;0;0;0;0;0;0;123;147;0;0;0;0;0;0;147;270
"054024";"Gubbio";14;162;0;0;0;0;0;0;162;137;0;0;0;0;0;0;137;299
"054024";"Gubbio";15;146;0;0;0;0;0;0;146;157;0;0;0;0;0;0;157;303
"054024";"Gubbio";16;140;0;0;0;0;0;0;140;134;0;0;0;0;0;0;134;274
"054024";"Gubbio";17;138;0;0;0;0;0;0;138;125;0;0;0;0;0;0;125;263
"054024";"Gubbio";18;137;0;0;0;0;0;0;137;144;0;0;0;0;0;0;144;281
"054024";"Gubbio";19;139;0;0;0;0;0;0;139;130;0;0;0;0;0;0;130;269
"054024";"Gubbio";20;152;0;0;0;0;0;0;152;131;0;0;0;0;0;0;131;283
"054024";"Gubbio";21;160;0;0;0;0;0;0;160;135;1;0;0;0;0;0;136;296
"054024";"Gubbio";22;136;0;0;0;0;0;0;136;151;0;0;0;0;0;0;151;287
"054024";"Gubbio";23;144;0;0;0;0;0;0;144;146;1;0;0;0;0;0;147;291
"054024";"Gubbio";24;155;0;0;0;0;0;0;155;123;2;0;0;0;0;0;125;280
"054024";"Gubbio";25;177;0;0;0;0;0;0;177;121;5;0;0;0;0;0;126;303
"054024";"Gubbio";26;159;1;0;0;0;0;0;160;143;9;0;0;0;0;0;152;312
"054024";"Gubbio";27;167;2;0;0;0;0;0;169;123;8;0;0;0;0;0;131;300
"054024";"Gubbio";28;156;4;1;0;0;0;0;161;128;4;1;0;0;0;0;133;294
"054024";"Gubbio";29;154;7;0;0;0;0;0;161;127;22;0;0;0;0;0;149;310
"054024";"Gubbio";30;160;8;0;0;0;0;0;168;128;27;0;0;0;0;0;155;323
"054024";"Gubbio";31;127;21;0;0;1;0;0;149;96;39;2;0;0;0;0;137;286
"054024";"Gubbio";32;137;20;1;0;0;0;0;158;86;46;0;0;0;0;0;132;290
"054024";"Gubbio";33;119;30;0;0;0;0;0;149;95;57;1;0;0;0;0;153;302
"054024";"Gubbio";34;112;50;0;0;0;0;0;162;72;86;1;0;0;0;0;159;321
"054024";"Gubbio";35;123;55;1;0;0;0;0;179;75;59;5;1;0;0;0;140;319
"054024";"Gubbio";36;92;57;2;1;0;0;0;152;75;82;5;0;0;0;0;162;314
"054024";"Gubbio";37;81;75;6;0;0;0;0;162;66;101;6;1;0;0;0;174;336
"054024";"Gubbio";38;112;57;1;0;0;0;0;170;55;113;4;0;0;0;0;172;342
"054024";"Gubbio";39;75;85;4;0;0;0;0;164;55;101;6;2;0;0;0;164;328
"054024";"Gubbio";40;84;93;2;1;0;0;0;180;58;136;14;0;0;0;0;208;388
"054024";"Gubbio";41;69;112;4;0;0;0;0;185;53;119;11;1;0;0;0;184;369
"054024";"Gubbio";42;60;94;8;0;0;0;0;162;41;132;7;2;1;0;0;183;345
"054024";"Gubbio";43;58;100;7;1;0;0;0;166;47;120;5;1;0;0;0;173;339
"054024";"Gubbio";44;61;119;9;0;0;0;0;189;43;160;22;2;0;0;0;227;416
"054024";"Gubbio";45;76;122;5;0;0;0;0;203;39;148;13;3;0;0;0;203;406
"054024";"Gubbio";46;62;127;17;2;0;0;0;208;44;151;20;3;0;0;0;218;426
"054024";"Gubbio";47;59;131;14;0;0;0;0;204;48;143;17;4;1;0;0;213;417
"054024";"Gubbio";48;68;151;17;1;1;0;0;238;35;156;13;3;0;0;0;207;445
"054024";"Gubbio";49;58;177;8;1;1;0;0;245;26;164;14;1;1;0;0;206;451
"054024";"Gubbio";50;63;151;7;1;0;0;0;222;36;181;16;5;0;0;0;238;460
"054024";"Gubbio";51;56;168;30;1;0;0;0;255;29;190;24;2;0;0;0;245;500
"054024";"Gubbio";52;57;169;13;2;1;0;0;242;36;177;23;11;0;0;0;247;489
"054024";"Gubbio";53;57;164;13;1;1;0;0;236;27;207;14;11;0;0;0;259;495
"054024";"Gubbio";54;39;177;18;3;0;0;0;237;25;191;24;5;0;0;0;245;482
"054024";"Gubbio";55;49;163;19;1;0;0;0;232;20;186;22;15;0;0;0;243;475
"054024";"Gubbio";56;45;171;19;2;0;0;0;237;23;210;19;10;1;0;0;263;500
"054024";"Gubbio";57;41;189;19;0;2;0;0;251;33;181;20;14;0;0;0;248;499
"054024";"Gubbio";58;38;184;15;9;0;0;0;246;25;229;26;21;0;0;0;301;547
"054024";"Gubbio";59;36;180;12;3;0;0;0;231;24;217;22;18;0;0;0;281;512
"054024";"Gubbio";60;35;176;15;2;0;0;0;228;23;194;16;20;0;0;0;253;481
"054024";"Gubbio";61;30;180;9;2;0;0;1;222;16;198;19;7;0;0;0;240;462
"054024";"Gubbio";62;15;187;13;1;0;0;0;216;24;177;10;14;0;0;0;225;441
"054024";"Gubbio";63;26;189;11;5;0;0;0;231;16;186;16;22;0;0;0;240;471
"054024";"Gubbio";64;26;169;8;3;0;0;0;206;20;203;6;27;0;0;0;256;462
"054024";"Gubbio";65;25;170;8;4;0;0;0;207;19;140;9;21;0;0;0;189;396
"054024";"Gubbio";66;13;175;10;5;0;0;0;203;10;161;9;28;0;0;0;208;411
"054024";"Gubbio";67;19;177;8;4;0;0;0;208;9;144;5;27;0;0;0;185;393
"054024";"Gubbio";68;13;156;10;9;0;0;0;188;9;157;10;24;0;0;0;200;388
"054024";"Gubbio";69;17;162;6;3;0;0;0;188;10;149;4;38;0;0;0;201;389
"054024";"Gubbio";70;16;154;5;11;0;0;0;186;8;143;7;42;0;0;0;200;386
"054024";"Gubbio";71;11;127;3;7;0;0;0;148;11;137;6;53;0;0;0;207;355
"054024";"Gubbio";72;11;165;4;12;0;0;0;192;12;121;4;38;0;0;0;175;367
"054024";"Gubbio";73;12;153;5;10;0;0;0;180;4;129;5;48;0;0;0;186;366
"054024";"Gubbio";74;10;136;5;13;0;0;0;164;6;105;6;51;0;0;0;168;332
"054024";"Gubbio";75;14;129;2;14;0;0;0;159;10;127;6;65;0;0;0;208;367
"054024";"Gubbio";76;16;149;0;12;0;0;0;177;7;114;3;76;0;0;0;200;377
"054024";"Gubbio";77;21;121;2;12;0;0;0;156;2;89;4;62;0;0;0;157;313
"054024";"Gubbio";78;9;113;2;12;0;0;0;136;4;82;0;57;0;0;0;143;279
"054024";"Gubbio";79;11;95;1;17;0;0;0;124;7;89;1;72;0;0;0;169;293
"054024";"Gubbio";80;10;109;2;19;0;0;0;140;8;72;1;94;0;0;0;175;315
"054024";"Gubbio";81;5;80;0;18;0;0;0;103;6;54;0;74;0;0;0;134;237
"054024";"Gubbio";82;13;85;2;18;0;0;0;118;6;59;1;76;0;0;0;142;260
"054024";"Gubbio";83;10;72;1;24;0;0;0;107;8;60;2;83;0;0;0;153;260
"054024";"Gubbio";84;9;87;0;22;0;0;0;118;8;62;1;100;0;0;0;171;289
"054024";"Gubbio";85;12;81;1;28;0;0;0;122;5;36;0;97;0;0;0;138;260
"054024";"Gubbio";86;6;56;0;14;0;0;0;76;5;24;0;105;0;0;0;134;210
"054024";"Gubbio";87;5;58;0;16;0;0;0;79;3;21;0;83;0;0;0;107;186
"054024";"Gubbio";88;5;35;0;12;0;0;0;52;5;23;2;93;0;0;0;123;175
"054024";"Gubbio";89;4;36;0;13;0;0;0;53;4;11;0;76;0;0;0;91;144
"054024";"Gubbio";90;1;39;0;16;0;0;0;56;5;9;0;64;0;0;0;78;134
"054024";"Gubbio";91;3;18;1;7;0;0;0;29;5;6;1;54;0;0;0;66;95
"054024";"Gubbio";92;5;16;0;11;0;0;0;32;2;3;0;59;0;0;0;64;96
"054024";"Gubbio";93;1;8;0;12;0;0;0;21;0;1;0;42;0;0;0;43;64
"054024";"Gubbio";94;0;5;0;5;0;0;0;10;1;0;0;43;0;0;0;44;54
"054024";"Gubbio";95;2;1;0;4;0;0;0;7;1;2;0;20;0;0;0;23;30
"054024";"Gubbio";96;1;1;0;3;0;0;0;5;1;1;0;28;0;0;0;30;35
"054024";"Gubbio";97;0;3;0;0;0;0;0;3;2;1;1;14;0;0;0;18;21
"054024";"Gubbio";98;0;1;0;2;0;0;0;3;0;0;0;12;0;0;0;12;15
"054024";"Gubbio";99;0;3;0;0;0;0;0;3;0;1;0;6;0;0;0;7;10
"054024";"Gubbio";100;0;0;0;3;0;0;0;3;0;1;0;11;0;0;0;12;15
"054024";"Gubbio";999;6654;7291;406;435;7;0;1;14794;5443;7453;532;2162;4;0;0;15594;30388
"054025";"Lisciano Niccone";0;3;0;0;0;;;;3;3;0;0;0;;;;3;6
"054025";"Lisciano Niccone";1;4;0;0;0;;;;4;3;0;0;0;;;;3;7
"054025";"Lisciano Niccone";2;3;0;0;0;;;;3;0;0;0;0;;;;0;3
"054025";"Lisciano Niccone";3;4;0;0;0;;;;4;1;0;0;0;;;;1;5
"054025";"Lisciano Niccone";4;4;0;0;0;;;;4;1;0;0;0;;;;1;5
"054025";"Lisciano Niccone";5;6;0;0;0;;;;6;1;0;0;0;;;;1;7
"054025";"Lisciano Niccone";6;2;0;0;0;;;;2;5;0;0;0;;;;5;7
"054025";"Lisciano Niccone";7;0;0;0;0;;;;0;1;0;0;0;;;;1;1
"054025";"Lisciano Niccone";8;1;0;0;0;;;;1;2;0;0;0;;;;2;3
"054025";"Lisciano Niccone";9;2;0;0;0;;;;2;2;0;0;0;;;;2;4
"054025";"Lisciano Niccone";10;1;0;0;0;;;;1;2;0;0;0;;;;2;3
"054025";"Lisciano Niccone";11;4;0;0;0;;;;4;1;0;0;0;;;;1;5
"054025";"Lisciano Niccone";12;1;0;0;0;;;;1;4;0;0;0;;;;4;5
"054025";"Lisciano Niccone";13;4;0;0;0;;;;4;3;0;0;0;;;;3;7
"054025";"Lisciano Niccone";14;2;0;0;0;;;;2;2;0;0;0;;;;2;4
"054025";"Lisciano Niccone";15;3;0;0;0;;;;3;1;0;0;0;;;;1;4
"054025";"Lisciano Niccone";16;5;0;0;0;;;;5;2;0;0;0;;;;2;7
"054025";"Lisciano Niccone";17;0;0;0;0;;;;0;1;0;0;0;;;;1;1
"054025";"Lisciano Niccone";18;2;0;0;0;;;;2;2;0;0;0;;;;2;4
"054025";"Lisciano Niccone";19;2;0;0;0;;;;2;1;0;0;0;;;;1;3
"054025";"Lisciano Niccone";20;4;0;0;0;;;;4;1;0;0;0;;;;1;5
"054025";"Lisciano Niccone";21;1;0;0;0;;;;1;1;0;0;0;;;;1;2
"054025";"Lisciano Niccone";22;2;0;0;0;;;;2;1;0;0;0;;;;1;3
"054025";"Lisciano Niccone";23;2;0;0;0;;;;2;3;1;0;0;;;;4;6
"054025";"Lisciano Niccone";24;2;0;0;0;;;;2;1;0;0;0;;;;1;3
"054025";"Lisciano Niccone";25;2;0;0;0;;;;2;3;1;0;0;;;;4;6
"054025";"Lisciano Niccone";26;2;0;0;0;;;;2;2;0;0;0;;;;2;4
"054025";"Lisciano Niccone";27;2;0;0;0;;;;2;4;1;0;0;;;;5;7
"054025";"Lisciano Niccone";28;5;0;0;0;;;;5;1;0;0;0;;;;1;6
"054025";"Lisciano Niccone";29;0;0;0;0;;;;0;1;0;0;0;;;;1;1
"054025";"Lisciano Niccone";30;3;0;0;0;;;;3;4;0;0;0;;;;4;7
"054025";"Lisciano Niccone";31;0;1;0;0;;;;1;3;2;0;0;;;;5;6
"054025";"Lisciano Niccone";32;5;0;0;0;;;;5;1;1;0;0;;;;2;7
"054025";"Lisciano Niccone";33;1;1;0;0;;;;2;2;0;0;0;;;;2;4
"054025";"Lisciano Niccone";34;2;0;0;0;;;;2;2;6;0;0;;;;8;10
"054025";"Lisciano Niccone";35;3;1;0;0;;;;4;1;1;0;0;;;;2;6
"054025";"Lisciano Niccone";36;3;3;0;0;;;;6;0;2;0;0;;;;2;8
"054025";"Lisciano Niccone";37;2;3;0;0;;;;5;1;6;0;0;;;;7;12
"054025";"Lisciano Niccone";38;6;2;0;0;;;;8;1;0;0;0;;;;1;9
"054025";"Lisciano Niccone";39;3;1;0;0;;;;4;1;3;0;0;;;;4;8
"054025";"Lisciano Niccone";40;5;5;0;1;;;;11;1;2;0;0;;;;3;14
"054025";"Lisciano Niccone";41;0;3;0;0;;;;3;3;1;0;0;;;;4;7
"054025";"Lisciano Niccone";42;4;2;0;0;;;;6;3;2;0;0;;;;5;11
"054025";"Lisciano Niccone";43;2;1;0;0;;;;3;2;2;0;0;;;;4;7
"054025";"Lisciano Niccone";44;2;1;0;0;;;;3;0;0;1;0;;;;1;4
"054025";"Lisciano Niccone";45;1;2;0;0;;;;3;0;3;0;0;;;;3;6
"054025";"Lisciano Niccone";46;3;4;1;0;;;;8;0;2;0;0;;;;2;10
"054025";"Lisciano Niccone";47;2;1;0;0;;;;3;1;3;0;0;;;;4;7
"054025";"Lisciano Niccone";48;2;4;0;0;;;;6;2;6;0;0;;;;8;14
"054025";"Lisciano Niccone";49;0;3;1;0;;;;4;0;2;0;0;;;;2;6
"054025";"Lisciano Niccone";50;1;2;1;0;;;;4;0;5;0;0;;;;5;9
"054025";"Lisciano Niccone";51;0;2;0;0;;;;2;0;2;1;0;;;;3;5
"054025";"Lisciano Niccone";52;1;1;0;0;;;;2;0;2;1;0;;;;3;5
"054025";"Lisciano Niccone";53;2;1;1;0;;;;4;1;3;0;0;;;;4;8
"054025";"Lisciano Niccone";54;1;3;0;0;;;;4;0;4;0;0;;;;4;8
"054025";"Lisciano Niccone";55;0;3;0;0;;;;3;2;2;0;0;;;;4;7
"054025";"Lisciano Niccone";56;0;3;0;0;;;;3;1;4;1;0;;;;6;9
"054025";"Lisciano Niccone";57;0;4;0;0;;;;4;1;1;0;1;;;;3;7
"054025";"Lisciano Niccone";58;0;2;0;0;;;;2;0;3;0;1;;;;4;6
"054025";"Lisciano Niccone";59;1;2;1;0;;;;4;1;6;0;1;;;;8;12
"054025";"Lisciano Niccone";60;0;3;0;0;;;;3;0;6;1;2;;;;9;12
"054025";"Lisciano Niccone";61;0;3;0;0;;;;3;0;5;0;1;;;;6;9
"054025";"Lisciano Niccone";62;2;2;0;0;;;;4;0;5;0;1;;;;6;10
"054025";"Lisciano Niccone";63;1;2;0;0;;;;3;0;3;0;1;;;;4;7
"054025";"Lisciano Niccone";64;0;1;1;0;;;;2;2;0;0;0;;;;2;4
"054025";"Lisciano Niccone";65;0;2;0;0;;;;2;1;1;0;4;;;;6;8
"054025";"Lisciano Niccone";66;6;3;0;0;;;;9;0;6;2;4;;;;12;21
"054025";"Lisciano Niccone";67;1;5;0;0;;;;6;0;4;0;3;;;;7;13
"054025";"Lisciano Niccone";68;0;2;0;1;;;;3;1;4;1;0;;;;6;9
"054025";"Lisciano Niccone";69;0;6;0;0;;;;6;0;7;0;0;;;;7;13
"054025";"Lisciano Niccone";70;0;5;0;0;;;;5;0;2;0;0;;;;2;7
"054025";"Lisciano Niccone";71;0;3;0;0;;;;3;0;6;0;0;;;;6;9
"054025";"Lisciano Niccone";72;0;5;0;0;;;;5;0;2;1;1;;;;4;9
"054025";"Lisciano Niccone";73;1;4;1;0;;;;6;0;3;0;1;;;;4;10
"054025";"Lisciano Niccone";74;0;7;0;0;;;;7;0;3;0;0;;;;3;10
"054025";"Lisciano Niccone";75;0;4;0;0;;;;4;0;3;0;0;;;;3;7
"054025";"Lisciano Niccone";76;3;3;0;1;;;;7;0;3;0;1;;;;4;11
"054025";"Lisciano Niccone";77;1;2;0;1;;;;4;0;1;0;1;;;;2;6
"054025";"Lisciano Niccone";78;0;1;0;0;;;;1;0;1;1;1;;;;3;4
"054025";"Lisciano Niccone";79;0;3;0;0;;;;3;1;2;0;1;;;;4;7
"054025";"Lisciano Niccone";80;1;0;0;0;;;;1;0;1;2;0;;;;3;4
"054025";"Lisciano Niccone";81;0;0;0;0;;;;0;0;1;0;1;;;;2;2
"054025";"Lisciano Niccone";82;1;1;0;0;;;;2;0;0;0;2;;;;2;4
"054025";"Lisciano Niccone";83;0;2;0;1;;;;3;0;1;0;2;;;;3;6
"054025";"Lisciano Niccone";84;0;2;0;1;;;;3;0;3;0;4;;;;7;10
"054025";"Lisciano Niccone";85;0;2;0;0;;;;2;0;0;0;1;;;;1;3
"054025";"Lisciano Niccone";86;0;0;0;0;;;;0;0;0;0;1;;;;1;1
"054025";"Lisciano Niccone";87;0;1;0;1;;;;2;0;0;0;0;;;;0;2
"054025";"Lisciano Niccone";88;0;2;0;0;;;;2;0;1;0;2;;;;3;5
"054025";"Lisciano Niccone";89;0;1;0;0;;;;1;0;0;0;3;;;;3;4
"054025";"Lisciano Niccone";90;0;1;0;0;;;;1;0;0;1;2;;;;3;4
"054025";"Lisciano Niccone";91;0;0;0;0;;;;0;0;1;0;1;;;;2;2
"054025";"Lisciano Niccone";92;0;0;0;0;;;;0;0;0;0;1;;;;1;1
"054025";"Lisciano Niccone";93;0;0;0;0;;;;0;0;0;0;1;;;;1;1
"054025";"Lisciano Niccone";94;0;0;0;0;;;;0;0;0;0;1;;;;1;1
"054025";"Lisciano Niccone";95;0;0;0;0;;;;0;0;0;0;0;;;;0;0
"054025";"Lisciano Niccone";96;0;1;0;0;;;;1;0;0;0;0;;;;0;1
"054025";"Lisciano Niccone";97;0;0;0;0;;;;0;0;0;0;0;;;;0;0
"054025";"Lisciano Niccone";98;0;0;0;0;;;;0;0;0;0;0;;;;0;0
"054025";"Lisciano Niccone";99;0;0;0;0;;;;0;0;0;0;0;;;;0;0
"054025";"Lisciano Niccone";100;0;0;0;0;;;;0;0;0;0;0;;;;0;0
"054025";"Lisciano Niccone";999;147;140;7;7;;;;301;95;154;13;47;;;;309;610
"054026";"Magione";0;55;0;0;0;;;;55;48;0;0;0;;;;48;103
"054026";"Magione";1;51;0;0;0;;;;51;39;0;0;0;;;;39;90
"054026";"Magione";2;40;0;0;0;;;;40;46;0;0;0;;;;46;86
"054026";"Magione";3;43;0;0;0;;;;43;41;0;0;0;;;;41;84
"054026";"Magione";4;64;0;0;0;;;;64;52;0;0;0;;;;52;116
"054026";"Magione";5;57;0;0;0;;;;57;57;0;0;0;;;;57;114
"054026";"Magione";6;57;0;0;0;;;;57;51;0;0;0;;;;51;108
"054026";"Magione";7;77;0;0;0;;;;77;49;0;0;0;;;;49;126
"054026";"Magione";8;67;0;0;0;;;;67;54;0;0;0;;;;54;121
"054026";"Magione";9;64;0;0;0;;;;64;67;0;0;0;;;;67;131
"054026";"Magione";10;54;0;0;0;;;;54;53;0;0;0;;;;53;107
"054026";"Magione";11;76;0;0;0;;;;76;66;0;0;0;;;;66;142
"054026";"Magione";12;62;0;0;0;;;;62;71;0;0;0;;;;71;133
"054026";"Magione";13;83;0;0;0;;;;83;62;0;0;0;;;;62;145
"054026";"Magione";14;72;0;0;0;;;;72;80;0;0;0;;;;80;152
"054026";"Magione";15;80;0;0;0;;;;80;81;0;0;0;;;;81;161
"054026";"Magione";16;84;0;0;0;;;;84;79;0;0;0;;;;79;163
"054026";"Magione";17;78;0;0;0;;;;78;69;0;0;0;;;;69;147
"054026";"Magione";18;67;0;0;0;;;;67;82;0;0;0;;;;82;149
"054026";"Magione";19;63;0;0;0;;;;63;86;0;0;0;;;;86;149
"054026";"Magione";20;102;0;0;0;;;;102;59;1;0;0;;;;60;162
"054026";"Magione";21;64;0;0;0;;;;64;74;1;0;0;;;;75;139
"054026";"Magione";22;55;1;0;0;;;;56;63;0;0;0;;;;63;119
"054026";"Magione";23;71;0;0;0;;;;71;68;0;0;0;;;;68;139
"054026";"Magione";24;65;1;0;0;;;;66;57;5;0;0;;;;62;128
"054026";"Magione";25;61;1;0;0;;;;62;52;3;0;0;;;;55;117
"054026";"Magione";26;56;0;0;0;;;;56;57;4;0;0;;;;61;117
"054026";"Magione";27;54;0;0;0;;;;54;52;6;0;0;;;;58;112
"054026";"Magione";28;60;9;0;0;;;;69;52;7;0;0;;;;59;128
"054026";"Magione";29;41;5;0;0;;;;46;55;13;0;0;;;;68;114
"054026";"Magione";30;62;9;0;0;;;;71;44;19;1;0;;;;64;135
"054026";"Magione";31;68;13;0;0;;;;81;48;32;0;0;;;;80;161
"054026";"Magione";32;59;23;0;0;;;;82;43;17;0;0;;;;60;142
"054026";"Magione";33;56;16;0;0;;;;72;36;27;0;0;;;;63;135
"054026";"Magione";34;56;27;3;0;;;;86;35;29;2;0;;;;66;152
"054026";"Magione";35;54;32;2;0;;;;88;44;43;0;0;;;;87;175
"054026";"Magione";36;59;31;0;0;;;;90;34;36;1;1;;;;72;162
"054026";"Magione";37;43;25;2;0;;;;70;34;32;7;0;;;;73;143
"054026";"Magione";38;56;27;0;0;;;;83;37;39;3;0;;;;79;162
"054026";"Magione";39;43;33;2;0;;;;78;37;52;2;0;;;;91;169
"054026";"Magione";40;49;29;2;0;;;;80;32;49;4;1;;;;86;166
"054026";"Magione";41;43;38;2;0;;;;83;31;42;3;2;;;;78;161
"054026";"Magione";42;34;53;1;0;;;;88;34;59;4;0;;;;97;185
"054026";"Magione";43;52;59;4;0;;;;115;37;53;3;0;;;;93;208
"054026";"Magione";44;34;49;1;0;;;;84;34;58;4;0;;;;96;180
"054026";"Magione";45;58;58;3;0;;;;119;32;85;2;1;;;;120;239
"054026";"Magione";46;38;61;3;0;;;;102;32;77;9;4;;;;122;224
"054026";"Magione";47;44;60;7;1;;;;112;32;84;8;0;;;;124;236
"054026";"Magione";48;41;73;7;0;;;;121;28;69;9;3;;;;109;230
"054026";"Magione";49;39;80;3;0;;;;122;39;89;9;2;;;;139;261
"054026";"Magione";50;42;73;2;2;;;;119;16;83;14;4;;;;117;236
"054026";"Magione";51;41;75;5;1;;;;122;21;89;17;2;;;;129;251
"054026";"Magione";52;34;73;14;1;;;;122;23;97;11;4;;;;135;257
"054026";"Magione";53;25;81;9;0;;;;115;23;94;15;7;;;;139;254
"054026";"Magione";54;31;78;9;0;;;;118;36;89;18;4;;;;147;265
"054026";"Magione";55;27;91;5;1;;;;124;16;92;17;3;;;;128;252
"054026";"Magione";56;22;68;8;0;;;;98;11;98;16;4;;;;129;227
"054026";"Magione";57;20;77;7;2;;;;106;14;69;8;7;;;;98;204
"054026";"Magione";58;25;111;7;2;;;;145;17;93;11;9;;;;130;275
"054026";"Magione";59;20;96;10;3;;;;129;13;87;10;6;;;;116;245
"054026";"Magione";60;12;63;10;2;;;;87;11;71;5;8;;;;95;182
"054026";"Magione";61;17;79;13;3;;;;112;8;75;4;8;;;;95;207
"054026";"Magione";62;16;66;6;1;;;;89;8;92;7;8;;;;115;204
"054026";"Magione";63;13;100;13;3;;;;129;7;70;6;18;;;;101;230
"054026";"Magione";64;7;82;4;5;;;;98;6;81;4;8;;;;99;197
"054026";"Magione";65;6;67;5;3;;;;81;7;70;8;7;;;;92;173
"054026";"Magione";66;12;90;4;5;;;;111;9;60;5;14;;;;88;199
"054026";"Magione";67;8;59;6;6;;;;79;5;70;8;15;;;;98;177
"054026";"Magione";68;12;76;5;2;;;;95;6;68;6;15;;;;95;190
"054026";"Magione";69;5;63;7;4;;;;79;9;53;6;15;;;;83;162
"054026";"Magione";70;4;59;2;2;;;;67;8;48;4;18;;;;78;145
"054026";"Magione";71;4;67;4;6;;;;81;5;62;5;22;;;;94;175
"054026";"Magione";72;11;73;5;3;;;;92;2;64;3;19;;;;88;180
"054026";"Magione";73;7;64;2;0;;;;73;1;53;2;17;;;;73;146
"054026";"Magione";74;7;67;2;12;;;;88;3;46;2;27;;;;78;166
"054026";"Magione";75;6;58;4;5;;;;73;2;52;2;33;;;;89;162
"054026";"Magione";76;7;59;2;6;;;;74;1;46;0;37;;;;84;158
"054026";"Magione";77;5;38;2;6;;;;51;0;45;1;36;;;;82;133
"054026";"Magione";78;4;31;1;9;;;;45;3;30;2;28;;;;63;108
"054026";"Magione";79;3;48;0;8;;;;59;6;33;1;33;;;;73;132
"054026";"Magione";80;6;47;0;4;;;;57;0;29;5;40;;;;74;131
"054026";"Magione";81;0;39;3;7;;;;49;1;29;2;24;;;;56;105
"054026";"Magione";82;3;32;1;4;;;;40;2;24;0;33;;;;59;99
"054026";"Magione";83;6;53;3;4;;;;66;2;25;0;40;;;;67;133
"054026";"Magione";84;2;37;1;5;;;;45;4;25;0;37;;;;66;111
"054026";"Magione";85;5;37;1;14;;;;57;0;17;2;58;;;;77;134
"054026";"Magione";86;4;23;1;8;;;;36;1;13;1;44;;;;59;95
"054026";"Magione";87;2;30;0;6;;;;38;2;9;2;33;;;;46;84
"054026";"Magione";88;2;23;0;10;;;;35;3;10;0;47;;;;60;95
"054026";"Magione";89;1;18;0;7;;;;26;1;6;0;36;;;;43;69
"054026";"Magione";90;1;14;0;7;;;;22;1;6;0;32;;;;39;61
"054026";"Magione";91;1;13;0;3;;;;17;1;4;0;36;;;;41;58
"054026";"Magione";92;0;5;0;9;;;;14;0;1;0;28;;;;29;43
"054026";"Magione";93;0;3;0;1;;;;4;1;1;0;28;;;;30;34
"054026";"Magione";94;0;5;1;2;;;;8;0;0;1;17;;;;18;26
"054026";"Magione";95;0;4;0;0;;;;4;0;1;0;10;;;;11;15
"054026";"Magione";96;0;0;1;0;;;;1;1;1;0;13;;;;15;16
"054026";"Magione";97;0;0;0;0;;;;0;0;0;0;7;;;;7;7
"054026";"Magione";98;0;1;0;1;;;;2;1;0;0;3;;;;4;6
"054026";"Magione";99;0;0;0;1;;;;1;1;0;0;5;;;;6;7
"054026";"Magione";100;0;0;0;0;;;;0;0;0;0;3;;;;3;3
"054026";"Magione";999;3397;3329;227;197;;;;7150;2864;3312;302;1024;;;;7502;14652
"054027";"Marsciano";0;54;0;0;0;;;;54;56;0;0;0;;;;56;110
"054027";"Marsciano";1;55;0;0;0;;;;55;52;0;0;0;;;;52;107
"054027";"Marsciano";2;61;0;0;0;;;;61;64;0;0;0;;;;64;125
"054027";"Marsciano";3;57;0;0;0;;;;57;64;0;0;0;;;;64;121
"054027";"Marsciano";4;67;0;0;0;;;;67;66;0;0;0;;;;66;133
"054027";"Marsciano";5;73;0;0;0;;;;73;58;0;0;0;;;;58;131
"054027";"Marsciano";6;79;0;0;0;;;;79;82;0;0;0;;;;82;161
"054027";"Marsciano";7;75;0;0;0;;;;75;73;0;0;0;;;;73;148
"054027";"Marsciano";8;76;0;0;0;;;;76;99;0;0;0;;;;99;175
"054027";"Marsciano";9;85;0;0;0;;;;85;75;0;0;0;;;;75;160
"054027";"Marsciano";10;80;0;0;0;;;;80;70;0;0;0;;;;70;150
"054027";"Marsciano";11;96;0;0;0;;;;96;101;0;0;0;;;;101;197
"054027";"Marsciano";12;99;0;0;0;;;;99;78;0;0;0;;;;78;177
"054027";"Marsciano";13;85;0;0;0;;;;85;90;0;0;0;;;;90;175
"054027";"Marsciano";14;96;0;0;0;;;;96;76;0;0;0;;;;76;172
"054027";"Marsciano";15;112;0;0;0;;;;112;86;0;0;0;;;;86;198
"054027";"Marsciano";16;90;0;0;0;;;;90;89;0;0;0;;;;89;179
"054027";"Marsciano";17;82;0;0;0;;;;82;91;0;0;0;;;;91;173
"054027";"Marsciano";18;88;0;0;0;;;;88;89;0;0;0;;;;89;177
"054027";"Marsciano";19;102;0;0;0;;;;102;80;0;0;0;;;;80;182
"054027";"Marsciano";20;80;0;0;0;;;;80;82;1;0;0;;;;83;163
"054027";"Marsciano";21;89;1;0;0;;;;90;86;0;0;0;;;;86;176
"054027";"Marsciano";22;94;0;0;0;;;;94;89;3;0;0;;;;92;186
"054027";"Marsciano";23;81;1;0;0;;;;82;77;1;0;0;;;;78;160
"054027";"Marsciano";24;94;0;0;0;;;;94;86;4;0;0;;;;90;184
"054027";"Marsciano";25;92;1;0;0;;;;93;79;5;0;0;;;;84;177
"054027";"Marsciano";26;89;1;0;0;;;;90;78;9;0;0;;;;87;177
"054027";"Marsciano";27;85;4;0;0;;;;89;60;14;0;0;;;;74;163
"054027";"Marsciano";28;67;6;0;0;;;;73;67;15;0;0;;;;82;155
"054027";"Marsciano";29;91;8;0;0;;;;99;63;17;0;0;;;;80;179
"054027";"Marsciano";30;72;14;0;0;;;;86;67;23;0;1;;;;91;177
"054027";"Marsciano";31;77;15;0;0;;;;92;59;32;2;0;;;;93;185
"054027";"Marsciano";32;82;14;0;0;;;;96;60;35;1;0;;;;96;192
"054027";"Marsciano";33;78;21;0;0;;;;99;57;27;0;0;;;;84;183
"054027";"Marsciano";34;71;23;1;0;;;;95;48;43;1;0;;;;92;187
"054027";"Marsciano";35;80;45;3;0;;;;128;59;53;0;0;;;;112;240
"054027";"Marsciano";36;71;36;1;0;;;;108;34;56;5;0;;;;95;203
"054027";"Marsciano";37;56;34;2;1;;;;93;38;46;4;0;;;;88;181
"054027";"Marsciano";38;62;39;1;0;;;;102;48;59;7;1;;;;115;217
"054027";"Marsciano";39;47;45;2;0;;;;94;41;62;2;0;;;;105;199
"054027";"Marsciano";40;47;57;2;0;;;;106;42;66;4;0;;;;112;218
"054027";"Marsciano";41;51;65;4;0;;;;120;34;50;7;0;;;;91;211
"054027";"Marsciano";42;45;49;1;0;;;;95;30;84;4;2;;;;120;215
"054027";"Marsciano";43;45;62;1;0;;;;108;27;64;7;0;;;;98;206
"054027";"Marsciano";44;47;84;4;0;;;;135;34;78;11;1;;;;124;259
"054027";"Marsciano";45;48;64;3;0;;;;115;33;93;4;0;;;;130;245
"054027";"Marsciano";46;37;84;9;1;;;;131;19;98;10;3;;;;130;261
"054027";"Marsciano";47;35;72;4;0;;;;111;26;96;9;0;;;;131;242
"054027";"Marsciano";48;49;86;7;0;;;;142;29;98;7;5;;;;139;281
"054027";"Marsciano";49;50;102;9;0;;;;161;32;104;7;4;;;;147;308
"054027";"Marsciano";50;38;80;8;0;;;;126;26;94;12;3;;;;135;261
"054027";"Marsciano";51;39;83;5;0;;;;127;28;98;11;2;;;;139;266
"054027";"Marsciano";52;36;89;3;1;;;;129;25;108;10;5;;;;148;277
"054027";"Marsciano";53;22;135;9;0;;;;166;19;121;15;5;;;;160;326
"054027";"Marsciano";54;23;82;11;1;;;;117;14;121;9;5;;;;149;266
"054027";"Marsciano";55;30;92;10;0;;;;132;28;105;10;12;;;;155;287
"054027";"Marsciano";56;26;101;6;0;;;;133;22;121;10;5;;;;158;291
"054027";"Marsciano";57;23;103;6;2;;;;134;19;109;12;6;;;;146;280
"054027";"Marsciano";58;14;129;11;1;;;;155;12;125;6;8;;;;151;306
"054027";"Marsciano";59;23;91;10;3;;;;127;10;131;14;5;;;;160;287
"054027";"Marsciano";60;13;103;5;0;;;;121;17;97;15;7;;;;136;257
"054027";"Marsciano";61;11;112;10;4;;;;137;12;113;10;5;;;;140;277
"054027";"Marsciano";62;13;114;6;4;;;;137;10;103;9;15;;;;137;274
"054027";"Marsciano";63;9;96;11;2;;;;118;12;114;12;8;;;;146;264
"054027";"Marsciano";64;11;105;6;2;;;;124;10;108;14;6;;;;138;262
"054027";"Marsciano";65;20;98;7;4;;;;129;9;96;7;6;;;;118;247
"054027";"Marsciano";66;9;98;7;1;;;;115;12;85;5;12;;;;114;229
"054027";"Marsciano";67;9;98;5;5;;;;117;11;83;3;14;;;;111;228
"054027";"Marsciano";68;11;96;3;4;;;;114;7;90;10;11;;;;118;232
"054027";"Marsciano";69;11;87;5;3;;;;106;12;86;6;14;;;;118;224
"054027";"Marsciano";70;13;92;3;3;;;;111;7;68;5;19;;;;99;210
"054027";"Marsciano";71;1;73;3;3;;;;80;6;72;4;14;;;;96;176
"054027";"Marsciano";72;10;102;8;5;;;;125;6;70;6;25;;;;107;232
"054027";"Marsciano";73;8;78;5;5;;;;96;3;49;2;33;;;;87;183
"054027";"Marsciano";74;6;77;1;7;;;;91;3;78;3;35;;;;119;210
"054027";"Marsciano";75;5;82;4;10;;;;101;3;50;1;29;;;;83;184
"054027";"Marsciano";76;8;80;2;13;;;;103;11;64;1;22;;;;98;201
"054027";"Marsciano";77;2;38;3;8;;;;51;4;66;3;33;;;;106;157
"054027";"Marsciano";78;5;51;2;3;;;;61;0;31;1;20;;;;52;113
"054027";"Marsciano";79;3;50;1;3;;;;57;2;44;2;39;;;;87;144
"054027";"Marsciano";80;10;58;1;7;;;;76;1;34;3;30;;;;68;144
"054027";"Marsciano";81;3;49;2;8;;;;62;2;38;2;32;;;;74;136
"054027";"Marsciano";82;2;51;0;8;;;;61;2;25;1;48;;;;76;137
"054027";"Marsciano";83;3;45;1;11;;;;60;4;35;0;48;;;;87;147
"054027";"Marsciano";84;2;48;2;14;;;;66;4;32;0;55;;;;91;157
"054027";"Marsciano";85;3;33;0;7;;;;43;1;20;0;38;;;;59;102
"054027";"Marsciano";86;3;29;1;10;;;;43;2;15;2;58;;;;77;120
"054027";"Marsciano";87;5;25;0;9;;;;39;0;11;1;55;;;;67;106
"054027";"Marsciano";88;3;42;1;10;;;;56;1;7;0;37;;;;45;101
"054027";"Marsciano";89;3;22;0;10;;;;35;0;7;1;49;;;;57;92
"054027";"Marsciano";90;2;16;0;7;;;;25;3;3;1;33;;;;40;65
"054027";"Marsciano";91;0;13;0;7;;;;20;2;0;1;40;;;;43;63
"054027";"Marsciano";92;0;11;0;6;;;;17;1;3;0;31;;;;35;52
"054027";"Marsciano";93;3;9;0;5;;;;17;1;1;0;15;;;;17;34
"054027";"Marsciano";94;1;4;0;3;;;;8;0;0;0;21;;;;21;29
"054027";"Marsciano";95;1;3;0;5;;;;9;0;1;0;23;;;;24;33
"054027";"Marsciano";96;0;2;0;3;;;;5;0;0;0;11;;;;11;16
"054027";"Marsciano";97;0;0;0;1;;;;1;0;2;0;5;;;;7;8
"054027";"Marsciano";98;0;0;0;0;;;;0;0;0;0;6;;;;6;6
"054027";"Marsciano";99;0;0;0;0;;;;0;0;0;0;4;;;;4;4
"054027";"Marsciano";100;0;1;0;0;;;;1;0;0;0;3;;;;3;4
"054027";"Marsciano";999;4120;4209;238;230;;;;8797;3507;4270;332;1082;;;;9191;17988
"054028";"Massa Martana";0;12;0;0;0;;;;12;7;0;0;0;;;;7;19
"054028";"Massa Martana";1;12;0;0;0;;;;12;15;0;0;0;;;;15;27
"054028";"Massa Martana";2;15;0;0;0;;;;15;12;0;0;0;;;;12;27
"054028";"Massa Martana";3;13;0;0;0;;;;13;10;0;0;0;;;;10;23
"054028";"Massa Martana";4;18;0;0;0;;;;18;13;0;0;0;;;;13;31
"054028";"Massa Martana";5;12;0;0;0;;;;12;10;0;0;0;;;;10;22
"054028";"Massa Martana";6;18;0;0;0;;;;18;19;0;0;0;;;;19;37
"054028";"Massa Martana";7;22;0;0;0;;;;22;15;0;0;0;;;;15;37
"054028";"Massa Martana";8;21;0;0;0;;;;21;17;0;0;0;;;;17;38
"054028";"Massa Martana";9;16;0;0;0;;;;16;8;0;0;0;;;;8;24
"054028";"Massa Martana";10;15;0;0;0;;;;15;16;0;0;0;;;;16;31
"054028";"Massa Martana";11;17;0;0;0;;;;17;12;0;0;0;;;;12;29
"054028";"Massa Martana";12;21;0;0;0;;;;21;16;0;0;0;;;;16;37
"054028";"Massa Martana";13;17;0;0;0;;;;17;13;0;0;0;;;;13;30
"054028";"Massa Martana";14;17;0;0;0;;;;17;14;0;0;0;;;;14;31
"054028";"Massa Martana";15;21;0;0;0;;;;21;11;0;0;0;;;;11;32
"054028";"Massa Martana";16;11;0;0;0;;;;11;18;0;0;0;;;;18;29
"054028";"Massa Martana";17;24;0;0;0;;;;24;12;0;0;0;;;;12;36
"054028";"Massa Martana";18;17;0;0;0;;;;17;11;0;0;0;;;;11;28
"054028";"Massa Martana";19;14;0;0;0;;;;14;18;0;0;0;;;;18;32
"054028";"Massa Martana";20;11;0;0;0;;;;11;19;0;0;0;;;;19;30
"054028";"Massa Martana";21;15;1;0;0;;;;16;18;0;0;0;;;;18;34
"054028";"Massa Martana";22;22;0;0;0;;;;22;10;0;0;0;;;;10;32
"054028";"Massa Martana";23;17;0;0;0;;;;17;20;1;0;0;;;;21;38
"054028";"Massa Martana";24;16;0;0;0;;;;16;19;1;0;0;;;;20;36
"054028";"Massa Martana";25;16;0;0;0;;;;16;15;0;0;0;;;;15;31
"054028";"Massa Martana";26;16;0;0;0;;;;16;17;4;0;0;;;;21;37
"054028";"Massa Martana";27;14;3;0;0;;;;17;6;3;0;0;;;;9;26
"054028";"Massa Martana";28;18;2;0;0;;;;20;11;4;0;0;;;;15;35
"054028";"Massa Martana";29;12;0;0;0;;;;12;6;6;0;0;;;;12;24
"054028";"Massa Martana";30;16;7;0;0;;;;23;11;8;0;0;;;;19;42
"054028";"Massa Martana";31;13;5;1;0;;;;19;8;4;0;0;;;;12;31
"054028";"Massa Martana";32;12;4;0;0;;;;16;9;4;0;0;;;;13;29
"054028";"Massa Martana";33;7;5;0;0;;;;12;10;12;0;0;;;;22;34
"054028";"Massa Martana";34;14;3;0;0;;;;17;13;9;1;0;;;;23;40
"054028";"Massa Martana";35;11;5;0;0;;;;16;7;11;1;0;;;;19;35
"054028";"Massa Martana";36;7;11;1;0;;;;19;4;11;0;0;;;;15;34
"054028";"Massa Martana";37;9;7;0;0;;;;16;7;11;0;0;;;;18;34
"054028";"Massa Martana";38;15;8;1;0;;;;24;11;15;2;0;;;;28;52
"054028";"Massa Martana";39;11;11;1;0;;;;23;6;12;1;0;;;;19;42
"054028";"Massa Martana";40;6;16;0;0;;;;22;4;12;0;0;;;;16;38
"054028";"Massa Martana";41;11;9;0;0;;;;20;8;19;0;0;;;;27;47
"054028";"Massa Martana";42;11;13;0;0;;;;24;3;11;2;0;;;;16;40
"054028";"Massa Martana";43;11;16;0;0;;;;27;4;15;0;0;;;;19;46
"054028";"Massa Martana";44;7;9;0;0;;;;16;5;13;1;0;;;;19;35
"054028";"Massa Martana";45;4;15;1;0;;;;20;4;15;0;0;;;;19;39
"054028";"Massa Martana";46;6;14;0;0;;;;20;3;12;1;0;;;;16;36
"054028";"Massa Martana";47;7;13;3;0;;;;23;5;17;0;0;;;;22;45
"054028";"Massa Martana";48;5;15;0;0;;;;20;8;24;2;0;;;;34;54
"054028";"Massa Martana";49;2;17;1;0;;;;20;6;29;0;1;;;;36;56
"054028";"Massa Martana";50;4;15;0;0;;;;19;4;15;1;1;;;;21;40
"054028";"Massa Martana";51;8;19;1;0;;;;28;3;23;3;0;;;;29;57
"054028";"Massa Martana";52;6;14;1;1;;;;22;6;20;0;0;;;;26;48
"054028";"Massa Martana";53;5;20;2;0;;;;27;6;21;0;0;;;;27;54
"054028";"Massa Martana";54;5;19;1;0;;;;25;1;24;3;2;;;;30;55
"054028";"Massa Martana";55;5;29;5;0;;;;39;7;26;3;2;;;;38;77
"054028";"Massa Martana";56;4;15;4;0;;;;23;8;22;2;3;;;;35;58
"054028";"Massa Martana";57;9;30;1;1;;;;41;1;23;2;0;;;;26;67
"054028";"Massa Martana";58;2;25;3;0;;;;30;2;20;2;1;;;;25;55
"054028";"Massa Martana";59;8;20;3;1;;;;32;1;23;0;0;;;;24;56
"054028";"Massa Martana";60;5;26;5;0;;;;36;3;20;0;4;;;;27;63
"054028";"Massa Martana";61;5;14;2;1;;;;22;2;25;1;4;;;;32;54
"054028";"Massa Martana";62;4;22;2;1;;;;29;2;32;1;2;;;;37;66
"054028";"Massa Martana";63;4;38;0;0;;;;42;1;21;1;1;;;;24;66
"054028";"Massa Martana";64;4;20;2;0;;;;26;2;23;0;3;;;;28;54
"054028";"Massa Martana";65;2;26;0;0;;;;28;2;23;1;4;;;;30;58
"054028";"Massa Martana";66;7;20;1;1;;;;29;1;14;1;4;;;;20;49
"054028";"Massa Martana";67;2;16;1;2;;;;21;3;19;0;0;;;;22;43
"054028";"Massa Martana";68;2;21;1;0;;;;24;0;11;4;1;;;;16;40
"054028";"Massa Martana";69;3;27;1;0;;;;31;0;13;1;2;;;;16;47
"054028";"Massa Martana";70;4;17;2;1;;;;24;1;17;2;7;;;;27;51
"054028";"Massa Martana";71;3;23;1;2;;;;29;2;20;1;5;;;;28;57
"054028";"Massa Martana";72;0;19;1;0;;;;20;3;20;1;3;;;;27;47
"054028";"Massa Martana";73;2;14;0;0;;;;16;1;14;0;6;;;;21;37
"054028";"Massa Martana";74;0;21;0;1;;;;22;0;15;0;3;;;;18;40
"054028";"Massa Martana";75;3;15;0;1;;;;19;1;8;0;11;;;;20;39
"054028";"Massa Martana";76;2;14;1;1;;;;18;0;18;0;8;;;;26;44
"054028";"Massa Martana";77;0;16;0;1;;;;17;0;14;0;2;;;;16;33
"054028";"Massa Martana";78;2;11;0;2;;;;15;0;6;0;6;;;;12;27
"054028";"Massa Martana";79;2;11;0;3;;;;16;0;12;0;7;;;;19;35
"054028";"Massa Martana";80;1;8;0;2;;;;11;2;9;0;6;;;;17;28
"054028";"Massa Martana";81;4;11;2;4;;;;21;0;4;0;11;;;;15;36
"054028";"Massa Martana";82;1;12;1;3;;;;17;1;11;1;12;;;;25;42
"054028";"Massa Martana";83;1;8;1;3;;;;13;0;6;0;14;;;;20;33
"054028";"Massa Martana";84;1;9;0;3;;;;13;2;6;0;17;;;;25;38
"054028";"Massa Martana";85;1;10;0;2;;;;13;0;3;0;12;;;;15;28
"054028";"Massa Martana";86;0;9;0;4;;;;13;0;4;0;15;;;;19;32
"054028";"Massa Martana";87;0;6;0;0;;;;6;0;2;0;4;;;;6;12
"054028";"Massa Martana";88;0;8;0;1;;;;9;0;0;0;13;;;;13;22
"054028";"Massa Martana";89;1;3;0;1;;;;5;0;1;0;11;;;;12;17
"054028";"Massa Martana";90;2;2;0;1;;;;5;0;0;0;16;;;;16;21
"054028";"Massa Martana";91;0;0;0;0;;;;0;0;2;0;6;;;;8;8
"054028";"Massa Martana";92;0;6;0;1;;;;7;0;0;0;3;;;;3;10
"054028";"Massa Martana";93;1;3;0;1;;;;5;0;1;0;5;;;;6;11
"054028";"Massa Martana";94;0;1;0;1;;;;2;0;0;0;2;;;;2;4
"054028";"Massa Martana";95;0;2;0;0;;;;2;1;0;0;2;;;;3;5
"054028";"Massa Martana";96;0;2;0;0;;;;2;0;1;0;1;;;;2;4
"054028";"Massa Martana";97;0;0;0;0;;;;0;0;0;0;0;;;;0;0
"054028";"Massa Martana";98;0;0;0;0;;;;0;0;0;0;1;;;;1;1
"054028";"Massa Martana";99;0;0;0;1;;;;1;0;0;0;0;;;;0;1
"054028";"Massa Martana";100;0;0;0;0;;;;0;0;0;0;2;;;;2;2
"054028";"Massa Martana";999;800;906;54;48;;;;1808;613;895;42;246;;;;1796;3604
"054029";"Monte Castello di Vibio";0;3;0;0;0;;;;3;0;0;0;0;;;;0;3
"054029";"Monte Castello di Vibio";1;2;0;0;0;;;;2;4;0;0;0;;;;4;6
"054029";"Monte Castello di Vibio";2;5;0;0;0;;;;5;5;0;0;0;;;;5;10
"054029";"Monte Castello di Vibio";3;5;0;0;0;;;;5;2;0;0;0;;;;2;7
"054029";"Monte Castello di Vibio";4;6;0;0;0;;;;6;4;0;0;0;;;;4;10
"054029";"Monte Castello di Vibio";5;5;0;0;0;;;;5;4;0;0;0;;;;4;9
"054029";"Monte Castello di Vibio";6;3;0;0;0;;;;3;0;0;0;0;;;;0;3
"054029";"Monte Castello di Vibio";7;4;0;0;0;;;;4;1;0;0;0;;;;1;5
"054029";"Monte Castello di Vibio";8;5;0;0;0;;;;5;9;0;0;0;;;;9;14
"054029";"Monte Castello di Vibio";9;3;0;0;0;;;;3;8;0;0;0;;;;8;11
"054029";"Monte Castello di Vibio";10;9;0;0;0;;;;9;6;0;0;0;;;;6;15
"054029";"Monte Castello di Vibio";11;5;0;0;0;;;;5;4;0;0;0;;;;4;9
"054029";"Monte Castello di Vibio";12;6;0;0;0;;;;6;3;0;0;0;;;;3;9
"054029";"Monte Castello di Vibio";13;11;0;0;0;;;;11;4;0;0;0;;;;4;15
"054029";"Monte Castello di Vibio";14;3;0;0;0;;;;3;5;0;0;0;;;;5;8
"054029";"Monte Castello di Vibio";15;5;0;0;0;;;;5;7;0;0;0;;;;7;12
"054029";"Monte Castello di Vibio";16;6;0;0;0;;;;6;5;0;0;0;;;;5;11
"054029";"Monte Castello di Vibio";17;5;0;0;0;;;;5;4;0;0;0;;;;4;9
"054029";"Monte Castello di Vibio";18;4;0;0;0;;;;4;2;0;0;0;;;;2;6
"054029";"Monte Castello di Vibio";19;11;0;0;0;;;;11;4;0;0;0;;;;4;15
"054029";"Monte Castello di Vibio";20;3;0;0;0;;;;3;4;0;0;0;;;;4;7
"054029";"Monte Castello di Vibio";21;2;0;0;0;;;;2;2;0;0;0;;;;2;4
"054029";"Monte Castello di Vibio";22;4;0;0;0;;;;4;2;1;0;0;;;;3;7
"054029";"Monte Castello di Vibio";23;5;0;0;0;;;;5;4;0;0;0;;;;4;9
"054029";"Monte Castello di Vibio";24;5;0;0;0;;;;5;5;0;0;0;;;;5;10
"054029";"Monte Castello di Vibio";25;6;0;0;0;;;;6;6;1;0;0;;;;7;13
"054029";"Monte Castello di Vibio";26;7;1;0;0;;;;8;3;1;0;0;;;;4;12
"054029";"Monte Castello di Vibio";27;5;0;0;0;;;;5;4;1;0;0;;;;5;10
"054029";"Monte Castello di Vibio";28;1;0;0;0;;;;1;5;1;0;0;;;;6;7
"054029";"Monte Castello di Vibio";29;6;0;0;0;;;;6;4;3;0;0;;;;7;13
"054029";"Monte Castello di Vibio";30;11;1;0;0;;;;12;7;1;0;0;;;;8;20
"054029";"Monte Castello di Vibio";31;2;2;0;0;;;;4;7;2;0;0;;;;9;13
"054029";"Monte Castello di Vibio";32;5;2;0;0;;;;7;10;1;0;0;;;;11;18
"054029";"Monte Castello di Vibio";33;8;1;0;0;;;;9;4;0;0;0;;;;4;13
"054029";"Monte Castello di Vibio";34;8;4;0;0;;;;12;4;1;0;0;;;;5;17
"054029";"Monte Castello di Vibio";35;6;0;0;0;;;;6;1;2;0;0;;;;3;9
"054029";"Monte Castello di Vibio";36;5;2;0;0;;;;7;4;3;1;0;;;;8;15
"054029";"Monte Castello di Vibio";37;3;4;0;0;;;;7;1;2;0;0;;;;3;10
"054029";"Monte Castello di Vibio";38;2;2;1;0;;;;5;3;3;0;0;;;;6;11
"054029";"Monte Castello di Vibio";39;9;2;0;0;;;;11;0;2;2;0;;;;4;15
"054029";"Monte Castello di Vibio";40;7;5;0;0;;;;12;6;5;1;0;;;;12;24
"054029";"Monte Castello di Vibio";41;7;3;0;0;;;;10;2;3;1;0;;;;6;16
"054029";"Monte Castello di Vibio";42;3;4;0;0;;;;7;3;3;0;0;;;;6;13
"054029";"Monte Castello di Vibio";43;3;5;0;0;;;;8;5;6;0;0;;;;11;19
"054029";"Monte Castello di Vibio";44;1;5;0;0;;;;6;4;4;1;0;;;;9;15
"054029";"Monte Castello di Vibio";45;3;4;0;0;;;;7;5;4;1;0;;;;10;17
"054029";"Monte Castello di Vibio";46;5;7;0;0;;;;12;2;5;1;0;;;;8;20
"054029";"Monte Castello di Vibio";47;4;5;1;0;;;;10;0;5;0;0;;;;5;15
"054029";"Monte Castello di Vibio";48;1;6;1;0;;;;8;4;2;0;0;;;;6;14
"054029";"Monte Castello di Vibio";49;1;2;0;0;;;;3;1;10;0;1;;;;12;15
"054029";"Monte Castello di Vibio";50;3;6;0;0;;;;9;0;8;1;1;;;;10;19
"054029";"Monte Castello di Vibio";51;2;7;1;0;;;;10;2;5;0;0;;;;7;17
"054029";"Monte Castello di Vibio";52;5;3;1;0;;;;9;2;5;0;2;;;;9;18
"054029";"Monte Castello di Vibio";53;2;5;1;0;;;;8;1;11;0;0;;;;12;20
"054029";"Monte Castello di Vibio";54;3;10;1;0;;;;14;4;7;0;0;;;;11;25
"054029";"Monte Castello di Vibio";55;4;10;2;0;;;;16;2;6;3;1;;;;12;28
"054029";"Monte Castello di Vibio";56;6;5;2;0;;;;13;1;8;1;1;;;;11;24
"054029";"Monte Castello di Vibio";57;1;14;1;0;;;;16;1;5;0;0;;;;6;22
"054029";"Monte Castello di Vibio";58;4;4;0;0;;;;8;1;5;4;0;;;;10;18
"054029";"Monte Castello di Vibio";59;1;8;1;0;;;;10;2;10;2;0;;;;14;24
"054029";"Monte Castello di Vibio";60;1;9;1;0;;;;11;0;7;2;1;;;;10;21
"054029";"Monte Castello di Vibio";61;1;7;1;0;;;;9;1;7;2;0;;;;10;19
"054029";"Monte Castello di Vibio";62;1;9;1;1;;;;12;1;11;0;1;;;;13;25
"054029";"Monte Castello di Vibio";63;2;5;1;1;;;;9;1;11;0;1;;;;13;22
"054029";"Monte Castello di Vibio";64;1;8;1;1;;;;11;1;12;0;1;;;;14;25
"054029";"Monte Castello di Vibio";65;1;10;2;0;;;;13;0;6;0;2;;;;8;21
"054029";"Monte Castello di Vibio";66;3;11;0;1;;;;15;2;11;0;1;;;;14;29
"054029";"Monte Castello di Vibio";67;1;9;1;0;;;;11;1;7;0;3;;;;11;22
"054029";"Monte Castello di Vibio";68;1;7;0;0;;;;8;0;11;0;0;;;;11;19
"054029";"Monte Castello di Vibio";69;1;7;2;0;;;;10;0;12;1;1;;;;14;24
"054029";"Monte Castello di Vibio";70;1;9;1;1;;;;12;0;6;1;3;;;;10;22
"054029";"Monte Castello di Vibio";71;1;13;2;2;;;;18;0;1;2;2;;;;5;23
"054029";"Monte Castello di Vibio";72;2;7;1;0;;;;10;0;14;0;0;;;;14;24
"054029";"Monte Castello di Vibio";73;0;15;0;0;;;;15;1;6;0;3;;;;10;25
"054029";"Monte Castello di Vibio";74;1;9;0;0;;;;10;0;9;0;3;;;;12;22
"054029";"Monte Castello di Vibio";75;2;6;0;1;;;;9;1;7;1;2;;;;11;20
"054029";"Monte Castello di Vibio";76;0;4;1;0;;;;5;1;10;1;2;;;;14;19
"054029";"Monte Castello di Vibio";77;1;4;2;1;;;;8;1;6;0;3;;;;10;18
"054029";"Monte Castello di Vibio";78;1;5;0;1;;;;7;1;2;1;2;;;;6;13
"054029";"Monte Castello di Vibio";79;0;7;0;0;;;;7;0;8;0;7;;;;15;22
"054029";"Monte Castello di Vibio";80;2;8;0;0;;;;10;1;4;0;3;;;;8;18
"054029";"Monte Castello di Vibio";81;1;7;0;0;;;;8;0;6;0;5;;;;11;19
"054029";"Monte Castello di Vibio";82;0;5;0;1;;;;6;0;2;1;3;;;;6;12
"054029";"Monte Castello di Vibio";83;2;8;1;1;;;;12;0;2;0;5;;;;7;19
"054029";"Monte Castello di Vibio";84;3;5;0;0;;;;8;0;2;0;5;;;;7;15
"054029";"Monte Castello di Vibio";85;0;7;0;1;;;;8;0;2;0;7;;;;9;17
"054029";"Monte Castello di Vibio";86;0;0;1;0;;;;1;0;4;0;9;;;;13;14
"054029";"Monte Castello di Vibio";87;1;5;0;0;;;;6;0;1;0;6;;;;7;13
"054029";"Monte Castello di Vibio";88;1;1;0;1;;;;3;0;0;0;5;;;;5;8
"054029";"Monte Castello di Vibio";89;0;1;0;0;;;;1;0;2;0;3;;;;5;6
"054029";"Monte Castello di Vibio";90;0;1;0;2;;;;3;0;0;0;4;;;;4;7
"054029";"Monte Castello di Vibio";91;0;1;0;0;;;;1;0;0;0;0;;;;0;1
"054029";"Monte Castello di Vibio";92;0;2;0;1;;;;3;1;0;0;6;;;;7;10
"054029";"Monte Castello di Vibio";93;0;0;0;1;;;;1;0;0;0;1;;;;1;2
"054029";"Monte Castello di Vibio";94;0;0;0;0;;;;0;0;0;0;3;;;;3;3
"054029";"Monte Castello di Vibio";95;0;0;0;0;;;;0;1;0;0;4;;;;5;5
"054029";"Monte Castello di Vibio";96;0;0;0;1;;;;1;0;0;0;1;;;;1;2
"054029";"Monte Castello di Vibio";97;0;0;0;0;;;;0;0;0;0;0;;;;0;0
"054029";"Monte Castello di Vibio";98;1;1;0;0;;;;2;1;0;0;0;;;;1;3
"054029";"Monte Castello di Vibio";99;0;0;0;0;;;;0;0;0;0;0;;;;0;0
"054029";"Monte Castello di Vibio";100;0;0;0;0;;;;0;0;0;0;0;;;;0;0
"054029";"Monte Castello di Vibio";999;308;352;32;19;;;;711;225;331;31;114;;;;701;1412
"054030";"Montefalco";0;9;0;0;0;;;;9;12;0;0;0;;;;12;21
"054030";"Montefalco";1;16;0;0;0;;;;16;15;0;0;0;;;;15;31
"054030";"Montefalco";2;19;0;0;0;;;;19;19;0;0;0;;;;19;38
"054030";"Montefalco";3;15;0;0;0;;;;15;13;0;0;0;;;;13;28
"054030";"Montefalco";4;17;0;0;0;;;;17;24;0;0;0;;;;24;41
"054030";"Montefalco";5;22;0;0;0;;;;22;15;0;0;0;;;;15;37
"054030";"Montefalco";6;28;0;0;0;;;;28;11;0;0;0;;;;11;39
"054030";"Montefalco";7;24;0;0;0;;;;24;27;0;0;0;;;;27;51
"054030";"Montefalco";8;16;0;0;0;;;;16;19;0;0;0;;;;19;35
"054030";"Montefalco";9;15;0;0;0;;;;15;19;0;0;0;;;;19;34
"054030";"Montefalco";10;27;0;0;0;;;;27;20;0;0;0;;;;20;47
"054030";"Montefalco";11;12;0;0;0;;;;12;11;0;0;0;;;;11;23
"054030";"Montefalco";12;15;0;0;0;;;;15;34;0;0;0;;;;34;49
"054030";"Montefalco";13;19;0;0;0;;;;19;14;0;0;0;;;;14;33
"054030";"Montefalco";14;17;0;0;0;;;;17;21;0;0;0;;;;21;38
"054030";"Montefalco";15;12;0;0;0;;;;12;18;0;0;0;;;;18;30
"054030";"Montefalco";16;16;0;0;0;;;;16;23;0;0;0;;;;23;39
"054030";"Montefalco";17;30;0;0;0;;;;30;23;0;0;0;;;;23;53
"054030";"Montefalco";18;24;0;0;0;;;;24;19;0;0;0;;;;19;43
"054030";"Montefalco";19;24;0;0;0;;;;24;26;0;0;0;;;;26;50
"054030";"Montefalco";20;30;0;0;0;;;;30;18;0;0;0;;;;18;48
"054030";"Montefalco";21;21;0;0;0;;;;21;13;1;0;0;;;;14;35
"054030";"Montefalco";22;28;0;0;0;;;;28;21;2;0;0;;;;23;51
"054030";"Montefalco";23;32;0;0;0;;;;32;24;0;0;0;;;;24;56
"054030";"Montefalco";24;25;0;0;0;;;;25;23;3;0;0;;;;26;51
"054030";"Montefalco";25;27;0;0;0;;;;27;26;1;1;0;;;;28;55
"054030";"Montefalco";26;22;0;0;0;;;;22;17;2;0;0;;;;19;41
"054030";"Montefalco";27;25;0;0;0;;;;25;22;2;0;0;;;;24;49
"054030";"Montefalco";28;30;2;0;0;;;;32;21;2;0;0;;;;23;55
"054030";"Montefalco";29;19;3;0;0;;;;22;28;9;0;0;;;;37;59
"054030";"Montefalco";30;39;5;0;0;;;;44;18;4;0;0;;;;22;66
"054030";"Montefalco";31;20;0;0;0;;;;20;16;4;0;0;;;;20;40
"054030";"Montefalco";32;27;3;0;0;;;;30;15;7;0;0;;;;22;52
"054030";"Montefalco";33;25;4;1;0;;;;30;23;3;0;0;;;;26;56
"054030";"Montefalco";34;24;3;0;1;;;;28;19;6;1;0;;;;26;54
"054030";"Montefalco";35;14;9;0;0;;;;23;12;14;1;0;;;;27;50
"054030";"Montefalco";36;25;10;0;0;;;;35;26;14;0;0;;;;40;75
"054030";"Montefalco";37;19;11;0;0;;;;30;8;11;0;0;;;;19;49
"054030";"Montefalco";38;15;8;1;0;;;;24;12;14;2;0;;;;28;52
"054030";"Montefalco";39;11;7;0;0;;;;18;11;16;1;0;;;;28;46
"054030";"Montefalco";40;21;17;0;1;;;;39;10;13;3;1;;;;27;66
"054030";"Montefalco";41;22;16;2;0;;;;40;12;17;1;0;;;;30;70
"054030";"Montefalco";42;19;20;2;0;;;;41;15;18;1;0;;;;34;75
"054030";"Montefalco";43;19;13;1;0;;;;33;10;19;0;0;;;;29;62
"054030";"Montefalco";44;14;19;0;0;;;;33;5;21;2;1;;;;29;62
"054030";"Montefalco";45;15;22;3;1;;;;41;12;23;4;1;;;;40;81
"054030";"Montefalco";46;19;24;5;0;;;;48;9;12;1;0;;;;22;70
"054030";"Montefalco";47;19;18;2;0;;;;39;9;33;7;2;;;;51;90
"054030";"Montefalco";48;14;20;1;0;;;;35;16;19;4;1;;;;40;75
"054030";"Montefalco";49;16;22;2;0;;;;40;8;25;3;1;;;;37;77
"054030";"Montefalco";50;11;20;3;0;;;;34;9;40;2;1;;;;52;86
"054030";"Montefalco";51;12;39;2;0;;;;53;9;29;3;1;;;;42;95
"054030";"Montefalco";52;10;28;4;1;;;;43;9;31;1;1;;;;42;85
"054030";"Montefalco";53;10;27;3;0;;;;40;2;29;4;1;;;;36;76
"054030";"Montefalco";54;12;28;1;0;;;;41;1;25;4;0;;;;30;71
"054030";"Montefalco";55;11;20;1;1;;;;33;4;31;1;3;;;;39;72
"054030";"Montefalco";56;9;24;2;0;;;;35;7;37;1;3;;;;48;83
"054030";"Montefalco";57;9;28;2;1;;;;40;5;30;5;4;;;;44;84
"054030";"Montefalco";58;5;39;2;1;;;;47;4;33;4;1;;;;42;89
"054030";"Montefalco";59;4;45;5;0;;;;54;5;40;2;3;;;;50;104
"054030";"Montefalco";60;6;31;1;1;;;;39;9;46;1;2;;;;58;97
"054030";"Montefalco";61;6;32;4;0;;;;42;4;38;5;3;;;;50;92
"054030";"Montefalco";62;11;27;3;0;;;;41;3;29;3;3;;;;38;79
"054030";"Montefalco";63;3;28;3;2;;;;36;3;31;2;2;;;;38;74
"054030";"Montefalco";64;3;34;2;0;;;;39;2;35;1;3;;;;41;80
"054030";"Montefalco";65;6;33;0;1;;;;40;2;30;4;4;;;;40;80
"054030";"Montefalco";66;1;31;0;0;;;;32;7;26;1;3;;;;37;69
"054030";"Montefalco";67;2;34;2;1;;;;39;0;24;5;3;;;;32;71
"054030";"Montefalco";68;2;17;1;2;;;;22;3;26;2;3;;;;34;56
"054030";"Montefalco";69;2;30;5;3;;;;40;3;25;1;5;;;;34;74
"054030";"Montefalco";70;7;22;1;1;;;;31;2;29;0;3;;;;34;65
"054030";"Montefalco";71;4;23;1;0;;;;28;0;32;2;9;;;;43;71
"054030";"Montefalco";72;3;32;0;2;;;;37;1;25;1;6;;;;33;70
"054030";"Montefalco";73;1;23;2;3;;;;29;1;28;0;10;;;;39;68
"054030";"Montefalco";74;1;30;2;1;;;;34;1;22;1;6;;;;30;64
"054030";"Montefalco";75;2;34;1;4;;;;41;2;23;3;12;;;;40;81
"054030";"Montefalco";76;2;18;0;1;;;;21;2;19;1;9;;;;31;52
"054030";"Montefalco";77;4;31;0;4;;;;39;0;21;0;10;;;;31;70
"054030";"Montefalco";78;3;23;1;2;;;;29;3;13;1;14;;;;31;60
"054030";"Montefalco";79;0;24;0;1;;;;25;1;7;0;14;;;;22;47
"054030";"Montefalco";80;2;14;0;3;;;;19;0;13;2;10;;;;25;44
"054030";"Montefalco";81;2;27;1;5;;;;35;0;8;1;18;;;;27;62
"054030";"Montefalco";82;4;16;1;5;;;;26;1;12;0;17;;;;30;56
"054030";"Montefalco";83;1;14;0;3;;;;18;1;5;0;17;;;;23;41
"054030";"Montefalco";84;2;12;0;3;;;;17;1;6;1;20;;;;28;45
"054030";"Montefalco";85;2;12;0;5;;;;19;1;9;0;17;;;;27;46
"054030";"Montefalco";86;3;11;0;5;;;;19;0;3;1;9;;;;13;32
"054030";"Montefalco";87;2;8;0;4;;;;14;0;6;0;14;;;;20;34
"054030";"Montefalco";88;1;7;0;1;;;;9;0;1;0;18;;;;19;28
"054030";"Montefalco";89;1;4;0;3;;;;8;3;6;0;21;;;;30;38
"054030";"Montefalco";90;1;3;0;3;;;;7;2;4;0;11;;;;17;24
"054030";"Montefalco";91;0;8;0;0;;;;8;0;1;1;11;;;;13;21
"054030";"Montefalco";92;1;3;0;4;;;;8;0;0;0;5;;;;5;13
"054030";"Montefalco";93;0;3;0;0;;;;3;1;1;0;9;;;;11;14
"054030";"Montefalco";94;0;2;0;3;;;;5;0;0;0;4;;;;4;9
"054030";"Montefalco";95;0;0;0;1;;;;1;0;0;0;6;;;;6;7
"054030";"Montefalco";96;0;1;0;1;;;;2;1;0;0;2;;;;3;5
"054030";"Montefalco";97;0;0;0;1;;;;1;0;0;0;4;;;;4;5
"054030";"Montefalco";98;0;0;0;0;;;;0;0;0;0;2;;;;2;2
"054030";"Montefalco";99;0;0;0;0;;;;0;0;0;0;3;;;;3;3
"054030";"Montefalco";100;0;0;0;0;;;;0;0;1;0;3;;;;4;4
"054030";"Montefalco";999;1217;1256;76;86;;;;2635;977;1245;99;370;;;;2691;5326
"054031";"Monteleone di Spoleto";0;1;0;0;0;;;;1;2;0;0;0;;;;2;3
"054031";"Monteleone di Spoleto";1;0;0;0;0;;;;0;0;0;0;0;;;;0;0
"054031";"Monteleone di Spoleto";2;1;0;0;0;;;;1;1;0;0;0;;;;1;2
"054031";"Monteleone di Spoleto";3;2;0;0;0;;;;2;2;0;0;0;;;;2;4
"054031";"Monteleone di Spoleto";4;2;0;0;0;;;;2;2;0;0;0;;;;2;4
"054031";"Monteleone di Spoleto";5;0;0;0;0;;;;0;2;0;0;0;;;;2;2
"054031";"Monteleone di Spoleto";6;0;0;0;0;;;;0;2;0;0;0;;;;2;2
"054031";"Monteleone di Spoleto";7;1;0;0;0;;;;1;0;0;0;0;;;;0;1
"054031";"Monteleone di Spoleto";8;1;0;0;0;;;;1;1;0;0;0;;;;1;2
"054031";"Monteleone di Spoleto";9;0;0;0;0;;;;0;4;0;0;0;;;;4;4
"054031";"Monteleone di Spoleto";10;0;0;0;0;;;;0;2;0;0;0;;;;2;2
"054031";"Monteleone di Spoleto";11;0;0;0;0;;;;0;0;0;0;0;;;;0;0
"054031";"Monteleone di Spoleto";12;3;0;0;0;;;;3;3;0;0;0;;;;3;6
"054031";"Monteleone di Spoleto";13;0;0;0;0;;;;0;1;0;0;0;;;;1;1
"054031";"Monteleone di Spoleto";14;2;0;0;0;;;;2;1;0;0;0;;;;1;3
"054031";"Monteleone di Spoleto";15;1;0;0;0;;;;1;1;0;0;0;;;;1;2
"054031";"Monteleone di Spoleto";16;1;0;0;0;;;;1;4;0;0;0;;;;4;5
"054031";"Monteleone di Spoleto";17;2;0;0;0;;;;2;3;0;0;0;;;;3;5
"054031";"Monteleone di Spoleto";18;2;0;0;0;;;;2;1;0;0;0;;;;1;3
"054031";"Monteleone di Spoleto";19;1;0;0;0;;;;1;2;0;0;0;;;;2;3
"054031";"Monteleone di Spoleto";20;5;0;0;0;;;;5;8;0;0;0;;;;8;13
"054031";"Monteleone di Spoleto";21;3;0;0;0;;;;3;1;0;0;0;;;;1;4
"054031";"Monteleone di Spoleto";22;2;0;0;0;;;;2;4;0;0;0;;;;4;6
"054031";"Monteleone di Spoleto";23;4;0;0;0;;;;4;3;0;0;0;;;;3;7
"054031";"Monteleone di Spoleto";24;4;0;0;0;;;;4;1;0;0;0;;;;1;5
"054031";"Monteleone di Spoleto";25;5;0;0;0;;;;5;3;0;0;0;;;;3;8
"054031";"Monteleone di Spoleto";26;6;0;0;0;;;;6;2;0;0;0;;;;2;8
"054031";"Monteleone di Spoleto";27;1;0;0;0;;;;1;2;0;0;0;;;;2;3
"054031";"Monteleone di Spoleto";28;4;0;0;0;;;;4;1;0;0;0;;;;1;5
"054031";"Monteleone di Spoleto";29;7;0;0;0;;;;7;2;0;0;0;;;;2;9
"054031";"Monteleone di Spoleto";30;3;2;0;0;;;;5;4;0;0;0;;;;4;9
"054031";"Monteleone di Spoleto";31;1;0;0;0;;;;1;0;1;0;0;;;;1;2
"054031";"Monteleone di Spoleto";32;2;0;0;0;;;;2;2;0;0;0;;;;2;4
"054031";"Monteleone di Spoleto";33;5;0;0;0;;;;5;3;1;0;0;;;;4;9
"054031";"Monteleone di Spoleto";34;2;0;0;0;;;;2;2;0;0;0;;;;2;4
"054031";"Monteleone di Spoleto";35;3;0;0;0;;;;3;1;0;0;0;;;;1;4
"054031";"Monteleone di Spoleto";36;2;1;0;0;;;;3;3;0;0;0;;;;3;6
"054031";"Monteleone di Spoleto";37;2;0;0;0;;;;2;1;0;0;0;;;;1;3
"054031";"Monteleone di Spoleto";38;2;1;0;0;;;;3;1;2;1;0;;;;4;7
"054031";"Monteleone di Spoleto";39;2;0;0;0;;;;2;0;0;0;0;;;;0;2
"054031";"Monteleone di Spoleto";40;4;0;0;0;;;;4;2;1;1;0;;;;4;8
"054031";"Monteleone di Spoleto";41;3;1;0;0;;;;4;1;1;0;1;;;;3;7
"054031";"Monteleone di Spoleto";42;1;1;1;0;;;;3;2;2;0;0;;;;4;7
"054031";"Monteleone di Spoleto";43;5;2;0;0;;;;7;2;4;0;0;;;;6;13
"054031";"Monteleone di Spoleto";44;1;1;0;0;;;;2;0;1;0;0;;;;1;3
"054031";"Monteleone di Spoleto";45;2;0;0;0;;;;2;1;0;0;0;;;;1;3
"054031";"Monteleone di Spoleto";46;2;1;0;0;;;;3;1;2;0;0;;;;3;6
"054031";"Monteleone di Spoleto";47;1;0;0;0;;;;1;0;2;0;0;;;;2;3
"054031";"Monteleone di Spoleto";48;1;0;0;0;;;;1;0;4;0;0;;;;4;5
"054031";"Monteleone di Spoleto";49;2;1;0;0;;;;3;0;3;0;0;;;;3;6
"054031";"Monteleone di Spoleto";50;0;0;0;0;;;;0;1;1;0;0;;;;2;2
"054031";"Monteleone di Spoleto";51;2;3;2;0;;;;7;0;3;0;0;;;;3;10
"054031";"Monteleone di Spoleto";52;1;4;0;0;;;;5;0;4;1;0;;;;5;10
"054031";"Monteleone di Spoleto";53;1;3;0;0;;;;4;2;5;0;0;;;;7;11
"054031";"Monteleone di Spoleto";54;0;6;0;1;;;;7;1;0;0;0;;;;1;8
"054031";"Monteleone di Spoleto";55;1;2;0;0;;;;3;0;2;0;0;;;;2;5
"054031";"Monteleone di Spoleto";56;0;4;0;0;;;;4;0;6;1;0;;;;7;11
"054031";"Monteleone di Spoleto";57;2;2;2;0;;;;6;0;4;0;0;;;;4;10
"054031";"Monteleone di Spoleto";58;1;2;1;0;;;;4;0;6;0;0;;;;6;10
"054031";"Monteleone di Spoleto";59;0;6;0;0;;;;6;0;6;0;0;;;;6;12
"054031";"Monteleone di Spoleto";60;0;4;0;0;;;;4;1;3;0;1;;;;5;9
"054031";"Monteleone di Spoleto";61;0;9;0;1;;;;10;0;4;0;0;;;;4;14
"054031";"Monteleone di Spoleto";62;0;7;1;0;;;;8;0;3;0;1;;;;4;12
"054031";"Monteleone di Spoleto";63;0;6;0;0;;;;6;0;5;0;0;;;;5;11
"054031";"Monteleone di Spoleto";64;0;3;0;0;;;;3;1;2;0;0;;;;3;6
"054031";"Monteleone di Spoleto";65;0;3;0;0;;;;3;1;3;0;1;;;;5;8
"054031";"Monteleone di Spoleto";66;2;6;1;0;;;;9;0;5;1;1;;;;7;16
"054031";"Monteleone di Spoleto";67;0;8;1;0;;;;9;0;6;0;2;;;;8;17
"054031";"Monteleone di Spoleto";68;1;1;0;0;;;;2;0;3;1;1;;;;5;7
"054031";"Monteleone di Spoleto";69;2;5;0;0;;;;7;0;5;0;1;;;;6;13
"054031";"Monteleone di Spoleto";70;0;4;0;0;;;;4;0;2;0;0;;;;2;6
"054031";"Monteleone di Spoleto";71;0;4;0;0;;;;4;0;4;0;0;;;;4;8
"054031";"Monteleone di Spoleto";72;1;6;0;0;;;;7;0;2;0;1;;;;3;10
"054031";"Monteleone di Spoleto";73;0;2;0;0;;;;2;1;3;1;4;;;;9;11
"054031";"Monteleone di Spoleto";74;0;2;0;0;;;;2;0;0;0;0;;;;0;2
"054031";"Monteleone di Spoleto";75;1;2;0;0;;;;3;0;2;0;1;;;;3;6
"054031";"Monteleone di Spoleto";76;0;5;0;0;;;;5;1;2;0;1;;;;4;9
"054031";"Monteleone di Spoleto";77;0;3;0;0;;;;3;0;2;0;1;;;;3;6
"054031";"Monteleone di Spoleto";78;1;2;0;0;;;;3;0;1;0;2;;;;3;6
"054031";"Monteleone di Spoleto";79;1;1;0;0;;;;2;1;1;0;1;;;;3;5
"054031";"Monteleone di Spoleto";80;0;0;0;0;;;;0;0;2;0;0;;;;2;2
"054031";"Monteleone di Spoleto";81;1;3;0;1;;;;5;0;2;0;1;;;;3;8
"054031";"Monteleone di Spoleto";82;0;1;0;0;;;;1;0;0;0;1;;;;1;2
"054031";"Monteleone di Spoleto";83;1;2;0;0;;;;3;0;2;0;2;;;;4;7
"054031";"Monteleone di Spoleto";84;0;1;0;1;;;;2;0;0;0;2;;;;2;4
"054031";"Monteleone di Spoleto";85;0;2;0;0;;;;2;0;0;0;2;;;;2;4
"054031";"Monteleone di Spoleto";86;0;0;0;0;;;;0;0;0;0;1;;;;1;1
"054031";"Monteleone di Spoleto";87;0;0;0;0;;;;0;1;0;0;1;;;;2;2
"054031";"Monteleone di Spoleto";88;0;0;0;0;;;;0;0;0;0;3;;;;3;3
"054031";"Monteleone di Spoleto";89;0;0;0;0;;;;0;0;0;0;2;;;;2;2
"054031";"Monteleone di Spoleto";90;0;2;0;1;;;;3;0;0;0;1;;;;1;4
"054031";"Monteleone di Spoleto";91;0;0;0;0;;;;0;0;2;0;0;;;;2;2
"054031";"Monteleone di Spoleto";92;0;0;0;1;;;;1;0;0;0;3;;;;3;4
"054031";"Monteleone di Spoleto";93;0;1;0;0;;;;1;0;0;0;0;;;;0;1
"054031";"Monteleone di Spoleto";94;0;0;0;0;;;;0;0;0;0;1;;;;1;1
"054031";"Monteleone di Spoleto";95;0;0;0;0;;;;0;0;0;0;0;;;;0;0
"054031";"Monteleone di Spoleto";96;0;0;0;0;;;;0;0;0;0;0;;;;0;0
"054031";"Monteleone di Spoleto";97;0;0;0;0;;;;0;0;0;0;0;;;;0;0
"054031";"Monteleone di Spoleto";98;0;0;0;0;;;;0;0;0;0;1;;;;1;1
"054031";"Monteleone di Spoleto";99;0;0;0;0;;;;0;0;0;0;0;;;;0;0
"054031";"Monteleone di Spoleto";100;0;0;0;0;;;;0;0;0;0;0;;;;0;0
"054031";"Monteleone di Spoleto";999;126;138;9;6;;;;279;98;127;7;41;;;;273;552
"054032";"Monte Santa Maria Tiberina";0;0;0;0;0;;;;0;3;0;0;0;;;;3;3
"054032";"Monte Santa Maria Tiberina";1;3;0;0;0;;;;3;4;0;0;0;;;;4;7
"054032";"Monte Santa Maria Tiberina";2;2;0;0;0;;;;2;2;0;0;0;;;;2;4
"054032";"Monte Santa Maria Tiberina";3;5;0;0;0;;;;5;6;0;0;0;;;;6;11
"054032";"Monte Santa Maria Tiberina";4;1;0;0;0;;;;1;5;0;0;0;;;;5;6
"054032";"Monte Santa Maria Tiberina";5;4;0;0;0;;;;4;5;0;0;0;;;;5;9
"054032";"Monte Santa Maria Tiberina";6;1;0;0;0;;;;1;9;0;0;0;;;;9;10
"054032";"Monte Santa Maria Tiberina";7;2;0;0;0;;;;2;5;0;0;0;;;;5;7
"054032";"Monte Santa Maria Tiberina";8;2;0;0;0;;;;2;3;0;0;0;;;;3;5
"054032";"Monte Santa Maria Tiberina";9;6;0;0;0;;;;6;1;0;0;0;;;;1;7
"054032";"Monte Santa Maria Tiberina";10;4;0;0;0;;;;4;4;0;0;0;;;;4;8
"054032";"Monte Santa Maria Tiberina";11;4;0;0;0;;;;4;8;0;0;0;;;;8;12
"054032";"Monte Santa Maria Tiberina";12;3;0;0;0;;;;3;5;0;0;0;;;;5;8
"054032";"Monte Santa Maria Tiberina";13;7;0;0;0;;;;7;3;0;0;0;;;;3;10
"054032";"Monte Santa Maria Tiberina";14;2;0;0;0;;;;2;3;0;0;0;;;;3;5
"054032";"Monte Santa Maria Tiberina";15;4;0;0;0;;;;4;6;0;0;0;;;;6;10
"054032";"Monte Santa Maria Tiberina";16;5;0;0;0;;;;5;5;0;0;0;;;;5;10
"054032";"Monte Santa Maria Tiberina";17;8;0;0;0;;;;8;4;0;0;0;;;;4;12
"054032";"Monte Santa Maria Tiberina";18;6;0;0;0;;;;6;6;0;0;0;;;;6;12
"054032";"Monte Santa Maria Tiberina";19;5;0;0;0;;;;5;2;0;0;0;;;;2;7
"054032";"Monte Santa Maria Tiberina";20;3;0;0;0;;;;3;3;0;0;0;;;;3;6
"054032";"Monte Santa Maria Tiberina";21;4;0;0;0;;;;4;3;0;0;0;;;;3;7
"054032";"Monte Santa Maria Tiberina";22;5;0;0;0;;;;5;0;0;0;0;;;;0;5
"054032";"Monte Santa Maria Tiberina";23;3;0;0;0;;;;3;3;0;0;0;;;;3;6
"054032";"Monte Santa Maria Tiberina";24;4;0;0;0;;;;4;9;0;0;0;;;;9;13
"054032";"Monte Santa Maria Tiberina";25;6;0;0;0;;;;6;5;0;0;0;;;;5;11
"054032";"Monte Santa Maria Tiberina";26;2;0;0;0;;;;2;2;1;0;0;;;;3;5
"054032";"Monte Santa Maria Tiberina";27;5;0;0;0;;;;5;6;0;0;0;;;;6;11
"054032";"Monte Santa Maria Tiberina";28;6;0;0;0;;;;6;2;0;0;0;;;;2;8
"054032";"Monte Santa Maria Tiberina";29;8;0;0;0;;;;8;4;0;0;0;;;;4;12
"054032";"Monte Santa Maria Tiberina";30;10;1;0;0;;;;11;2;0;0;0;;;;2;13
"054032";"Monte Santa Maria Tiberina";31;4;0;0;0;;;;4;0;4;0;0;;;;4;8
"054032";"Monte Santa Maria Tiberina";32;4;1;0;0;;;;5;0;2;0;0;;;;2;7
"054032";"Monte Santa Maria Tiberina";33;3;0;0;0;;;;3;0;0;0;0;;;;0;3
"054032";"Monte Santa Maria Tiberina";34;3;1;0;0;;;;4;5;2;0;0;;;;7;11
"054032";"Monte Santa Maria Tiberina";35;6;2;0;0;;;;8;3;5;0;0;;;;8;16
"054032";"Monte Santa Maria Tiberina";36;5;2;0;0;;;;7;2;5;0;0;;;;7;14
"054032";"Monte Santa Maria Tiberina";37;2;5;0;0;;;;7;0;2;0;0;;;;2;9
"054032";"Monte Santa Maria Tiberina";38;4;3;0;0;;;;7;2;3;0;0;;;;5;12
"054032";"Monte Santa Maria Tiberina";39;4;0;0;0;;;;4;3;3;2;0;;;;8;12
"054032";"Monte Santa Maria Tiberina";40;1;4;0;0;;;;5;5;7;0;0;;;;12;17
"054032";"Monte Santa Maria Tiberina";41;0;4;0;0;;;;4;1;6;1;0;;;;8;12
"054032";"Monte Santa Maria Tiberina";42;5;5;1;0;;;;11;1;3;0;0;;;;4;15
"054032";"Monte Santa Maria Tiberina";43;0;3;0;0;;;;3;0;7;0;0;;;;7;10
"054032";"Monte Santa Maria Tiberina";44;0;3;0;0;;;;3;3;5;0;0;;;;8;11
"054032";"Monte Santa Maria Tiberina";45;1;3;0;0;;;;4;2;4;0;0;;;;6;10
"054032";"Monte Santa Maria Tiberina";46;2;4;0;0;;;;6;1;3;0;0;;;;4;10
"054032";"Monte Santa Maria Tiberina";47;3;4;0;0;;;;7;4;4;0;0;;;;8;15
"054032";"Monte Santa Maria Tiberina";48;2;5;0;0;;;;7;3;4;0;0;;;;7;14
"054032";"Monte Santa Maria Tiberina";49;6;7;0;0;;;;13;2;9;0;0;;;;11;24
"054032";"Monte Santa Maria Tiberina";50;1;5;1;0;;;;7;2;7;0;0;;;;9;16
"054032";"Monte Santa Maria Tiberina";51;5;4;0;0;;;;9;2;5;0;1;;;;8;17
"054032";"Monte Santa Maria Tiberina";52;1;5;0;0;;;;6;0;16;1;1;;;;18;24
"054032";"Monte Santa Maria Tiberina";53;2;7;0;0;;;;9;1;6;1;0;;;;8;17
"054032";"Monte Santa Maria Tiberina";54;3;6;1;0;;;;10;0;6;0;2;;;;8;18
"054032";"Monte Santa Maria Tiberina";55;4;4;0;0;;;;8;3;7;0;0;;;;10;18
"054032";"Monte Santa Maria Tiberina";56;2;5;0;0;;;;7;0;2;0;0;;;;2;9
"054032";"Monte Santa Maria Tiberina";57;3;7;1;0;;;;11;0;6;1;0;;;;7;18
"054032";"Monte Santa Maria Tiberina";58;5;12;3;0;;;;20;0;5;0;0;;;;5;25
"054032";"Monte Santa Maria Tiberina";59;1;6;0;2;;;;9;2;6;0;0;;;;8;17
"054032";"Monte Santa Maria Tiberina";60;2;7;0;0;;;;9;1;9;0;2;;;;12;21
"054032";"Monte Santa Maria Tiberina";61;3;12;1;0;;;;16;1;13;0;0;;;;14;30
"054032";"Monte Santa Maria Tiberina";62;1;6;0;0;;;;7;1;10;0;0;;;;11;18
"054032";"Monte Santa Maria Tiberina";63;0;7;0;0;;;;7;1;7;1;0;;;;9;16
"054032";"Monte Santa Maria Tiberina";64;2;7;1;0;;;;10;1;6;2;0;;;;9;19
"054032";"Monte Santa Maria Tiberina";65;0;5;0;1;;;;6;0;7;2;2;;;;11;17
"054032";"Monte Santa Maria Tiberina";66;2;8;0;1;;;;11;0;6;0;0;;;;6;17
"054032";"Monte Santa Maria Tiberina";67;0;14;0;1;;;;15;0;7;1;1;;;;9;24
"054032";"Monte Santa Maria Tiberina";68;0;9;1;0;;;;10;1;6;1;2;;;;10;20
"054032";"Monte Santa Maria Tiberina";69;1;9;0;1;;;;11;1;6;0;3;;;;10;21
"054032";"Monte Santa Maria Tiberina";70;0;7;0;0;;;;7;1;2;0;3;;;;6;13
"054032";"Monte Santa Maria Tiberina";71;1;5;0;0;;;;6;0;4;0;2;;;;6;12
"054032";"Monte Santa Maria Tiberina";72;2;4;0;0;;;;6;1;1;0;1;;;;3;9
"054032";"Monte Santa Maria Tiberina";73;2;4;0;0;;;;6;0;4;0;2;;;;6;12
"054032";"Monte Santa Maria Tiberina";74;1;4;0;0;;;;5;1;6;0;2;;;;9;14
"054032";"Monte Santa Maria Tiberina";75;2;2;0;1;;;;5;0;5;1;4;;;;10;15
"054032";"Monte Santa Maria Tiberina";76;0;2;0;2;;;;4;0;4;0;2;;;;6;10
"054032";"Monte Santa Maria Tiberina";77;0;2;0;1;;;;3;0;1;0;4;;;;5;8
"054032";"Monte Santa Maria Tiberina";78;2;7;0;0;;;;9;0;1;0;0;;;;1;10
"054032";"Monte Santa Maria Tiberina";79;3;3;1;2;;;;9;0;3;0;2;;;;5;14
"054032";"Monte Santa Maria Tiberina";80;0;3;0;0;;;;3;0;2;0;6;;;;8;11
"054032";"Monte Santa Maria Tiberina";81;1;4;0;1;;;;6;0;1;0;2;;;;3;9
"054032";"Monte Santa Maria Tiberina";82;2;5;0;2;;;;9;0;0;0;0;;;;0;9
"054032";"Monte Santa Maria Tiberina";83;0;0;0;1;;;;1;0;2;0;1;;;;3;4
"054032";"Monte Santa Maria Tiberina";84;0;1;0;1;;;;2;0;2;0;7;;;;9;11
"054032";"Monte Santa Maria Tiberina";85;1;2;0;2;;;;5;0;2;0;3;;;;5;10
"054032";"Monte Santa Maria Tiberina";86;0;0;0;1;;;;1;0;0;1;3;;;;4;5
"054032";"Monte Santa Maria Tiberina";87;1;2;0;0;;;;3;0;2;0;1;;;;3;6
"054032";"Monte Santa Maria Tiberina";88;0;1;0;0;;;;1;0;0;0;1;;;;1;2
"054032";"Monte Santa Maria Tiberina";89;0;1;0;0;;;;1;0;0;0;2;;;;2;3
"054032";"Monte Santa Maria Tiberina";90;0;1;0;1;;;;2;0;0;0;4;;;;4;6
"054032";"Monte Santa Maria Tiberina";91;0;0;0;0;;;;0;0;0;0;2;;;;2;2
"054032";"Monte Santa Maria Tiberina";92;0;2;0;1;;;;3;0;0;0;1;;;;1;4
"054032";"Monte Santa Maria Tiberina";93;0;1;0;0;;;;1;0;0;0;4;;;;4;5
"054032";"Monte Santa Maria Tiberina";94;0;0;0;0;;;;0;0;0;0;2;;;;2;2
"054032";"Monte Santa Maria Tiberina";95;0;0;0;0;;;;0;0;0;0;1;;;;1;1
"054032";"Monte Santa Maria Tiberina";96;0;0;0;1;;;;1;0;0;0;0;;;;0;1
"054032";"Monte Santa Maria Tiberina";97;0;0;0;1;;;;1;0;0;0;1;;;;1;2
"054032";"Monte Santa Maria Tiberina";98;0;0;0;0;;;;0;0;0;0;1;;;;1;1
"054032";"Monte Santa Maria Tiberina";99;0;0;0;0;;;;0;0;0;0;0;;;;0;0
"054032";"Monte Santa Maria Tiberina";100;0;0;0;0;;;;0;0;0;0;1;;;;1;1
"054032";"Monte Santa Maria Tiberina";999;241;265;11;24;;;;541;185;264;15;79;;;;543;1084
"054033";"Montone";0;2;0;0;0;;;;2;6;0;0;0;;;;6;8
"054033";"Montone";1;7;0;0;0;;;;7;5;0;0;0;;;;5;12
"054033";"Montone";2;7;0;0;0;;;;7;4;0;0;0;;;;4;11
"054033";"Montone";3;5;0;0;0;;;;5;5;0;0;0;;;;5;10
"054033";"Montone";4;6;0;0;0;;;;6;3;0;0;0;;;;3;9
"054033";"Montone";5;6;0;0;0;;;;6;2;0;0;0;;;;2;8
"054033";"Montone";6;3;0;0;0;;;;3;3;0;0;0;;;;3;6
"054033";"Montone";7;4;0;0;0;;;;4;5;0;0;0;;;;5;9
"054033";"Montone";8;3;0;0;0;;;;3;4;0;0;0;;;;4;7
"054033";"Montone";9;6;0;0;0;;;;6;14;0;0;0;;;;14;20
"054033";"Montone";10;4;0;0;0;;;;4;3;0;0;0;;;;3;7
"054033";"Montone";11;6;0;0;0;;;;6;5;0;0;0;;;;5;11
"054033";"Montone";12;7;0;0;0;;;;7;5;0;0;0;;;;5;12
"054033";"Montone";13;6;0;0;0;;;;6;14;0;0;0;;;;14;20
"054033";"Montone";14;2;0;0;0;;;;2;8;0;0;0;;;;8;10
"054033";"Montone";15;19;0;0;0;;;;19;5;0;0;0;;;;5;24
"054033";"Montone";16;8;0;0;0;;;;8;7;0;0;0;;;;7;15
"054033";"Montone";17;7;0;0;0;;;;7;7;0;0;0;;;;7;14
"054033";"Montone";18;4;0;0;0;;;;4;4;0;0;0;;;;4;8
"054033";"Montone";19;11;0;0;0;;;;11;11;0;0;0;;;;11;22
"054033";"Montone";20;9;0;0;0;;;;9;7;0;0;0;;;;7;16
"054033";"Montone";21;7;0;0;0;;;;7;7;0;0;0;;;;7;14
"054033";"Montone";22;8;0;0;0;;;;8;6;1;0;0;;;;7;15
"054033";"Montone";23;8;0;0;0;;;;8;4;0;0;0;;;;4;12
"054033";"Montone";24;4;0;0;0;;;;4;6;0;0;0;;;;6;10
"054033";"Montone";25;7;0;0;0;;;;7;6;1;0;0;;;;7;14
"054033";"Montone";26;8;1;0;0;;;;9;7;0;0;0;;;;7;16
"054033";"Montone";27;6;0;0;0;;;;6;4;1;0;0;;;;5;11
"054033";"Montone";28;6;0;0;0;;;;6;3;0;0;0;;;;3;9
"054033";"Montone";29;13;0;0;0;;;;13;6;1;0;0;;;;7;20
"054033";"Montone";30;6;0;0;0;;;;6;7;0;0;0;;;;7;13
"054033";"Montone";31;3;1;0;0;;;;4;7;2;0;0;;;;9;13
"054033";"Montone";32;3;1;0;0;;;;4;4;2;0;0;;;;6;10
"054033";"Montone";33;9;2;0;0;;;;11;5;0;0;0;;;;5;16
"054033";"Montone";34;8;0;0;0;;;;8;2;3;0;0;;;;5;13
"054033";"Montone";35;5;2;0;0;;;;7;6;1;1;0;;;;8;15
"054033";"Montone";36;4;2;0;0;;;;6;6;4;0;0;;;;10;16
"054033";"Montone";37;4;4;0;0;;;;8;2;8;0;0;;;;10;18
"054033";"Montone";38;4;3;0;0;;;;7;8;6;2;0;;;;16;23
"054033";"Montone";39;9;7;0;0;;;;16;3;5;0;0;;;;8;24
"054033";"Montone";40;4;4;0;0;;;;8;5;1;0;0;;;;6;14
"054033";"Montone";41;3;0;0;0;;;;3;4;3;0;0;;;;7;10
"054033";"Montone";42;1;7;2;0;;;;10;2;5;0;0;;;;7;17
"054033";"Montone";43;6;4;0;0;;;;10;3;2;1;0;;;;6;16
"054033";"Montone";44;3;4;0;0;;;;7;3;8;0;0;;;;11;18
"054033";"Montone";45;2;7;2;0;;;;11;1;4;0;0;;;;5;16
"054033";"Montone";46;3;7;0;0;;;;10;2;12;1;0;;;;15;25
"054033";"Montone";47;1;5;0;0;;;;6;5;12;1;0;;;;18;24
"054033";"Montone";48;4;5;0;0;;;;9;3;5;1;0;;;;9;18
"054033";"Montone";49;2;7;1;0;;;;10;5;8;1;0;;;;14;24
"054033";"Montone";50;5;9;0;1;;;;15;2;6;0;0;;;;8;23
"054033";"Montone";51;1;6;0;0;;;;7;2;8;0;0;;;;10;17
"054033";"Montone";52;3;10;1;0;;;;14;0;7;1;0;;;;8;22
"054033";"Montone";53;3;12;2;0;;;;17;1;10;1;0;;;;12;29
"054033";"Montone";54;4;14;4;0;;;;22;2;18;0;0;;;;20;42
"054033";"Montone";55;3;8;0;1;;;;12;1;9;1;1;;;;12;24
"054033";"Montone";56;3;11;0;0;;;;14;1;11;3;0;;;;15;29
"054033";"Montone";57;3;12;0;0;;;;15;0;7;0;0;;;;7;22
"054033";"Montone";58;1;5;0;0;;;;6;4;9;0;0;;;;13;19
"054033";"Montone";59;3;11;0;1;;;;15;1;12;2;0;;;;15;30
"054033";"Montone";60;6;8;0;0;;;;14;0;9;0;0;;;;9;23
"054033";"Montone";61;1;10;1;0;;;;12;4;5;0;2;;;;11;23
"054033";"Montone";62;0;8;0;0;;;;8;3;10;2;1;;;;16;24
"054033";"Montone";63;3;8;1;0;;;;12;0;12;0;2;;;;14;26
"054033";"Montone";64;3;6;1;0;;;;10;2;7;0;2;;;;11;21
"054033";"Montone";65;0;6;2;0;;;;8;0;7;0;0;;;;7;15
"054033";"Montone";66;3;10;0;0;;;;13;1;8;1;2;;;;12;25
"054033";"Montone";67;0;9;1;0;;;;10;2;12;0;4;;;;18;28
"054033";"Montone";68;0;5;2;2;;;;9;1;3;3;2;;;;9;18
"054033";"Montone";69;3;11;1;0;;;;15;3;12;0;0;;;;15;30
"054033";"Montone";70;3;7;0;1;;;;11;3;9;0;1;;;;13;24
"054033";"Montone";71;0;9;0;0;;;;9;0;9;1;1;;;;11;20
"054033";"Montone";72;0;8;1;1;;;;10;0;8;0;0;;;;8;18
"054033";"Montone";73;1;8;1;0;;;;10;0;6;1;1;;;;8;18
"054033";"Montone";74;0;10;0;1;;;;11;1;11;0;2;;;;14;25
"054033";"Montone";75;1;7;0;0;;;;8;0;3;0;4;;;;7;15
"054033";"Montone";76;2;11;2;1;;;;16;2;3;0;5;;;;10;26
"054033";"Montone";77;0;8;0;0;;;;8;0;3;0;2;;;;5;13
"054033";"Montone";78;1;6;0;0;;;;7;0;2;0;2;;;;4;11
"054033";"Montone";79;0;6;0;2;;;;8;0;4;0;5;;;;9;17
"054033";"Montone";80;2;5;0;0;;;;7;0;4;0;3;;;;7;14
"054033";"Montone";81;0;3;0;0;;;;3;0;2;1;2;;;;5;8
"054033";"Montone";82;0;2;0;1;;;;3;1;5;1;4;;;;11;14
"054033";"Montone";83;2;3;0;0;;;;5;0;1;0;3;;;;4;9
"054033";"Montone";84;1;5;0;1;;;;7;1;2;0;6;;;;9;16
"054033";"Montone";85;0;4;0;1;;;;5;0;1;0;8;;;;9;14
"054033";"Montone";86;1;2;0;0;;;;3;0;3;0;8;;;;11;14
"054033";"Montone";87;1;2;0;1;;;;4;0;0;0;3;;;;3;7
"054033";"Montone";88;0;0;0;1;;;;1;2;1;1;8;;;;12;13
"054033";"Montone";89;0;0;0;1;;;;1;0;0;0;7;;;;7;8
"054033";"Montone";90;0;1;0;1;;;;2;0;0;0;4;;;;4;6
"054033";"Montone";91;0;3;0;0;;;;3;0;0;0;2;;;;2;5
"054033";"Montone";92;0;0;0;0;;;;0;0;1;0;2;;;;3;3
"054033";"Montone";93;0;0;0;0;;;;0;0;0;0;1;;;;1;1
"054033";"Montone";94;0;0;0;0;;;;0;0;0;1;4;;;;5;5
"054033";"Montone";95;0;0;0;0;;;;0;0;0;0;0;;;;0;0
"054033";"Montone";96;0;0;0;1;;;;1;0;0;0;1;;;;1;2
"054033";"Montone";97;0;0;0;0;;;;0;0;0;0;0;;;;0;0
"054033";"Montone";98;0;0;0;0;;;;0;0;0;0;0;;;;0;0
"054033";"Montone";99;0;0;0;0;;;;0;0;0;0;1;;;;1;1
"054033";"Montone";100;0;0;0;0;;;;0;0;0;0;1;;;;1;1
"054033";"Montone";999;346;362;25;19;;;;752;299;355;28;107;;;;789;1541
"054034";"Nocera Umbra";0;17;0;0;0;;;;17;9;0;0;0;;;;9;26
"054034";"Nocera Umbra";1;14;0;0;0;;;;14;11;0;0;0;;;;11;25
"054034";"Nocera Umbra";2;12;0;0;0;;;;12;10;0;0;0;;;;10;22
"054034";"Nocera Umbra";3;17;0;0;0;;;;17;15;0;0;0;;;;15;32
"054034";"Nocera Umbra";4;28;0;0;0;;;;28;14;0;0;0;;;;14;42
"054034";"Nocera Umbra";5;10;0;0;0;;;;10;14;0;0;0;;;;14;24
"054034";"Nocera Umbra";6;22;0;0;0;;;;22;14;0;0;0;;;;14;36
"054034";"Nocera Umbra";7;26;0;0;0;;;;26;15;0;0;0;;;;15;41
"054034";"Nocera Umbra";8;17;0;0;0;;;;17;19;0;0;0;;;;19;36
"054034";"Nocera Umbra";9;18;0;0;0;;;;18;23;0;0;0;;;;23;41
"054034";"Nocera Umbra";10;18;0;0;0;;;;18;21;0;0;0;;;;21;39
"054034";"Nocera Umbra";11;20;0;0;0;;;;20;18;0;0;0;;;;18;38
"054034";"Nocera Umbra";12;20;0;0;0;;;;20;28;0;0;0;;;;28;48
"054034";"Nocera Umbra";13;22;0;0;0;;;;22;18;0;0;0;;;;18;40
"054034";"Nocera Umbra";14;22;0;0;0;;;;22;23;0;0;0;;;;23;45
"054034";"Nocera Umbra";15;38;0;0;0;;;;38;27;0;0;0;;;;27;65
"054034";"Nocera Umbra";16;27;0;0;0;;;;27;25;0;0;0;;;;25;52
"054034";"Nocera Umbra";17;23;0;0;0;;;;23;24;0;0;0;;;;24;47
"054034";"Nocera Umbra";18;26;0;0;0;;;;26;20;0;0;0;;;;20;46
"054034";"Nocera Umbra";19;33;0;0;0;;;;33;30;0;0;0;;;;30;63
"054034";"Nocera Umbra";20;30;0;0;0;;;;30;19;0;0;0;;;;19;49
"054034";"Nocera Umbra";21;24;0;0;0;;;;24;21;1;0;0;;;;22;46
"054034";"Nocera Umbra";22;22;0;0;0;;;;22;21;1;0;0;;;;22;44
"054034";"Nocera Umbra";23;29;0;0;0;;;;29;19;1;0;0;;;;20;49
"054034";"Nocera Umbra";24;21;0;0;0;;;;21;21;0;0;0;;;;21;42
"054034";"Nocera Umbra";25;23;0;0;0;;;;23;20;0;0;0;;;;20;43
"054034";"Nocera Umbra";26;27;0;0;0;;;;27;17;2;0;0;;;;19;46
"054034";"Nocera Umbra";27;21;0;0;0;;;;21;14;1;0;0;;;;15;36
"054034";"Nocera Umbra";28;17;0;0;0;;;;17;25;1;0;0;;;;26;43
"054034";"Nocera Umbra";29;18;0;0;0;;;;18;10;4;0;0;;;;14;32
"054034";"Nocera Umbra";30;27;1;0;0;;;;28;21;4;0;0;;;;25;53
"054034";"Nocera Umbra";31;22;4;0;0;;;;26;16;8;0;0;;;;24;50
"054034";"Nocera Umbra";32;19;4;0;0;;;;23;14;4;0;0;;;;18;41
"054034";"Nocera Umbra";33;13;3;0;0;;;;16;26;10;0;0;;;;36;52
"054034";"Nocera Umbra";34;26;5;0;0;;;;31;14;8;0;0;;;;22;53
"054034";"Nocera Umbra";35;22;2;1;0;;;;25;18;13;0;0;;;;31;56
"054034";"Nocera Umbra";36;19;6;0;0;;;;25;19;13;0;0;;;;32;57
"054034";"Nocera Umbra";37;19;10;1;0;;;;30;17;7;1;0;;;;25;55
"054034";"Nocera Umbra";38;25;7;0;0;;;;32;15;21;2;0;;;;38;70
"054034";"Nocera Umbra";39;25;12;0;0;;;;37;17;13;0;0;;;;30;67
"054034";"Nocera Umbra";40;21;12;0;0;;;;33;15;9;0;1;;;;25;58
"054034";"Nocera Umbra";41;22;14;0;0;;;;36;17;16;2;0;;;;35;71
"054034";"Nocera Umbra";42;20;15;2;0;;;;37;11;19;2;0;;;;32;69
"054034";"Nocera Umbra";43;14;13;1;0;;;;28;12;17;1;0;;;;30;58
"054034";"Nocera Umbra";44;21;11;2;0;;;;34;4;28;1;0;;;;33;67
"054034";"Nocera Umbra";45;14;19;2;0;;;;35;13;21;6;0;;;;40;75
"054034";"Nocera Umbra";46;14;20;0;0;;;;34;10;34;2;0;;;;46;80
"054034";"Nocera Umbra";47;14;29;5;0;;;;48;9;30;0;0;;;;39;87
"054034";"Nocera Umbra";48;17;27;4;0;;;;48;12;24;3;1;;;;40;88
"054034";"Nocera Umbra";49;15;21;3;0;;;;39;11;29;3;0;;;;43;82
"054034";"Nocera Umbra";50;15;28;1;0;;;;44;12;32;5;0;;;;49;93
"054034";"Nocera Umbra";51;19;32;3;0;;;;54;13;38;2;1;;;;54;108
"054034";"Nocera Umbra";52;17;21;1;0;;;;39;6;33;1;1;;;;41;80
"054034";"Nocera Umbra";53;14;28;6;0;;;;48;6;37;4;1;;;;48;96
"054034";"Nocera Umbra";54;7;25;0;0;;;;32;5;25;5;0;;;;35;67
"054034";"Nocera Umbra";55;5;24;4;0;;;;33;6;33;6;1;;;;46;79
"054034";"Nocera Umbra";56;10;49;7;0;;;;66;3;39;1;2;;;;45;111
"054034";"Nocera Umbra";57;11;30;4;1;;;;46;2;37;4;1;;;;44;90
"054034";"Nocera Umbra";58;6;34;3;0;;;;43;6;31;7;7;;;;51;94
"054034";"Nocera Umbra";59;10;33;0;0;;;;43;7;31;6;0;;;;44;87
"054034";"Nocera Umbra";60;7;29;3;1;;;;40;3;32;1;5;;;;41;81
"054034";"Nocera Umbra";61;8;31;3;1;;;;43;5;26;4;1;;;;36;79
"054034";"Nocera Umbra";62;2;37;6;0;;;;45;3;36;2;2;;;;43;88
"054034";"Nocera Umbra";63;4;29;5;1;;;;39;7;34;8;9;;;;58;97
"054034";"Nocera Umbra";64;6;36;5;1;;;;48;2;30;3;4;;;;39;87
"054034";"Nocera Umbra";65;5;30;0;0;;;;35;3;29;2;4;;;;38;73
"054034";"Nocera Umbra";66;3;26;0;1;;;;30;1;19;3;5;;;;28;58
"054034";"Nocera Umbra";67;2;29;2;1;;;;34;3;27;2;8;;;;40;74
"054034";"Nocera Umbra";68;3;33;1;2;;;;39;4;30;0;4;;;;38;77
"054034";"Nocera Umbra";69;4;33;3;2;;;;42;3;32;1;7;;;;43;85
"054034";"Nocera Umbra";70;3;40;3;5;;;;51;0;26;0;10;;;;36;87
"054034";"Nocera Umbra";71;6;24;0;2;;;;32;1;22;4;8;;;;35;67
"054034";"Nocera Umbra";72;4;27;4;0;;;;35;0;16;1;11;;;;28;63
"054034";"Nocera Umbra";73;8;27;1;3;;;;39;3;23;2;5;;;;33;72
"054034";"Nocera Umbra";74;3;23;0;0;;;;26;3;24;2;9;;;;38;64
"054034";"Nocera Umbra";75;6;25;1;5;;;;37;0;33;1;8;;;;42;79
"054034";"Nocera Umbra";76;4;34;0;1;;;;39;2;28;1;11;;;;42;81
"054034";"Nocera Umbra";77;4;27;2;2;;;;35;0;21;1;22;;;;44;79
"054034";"Nocera Umbra";78;1;20;0;3;;;;24;0;10;0;7;;;;17;41
"054034";"Nocera Umbra";79;2;18;1;5;;;;26;1;14;0;17;;;;32;58
"054034";"Nocera Umbra";80;2;25;0;5;;;;32;0;17;1;20;;;;38;70
"054034";"Nocera Umbra";81;4;14;1;7;;;;26;1;7;0;13;;;;21;47
"054034";"Nocera Umbra";82;7;25;2;0;;;;34;2;14;1;15;;;;32;66
"054034";"Nocera Umbra";83;4;12;1;2;;;;19;0;10;0;18;;;;28;47
"054034";"Nocera Umbra";84;2;13;0;5;;;;20;0;13;0;15;;;;28;48
"054034";"Nocera Umbra";85;1;10;1;4;;;;16;0;7;0;17;;;;24;40
"054034";"Nocera Umbra";86;0;17;0;2;;;;19;0;12;1;11;;;;24;43
"054034";"Nocera Umbra";87;1;10;1;2;;;;14;0;5;0;14;;;;19;33
"054034";"Nocera Umbra";88;4;14;0;1;;;;19;1;4;0;12;;;;17;36
"054034";"Nocera Umbra";89;2;11;0;3;;;;16;0;3;0;24;;;;27;43
"054034";"Nocera Umbra";90;1;5;0;4;;;;10;1;1;0;18;;;;20;30
"054034";"Nocera Umbra";91;1;3;0;1;;;;5;0;2;0;8;;;;10;15
"054034";"Nocera Umbra";92;1;2;0;2;;;;5;0;2;0;14;;;;16;21
"054034";"Nocera Umbra";93;2;5;0;3;;;;10;0;1;0;11;;;;12;22
"054034";"Nocera Umbra";94;0;2;0;1;;;;3;0;0;0;13;;;;13;16
"054034";"Nocera Umbra";95;0;1;0;1;;;;2;1;0;0;5;;;;6;8
"054034";"Nocera Umbra";96;0;0;0;0;;;;0;1;0;0;5;;;;6;6
"054034";"Nocera Umbra";97;0;0;0;1;;;;1;0;0;0;6;;;;6;7
"054034";"Nocera Umbra";98;0;0;0;0;;;;0;0;1;0;2;;;;3;3
"054034";"Nocera Umbra";99;0;0;0;1;;;;1;0;0;0;2;;;;2;3
"054034";"Nocera Umbra";100;0;0;0;0;;;;0;0;0;0;4;;;;4;4
"054034";"Nocera Umbra";999;1282;1286;96;82;;;;2746;973;1286;105;420;;;;2784;5530
"054035";"Norcia";0;10;0;0;0;;;;10;16;0;0;0;;;;16;26
"054035";"Norcia";1;19;0;0;0;;;;19;15;0;0;0;;;;15;34
"054035";"Norcia";2;16;0;0;0;;;;16;14;0;0;0;;;;14;30
"054035";"Norcia";3;16;0;0;0;;;;16;13;0;0;0;;;;13;29
"054035";"Norcia";4;25;0;0;0;;;;25;17;0;0;0;;;;17;42
"054035";"Norcia";5;30;0;0;0;;;;30;11;0;0;0;;;;11;41
"054035";"Norcia";6;13;0;0;0;;;;13;14;0;0;0;;;;14;27
"054035";"Norcia";7;24;0;0;0;;;;24;19;0;0;0;;;;19;43
"054035";"Norcia";8;11;0;0;0;;;;11;17;0;0;0;;;;17;28
"054035";"Norcia";9;24;0;0;0;;;;24;13;0;0;0;;;;13;37
"054035";"Norcia";10;23;0;0;0;;;;23;14;0;0;0;;;;14;37
"054035";"Norcia";11;21;0;0;0;;;;21;12;0;0;0;;;;12;33
"054035";"Norcia";12;20;0;0;0;;;;20;18;0;0;0;;;;18;38
"054035";"Norcia";13;18;0;0;0;;;;18;17;0;0;0;;;;17;35
"054035";"Norcia";14;21;0;0;0;;;;21;24;0;0;0;;;;24;45
"054035";"Norcia";15;19;0;0;0;;;;19;18;0;0;0;;;;18;37
"054035";"Norcia";16;21;0;0;0;;;;21;19;0;0;0;;;;19;40
"054035";"Norcia";17;27;0;0;0;;;;27;26;0;0;0;;;;26;53
"054035";"Norcia";18;32;0;0;0;;;;32;19;0;0;0;;;;19;51
"054035";"Norcia";19;15;0;0;0;;;;15;24;0;0;0;;;;24;39
"054035";"Norcia";20;18;0;0;0;;;;18;19;0;0;0;;;;19;37
"054035";"Norcia";21;28;0;0;0;;;;28;27;2;0;0;;;;29;57
"054035";"Norcia";22;22;0;0;0;;;;22;20;0;0;0;;;;20;42
"054035";"Norcia";23;24;0;0;0;;;;24;14;1;0;0;;;;15;39
"054035";"Norcia";24;31;3;0;0;;;;34;22;1;0;0;;;;23;57
"054035";"Norcia";25;28;1;0;0;;;;29;24;1;0;0;;;;25;54
"054035";"Norcia";26;15;0;0;0;;;;15;17;3;0;0;;;;20;35
"054035";"Norcia";27;29;2;0;0;;;;31;16;6;0;0;;;;22;53
"054035";"Norcia";28;27;1;0;0;;;;28;23;4;0;0;;;;27;55
"054035";"Norcia";29;19;2;0;0;;;;21;21;4;0;0;;;;25;46
"054035";"Norcia";30;19;5;0;0;;;;24;15;6;0;0;;;;21;45
"054035";"Norcia";31;19;6;0;0;;;;25;15;7;0;0;;;;22;47
"054035";"Norcia";32;22;6;0;0;;;;28;10;6;0;0;;;;16;44
"054035";"Norcia";33;27;8;0;0;;;;35;12;6;0;0;;;;18;53
"054035";"Norcia";34;16;12;0;0;;;;28;11;10;0;0;;;;21;49
"054035";"Norcia";35;20;5;0;0;;;;25;13;12;0;0;;;;25;50
"054035";"Norcia";36;14;5;0;0;;;;19;5;15;0;0;;;;20;39
"054035";"Norcia";37;8;14;2;0;;;;24;7;14;0;1;;;;22;46
"054035";"Norcia";38;15;20;0;0;;;;35;12;12;1;0;;;;25;60
"054035";"Norcia";39;12;6;0;0;;;;18;13;18;0;0;;;;31;49
"054035";"Norcia";40;12;15;0;0;;;;27;9;14;0;0;;;;23;50
"054035";"Norcia";41;11;18;1;0;;;;30;8;17;0;0;;;;25;55
"054035";"Norcia";42;16;11;0;0;;;;27;4;11;0;0;;;;15;42
"054035";"Norcia";43;14;6;0;0;;;;20;6;14;1;0;;;;21;41
"054035";"Norcia";44;11;14;1;0;;;;26;5;15;1;0;;;;21;47
"054035";"Norcia";45;7;15;0;0;;;;22;10;13;0;0;;;;23;45
"054035";"Norcia";46;9;20;0;0;;;;29;7;25;0;0;;;;32;61
"054035";"Norcia";47;9;17;3;0;;;;29;15;26;1;1;;;;43;72
"054035";"Norcia";48;5;14;0;0;;;;19;8;24;3;1;;;;36;55
"054035";"Norcia";49;15;18;3;0;;;;36;4;22;2;0;;;;28;64
"054035";"Norcia";50;6;23;4;0;;;;33;10;22;1;3;;;;36;69
"054035";"Norcia";51;8;15;1;0;;;;24;7;23;1;2;;;;33;57
"054035";"Norcia";52;13;30;3;0;;;;46;6;31;1;0;;;;38;84
"054035";"Norcia";53;7;28;0;0;;;;35;4;31;3;1;;;;39;74
"054035";"Norcia";54;6;33;0;0;;;;39;2;41;1;3;;;;47;86
"054035";"Norcia";55;10;24;1;0;;;;35;6;26;3;1;;;;36;71
"054035";"Norcia";56;6;25;1;0;;;;32;5;37;3;2;;;;47;79
"054035";"Norcia";57;7;25;3;1;;;;36;0;31;1;3;;;;35;71
"054035";"Norcia";58;11;28;2;2;;;;43;1;31;2;3;;;;37;80
"054035";"Norcia";59;4;27;4;0;;;;35;3;30;1;2;;;;36;71
"054035";"Norcia";60;2;29;2;1;;;;34;3;29;2;3;;;;37;71
"054035";"Norcia";61;9;35;1;0;;;;45;2;22;0;7;;;;31;76
"054035";"Norcia";62;5;24;2;4;;;;35;0;30;1;5;;;;36;71
"054035";"Norcia";63;4;23;1;3;;;;31;2;22;1;2;;;;27;58
"054035";"Norcia";64;5;36;3;0;;;;44;1;21;0;5;;;;27;71
"054035";"Norcia";65;4;20;0;0;;;;24;5;14;2;5;;;;26;50
"054035";"Norcia";66;4;30;3;3;;;;40;3;19;2;9;;;;33;73
"054035";"Norcia";67;1;21;0;1;;;;23;6;19;1;5;;;;31;54
"054035";"Norcia";68;3;19;2;2;;;;26;2;18;1;4;;;;25;51
"054035";"Norcia";69;6;21;1;3;;;;31;3;22;1;7;;;;33;64
"054035";"Norcia";70;7;17;1;3;;;;28;4;17;0;5;;;;26;54
"054035";"Norcia";71;2;19;2;2;;;;25;2;17;2;6;;;;27;52
"054035";"Norcia";72;5;19;0;1;;;;25;1;18;1;8;;;;28;53
"054035";"Norcia";73;3;23;0;3;;;;29;2;14;1;8;;;;25;54
"054035";"Norcia";74;2;15;0;2;;;;19;4;21;1;7;;;;33;52
"054035";"Norcia";75;3;24;1;3;;;;31;3;22;0;18;;;;43;74
"054035";"Norcia";76;3;22;0;2;;;;27;0;17;0;7;;;;24;51
"054035";"Norcia";77;4;22;1;3;;;;30;3;9;1;13;;;;26;56
"054035";"Norcia";78;1;11;1;2;;;;15;0;8;0;7;;;;15;30
"054035";"Norcia";79;4;10;0;3;;;;17;1;5;1;8;;;;15;32
"054035";"Norcia";80;2;16;0;1;;;;19;0;8;1;13;;;;22;41
"054035";"Norcia";81;1;13;0;2;;;;16;4;8;0;9;;;;21;37
"054035";"Norcia";82;0;15;1;3;;;;19;1;7;0;8;;;;16;35
"054035";"Norcia";83;1;14;1;2;;;;18;0;5;2;9;;;;16;34
"054035";"Norcia";84;0;6;0;2;;;;8;1;1;0;20;;;;22;30
"054035";"Norcia";85;0;10;1;1;;;;12;2;8;0;17;;;;27;39
"054035";"Norcia";86;0;6;0;3;;;;9;1;3;1;12;;;;17;26
"054035";"Norcia";87;0;2;1;3;;;;6;1;1;1;9;;;;12;18
"054035";"Norcia";88;1;2;0;5;;;;8;1;4;0;7;;;;12;20
"054035";"Norcia";89;1;5;0;2;;;;8;0;2;0;4;;;;6;14
"054035";"Norcia";90;0;1;0;1;;;;2;0;1;0;7;;;;8;10
"054035";"Norcia";91;0;3;0;2;;;;5;0;0;0;9;;;;9;14
"054035";"Norcia";92;1;1;0;0;;;;2;0;1;0;10;;;;11;13
"054035";"Norcia";93;0;5;0;1;;;;6;1;0;0;5;;;;6;12
"054035";"Norcia";94;0;5;0;2;;;;7;0;0;0;6;;;;6;13
"054035";"Norcia";95;0;0;0;3;;;;3;1;0;0;2;;;;3;6
"054035";"Norcia";96;0;0;0;0;;;;0;0;1;0;2;;;;3;3
"054035";"Norcia";97;0;1;0;0;;;;1;1;0;0;1;;;;2;3
"054035";"Norcia";98;0;0;0;0;;;;0;1;0;0;2;;;;3;3
"054035";"Norcia";99;0;1;0;0;;;;1;0;0;0;2;;;;2;3
"054035";"Norcia";100;0;0;0;0;;;;0;0;0;0;0;;;;0;0
"054035";"Norcia";999;1089;1048;54;77;;;;2268;838;1026;49;316;;;;2229;4497
"054036";"Paciano";0;2;0;0;0;;;;2;1;0;0;0;;;;1;3
"054036";"Paciano";1;2;0;0;0;;;;2;1;0;0;0;;;;1;3
"054036";"Paciano";2;1;0;0;0;;;;1;0;0;0;0;;;;0;1
"054036";"Paciano";3;4;0;0;0;;;;4;0;0;0;0;;;;0;4
"054036";"Paciano";4;2;0;0;0;;;;2;3;0;0;0;;;;3;5
"054036";"Paciano";5;2;0;0;0;;;;2;1;0;0;0;;;;1;3
"054036";"Paciano";6;6;0;0;0;;;;6;6;0;0;0;;;;6;12
"054036";"Paciano";7;1;0;0;0;;;;1;4;0;0;0;;;;4;5
"054036";"Paciano";8;7;0;0;0;;;;7;3;0;0;0;;;;3;10
"054036";"Paciano";9;3;0;0;0;;;;3;1;0;0;0;;;;1;4
"054036";"Paciano";10;3;0;0;0;;;;3;5;0;0;0;;;;5;8
"054036";"Paciano";11;2;0;0;0;;;;2;5;0;0;0;;;;5;7
"054036";"Paciano";12;5;0;0;0;;;;5;5;0;0;0;;;;5;10
"054036";"Paciano";13;1;0;0;0;;;;1;5;0;0;0;;;;5;6
"054036";"Paciano";14;4;0;0;0;;;;4;6;0;0;0;;;;6;10
"054036";"Paciano";15;3;0;0;0;;;;3;5;0;0;0;;;;5;8
"054036";"Paciano";16;5;0;0;0;;;;5;4;0;0;0;;;;4;9
"054036";"Paciano";17;8;0;0;0;;;;8;7;0;0;0;;;;7;15
"054036";"Paciano";18;5;0;0;0;;;;5;1;0;0;0;;;;1;6
"054036";"Paciano";19;4;0;0;0;;;;4;3;0;0;0;;;;3;7
"054036";"Paciano";20;0;0;0;0;;;;0;2;0;0;0;;;;2;2
"054036";"Paciano";21;9;0;0;0;;;;9;2;0;0;0;;;;2;11
"054036";"Paciano";22;3;0;0;0;;;;3;4;1;0;0;;;;5;8
"054036";"Paciano";23;2;0;0;0;;;;2;4;0;0;0;;;;4;6
"054036";"Paciano";24;4;0;0;0;;;;4;3;0;0;0;;;;3;7
"054036";"Paciano";25;1;0;0;0;;;;1;1;0;0;0;;;;1;2
"054036";"Paciano";26;4;0;0;0;;;;4;0;0;0;0;;;;0;4
"054036";"Paciano";27;1;0;0;0;;;;1;6;0;0;0;;;;6;7
"054036";"Paciano";28;0;0;0;0;;;;0;1;0;0;0;;;;1;1
"054036";"Paciano";29;6;1;0;0;;;;7;2;0;0;0;;;;2;9
"054036";"Paciano";30;10;0;0;0;;;;10;2;0;0;0;;;;2;12
"054036";"Paciano";31;8;0;0;0;;;;8;4;0;0;0;;;;4;12
"054036";"Paciano";32;3;0;0;0;;;;3;3;0;0;0;;;;3;6
"054036";"Paciano";33;3;1;0;0;;;;4;3;0;0;0;;;;3;7
"054036";"Paciano";34;2;0;0;0;;;;2;2;2;0;0;;;;4;6
"054036";"Paciano";35;7;0;0;0;;;;7;2;1;1;0;;;;4;11
"054036";"Paciano";36;4;1;0;0;;;;5;1;3;0;0;;;;4;9
"054036";"Paciano";37;0;1;0;0;;;;1;1;3;0;0;;;;4;5
"054036";"Paciano";38;6;2;0;0;;;;8;2;4;0;0;;;;6;14
"054036";"Paciano";39;4;3;0;0;;;;7;3;2;0;0;;;;5;12
"054036";"Paciano";40;0;2;0;0;;;;2;1;3;0;0;;;;4;6
"054036";"Paciano";41;1;5;0;0;;;;6;3;5;0;0;;;;8;14
"054036";"Paciano";42;2;1;0;0;;;;3;1;2;0;0;;;;3;6
"054036";"Paciano";43;1;5;0;0;;;;6;4;4;0;0;;;;8;14
"054036";"Paciano";44;2;4;0;0;;;;6;2;2;0;0;;;;4;10
"054036";"Paciano";45;0;2;0;0;;;;2;0;5;0;0;;;;5;7
"054036";"Paciano";46;6;1;1;0;;;;8;2;3;0;0;;;;5;13
"054036";"Paciano";47;2;7;1;0;;;;10;3;6;1;0;;;;10;20
"054036";"Paciano";48;1;4;0;0;;;;5;4;6;2;0;;;;12;17
"054036";"Paciano";49;3;9;0;0;;;;12;1;3;1;1;;;;6;18
"054036";"Paciano";50;0;5;1;0;;;;6;4;5;0;0;;;;9;15
"054036";"Paciano";51;2;5;0;0;;;;7;1;3;0;0;;;;4;11
"054036";"Paciano";52;3;4;0;0;;;;7;4;1;0;0;;;;5;12
"054036";"Paciano";53;3;1;1;0;;;;5;1;7;0;0;;;;8;13
"054036";"Paciano";54;4;2;0;0;;;;6;1;2;0;0;;;;3;9
"054036";"Paciano";55;2;1;1;0;;;;4;1;5;1;0;;;;7;11
"054036";"Paciano";56;3;3;0;1;;;;7;2;3;0;0;;;;5;12
"054036";"Paciano";57;4;6;0;0;;;;10;0;7;1;1;;;;9;19
"054036";"Paciano";58;1;7;0;1;;;;9;0;7;0;1;;;;8;17
"054036";"Paciano";59;0;3;0;0;;;;3;0;8;2;1;;;;11;14
"054036";"Paciano";60;4;5;1;1;;;;11;3;8;0;0;;;;11;22
"054036";"Paciano";61;0;4;0;0;;;;4;0;10;0;0;;;;10;14
"054036";"Paciano";62;1;6;0;0;;;;7;0;6;0;1;;;;7;14
"054036";"Paciano";63;3;3;1;0;;;;7;1;8;1;2;;;;12;19
"054036";"Paciano";64;0;5;1;1;;;;7;3;9;0;0;;;;12;19
"054036";"Paciano";65;1;8;0;0;;;;9;1;3;1;1;;;;6;15
"054036";"Paciano";66;1;5;3;0;;;;9;0;3;1;0;;;;4;13
"054036";"Paciano";67;2;9;1;1;;;;13;1;5;1;1;;;;8;21
"054036";"Paciano";68;1;8;0;0;;;;9;0;7;1;0;;;;8;17
"054036";"Paciano";69;0;4;0;0;;;;4;2;8;0;3;;;;13;17
"054036";"Paciano";70;0;5;1;0;;;;6;1;5;1;1;;;;8;14
"054036";"Paciano";71;1;8;2;0;;;;11;1;8;1;2;;;;12;23
"054036";"Paciano";72;1;4;0;1;;;;6;0;6;0;4;;;;10;16
"054036";"Paciano";73;0;11;1;0;;;;12;0;5;0;1;;;;6;18
"054036";"Paciano";74;0;7;0;0;;;;7;1;4;1;2;;;;8;15
"054036";"Paciano";75;2;6;0;0;;;;8;0;7;0;2;;;;9;17
"054036";"Paciano";76;0;2;0;2;;;;4;0;6;0;1;;;;7;11
"054036";"Paciano";77;1;2;0;1;;;;4;1;0;0;1;;;;2;6
"054036";"Paciano";78;0;5;0;0;;;;5;0;2;0;2;;;;4;9
"054036";"Paciano";79;2;2;0;0;;;;4;0;1;0;3;;;;4;8
"054036";"Paciano";80;0;7;0;1;;;;8;0;2;0;1;;;;3;11
"054036";"Paciano";81;1;3;0;0;;;;4;0;1;0;2;;;;3;7
"054036";"Paciano";82;0;4;0;0;;;;4;0;3;0;1;;;;4;8
"054036";"Paciano";83;1;5;0;0;;;;6;0;0;0;1;;;;1;7
"054036";"Paciano";84;0;4;1;1;;;;6;0;1;0;2;;;;3;9
"054036";"Paciano";85;0;0;0;0;;;;0;0;1;1;2;;;;4;4
"054036";"Paciano";86;0;0;0;1;;;;1;0;1;0;2;;;;3;4
"054036";"Paciano";87;0;0;0;1;;;;1;0;0;0;4;;;;4;5
"054036";"Paciano";88;0;1;0;0;;;;1;0;1;0;7;;;;8;9
"054036";"Paciano";89;0;0;0;0;;;;0;0;0;0;4;;;;4;4
"054036";"Paciano";90;0;0;0;0;;;;0;0;0;0;4;;;;4;4
"054036";"Paciano";91;0;1;0;0;;;;1;0;1;0;1;;;;2;3
"054036";"Paciano";92;0;1;0;0;;;;1;0;0;0;0;;;;0;1
"054036";"Paciano";93;0;1;0;0;;;;1;0;0;0;2;;;;2;3
"054036";"Paciano";94;0;0;0;1;;;;1;0;0;0;0;;;;0;1
"054036";"Paciano";95;0;0;0;0;;;;0;0;0;0;0;;;;0;0
"054036";"Paciano";96;0;1;0;0;;;;1;0;1;0;1;;;;2;3
"054036";"Paciano";97;0;0;0;1;;;;1;0;0;0;0;;;;0;1
"054036";"Paciano";98;0;0;0;0;;;;0;0;0;0;2;;;;2;2
"054036";"Paciano";99;0;0;0;0;;;;0;0;0;0;1;;;;1;1
"054036";"Paciano";100;0;0;0;0;;;;0;0;0;0;0;;;;0;0
"054036";"Paciano";999;209;223;17;15;;;;464;164;226;18;68;;;;476;940
"054037";"Panicale";0;13;0;0;0;;;;13;13;0;0;0;;;;13;26
"054037";"Panicale";1;18;0;0;0;;;;18;15;0;0;0;;;;15;33
"054037";"Panicale";2;19;0;0;0;;;;19;13;0;0;0;;;;13;32
"054037";"Panicale";3;14;0;0;0;;;;14;15;0;0;0;;;;15;29
"054037";"Panicale";4;18;0;0;0;;;;18;21;0;0;0;;;;21;39
"054037";"Panicale";5;17;0;0;0;;;;17;20;0;0;0;;;;20;37
"054037";"Panicale";6;19;0;0;0;;;;19;17;0;0;0;;;;17;36
"054037";"Panicale";7;18;0;0;0;;;;18;19;0;0;0;;;;19;37
"054037";"Panicale";8;23;0;0;0;;;;23;20;0;0;0;;;;20;43
"054037";"Panicale";9;17;0;0;0;;;;17;15;0;0;0;;;;15;32
"054037";"Panicale";10;25;0;0;0;;;;25;25;0;0;0;;;;25;50
"054037";"Panicale";11;11;0;0;0;;;;11;16;0;0;0;;;;16;27
"054037";"Panicale";12;18;0;0;0;;;;18;26;0;0;0;;;;26;44
"054037";"Panicale";13;25;0;0;0;;;;25;21;0;0;0;;;;21;46
"054037";"Panicale";14;26;0;0;0;;;;26;24;0;0;0;;;;24;50
"054037";"Panicale";15;26;0;0;0;;;;26;34;0;0;0;;;;34;60
"054037";"Panicale";16;29;0;0;0;;;;29;20;0;0;0;;;;20;49
"054037";"Panicale";17;42;0;0;0;;;;42;20;0;0;0;;;;20;62
"054037";"Panicale";18;35;0;0;0;;;;35;32;0;0;0;;;;32;67
"054037";"Panicale";19;29;0;0;0;;;;29;24;0;0;0;;;;24;53
"054037";"Panicale";20;25;0;0;0;;;;25;16;0;0;0;;;;16;41
"054037";"Panicale";21;26;0;0;0;;;;26;19;0;0;0;;;;19;45
"054037";"Panicale";22;31;0;0;0;;;;31;23;0;0;0;;;;23;54
"054037";"Panicale";23;26;0;0;0;;;;26;22;2;0;0;;;;24;50
"054037";"Panicale";24;16;0;0;0;;;;16;26;1;0;0;;;;27;43
"054037";"Panicale";25;26;0;0;0;;;;26;27;2;0;0;;;;29;55
"054037";"Panicale";26;26;1;0;0;;;;27;18;2;0;0;;;;20;47
"054037";"Panicale";27;25;2;0;0;;;;27;20;2;0;0;;;;22;49
"054037";"Panicale";28;27;0;0;0;;;;27;24;3;0;0;;;;27;54
"054037";"Panicale";29;19;2;0;0;;;;21;21;6;1;0;;;;28;49
"054037";"Panicale";30;18;5;0;0;;;;23;24;4;0;0;;;;28;51
"054037";"Panicale";31;12;3;0;0;;;;15;23;5;0;0;;;;28;43
"054037";"Panicale";32;27;4;1;0;;;;32;17;7;0;0;;;;24;56
"054037";"Panicale";33;31;2;0;0;;;;33;15;11;0;1;;;;27;60
"054037";"Panicale";34;18;7;0;0;;;;25;13;13;1;0;;;;27;52
"054037";"Panicale";35;13;8;1;0;;;;22;12;6;0;0;;;;18;40
"054037";"Panicale";36;16;6;1;0;;;;23;10;13;0;0;;;;23;46
"054037";"Panicale";37;20;3;0;0;;;;23;9;14;0;0;;;;23;46
"054037";"Panicale";38;12;14;0;0;;;;26;13;12;0;1;;;;26;52
"054037";"Panicale";39;10;10;0;0;;;;20;17;20;1;0;;;;38;58
"054037";"Panicale";40;15;19;0;0;;;;34;14;16;1;0;;;;31;65
"054037";"Panicale";41;10;12;1;0;;;;23;8;23;1;0;;;;32;55
"054037";"Panicale";42;14;11;0;0;;;;25;8;12;2;0;;;;22;47
"054037";"Panicale";43;17;12;3;0;;;;32;8;16;1;2;;;;27;59
"054037";"Panicale";44;10;16;0;0;;;;26;9;12;2;3;;;;26;52
"054037";"Panicale";45;14;18;0;0;;;;32;13;19;1;2;;;;35;67
"054037";"Panicale";46;12;19;2;0;;;;33;12;21;2;0;;;;35;68
"054037";"Panicale";47;16;22;0;0;;;;38;14;23;1;0;;;;38;76
"054037";"Panicale";48;13;28;3;1;;;;45;8;31;3;1;;;;43;88
"054037";"Panicale";49;11;29;2;0;;;;42;6;43;3;0;;;;52;94
"054037";"Panicale";50;11;21;0;0;;;;32;6;34;4;0;;;;44;76
"054037";"Panicale";51;12;22;1;0;;;;35;11;28;2;1;;;;42;77
"054037";"Panicale";52;9;26;4;1;;;;40;5;31;6;2;;;;44;84
"054037";"Panicale";53;6;38;2;0;;;;46;4;33;4;0;;;;41;87
"054037";"Panicale";54;15;17;1;0;;;;33;5;32;5;3;;;;45;78
"054037";"Panicale";55;9;31;3;0;;;;43;4;26;3;5;;;;38;81
"054037";"Panicale";56;7;37;3;0;;;;47;4;37;0;4;;;;45;92
"054037";"Panicale";57;7;27;5;0;;;;39;2;35;3;4;;;;44;83
"054037";"Panicale";58;5;40;1;0;;;;46;5;28;2;6;;;;41;87
"054037";"Panicale";59;6;26;2;0;;;;34;5;39;2;1;;;;47;81
"054037";"Panicale";60;11;34;1;1;;;;47;4;40;0;3;;;;47;94
"054037";"Panicale";61;6;29;2;0;;;;37;3;32;2;5;;;;42;79
"054037";"Panicale";62;4;38;3;2;;;;47;2;40;0;4;;;;46;93
"054037";"Panicale";63;6;35;2;0;;;;43;1;27;0;4;;;;32;75
"054037";"Panicale";64;4;35;2;1;;;;42;0;31;3;8;;;;42;84
"054037";"Panicale";65;5;37;1;2;;;;45;4;30;2;3;;;;39;84
"054037";"Panicale";66;4;20;1;0;;;;25;1;19;2;3;;;;25;50
"054037";"Panicale";67;5;22;1;0;;;;28;4;27;2;4;;;;37;65
"054037";"Panicale";68;5;30;0;0;;;;35;5;31;1;3;;;;40;75
"054037";"Panicale";69;4;27;2;1;;;;34;1;30;3;4;;;;38;72
"054037";"Panicale";70;4;29;3;0;;;;36;2;25;2;7;;;;36;72
"054037";"Panicale";71;2;19;0;3;;;;24;2;22;2;11;;;;37;61
"054037";"Panicale";72;2;29;0;1;;;;32;1;25;2;7;;;;35;67
"054037";"Panicale";73;6;24;2;0;;;;32;2;29;0;10;;;;41;73
"054037";"Panicale";74;5;20;4;3;;;;32;2;22;1;11;;;;36;68
"054037";"Panicale";75;0;40;0;5;;;;45;0;28;2;16;;;;46;91
"054037";"Panicale";76;4;15;2;3;;;;24;2;21;1;12;;;;36;60
"054037";"Panicale";77;1;37;0;3;;;;41;0;18;0;13;;;;31;72
"054037";"Panicale";78;0;21;0;1;;;;22;1;12;1;14;;;;28;50
"054037";"Panicale";79;2;27;0;4;;;;33;0;13;1;9;;;;23;56
"054037";"Panicale";80;2;16;0;3;;;;21;1;13;2;10;;;;26;47
"054037";"Panicale";81;1;17;0;0;;;;18;0;16;0;16;;;;32;50
"054037";"Panicale";82;1;11;0;2;;;;14;1;3;0;11;;;;15;29
"054037";"Panicale";83;0;21;0;3;;;;24;0;6;2;17;;;;25;49
"054037";"Panicale";84;2;17;0;3;;;;22;1;10;0;22;;;;33;55
"054037";"Panicale";85;1;15;1;7;;;;24;1;8;0;18;;;;27;51
"054037";"Panicale";86;0;8;0;3;;;;11;0;5;1;14;;;;20;31
"054037";"Panicale";87;0;3;0;5;;;;8;0;4;0;15;;;;19;27
"054037";"Panicale";88;2;9;0;4;;;;15;1;2;0;14;;;;17;32
"054037";"Panicale";89;1;8;0;3;;;;12;1;4;0;17;;;;22;34
"054037";"Panicale";90;0;7;0;5;;;;12;0;2;0;5;;;;7;19
"054037";"Panicale";91;1;1;0;2;;;;4;0;1;1;13;;;;15;19
"054037";"Panicale";92;0;3;0;3;;;;6;0;1;0;7;;;;8;14
"054037";"Panicale";93;0;2;0;1;;;;3;0;1;0;12;;;;13;16
"054037";"Panicale";94;0;0;0;3;;;;3;2;0;0;4;;;;6;9
"054037";"Panicale";95;0;1;0;0;;;;1;0;1;0;6;;;;7;8
"054037";"Panicale";96;1;2;0;0;;;;3;0;0;0;5;;;;5;8
"054037";"Panicale";97;0;0;0;0;;;;0;0;0;0;6;;;;6;6
"054037";"Panicale";98;0;2;0;1;;;;3;0;0;0;3;;;;3;6
"054037";"Panicale";99;0;0;0;0;;;;0;0;0;0;1;;;;1;1
"054037";"Panicale";100;0;0;0;0;;;;0;0;0;0;1;;;;1;1
"054037";"Panicale";999;1177;1249;63;80;;;;2569;975;1261;84;404;;;;2724;5293
"054038";"Passignano sul Trasimeno";0;14;0;0;0;;;;14;10;0;0;0;;;;10;24
"054038";"Passignano sul Trasimeno";1;20;0;0;0;;;;20;27;0;0;0;;;;27;47
"054038";"Passignano sul Trasimeno";2;19;0;0;0;;;;19;19;0;0;0;;;;19;38
"054038";"Passignano sul Trasimeno";3;12;0;0;0;;;;12;13;0;0;0;;;;13;25
"054038";"Passignano sul Trasimeno";4;22;0;0;0;;;;22;21;0;0;0;;;;21;43
"054038";"Passignano sul Trasimeno";5;29;0;0;0;;;;29;15;0;0;0;;;;15;44
"054038";"Passignano sul Trasimeno";6;28;0;0;0;;;;28;20;0;0;0;;;;20;48
"054038";"Passignano sul Trasimeno";7;21;0;0;0;;;;21;26;0;0;0;;;;26;47
"054038";"Passignano sul Trasimeno";8;20;0;0;0;;;;20;29;0;0;0;;;;29;49
"054038";"Passignano sul Trasimeno";9;21;0;0;0;;;;21;22;0;0;0;;;;22;43
"054038";"Passignano sul Trasimeno";10;20;0;0;0;;;;20;21;0;0;0;;;;21;41
"054038";"Passignano sul Trasimeno";11;20;0;0;0;;;;20;39;0;0;0;;;;39;59
"054038";"Passignano sul Trasimeno";12;29;0;0;0;;;;29;19;0;0;0;;;;19;48
"054038";"Passignano sul Trasimeno";13;25;0;0;0;;;;25;21;0;0;0;;;;21;46
"054038";"Passignano sul Trasimeno";14;25;0;0;0;;;;25;24;0;0;0;;;;24;49
"054038";"Passignano sul Trasimeno";15;29;0;0;0;;;;29;26;0;0;0;;;;26;55
"054038";"Passignano sul Trasimeno";16;32;0;0;0;;;;32;27;0;0;0;;;;27;59
"054038";"Passignano sul Trasimeno";17;30;0;0;0;;;;30;32;0;0;0;;;;32;62
"054038";"Passignano sul Trasimeno";18;18;0;0;0;;;;18;22;0;0;0;;;;22;40
"054038";"Passignano sul Trasimeno";19;29;0;0;0;;;;29;37;0;0;0;;;;37;66
"054038";"Passignano sul Trasimeno";20;24;0;0;0;;;;24;22;1;0;0;;;;23;47
"054038";"Passignano sul Trasimeno";21;25;0;0;0;;;;25;22;0;0;0;;;;22;47
"054038";"Passignano sul Trasimeno";22;24;0;0;0;;;;24;16;0;0;0;;;;16;40
"054038";"Passignano sul Trasimeno";23;39;0;0;0;;;;39;26;0;0;0;;;;26;65
"054038";"Passignano sul Trasimeno";24;29;0;0;0;;;;29;16;2;0;0;;;;18;47
"054038";"Passignano sul Trasimeno";25;28;1;0;0;;;;29;27;4;0;0;;;;31;60
"054038";"Passignano sul Trasimeno";26;23;1;0;0;;;;24;29;0;0;0;;;;29;53
"054038";"Passignano sul Trasimeno";27;32;1;0;0;;;;33;19;2;0;0;;;;21;54
"054038";"Passignano sul Trasimeno";28;30;0;0;0;;;;30;16;4;0;0;;;;20;50
"054038";"Passignano sul Trasimeno";29;17;4;0;0;;;;21;17;5;0;0;;;;22;43
"054038";"Passignano sul Trasimeno";30;24;5;0;0;;;;29;20;8;0;0;;;;28;57
"054038";"Passignano sul Trasimeno";31;17;3;0;0;;;;20;13;15;1;0;;;;29;49
"054038";"Passignano sul Trasimeno";32;22;3;0;0;;;;25;18;9;1;0;;;;28;53
"054038";"Passignano sul Trasimeno";33;24;8;0;0;;;;32;21;17;0;0;;;;38;70
"054038";"Passignano sul Trasimeno";34;18;10;0;0;;;;28;25;8;0;0;;;;33;61
"054038";"Passignano sul Trasimeno";35;19;12;0;0;;;;31;15;16;1;0;;;;32;63
"054038";"Passignano sul Trasimeno";36;20;5;1;0;;;;26;21;19;1;1;;;;42;68
"054038";"Passignano sul Trasimeno";37;21;7;0;0;;;;28;13;10;2;0;;;;25;53
"054038";"Passignano sul Trasimeno";38;20;14;1;0;;;;35;15;16;0;0;;;;31;66
"054038";"Passignano sul Trasimeno";39;17;14;0;0;;;;31;17;17;3;0;;;;37;68
"054038";"Passignano sul Trasimeno";40;18;10;0;0;;;;28;17;18;0;0;;;;35;63
"054038";"Passignano sul Trasimeno";41;16;12;0;0;;;;28;20;33;2;1;;;;56;84
"054038";"Passignano sul Trasimeno";42;17;15;0;0;;;;32;13;16;2;0;;;;31;63
"054038";"Passignano sul Trasimeno";43;14;19;3;0;;;;36;11;21;1;1;;;;34;70
"054038";"Passignano sul Trasimeno";44;12;19;2;0;;;;33;3;24;5;0;;;;32;65
"054038";"Passignano sul Trasimeno";45;21;21;0;0;;;;42;15;19;0;1;;;;35;77
"054038";"Passignano sul Trasimeno";46;24;24;4;0;;;;52;8;27;1;1;;;;37;89
"054038";"Passignano sul Trasimeno";47;13;25;2;1;;;;41;16;34;5;0;;;;55;96
"054038";"Passignano sul Trasimeno";48;19;20;1;0;;;;40;9;24;4;0;;;;37;77
"054038";"Passignano sul Trasimeno";49;15;24;3;0;;;;42;8;32;6;0;;;;46;88
"054038";"Passignano sul Trasimeno";50;11;29;3;1;;;;44;7;28;2;1;;;;38;82
"054038";"Passignano sul Trasimeno";51;16;30;2;0;;;;48;11;44;5;1;;;;61;109
"054038";"Passignano sul Trasimeno";52;13;26;2;0;;;;41;6;33;3;1;;;;43;84
"054038";"Passignano sul Trasimeno";53;11;34;4;0;;;;49;8;32;3;1;;;;44;93
"054038";"Passignano sul Trasimeno";54;7;35;4;0;;;;46;11;28;1;0;;;;40;86
"054038";"Passignano sul Trasimeno";55;6;25;4;1;;;;36;6;32;8;0;;;;46;82
"054038";"Passignano sul Trasimeno";56;5;27;3;1;;;;36;6;38;2;2;;;;48;84
"054038";"Passignano sul Trasimeno";57;9;36;3;1;;;;49;12;39;3;0;;;;54;103
"054038";"Passignano sul Trasimeno";58;6;41;2;2;;;;51;6;28;3;4;;;;41;92
"054038";"Passignano sul Trasimeno";59;6;43;6;0;;;;55;7;32;3;1;;;;43;98
"054038";"Passignano sul Trasimeno";60;7;24;2;2;;;;35;1;33;5;3;;;;42;77
"054038";"Passignano sul Trasimeno";61;9;29;4;1;;;;43;5;36;4;2;;;;47;90
"054038";"Passignano sul Trasimeno";62;7;36;8;0;;;;51;4;26;5;6;;;;41;92
"054038";"Passignano sul Trasimeno";63;7;31;1;0;;;;39;6;25;4;5;;;;40;79
"054038";"Passignano sul Trasimeno";64;2;25;1;1;;;;29;3;23;3;5;;;;34;63
"054038";"Passignano sul Trasimeno";65;6;27;4;0;;;;37;1;28;5;3;;;;37;74
"054038";"Passignano sul Trasimeno";66;5;26;2;1;;;;34;2;29;2;8;;;;41;75
"054038";"Passignano sul Trasimeno";67;5;23;5;1;;;;34;0;28;1;4;;;;33;67
"054038";"Passignano sul Trasimeno";68;1;21;1;4;;;;27;1;31;1;5;;;;38;65
"054038";"Passignano sul Trasimeno";69;4;25;4;1;;;;34;2;31;3;9;;;;45;79
"054038";"Passignano sul Trasimeno";70;0;22;1;1;;;;24;2;36;4;5;;;;47;71
"054038";"Passignano sul Trasimeno";71;1;30;1;1;;;;33;2;24;3;9;;;;38;71
"054038";"Passignano sul Trasimeno";72;2;32;1;2;;;;37;4;20;1;8;;;;33;70
"054038";"Passignano sul Trasimeno";73;4;27;1;1;;;;33;2;30;3;8;;;;43;76
"054038";"Passignano sul Trasimeno";74;3;25;3;2;;;;33;3;20;0;13;;;;36;69
"054038";"Passignano sul Trasimeno";75;0;32;0;5;;;;37;1;21;1;9;;;;32;69
"054038";"Passignano sul Trasimeno";76;1;34;4;4;;;;43;0;19;2;14;;;;35;78
"054038";"Passignano sul Trasimeno";77;2;22;2;3;;;;29;2;16;2;8;;;;28;57
"054038";"Passignano sul Trasimeno";78;1;16;0;3;;;;20;0;20;1;12;;;;33;53
"054038";"Passignano sul Trasimeno";79;2;14;1;2;;;;19;0;14;2;15;;;;31;50
"054038";"Passignano sul Trasimeno";80;1;13;2;5;;;;21;3;16;0;13;;;;32;53
"054038";"Passignano sul Trasimeno";81;1;19;2;1;;;;23;2;5;1;15;;;;23;46
"054038";"Passignano sul Trasimeno";82;3;28;0;1;;;;32;1;16;0;14;;;;31;63
"054038";"Passignano sul Trasimeno";83;0;11;2;0;;;;13;1;14;0;15;;;;30;43
"054038";"Passignano sul Trasimeno";84;1;10;0;8;;;;19;0;11;0;15;;;;26;45
"054038";"Passignano sul Trasimeno";85;1;14;1;2;;;;18;2;10;0;12;;;;24;42
"054038";"Passignano sul Trasimeno";86;1;19;0;3;;;;23;0;7;0;10;;;;17;40
"054038";"Passignano sul Trasimeno";87;1;14;0;2;;;;17;0;7;0;22;;;;29;46
"054038";"Passignano sul Trasimeno";88;1;8;0;2;;;;11;1;6;0;12;;;;19;30
"054038";"Passignano sul Trasimeno";89;1;6;0;1;;;;8;1;1;0;18;;;;20;28
"054038";"Passignano sul Trasimeno";90;0;3;0;3;;;;6;1;4;0;12;;;;17;23
"054038";"Passignano sul Trasimeno";91;0;4;0;0;;;;4;0;3;0;11;;;;14;18
"054038";"Passignano sul Trasimeno";92;0;4;0;2;;;;6;0;0;0;11;;;;11;17
"054038";"Passignano sul Trasimeno";93;0;3;0;1;;;;4;0;0;0;5;;;;5;9
"054038";"Passignano sul Trasimeno";94;0;3;0;0;;;;3;0;0;0;6;;;;6;9
"054038";"Passignano sul Trasimeno";95;0;2;0;0;;;;2;0;0;0;2;;;;2;4
"054038";"Passignano sul Trasimeno";96;0;1;0;0;;;;1;0;1;0;3;;;;4;5
"054038";"Passignano sul Trasimeno";97;0;1;0;0;;;;1;0;0;0;4;;;;4;5
"054038";"Passignano sul Trasimeno";98;0;0;0;0;;;;0;0;0;0;4;;;;4;4
"054038";"Passignano sul Trasimeno";99;0;0;0;0;;;;0;0;0;0;3;;;;3;3
"054038";"Passignano sul Trasimeno";100;0;0;0;0;;;;0;0;0;0;1;;;;1;1
"054038";"Passignano sul Trasimeno";999;1275;1287;103;73;;;;2738;1111;1346;121;375;;;;2953;5691
"054039";"Perugia";0;460;0;0;0;0;0;0;460;481;0;0;0;0;0;0;481;941
"054039";"Perugia";1;516;0;0;0;0;0;0;516;506;0;0;0;0;0;0;506;1022
"054039";"Perugia";2;560;0;0;0;0;0;0;560;516;0;0;0;0;0;0;516;1076
"054039";"Perugia";3;589;0;0;0;0;0;0;589;534;0;0;0;0;0;0;534;1123
"054039";"Perugia";4;587;0;0;0;0;0;0;587;589;0;0;0;0;0;0;589;1176
"054039";"Perugia";5;603;0;0;0;0;0;0;603;552;0;0;0;0;0;0;552;1155
"054039";"Perugia";6;650;0;0;0;0;0;0;650;600;0;0;0;0;0;0;600;1250
"054039";"Perugia";7;635;0;0;0;0;0;0;635;600;0;0;0;0;0;0;600;1235
"054039";"Perugia";8;667;0;0;0;0;0;0;667;624;0;0;0;0;0;0;624;1291
"054039";"Perugia";9;683;0;0;0;0;0;0;683;660;0;0;0;0;0;0;660;1343
"054039";"Perugia";10;693;0;0;0;0;0;0;693;697;0;0;0;0;0;0;697;1390
"054039";"Perugia";11;738;0;0;0;0;0;0;738;787;0;0;0;0;0;0;787;1525
"054039";"Perugia";12;756;0;0;0;0;0;0;756;754;0;0;0;0;0;0;754;1510
"054039";"Perugia";13;789;0;0;0;0;0;0;789;685;0;0;0;0;0;0;685;1474
"054039";"Perugia";14;822;0;0;0;0;0;0;822;723;0;0;0;0;0;0;723;1545
"054039";"Perugia";15;794;0;0;0;0;0;0;794;798;0;0;0;0;0;0;798;1592
"054039";"Perugia";16;847;0;0;0;0;0;0;847;700;0;0;0;0;0;0;700;1547
"054039";"Perugia";17;844;0;0;0;0;0;0;844;776;0;0;0;0;0;0;776;1620
"054039";"Perugia";18;870;0;0;0;0;0;0;870;787;0;0;0;0;0;0;787;1657
"054039";"Perugia";19;841;1;0;0;0;0;0;842;775;1;0;0;0;0;0;776;1618
"054039";"Perugia";20;851;0;0;0;0;0;0;851;758;3;0;0;0;0;0;761;1612
"054039";"Perugia";21;823;1;0;0;0;0;0;824;828;6;0;0;0;0;0;834;1658
"054039";"Perugia";22;873;1;0;0;0;0;0;874;746;10;0;0;0;0;0;756;1630
"054039";"Perugia";23;840;3;1;0;0;0;0;844;773;23;0;0;0;0;0;796;1640
"054039";"Perugia";24;914;5;3;0;0;0;0;922;708;22;1;0;0;0;0;731;1653
"054039";"Perugia";25;888;17;0;0;0;0;0;905;737;44;2;0;0;0;0;783;1688
"054039";"Perugia";26;861;26;2;0;2;0;0;891;767;69;0;0;0;0;0;836;1727
"054039";"Perugia";27;850;36;1;0;1;0;0;888;695;92;3;0;0;0;0;790;1678
"054039";"Perugia";28;796;68;1;0;1;0;0;866;685;100;0;0;1;0;0;786;1652
"054039";"Perugia";29;801;69;1;0;1;0;0;872;617;147;2;0;0;0;0;766;1638
"054039";"Perugia";30;806;99;2;0;0;0;0;907;618;169;3;1;0;0;0;791;1698
"054039";"Perugia";31;860;140;2;0;2;0;0;1004;624;211;11;0;0;0;0;846;1850
"054039";"Perugia";32;768;174;2;0;3;0;0;947;575;242;14;2;0;0;0;833;1780
"054039";"Perugia";33;730;178;4;0;1;1;0;914;561;303;12;2;3;0;0;881;1795
"054039";"Perugia";34;665;214;7;0;0;0;0;886;540;322;18;2;0;0;0;882;1768
"054039";"Perugia";35;643;291;7;0;2;0;0;943;531;393;17;3;2;0;0;946;1889
"054039";"Perugia";36;563;259;13;0;4;0;0;839;463;398;17;1;0;0;0;879;1718
"054039";"Perugia";37;518;348;11;0;2;0;0;879;470;426;24;2;1;0;0;923;1802
"054039";"Perugia";38;509;366;15;1;2;0;0;893;427;477;25;6;0;0;0;935;1828
"054039";"Perugia";39;532;402;25;0;2;0;0;961;412;502;37;3;1;0;0;955;1916
"054039";"Perugia";40;533;474;22;3;3;0;0;1035;394;587;39;5;0;0;0;1025;2060
"054039";"Perugia";41;504;468;30;1;2;0;0;1005;379;568;37;7;3;0;0;994;1999
"054039";"Perugia";42;457;509;24;2;5;0;0;997;386;608;56;5;2;0;0;1057;2054
"054039";"Perugia";43;427;523;31;3;2;0;0;986;341;665;64;7;1;0;0;1078;2064
"054039";"Perugia";44;465;540;37;1;2;0;0;1045;331;707;75;8;0;0;0;1121;2166
"054039";"Perugia";45;446;580;44;2;1;0;0;1073;369;669;76;5;1;0;0;1120;2193
"054039";"Perugia";46;413;697;42;1;1;0;0;1154;378;708;82;10;2;0;0;1180;2334
"054039";"Perugia";47;387;604;54;2;0;0;0;1047;349;739;65;15;0;0;0;1168;2215
"054039";"Perugia";48;409;676;59;1;0;0;0;1145;362;800;100;22;1;1;0;1286;2431
"054039";"Perugia";49;423;813;67;5;4;0;0;1312;298;839;105;16;0;0;0;1258;2570
"054039";"Perugia";50;412;757;73;6;2;1;0;1251;277;853;102;25;2;0;0;1259;2510
"054039";"Perugia";51;360;761;91;7;5;0;0;1224;301;817;125;22;1;0;0;1266;2490
"054039";"Perugia";52;305;822;71;6;4;0;0;1208;268;893;119;33;1;0;0;1314;2522
"054039";"Perugia";53;307;784;103;9;2;0;0;1205;240;884;137;31;2;0;0;1294;2499
"054039";"Perugia";54;316;819;69;9;1;0;0;1214;275;964;121;38;0;0;0;1398;2612
"054039";"Perugia";55;265;827;86;4;1;0;0;1183;238;892;139;51;0;0;0;1320;2503
"054039";"Perugia";56;233;785;100;10;3;0;0;1131;236;867;119;49;0;0;0;1271;2402
"054039";"Perugia";57;291;886;83;10;4;0;0;1274;212;859;134;56;1;0;0;1262;2536
"054039";"Perugia";58;263;875;95;17;2;0;0;1252;229;958;141;61;3;0;0;1392;2644
"054039";"Perugia";59;223;919;105;17;0;0;0;1264;200;926;170;72;0;1;0;1369;2633
"054039";"Perugia";60;195;773;98;14;5;0;0;1085;187;943;148;72;0;0;0;1350;2435
"054039";"Perugia";61;181;817;81;14;3;0;0;1096;155;937;142;86;1;0;0;1321;2417
"054039";"Perugia";62;177;846;77;26;0;0;0;1126;153;833;133;112;0;0;0;1231;2357
"054039";"Perugia";63;146;846;102;18;2;0;0;1114;162;865;133;98;0;0;0;1258;2372
"054039";"Perugia";64;136;800;89;24;2;0;0;1051;146;791;123;108;0;0;0;1168;2219
"054039";"Perugia";65;114;750;57;29;4;0;0;954;122;758;105;109;0;0;0;1094;2048
"054039";"Perugia";66;103;681;67;25;1;0;0;877;118;761;87;127;1;0;0;1094;1971
"054039";"Perugia";67;98;758;54;35;0;0;0;945;106;729;77;145;0;0;0;1057;2002
"054039";"Perugia";68;87;718;43;37;0;0;0;885;86;687;82;125;0;0;0;980;1865
"054039";"Perugia";69;71;689;58;32;0;0;0;850;75;706;73;171;0;0;0;1025;1875
"054039";"Perugia";70;62;674;39;28;1;0;0;804;81;652;65;184;0;0;0;982;1786
"054039";"Perugia";71;64;631;25;30;3;0;0;753;77;616;70;157;0;0;0;920;1673
"054039";"Perugia";72;61;622;45;45;0;0;0;773;68;660;70;173;0;0;0;971;1744
"054039";"Perugia";73;48;642;39;67;2;0;0;798;75;645;68;179;0;0;0;967;1765
"054039";"Perugia";74;41;665;34;43;0;0;0;783;74;647;54;217;0;0;0;992;1775
"054039";"Perugia";75;54;738;35;52;2;0;0;881;64;748;56;284;0;0;0;1152;2033
"054039";"Perugia";76;44;684;20;47;0;0;0;795;68;551;50;288;0;0;0;957;1752
"054039";"Perugia";77;44;636;26;64;0;0;0;770;42;522;39;316;0;0;0;919;1689
"054039";"Perugia";78;41;495;14;41;0;0;0;591;40;417;33;286;0;0;0;776;1367
"054039";"Perugia";79;25;497;22;66;1;0;0;611;41;419;30;308;0;0;0;798;1409
"054039";"Perugia";80;29;503;10;72;0;0;0;614;42;371;26;375;0;0;0;814;1428
"054039";"Perugia";81;31;426;17;72;0;0;0;546;33;339;21;345;1;0;0;739;1285
"054039";"Perugia";82;34;458;12;82;0;0;0;586;43;311;20;374;0;0;0;748;1334
"054039";"Perugia";83;30;489;18;86;0;0;0;623;36;295;25;478;0;0;0;834;1457
"054039";"Perugia";84;22;421;8;90;0;0;0;541;36;255;20;458;0;0;0;769;1310
"054039";"Perugia";85;23;384;12;103;0;0;0;522;42;239;16;477;0;0;0;774;1296
"054039";"Perugia";86;19;320;6;76;0;0;0;421;20;148;14;445;0;0;0;627;1048
"054039";"Perugia";87;10;230;4;79;0;0;0;323;35;108;12;398;0;0;0;553;876
"054039";"Perugia";88;8;211;3;64;0;0;0;286;20;85;10;387;0;0;0;502;788
"054039";"Perugia";89;15;166;8;76;0;0;0;265;25;63;2;389;0;0;0;479;744
"054039";"Perugia";90;9;149;3;68;0;0;0;229;22;48;5;341;0;0;0;416;645
"054039";"Perugia";91;8;109;0;57;0;0;0;174;20;36;3;283;0;0;0;342;516
"054039";"Perugia";92;5;85;1;60;0;0;0;151;20;19;5;243;0;0;0;287;438
"054039";"Perugia";93;5;64;0;41;0;0;0;110;11;14;4;218;0;0;0;247;357
"054039";"Perugia";94;2;39;0;28;0;0;0;69;8;7;3;156;0;0;0;174;243
"054039";"Perugia";95;0;27;0;24;0;0;0;51;9;3;5;137;0;0;0;154;205
"054039";"Perugia";96;1;9;0;19;0;0;0;29;3;6;0;109;0;0;0;118;147
"054039";"Perugia";97;1;11;0;12;0;0;0;24;6;1;2;66;0;0;0;75;99
"054039";"Perugia";98;0;6;0;4;0;0;0;10;7;0;1;64;0;0;0;72;82
"054039";"Perugia";99;1;2;0;6;0;0;0;9;3;0;1;32;0;0;0;36;45
"054039";"Perugia";100;2;0;0;6;0;0;0;8;2;0;0;45;0;0;0;47;55
"054039";"Perugia";999;38521;34888;2510;1979;93;2;0;77993;34125;35998;4025;9925;31;2;0;84106;162099
"054040";"Piegaro";0;6;0;0;0;;;;6;7;0;0;0;;;;7;13
"054040";"Piegaro";1;8;0;0;0;;;;8;12;0;0;0;;;;12;20
"054040";"Piegaro";2;12;0;0;0;;;;12;7;0;0;0;;;;7;19
"054040";"Piegaro";3;9;0;0;0;;;;9;9;0;0;0;;;;9;18
"054040";"Piegaro";4;9;0;0;0;;;;9;14;0;0;0;;;;14;23
"054040";"Piegaro";5;13;0;0;0;;;;13;9;0;0;0;;;;9;22
"054040";"Piegaro";6;9;0;0;0;;;;9;12;0;0;0;;;;12;21
"054040";"Piegaro";7;15;0;0;0;;;;15;11;0;0;0;;;;11;26
"054040";"Piegaro";8;18;0;0;0;;;;18;16;0;0;0;;;;16;34
"054040";"Piegaro";9;18;0;0;0;;;;18;8;0;0;0;;;;8;26
"054040";"Piegaro";10;11;0;0;0;;;;11;11;0;0;0;;;;11;22
"054040";"Piegaro";11;13;0;0;0;;;;13;10;0;0;0;;;;10;23
"054040";"Piegaro";12;13;0;0;0;;;;13;10;0;0;0;;;;10;23
"054040";"Piegaro";13;13;0;0;0;;;;13;15;0;0;0;;;;15;28
"054040";"Piegaro";14;25;0;0;0;;;;25;21;0;0;0;;;;21;46
"054040";"Piegaro";15;13;0;0;0;;;;13;15;0;0;0;;;;15;28
"054040";"Piegaro";16;14;0;0;0;;;;14;15;0;0;0;;;;15;29
"054040";"Piegaro";17;15;0;0;0;;;;15;18;0;0;0;;;;18;33
"054040";"Piegaro";18;15;0;0;0;;;;15;11;0;0;0;;;;11;26
"054040";"Piegaro";19;21;0;0;0;;;;21;16;0;0;0;;;;16;37
"054040";"Piegaro";20;16;0;0;0;;;;16;18;0;0;0;;;;18;34
"054040";"Piegaro";21;18;0;0;0;;;;18;10;1;0;0;;;;11;29
"054040";"Piegaro";22;13;0;0;0;;;;13;18;0;0;0;;;;18;31
"054040";"Piegaro";23;11;0;0;0;;;;11;14;0;0;0;;;;14;25
"054040";"Piegaro";24;11;1;0;0;;;;12;13;2;0;0;;;;15;27
"054040";"Piegaro";25;10;0;0;0;;;;10;9;1;0;0;;;;10;20
"054040";"Piegaro";26;13;1;0;0;;;;14;9;2;0;0;;;;11;25
"054040";"Piegaro";27;11;0;0;0;;;;11;13;2;0;0;;;;15;26
"054040";"Piegaro";28;12;1;0;0;;;;13;12;1;0;0;;;;13;26
"054040";"Piegaro";29;20;1;0;0;;;;21;16;2;0;0;;;;18;39
"054040";"Piegaro";30;14;0;0;0;;;;14;13;4;0;0;;;;17;31
"054040";"Piegaro";31;15;1;0;0;;;;16;12;4;0;0;;;;16;32
"054040";"Piegaro";32;16;1;0;0;;;;17;7;2;0;0;;;;9;26
"054040";"Piegaro";33;13;3;0;0;;;;16;10;3;1;0;;;;14;30
"054040";"Piegaro";34;3;6;0;0;;;;9;8;7;0;0;;;;15;24
"054040";"Piegaro";35;13;5;0;0;;;;18;9;9;0;0;;;;18;36
"054040";"Piegaro";36;10;9;0;0;;;;19;9;7;0;0;;;;16;35
"054040";"Piegaro";37;10;4;0;0;;;;14;10;8;0;0;;;;18;32
"054040";"Piegaro";38;13;4;0;0;;;;17;8;15;0;0;;;;23;40
"054040";"Piegaro";39;12;10;0;0;;;;22;8;10;0;1;;;;19;41
"054040";"Piegaro";40;6;10;0;0;;;;16;11;10;1;0;;;;22;38
"054040";"Piegaro";41;10;9;1;0;;;;20;5;12;1;0;;;;18;38
"054040";"Piegaro";42;11;6;1;0;;;;18;7;13;0;0;;;;20;38
"054040";"Piegaro";43;10;15;0;0;;;;25;6;14;2;0;;;;22;47
"054040";"Piegaro";44;10;9;1;0;;;;20;5;23;0;0;;;;28;48
"054040";"Piegaro";45;13;10;0;0;;;;23;6;10;1;0;;;;17;40
"054040";"Piegaro";46;3;15;0;0;;;;18;9;11;8;0;;;;28;46
"054040";"Piegaro";47;11;21;0;0;;;;32;4;13;0;0;;;;17;49
"054040";"Piegaro";48;11;11;0;0;;;;22;3;16;0;0;;;;19;41
"054040";"Piegaro";49;6;15;0;0;;;;21;4;22;1;1;;;;28;49
"054040";"Piegaro";50;7;20;0;0;;;;27;9;17;2;0;;;;28;55
"054040";"Piegaro";51;8;19;1;0;;;;28;4;24;3;1;;;;32;60
"054040";"Piegaro";52;6;19;3;1;;;;29;3;20;0;2;;;;25;54
"054040";"Piegaro";53;8;18;2;0;;;;28;4;26;1;0;;;;31;59
"054040";"Piegaro";54;7;21;4;0;;;;32;6;19;3;2;;;;30;62
"054040";"Piegaro";55;3;9;3;1;;;;16;6;17;0;2;;;;25;41
"054040";"Piegaro";56;5;17;1;0;;;;23;3;18;4;1;;;;26;49
"054040";"Piegaro";57;5;19;2;0;;;;26;2;14;3;1;;;;20;46
"054040";"Piegaro";58;2;21;2;0;;;;25;3;31;4;4;;;;42;67
"054040";"Piegaro";59;3;16;2;1;;;;22;3;17;1;3;;;;24;46
"054040";"Piegaro";60;2;16;3;1;;;;22;2;25;0;3;;;;30;52
"054040";"Piegaro";61;4;17;1;2;;;;24;2;23;1;1;;;;27;51
"054040";"Piegaro";62;5;26;0;2;;;;33;1;18;2;6;;;;27;60
"054040";"Piegaro";63;4;24;0;1;;;;29;0;24;3;2;;;;29;58
"054040";"Piegaro";64;3;18;1;0;;;;22;2;11;0;4;;;;17;39
"054040";"Piegaro";65;3;31;3;1;;;;38;1;25;0;2;;;;28;66
"054040";"Piegaro";66;3;17;2;0;;;;22;1;22;1;6;;;;30;52
"054040";"Piegaro";67;2;22;3;1;;;;28;4;16;1;3;;;;24;52
"054040";"Piegaro";68;4;12;0;2;;;;18;1;29;0;2;;;;32;50
"054040";"Piegaro";69;0;21;0;0;;;;21;4;13;0;2;;;;19;40
"054040";"Piegaro";70;3;21;1;0;;;;25;1;14;1;4;;;;20;45
"054040";"Piegaro";71;0;21;1;2;;;;24;2;15;1;1;;;;19;43
"054040";"Piegaro";72;1;18;0;0;;;;19;0;15;0;4;;;;19;38
"054040";"Piegaro";73;1;17;0;2;;;;20;2;14;0;4;;;;20;40
"054040";"Piegaro";74;1;17;1;0;;;;19;2;15;1;9;;;;27;46
"054040";"Piegaro";75;0;17;0;2;;;;19;4;14;0;12;;;;30;49
"054040";"Piegaro";76;2;13;2;4;;;;21;0;18;0;6;;;;24;45
"054040";"Piegaro";77;0;22;0;0;;;;22;1;7;1;6;;;;15;37
"054040";"Piegaro";78;0;12;0;0;;;;12;0;7;0;6;;;;13;25
"054040";"Piegaro";79;1;9;0;4;;;;14;0;12;0;8;;;;20;34
"054040";"Piegaro";80;1;13;0;2;;;;16;1;10;0;11;;;;22;38
"054040";"Piegaro";81;0;13;0;1;;;;14;1;7;0;8;;;;16;30
"054040";"Piegaro";82;0;5;0;3;;;;8;0;5;0;10;;;;15;23
"054040";"Piegaro";83;0;11;0;3;;;;14;0;5;0;16;;;;21;35
"054040";"Piegaro";84;0;12;0;0;;;;12;0;6;1;6;;;;13;25
"054040";"Piegaro";85;0;14;0;1;;;;15;0;3;0;12;;;;15;30
"054040";"Piegaro";86;0;5;0;3;;;;8;1;4;0;13;;;;18;26
"054040";"Piegaro";87;2;10;0;1;;;;13;1;6;1;15;;;;23;36
"054040";"Piegaro";88;0;6;0;0;;;;6;0;3;1;8;;;;12;18
"054040";"Piegaro";89;0;4;0;0;;;;4;0;2;0;7;;;;9;13
"054040";"Piegaro";90;0;4;0;1;;;;5;0;2;1;3;;;;6;11
"054040";"Piegaro";91;0;1;0;1;;;;2;0;0;0;5;;;;5;7
"054040";"Piegaro";92;0;3;0;2;;;;5;0;0;0;4;;;;4;9
"054040";"Piegaro";93;0;0;0;0;;;;0;0;0;0;3;;;;3;3
"054040";"Piegaro";94;0;1;0;0;;;;1;0;0;0;6;;;;6;7
"054040";"Piegaro";95;0;0;0;1;;;;1;0;0;0;4;;;;4;5
"054040";"Piegaro";96;0;2;0;1;;;;3;0;0;0;3;;;;3;6
"054040";"Piegaro";97;0;0;0;0;;;;0;0;0;0;1;;;;1;1
"054040";"Piegaro";98;0;0;0;0;;;;0;0;0;0;3;;;;3;3
"054040";"Piegaro";99;0;0;0;0;;;;0;0;0;0;0;;;;0;0
"054040";"Piegaro";100;0;0;0;0;;;;0;0;0;0;0;;;;0;0
"054040";"Piegaro";999;711;822;41;47;;;;1621;610;817;52;247;;;;1726;3347
"054041";"Pietralunga";0;6;0;0;0;;;;6;2;0;0;0;;;;2;8
"054041";"Pietralunga";1;10;0;0;0;;;;10;6;0;0;0;;;;6;16
"054041";"Pietralunga";2;6;0;0;0;;;;6;5;0;0;0;;;;5;11
"054041";"Pietralunga";3;4;0;0;0;;;;4;6;0;0;0;;;;6;10
"054041";"Pietralunga";4;5;0;0;0;;;;5;4;0;0;0;;;;4;9
"054041";"Pietralunga";5;4;0;0;0;;;;4;8;0;0;0;;;;8;12
"054041";"Pietralunga";6;5;0;0;0;;;;5;5;0;0;0;;;;5;10
"054041";"Pietralunga";7;3;0;0;0;;;;3;9;0;0;0;;;;9;12
"054041";"Pietralunga";8;7;0;0;0;;;;7;9;0;0;0;;;;9;16
"054041";"Pietralunga";9;14;0;0;0;;;;14;3;0;0;0;;;;3;17
"054041";"Pietralunga";10;4;0;0;0;;;;4;9;0;0;0;;;;9;13
"054041";"Pietralunga";11;3;0;0;0;;;;3;2;0;0;0;;;;2;5
"054041";"Pietralunga";12;4;0;0;0;;;;4;8;0;0;0;;;;8;12
"054041";"Pietralunga";13;5;0;0;0;;;;5;11;0;0;0;;;;11;16
"054041";"Pietralunga";14;11;0;0;0;;;;11;5;0;0;0;;;;5;16
"054041";"Pietralunga";15;7;0;0;0;;;;7;7;0;0;0;;;;7;14
"054041";"Pietralunga";16;4;0;0;0;;;;4;11;0;0;0;;;;11;15
"054041";"Pietralunga";17;5;0;0;0;;;;5;17;0;0;0;;;;17;22
"054041";"Pietralunga";18;4;0;0;0;;;;4;9;0;0;0;;;;9;13
"054041";"Pietralunga";19;13;0;0;0;;;;13;9;0;0;0;;;;9;22
"054041";"Pietralunga";20;4;0;0;0;;;;4;10;0;0;0;;;;10;14
"054041";"Pietralunga";21;6;0;0;0;;;;6;6;0;0;0;;;;6;12
"054041";"Pietralunga";22;10;0;0;0;;;;10;7;0;0;0;;;;7;17
"054041";"Pietralunga";23;9;0;0;0;;;;9;17;0;0;0;;;;17;26
"054041";"Pietralunga";24;11;0;0;0;;;;11;8;1;0;0;;;;9;20
"054041";"Pietralunga";25;13;0;0;0;;;;13;10;1;0;0;;;;11;24
"054041";"Pietralunga";26;11;1;0;0;;;;12;3;0;0;0;;;;3;15
"054041";"Pietralunga";27;10;0;0;0;;;;10;7;1;0;0;;;;8;18
"054041";"Pietralunga";28;10;0;0;0;;;;10;8;2;0;0;;;;10;20
"054041";"Pietralunga";29;9;0;0;0;;;;9;7;1;0;0;;;;8;17
"054041";"Pietralunga";30;12;1;0;0;;;;13;13;1;0;0;;;;14;27
"054041";"Pietralunga";31;4;3;0;0;;;;7;1;3;0;0;;;;4;11
"054041";"Pietralunga";32;11;1;0;0;;;;12;5;3;0;0;;;;8;20
"054041";"Pietralunga";33;7;1;0;0;;;;8;12;4;0;0;;;;16;24
"054041";"Pietralunga";34;10;4;0;0;;;;14;10;2;0;0;;;;12;26
"054041";"Pietralunga";35;10;1;0;0;;;;11;5;4;1;0;;;;10;21
"054041";"Pietralunga";36;6;4;0;0;;;;10;7;1;0;0;;;;8;18
"054041";"Pietralunga";37;9;2;0;0;;;;11;5;2;0;0;;;;7;18
"054041";"Pietralunga";38;10;4;2;0;;;;16;2;4;1;0;;;;7;23
"054041";"Pietralunga";39;12;3;0;0;;;;15;7;8;0;0;;;;15;30
"054041";"Pietralunga";40;5;5;0;0;;;;10;10;7;1;0;;;;18;28
"054041";"Pietralunga";41;7;3;1;0;;;;11;6;4;1;1;;;;12;23
"054041";"Pietralunga";42;7;6;0;0;;;;13;1;3;1;0;;;;5;18
"054041";"Pietralunga";43;10;2;0;0;;;;12;3;4;1;1;;;;9;21
"054041";"Pietralunga";44;5;6;0;0;;;;11;4;7;0;1;;;;12;23
"054041";"Pietralunga";45;10;5;1;0;;;;16;5;4;1;0;;;;10;26
"054041";"Pietralunga";46;8;5;0;0;;;;13;3;6;0;0;;;;9;22
"054041";"Pietralunga";47;7;7;0;0;;;;14;4;6;0;0;;;;10;24
"054041";"Pietralunga";48;9;4;2;1;;;;16;2;3;1;0;;;;6;22
"054041";"Pietralunga";49;4;8;1;0;;;;13;3;8;1;0;;;;12;25
"054041";"Pietralunga";50;7;5;1;1;;;;14;5;9;0;0;;;;14;28
"054041";"Pietralunga";51;2;7;1;0;;;;10;2;12;2;0;;;;16;26
"054041";"Pietralunga";52;6;9;0;0;;;;15;2;7;1;1;;;;11;26
"054041";"Pietralunga";53;4;7;0;0;;;;11;3;11;1;0;;;;15;26
"054041";"Pietralunga";54;2;10;0;0;;;;12;1;13;2;0;;;;16;28
"054041";"Pietralunga";55;9;7;0;0;;;;16;1;7;0;0;;;;8;24
"054041";"Pietralunga";56;3;16;0;0;;;;19;2;13;0;3;;;;18;37
"054041";"Pietralunga";57;5;9;4;0;;;;18;0;18;2;4;;;;24;42
"054041";"Pietralunga";58;3;9;3;1;;;;16;0;10;0;2;;;;12;28
"054041";"Pietralunga";59;3;13;3;0;;;;19;2;11;2;1;;;;16;35
"054041";"Pietralunga";60;10;9;0;0;;;;19;2;16;3;0;;;;21;40
"054041";"Pietralunga";61;1;11;1;0;;;;13;1;16;0;1;;;;18;31
"054041";"Pietralunga";62;1;14;0;1;;;;16;2;9;1;3;;;;15;31
"054041";"Pietralunga";63;3;10;2;2;;;;17;2;11;0;1;;;;14;31
"054041";"Pietralunga";64;2;16;1;1;;;;20;2;13;0;0;;;;15;35
"054041";"Pietralunga";65;1;10;0;0;;;;11;5;12;1;3;;;;21;32
"054041";"Pietralunga";66;1;6;0;0;;;;7;1;11;0;5;;;;17;24
"054041";"Pietralunga";67;1;20;0;2;;;;23;3;8;0;3;;;;14;37
"054041";"Pietralunga";68;3;14;0;0;;;;17;1;13;2;1;;;;17;34
"054041";"Pietralunga";69;1;12;0;1;;;;14;0;7;1;2;;;;10;24
"054041";"Pietralunga";70;3;18;1;0;;;;22;2;9;2;0;;;;13;35
"054041";"Pietralunga";71;1;13;0;0;;;;14;1;10;0;4;;;;15;29
"054041";"Pietralunga";72;1;10;1;2;;;;14;0;12;0;4;;;;16;30
"054041";"Pietralunga";73;4;6;0;1;;;;11;0;5;1;2;;;;8;19
"054041";"Pietralunga";74;3;6;0;2;;;;11;1;7;0;5;;;;13;24
"054041";"Pietralunga";75;0;8;0;1;;;;9;1;7;0;7;;;;15;24
"054041";"Pietralunga";76;2;9;0;2;;;;13;1;4;0;3;;;;8;21
"054041";"Pietralunga";77;2;7;0;0;;;;9;0;8;0;5;;;;13;22
"054041";"Pietralunga";78;3;15;0;2;;;;20;0;2;0;4;;;;6;26
"054041";"Pietralunga";79;1;1;0;2;;;;4;0;4;0;6;;;;10;14
"054041";"Pietralunga";80;0;9;1;2;;;;12;0;3;0;2;;;;5;17
"054041";"Pietralunga";81;0;5;0;0;;;;5;1;1;0;4;;;;6;11
"054041";"Pietralunga";82;0;2;0;1;;;;3;0;3;0;4;;;;7;10
"054041";"Pietralunga";83;1;4;0;1;;;;6;0;5;0;9;;;;14;20
"054041";"Pietralunga";84;0;5;1;0;;;;6;1;1;0;9;;;;11;17
"054041";"Pietralunga";85;1;7;0;1;;;;9;1;5;0;9;;;;15;24
"054041";"Pietralunga";86;1;4;0;1;;;;6;1;1;0;9;;;;11;17
"054041";"Pietralunga";87;1;1;0;0;;;;2;0;1;0;13;;;;14;16
"054041";"Pietralunga";88;0;3;0;1;;;;4;0;1;0;8;;;;9;13
"054041";"Pietralunga";89;0;2;0;1;;;;3;0;1;0;7;;;;8;11
"054041";"Pietralunga";90;0;4;0;2;;;;6;0;0;0;9;;;;9;15
"054041";"Pietralunga";91;2;0;0;1;;;;3;0;1;0;3;;;;4;7
"054041";"Pietralunga";92;0;1;1;1;;;;3;0;1;0;6;;;;7;10
"054041";"Pietralunga";93;0;1;0;1;;;;2;0;0;0;3;;;;3;5
"054041";"Pietralunga";94;0;0;0;0;;;;0;0;0;0;3;;;;3;3
"054041";"Pietralunga";95;0;0;0;1;;;;1;0;0;0;2;;;;2;3
"054041";"Pietralunga";96;1;2;0;0;;;;3;0;0;0;1;;;;1;4
"054041";"Pietralunga";97;0;1;0;0;;;;1;0;0;0;2;;;;2;3
"054041";"Pietralunga";98;0;0;0;0;;;;0;0;0;0;1;;;;1;1
"054041";"Pietralunga";99;0;0;0;0;;;;0;0;0;0;0;;;;0;0
"054041";"Pietralunga";100;0;0;0;0;;;;0;1;0;0;0;;;;1;1
"054041";"Pietralunga";999;475;434;28;36;;;;973;384;409;30;177;;;;1000;1973
"054042";"Poggiodomo";0;0;0;0;0;;;;0;0;0;0;0;;;;0;0
"054042";"Poggiodomo";1;0;0;0;0;;;;0;0;0;0;0;;;;0;0
"054042";"Poggiodomo";2;0;0;0;0;;;;0;1;0;0;0;;;;1;1
"054042";"Poggiodomo";3;0;0;0;0;;;;0;0;0;0;0;;;;0;0
"054042";"Poggiodomo";4;0;0;0;0;;;;0;0;0;0;0;;;;0;0
"054042";"Poggiodomo";5;1;0;0;0;;;;1;1;0;0;0;;;;1;2
"054042";"Poggiodomo";6;0;0;0;0;;;;0;0;0;0;0;;;;0;0
"054042";"Poggiodomo";7;0;0;0;0;;;;0;0;0;0;0;;;;0;0
"054042";"Poggiodomo";8;0;0;0;0;;;;0;0;0;0;0;;;;0;0
"054042";"Poggiodomo";9;1;0;0;0;;;;1;0;0;0;0;;;;0;1
"054042";"Poggiodomo";10;0;0;0;0;;;;0;0;0;0;0;;;;0;0
"054042";"Poggiodomo";11;0;0;0;0;;;;0;0;0;0;0;;;;0;0
"054042";"Poggiodomo";12;0;0;0;0;;;;0;0;0;0;0;;;;0;0
"054042";"Poggiodomo";13;0;0;0;0;;;;0;0;0;0;0;;;;0;0
"054042";"Poggiodomo";14;0;0;0;0;;;;0;0;0;0;0;;;;0;0
"054042";"Poggiodomo";15;0;0;0;0;;;;0;0;0;0;0;;;;0;0
"054042";"Poggiodomo";16;0;0;0;0;;;;0;0;0;0;0;;;;0;0
"054042";"Poggiodomo";17;0;0;0;0;;;;0;0;0;0;0;;;;0;0
"054042";"Poggiodomo";18;1;0;0;0;;;;1;0;0;0;0;;;;0;1
"054042";"Poggiodomo";19;0;0;0;0;;;;0;0;0;0;0;;;;0;0
"054042";"Poggiodomo";20;0;0;0;0;;;;0;0;0;0;0;;;;0;0
"054042";"Poggiodomo";21;1;0;0;0;;;;1;0;0;0;0;;;;0;1
"054042";"Poggiodomo";22;0;0;0;0;;;;0;0;0;0;0;;;;0;0
"054042";"Poggiodomo";23;0;0;0;0;;;;0;0;0;0;0;;;;0;0
"054042";"Poggiodomo";24;0;0;0;0;;;;0;0;0;0;0;;;;0;0
"054042";"Poggiodomo";25;0;0;0;0;;;;0;0;0;0;0;;;;0;0
"054042";"Poggiodomo";26;0;0;0;0;;;;0;0;0;0;0;;;;0;0
"054042";"Poggiodomo";27;1;0;0;0;;;;1;0;0;0;0;;;;0;1
"054042";"Poggiodomo";28;0;0;0;0;;;;0;0;0;0;0;;;;0;0
"054042";"Poggiodomo";29;0;0;0;0;;;;0;0;0;0;0;;;;0;0
"054042";"Poggiodomo";30;0;0;0;0;;;;0;0;0;0;0;;;;0;0
"054042";"Poggiodomo";31;0;0;0;0;;;;0;0;0;0;0;;;;0;0
"054042";"Poggiodomo";32;0;0;0;0;;;;0;0;0;0;0;;;;0;0
"054042";"Poggiodomo";33;0;0;0;0;;;;0;0;0;0;0;;;;0;0
"054042";"Poggiodomo";34;0;1;0;0;;;;1;0;0;0;0;;;;0;1
"054042";"Poggiodomo";35;0;0;0;0;;;;0;0;0;0;0;;;;0;0
"054042";"Poggiodomo";36;0;0;0;0;;;;0;0;0;0;0;;;;0;0
"054042";"Poggiodomo";37;0;1;0;0;;;;1;0;0;0;0;;;;0;1
"054042";"Poggiodomo";38;0;0;0;0;;;;0;1;0;0;0;;;;1;1
"054042";"Poggiodomo";39;0;0;0;0;;;;0;0;0;0;0;;;;0;0
"054042";"Poggiodomo";40;0;0;0;0;;;;0;0;0;0;0;;;;0;0
"054042";"Poggiodomo";41;0;0;0;0;;;;0;0;0;0;0;;;;0;0
"054042";"Poggiodomo";42;0;0;0;0;;;;0;0;1;0;0;;;;1;1
"054042";"Poggiodomo";43;0;1;0;0;;;;1;0;1;0;0;;;;1;2
"054042";"Poggiodomo";44;0;0;0;0;;;;0;0;0;0;0;;;;0;0
"054042";"Poggiodomo";45;0;0;1;0;;;;1;0;1;1;0;;;;2;3
"054042";"Poggiodomo";46;0;0;0;0;;;;0;0;0;0;0;;;;0;0
"054042";"Poggiodomo";47;2;0;0;0;;;;2;0;0;0;0;;;;0;2
"054042";"Poggiodomo";48;0;0;0;0;;;;0;1;0;0;0;;;;1;1
"054042";"Poggiodomo";49;1;0;0;0;;;;1;0;0;0;0;;;;0;1
"054042";"Poggiodomo";50;1;1;0;0;;;;2;0;0;0;0;;;;0;2
"054042";"Poggiodomo";51;0;0;0;0;;;;0;0;0;0;0;;;;0;0
"054042";"Poggiodomo";52;1;0;0;0;;;;1;0;1;0;0;;;;1;2
"054042";"Poggiodomo";53;0;1;0;0;;;;1;0;0;0;0;;;;0;1
"054042";"Poggiodomo";54;0;0;0;0;;;;0;0;0;0;0;;;;0;0
"054042";"Poggiodomo";55;0;0;0;0;;;;0;0;0;0;0;;;;0;0
"054042";"Poggiodomo";56;0;0;0;0;;;;0;0;0;0;0;;;;0;0
"054042";"Poggiodomo";57;1;0;0;0;;;;1;0;0;0;0;;;;0;1
"054042";"Poggiodomo";58;0;1;0;0;;;;1;0;2;0;0;;;;2;3
"054042";"Poggiodomo";59;0;1;0;0;;;;1;0;1;0;0;;;;1;2
"054042";"Poggiodomo";60;0;0;0;0;;;;0;0;2;0;0;;;;2;2
"054042";"Poggiodomo";61;0;0;0;0;;;;0;0;0;0;0;;;;0;0
"054042";"Poggiodomo";62;1;0;0;0;;;;1;0;3;0;0;;;;3;4
"054042";"Poggiodomo";63;1;1;0;0;;;;2;1;0;0;0;;;;1;3
"054042";"Poggiodomo";64;0;1;1;0;;;;2;0;3;0;0;;;;3;5
"054042";"Poggiodomo";65;0;1;0;0;;;;1;0;0;0;0;;;;0;1
"054042";"Poggiodomo";66;1;1;0;0;;;;2;0;0;0;0;;;;0;2
"054042";"Poggiodomo";67;0;0;0;0;;;;0;0;0;0;0;;;;0;0
"054042";"Poggiodomo";68;0;1;0;0;;;;1;0;0;0;0;;;;0;1
"054042";"Poggiodomo";69;0;1;0;0;;;;1;0;0;0;0;;;;0;1
"054042";"Poggiodomo";70;0;0;0;0;;;;0;1;0;0;0;;;;1;1
"054042";"Poggiodomo";71;0;1;0;0;;;;1;0;0;0;0;;;;0;1
"054042";"Poggiodomo";72;0;0;0;0;;;;0;0;1;0;0;;;;1;1
"054042";"Poggiodomo";73;0;1;0;0;;;;1;0;0;0;1;;;;1;2
"054042";"Poggiodomo";74;0;0;0;0;;;;0;0;1;0;0;;;;1;1
"054042";"Poggiodomo";75;0;5;0;0;;;;5;0;1;0;1;;;;2;7
"054042";"Poggiodomo";76;1;0;0;0;;;;1;0;3;0;0;;;;3;4
"054042";"Poggiodomo";77;0;1;0;1;;;;2;1;0;0;0;;;;1;3
"054042";"Poggiodomo";78;0;0;0;0;;;;0;0;0;0;0;;;;0;0
"054042";"Poggiodomo";79;0;1;0;0;;;;1;0;0;0;1;;;;1;2
"054042";"Poggiodomo";80;0;1;1;0;;;;2;0;0;0;0;;;;0;2
"054042";"Poggiodomo";81;0;0;0;1;;;;1;0;0;0;1;;;;1;2
"054042";"Poggiodomo";82;1;0;0;0;;;;1;0;2;0;0;;;;2;3
"054042";"Poggiodomo";83;0;1;0;0;;;;1;0;0;0;0;;;;0;1
"054042";"Poggiodomo";84;0;0;0;0;;;;0;0;0;0;1;;;;1;1
"054042";"Poggiodomo";85;0;0;0;0;;;;0;0;0;0;0;;;;0;0
"054042";"Poggiodomo";86;0;1;0;0;;;;1;0;0;0;0;;;;0;1
"054042";"Poggiodomo";87;0;0;0;0;;;;0;0;1;0;0;;;;1;1
"054042";"Poggiodomo";88;0;0;0;0;;;;0;0;0;0;0;;;;0;0
"054042";"Poggiodomo";89;0;0;0;0;;;;0;0;0;0;0;;;;0;0
"054042";"Poggiodomo";90;0;2;0;0;;;;2;0;0;0;0;;;;0;2
"054042";"Poggiodomo";91;0;0;0;0;;;;0;0;0;0;0;;;;0;0
"054042";"Poggiodomo";92;0;0;0;0;;;;0;0;0;0;0;;;;0;0
"054042";"Poggiodomo";93;0;2;0;0;;;;2;0;0;0;0;;;;0;2
"054042";"Poggiodomo";94;0;0;0;0;;;;0;0;0;0;2;;;;2;2
"054042";"Poggiodomo";95;0;1;0;0;;;;1;0;0;0;0;;;;0;1
"054042";"Poggiodomo";96;0;0;0;0;;;;0;0;0;0;0;;;;0;0
"054042";"Poggiodomo";97;0;0;0;0;;;;0;0;0;0;1;;;;1;1
"054042";"Poggiodomo";98;0;0;0;0;;;;0;0;0;0;0;;;;0;0
"054042";"Poggiodomo";99;0;0;0;0;;;;0;0;0;0;0;;;;0;0
"054042";"Poggiodomo";100;0;0;0;0;;;;0;0;0;0;0;;;;0;0
"054042";"Poggiodomo";999;16;30;3;2;;;;51;7;24;1;8;;;;40;91
"054043";"Preci";0;5;0;0;0;;;;5;4;0;0;0;;;;4;9
"054043";"Preci";1;3;0;0;0;;;;3;3;0;0;0;;;;3;6
"054043";"Preci";2;4;0;0;0;;;;4;3;0;0;0;;;;3;7
"054043";"Preci";3;1;0;0;0;;;;1;1;0;0;0;;;;1;2
"054043";"Preci";4;4;0;0;0;;;;4;6;0;0;0;;;;6;10
"054043";"Preci";5;0;0;0;0;;;;0;3;0;0;0;;;;3;3
"054043";"Preci";6;2;0;0;0;;;;2;2;0;0;0;;;;2;4
"054043";"Preci";7;3;0;0;0;;;;3;3;0;0;0;;;;3;6
"054043";"Preci";8;2;0;0;0;;;;2;2;0;0;0;;;;2;4
"054043";"Preci";9;0;0;0;0;;;;0;0;0;0;0;;;;0;0
"054043";"Preci";10;3;0;0;0;;;;3;1;0;0;0;;;;1;4
"054043";"Preci";11;2;0;0;0;;;;2;3;0;0;0;;;;3;5
"054043";"Preci";12;4;0;0;0;;;;4;1;0;0;0;;;;1;5
"054043";"Preci";13;4;0;0;0;;;;4;1;0;0;0;;;;1;5
"054043";"Preci";14;3;0;0;0;;;;3;2;0;0;0;;;;2;5
"054043";"Preci";15;0;0;0;0;;;;0;2;0;0;0;;;;2;2
"054043";"Preci";16;3;0;0;0;;;;3;2;0;0;0;;;;2;5
"054043";"Preci";17;1;0;0;0;;;;1;2;0;0;0;;;;2;3
"054043";"Preci";18;3;0;0;0;;;;3;1;0;0;0;;;;1;4
"054043";"Preci";19;2;0;0;0;;;;2;1;0;0;0;;;;1;3
"054043";"Preci";20;2;0;0;0;;;;2;0;0;0;0;;;;0;2
"054043";"Preci";21;2;0;0;0;;;;2;2;0;0;0;;;;2;4
"054043";"Preci";22;2;0;0;0;;;;2;2;0;0;0;;;;2;4
"054043";"Preci";23;3;0;0;0;;;;3;4;0;0;0;;;;4;7
"054043";"Preci";24;3;0;0;0;;;;3;2;0;0;0;;;;2;5
"054043";"Preci";25;3;1;0;0;;;;4;1;0;0;0;;;;1;5
"054043";"Preci";26;3;0;0;0;;;;3;1;1;0;0;;;;2;5
"054043";"Preci";27;4;0;0;0;;;;4;5;1;0;0;;;;6;10
"054043";"Preci";28;3;1;0;0;;;;4;4;2;0;0;;;;6;10
"054043";"Preci";29;1;0;0;0;;;;1;5;1;0;0;;;;6;7
"054043";"Preci";30;0;1;0;0;;;;1;3;1;0;0;;;;4;5
"054043";"Preci";31;2;2;0;0;;;;4;3;1;0;0;;;;4;8
"054043";"Preci";32;6;1;0;0;;;;7;1;1;0;0;;;;2;9
"054043";"Preci";33;3;4;0;0;;;;7;0;1;0;1;;;;2;9
"054043";"Preci";34;2;0;0;0;;;;2;1;3;1;0;;;;5;7
"054043";"Preci";35;2;2;0;0;;;;4;1;2;0;0;;;;3;7
"054043";"Preci";36;3;2;1;0;;;;6;2;2;0;0;;;;4;10
"054043";"Preci";37;3;1;0;0;;;;4;1;0;1;0;;;;2;6
"054043";"Preci";38;3;0;0;0;;;;3;3;1;0;0;;;;4;7
"054043";"Preci";39;0;1;0;0;;;;1;5;2;0;0;;;;7;8
"054043";"Preci";40;2;4;0;0;;;;6;2;2;0;0;;;;4;10
"054043";"Preci";41;4;2;0;0;;;;6;1;2;0;0;;;;3;9
"054043";"Preci";42;2;2;0;0;;;;4;1;2;0;0;;;;3;7
"054043";"Preci";43;4;2;0;0;;;;6;1;4;0;0;;;;5;11
"054043";"Preci";44;2;0;0;0;;;;2;0;1;1;0;;;;2;4
"054043";"Preci";45;0;1;0;0;;;;1;2;0;0;0;;;;2;3
"054043";"Preci";46;2;4;0;0;;;;6;0;0;0;0;;;;0;6
"054043";"Preci";47;2;1;0;0;;;;3;1;2;0;0;;;;3;6
"054043";"Preci";48;2;1;0;0;;;;3;0;4;0;0;;;;4;7
"054043";"Preci";49;2;5;0;0;;;;7;1;3;0;0;;;;4;11
"054043";"Preci";50;1;5;1;0;;;;7;0;2;0;0;;;;2;9
"054043";"Preci";51;3;1;0;0;;;;4;3;2;0;0;;;;5;9
"054043";"Preci";52;5;2;0;0;;;;7;2;1;0;0;;;;3;10
"054043";"Preci";53;3;1;2;0;;;;6;2;7;0;1;;;;10;16
"054043";"Preci";54;4;3;0;0;;;;7;2;2;2;0;;;;6;13
"054043";"Preci";55;1;5;0;0;;;;6;0;3;0;1;;;;4;10
"054043";"Preci";56;3;4;1;0;;;;8;1;5;0;0;;;;6;14
"054043";"Preci";57;0;0;2;0;;;;2;1;3;1;0;;;;5;7
"054043";"Preci";58;2;3;0;0;;;;5;0;5;1;0;;;;6;11
"054043";"Preci";59;3;5;1;0;;;;9;1;10;0;0;;;;11;20
"054043";"Preci";60;1;1;0;0;;;;2;1;5;0;1;;;;7;9
"054043";"Preci";61;1;4;1;0;;;;6;0;3;0;1;;;;4;10
"054043";"Preci";62;2;7;1;0;;;;10;0;3;1;1;;;;5;15
"054043";"Preci";63;1;6;0;0;;;;7;0;5;0;0;;;;5;12
"054043";"Preci";64;1;5;0;0;;;;6;0;5;0;1;;;;6;12
"054043";"Preci";65;0;8;0;0;;;;8;1;3;2;2;;;;8;16
"054043";"Preci";66;3;3;0;0;;;;6;0;5;0;0;;;;5;11
"054043";"Preci";67;1;1;0;1;;;;3;0;5;0;0;;;;5;8
"054043";"Preci";68;0;8;0;0;;;;8;0;5;0;1;;;;6;14
"054043";"Preci";69;0;3;1;0;;;;4;1;3;0;1;;;;5;9
"054043";"Preci";70;1;5;1;0;;;;7;1;2;0;2;;;;5;12
"054043";"Preci";71;0;5;0;0;;;;5;0;2;1;0;;;;3;8
"054043";"Preci";72;0;7;0;0;;;;7;0;2;0;0;;;;2;9
"054043";"Preci";73;0;4;1;1;;;;6;1;4;1;2;;;;8;14
"054043";"Preci";74;1;3;1;0;;;;5;0;1;0;2;;;;3;8
"054043";"Preci";75;1;3;0;0;;;;4;0;2;0;3;;;;5;9
"054043";"Preci";76;2;2;0;0;;;;4;1;2;0;1;;;;4;8
"054043";"Preci";77;0;3;0;1;;;;4;0;2;0;2;;;;4;8
"054043";"Preci";78;0;2;0;1;;;;3;0;1;0;1;;;;2;5
"054043";"Preci";79;0;6;1;0;;;;7;0;0;0;2;;;;2;9
"054043";"Preci";80;0;1;0;1;;;;2;0;3;0;2;;;;5;7
"054043";"Preci";81;0;0;0;0;;;;0;0;1;0;1;;;;2;2
"054043";"Preci";82;0;0;0;0;;;;0;0;2;1;5;;;;8;8
"054043";"Preci";83;0;4;0;0;;;;4;0;1;0;0;;;;1;5
"054043";"Preci";84;0;0;0;0;;;;0;0;2;0;3;;;;5;5
"054043";"Preci";85;0;1;0;0;;;;1;0;1;0;0;;;;1;2
"054043";"Preci";86;0;1;0;0;;;;1;0;1;0;5;;;;6;7
"054043";"Preci";87;0;2;0;0;;;;2;0;1;1;5;;;;7;9
"054043";"Preci";88;0;1;0;0;;;;1;0;0;0;1;;;;1;2
"054043";"Preci";89;0;2;0;1;;;;3;0;2;0;1;;;;3;6
"054043";"Preci";90;0;0;0;1;;;;1;0;0;0;1;;;;1;2
"054043";"Preci";91;0;2;0;0;;;;2;0;0;0;2;;;;2;4
"054043";"Preci";92;0;2;0;0;;;;2;0;0;0;3;;;;3;5
"054043";"Preci";93;0;0;0;0;;;;0;0;0;0;0;;;;0;0
"054043";"Preci";94;0;0;0;1;;;;1;0;0;0;2;;;;2;3
"054043";"Preci";95;0;1;0;0;;;;1;1;0;0;2;;;;3;4
"054043";"Preci";96;0;0;0;0;;;;0;1;0;0;0;;;;1;1
"054043";"Preci";97;0;0;0;0;;;;0;0;0;0;0;;;;0;0
"054043";"Preci";98;0;0;0;0;;;;0;0;0;0;0;;;;0;0
"054043";"Preci";99;0;0;0;0;;;;0;0;0;0;0;;;;0;0
"054043";"Preci";100;0;0;0;0;;;;0;0;0;0;0;;;;0;0
"054043";"Preci";999;161;170;15;8;;;;354;118;153;14;59;;;;344;698
"054044";"San Giustino";0;38;0;0;0;;;;38;33;0;0;0;;;;33;71
"054044";"San Giustino";1;38;0;0;0;;;;38;34;0;0;0;;;;34;72
"054044";"San Giustino";2;46;0;0;0;;;;46;36;0;0;0;;;;36;82
"054044";"San Giustino";3;25;0;0;0;;;;25;39;0;0;0;;;;39;64
"054044";"San Giustino";4;24;0;0;0;;;;24;29;0;0;0;;;;29;53
"054044";"San Giustino";5;46;0;0;0;;;;46;38;0;0;0;;;;38;84
"054044";"San Giustino";6;55;0;0;0;;;;55;40;0;0;0;;;;40;95
"054044";"San Giustino";7;46;0;0;0;;;;46;44;0;0;0;;;;44;90
"054044";"San Giustino";8;47;0;0;0;;;;47;43;0;0;0;;;;43;90
"054044";"San Giustino";9;65;0;0;0;;;;65;59;0;0;0;;;;59;124
"054044";"San Giustino";10;54;0;0;0;;;;54;36;0;0;0;;;;36;90
"054044";"San Giustino";11;53;0;0;0;;;;53;47;0;0;0;;;;47;100
"054044";"San Giustino";12;57;0;0;0;;;;57;59;0;0;0;;;;59;116
"054044";"San Giustino";13;58;0;0;0;;;;58;33;0;0;0;;;;33;91
"054044";"San Giustino";14;43;0;0;0;;;;43;50;0;0;0;;;;50;93
"054044";"San Giustino";15;63;0;0;0;;;;63;51;0;0;0;;;;51;114
"054044";"San Giustino";16;58;0;0;0;;;;58;51;0;0;0;;;;51;109
"054044";"San Giustino";17;64;0;0;0;;;;64;45;0;0;0;;;;45;109
"054044";"San Giustino";18;64;0;0;0;;;;64;51;0;0;0;;;;51;115
"054044";"San Giustino";19;52;0;0;0;;;;52;48;0;0;0;;;;48;100
"054044";"San Giustino";20;46;0;0;0;;;;46;41;1;0;0;;;;42;88
"054044";"San Giustino";21;49;0;0;0;;;;49;45;2;0;0;;;;47;96
"054044";"San Giustino";22;54;0;0;0;;;;54;51;1;0;0;;;;52;106
"054044";"San Giustino";23;50;1;0;0;;;;51;46;2;0;0;;;;48;99
"054044";"San Giustino";24;44;0;0;0;;;;44;50;1;0;0;;;;51;95
"054044";"San Giustino";25;52;1;0;0;;;;53;53;2;0;0;;;;55;108
"054044";"San Giustino";26;50;1;0;0;;;;51;58;3;0;0;;;;61;112
"054044";"San Giustino";27;55;4;0;0;;;;59;35;7;0;0;;;;42;101
"054044";"San Giustino";28;55;5;1;0;;;;61;54;9;0;0;;;;63;124
"054044";"San Giustino";29;43;3;0;0;;;;46;49;9;0;0;;;;58;104
"054044";"San Giustino";30;48;4;1;0;;;;53;36;12;1;0;;;;49;102
"054044";"San Giustino";31;52;10;0;0;;;;62;26;13;1;0;;;;40;102
"054044";"San Giustino";32;39;9;0;0;;;;48;30;13;0;0;;;;43;91
"054044";"San Giustino";33;49;7;0;0;;;;56;32;20;0;0;;;;52;108
"054044";"San Giustino";34;40;13;0;0;;;;53;30;15;1;0;;;;46;99
"054044";"San Giustino";35;34;16;0;0;;;;50;39;25;1;0;;;;65;115
"054044";"San Giustino";36;53;22;4;0;;;;79;40;29;2;0;;;;71;150
"054044";"San Giustino";37;37;19;1;0;;;;57;37;25;2;0;;;;64;121
"054044";"San Giustino";38;41;18;0;0;;;;59;37;28;8;0;;;;73;132
"054044";"San Giustino";39;41;25;0;0;;;;66;24;33;4;2;;;;63;129
"054044";"San Giustino";40;38;27;4;0;;;;69;21;40;3;0;;;;64;133
"054044";"San Giustino";41;29;24;4;0;;;;57;26;26;2;1;;;;55;112
"054044";"San Giustino";42;37;38;2;0;;;;77;29;41;4;1;;;;75;152
"054044";"San Giustino";43;36;35;2;0;;;;73;29;54;3;2;;;;88;161
"054044";"San Giustino";44;35;26;3;0;;;;64;13;57;9;0;;;;79;143
"054044";"San Giustino";45;32;37;6;0;;;;75;29;43;5;4;;;;81;156
"054044";"San Giustino";46;36;49;4;0;;;;89;31;56;3;0;;;;90;179
"054044";"San Giustino";47;53;52;6;1;;;;112;30;52;12;2;;;;96;208
"054044";"San Giustino";48;29;57;5;0;;;;91;25;44;7;1;;;;77;168
"054044";"San Giustino";49;30;62;5;0;;;;97;16;54;12;0;;;;82;179
"054044";"San Giustino";50;25;52;7;0;;;;84;20;61;10;1;;;;92;176
"054044";"San Giustino";51;22;55;3;2;;;;82;21;69;9;2;;;;101;183
"054044";"San Giustino";52;26;57;6;0;;;;89;15;55;9;2;;;;81;170
"054044";"San Giustino";53;25;41;7;1;;;;74;17;52;11;2;;;;82;156
"054044";"San Giustino";54;13;61;10;0;;;;84;12;72;9;6;;;;99;183
"054044";"San Giustino";55;17;76;9;2;;;;104;11;57;11;4;;;;83;187
"054044";"San Giustino";56;15;48;5;1;;;;69;10;70;10;3;;;;93;162
"054044";"San Giustino";57;15;67;5;0;;;;87;6;65;9;4;;;;84;171
"054044";"San Giustino";58;17;65;12;1;;;;95;11;66;6;6;;;;89;184
"054044";"San Giustino";59;13;48;14;1;;;;76;11;57;10;7;;;;85;161
"054044";"San Giustino";60;18;67;7;1;;;;93;15;69;8;4;;;;96;189
"054044";"San Giustino";61;6;52;9;1;;;;68;8;70;10;5;;;;93;161
"054044";"San Giustino";62;11;74;9;2;;;;96;3;50;7;8;;;;68;164
"054044";"San Giustino";63;7;56;4;1;;;;68;4;67;4;8;;;;83;151
"054044";"San Giustino";64;9;54;3;1;;;;67;7;48;8;6;;;;69;136
"054044";"San Giustino";65;6;64;10;1;;;;81;4;47;7;6;;;;64;145
"054044";"San Giustino";66;9;35;7;3;;;;54;5;74;3;12;;;;94;148
"054044";"San Giustino";67;8;54;5;1;;;;68;3;47;4;11;;;;65;133
"054044";"San Giustino";68;6;45;2;4;;;;57;6;50;2;17;;;;75;132
"054044";"San Giustino";69;6;61;0;4;;;;71;8;48;5;17;;;;78;149
"054044";"San Giustino";70;5;56;2;3;;;;66;2;56;1;13;;;;72;138
"054044";"San Giustino";71;4;50;3;2;;;;59;1;45;3;10;;;;59;118
"054044";"San Giustino";72;4;57;3;2;;;;66;3;46;2;23;;;;74;140
"054044";"San Giustino";73;4;54;1;8;;;;67;1;49;2;16;;;;68;135
"054044";"San Giustino";74;3;60;3;5;;;;71;3;57;4;22;;;;86;157
"054044";"San Giustino";75;5;56;1;6;;;;68;4;46;3;21;;;;74;142
"054044";"San Giustino";76;6;44;2;4;;;;56;1;40;4;23;;;;68;124
"054044";"San Giustino";77;2;47;1;5;;;;55;1;46;1;28;;;;76;131
"054044";"San Giustino";78;2;36;0;6;;;;44;3;32;0;15;;;;50;94
"054044";"San Giustino";79;5;41;0;3;;;;49;0;15;0;20;;;;35;84
"054044";"San Giustino";80;6;30;0;6;;;;42;0;28;3;28;;;;59;101
"054044";"San Giustino";81;6;23;1;0;;;;30;3;19;1;19;;;;42;72
"054044";"San Giustino";82;3;34;0;9;;;;46;1;21;2;33;;;;57;103
"054044";"San Giustino";83;5;34;0;5;;;;44;2;19;2;31;;;;54;98
"054044";"San Giustino";84;1;32;1;6;;;;40;0;25;1;37;;;;63;103
"054044";"San Giustino";85;0;28;0;7;;;;35;0;3;0;23;;;;26;61
"054044";"San Giustino";86;3;13;0;5;;;;21;2;18;0;29;;;;49;70
"054044";"San Giustino";87;3;12;0;7;;;;22;0;5;1;29;;;;35;57
"054044";"San Giustino";88;1;20;1;9;;;;31;0;9;0;25;;;;34;65
"054044";"San Giustino";89;1;12;0;1;;;;14;0;6;0;27;;;;33;47
"054044";"San Giustino";90;1;6;0;6;;;;13;0;2;0;20;;;;22;35
"054044";"San Giustino";91;1;3;0;1;;;;5;1;2;0;18;;;;21;26
"054044";"San Giustino";92;1;5;0;4;;;;10;0;1;0;25;;;;26;36
"054044";"San Giustino";93;0;3;0;4;;;;7;1;1;0;17;;;;19;26
"054044";"San Giustino";94;0;2;0;5;;;;7;1;1;0;8;;;;10;17
"054044";"San Giustino";95;0;0;0;0;;;;0;2;0;0;11;;;;13;13
"054044";"San Giustino";96;0;1;0;2;;;;3;0;0;0;6;;;;6;9
"054044";"San Giustino";97;0;0;0;0;;;;0;0;0;0;4;;;;4;4
"054044";"San Giustino";98;0;0;0;0;;;;0;0;0;0;3;;;;3;3
"054044";"San Giustino";99;0;0;0;0;;;;0;0;0;0;2;;;;2;2
"054044";"San Giustino";100;0;1;0;0;;;;1;0;0;0;4;;;;4;5
"054044";"San Giustino";999;2629;2457;201;149;;;;5436;2157;2503;262;734;;;;5656;11092
"054045";"Sant'Anatolia di Narco";0;2;0;0;0;;;;2;2;0;0;0;;;;2;4
"054045";"Sant'Anatolia di Narco";1;0;0;0;0;;;;0;1;0;0;0;;;;1;1
"054045";"Sant'Anatolia di Narco";2;1;0;0;0;;;;1;0;0;0;0;;;;0;1
"054045";"Sant'Anatolia di Narco";3;0;0;0;0;;;;0;1;0;0;0;;;;1;1
"054045";"Sant'Anatolia di Narco";4;2;0;0;0;;;;2;2;0;0;0;;;;2;4
"054045";"Sant'Anatolia di Narco";5;2;0;0;0;;;;2;1;0;0;0;;;;1;3
"054045";"Sant'Anatolia di Narco";6;0;0;0;0;;;;0;1;0;0;0;;;;1;1
"054045";"Sant'Anatolia di Narco";7;4;0;0;0;;;;4;1;0;0;0;;;;1;5
"054045";"Sant'Anatolia di Narco";8;2;0;0;0;;;;2;0;0;0;0;;;;0;2
"054045";"Sant'Anatolia di Narco";9;3;0;0;0;;;;3;0;0;0;0;;;;0;3
"054045";"Sant'Anatolia di Narco";10;0;0;0;0;;;;0;1;0;0;0;;;;1;1
"054045";"Sant'Anatolia di Narco";11;1;0;0;0;;;;1;3;0;0;0;;;;3;4
"054045";"Sant'Anatolia di Narco";12;1;0;0;0;;;;1;1;0;0;0;;;;1;2
"054045";"Sant'Anatolia di Narco";13;1;0;0;0;;;;1;2;0;0;0;;;;2;3
"054045";"Sant'Anatolia di Narco";14;3;0;0;0;;;;3;0;0;0;0;;;;0;3
"054045";"Sant'Anatolia di Narco";15;3;0;0;0;;;;3;2;0;0;0;;;;2;5
"054045";"Sant'Anatolia di Narco";16;6;0;0;0;;;;6;2;0;0;0;;;;2;8
"054045";"Sant'Anatolia di Narco";17;1;0;0;0;;;;1;3;0;0;0;;;;3;4
"054045";"Sant'Anatolia di Narco";18;3;0;0;0;;;;3;3;0;0;0;;;;3;6
"054045";"Sant'Anatolia di Narco";19;1;0;0;0;;;;1;0;0;0;0;;;;0;1
"054045";"Sant'Anatolia di Narco";20;2;0;0;0;;;;2;2;0;0;0;;;;2;4
"054045";"Sant'Anatolia di Narco";21;2;0;0;0;;;;2;0;0;0;0;;;;0;2
"054045";"Sant'Anatolia di Narco";22;5;0;0;0;;;;5;0;0;0;0;;;;0;5
"054045";"Sant'Anatolia di Narco";23;6;0;0;0;;;;6;1;0;0;0;;;;1;7
"054045";"Sant'Anatolia di Narco";24;2;0;0;0;;;;2;0;0;0;0;;;;0;2
"054045";"Sant'Anatolia di Narco";25;3;0;0;0;;;;3;0;0;0;0;;;;0;3
"054045";"Sant'Anatolia di Narco";26;2;0;0;0;;;;2;2;0;0;0;;;;2;4
"054045";"Sant'Anatolia di Narco";27;2;0;0;0;;;;2;2;0;0;0;;;;2;4
"054045";"Sant'Anatolia di Narco";28;2;1;0;0;;;;3;1;0;0;0;;;;1;4
"054045";"Sant'Anatolia di Narco";29;1;0;0;0;;;;1;1;0;0;0;;;;1;2
"054045";"Sant'Anatolia di Narco";30;2;0;0;0;;;;2;2;0;0;0;;;;2;4
"054045";"Sant'Anatolia di Narco";31;4;0;0;0;;;;4;1;2;0;0;;;;3;7
"054045";"Sant'Anatolia di Narco";32;1;1;0;0;;;;2;3;2;0;0;;;;5;7
"054045";"Sant'Anatolia di Narco";33;3;0;0;0;;;;3;4;1;0;0;;;;5;8
"054045";"Sant'Anatolia di Narco";34;0;0;0;0;;;;0;1;0;0;0;;;;1;1
"054045";"Sant'Anatolia di Narco";35;3;0;0;0;;;;3;4;1;0;0;;;;5;8
"054045";"Sant'Anatolia di Narco";36;5;0;0;0;;;;5;0;2;0;0;;;;2;7
"054045";"Sant'Anatolia di Narco";37;0;0;0;0;;;;0;1;3;0;0;;;;4;4
"054045";"Sant'Anatolia di Narco";38;1;0;0;0;;;;1;3;1;0;0;;;;4;5
"054045";"Sant'Anatolia di Narco";39;1;1;0;0;;;;2;2;0;0;0;;;;2;4
"054045";"Sant'Anatolia di Narco";40;1;1;0;0;;;;2;1;1;1;0;;;;3;5
"054045";"Sant'Anatolia di Narco";41;2;1;0;0;;;;3;1;0;0;0;;;;1;4
"054045";"Sant'Anatolia di Narco";42;0;2;0;0;;;;2;1;2;0;0;;;;3;5
"054045";"Sant'Anatolia di Narco";43;1;1;0;0;;;;2;0;1;0;0;;;;1;3
"054045";"Sant'Anatolia di Narco";44;2;0;0;0;;;;2;2;2;0;0;;;;4;6
"054045";"Sant'Anatolia di Narco";45;1;0;0;0;;;;1;0;1;0;0;;;;1;2
"054045";"Sant'Anatolia di Narco";46;3;2;0;0;;;;5;2;1;1;0;;;;4;9
"054045";"Sant'Anatolia di Narco";47;1;2;0;0;;;;3;0;3;0;0;;;;3;6
"054045";"Sant'Anatolia di Narco";48;1;1;1;0;;;;3;3;1;0;0;;;;4;7
"054045";"Sant'Anatolia di Narco";49;0;1;1;0;;;;2;0;1;0;0;;;;1;3
"054045";"Sant'Anatolia di Narco";50;2;3;0;0;;;;5;0;2;0;0;;;;2;7
"054045";"Sant'Anatolia di Narco";51;1;6;0;0;;;;7;0;4;0;0;;;;4;11
"054045";"Sant'Anatolia di Narco";52;0;2;0;0;;;;2;0;3;0;0;;;;3;5
"054045";"Sant'Anatolia di Narco";53;2;4;0;0;;;;6;0;5;0;0;;;;5;11
"054045";"Sant'Anatolia di Narco";54;2;1;0;0;;;;3;0;3;0;0;;;;3;6
"054045";"Sant'Anatolia di Narco";55;0;3;0;0;;;;3;0;5;0;0;;;;5;8
"054045";"Sant'Anatolia di Narco";56;1;4;0;0;;;;5;0;2;1;0;;;;3;8
"054045";"Sant'Anatolia di Narco";57;1;4;0;0;;;;5;1;2;0;0;;;;3;8
"054045";"Sant'Anatolia di Narco";58;1;5;0;0;;;;6;0;4;2;1;;;;7;13
"054045";"Sant'Anatolia di Narco";59;0;2;0;0;;;;2;1;1;0;1;;;;3;5
"054045";"Sant'Anatolia di Narco";60;1;0;0;0;;;;1;0;3;0;0;;;;3;4
"054045";"Sant'Anatolia di Narco";61;1;2;2;0;;;;5;0;2;1;0;;;;3;8
"054045";"Sant'Anatolia di Narco";62;1;5;1;0;;;;7;2;3;0;1;;;;6;13
"054045";"Sant'Anatolia di Narco";63;2;1;0;0;;;;3;0;5;0;0;;;;5;8
"054045";"Sant'Anatolia di Narco";64;0;3;0;0;;;;3;0;4;0;1;;;;5;8
"054045";"Sant'Anatolia di Narco";65;2;6;0;0;;;;8;0;5;0;1;;;;6;14
"054045";"Sant'Anatolia di Narco";66;1;7;1;1;;;;10;0;1;0;1;;;;2;12
"054045";"Sant'Anatolia di Narco";67;1;1;0;0;;;;2;0;4;0;0;;;;4;6
"054045";"Sant'Anatolia di Narco";68;0;2;1;0;;;;3;1;3;0;2;;;;6;9
"054045";"Sant'Anatolia di Narco";69;1;4;0;0;;;;5;0;3;0;0;;;;3;8
"054045";"Sant'Anatolia di Narco";70;1;5;0;0;;;;6;0;1;0;0;;;;1;7
"054045";"Sant'Anatolia di Narco";71;0;1;1;0;;;;2;0;1;1;3;;;;5;7
"054045";"Sant'Anatolia di Narco";72;0;4;1;0;;;;5;0;4;0;0;;;;4;9
"054045";"Sant'Anatolia di Narco";73;1;5;0;0;;;;6;0;1;1;2;;;;4;10
"054045";"Sant'Anatolia di Narco";74;1;1;0;0;;;;2;0;2;0;3;;;;5;7
"054045";"Sant'Anatolia di Narco";75;0;4;0;0;;;;4;0;2;0;2;;;;4;8
"054045";"Sant'Anatolia di Narco";76;0;1;0;0;;;;1;0;1;0;1;;;;2;3
"054045";"Sant'Anatolia di Narco";77;0;1;0;0;;;;1;0;2;0;0;;;;2;3
"054045";"Sant'Anatolia di Narco";78;1;2;0;0;;;;3;0;1;0;1;;;;2;5
"054045";"Sant'Anatolia di Narco";79;0;2;0;0;;;;2;0;0;0;0;;;;0;2
"054045";"Sant'Anatolia di Narco";80;1;2;0;3;;;;6;0;0;0;0;;;;0;6
"054045";"Sant'Anatolia di Narco";81;1;1;0;0;;;;2;1;0;0;0;;;;1;3
"054045";"Sant'Anatolia di Narco";82;0;3;0;0;;;;3;0;2;0;0;;;;2;5
"054045";"Sant'Anatolia di Narco";83;0;0;0;0;;;;0;1;0;0;1;;;;2;2
"054045";"Sant'Anatolia di Narco";84;0;1;0;0;;;;1;0;1;0;0;;;;1;2
"054045";"Sant'Anatolia di Narco";85;0;0;0;1;;;;1;0;0;0;2;;;;2;3
"054045";"Sant'Anatolia di Narco";86;2;1;0;3;;;;6;0;0;0;2;;;;2;8
"054045";"Sant'Anatolia di Narco";87;1;0;0;0;;;;1;0;0;0;1;;;;1;2
"054045";"Sant'Anatolia di Narco";88;0;0;0;0;;;;0;0;0;0;2;;;;2;2
"054045";"Sant'Anatolia di Narco";89;0;0;0;0;;;;0;0;0;0;1;;;;1;1
"054045";"Sant'Anatolia di Narco";90;0;0;0;1;;;;1;0;0;0;1;;;;1;2
"054045";"Sant'Anatolia di Narco";91;0;1;0;0;;;;1;0;0;0;0;;;;0;1
"054045";"Sant'Anatolia di Narco";92;0;0;0;1;;;;1;0;0;0;0;;;;0;1
"054045";"Sant'Anatolia di Narco";93;0;0;0;0;;;;0;0;0;0;1;;;;1;1
"054045";"Sant'Anatolia di Narco";94;0;0;0;0;;;;0;0;0;0;2;;;;2;2
"054045";"Sant'Anatolia di Narco";95;0;0;0;1;;;;1;0;0;0;2;;;;2;3
"054045";"Sant'Anatolia di Narco";96;0;0;0;0;;;;0;0;0;0;2;;;;2;2
"054045";"Sant'Anatolia di Narco";97;0;0;0;0;;;;0;0;0;0;0;;;;0;0
"054045";"Sant'Anatolia di Narco";98;1;0;0;0;;;;1;0;0;0;0;;;;0;1
"054045";"Sant'Anatolia di Narco";99;0;0;0;0;;;;0;0;0;0;0;;;;0;0
"054045";"Sant'Anatolia di Narco";100;0;0;0;0;;;;0;0;0;0;0;;;;0;0
"054045";"Sant'Anatolia di Narco";999;125;114;9;11;;;;259;73;107;8;37;;;;225;484
"054046";"Scheggia e Pascelupo";0;5;0;0;0;;;;5;3;0;0;0;;;;3;8
"054046";"Scheggia e Pascelupo";1;5;0;0;0;;;;5;2;0;0;0;;;;2;7
"054046";"Scheggia e Pascelupo";2;4;0;0;0;;;;4;1;0;0;0;;;;1;5
"054046";"Scheggia e Pascelupo";3;3;0;0;0;;;;3;4;0;0;0;;;;4;7
"054046";"Scheggia e Pascelupo";4;6;0;0;0;;;;6;7;0;0;0;;;;7;13
"054046";"Scheggia e Pascelupo";5;1;0;0;0;;;;1;4;0;0;0;;;;4;5
"054046";"Scheggia e Pascelupo";6;5;0;0;0;;;;5;3;0;0;0;;;;3;8
"054046";"Scheggia e Pascelupo";7;6;0;0;0;;;;6;6;0;0;0;;;;6;12
"054046";"Scheggia e Pascelupo";8;1;0;0;0;;;;1;4;0;0;0;;;;4;5
"054046";"Scheggia e Pascelupo";9;4;0;0;0;;;;4;5;0;0;0;;;;5;9
"054046";"Scheggia e Pascelupo";10;4;0;0;0;;;;4;3;0;0;0;;;;3;7
"054046";"Scheggia e Pascelupo";11;5;0;0;0;;;;5;3;0;0;0;;;;3;8
"054046";"Scheggia e Pascelupo";12;4;0;0;0;;;;4;2;0;0;0;;;;2;6
"054046";"Scheggia e Pascelupo";13;5;0;0;0;;;;5;5;0;0;0;;;;5;10
"054046";"Scheggia e Pascelupo";14;6;0;0;0;;;;6;5;0;0;0;;;;5;11
"054046";"Scheggia e Pascelupo";15;9;0;0;0;;;;9;5;0;0;0;;;;5;14
"054046";"Scheggia e Pascelupo";16;8;0;0;0;;;;8;1;0;0;0;;;;1;9
"054046";"Scheggia e Pascelupo";17;4;0;0;0;;;;4;5;0;0;0;;;;5;9
"054046";"Scheggia e Pascelupo";18;3;0;0;0;;;;3;6;0;0;0;;;;6;9
"054046";"Scheggia e Pascelupo";19;6;0;0;0;;;;6;7;0;0;0;;;;7;13
"054046";"Scheggia e Pascelupo";20;5;0;0;0;;;;5;4;0;0;0;;;;4;9
"054046";"Scheggia e Pascelupo";21;10;0;0;0;;;;10;3;0;0;0;;;;3;13
"054046";"Scheggia e Pascelupo";22;5;0;0;0;;;;5;6;0;0;0;;;;6;11
"054046";"Scheggia e Pascelupo";23;6;0;0;0;;;;6;1;1;0;0;;;;2;8
"054046";"Scheggia e Pascelupo";24;3;0;0;0;;;;3;4;0;0;0;;;;4;7
"054046";"Scheggia e Pascelupo";25;1;0;0;0;;;;1;8;0;0;0;;;;8;9
"054046";"Scheggia e Pascelupo";26;6;0;0;0;;;;6;4;0;0;0;;;;4;10
"054046";"Scheggia e Pascelupo";27;7;1;0;0;;;;8;7;0;0;0;;;;7;15
"054046";"Scheggia e Pascelupo";28;2;1;0;0;;;;3;6;0;0;0;;;;6;9
"054046";"Scheggia e Pascelupo";29;5;0;0;0;;;;5;3;2;0;0;;;;5;10
"054046";"Scheggia e Pascelupo";30;6;1;0;0;;;;7;2;0;0;0;;;;2;9
"054046";"Scheggia e Pascelupo";31;6;0;0;0;;;;6;1;2;0;0;;;;3;9
"054046";"Scheggia e Pascelupo";32;1;0;0;0;;;;1;1;1;0;0;;;;2;3
"054046";"Scheggia e Pascelupo";33;6;1;0;0;;;;7;3;1;0;0;;;;4;11
"054046";"Scheggia e Pascelupo";34;2;1;0;0;;;;3;1;1;1;0;;;;3;6
"054046";"Scheggia e Pascelupo";35;2;1;0;0;;;;3;4;2;0;0;;;;6;9
"054046";"Scheggia e Pascelupo";36;2;2;0;0;;;;4;0;0;0;0;;;;0;4
"054046";"Scheggia e Pascelupo";37;6;1;0;0;;;;7;7;4;0;0;;;;11;18
"054046";"Scheggia e Pascelupo";38;4;0;0;0;;;;4;6;3;0;0;;;;9;13
"054046";"Scheggia e Pascelupo";39;3;2;0;0;;;;5;4;2;0;0;;;;6;11
"054046";"Scheggia e Pascelupo";40;1;1;0;0;;;;2;3;5;0;0;;;;8;10
"054046";"Scheggia e Pascelupo";41;5;4;0;0;;;;9;6;4;0;0;;;;10;19
"054046";"Scheggia e Pascelupo";42;4;4;0;0;;;;8;4;5;0;0;;;;9;17
"054046";"Scheggia e Pascelupo";43;2;1;0;0;;;;3;3;6;2;0;;;;11;14
"054046";"Scheggia e Pascelupo";44;3;7;1;0;;;;11;0;4;0;0;;;;4;15
"054046";"Scheggia e Pascelupo";45;2;5;0;0;;;;7;2;7;1;0;;;;10;17
"054046";"Scheggia e Pascelupo";46;3;5;1;0;;;;9;0;3;1;0;;;;4;13
"054046";"Scheggia e Pascelupo";47;5;3;1;0;;;;9;1;12;2;0;;;;15;24
"054046";"Scheggia e Pascelupo";48;6;5;0;0;;;;11;1;4;1;0;;;;6;17
"054046";"Scheggia e Pascelupo";49;6;11;2;0;;;;19;2;10;0;1;;;;13;32
"054046";"Scheggia e Pascelupo";50;5;6;2;0;;;;13;0;5;1;1;;;;7;20
"054046";"Scheggia e Pascelupo";51;1;8;0;0;;;;9;3;5;2;0;;;;10;19
"054046";"Scheggia e Pascelupo";52;2;5;0;0;;;;7;0;5;0;0;;;;5;12
"054046";"Scheggia e Pascelupo";53;3;7;0;0;;;;10;0;6;0;0;;;;6;16
"054046";"Scheggia e Pascelupo";54;4;9;0;0;;;;13;4;6;0;0;;;;10;23
"054046";"Scheggia e Pascelupo";55;3;10;0;0;;;;13;3;5;0;1;;;;9;22
"054046";"Scheggia e Pascelupo";56;6;5;2;0;;;;13;0;9;2;0;;;;11;24
"054046";"Scheggia e Pascelupo";57;1;7;0;0;;;;8;1;10;1;0;;;;12;20
"054046";"Scheggia e Pascelupo";58;1;10;0;0;;;;11;2;10;1;0;;;;13;24
"054046";"Scheggia e Pascelupo";59;5;5;0;0;;;;10;2;6;0;1;;;;9;19
"054046";"Scheggia e Pascelupo";60;3;9;0;0;;;;12;0;9;1;0;;;;10;22
"054046";"Scheggia e Pascelupo";61;1;6;0;0;;;;7;1;5;0;0;;;;6;13
"054046";"Scheggia e Pascelupo";62;3;6;1;1;;;;11;2;12;0;0;;;;14;25
"054046";"Scheggia e Pascelupo";63;5;8;0;0;;;;13;2;10;0;2;;;;14;27
"054046";"Scheggia e Pascelupo";64;0;12;0;0;;;;12;1;1;2;2;;;;6;18
"054046";"Scheggia e Pascelupo";65;2;3;1;0;;;;6;0;3;1;1;;;;5;11
"054046";"Scheggia e Pascelupo";66;2;7;0;0;;;;9;1;4;0;0;;;;5;14
"054046";"Scheggia e Pascelupo";67;1;7;0;0;;;;8;1;6;0;0;;;;7;15
"054046";"Scheggia e Pascelupo";68;3;9;0;1;;;;13;1;3;0;2;;;;6;19
"054046";"Scheggia e Pascelupo";69;1;4;0;0;;;;5;0;4;0;0;;;;4;9
"054046";"Scheggia e Pascelupo";70;3;8;0;0;;;;11;0;7;1;2;;;;10;21
"054046";"Scheggia e Pascelupo";71;0;3;1;0;;;;4;0;4;0;4;;;;8;12
"054046";"Scheggia e Pascelupo";72;1;4;0;0;;;;5;0;4;0;1;;;;5;10
"054046";"Scheggia e Pascelupo";73;0;6;1;1;;;;8;2;5;0;4;;;;11;19
"054046";"Scheggia e Pascelupo";74;1;3;0;4;;;;8;0;7;0;5;;;;12;20
"054046";"Scheggia e Pascelupo";75;1;9;0;1;;;;11;0;3;0;5;;;;8;19
"054046";"Scheggia e Pascelupo";76;0;5;0;0;;;;5;2;9;0;3;;;;14;19
"054046";"Scheggia e Pascelupo";77;0;7;0;2;;;;9;2;5;0;5;;;;12;21
"054046";"Scheggia e Pascelupo";78;3;4;0;1;;;;8;0;5;0;7;;;;12;20
"054046";"Scheggia e Pascelupo";79;0;7;0;0;;;;7;0;1;0;1;;;;2;9
"054046";"Scheggia e Pascelupo";80;0;4;0;4;;;;8;0;7;0;7;;;;14;22
"054046";"Scheggia e Pascelupo";81;0;6;0;0;;;;6;0;2;0;6;;;;8;14
"054046";"Scheggia e Pascelupo";82;0;3;0;0;;;;3;0;1;0;8;;;;9;12
"054046";"Scheggia e Pascelupo";83;0;7;0;1;;;;8;0;3;0;5;;;;8;16
"054046";"Scheggia e Pascelupo";84;0;1;2;2;;;;5;0;6;0;5;;;;11;16
"054046";"Scheggia e Pascelupo";85;0;3;0;0;;;;3;1;5;0;4;;;;10;13
"054046";"Scheggia e Pascelupo";86;0;3;0;3;;;;6;0;1;0;5;;;;6;12
"054046";"Scheggia e Pascelupo";87;0;7;0;0;;;;7;0;0;0;9;;;;9;16
"054046";"Scheggia e Pascelupo";88;0;2;0;0;;;;2;0;0;0;3;;;;3;5
"054046";"Scheggia e Pascelupo";89;0;2;0;0;;;;2;0;1;0;1;;;;2;4
"054046";"Scheggia e Pascelupo";90;0;0;0;0;;;;0;2;1;0;4;;;;7;7
"054046";"Scheggia e Pascelupo";91;0;1;0;1;;;;2;0;0;0;4;;;;4;6
"054046";"Scheggia e Pascelupo";92;0;0;0;2;;;;2;0;0;0;2;;;;2;4
"054046";"Scheggia e Pascelupo";93;0;0;0;1;;;;1;0;0;0;0;;;;0;1
"054046";"Scheggia e Pascelupo";94;0;1;0;0;;;;1;0;0;0;0;;;;0;1
"054046";"Scheggia e Pascelupo";95;0;0;0;1;;;;1;0;0;0;3;;;;3;4
"054046";"Scheggia e Pascelupo";96;0;0;0;0;;;;0;0;0;0;1;;;;1;1
"054046";"Scheggia e Pascelupo";97;0;0;0;0;;;;0;0;0;0;1;;;;1;1
"054046";"Scheggia e Pascelupo";98;0;0;0;0;;;;0;0;0;0;0;;;;0;0
"054046";"Scheggia e Pascelupo";99;0;0;0;0;;;;0;0;0;0;0;;;;0;0
"054046";"Scheggia e Pascelupo";100;0;0;0;0;;;;0;0;0;0;0;;;;0;0
"054046";"Scheggia e Pascelupo";999;280;296;15;26;;;;617;211;280;20;116;;;;627;1244
"054047";"Scheggino";0;2;0;0;0;;;;2;1;0;0;0;;;;1;3
"054047";"Scheggino";1;1;0;0;0;;;;1;1;0;0;0;;;;1;2
"054047";"Scheggino";2;1;0;0;0;;;;1;1;0;0;0;;;;1;2
"054047";"Scheggino";3;4;0;0;0;;;;4;0;0;0;0;;;;0;4
"054047";"Scheggino";4;3;0;0;0;;;;3;0;0;0;0;;;;0;3
"054047";"Scheggino";5;3;0;0;0;;;;3;1;0;0;0;;;;1;4
"054047";"Scheggino";6;1;0;0;0;;;;1;1;0;0;0;;;;1;2
"054047";"Scheggino";7;1;0;0;0;;;;1;1;0;0;0;;;;1;2
"054047";"Scheggino";8;0;0;0;0;;;;0;0;0;0;0;;;;0;0
"054047";"Scheggino";9;1;0;0;0;;;;1;3;0;0;0;;;;3;4
"054047";"Scheggino";10;1;0;0;0;;;;1;0;0;0;0;;;;0;1
"054047";"Scheggino";11;1;0;0;0;;;;1;2;0;0;0;;;;2;3
"054047";"Scheggino";12;1;0;0;0;;;;1;1;0;0;0;;;;1;2
"054047";"Scheggino";13;3;0;0;0;;;;3;1;0;0;0;;;;1;4
"054047";"Scheggino";14;2;0;0;0;;;;2;1;0;0;0;;;;1;3
"054047";"Scheggino";15;1;0;0;0;;;;1;1;0;0;0;;;;1;2
"054047";"Scheggino";16;3;0;0;0;;;;3;2;0;0;0;;;;2;5
"054047";"Scheggino";17;1;0;0;0;;;;1;0;0;0;0;;;;0;1
"054047";"Scheggino";18;4;0;0;0;;;;4;0;0;0;0;;;;0;4
"054047";"Scheggino";19;3;0;0;0;;;;3;4;0;0;0;;;;4;7
"054047";"Scheggino";20;3;0;0;0;;;;3;5;0;0;0;;;;5;8
"054047";"Scheggino";21;1;0;0;0;;;;1;3;0;0;0;;;;3;4
"054047";"Scheggino";22;2;0;0;0;;;;2;1;1;0;0;;;;2;4
"054047";"Scheggino";23;3;0;0;0;;;;3;2;0;0;0;;;;2;5
"054047";"Scheggino";24;4;0;0;0;;;;4;2;0;0;0;;;;2;6
"054047";"Scheggino";25;2;0;0;0;;;;2;0;0;0;0;;;;0;2
"054047";"Scheggino";26;1;0;0;0;;;;1;3;0;0;0;;;;3;4
"054047";"Scheggino";27;1;0;0;0;;;;1;2;1;0;0;;;;3;4
"054047";"Scheggino";28;0;0;0;0;;;;0;1;0;0;0;;;;1;1
"054047";"Scheggino";29;4;0;0;0;;;;4;3;0;0;0;;;;3;7
"054047";"Scheggino";30;1;0;0;0;;;;1;0;1;0;0;;;;1;2
"054047";"Scheggino";31;1;1;0;0;;;;2;2;0;0;0;;;;2;4
"054047";"Scheggino";32;1;3;0;0;;;;4;0;2;0;0;;;;2;6
"054047";"Scheggino";33;1;0;0;0;;;;1;1;0;0;0;;;;1;2
"054047";"Scheggino";34;3;1;0;0;;;;4;2;1;0;0;;;;3;7
"054047";"Scheggino";35;2;1;0;0;;;;3;0;0;0;0;;;;0;3
"054047";"Scheggino";36;4;1;0;0;;;;5;1;1;0;0;;;;2;7
"054047";"Scheggino";37;1;1;0;0;;;;2;2;1;0;0;;;;3;5
"054047";"Scheggino";38;1;0;0;0;;;;1;0;0;0;0;;;;0;1
"054047";"Scheggino";39;0;1;0;0;;;;1;1;1;0;0;;;;2;3
"054047";"Scheggino";40;2;2;0;0;;;;4;1;1;0;0;;;;2;6
"054047";"Scheggino";41;0;1;0;0;;;;1;2;1;0;0;;;;3;4
"054047";"Scheggino";42;2;2;0;0;;;;4;1;0;0;0;;;;1;5
"054047";"Scheggino";43;1;1;1;0;;;;3;2;1;0;0;;;;3;6
"054047";"Scheggino";44;4;1;1;0;;;;6;0;1;0;0;;;;1;7
"054047";"Scheggino";45;1;2;0;0;;;;3;0;1;0;0;;;;1;4
"054047";"Scheggino";46;3;1;0;0;;;;4;0;1;0;0;;;;1;5
"054047";"Scheggino";47;3;2;0;0;;;;5;0;2;0;0;;;;2;7
"054047";"Scheggino";48;0;3;0;0;;;;3;1;1;0;0;;;;2;5
"054047";"Scheggino";49;0;2;0;0;;;;2;1;1;0;0;;;;2;4
"054047";"Scheggino";50;0;1;0;0;;;;1;1;0;0;0;;;;1;2
"054047";"Scheggino";51;2;1;0;0;;;;3;1;6;0;0;;;;7;10
"054047";"Scheggino";52;2;2;0;0;;;;4;1;2;0;0;;;;3;7
"054047";"Scheggino";53;1;2;1;0;;;;4;1;4;0;1;;;;6;10
"054047";"Scheggino";54;0;4;0;0;;;;4;2;2;2;0;;;;6;10
"054047";"Scheggino";55;0;2;0;0;;;;2;1;5;0;1;;;;7;9
"054047";"Scheggino";56;1;3;1;0;;;;5;0;4;1;1;;;;6;11
"054047";"Scheggino";57;2;1;0;0;;;;3;2;4;0;0;;;;6;9
"054047";"Scheggino";58;0;4;0;0;;;;4;1;2;1;0;;;;4;8
"054047";"Scheggino";59;0;4;0;1;;;;5;0;5;0;0;;;;5;10
"054047";"Scheggino";60;1;3;1;0;;;;5;0;0;0;2;;;;2;7
"054047";"Scheggino";61;1;2;0;0;;;;3;0;2;0;1;;;;3;6
"054047";"Scheggino";62;0;2;0;1;;;;3;0;1;1;0;;;;2;5
"054047";"Scheggino";63;0;1;1;0;;;;2;0;1;0;0;;;;1;3
"054047";"Scheggino";64;1;2;0;0;;;;3;2;4;0;0;;;;6;9
"054047";"Scheggino";65;0;1;0;0;;;;1;1;2;0;1;;;;4;5
"054047";"Scheggino";66;0;5;0;0;;;;5;0;3;0;1;;;;4;9
"054047";"Scheggino";67;2;2;1;0;;;;5;0;1;2;0;;;;3;8
"054047";"Scheggino";68;0;3;0;0;;;;3;0;2;0;1;;;;3;6
"054047";"Scheggino";69;0;2;0;0;;;;2;0;0;0;0;;;;0;2
"054047";"Scheggino";70;1;2;1;1;;;;5;0;2;0;0;;;;2;7
"054047";"Scheggino";71;0;3;0;0;;;;3;0;2;0;0;;;;2;5
"054047";"Scheggino";72;0;2;0;0;;;;2;1;2;0;0;;;;3;5
"054047";"Scheggino";73;0;2;0;0;;;;2;0;0;1;0;;;;1;3
"054047";"Scheggino";74;0;1;0;0;;;;1;0;0;0;0;;;;0;1
"054047";"Scheggino";75;0;2;0;0;;;;2;0;4;0;0;;;;4;6
"054047";"Scheggino";76;0;0;0;0;;;;0;1;1;0;0;;;;2;2
"054047";"Scheggino";77;0;0;0;0;;;;0;1;2;0;1;;;;4;4
"054047";"Scheggino";78;0;1;0;0;;;;1;0;1;0;3;;;;4;5
"054047";"Scheggino";79;0;1;0;0;;;;1;0;2;0;2;;;;4;5
"054047";"Scheggino";80;0;1;0;0;;;;1;1;2;0;3;;;;6;7
"054047";"Scheggino";81;0;3;1;1;;;;5;0;0;0;2;;;;2;7
"054047";"Scheggino";82;1;3;0;0;;;;4;0;1;0;0;;;;1;5
"054047";"Scheggino";83;0;2;0;1;;;;3;0;2;0;1;;;;3;6
"054047";"Scheggino";84;0;1;0;0;;;;1;0;0;0;2;;;;2;3
"054047";"Scheggino";85;0;2;0;0;;;;2;0;0;0;1;;;;1;3
"054047";"Scheggino";86;0;2;0;0;;;;2;0;1;1;0;;;;2;4
"054047";"Scheggino";87;0;0;0;1;;;;1;0;0;0;1;;;;1;2
"054047";"Scheggino";88;1;1;0;0;;;;2;0;0;0;2;;;;2;4
"054047";"Scheggino";89;0;1;0;0;;;;1;1;0;0;1;;;;2;3
"054047";"Scheggino";90;0;0;0;0;;;;0;0;0;0;1;;;;1;1
"054047";"Scheggino";91;0;0;0;2;;;;2;0;0;0;1;;;;1;3
"054047";"Scheggino";92;0;0;0;0;;;;0;0;0;0;1;;;;1;1
"054047";"Scheggino";93;0;0;0;0;;;;0;0;0;0;0;;;;0;0
"054047";"Scheggino";94;0;0;0;0;;;;0;0;0;0;1;;;;1;1
"054047";"Scheggino";95;0;0;0;0;;;;0;0;0;0;0;;;;0;0
"054047";"Scheggino";96;0;0;0;0;;;;0;0;0;0;0;;;;0;0
"054047";"Scheggino";97;0;0;0;0;;;;0;0;0;0;0;;;;0;0
"054047";"Scheggino";98;0;0;0;0;;;;0;0;0;0;0;;;;0;0
"054047";"Scheggino";99;0;0;0;0;;;;0;0;0;0;0;;;;0;0
"054047";"Scheggino";100;0;0;0;0;;;;0;0;0;0;0;;;;0;0
"054047";"Scheggino";999;105;103;9;8;;;;225;78;91;9;32;;;;210;435
"054048";"Sellano";0;0;0;0;0;;;;0;2;0;0;0;;;;2;2
"054048";"Sellano";1;0;0;0;0;;;;0;1;0;0;0;;;;1;1
"054048";"Sellano";2;5;0;0;0;;;;5;2;0;0;0;;;;2;7
"054048";"Sellano";3;3;0;0;0;;;;3;3;0;0;0;;;;3;6
"054048";"Sellano";4;5;0;0;0;;;;5;5;0;0;0;;;;5;10
"054048";"Sellano";5;2;0;0;0;;;;2;0;0;0;0;;;;0;2
"054048";"Sellano";6;2;0;0;0;;;;2;4;0;0;0;;;;4;6
"054048";"Sellano";7;1;0;0;0;;;;1;2;0;0;0;;;;2;3
"054048";"Sellano";8;2;0;0;0;;;;2;2;0;0;0;;;;2;4
"054048";"Sellano";9;2;0;0;0;;;;2;2;0;0;0;;;;2;4
"054048";"Sellano";10;1;0;0;0;;;;1;3;0;0;0;;;;3;4
"054048";"Sellano";11;2;0;0;0;;;;2;2;0;0;0;;;;2;4
"054048";"Sellano";12;0;0;0;0;;;;0;1;0;0;0;;;;1;1
"054048";"Sellano";13;2;0;0;0;;;;2;3;0;0;0;;;;3;5
"054048";"Sellano";14;3;0;0;0;;;;3;5;0;0;0;;;;5;8
"054048";"Sellano";15;3;0;0;0;;;;3;2;0;0;0;;;;2;5
"054048";"Sellano";16;4;0;0;0;;;;4;8;0;0;0;;;;8;12
"054048";"Sellano";17;2;0;0;0;;;;2;4;0;0;0;;;;4;6
"054048";"Sellano";18;3;0;0;0;;;;3;5;0;0;0;;;;5;8
"054048";"Sellano";19;5;0;0;0;;;;5;3;0;0;0;;;;3;8
"054048";"Sellano";20;11;0;0;0;;;;11;5;0;0;0;;;;5;16
"054048";"Sellano";21;9;0;0;0;;;;9;4;0;0;0;;;;4;13
"054048";"Sellano";22;2;0;0;0;;;;2;6;0;0;0;;;;6;8
"054048";"Sellano";23;1;0;0;0;;;;1;4;0;0;0;;;;4;5
"054048";"Sellano";24;4;0;0;0;;;;4;1;0;0;0;;;;1;5
"054048";"Sellano";25;4;0;0;0;;;;4;6;1;0;0;;;;7;11
"054048";"Sellano";26;6;0;0;0;;;;6;0;1;0;0;;;;1;7
"054048";"Sellano";27;2;0;0;0;;;;2;2;0;0;0;;;;2;4
"054048";"Sellano";28;4;2;0;0;;;;6;1;0;0;0;;;;1;7
"054048";"Sellano";29;8;0;0;0;;;;8;2;0;0;0;;;;2;10
"054048";"Sellano";30;4;0;0;0;;;;4;2;2;1;0;;;;5;9
"054048";"Sellano";31;4;1;0;0;;;;5;5;0;0;0;;;;5;10
"054048";"Sellano";32;1;2;0;0;;;;3;4;1;0;0;;;;5;8
"054048";"Sellano";33;5;2;0;0;;;;7;2;2;0;0;;;;4;11
"054048";"Sellano";34;5;0;0;0;;;;5;4;0;0;0;;;;4;9
"054048";"Sellano";35;2;1;0;0;;;;3;3;3;0;0;;;;6;9
"054048";"Sellano";36;4;0;0;0;;;;4;2;1;1;0;;;;4;8
"054048";"Sellano";37;3;1;0;0;;;;4;3;3;0;0;;;;6;10
"054048";"Sellano";38;5;0;0;0;;;;5;0;2;0;0;;;;2;7
"054048";"Sellano";39;5;1;0;0;;;;6;1;3;0;0;;;;4;10
"054048";"Sellano";40;5;4;0;0;;;;9;3;1;0;0;;;;4;13
"054048";"Sellano";41;1;1;0;0;;;;2;2;0;0;0;;;;2;4
"054048";"Sellano";42;3;2;0;0;;;;5;0;1;0;0;;;;1;6
"054048";"Sellano";43;3;1;0;0;;;;4;1;2;0;0;;;;3;7
"054048";"Sellano";44;0;1;1;0;;;;2;1;4;0;0;;;;5;7
"054048";"Sellano";45;3;0;0;0;;;;3;3;2;0;0;;;;5;8
"054048";"Sellano";46;2;3;0;0;;;;5;0;4;0;0;;;;4;9
"054048";"Sellano";47;4;0;0;0;;;;4;4;3;0;0;;;;7;11
"054048";"Sellano";48;2;3;0;0;;;;5;1;1;0;0;;;;2;7
"054048";"Sellano";49;1;1;0;0;;;;2;1;2;0;1;;;;4;6
"054048";"Sellano";50;2;3;0;0;;;;5;1;6;0;0;;;;7;12
"054048";"Sellano";51;2;7;0;0;;;;9;1;2;1;1;;;;5;14
"054048";"Sellano";52;1;3;0;0;;;;4;1;5;0;0;;;;6;10
"054048";"Sellano";53;0;4;0;0;;;;4;0;12;0;1;;;;13;17
"054048";"Sellano";54;1;5;0;0;;;;6;4;8;2;0;;;;14;20
"054048";"Sellano";55;2;5;0;2;;;;9;1;6;1;0;;;;8;17
"054048";"Sellano";56;2;3;0;0;;;;5;6;6;0;0;;;;12;17
"054048";"Sellano";57;0;9;0;1;;;;10;1;9;0;0;;;;10;20
"054048";"Sellano";58;5;3;1;0;;;;9;1;9;0;0;;;;10;19
"054048";"Sellano";59;2;6;0;0;;;;8;0;10;1;0;;;;11;19
"054048";"Sellano";60;0;6;0;0;;;;6;1;4;0;0;;;;5;11
"054048";"Sellano";61;0;5;0;0;;;;5;0;6;0;2;;;;8;13
"054048";"Sellano";62;2;7;1;2;;;;12;3;7;1;1;;;;12;24
"054048";"Sellano";63;0;7;1;0;;;;8;2;7;1;2;;;;12;20
"054048";"Sellano";64;1;7;1;2;;;;11;0;4;0;0;;;;4;15
"054048";"Sellano";65;1;5;0;2;;;;8;0;8;1;0;;;;9;17
"054048";"Sellano";66;3;8;0;0;;;;11;2;3;0;0;;;;5;16
"054048";"Sellano";67;1;11;1;0;;;;13;0;6;0;1;;;;7;20
"054048";"Sellano";68;3;7;0;0;;;;10;2;4;0;0;;;;6;16
"054048";"Sellano";69;0;9;1;0;;;;10;1;6;0;1;;;;8;18
"054048";"Sellano";70;1;6;0;1;;;;8;1;5;0;0;;;;6;14
"054048";"Sellano";71;2;11;0;0;;;;13;0;3;0;0;;;;3;16
"054048";"Sellano";72;1;4;4;0;;;;9;1;4;0;0;;;;5;14
"054048";"Sellano";73;2;6;0;0;;;;8;0;4;0;0;;;;4;12
"054048";"Sellano";74;0;5;1;1;;;;7;0;4;1;1;;;;6;13
"054048";"Sellano";75;0;6;1;0;;;;7;0;6;1;4;;;;11;18
"054048";"Sellano";76;1;8;1;0;;;;10;1;4;0;2;;;;7;17
"054048";"Sellano";77;1;7;0;0;;;;8;0;4;0;2;;;;6;14
"054048";"Sellano";78;0;1;0;0;;;;1;0;0;0;1;;;;1;2
"054048";"Sellano";79;2;2;0;0;;;;4;0;3;0;3;;;;6;10
"054048";"Sellano";80;2;4;1;0;;;;7;0;2;0;2;;;;4;11
"054048";"Sellano";81;1;3;0;1;;;;5;0;2;0;1;;;;3;8
"054048";"Sellano";82;0;6;0;2;;;;8;0;0;0;3;;;;3;11
"054048";"Sellano";83;1;0;0;2;;;;3;1;0;0;3;;;;4;7
"054048";"Sellano";84;1;3;0;2;;;;6;1;4;0;7;;;;12;18
"054048";"Sellano";85;0;3;0;1;;;;4;0;2;0;5;;;;7;11
"054048";"Sellano";86;1;2;0;0;;;;3;0;0;0;7;;;;7;10
"054048";"Sellano";87;2;1;0;1;;;;4;0;0;0;3;;;;3;7
"054048";"Sellano";88;0;3;1;0;;;;4;0;2;0;4;;;;6;10
"054048";"Sellano";89;0;1;0;2;;;;3;1;0;0;2;;;;3;6
"054048";"Sellano";90;0;1;0;1;;;;2;1;0;0;2;;;;3;5
"054048";"Sellano";91;0;2;0;2;;;;4;0;0;0;7;;;;7;11
"054048";"Sellano";92;0;1;0;1;;;;2;0;0;0;7;;;;7;9
"054048";"Sellano";93;0;0;0;1;;;;1;0;0;0;2;;;;2;3
"054048";"Sellano";94;0;1;0;0;;;;1;0;0;0;2;;;;2;3
"054048";"Sellano";95;0;0;0;1;;;;1;0;0;0;1;;;;1;2
"054048";"Sellano";96;0;0;0;0;;;;0;0;0;0;1;;;;1;1
"054048";"Sellano";97;0;0;0;0;;;;0;0;0;0;1;;;;1;1
"054048";"Sellano";98;0;0;0;0;;;;0;0;0;0;0;;;;0;0
"054048";"Sellano";99;0;0;0;0;;;;0;0;0;0;4;;;;4;4
"054048";"Sellano";100;0;0;0;0;;;;0;0;0;0;0;;;;0;0
"054048";"Sellano";999;206;233;16;28;;;;483;166;216;12;87;;;;481;964
"054049";"Sigillo";0;4;0;0;0;;;;4;5;0;0;0;;;;5;9
"054049";"Sigillo";1;6;0;0;0;;;;6;8;0;0;0;;;;8;14
"054049";"Sigillo";2;8;0;0;0;;;;8;4;0;0;0;;;;4;12
"054049";"Sigillo";3;2;0;0;0;;;;2;9;0;0;0;;;;9;11
"054049";"Sigillo";4;5;0;0;0;;;;5;6;0;0;0;;;;6;11
"054049";"Sigillo";5;14;0;0;0;;;;14;2;0;0;0;;;;2;16
"054049";"Sigillo";6;6;0;0;0;;;;6;11;0;0;0;;;;11;17
"054049";"Sigillo";7;10;0;0;0;;;;10;9;0;0;0;;;;9;19
"054049";"Sigillo";8;6;0;0;0;;;;6;3;0;0;0;;;;3;9
"054049";"Sigillo";9;10;0;0;0;;;;10;10;0;0;0;;;;10;20
"054049";"Sigillo";10;6;0;0;0;;;;6;5;0;0;0;;;;5;11
"054049";"Sigillo";11;11;0;0;0;;;;11;8;0;0;0;;;;8;19
"054049";"Sigillo";12;15;0;0;0;;;;15;9;0;0;0;;;;9;24
"054049";"Sigillo";13;6;0;0;0;;;;6;9;0;0;0;;;;9;15
"054049";"Sigillo";14;10;0;0;0;;;;10;7;0;0;0;;;;7;17
"054049";"Sigillo";15;13;0;0;0;;;;13;9;0;0;0;;;;9;22
"054049";"Sigillo";16;13;0;0;0;;;;13;7;0;0;0;;;;7;20
"054049";"Sigillo";17;12;0;0;0;;;;12;11;0;0;0;;;;11;23
"054049";"Sigillo";18;17;0;0;0;;;;17;9;0;0;0;;;;9;26
"054049";"Sigillo";19;5;0;0;0;;;;5;10;0;0;0;;;;10;15
"054049";"Sigillo";20;8;0;0;0;;;;8;11;0;0;0;;;;11;19
"054049";"Sigillo";21;6;0;0;0;;;;6;13;1;0;0;;;;14;20
"054049";"Sigillo";22;16;0;0;0;;;;16;5;0;0;0;;;;5;21
"054049";"Sigillo";23;9;0;0;0;;;;9;9;1;0;0;;;;10;19
"054049";"Sigillo";24;10;0;0;0;;;;10;13;2;0;0;;;;15;25
"054049";"Sigillo";25;10;1;0;0;;;;11;7;0;0;0;;;;7;18
"054049";"Sigillo";26;12;2;0;0;;;;14;8;0;0;0;;;;8;22
"054049";"Sigillo";27;8;1;0;0;;;;9;11;1;0;0;;;;12;21
"054049";"Sigillo";28;11;0;0;0;;;;11;10;1;0;0;;;;11;22
"054049";"Sigillo";29;18;0;0;0;;;;18;6;3;0;0;;;;9;27
"054049";"Sigillo";30;11;3;0;0;;;;14;6;3;0;0;;;;9;23
"054049";"Sigillo";31;12;1;0;0;;;;13;6;5;0;0;;;;11;24
"054049";"Sigillo";32;6;0;0;0;;;;6;5;3;1;0;;;;9;15
"054049";"Sigillo";33;7;1;0;0;;;;8;6;6;0;0;;;;12;20
"054049";"Sigillo";34;5;1;1;0;;;;7;7;5;0;0;;;;12;19
"054049";"Sigillo";35;4;2;0;0;;;;6;5;6;0;0;;;;11;17
"054049";"Sigillo";36;7;4;0;0;;;;11;4;3;1;0;;;;8;19
"054049";"Sigillo";37;9;3;0;0;;;;12;10;3;0;0;;;;13;25
"054049";"Sigillo";38;8;4;0;0;;;;12;7;4;0;0;;;;11;23
"054049";"Sigillo";39;2;1;0;0;;;;3;8;6;2;0;;;;16;19
"054049";"Sigillo";40;7;4;0;0;;;;11;10;6;1;0;;;;17;28
"054049";"Sigillo";41;5;5;0;0;;;;10;6;2;0;0;;;;8;18
"054049";"Sigillo";42;8;6;1;0;;;;15;3;8;1;0;;;;12;27
"054049";"Sigillo";43;5;11;1;0;;;;17;6;11;1;0;;;;18;35
"054049";"Sigillo";44;8;9;1;0;;;;18;0;8;0;0;;;;8;26
"054049";"Sigillo";45;2;9;0;0;;;;11;4;12;1;0;;;;17;28
"054049";"Sigillo";46;8;16;0;0;;;;24;2;8;3;0;;;;13;37
"054049";"Sigillo";47;8;6;1;0;;;;15;4;17;1;0;;;;22;37
"054049";"Sigillo";48;4;11;3;0;;;;18;3;20;1;0;;;;24;42
"054049";"Sigillo";49;5;8;1;0;;;;14;3;8;3;0;;;;14;28
"054049";"Sigillo";50;6;15;3;0;;;;24;2;11;1;1;;;;15;39
"054049";"Sigillo";51;6;7;0;0;;;;13;2;13;1;0;;;;16;29
"054049";"Sigillo";52;2;12;1;0;;;;15;2;15;0;1;;;;18;33
"054049";"Sigillo";53;8;18;0;0;;;;26;5;12;1;0;;;;18;44
"054049";"Sigillo";54;1;11;1;0;;;;13;1;17;2;0;;;;20;33
"054049";"Sigillo";55;5;12;1;0;;;;18;2;19;0;0;;;;21;39
"054049";"Sigillo";56;6;12;1;0;;;;19;1;14;0;0;;;;15;34
"054049";"Sigillo";57;3;15;1;0;;;;19;3;19;2;2;;;;26;45
"054049";"Sigillo";58;2;16;1;0;;;;19;2;12;3;4;;;;21;40
"054049";"Sigillo";59;8;11;1;0;;;;20;4;13;0;2;;;;19;39
"054049";"Sigillo";60;1;13;1;0;;;;15;1;15;0;1;;;;17;32
"054049";"Sigillo";61;1;18;0;0;;;;19;0;20;0;3;;;;23;42
"054049";"Sigillo";62;2;10;0;2;;;;14;2;12;0;2;;;;16;30
"054049";"Sigillo";63;4;18;2;0;;;;24;1;9;2;4;;;;16;40
"054049";"Sigillo";64;4;16;3;0;;;;23;5;16;0;2;;;;23;46
"054049";"Sigillo";65;3;17;0;0;;;;20;0;13;0;2;;;;15;35
"054049";"Sigillo";66;5;9;2;1;;;;17;1;17;1;2;;;;21;38
"054049";"Sigillo";67;1;7;2;0;;;;10;0;12;1;1;;;;14;24
"054049";"Sigillo";68;0;22;1;1;;;;24;1;9;1;3;;;;14;38
"054049";"Sigillo";69;2;7;2;1;;;;12;0;11;0;5;;;;16;28
"054049";"Sigillo";70;1;9;1;1;;;;12;0;8;1;3;;;;12;24
"054049";"Sigillo";71;1;14;0;0;;;;15;0;14;0;1;;;;15;30
"054049";"Sigillo";72;3;8;0;0;;;;11;0;9;0;4;;;;13;24
"054049";"Sigillo";73;3;14;0;0;;;;17;1;10;0;7;;;;18;35
"054049";"Sigillo";74;1;12;0;0;;;;13;0;10;0;5;;;;15;28
"054049";"Sigillo";75;0;9;0;1;;;;10;1;13;0;5;;;;19;29
"054049";"Sigillo";76;3;8;0;1;;;;12;1;7;1;6;;;;15;27
"054049";"Sigillo";77;1;8;0;0;;;;9;0;9;0;13;;;;22;31
"054049";"Sigillo";78;0;8;0;1;;;;9;1;4;0;3;;;;8;17
"054049";"Sigillo";79;1;7;0;2;;;;10;1;4;0;4;;;;9;19
"054049";"Sigillo";80;0;11;0;1;;;;12;1;6;0;10;;;;17;29
"054049";"Sigillo";81;0;10;0;2;;;;12;0;3;0;3;;;;6;18
"054049";"Sigillo";82;0;5;0;2;;;;7;2;3;0;6;;;;11;18
"054049";"Sigillo";83;1;9;0;2;;;;12;1;6;0;12;;;;19;31
"054049";"Sigillo";84;3;6;1;1;;;;11;2;3;0;6;;;;11;22
"054049";"Sigillo";85;0;4;0;1;;;;5;0;2;0;13;;;;15;20
"054049";"Sigillo";86;0;4;0;0;;;;4;2;2;0;5;;;;9;13
"054049";"Sigillo";87;1;3;0;1;;;;5;0;3;1;7;;;;11;16
"054049";"Sigillo";88;0;5;0;1;;;;6;1;1;0;8;;;;10;16
"054049";"Sigillo";89;0;6;0;2;;;;8;0;1;0;6;;;;7;15
"054049";"Sigillo";90;0;2;0;0;;;;2;1;1;0;7;;;;9;11
"054049";"Sigillo";91;0;1;0;3;;;;4;1;1;0;5;;;;7;11
"054049";"Sigillo";92;0;2;0;1;;;;3;1;0;0;7;;;;8;11
"054049";"Sigillo";93;0;2;0;2;;;;4;0;2;0;7;;;;9;13
"054049";"Sigillo";94;0;1;0;0;;;;1;2;0;0;4;;;;6;7
"054049";"Sigillo";95;0;0;0;0;;;;0;0;0;0;2;;;;2;2
"054049";"Sigillo";96;0;0;0;1;;;;1;1;0;0;2;;;;3;4
"054049";"Sigillo";97;0;0;0;0;;;;0;0;0;0;2;;;;2;2
"054049";"Sigillo";98;0;0;0;0;;;;0;0;0;0;1;;;;1;1
"054049";"Sigillo";99;0;0;0;0;;;;0;0;0;0;0;;;;0;0
"054049";"Sigillo";100;0;0;0;0;;;;0;0;0;0;2;;;;2;2
"054049";"Sigillo";999;507;543;34;31;;;;1115;404;554;34;201;;;;1193;2308
"054050";"Spello";0;34;0;0;0;;;;34;17;0;0;0;;;;17;51
"054050";"Spello";1;28;0;0;0;;;;28;26;0;0;0;;;;26;54
"054050";"Spello";2;18;0;0;0;;;;18;18;0;0;0;;;;18;36
"054050";"Spello";3;26;0;0;0;;;;26;12;0;0;0;;;;12;38
"054050";"Spello";4;22;0;0;0;;;;22;19;0;0;0;;;;19;41
"054050";"Spello";5;30;0;0;0;;;;30;29;0;0;0;;;;29;59
"054050";"Spello";6;29;0;0;0;;;;29;33;0;0;0;;;;33;62
"054050";"Spello";7;35;0;0;0;;;;35;24;0;0;0;;;;24;59
"054050";"Spello";8;20;0;0;0;;;;20;33;0;0;0;;;;33;53
"054050";"Spello";9;43;0;0;0;;;;43;32;0;0;0;;;;32;75
"054050";"Spello";10;33;0;0;0;;;;33;37;0;0;0;;;;37;70
"054050";"Spello";11;41;0;0;0;;;;41;33;0;0;0;;;;33;74
"054050";"Spello";12;30;0;0;0;;;;30;29;0;0;0;;;;29;59
"054050";"Spello";13;39;0;0;0;;;;39;48;0;0;0;;;;48;87
"054050";"Spello";14;30;0;0;0;;;;30;42;0;0;0;;;;42;72
"054050";"Spello";15;48;0;0;0;;;;48;31;0;0;0;;;;31;79
"054050";"Spello";16;57;0;0;0;;;;57;41;0;0;0;;;;41;98
"054050";"Spello";17;40;0;0;0;;;;40;44;0;0;0;;;;44;84
"054050";"Spello";18;37;0;0;0;;;;37;43;0;0;0;;;;43;80
"054050";"Spello";19;33;0;0;0;;;;33;35;0;0;0;;;;35;68
"054050";"Spello";20;38;0;0;0;;;;38;46;1;0;0;;;;47;85
"054050";"Spello";21;32;0;0;0;;;;32;39;0;0;0;;;;39;71
"054050";"Spello";22;46;1;0;0;;;;47;40;1;0;0;;;;41;88
"054050";"Spello";23;40;0;0;0;;;;40;28;0;0;0;;;;28;68
"054050";"Spello";24;33;0;0;0;;;;33;25;1;0;0;;;;26;59
"054050";"Spello";25;32;0;0;0;;;;32;27;0;0;0;;;;27;59
"054050";"Spello";26;23;1;0;0;;;;24;24;3;0;0;;;;27;51
"054050";"Spello";27;44;0;0;0;;;;44;24;0;0;0;;;;24;68
"054050";"Spello";28;25;1;0;0;;;;26;28;4;0;0;;;;32;58
"054050";"Spello";29;29;3;0;0;;;;32;22;5;0;0;;;;27;59
"054050";"Spello";30;29;5;0;0;;;;34;29;8;1;0;;;;38;72
"054050";"Spello";31;33;5;0;0;;;;38;24;6;0;0;;;;30;68
"054050";"Spello";32;33;8;0;0;;;;41;23;15;1;0;;;;39;80
"054050";"Spello";33;34;7;0;0;;;;41;27;12;0;0;;;;39;80
"054050";"Spello";34;35;9;0;0;;;;44;28;11;0;0;;;;39;83
"054050";"Spello";35;24;11;0;0;;;;35;31;22;0;0;;;;53;88
"054050";"Spello";36;22;20;2;0;;;;44;24;23;1;0;;;;48;92
"054050";"Spello";37;32;12;1;0;;;;45;25;28;0;0;;;;53;98
"054050";"Spello";38;10;20;1;0;;;;31;21;22;1;0;;;;44;75
"054050";"Spello";39;22;13;1;0;;;;36;18;24;2;1;;;;45;81
"054050";"Spello";40;26;25;2;0;;;;53;22;29;1;0;;;;52;105
"054050";"Spello";41;16;20;2;0;;;;38;17;30;6;1;;;;54;92
"054050";"Spello";42;22;31;1;0;;;;54;16;20;3;0;;;;39;93
"054050";"Spello";43;18;23;0;0;;;;41;12;34;1;1;;;;48;89
"054050";"Spello";44;21;37;3;1;;;;62;17;37;0;1;;;;55;117
"054050";"Spello";45;19;15;4;0;;;;38;19;29;5;0;;;;53;91
"054050";"Spello";46;18;38;0;0;;;;56;18;48;5;0;;;;71;127
"054050";"Spello";47;20;38;3;0;;;;61;11;38;4;0;;;;53;114
"054050";"Spello";48;21;34;2;0;;;;57;16;54;2;1;;;;73;130
"054050";"Spello";49;22;32;3;0;;;;57;15;40;2;1;;;;58;115
"054050";"Spello";50;26;39;4;0;;;;69;17;53;7;1;;;;78;147
"054050";"Spello";51;17;50;2;0;;;;69;11;43;5;2;;;;61;130
"054050";"Spello";52;21;38;4;1;;;;64;10;55;4;2;;;;71;135
"054050";"Spello";53;16;40;2;0;;;;58;12;50;6;2;;;;70;128
"054050";"Spello";54;15;44;2;1;;;;62;15;54;7;2;;;;78;140
"054050";"Spello";55;17;53;7;0;;;;77;20;41;7;4;;;;72;149
"054050";"Spello";56;16;65;3;0;;;;84;9;64;9;3;;;;85;169
"054050";"Spello";57;13;48;10;1;;;;72;9;57;7;2;;;;75;147
"054050";"Spello";58;12;48;2;1;;;;63;7;50;9;1;;;;67;130
"054050";"Spello";59;10;62;4;2;;;;78;8;47;8;5;;;;68;146
"054050";"Spello";60;6;43;5;2;;;;56;14;35;3;2;;;;54;110
"054050";"Spello";61;11;39;6;0;;;;56;7;53;2;7;;;;69;125
"054050";"Spello";62;6;44;11;1;;;;62;17;51;5;4;;;;77;139
"054050";"Spello";63;8;45;2;1;;;;56;7;47;3;3;;;;60;116
"054050";"Spello";64;6;51;0;3;;;;60;7;48;3;8;;;;66;126
"054050";"Spello";65;6;42;1;0;;;;49;3;42;2;5;;;;52;101
"054050";"Spello";66;4;50;4;1;;;;59;7;45;2;5;;;;59;118
"054050";"Spello";67;9;57;2;3;;;;71;5;44;5;6;;;;60;131
"054050";"Spello";68;4;44;1;0;;;;49;6;36;4;8;;;;54;103
"054050";"Spello";69;7;42;2;1;;;;52;5;33;1;6;;;;45;97
"054050";"Spello";70;5;37;1;3;;;;46;4;42;3;11;;;;60;106
"054050";"Spello";71;0;28;0;2;;;;30;2;31;2;9;;;;44;74
"054050";"Spello";72;3;50;3;1;;;;57;2;38;1;18;;;;59;116
"054050";"Spello";73;1;32;0;4;;;;37;5;42;1;8;;;;56;93
"054050";"Spello";74;7;36;0;5;;;;48;4;37;1;13;;;;55;103
"054050";"Spello";75;4;41;0;2;;;;47;4;28;2;20;;;;54;101
"054050";"Spello";76;5;44;0;5;;;;54;4;37;0;17;;;;58;112
"054050";"Spello";77;2;36;4;2;;;;44;3;36;1;13;;;;53;97
"054050";"Spello";78;4;38;2;4;;;;48;3;33;0;13;;;;49;97
"054050";"Spello";79;4;39;0;2;;;;45;1;30;2;23;;;;56;101
"054050";"Spello";80;2;37;1;3;;;;43;0;26;0;25;;;;51;94
"054050";"Spello";81;1;36;1;6;;;;44;2;26;0;22;;;;50;94
"054050";"Spello";82;1;24;0;6;;;;31;1;15;1;21;;;;38;69
"054050";"Spello";83;1;24;0;6;;;;31;0;20;0;27;;;;47;78
"054050";"Spello";84;1;25;0;5;;;;31;2;18;1;28;;;;49;80
"054050";"Spello";85;0;15;0;5;;;;20;2;7;1;22;;;;32;52
"054050";"Spello";86;0;18;0;9;;;;27;1;6;0;30;;;;37;64
"054050";"Spello";87;4;9;0;6;;;;19;0;7;0;24;;;;31;50
"054050";"Spello";88;0;13;1;8;;;;22;1;3;0;19;;;;23;45
"054050";"Spello";89;2;6;0;4;;;;12;5;0;0;17;;;;22;34
"054050";"Spello";90;0;9;2;3;;;;14;2;0;0;19;;;;21;35
"054050";"Spello";91;0;8;0;5;;;;13;3;2;0;17;;;;22;35
"054050";"Spello";92;0;4;0;1;;;;5;1;0;0;17;;;;18;23
"054050";"Spello";93;0;3;0;3;;;;6;3;2;0;13;;;;18;24
"054050";"Spello";94;0;2;0;2;;;;4;3;0;0;9;;;;12;16
"054050";"Spello";95;0;2;0;0;;;;2;0;0;0;7;;;;7;9
"054050";"Spello";96;0;0;0;4;;;;4;0;0;0;5;;;;5;9
"054050";"Spello";97;0;0;0;0;;;;0;0;0;1;3;;;;4;4
"054050";"Spello";98;0;0;0;1;;;;1;1;0;0;3;;;;4;5
"054050";"Spello";99;0;1;0;0;;;;1;1;0;0;2;;;;3;4
"054050";"Spello";100;0;0;0;2;;;;2;1;0;0;1;;;;2;4
"054050";"Spello";999;1769;1970;114;128;;;;3981;1599;1979;151;560;;;;4289;8270
"054051";"Spoleto";0;93;0;0;0;0;0;0;93;102;0;0;0;0;0;0;102;195
"054051";"Spoleto";1;104;0;0;0;0;0;0;104;101;0;0;0;0;0;0;101;205
"054051";"Spoleto";2;95;0;0;0;0;0;0;95;119;0;0;0;0;0;0;119;214
"054051";"Spoleto";3;115;0;0;0;0;0;0;115;98;0;0;0;0;0;0;98;213
"054051";"Spoleto";4;106;0;0;0;0;0;0;106;113;0;0;0;0;0;0;113;219
"054051";"Spoleto";5;121;0;0;0;0;0;0;121;108;0;0;0;0;0;0;108;229
"054051";"Spoleto";6;117;0;0;0;0;0;0;117;116;0;0;0;0;0;0;116;233
"054051";"Spoleto";7;134;0;0;0;0;0;0;134;153;0;0;0;0;0;0;153;287
"054051";"Spoleto";8;114;0;0;0;0;0;0;114;119;0;0;0;0;0;0;119;233
"054051";"Spoleto";9;123;0;0;0;0;0;0;123;141;0;0;0;0;0;0;141;264
"054051";"Spoleto";10;150;0;0;0;0;0;0;150;131;0;0;0;0;0;0;131;281
"054051";"Spoleto";11;141;0;0;0;0;0;0;141;148;0;0;0;0;0;0;148;289
"054051";"Spoleto";12;161;0;0;0;0;0;0;161;152;0;0;0;0;0;0;152;313
"054051";"Spoleto";13;145;0;0;0;0;0;0;145;170;0;0;0;0;0;0;170;315
"054051";"Spoleto";14;152;0;0;0;0;0;0;152;157;0;0;0;0;0;0;157;309
"054051";"Spoleto";15;177;0;0;0;0;0;0;177;171;0;0;0;0;0;0;171;348
"054051";"Spoleto";16;172;0;0;0;0;0;0;172;163;0;0;0;0;0;0;163;335
"054051";"Spoleto";17;169;0;0;0;0;0;0;169;149;0;0;0;0;0;0;149;318
"054051";"Spoleto";18;188;0;0;0;0;0;0;188;167;0;0;0;0;0;0;167;355
"054051";"Spoleto";19;179;0;0;0;0;0;0;179;149;1;0;0;0;0;0;150;329
"054051";"Spoleto";20;176;0;0;0;0;0;0;176;154;1;0;0;0;0;0;155;331
"054051";"Spoleto";21;173;0;0;0;0;0;0;173;136;1;0;0;0;0;0;137;310
"054051";"Spoleto";22;175;1;0;0;0;0;0;176;140;3;0;0;0;0;0;143;319
"054051";"Spoleto";23;176;1;0;0;0;0;0;177;141;3;0;0;0;0;0;144;321
"054051";"Spoleto";24;175;2;0;0;0;0;0;177;138;6;0;0;0;0;0;144;321
"054051";"Spoleto";25;195;2;1;0;0;0;0;198;151;12;0;0;0;0;0;163;361
"054051";"Spoleto";26;155;8;0;0;0;0;0;163;125;16;0;0;0;0;0;141;304
"054051";"Spoleto";27;172;7;0;0;0;0;0;179;143;17;0;0;1;0;0;161;340
"054051";"Spoleto";28;156;6;0;0;0;0;0;162;141;12;0;0;0;0;0;153;315
"054051";"Spoleto";29;173;8;0;0;0;0;0;181;123;25;0;0;0;0;0;148;329
"054051";"Spoleto";30;180;16;0;0;0;0;0;196;112;43;2;0;0;0;0;157;353
"054051";"Spoleto";31;161;14;1;0;0;0;0;176;136;52;1;0;2;0;0;191;367
"054051";"Spoleto";32;168;31;0;0;0;0;0;199;111;45;1;0;0;0;0;157;356
"054051";"Spoleto";33;141;38;1;0;0;0;0;180;102;45;3;0;0;0;0;150;330
"054051";"Spoleto";34;140;59;0;0;1;0;0;200;112;64;2;1;0;0;0;179;379
"054051";"Spoleto";35;142;56;0;0;0;0;0;198;102;83;8;1;3;0;0;197;395
"054051";"Spoleto";36;148;61;2;0;0;0;0;211;75;90;1;3;0;0;0;169;380
"054051";"Spoleto";37;124;60;5;0;1;0;0;190;81;104;8;0;0;0;0;193;383
"054051";"Spoleto";38;121;57;6;0;0;0;0;184;77;86;5;0;0;0;0;168;352
"054051";"Spoleto";39;99;82;2;0;0;0;0;183;64;106;10;4;0;0;0;184;367
"054051";"Spoleto";40;122;94;2;0;0;0;0;218;80;120;8;0;1;0;0;209;427
"054051";"Spoleto";41;98;78;4;0;0;0;0;180;64;107;6;2;0;0;0;179;359
"054051";"Spoleto";42;97;102;5;0;0;0;0;204;74;119;13;4;0;0;0;210;414
"054051";"Spoleto";43;92;103;9;0;0;0;0;204;73;124;12;1;0;0;0;210;414
"054051";"Spoleto";44;104;115;6;1;1;0;0;227;49;149;8;4;1;0;0;211;438
"054051";"Spoleto";45;91;139;7;2;0;0;0;239;82;125;13;4;0;0;0;224;463
"054051";"Spoleto";46;91;126;12;1;0;0;0;230;82;159;15;5;0;0;0;261;491
"054051";"Spoleto";47;90;139;11;1;0;0;0;241;50;170;27;3;0;0;0;250;491
"054051";"Spoleto";48;105;146;18;2;0;0;0;271;73;162;20;5;0;0;0;260;531
"054051";"Spoleto";49;87;180;16;1;0;0;0;284;80;182;18;11;0;0;0;291;575
"054051";"Spoleto";50;84;169;20;0;1;0;0;274;55;202;24;9;0;0;0;290;564
"054051";"Spoleto";51;72;168;22;7;1;0;0;270;57;170;26;11;0;0;0;264;534
"054051";"Spoleto";52;71;186;21;2;0;0;0;280;66;203;25;9;0;0;0;303;583
"054051";"Spoleto";53;81;198;20;3;0;0;0;302;49;202;36;9;0;0;0;296;598
"054051";"Spoleto";54;72;210;32;1;0;0;0;315;35;198;32;4;0;0;0;269;584
"054051";"Spoleto";55;67;212;20;3;0;0;0;302;46;237;31;17;0;0;0;331;633
"054051";"Spoleto";56;57;178;26;2;0;0;0;263;55;218;28;10;0;0;0;311;574
"054051";"Spoleto";57;60;180;15;2;0;0;0;257;40;224;20;18;0;0;0;302;559
"054051";"Spoleto";58;44;203;15;3;0;0;0;265;40;226;29;14;0;0;0;309;574
"054051";"Spoleto";59;50;243;24;6;0;0;0;323;32;229;30;18;2;0;0;311;634
"054051";"Spoleto";60;33;211;20;3;0;0;0;267;28;206;23;20;0;0;0;277;544
"054051";"Spoleto";61;46;210;15;2;0;0;0;273;30;211;20;24;0;0;0;285;558
"054051";"Spoleto";62;29;203;19;6;0;0;0;257;22;215;24;25;0;0;0;286;543
"054051";"Spoleto";63;29;188;18;9;0;0;0;244;35;208;25;23;0;0;0;291;535
"054051";"Spoleto";64;21;204;15;7;0;0;0;247;24;194;14;27;0;0;0;259;506
"054051";"Spoleto";65;25;184;11;4;0;0;0;224;17;179;25;32;0;0;0;253;477
"054051";"Spoleto";66;23;189;19;12;0;0;0;243;18;172;20;35;0;0;0;245;488
"054051";"Spoleto";67;25;193;18;6;1;0;0;243;15;176;24;29;0;0;0;244;487
"054051";"Spoleto";68;25;175;18;7;1;0;0;226;16;185;15;29;0;0;0;245;471
"054051";"Spoleto";69;10;158;10;9;0;0;0;187;18;188;14;38;0;0;0;258;445
"054051";"Spoleto";70;21;156;10;9;0;0;0;196;17;154;13;55;0;0;0;239;435
"054051";"Spoleto";71;21;196;5;13;0;0;0;235;13;162;12;46;0;0;0;233;468
"054051";"Spoleto";72;15;168;8;12;0;0;0;203;15;167;19;63;0;0;0;264;467
"054051";"Spoleto";73;15;196;11;15;0;0;0;237;18;171;11;63;0;0;0;263;500
"054051";"Spoleto";74;8;209;9;11;0;0;0;237;11;157;13;67;0;0;0;248;485
"054051";"Spoleto";75;15;193;5;20;0;0;0;233;14;187;9;65;0;0;0;275;508
"054051";"Spoleto";76;15;172;7;16;0;0;0;210;14;131;8;67;0;0;0;220;430
"054051";"Spoleto";77;9;142;6;18;1;0;0;176;18;136;5;81;0;0;0;240;416
"054051";"Spoleto";78;9;125;4;24;0;0;0;162;10;114;7;72;0;0;0;203;365
"054051";"Spoleto";79;9;127;1;8;0;0;0;145;7;108;4;100;0;0;0;219;364
"054051";"Spoleto";80;5;152;6;21;0;0;0;184;18;107;4;105;0;0;0;234;418
"054051";"Spoleto";81;18;136;1;22;0;0;0;177;14;93;5;104;0;0;0;216;393
"054051";"Spoleto";82;5;121;4;24;0;0;0;154;11;57;3;102;0;0;0;173;327
"054051";"Spoleto";83;6;114;3;21;0;0;0;144;13;73;3;110;0;0;0;199;343
"054051";"Spoleto";84;8;98;3;30;0;0;0;139;12;70;2;107;0;0;0;191;330
"054051";"Spoleto";85;8;81;2;23;0;0;0;114;8;51;3;134;0;0;0;196;310
"054051";"Spoleto";86;8;79;0;23;0;0;0;110;6;32;4;115;0;0;0;157;267
"054051";"Spoleto";87;3;61;1;18;0;0;0;83;7;33;2;102;0;0;0;144;227
"054051";"Spoleto";88;4;44;1;26;0;0;0;75;8;19;2;91;0;0;0;120;195
"054051";"Spoleto";89;5;46;0;20;0;0;0;71;9;22;1;114;0;0;0;146;217
"054051";"Spoleto";90;3;30;0;18;0;0;0;51;7;8;3;94;0;0;0;112;163
"054051";"Spoleto";91;3;28;0;17;0;0;0;48;4;8;1;72;0;0;0;85;133
"054051";"Spoleto";92;3;16;1;18;0;0;0;38;3;8;1;91;0;0;0;103;141
"054051";"Spoleto";93;2;10;0;14;0;0;0;26;4;2;1;64;0;0;0;71;97
"054051";"Spoleto";94;1;10;0;14;0;0;0;25;4;1;0;40;0;0;0;45;70
"054051";"Spoleto";95;0;9;0;6;0;0;0;15;2;0;0;26;0;0;0;28;43
"054051";"Spoleto";96;2;7;0;6;0;0;0;15;3;0;1;27;0;0;0;31;46
"054051";"Spoleto";97;0;1;1;3;0;0;0;5;1;1;2;23;0;0;0;27;32
"054051";"Spoleto";98;0;2;0;2;0;0;0;4;0;0;0;14;0;0;0;14;18
"054051";"Spoleto";99;2;1;0;5;0;0;0;8;1;0;0;8;0;0;0;9;17
"054051";"Spoleto";100;0;3;0;4;0;0;0;7;4;0;0;22;0;0;0;26;33
"054051";"Spoleto";999;8030;8326;575;583;8;0;0;17522;6772;8347;805;2693;10;0;0;18627;36149
"054052";"Todi";0;40;0;0;0;;;;40;36;0;0;0;;;;36;76
"054052";"Todi";1;44;0;0;0;;;;44;30;0;0;0;;;;30;74
"054052";"Todi";2;29;0;0;0;;;;29;35;0;0;0;;;;35;64
"054052";"Todi";3;41;0;0;0;;;;41;35;0;0;0;;;;35;76
"054052";"Todi";4;34;0;0;0;;;;34;40;0;0;0;;;;40;74
"054052";"Todi";5;38;0;0;0;;;;38;46;0;0;0;;;;46;84
"054052";"Todi";6;49;0;0;0;;;;49;48;0;0;0;;;;48;97
"054052";"Todi";7;62;0;0;0;;;;62;66;0;0;0;;;;66;128
"054052";"Todi";8;69;0;0;0;;;;69;64;0;0;0;;;;64;133
"054052";"Todi";9;68;0;0;0;;;;68;56;0;0;0;;;;56;124
"054052";"Todi";10;65;0;0;0;;;;65;66;0;0;0;;;;66;131
"054052";"Todi";11;71;0;0;0;;;;71;65;0;0;0;;;;65;136
"054052";"Todi";12;69;0;0;0;;;;69;65;0;0;0;;;;65;134
"054052";"Todi";13;81;0;0;0;;;;81;74;0;0;0;;;;74;155
"054052";"Todi";14;56;0;0;0;;;;56;61;0;0;0;;;;61;117
"054052";"Todi";15;68;0;0;0;;;;68;68;0;0;0;;;;68;136
"054052";"Todi";16;78;0;0;0;;;;78;71;0;0;0;;;;71;149
"054052";"Todi";17;66;0;0;0;;;;66;56;0;0;0;;;;56;122
"054052";"Todi";18;75;0;0;0;;;;75;64;0;0;0;;;;64;139
"054052";"Todi";19;55;0;0;0;;;;55;66;0;0;0;;;;66;121
"054052";"Todi";20;69;0;0;0;;;;69;61;0;0;0;;;;61;130
"054052";"Todi";21;65;0;0;0;;;;65;57;0;0;0;;;;57;122
"054052";"Todi";22;76;0;0;0;;;;76;61;1;0;0;;;;62;138
"054052";"Todi";23;71;0;0;0;;;;71;79;0;0;0;;;;79;150
"054052";"Todi";24;82;0;0;0;;;;82;54;3;0;0;;;;57;139
"054052";"Todi";25;56;0;0;0;;;;56;68;5;0;0;;;;73;129
"054052";"Todi";26;70;2;0;0;;;;72;56;3;0;0;;;;59;131
"054052";"Todi";27;67;2;0;0;;;;69;60;10;0;0;;;;70;139
"054052";"Todi";28;87;6;0;0;;;;93;57;17;0;0;;;;74;167
"054052";"Todi";29;62;4;0;0;;;;66;69;12;1;0;;;;82;148
"054052";"Todi";30;77;6;0;0;;;;83;63;21;1;0;;;;85;168
"054052";"Todi";31;79;18;0;0;;;;97;47;28;0;0;;;;75;172
"054052";"Todi";32;56;11;0;0;;;;67;50;30;1;1;;;;82;149
"054052";"Todi";33;69;21;1;0;;;;91;36;24;2;0;;;;62;153
"054052";"Todi";34;67;20;1;0;;;;88;51;38;1;0;;;;90;178
"054052";"Todi";35;52;16;1;0;;;;69;36;36;2;0;;;;74;143
"054052";"Todi";36;55;23;1;0;;;;79;39;39;1;0;;;;79;158
"054052";"Todi";37;62;30;3;0;;;;95;35;30;4;0;;;;69;164
"054052";"Todi";38;45;35;1;0;;;;81;27;41;3;0;;;;71;152
"054052";"Todi";39;33;33;1;0;;;;67;34;45;4;0;;;;83;150
"054052";"Todi";40;34;50;4;0;;;;88;25;57;5;0;;;;87;175
"054052";"Todi";41;36;48;1;0;;;;85;30;48;4;0;;;;82;167
"054052";"Todi";42;48;46;4;0;;;;98;31;51;4;1;;;;87;185
"054052";"Todi";43;43;52;3;0;;;;98;23;42;8;0;;;;73;171
"054052";"Todi";44;36;60;2;0;;;;98;23;45;2;2;;;;72;170
"054052";"Todi";45;31;49;3;0;;;;83;33;76;6;0;;;;115;198
"054052";"Todi";46;33;52;2;1;;;;88;25;82;7;1;;;;115;203
"054052";"Todi";47;36;68;4;1;;;;109;18;83;11;1;;;;113;222
"054052";"Todi";48;36;57;7;0;;;;100;24;92;3;0;;;;119;219
"054052";"Todi";49;42;59;6;0;;;;107;29;70;3;5;;;;107;214
"054052";"Todi";50;28;65;7;2;;;;102;26;70;12;1;;;;109;211
"054052";"Todi";51;32;89;7;1;;;;129;20;82;6;5;;;;113;242
"054052";"Todi";52;33;64;6;0;;;;103;29;92;13;2;;;;136;239
"054052";"Todi";53;25;87;11;2;;;;125;25;84;9;4;;;;122;247
"054052";"Todi";54;24;94;4;1;;;;123;15;90;7;4;;;;116;239
"054052";"Todi";55;21;67;14;3;;;;105;16;109;13;7;;;;145;250
"054052";"Todi";56;20;73;7;0;;;;100;22;78;14;4;;;;118;218
"054052";"Todi";57;25;107;2;1;;;;135;24;94;9;4;;;;131;266
"054052";"Todi";58;24;107;8;3;;;;142;18;109;11;9;;;;147;289
"054052";"Todi";59;22;112;8;2;;;;144;22;110;7;9;;;;148;292
"054052";"Todi";60;23;84;12;0;;;;119;9;97;15;9;;;;130;249
"054052";"Todi";61;18;82;9;0;;;;109;15;108;11;8;;;;142;251
"054052";"Todi";62;19;118;7;2;;;;146;10;96;5;10;;;;121;267
"054052";"Todi";63;18;100;4;2;;;;124;10;99;7;12;;;;128;252
"054052";"Todi";64;20;85;5;2;;;;112;12;79;9;15;;;;115;227
"054052";"Todi";65;12;90;8;3;;;;113;14;88;6;9;;;;117;230
"054052";"Todi";66;17;86;2;4;;;;109;7;87;4;11;;;;109;218
"054052";"Todi";67;7;69;1;1;;;;78;10;84;7;14;;;;115;193
"054052";"Todi";68;9;95;8;4;;;;116;7;75;6;11;;;;99;215
"054052";"Todi";69;6;81;9;1;;;;97;6;81;5;15;;;;107;204
"054052";"Todi";70;14;89;4;6;;;;113;7;86;4;18;;;;115;228
"054052";"Todi";71;9;78;5;5;;;;97;8;47;3;18;;;;76;173
"054052";"Todi";72;5;81;2;4;;;;92;6;80;5;17;;;;108;200
"054052";"Todi";73;5;79;6;7;;;;97;11;62;2;26;;;;101;198
"054052";"Todi";74;10;73;5;5;;;;93;0;62;5;33;;;;100;193
"054052";"Todi";75;5;75;2;7;;;;89;9;61;3;30;;;;103;192
"054052";"Todi";76;9;64;2;4;;;;79;5;47;2;31;;;;85;164
"054052";"Todi";77;5;63;2;10;;;;80;7;60;4;36;;;;107;187
"054052";"Todi";78;5;42;0;4;;;;51;7;40;4;32;;;;83;134
"054052";"Todi";79;3;64;4;8;;;;79;9;47;1;33;;;;90;169
"054052";"Todi";80;8;48;0;3;;;;59;5;44;2;43;;;;94;153
"054052";"Todi";81;5;41;4;6;;;;56;3;28;2;41;;;;74;130
"054052";"Todi";82;5;46;2;8;;;;61;7;27;5;29;;;;68;129
"054052";"Todi";83;7;69;2;9;;;;87;3;38;2;59;;;;102;189
"054052";"Todi";84;5;42;0;16;;;;63;6;32;1;63;;;;102;165
"054052";"Todi";85;4;39;5;7;;;;55;4;25;1;48;;;;78;133
"054052";"Todi";86;5;38;1;10;;;;54;7;21;1;55;;;;84;138
"054052";"Todi";87;4;33;1;11;;;;49;10;25;0;47;;;;82;131
"054052";"Todi";88;4;31;1;12;;;;48;7;12;0;43;;;;62;110
"054052";"Todi";89;5;29;0;11;;;;45;6;2;0;44;;;;52;97
"054052";"Todi";90;0;13;0;9;;;;22;2;13;1;38;;;;54;76
"054052";"Todi";91;3;19;0;7;;;;29;0;4;0;45;;;;49;78
"054052";"Todi";92;2;9;0;7;;;;18;1;4;0;27;;;;32;50
"054052";"Todi";93;0;16;0;7;;;;23;3;1;2;30;;;;36;59
"054052";"Todi";94;2;3;0;4;;;;9;0;0;0;21;;;;21;30
"054052";"Todi";95;1;3;0;5;;;;9;1;1;1;15;;;;18;27
"054052";"Todi";96;0;4;0;2;;;;6;3;0;0;13;;;;16;22
"054052";"Todi";97;0;1;0;1;;;;2;2;0;0;9;;;;11;13
"054052";"Todi";98;0;1;1;0;;;;2;1;1;0;8;;;;10;12
"054052";"Todi";99;0;1;0;2;;;;3;0;0;0;7;;;;7;10
"054052";"Todi";100;0;0;0;0;;;;0;2;0;1;6;;;;9;9
"054052";"Todi";999;3366;3717;233;233;;;;7549;2872;3711;301;1139;;;;8023;15572
"054053";"Torgiano";0;21;0;0;0;;;;21;22;0;0;0;;;;22;43
"054053";"Torgiano";1;17;0;0;0;;;;17;20;0;0;0;;;;20;37
"054053";"Torgiano";2;15;0;0;0;;;;15;31;0;0;0;;;;31;46
"054053";"Torgiano";3;23;0;0;0;;;;23;25;0;0;0;;;;25;48
"054053";"Torgiano";4;24;0;0;0;;;;24;12;0;0;0;;;;12;36
"054053";"Torgiano";5;28;0;0;0;;;;28;32;0;0;0;;;;32;60
"054053";"Torgiano";6;28;0;0;0;;;;28;21;0;0;0;;;;21;49
"054053";"Torgiano";7;19;0;0;0;;;;19;27;0;0;0;;;;27;46
"054053";"Torgiano";8;45;0;0;0;;;;45;24;0;0;0;;;;24;69
"054053";"Torgiano";9;34;0;0;0;;;;34;29;0;0;0;;;;29;63
"054053";"Torgiano";10;38;0;0;0;;;;38;42;0;0;0;;;;42;80
"054053";"Torgiano";11;33;0;0;0;;;;33;26;0;0;0;;;;26;59
"054053";"Torgiano";12;32;0;0;0;;;;32;31;0;0;0;;;;31;63
"054053";"Torgiano";13;45;0;0;0;;;;45;28;0;0;0;;;;28;73
"054053";"Torgiano";14;39;0;0;0;;;;39;24;0;0;0;;;;24;63
"054053";"Torgiano";15;48;0;0;0;;;;48;36;0;0;0;;;;36;84
"054053";"Torgiano";16;44;0;0;0;;;;44;34;0;0;0;;;;34;78
"054053";"Torgiano";17;32;0;0;0;;;;32;36;0;0;0;;;;36;68
"054053";"Torgiano";18;26;0;0;0;;;;26;32;0;0;0;;;;32;58
"054053";"Torgiano";19;28;0;0;0;;;;28;30;0;0;0;;;;30;58
"054053";"Torgiano";20;37;0;0;0;;;;37;26;0;0;0;;;;26;63
"054053";"Torgiano";21;32;0;0;0;;;;32;37;1;0;0;;;;38;70
"054053";"Torgiano";22;32;0;0;0;;;;32;30;0;0;0;;;;30;62
"054053";"Torgiano";23;23;1;0;0;;;;24;26;2;0;0;;;;28;52
"054053";"Torgiano";24;33;0;0;0;;;;33;21;1;0;0;;;;22;55
"054053";"Torgiano";25;31;1;0;0;;;;32;32;2;0;0;;;;34;66
"054053";"Torgiano";26;27;1;0;0;;;;28;24;2;0;0;;;;26;54
"054053";"Torgiano";27;34;0;0;0;;;;34;29;3;0;0;;;;32;66
"054053";"Torgiano";28;24;2;0;0;;;;26;29;3;0;0;;;;32;58
"054053";"Torgiano";29;25;1;0;0;;;;26;27;4;0;0;;;;31;57
"054053";"Torgiano";30;35;1;0;0;;;;36;28;6;0;0;;;;34;70
"054053";"Torgiano";31;29;4;0;0;;;;33;30;10;0;0;;;;40;73
"054053";"Torgiano";32;28;4;0;0;;;;32;22;11;0;0;;;;33;65
"054053";"Torgiano";33;25;8;0;0;;;;33;19;19;0;0;;;;38;71
"054053";"Torgiano";34;21;11;0;0;;;;32;16;7;2;0;;;;25;57
"054053";"Torgiano";35;31;12;0;0;;;;43;13;14;1;0;;;;28;71
"054053";"Torgiano";36;20;8;0;0;;;;28;13;14;0;0;;;;27;55
"054053";"Torgiano";37;13;10;0;0;;;;23;16;14;0;0;;;;30;53
"054053";"Torgiano";38;27;10;1;0;;;;38;12;10;1;0;;;;23;61
"054053";"Torgiano";39;18;11;1;0;;;;30;13;19;4;0;;;;36;66
"054053";"Torgiano";40;15;15;0;0;;;;30;12;33;4;1;;;;50;80
"054053";"Torgiano";41;17;30;1;0;;;;48;15;24;2;0;;;;41;89
"054053";"Torgiano";42;23;33;0;0;;;;56;13;23;1;0;;;;37;93
"054053";"Torgiano";43;19;14;2;0;;;;35;9;27;2;1;;;;39;74
"054053";"Torgiano";44;18;28;2;0;;;;48;13;36;1;2;;;;52;100
"054053";"Torgiano";45;14;29;0;1;;;;44;13;43;2;0;;;;58;102
"054053";"Torgiano";46;18;31;1;0;;;;50;13;35;3;0;;;;51;101
"054053";"Torgiano";47;27;41;3;0;;;;71;11;52;6;1;;;;70;141
"054053";"Torgiano";48;9;38;1;1;;;;49;18;46;0;1;;;;65;114
"054053";"Torgiano";49;19;34;1;0;;;;54;17;47;3;1;;;;68;122
"054053";"Torgiano";50;22;41;2;0;;;;65;5;35;7;1;;;;48;113
"054053";"Torgiano";51;10;45;4;0;;;;59;6;46;3;0;;;;55;114
"054053";"Torgiano";52;14;41;2;0;;;;57;19;39;5;1;;;;64;121
"054053";"Torgiano";53;9;46;3;0;;;;58;9;37;2;0;;;;48;106
"054053";"Torgiano";54;13;36;3;0;;;;52;7;46;9;3;;;;65;117
"054053";"Torgiano";55;6;30;4;1;;;;41;8;40;2;6;;;;56;97
"054053";"Torgiano";56;7;45;1;1;;;;54;7;40;5;2;;;;54;108
"054053";"Torgiano";57;5;34;6;1;;;;46;6;47;3;3;;;;59;105
"054053";"Torgiano";58;9;38;5;1;;;;53;10;30;3;3;;;;46;99
"054053";"Torgiano";59;1;44;3;0;;;;48;0;39;4;1;;;;44;92
"054053";"Torgiano";60;6;50;5;2;;;;63;3;42;5;0;;;;50;113
"054053";"Torgiano";61;2;29;2;1;;;;34;2;42;2;3;;;;49;83
"054053";"Torgiano";62;5;45;3;3;;;;56;4;35;4;5;;;;48;104
"054053";"Torgiano";63;9;40;2;0;;;;51;7;40;3;1;;;;51;102
"054053";"Torgiano";64;4;31;2;0;;;;37;2;37;3;7;;;;49;86
"054053";"Torgiano";65;3;34;1;0;;;;38;4;33;1;6;;;;44;82
"054053";"Torgiano";66;2;47;2;2;;;;53;3;31;4;1;;;;39;92
"054053";"Torgiano";67;1;39;4;1;;;;45;1;23;0;3;;;;27;72
"054053";"Torgiano";68;5;26;2;1;;;;34;2;23;2;6;;;;33;67
"054053";"Torgiano";69;2;22;2;2;;;;28;5;36;2;6;;;;49;77
"054053";"Torgiano";70;1;30;3;3;;;;37;1;35;1;6;;;;43;80
"054053";"Torgiano";71;3;24;3;1;;;;31;4;24;2;7;;;;37;68
"054053";"Torgiano";72;4;27;1;3;;;;35;3;28;2;13;;;;46;81
"054053";"Torgiano";73;4;25;0;1;;;;30;2;16;1;16;;;;35;65
"054053";"Torgiano";74;3;24;1;3;;;;31;1;29;1;6;;;;37;68
"054053";"Torgiano";75;0;25;1;1;;;;27;1;31;3;11;;;;46;73
"054053";"Torgiano";76;1;32;0;7;;;;40;1;24;2;10;;;;37;77
"054053";"Torgiano";77;2;28;3;3;;;;36;2;13;1;11;;;;27;63
"054053";"Torgiano";78;3;20;0;1;;;;24;0;9;1;8;;;;18;42
"054053";"Torgiano";79;3;21;0;2;;;;26;1;16;0;12;;;;29;55
"054053";"Torgiano";80;3;29;1;3;;;;36;1;12;0;17;;;;30;66
"054053";"Torgiano";81;2;16;0;2;;;;20;0;12;1;18;;;;31;51
"054053";"Torgiano";82;1;14;2;3;;;;20;1;9;0;19;;;;29;49
"054053";"Torgiano";83;1;11;0;9;;;;21;2;8;0;15;;;;25;46
"054053";"Torgiano";84;0;16;0;5;;;;21;2;8;0;17;;;;27;48
"054053";"Torgiano";85;1;16;0;3;;;;20;0;6;0;20;;;;26;46
"054053";"Torgiano";86;0;8;0;4;;;;12;0;7;0;16;;;;23;35
"054053";"Torgiano";87;1;5;0;5;;;;11;0;2;1;17;;;;20;31
"054053";"Torgiano";88;0;6;0;3;;;;9;0;6;0;9;;;;15;24
"054053";"Torgiano";89;0;5;0;1;;;;6;1;4;0;15;;;;20;26
"054053";"Torgiano";90;1;8;0;1;;;;10;0;2;0;9;;;;11;21
"054053";"Torgiano";91;0;9;0;1;;;;10;0;1;0;13;;;;14;24
"054053";"Torgiano";92;0;2;0;0;;;;2;0;0;0;7;;;;7;9
"054053";"Torgiano";93;0;4;0;1;;;;5;0;1;0;11;;;;12;17
"054053";"Torgiano";94;0;1;0;0;;;;1;0;0;0;6;;;;6;7
"054053";"Torgiano";95;0;0;0;1;;;;1;0;0;0;8;;;;8;9
"054053";"Torgiano";96;0;0;0;0;;;;0;0;1;0;5;;;;6;6
"054053";"Torgiano";97;0;0;0;2;;;;2;0;0;0;3;;;;3;5
"054053";"Torgiano";98;0;1;0;2;;;;3;0;1;0;2;;;;3;6
"054053";"Torgiano";99;0;1;0;0;;;;1;0;0;0;2;;;;2;3
"054053";"Torgiano";100;0;0;0;0;;;;0;0;1;0;4;;;;5;5
"054053";"Torgiano";999;1512;1549;86;89;;;;3236;1292;1555;117;398;;;;3362;6598
"054054";"Trevi";0;27;0;0;0;;;;27;19;0;0;0;;;;19;46
"054054";"Trevi";1;20;0;0;0;;;;20;15;0;0;0;;;;15;35
"054054";"Trevi";2;17;0;0;0;;;;17;19;0;0;0;;;;19;36
"054054";"Trevi";3;34;0;0;0;;;;34;24;0;0;0;;;;24;58
"054054";"Trevi";4;29;0;0;0;;;;29;24;0;0;0;;;;24;53
"054054";"Trevi";5;29;0;0;0;;;;29;27;0;0;0;;;;27;56
"054054";"Trevi";6;30;0;0;0;;;;30;27;0;0;0;;;;27;57
"054054";"Trevi";7;38;0;0;0;;;;38;24;0;0;0;;;;24;62
"054054";"Trevi";8;44;0;0;0;;;;44;34;0;0;0;;;;34;78
"054054";"Trevi";9;31;0;0;0;;;;31;44;0;0;0;;;;44;75
"054054";"Trevi";10;43;0;0;0;;;;43;35;0;0;0;;;;35;78
"054054";"Trevi";11;39;0;0;0;;;;39;43;0;0;0;;;;43;82
"054054";"Trevi";12;36;0;0;0;;;;36;39;0;0;0;;;;39;75
"054054";"Trevi";13;41;0;0;0;;;;41;38;0;0;0;;;;38;79
"054054";"Trevi";14;30;0;0;0;;;;30;40;0;0;0;;;;40;70
"054054";"Trevi";15;42;0;0;0;;;;42;47;0;0;0;;;;47;89
"054054";"Trevi";16;40;0;0;0;;;;40;43;0;0;0;;;;43;83
"054054";"Trevi";17;41;0;0;0;;;;41;38;0;0;0;;;;38;79
"054054";"Trevi";18;41;0;0;0;;;;41;30;0;0;0;;;;30;71
"054054";"Trevi";19;50;0;0;0;;;;50;31;0;0;0;;;;31;81
"054054";"Trevi";20;32;0;0;0;;;;32;25;0;0;0;;;;25;57
"054054";"Trevi";21;29;0;0;0;;;;29;36;1;0;0;;;;37;66
"054054";"Trevi";22;52;1;0;0;;;;53;47;2;0;0;;;;49;102
"054054";"Trevi";23;27;0;0;0;;;;27;33;1;0;0;;;;34;61
"054054";"Trevi";24;39;1;0;0;;;;40;29;2;0;0;;;;31;71
"054054";"Trevi";25;31;2;0;0;;;;33;27;2;0;0;;;;29;62
"054054";"Trevi";26;35;0;0;0;;;;35;27;3;0;0;;;;30;65
"054054";"Trevi";27;25;0;0;0;;;;25;27;6;1;0;;;;34;59
"054054";"Trevi";28;22;2;0;0;;;;24;21;10;0;0;;;;31;55
"054054";"Trevi";29;38;3;0;0;;;;41;32;7;0;0;;;;39;80
"054054";"Trevi";30;31;10;0;0;;;;41;23;13;0;0;;;;36;77
"054054";"Trevi";31;31;3;1;0;;;;35;30;14;0;0;;;;44;79
"054054";"Trevi";32;29;9;0;0;;;;38;25;12;1;0;;;;38;76
"054054";"Trevi";33;36;7;0;0;;;;43;33;19;0;0;;;;52;95
"054054";"Trevi";34;31;11;0;0;;;;42;26;17;1;0;;;;44;86
"054054";"Trevi";35;29;16;0;1;;;;46;21;23;1;0;;;;45;91
"054054";"Trevi";36;42;14;0;0;;;;56;9;20;1;1;;;;31;87
"054054";"Trevi";37;32;17;0;0;;;;49;19;20;0;0;;;;39;88
"054054";"Trevi";38;24;16;0;0;;;;40;18;26;0;0;;;;44;84
"054054";"Trevi";39;32;19;1;0;;;;52;21;25;0;0;;;;46;98
"054054";"Trevi";40;20;22;1;0;;;;43;16;32;3;1;;;;52;95
"054054";"Trevi";41;36;21;1;1;;;;59;15;21;5;0;;;;41;100
"054054";"Trevi";42;24;19;1;0;;;;44;12;25;3;1;;;;41;85
"054054";"Trevi";43;20;27;1;0;;;;48;20;31;2;0;;;;53;101
"054054";"Trevi";44;23;24;2;0;;;;49;17;29;4;0;;;;50;99
"054054";"Trevi";45;20;31;0;0;;;;51;16;31;1;0;;;;48;99
"054054";"Trevi";46;10;27;2;1;;;;40;10;38;2;0;;;;50;90
"054054";"Trevi";47;27;24;2;1;;;;54;12;38;1;5;;;;56;110
"054054";"Trevi";48;26;36;2;0;;;;64;17;46;7;0;;;;70;134
"054054";"Trevi";49;26;38;7;0;;;;71;10;41;6;2;;;;59;130
"054054";"Trevi";50;22;28;2;0;;;;52;15;49;7;0;;;;71;123
"054054";"Trevi";51;14;33;6;0;;;;53;16;47;1;1;;;;65;118
"054054";"Trevi";52;15;50;7;1;;;;73;15;42;10;0;;;;67;140
"054054";"Trevi";53;15;32;5;0;;;;52;14;46;4;0;;;;64;116
"054054";"Trevi";54;15;50;6;1;;;;72;6;50;4;2;;;;62;134
"054054";"Trevi";55;9;41;5;0;;;;55;11;50;6;4;;;;71;126
"054054";"Trevi";56;10;51;5;0;;;;66;15;47;9;4;;;;75;141
"054054";"Trevi";57;12;46;4;0;;;;62;11;50;7;0;;;;68;130
"054054";"Trevi";58;10;45;3;2;;;;60;5;46;4;4;;;;59;119
"054054";"Trevi";59;10;50;7;0;;;;67;13;47;6;3;;;;69;136
"054054";"Trevi";60;6;47;3;0;;;;56;10;48;4;3;;;;65;121
"054054";"Trevi";61;11;54;5;0;;;;70;4;45;4;7;;;;60;130
"054054";"Trevi";62;7;43;3;2;;;;55;4;46;3;3;;;;56;111
"054054";"Trevi";63;3;53;5;0;;;;61;4;46;3;6;;;;59;120
"054054";"Trevi";64;7;40;5;1;;;;53;6;48;3;4;;;;61;114
"054054";"Trevi";65;7;43;1;2;;;;53;6;38;4;5;;;;53;106
"054054";"Trevi";66;4;49;4;2;;;;59;5;35;5;18;;;;63;122
"054054";"Trevi";67;6;41;4;1;;;;52;2;35;3;6;;;;46;98
"054054";"Trevi";68;2;27;3;0;;;;32;5;28;2;6;;;;41;73
"054054";"Trevi";69;7;37;5;1;;;;50;6;27;3;10;;;;46;96
"054054";"Trevi";70;6;39;3;1;;;;49;1;39;1;11;;;;52;101
"054054";"Trevi";71;1;39;2;2;;;;44;4;31;1;7;;;;43;87
"054054";"Trevi";72;3;45;1;0;;;;49;1;32;1;11;;;;45;94
"054054";"Trevi";73;1;30;1;3;;;;35;5;52;2;18;;;;77;112
"054054";"Trevi";74;6;42;1;3;;;;52;1;27;3;13;;;;44;96
"054054";"Trevi";75;1;41;0;4;;;;46;3;38;1;16;;;;58;104
"054054";"Trevi";76;4;39;0;3;;;;46;3;24;0;14;;;;41;87
"054054";"Trevi";77;1;26;1;6;;;;34;5;24;0;22;;;;51;85
"054054";"Trevi";78;2;40;1;5;;;;48;4;27;1;20;;;;52;100
"054054";"Trevi";79;2;21;0;6;;;;29;3;14;1;20;;;;38;67
"054054";"Trevi";80;3;39;0;4;;;;46;2;20;1;20;;;;43;89
"054054";"Trevi";81;3;18;0;6;;;;27;1;16;0;24;;;;41;68
"054054";"Trevi";82;1;18;0;5;;;;24;3;15;0;22;;;;40;64
"054054";"Trevi";83;0;22;1;4;;;;27;2;10;2;21;;;;35;62
"054054";"Trevi";84;1;13;0;3;;;;17;4;11;0;26;;;;41;58
"054054";"Trevi";85;1;18;1;5;;;;25;1;6;0;33;;;;40;65
"054054";"Trevi";86;1;18;0;4;;;;23;4;9;0;25;;;;38;61
"054054";"Trevi";87;0;13;0;3;;;;16;1;3;0;16;;;;20;36
"054054";"Trevi";88;0;9;2;7;;;;18;2;5;0;25;;;;32;50
"054054";"Trevi";89;1;10;1;3;;;;15;0;5;0;13;;;;18;33
"054054";"Trevi";90;1;7;0;3;;;;11;0;2;0;16;;;;18;29
"054054";"Trevi";91;0;1;0;4;;;;5;1;2;0;13;;;;16;21
"054054";"Trevi";92;0;3;0;6;;;;9;0;1;0;12;;;;13;22
"054054";"Trevi";93;1;1;0;2;;;;4;0;0;0;12;;;;12;16
"054054";"Trevi";94;0;3;0;1;;;;4;0;0;0;8;;;;8;12
"054054";"Trevi";95;0;3;0;0;;;;3;0;0;0;9;;;;9;12
"054054";"Trevi";96;0;1;0;2;;;;3;1;1;0;4;;;;6;9
"054054";"Trevi";97;0;0;0;2;;;;2;1;0;0;8;;;;9;11
"054054";"Trevi";98;0;0;0;1;;;;1;0;0;0;2;;;;2;3
"054054";"Trevi";99;0;0;0;0;;;;0;1;0;0;1;;;;2;2
"054054";"Trevi";100;0;2;0;0;;;;2;0;0;0;2;;;;2;4
"054054";"Trevi";999;1813;1821;124;115;;;;3873;1542;1839;145;560;;;;4086;7959
"054055";"Tuoro sul Trasimeno";0;14;0;0;0;;;;14;9;0;0;0;;;;9;23
"054055";"Tuoro sul Trasimeno";1;9;0;0;0;;;;9;11;0;0;0;;;;11;20
"054055";"Tuoro sul Trasimeno";2;7;0;0;0;;;;7;12;0;0;0;;;;12;19
"054055";"Tuoro sul Trasimeno";3;11;0;0;0;;;;11;13;0;0;0;;;;13;24
"054055";"Tuoro sul Trasimeno";4;10;0;0;0;;;;10;12;0;0;0;;;;12;22
"054055";"Tuoro sul Trasimeno";5;7;0;0;0;;;;7;12;0;0;0;;;;12;19
"054055";"Tuoro sul Trasimeno";6;11;0;0;0;;;;11;11;0;0;0;;;;11;22
"054055";"Tuoro sul Trasimeno";7;17;0;0;0;;;;17;19;0;0;0;;;;19;36
"054055";"Tuoro sul Trasimeno";8;19;0;0;0;;;;19;7;0;0;0;;;;7;26
"054055";"Tuoro sul Trasimeno";9;6;0;0;0;;;;6;17;0;0;0;;;;17;23
"054055";"Tuoro sul Trasimeno";10;15;0;0;0;;;;15;11;0;0;0;;;;11;26
"054055";"Tuoro sul Trasimeno";11;13;0;0;0;;;;13;16;0;0;0;;;;16;29
"054055";"Tuoro sul Trasimeno";12;20;0;0;0;;;;20;14;0;0;0;;;;14;34
"054055";"Tuoro sul Trasimeno";13;18;0;0;0;;;;18;14;0;0;0;;;;14;32
"054055";"Tuoro sul Trasimeno";14;20;0;0;0;;;;20;7;0;0;0;;;;7;27
"054055";"Tuoro sul Trasimeno";15;15;0;0;0;;;;15;15;0;0;0;;;;15;30
"054055";"Tuoro sul Trasimeno";16;16;0;0;0;;;;16;16;0;0;0;;;;16;32
"054055";"Tuoro sul Trasimeno";17;24;0;0;0;;;;24;21;0;0;0;;;;21;45
"054055";"Tuoro sul Trasimeno";18;14;0;0;0;;;;14;24;0;0;0;;;;24;38
"054055";"Tuoro sul Trasimeno";19;14;0;0;0;;;;14;10;0;0;0;;;;10;24
"054055";"Tuoro sul Trasimeno";20;17;0;0;0;;;;17;11;0;0;0;;;;11;28
"054055";"Tuoro sul Trasimeno";21;15;0;0;0;;;;15;20;0;0;0;;;;20;35
"054055";"Tuoro sul Trasimeno";22;17;0;0;0;;;;17;18;0;0;0;;;;18;35
"054055";"Tuoro sul Trasimeno";23;21;0;0;0;;;;21;16;1;0;0;;;;17;38
"054055";"Tuoro sul Trasimeno";24;17;0;0;0;;;;17;20;0;0;0;;;;20;37
"054055";"Tuoro sul Trasimeno";25;22;0;0;0;;;;22;17;3;0;0;;;;20;42
"054055";"Tuoro sul Trasimeno";26;18;1;0;0;;;;19;16;2;0;0;;;;18;37
"054055";"Tuoro sul Trasimeno";27;23;0;0;0;;;;23;12;4;0;0;;;;16;39
"054055";"Tuoro sul Trasimeno";28;20;0;0;0;;;;20;22;2;0;0;;;;24;44
"054055";"Tuoro sul Trasimeno";29;15;1;0;0;;;;16;12;3;0;0;;;;15;31
"054055";"Tuoro sul Trasimeno";30;17;1;0;0;;;;18;8;3;0;0;;;;11;29
"054055";"Tuoro sul Trasimeno";31;18;6;0;0;;;;24;7;3;0;0;;;;10;34
"054055";"Tuoro sul Trasimeno";32;13;4;0;0;;;;17;12;8;0;0;;;;20;37
"054055";"Tuoro sul Trasimeno";33;10;1;0;0;;;;11;9;6;1;0;;;;16;27
"054055";"Tuoro sul Trasimeno";34;14;7;0;0;;;;21;12;7;0;0;;;;19;40
"054055";"Tuoro sul Trasimeno";35;8;4;1;0;;;;13;8;3;1;0;;;;12;25
"054055";"Tuoro sul Trasimeno";36;13;6;0;0;;;;19;10;11;0;0;;;;21;40
"054055";"Tuoro sul Trasimeno";37;14;4;0;0;;;;18;10;9;0;0;;;;19;37
"054055";"Tuoro sul Trasimeno";38;10;10;0;0;;;;20;13;9;3;0;;;;25;45
"054055";"Tuoro sul Trasimeno";39;12;9;1;0;;;;22;8;11;2;0;;;;21;43
"054055";"Tuoro sul Trasimeno";40;12;2;1;0;;;;15;1;7;2;0;;;;10;25
"054055";"Tuoro sul Trasimeno";41;8;11;0;0;;;;19;8;11;1;0;;;;20;39
"054055";"Tuoro sul Trasimeno";42;12;14;3;0;;;;29;8;16;0;0;;;;24;53
"054055";"Tuoro sul Trasimeno";43;15;14;0;0;;;;29;5;16;1;0;;;;22;51
"054055";"Tuoro sul Trasimeno";44;12;10;1;0;;;;23;7;11;2;0;;;;20;43
"054055";"Tuoro sul Trasimeno";45;11;10;0;0;;;;21;15;16;2;0;;;;33;54
"054055";"Tuoro sul Trasimeno";46;12;16;1;0;;;;29;11;18;0;0;;;;29;58
"054055";"Tuoro sul Trasimeno";47;11;22;3;0;;;;36;4;16;0;1;;;;21;57
"054055";"Tuoro sul Trasimeno";48;12;24;1;0;;;;37;6;18;2;0;;;;26;63
"054055";"Tuoro sul Trasimeno";49;13;15;4;0;;;;32;7;22;1;1;;;;31;63
"054055";"Tuoro sul Trasimeno";50;10;18;2;0;;;;30;6;21;2;0;;;;29;59
"054055";"Tuoro sul Trasimeno";51;11;19;2;0;;;;32;4;23;4;0;;;;31;63
"054055";"Tuoro sul Trasimeno";52;8;26;1;0;;;;35;3;28;4;1;;;;36;71
"054055";"Tuoro sul Trasimeno";53;3;13;2;0;;;;18;7;17;1;2;;;;27;45
"054055";"Tuoro sul Trasimeno";54;8;29;2;0;;;;39;3;24;4;1;;;;32;71
"054055";"Tuoro sul Trasimeno";55;5;21;2;0;;;;28;8;25;3;0;;;;36;64
"054055";"Tuoro sul Trasimeno";56;6;19;6;0;;;;31;4;28;4;2;;;;38;69
"054055";"Tuoro sul Trasimeno";57;5;17;2;0;;;;24;4;15;4;0;;;;23;47
"054055";"Tuoro sul Trasimeno";58;8;22;3;0;;;;33;5;16;2;3;;;;26;59
"054055";"Tuoro sul Trasimeno";59;6;28;4;0;;;;38;6;22;5;4;;;;37;75
"054055";"Tuoro sul Trasimeno";60;2;23;3;0;;;;28;5;29;3;1;;;;38;66
"054055";"Tuoro sul Trasimeno";61;2;21;3;1;;;;27;1;29;2;1;;;;33;60
"054055";"Tuoro sul Trasimeno";62;5;21;0;0;;;;26;2;23;3;2;;;;30;56
"054055";"Tuoro sul Trasimeno";63;3;22;2;0;;;;27;2;23;1;2;;;;28;55
"054055";"Tuoro sul Trasimeno";64;5;18;5;0;;;;28;2;14;3;2;;;;21;49
"054055";"Tuoro sul Trasimeno";65;6;25;1;0;;;;32;0;16;0;2;;;;18;50
"054055";"Tuoro sul Trasimeno";66;6;15;1;1;;;;23;4;19;1;3;;;;27;50
"054055";"Tuoro sul Trasimeno";67;1;16;0;0;;;;17;5;13;3;8;;;;29;46
"054055";"Tuoro sul Trasimeno";68;2;15;1;0;;;;18;0;28;0;1;;;;29;47
"054055";"Tuoro sul Trasimeno";69;3;16;0;2;;;;21;2;16;1;6;;;;25;46
"054055";"Tuoro sul Trasimeno";70;1;20;0;1;;;;22;1;24;0;6;;;;31;53
"054055";"Tuoro sul Trasimeno";71;2;16;1;1;;;;20;1;14;2;1;;;;18;38
"054055";"Tuoro sul Trasimeno";72;5;19;0;0;;;;24;1;17;2;5;;;;25;49
"054055";"Tuoro sul Trasimeno";73;3;23;3;2;;;;31;1;12;1;5;;;;19;50
"054055";"Tuoro sul Trasimeno";74;0;27;2;4;;;;33;1;25;1;8;;;;35;68
"054055";"Tuoro sul Trasimeno";75;1;12;1;2;;;;16;3;23;1;15;;;;42;58
"054055";"Tuoro sul Trasimeno";76;1;21;0;3;;;;25;2;9;0;10;;;;21;46
"054055";"Tuoro sul Trasimeno";77;2;13;0;2;;;;17;2;7;0;5;;;;14;31
"054055";"Tuoro sul Trasimeno";78;1;8;1;1;;;;11;0;8;0;13;;;;21;32
"054055";"Tuoro sul Trasimeno";79;2;21;0;1;;;;24;0;8;2;9;;;;19;43
"054055";"Tuoro sul Trasimeno";80;1;14;0;3;;;;18;1;4;0;4;;;;9;27
"054055";"Tuoro sul Trasimeno";81;1;12;0;1;;;;14;1;7;1;9;;;;18;32
"054055";"Tuoro sul Trasimeno";82;0;15;0;0;;;;15;0;3;0;11;;;;14;29
"054055";"Tuoro sul Trasimeno";83;1;10;0;2;;;;13;1;8;1;13;;;;23;36
"054055";"Tuoro sul Trasimeno";84;0;10;0;2;;;;12;0;3;1;13;;;;17;29
"054055";"Tuoro sul Trasimeno";85;1;8;0;0;;;;9;0;7;0;17;;;;24;33
"054055";"Tuoro sul Trasimeno";86;0;7;0;2;;;;9;0;3;0;12;;;;15;24
"054055";"Tuoro sul Trasimeno";87;1;3;0;0;;;;4;0;3;0;10;;;;13;17
"054055";"Tuoro sul Trasimeno";88;0;8;0;1;;;;9;0;3;0;13;;;;16;25
"054055";"Tuoro sul Trasimeno";89;0;1;0;2;;;;3;1;0;0;7;;;;8;11
"054055";"Tuoro sul Trasimeno";90;0;4;0;1;;;;5;0;0;0;6;;;;6;11
"054055";"Tuoro sul Trasimeno";91;0;2;0;3;;;;5;0;2;0;11;;;;13;18
"054055";"Tuoro sul Trasimeno";92;0;2;0;2;;;;4;0;0;0;5;;;;5;9
"054055";"Tuoro sul Trasimeno";93;0;4;0;0;;;;4;0;1;0;3;;;;4;8
"054055";"Tuoro sul Trasimeno";94;0;0;0;0;;;;0;0;0;0;6;;;;6;6
"054055";"Tuoro sul Trasimeno";95;0;1;0;1;;;;2;0;0;0;4;;;;4;6
"054055";"Tuoro sul Trasimeno";96;1;0;0;1;;;;2;0;0;0;7;;;;7;9
"054055";"Tuoro sul Trasimeno";97;0;0;0;0;;;;0;0;0;1;2;;;;3;3
"054055";"Tuoro sul Trasimeno";98;0;0;0;0;;;;0;0;0;0;1;;;;1;1
"054055";"Tuoro sul Trasimeno";99;0;0;0;0;;;;0;0;0;0;2;;;;2;2
"054055";"Tuoro sul Trasimeno";100;0;0;0;0;;;;0;0;0;0;0;;;;0;0
"054055";"Tuoro sul Trasimeno";999;841;877;66;42;;;;1826;693;856;81;276;;;;1906;3732
"054056";"Umbertide";0;58;0;0;0;;;;58;61;0;0;0;;;;61;119
"054056";"Umbertide";1;61;0;0;0;;;;61;61;0;0;0;;;;61;122
"054056";"Umbertide";2;67;0;0;0;;;;67;64;0;0;0;;;;64;131
"054056";"Umbertide";3;63;0;0;0;;;;63;56;0;0;0;;;;56;119
"054056";"Umbertide";4;66;0;0;0;;;;66;70;0;0;0;;;;70;136
"054056";"Umbertide";5;79;0;0;0;;;;79;69;0;0;0;;;;69;148
"054056";"Umbertide";6;68;0;0;0;;;;68;71;0;0;0;;;;71;139
"054056";"Umbertide";7;74;0;0;0;;;;74;59;0;0;0;;;;59;133
"054056";"Umbertide";8;72;0;0;0;;;;72;77;0;0;0;;;;77;149
"054056";"Umbertide";9;99;0;0;0;;;;99;72;0;0;0;;;;72;171
"054056";"Umbertide";10;89;0;0;0;;;;89;81;0;0;0;;;;81;170
"054056";"Umbertide";11;66;0;0;0;;;;66;80;0;0;0;;;;80;146
"054056";"Umbertide";12;89;0;0;0;;;;89;71;0;0;0;;;;71;160
"054056";"Umbertide";13;77;0;0;0;;;;77;77;0;0;0;;;;77;154
"054056";"Umbertide";14;76;0;0;0;;;;76;84;0;0;0;;;;84;160
"054056";"Umbertide";15;74;0;0;0;;;;74;104;0;0;0;;;;104;178
"054056";"Umbertide";16;83;0;0;0;;;;83;78;0;0;0;;;;78;161
"054056";"Umbertide";17;91;0;0;0;;;;91;72;0;0;0;;;;72;163
"054056";"Umbertide";18;67;0;0;0;;;;67;76;1;0;0;;;;77;144
"054056";"Umbertide";19;75;0;0;0;;;;75;86;1;0;0;;;;87;162
"054056";"Umbertide";20;87;0;0;0;;;;87;75;0;0;0;;;;75;162
"054056";"Umbertide";21;75;0;0;0;;;;75;61;0;1;0;;;;62;137
"054056";"Umbertide";22;63;1;0;0;;;;64;67;5;0;0;;;;72;136
"054056";"Umbertide";23;65;2;0;0;;;;67;67;4;0;0;;;;71;138
"054056";"Umbertide";24;63;1;0;0;;;;64;61;7;0;0;;;;68;132
"054056";"Umbertide";25;76;3;0;0;;;;79;60;7;0;0;;;;67;146
"054056";"Umbertide";26;78;4;0;0;;;;82;64;13;0;0;;;;77;159
"054056";"Umbertide";27;67;6;0;0;;;;73;69;24;0;0;;;;93;166
"054056";"Umbertide";28;57;10;0;0;;;;67;73;23;0;0;;;;96;163
"054056";"Umbertide";29;66;10;0;0;;;;76;53;24;0;0;;;;77;153
"054056";"Umbertide";30;59;10;0;0;;;;69;48;23;0;0;;;;71;140
"054056";"Umbertide";31;84;11;0;0;;;;95;43;26;1;0;;;;70;165
"054056";"Umbertide";32;70;21;1;0;;;;92;40;28;0;0;;;;68;160
"054056";"Umbertide";33;70;22;1;0;;;;93;44;54;0;0;;;;98;191
"054056";"Umbertide";34;72;29;1;0;;;;102;40;45;0;0;;;;85;187
"054056";"Umbertide";35;58;22;0;0;;;;80;55;54;0;1;;;;110;190
"054056";"Umbertide";36;55;39;1;0;;;;95;43;52;2;0;;;;97;192
"054056";"Umbertide";37;49;41;1;0;;;;91;27;56;3;2;;;;88;179
"054056";"Umbertide";38;52;48;1;0;;;;101;34;62;2;1;;;;99;200
"054056";"Umbertide";39;45;44;3;0;;;;92;29;52;1;0;;;;82;174
"054056";"Umbertide";40;50;51;2;0;;;;103;35;59;2;1;;;;97;200
"054056";"Umbertide";41;53;64;4;1;;;;122;32;57;5;0;;;;94;216
"054056";"Umbertide";42;41;55;2;0;;;;98;43;76;6;2;;;;127;225
"054056";"Umbertide";43;42;64;2;0;;;;108;36;64;7;1;;;;108;216
"054056";"Umbertide";44;57;75;6;0;;;;138;31;80;4;3;;;;118;256
"054056";"Umbertide";45;43;72;4;0;;;;119;30;67;3;2;;;;102;221
"054056";"Umbertide";46;40;71;8;0;;;;119;26;87;7;1;;;;121;240
"054056";"Umbertide";47;39;66;2;0;;;;107;24;91;8;1;;;;124;231
"054056";"Umbertide";48;40;88;6;1;;;;135;27;87;12;1;;;;127;262
"054056";"Umbertide";49;34;100;4;0;;;;138;17;101;9;0;;;;127;265
"054056";"Umbertide";50;41;83;9;0;;;;133;20;108;8;5;;;;141;274
"054056";"Umbertide";51;29;80;7;0;;;;116;22;87;8;4;;;;121;237
"054056";"Umbertide";52;32;87;7;1;;;;127;15;94;2;3;;;;114;241
"054056";"Umbertide";53;30;80;10;1;;;;121;15;78;6;4;;;;103;224
"054056";"Umbertide";54;23;73;9;2;;;;107;21;91;7;1;;;;120;227
"054056";"Umbertide";55;22;107;5;0;;;;134;18;97;13;2;;;;130;264
"054056";"Umbertide";56;24;88;6;2;;;;120;17;79;11;0;;;;107;227
"054056";"Umbertide";57;26;110;5;2;;;;143;14;98;7;4;;;;123;266
"054056";"Umbertide";58;25;91;4;2;;;;122;14;91;7;6;;;;118;240
"054056";"Umbertide";59;21;110;6;0;;;;137;10;101;11;11;;;;133;270
"054056";"Umbertide";60;10;85;6;2;;;;103;20;92;8;14;;;;134;237
"054056";"Umbertide";61;20;76;7;6;;;;109;8;93;8;13;;;;122;231
"054056";"Umbertide";62;17;93;11;0;;;;121;10;88;9;9;;;;116;237
"054056";"Umbertide";63;18;87;2;3;;;;110;3;81;8;10;;;;102;212
"054056";"Umbertide";64;15;82;5;2;;;;104;9;85;6;15;;;;115;219
"054056";"Umbertide";65;11;69;2;1;;;;83;5;91;3;12;;;;111;194
"054056";"Umbertide";66;11;66;5;3;;;;85;8;72;2;25;;;;107;192
"054056";"Umbertide";67;9;92;1;4;;;;106;7;67;7;16;;;;97;203
"054056";"Umbertide";68;8;85;1;1;;;;95;7;78;3;20;;;;108;203
"054056";"Umbertide";69;8;63;0;3;;;;74;3;82;4;22;;;;111;185
"054056";"Umbertide";70;14;85;1;9;;;;109;4;63;3;25;;;;95;204
"054056";"Umbertide";71;4;75;5;7;;;;91;8;67;3;23;;;;101;192
"054056";"Umbertide";72;8;66;2;5;;;;81;3;63;2;14;;;;82;163
"054056";"Umbertide";73;6;92;3;6;;;;107;4;69;1;30;;;;104;211
"054056";"Umbertide";74;6;71;2;7;;;;86;6;60;7;23;;;;96;182
"054056";"Umbertide";75;11;79;3;4;;;;97;4;50;3;42;;;;99;196
"054056";"Umbertide";76;9;51;4;6;;;;70;0;53;3;39;;;;95;165
"054056";"Umbertide";77;3;76;0;10;;;;89;2;51;4;31;;;;88;177
"054056";"Umbertide";78;4;42;0;1;;;;47;4;29;3;24;;;;60;107
"054056";"Umbertide";79;8;43;2;4;;;;57;5;39;1;24;;;;69;126
"054056";"Umbertide";80;7;50;0;9;;;;66;3;42;1;50;;;;96;162
"054056";"Umbertide";81;4;37;0;2;;;;43;2;18;0;24;;;;44;87
"054056";"Umbertide";82;2;41;0;14;;;;57;4;16;0;36;;;;56;113
"054056";"Umbertide";83;0;38;1;12;;;;51;3;26;0;47;;;;76;127
"054056";"Umbertide";84;2;47;0;9;;;;58;1;21;2;52;;;;76;134
"054056";"Umbertide";85;4;36;0;9;;;;49;0;17;1;49;;;;67;116
"054056";"Umbertide";86;1;31;2;9;;;;43;0;23;0;39;;;;62;105
"054056";"Umbertide";87;2;18;1;6;;;;27;2;8;0;47;;;;57;84
"054056";"Umbertide";88;2;18;1;2;;;;23;0;9;0;46;;;;55;78
"054056";"Umbertide";89;1;19;0;4;;;;24;1;5;0;40;;;;46;70
"054056";"Umbertide";90;2;14;0;10;;;;26;1;2;0;51;;;;54;80
"054056";"Umbertide";91;2;3;0;8;;;;13;1;1;0;31;;;;33;46
"054056";"Umbertide";92;0;9;1;6;;;;16;1;1;0;25;;;;27;43
"054056";"Umbertide";93;0;2;0;9;;;;11;0;0;0;19;;;;19;30
"054056";"Umbertide";94;1;3;0;2;;;;6;0;1;0;22;;;;23;29
"054056";"Umbertide";95;1;4;0;2;;;;7;0;0;0;21;;;;21;28
"054056";"Umbertide";96;0;3;0;4;;;;7;0;0;0;10;;;;10;17
"054056";"Umbertide";97;0;0;0;1;;;;1;0;0;0;9;;;;9;10
"054056";"Umbertide";98;0;0;0;0;;;;0;0;0;0;9;;;;9;9
"054056";"Umbertide";99;0;1;0;0;;;;1;0;0;0;6;;;;6;7
"054056";"Umbertide";100;0;0;0;0;;;;0;1;0;0;5;;;;6;6
"054056";"Umbertide";999;3748;3791;185;214;;;;7938;3129;3817;245;1125;;;;8316;16254
"054057";"Valfabbrica";0;9;0;0;0;;;;9;10;0;0;0;;;;10;19
"054057";"Valfabbrica";1;5;0;0;0;;;;5;14;0;0;0;;;;14;19
"054057";"Valfabbrica";2;10;0;0;0;;;;10;12;0;0;0;;;;12;22
"054057";"Valfabbrica";3;10;0;0;0;;;;10;11;0;0;0;;;;11;21
"054057";"Valfabbrica";4;8;0;0;0;;;;8;11;0;0;0;;;;11;19
"054057";"Valfabbrica";5;13;0;0;0;;;;13;8;0;0;0;;;;8;21
"054057";"Valfabbrica";6;11;0;0;0;;;;11;10;0;0;0;;;;10;21
"054057";"Valfabbrica";7;10;0;0;0;;;;10;11;0;0;0;;;;11;21
"054057";"Valfabbrica";8;10;0;0;0;;;;10;10;0;0;0;;;;10;20
"054057";"Valfabbrica";9;13;0;0;0;;;;13;21;0;0;0;;;;21;34
"054057";"Valfabbrica";10;18;0;0;0;;;;18;21;0;0;0;;;;21;39
"054057";"Valfabbrica";11;12;0;0;0;;;;12;12;0;0;0;;;;12;24
"054057";"Valfabbrica";12;11;0;0;0;;;;11;17;0;0;0;;;;17;28
"054057";"Valfabbrica";13;13;0;0;0;;;;13;10;0;0;0;;;;10;23
"054057";"Valfabbrica";14;16;0;0;0;;;;16;17;0;0;0;;;;17;33
"054057";"Valfabbrica";15;8;0;0;0;;;;8;17;0;0;0;;;;17;25
"054057";"Valfabbrica";16;12;0;0;0;;;;12;14;0;0;0;;;;14;26
"054057";"Valfabbrica";17;19;0;0;0;;;;19;13;0;0;0;;;;13;32
"054057";"Valfabbrica";18;12;0;0;0;;;;12;15;0;0;0;;;;15;27
"054057";"Valfabbrica";19;14;0;0;0;;;;14;18;0;0;0;;;;18;32
"054057";"Valfabbrica";20;17;0;0;0;;;;17;13;0;0;0;;;;13;30
"054057";"Valfabbrica";21;12;0;0;0;;;;12;15;0;0;0;;;;15;27
"054057";"Valfabbrica";22;15;0;0;0;;;;15;13;1;0;0;;;;14;29
"054057";"Valfabbrica";23;14;0;0;0;;;;14;17;0;0;0;;;;17;31
"054057";"Valfabbrica";24;21;1;0;0;;;;22;18;2;0;0;;;;20;42
"054057";"Valfabbrica";25;15;0;0;0;;;;15;9;0;0;0;;;;9;24
"054057";"Valfabbrica";26;8;1;0;0;;;;9;11;0;0;0;;;;11;20
"054057";"Valfabbrica";27;16;0;0;0;;;;16;10;2;0;0;;;;12;28
"054057";"Valfabbrica";28;8;0;0;0;;;;8;9;1;0;0;;;;10;18
"054057";"Valfabbrica";29;12;1;0;0;;;;13;9;5;0;0;;;;14;27
"054057";"Valfabbrica";30;14;2;0;0;;;;16;10;4;0;0;;;;14;30
"054057";"Valfabbrica";31;16;4;0;0;;;;20;8;5;0;0;;;;13;33
"054057";"Valfabbrica";32;9;1;0;0;;;;10;10;5;0;0;;;;15;25
"054057";"Valfabbrica";33;16;5;0;0;;;;21;7;6;0;0;;;;13;34
"054057";"Valfabbrica";34;8;3;1;0;;;;12;12;8;1;0;;;;21;33
"054057";"Valfabbrica";35;10;5;0;0;;;;15;7;7;0;0;;;;14;29
"054057";"Valfabbrica";36;6;6;0;0;;;;12;7;11;0;0;;;;18;30
"054057";"Valfabbrica";37;7;7;0;0;;;;14;4;7;1;0;;;;12;26
"054057";"Valfabbrica";38;11;10;1;0;;;;22;7;15;0;0;;;;22;44
"054057";"Valfabbrica";39;9;8;0;1;;;;18;5;12;0;0;;;;17;35
"054057";"Valfabbrica";40;7;14;0;0;;;;21;5;14;2;0;;;;21;42
"054057";"Valfabbrica";41;14;9;0;0;;;;23;6;7;1;0;;;;14;37
"054057";"Valfabbrica";42;4;15;0;0;;;;19;3;16;0;0;;;;19;38
"054057";"Valfabbrica";43;2;12;0;1;;;;15;4;16;2;0;;;;22;37
"054057";"Valfabbrica";44;4;13;1;0;;;;18;2;15;1;0;;;;18;36
"054057";"Valfabbrica";45;5;14;1;0;;;;20;9;15;2;0;;;;26;46
"054057";"Valfabbrica";46;5;19;2;0;;;;26;3;18;0;0;;;;21;47
"054057";"Valfabbrica";47;8;18;0;0;;;;26;5;20;1;0;;;;26;52
"054057";"Valfabbrica";48;7;16;0;0;;;;23;3;15;1;1;;;;20;43
"054057";"Valfabbrica";49;9;16;0;0;;;;25;5;19;3;2;;;;29;54
"054057";"Valfabbrica";50;11;12;1;0;;;;24;3;15;0;1;;;;19;43
"054057";"Valfabbrica";51;9;12;1;0;;;;22;2;21;2;2;;;;27;49
"054057";"Valfabbrica";52;5;18;0;0;;;;23;7;17;3;1;;;;28;51
"054057";"Valfabbrica";53;3;25;2;0;;;;30;8;13;0;3;;;;24;54
"054057";"Valfabbrica";54;11;21;3;0;;;;35;2;19;2;0;;;;23;58
"054057";"Valfabbrica";55;2;27;1;1;;;;31;4;28;1;1;;;;34;65
"054057";"Valfabbrica";56;8;10;3;0;;;;21;0;23;5;1;;;;29;50
"054057";"Valfabbrica";57;5;19;2;0;;;;26;3;22;2;1;;;;28;54
"054057";"Valfabbrica";58;7;15;4;1;;;;27;3;20;0;0;;;;23;50
"054057";"Valfabbrica";59;5;20;4;1;;;;30;4;20;1;0;;;;25;55
"054057";"Valfabbrica";60;2;20;4;1;;;;27;1;24;1;1;;;;27;54
"054057";"Valfabbrica";61;4;12;1;0;;;;17;4;10;2;5;;;;21;38
"054057";"Valfabbrica";62;2;19;0;0;;;;21;1;26;1;4;;;;32;53
"054057";"Valfabbrica";63;4;17;3;1;;;;25;1;19;1;4;;;;25;50
"054057";"Valfabbrica";64;4;24;2;2;;;;32;3;21;1;5;;;;30;62
"054057";"Valfabbrica";65;0;25;2;0;;;;27;0;14;0;4;;;;18;45
"054057";"Valfabbrica";66;4;15;1;0;;;;20;2;14;0;2;;;;18;38
"054057";"Valfabbrica";67;3;20;1;1;;;;25;0;12;0;4;;;;16;41
"054057";"Valfabbrica";68;4;14;1;1;;;;20;0;19;1;1;;;;21;41
"054057";"Valfabbrica";69;3;15;1;1;;;;20;1;16;2;2;;;;21;41
"054057";"Valfabbrica";70;3;12;0;0;;;;15;1;10;2;5;;;;18;33
"054057";"Valfabbrica";71;3;15;2;0;;;;20;0;11;0;2;;;;13;33
"054057";"Valfabbrica";72;1;17;1;1;;;;20;2;13;1;6;;;;22;42
"054057";"Valfabbrica";73;3;12;0;1;;;;16;0;17;0;9;;;;26;42
"054057";"Valfabbrica";74;0;15;1;2;;;;18;1;22;2;10;;;;35;53
"054057";"Valfabbrica";75;5;22;0;0;;;;27;3;8;0;4;;;;15;42
"054057";"Valfabbrica";76;0;10;0;1;;;;11;3;8;0;7;;;;18;29
"054057";"Valfabbrica";77;1;14;0;0;;;;15;1;12;0;7;;;;20;35
"054057";"Valfabbrica";78;1;13;0;1;;;;15;1;6;0;10;;;;17;32
"054057";"Valfabbrica";79;1;11;0;3;;;;15;1;8;1;12;;;;22;37
"054057";"Valfabbrica";80;0;13;0;4;;;;17;1;12;1;6;;;;20;37
"054057";"Valfabbrica";81;0;11;0;2;;;;13;1;8;0;8;;;;17;30
"054057";"Valfabbrica";82;1;6;0;0;;;;7;0;4;0;10;;;;14;21
"054057";"Valfabbrica";83;2;9;0;2;;;;13;0;6;0;6;;;;12;25
"054057";"Valfabbrica";84;2;14;0;2;;;;18;0;8;1;8;;;;17;35
"054057";"Valfabbrica";85;0;9;0;1;;;;10;0;7;0;11;;;;18;28
"054057";"Valfabbrica";86;1;7;0;1;;;;9;1;4;0;10;;;;15;24
"054057";"Valfabbrica";87;0;10;0;1;;;;11;1;2;0;11;;;;14;25
"054057";"Valfabbrica";88;2;3;0;6;;;;11;0;4;0;5;;;;9;20
"054057";"Valfabbrica";89;1;8;0;0;;;;9;1;1;0;11;;;;13;22
"054057";"Valfabbrica";90;0;5;0;1;;;;6;0;1;1;5;;;;7;13
"054057";"Valfabbrica";91;0;2;0;1;;;;3;0;1;0;9;;;;10;13
"054057";"Valfabbrica";92;0;0;0;1;;;;1;0;0;0;5;;;;5;6
"054057";"Valfabbrica";93;0;2;0;1;;;;3;0;0;0;1;;;;1;4
"054057";"Valfabbrica";94;0;1;0;0;;;;1;0;2;0;4;;;;6;7
"054057";"Valfabbrica";95;0;0;0;0;;;;0;0;0;0;1;;;;1;1
"054057";"Valfabbrica";96;0;1;0;0;;;;1;0;0;0;3;;;;3;4
"054057";"Valfabbrica";97;0;0;0;0;;;;0;1;0;0;4;;;;5;5
"054057";"Valfabbrica";98;0;0;0;0;;;;0;0;0;0;0;;;;0;0
"054057";"Valfabbrica";99;0;0;0;0;;;;0;0;0;0;0;;;;0;0
"054057";"Valfabbrica";100;0;1;0;0;;;;1;0;0;0;2;;;;2;3
"054057";"Valfabbrica";999;666;803;47;44;;;;1560;586;794;49;237;;;;1666;3226
"054058";"Vallo di Nera";0;0;0;0;0;;;;0;0;0;0;0;;;;0;0
"054058";"Vallo di Nera";1;0;0;0;0;;;;0;0;0;0;0;;;;0;0
"054058";"Vallo di Nera";2;0;0;0;0;;;;0;1;0;0;0;;;;1;1
"054058";"Vallo di Nera";3;1;0;0;0;;;;1;1;0;0;0;;;;1;2
"054058";"Vallo di Nera";4;0;0;0;0;;;;0;0;0;0;0;;;;0;0
"054058";"Vallo di Nera";5;1;0;0;0;;;;1;0;0;0;0;;;;0;1
"054058";"Vallo di Nera";6;0;0;0;0;;;;0;1;0;0;0;;;;1;1
"054058";"Vallo di Nera";7;1;0;0;0;;;;1;1;0;0;0;;;;1;2
"054058";"Vallo di Nera";8;0;0;0;0;;;;0;0;0;0;0;;;;0;0
"054058";"Vallo di Nera";9;0;0;0;0;;;;0;1;0;0;0;;;;1;1
"054058";"Vallo di Nera";10;2;0;0;0;;;;2;1;0;0;0;;;;1;3
"054058";"Vallo di Nera";11;3;0;0;0;;;;3;3;0;0;0;;;;3;6
"054058";"Vallo di Nera";12;2;0;0;0;;;;2;2;0;0;0;;;;2;4
"054058";"Vallo di Nera";13;1;0;0;0;;;;1;1;0;0;0;;;;1;2
"054058";"Vallo di Nera";14;2;0;0;0;;;;2;2;0;0;0;;;;2;4
"054058";"Vallo di Nera";15;4;0;0;0;;;;4;2;0;0;0;;;;2;6
"054058";"Vallo di Nera";16;1;0;0;0;;;;1;2;0;0;0;;;;2;3
"054058";"Vallo di Nera";17;3;0;0;0;;;;3;0;0;0;0;;;;0;3
"054058";"Vallo di Nera";18;0;0;0;0;;;;0;0;0;0;0;;;;0;0
"054058";"Vallo di Nera";19;2;0;0;0;;;;2;4;0;0;0;;;;4;6
"054058";"Vallo di Nera";20;0;0;0;0;;;;0;1;0;0;0;;;;1;1
"054058";"Vallo di Nera";21;0;0;0;0;;;;0;2;0;0;0;;;;2;2
"054058";"Vallo di Nera";22;3;0;0;0;;;;3;0;0;0;0;;;;0;3
"054058";"Vallo di Nera";23;0;0;0;0;;;;0;3;0;0;0;;;;3;3
"054058";"Vallo di Nera";24;3;0;0;0;;;;3;0;0;1;0;;;;1;4
"054058";"Vallo di Nera";25;2;0;0;0;;;;2;0;0;0;0;;;;0;2
"054058";"Vallo di Nera";26;0;0;0;0;;;;0;4;0;0;0;;;;4;4
"054058";"Vallo di Nera";27;2;0;0;0;;;;2;0;0;0;0;;;;0;2
"054058";"Vallo di Nera";28;3;0;0;0;;;;3;1;0;0;0;;;;1;4
"054058";"Vallo di Nera";29;0;0;0;0;;;;0;1;0;0;0;;;;1;1
"054058";"Vallo di Nera";30;1;0;0;0;;;;1;3;0;0;0;;;;3;4
"054058";"Vallo di Nera";31;3;0;0;0;;;;3;0;0;0;0;;;;0;3
"054058";"Vallo di Nera";32;1;0;0;0;;;;1;1;0;0;0;;;;1;2
"054058";"Vallo di Nera";33;0;0;0;0;;;;0;1;1;0;0;;;;2;2
"054058";"Vallo di Nera";34;0;1;0;0;;;;1;0;1;0;0;;;;1;2
"054058";"Vallo di Nera";35;1;0;1;0;;;;2;1;0;0;0;;;;1;3
"054058";"Vallo di Nera";36;0;0;0;0;;;;0;0;0;0;0;;;;0;0
"054058";"Vallo di Nera";37;0;1;0;0;;;;1;0;1;0;0;;;;1;2
"054058";"Vallo di Nera";38;1;1;0;0;;;;2;0;1;0;0;;;;1;3
"054058";"Vallo di Nera";39;0;2;0;0;;;;2;1;1;0;0;;;;2;4
"054058";"Vallo di Nera";40;1;1;0;0;;;;2;0;0;0;0;;;;0;2
"054058";"Vallo di Nera";41;2;0;0;0;;;;2;0;2;0;0;;;;2;4
"054058";"Vallo di Nera";42;1;2;0;0;;;;3;0;2;0;0;;;;2;5
"054058";"Vallo di Nera";43;1;2;1;0;;;;4;0;3;0;0;;;;3;7
"054058";"Vallo di Nera";44;1;3;0;0;;;;4;0;0;1;0;;;;1;5
"054058";"Vallo di Nera";45;0;1;0;0;;;;1;0;4;1;0;;;;5;6
"054058";"Vallo di Nera";46;0;1;0;0;;;;1;0;0;0;0;;;;0;1
"054058";"Vallo di Nera";47;1;1;0;0;;;;2;0;3;1;0;;;;4;6
"054058";"Vallo di Nera";48;2;4;0;0;;;;6;1;3;0;0;;;;4;10
"054058";"Vallo di Nera";49;2;4;0;0;;;;6;1;3;0;0;;;;4;10
"054058";"Vallo di Nera";50;2;2;0;0;;;;4;1;1;0;0;;;;2;6
"054058";"Vallo di Nera";51;3;1;0;0;;;;4;0;2;0;1;;;;3;7
"054058";"Vallo di Nera";52;0;1;0;0;;;;1;2;1;0;0;;;;3;4
"054058";"Vallo di Nera";53;1;3;0;0;;;;4;2;1;0;0;;;;3;7
"054058";"Vallo di Nera";54;1;0;0;0;;;;1;0;0;0;0;;;;0;1
"054058";"Vallo di Nera";55;0;1;0;0;;;;1;0;0;0;0;;;;0;1
"054058";"Vallo di Nera";56;0;2;0;0;;;;2;2;1;0;0;;;;3;5
"054058";"Vallo di Nera";57;0;3;0;0;;;;3;0;1;0;0;;;;1;4
"054058";"Vallo di Nera";58;0;3;0;0;;;;3;1;1;1;0;;;;3;6
"054058";"Vallo di Nera";59;0;1;1;0;;;;2;1;3;1;0;;;;5;7
"054058";"Vallo di Nera";60;1;0;0;0;;;;1;1;3;0;0;;;;4;5
"054058";"Vallo di Nera";61;2;2;0;0;;;;4;0;5;0;1;;;;6;10
"054058";"Vallo di Nera";62;1;2;1;0;;;;4;0;3;0;0;;;;3;7
"054058";"Vallo di Nera";63;0;0;0;0;;;;0;0;2;1;0;;;;3;3
"054058";"Vallo di Nera";64;0;1;0;0;;;;1;0;3;2;0;;;;5;6
"054058";"Vallo di Nera";65;2;1;0;0;;;;3;2;0;0;0;;;;2;5
"054058";"Vallo di Nera";66;1;2;0;0;;;;3;1;0;0;0;;;;1;4
"054058";"Vallo di Nera";67;0;0;0;0;;;;0;0;2;0;0;;;;2;2
"054058";"Vallo di Nera";68;1;4;0;0;;;;5;0;3;0;0;;;;3;8
"054058";"Vallo di Nera";69;0;1;1;0;;;;2;0;1;0;0;;;;1;3
"054058";"Vallo di Nera";70;0;2;0;0;;;;2;0;3;0;0;;;;3;5
"054058";"Vallo di Nera";71;0;0;0;0;;;;0;0;1;0;0;;;;1;1
"054058";"Vallo di Nera";72;1;2;0;1;;;;4;0;0;0;2;;;;2;6
"054058";"Vallo di Nera";73;0;0;0;0;;;;0;0;1;0;1;;;;2;2
"054058";"Vallo di Nera";74;0;2;0;0;;;;2;0;0;0;0;;;;0;2
"054058";"Vallo di Nera";75;1;1;0;0;;;;2;0;1;0;1;;;;2;4
"054058";"Vallo di Nera";76;0;3;1;0;;;;4;0;1;0;1;;;;2;6
"054058";"Vallo di Nera";77;1;1;1;0;;;;3;1;1;0;2;;;;4;7
"054058";"Vallo di Nera";78;0;2;0;0;;;;2;1;1;1;0;;;;3;5
"054058";"Vallo di Nera";79;0;0;0;1;;;;1;1;0;0;1;;;;2;3
"054058";"Vallo di Nera";80;0;1;0;0;;;;1;0;1;0;1;;;;2;3
"054058";"Vallo di Nera";81;0;2;0;0;;;;2;0;1;0;1;;;;2;4
"054058";"Vallo di Nera";82;0;1;0;0;;;;1;0;1;0;2;;;;3;4
"054058";"Vallo di Nera";83;0;0;0;0;;;;0;0;1;0;3;;;;4;4
"054058";"Vallo di Nera";84;0;0;0;0;;;;0;0;0;0;2;;;;2;2
"054058";"Vallo di Nera";85;0;1;0;0;;;;1;0;0;0;1;;;;1;2
"054058";"Vallo di Nera";86;0;2;0;0;;;;2;0;0;0;2;;;;2;4
"054058";"Vallo di Nera";87;0;0;0;1;;;;1;0;0;0;2;;;;2;3
"054058";"Vallo di Nera";88;0;1;0;0;;;;1;1;1;0;0;;;;2;3
"054058";"Vallo di Nera";89;0;0;0;0;;;;0;0;0;0;0;;;;0;0
"054058";"Vallo di Nera";90;0;1;0;0;;;;1;0;0;0;0;;;;0;1
"054058";"Vallo di Nera";91;0;0;0;0;;;;0;0;0;0;0;;;;0;0
"054058";"Vallo di Nera";92;0;0;0;0;;;;0;0;0;0;1;;;;1;1
"054058";"Vallo di Nera";93;0;0;0;0;;;;0;0;0;0;0;;;;0;0
"054058";"Vallo di Nera";94;0;0;0;0;;;;0;0;1;0;0;;;;1;1
"054058";"Vallo di Nera";95;0;0;0;0;;;;0;0;0;0;1;;;;1;1
"054058";"Vallo di Nera";96;0;0;0;0;;;;0;0;0;0;0;;;;0;0
"054058";"Vallo di Nera";97;0;0;0;0;;;;0;0;0;0;0;;;;0;0
"054058";"Vallo di Nera";98;0;0;0;0;;;;0;0;0;0;0;;;;0;0
"054058";"Vallo di Nera";99;0;0;0;0;;;;0;0;0;0;0;;;;0;0
"054058";"Vallo di Nera";100;0;0;0;0;;;;0;0;0;0;0;;;;0;0
"054058";"Vallo di Nera";999;72;76;7;3;;;;158;60;73;10;26;;;;169;327
"054059";"Valtopina";0;4;0;0;0;;;;4;4;0;0;0;;;;4;8
"054059";"Valtopina";1;6;0;0;0;;;;6;3;0;0;0;;;;3;9
"054059";"Valtopina";2;3;0;0;0;;;;3;4;0;0;0;;;;4;7
"054059";"Valtopina";3;1;0;0;0;;;;1;3;0;0;0;;;;3;4
"054059";"Valtopina";4;2;0;0;0;;;;2;5;0;0;0;;;;5;7
"054059";"Valtopina";5;7;0;0;0;;;;7;5;0;0;0;;;;5;12
"054059";"Valtopina";6;5;0;0;0;;;;5;3;0;0;0;;;;3;8
"054059";"Valtopina";7;3;0;0;0;;;;3;2;0;0;0;;;;2;5
"054059";"Valtopina";8;11;0;0;0;;;;11;6;0;0;0;;;;6;17
"054059";"Valtopina";9;1;0;0;0;;;;1;5;0;0;0;;;;5;6
"054059";"Valtopina";10;3;0;0;0;;;;3;7;0;0;0;;;;7;10
"054059";"Valtopina";11;2;0;0;0;;;;2;2;0;0;0;;;;2;4
"054059";"Valtopina";12;4;0;0;0;;;;4;7;0;0;0;;;;7;11
"054059";"Valtopina";13;9;0;0;0;;;;9;5;0;0;0;;;;5;14
"054059";"Valtopina";14;10;0;0;0;;;;10;8;0;0;0;;;;8;18
"054059";"Valtopina";15;11;0;0;0;;;;11;4;0;0;0;;;;4;15
"054059";"Valtopina";16;2;0;0;0;;;;2;4;0;0;0;;;;4;6
"054059";"Valtopina";17;9;0;0;0;;;;9;6;0;0;0;;;;6;15
"054059";"Valtopina";18;5;0;0;0;;;;5;10;0;0;0;;;;10;15
"054059";"Valtopina";19;6;0;0;0;;;;6;4;0;0;0;;;;4;10
"054059";"Valtopina";20;4;0;0;0;;;;4;7;0;0;0;;;;7;11
"054059";"Valtopina";21;8;1;0;0;;;;9;8;1;0;0;;;;9;18
"054059";"Valtopina";22;4;0;0;0;;;;4;9;0;0;0;;;;9;13
"054059";"Valtopina";23;5;1;0;0;;;;6;5;1;0;0;;;;6;12
"054059";"Valtopina";24;4;0;0;0;;;;4;3;1;0;0;;;;4;8
"054059";"Valtopina";25;2;0;0;0;;;;2;3;0;0;0;;;;3;5
"054059";"Valtopina";26;5;0;0;0;;;;5;4;0;0;0;;;;4;9
"054059";"Valtopina";27;3;0;0;0;;;;3;5;1;0;0;;;;6;9
"054059";"Valtopina";28;8;0;0;0;;;;8;4;1;0;0;;;;5;13
"054059";"Valtopina";29;4;0;0;0;;;;4;2;1;0;0;;;;3;7
"054059";"Valtopina";30;1;0;0;0;;;;1;3;0;0;0;;;;3;4
"054059";"Valtopina";31;6;4;0;0;;;;10;5;3;0;0;;;;8;18
"054059";"Valtopina";32;5;1;0;0;;;;6;6;2;0;0;;;;8;14
"054059";"Valtopina";33;4;1;0;0;;;;5;1;2;1;0;;;;4;9
"054059";"Valtopina";34;7;2;0;0;;;;9;2;1;0;0;;;;3;12
"054059";"Valtopina";35;4;2;0;0;;;;6;8;2;1;0;;;;11;17
"054059";"Valtopina";36;1;3;1;0;;;;5;0;2;0;0;;;;2;7
"054059";"Valtopina";37;6;4;0;0;;;;10;5;5;0;0;;;;10;20
"054059";"Valtopina";38;3;0;0;0;;;;3;0;3;1;0;;;;4;7
"054059";"Valtopina";39;2;1;0;0;;;;3;2;7;1;0;;;;10;13
"054059";"Valtopina";40;7;3;1;0;;;;11;1;2;0;0;;;;3;14
"054059";"Valtopina";41;4;0;1;0;;;;5;0;3;0;0;;;;3;8
"054059";"Valtopina";42;8;2;1;0;;;;11;2;2;2;0;;;;6;17
"054059";"Valtopina";43;4;5;1;0;;;;10;3;5;1;0;;;;9;19
"054059";"Valtopina";44;3;2;0;0;;;;5;1;4;0;0;;;;5;10
"054059";"Valtopina";45;4;11;1;0;;;;16;2;5;1;1;;;;9;25
"054059";"Valtopina";46;3;3;0;0;;;;6;3;4;2;0;;;;9;15
"054059";"Valtopina";47;5;5;0;0;;;;10;4;4;2;0;;;;10;20
"054059";"Valtopina";48;3;4;1;0;;;;8;3;13;0;0;;;;16;24
"054059";"Valtopina";49;3;8;0;0;;;;11;1;11;1;0;;;;13;24
"054059";"Valtopina";50;7;7;0;0;;;;14;1;7;0;1;;;;9;23
"054059";"Valtopina";51;7;11;0;0;;;;18;1;5;0;0;;;;6;24
"054059";"Valtopina";52;2;8;0;0;;;;10;2;8;1;0;;;;11;21
"054059";"Valtopina";53;3;9;0;0;;;;12;2;5;2;2;;;;11;23
"054059";"Valtopina";54;3;1;0;0;;;;4;4;6;0;0;;;;10;14
"054059";"Valtopina";55;1;13;1;0;;;;15;3;8;1;1;;;;13;28
"054059";"Valtopina";56;2;3;0;0;;;;5;2;10;3;0;;;;15;20
"054059";"Valtopina";57;1;6;1;0;;;;8;3;5;0;0;;;;8;16
"054059";"Valtopina";58;1;5;0;0;;;;6;0;7;0;0;;;;7;13
"054059";"Valtopina";59;2;8;2;0;;;;12;1;9;0;1;;;;11;23
"054059";"Valtopina";60;2;9;0;0;;;;11;1;7;0;0;;;;8;19
"054059";"Valtopina";61;0;5;1;0;;;;6;0;7;1;0;;;;8;14
"054059";"Valtopina";62;1;3;0;1;;;;5;1;7;0;0;;;;8;13
"054059";"Valtopina";63;2;6;0;0;;;;8;1;7;1;3;;;;12;20
"054059";"Valtopina";64;1;9;0;0;;;;10;1;8;0;0;;;;9;19
"054059";"Valtopina";65;1;7;0;0;;;;8;1;7;0;0;;;;8;16
"054059";"Valtopina";66;0;8;0;0;;;;8;0;2;0;3;;;;5;13
"054059";"Valtopina";67;0;5;2;0;;;;7;0;6;1;0;;;;7;14
"054059";"Valtopina";68;2;10;0;0;;;;12;1;7;1;0;;;;9;21
"054059";"Valtopina";69;0;6;0;0;;;;6;0;8;1;5;;;;14;20
"054059";"Valtopina";70;0;5;0;0;;;;5;1;5;1;0;;;;7;12
"054059";"Valtopina";71;0;8;0;0;;;;8;1;7;0;1;;;;9;17
"054059";"Valtopina";72;0;5;0;1;;;;6;1;5;0;0;;;;6;12
"054059";"Valtopina";73;1;6;1;0;;;;8;0;7;1;0;;;;8;16
"054059";"Valtopina";74;1;9;1;0;;;;11;0;10;0;0;;;;10;21
"054059";"Valtopina";75;1;12;3;2;;;;18;1;4;0;6;;;;11;29
"054059";"Valtopina";76;1;7;0;2;;;;10;0;4;0;4;;;;8;18
"054059";"Valtopina";77;1;5;0;1;;;;7;0;6;0;4;;;;10;17
"054059";"Valtopina";78;0;6;0;1;;;;7;0;3;0;3;;;;6;13
"054059";"Valtopina";79;2;8;0;0;;;;10;0;9;0;1;;;;10;20
"054059";"Valtopina";80;2;5;0;1;;;;8;0;1;0;5;;;;6;14
"054059";"Valtopina";81;2;7;0;3;;;;12;0;1;0;2;;;;3;15
"054059";"Valtopina";82;0;2;0;2;;;;4;0;4;0;4;;;;8;12
"054059";"Valtopina";83;0;5;0;1;;;;6;0;1;0;4;;;;5;11
"054059";"Valtopina";84;0;2;0;0;;;;2;1;1;0;3;;;;5;7
"054059";"Valtopina";85;0;3;0;0;;;;3;0;1;1;7;;;;9;12
"054059";"Valtopina";86;0;1;0;0;;;;1;0;0;0;2;;;;2;3
"054059";"Valtopina";87;1;2;0;3;;;;6;0;1;0;6;;;;7;13
"054059";"Valtopina";88;2;0;0;0;;;;2;0;4;0;3;;;;7;9
"054059";"Valtopina";89;1;0;0;1;;;;2;0;0;0;3;;;;3;5
"054059";"Valtopina";90;1;1;0;0;;;;2;1;1;0;3;;;;5;7
"054059";"Valtopina";91;0;1;0;1;;;;2;0;0;0;3;;;;3;5
"054059";"Valtopina";92;0;0;0;0;;;;0;0;0;0;6;;;;6;6
"054059";"Valtopina";93;0;1;0;0;;;;1;0;0;0;1;;;;1;2
"054059";"Valtopina";94;0;0;0;1;;;;1;0;0;0;0;;;;0;1
"054059";"Valtopina";95;0;0;0;1;;;;1;0;0;0;0;;;;0;1
"054059";"Valtopina";96;0;0;0;0;;;;0;0;0;0;0;;;;0;0
"054059";"Valtopina";97;0;0;0;0;;;;0;0;0;0;0;;;;0;0
"054059";"Valtopina";98;0;1;0;0;;;;1;0;0;0;3;;;;3;4
"054059";"Valtopina";99;0;0;0;0;;;;0;0;0;0;1;;;;1;1
"054059";"Valtopina";100;0;0;0;0;;;;0;0;0;0;2;;;;2;2
"054059";"Valtopina";999;288;304;19;22;;;;633;230;297;28;94;;;;649;1282
