"Popolazione residente per età, sesso e stato civile al 1° gennaio 2022"
"Codice comune";"Comune";"Età";"Celibi";"Coniugati";"Divorziati";"Vedovi";"Uniti civilmente";"Maschi già in unione civile (per scioglimento unione)";"Maschi già in unione civile (per decesso del partner)";"Totale maschi";"Nubili";"Coniugate";"Divorziate";"Vedove";"Unite civilmente";"Femmine già in unione civile (per scioglimento unione)";"Femmine già in unione civile (per decesso del partner)";"Totale femmine";"Totale"
"055001";"Acquasparta";0;12;0;0;0;;;;12;15;0;0;0;;;;15;27
"055001";"Acquasparta";1;10;0;0;0;;;;10;9;0;0;0;;;;9;19
"055001";"Acquasparta";2;12;0;0;0;;;;12;9;0;0;0;;;;9;21
"055001";"Acquasparta";3;10;0;0;0;;;;10;17;0;0;0;;;;17;27
"055001";"Acquasparta";4;14;0;0;0;;;;14;7;0;0;0;;;;7;21
"055001";"Acquasparta";5;12;0;0;0;;;;12;22;0;0;0;;;;22;34
"055001";"Acquasparta";6;16;0;0;0;;;;16;17;0;0;0;;;;17;33
"055001";"Acquasparta";7;14;0;0;0;;;;14;18;0;0;0;;;;18;32
"055001";"Acquasparta";8;27;0;0;0;;;;27;20;0;0;0;;;;20;47
"055001";"Acquasparta";9;26;0;0;0;;;;26;18;0;0;0;;;;18;44
"055001";"Acquasparta";10;18;0;0;0;;;;18;16;0;0;0;;;;16;34
"055001";"Acquasparta";11;19;0;0;0;;;;19;31;0;0;0;;;;31;50
"055001";"Acquasparta";12;22;0;0;0;;;;22;17;0;0;0;;;;17;39
"055001";"Acquasparta";13;32;0;0;0;;;;32;24;0;0;0;;;;24;56
"055001";"Acquasparta";14;35;0;0;0;;;;35;22;0;0;0;;;;22;57
"055001";"Acquasparta";15;28;0;0;0;;;;28;20;0;0;0;;;;20;48
"055001";"Acquasparta";16;30;0;0;0;;;;30;19;0;0;0;;;;19;49
"055001";"Acquasparta";17;31;0;0;0;;;;31;22;0;0;0;;;;22;53
"055001";"Acquasparta";18;25;0;0;0;;;;25;17;0;0;0;;;;17;42
"055001";"Acquasparta";19;29;0;0;0;;;;29;17;0;0;0;;;;17;46
"055001";"Acquasparta";20;22;0;0;0;;;;22;23;0;0;0;;;;23;45
"055001";"Acquasparta";21;18;0;0;0;;;;18;23;0;0;0;;;;23;41
"055001";"Acquasparta";22;18;0;0;0;;;;18;17;0;0;0;;;;17;35
"055001";"Acquasparta";23;23;0;0;0;;;;23;15;0;0;0;;;;15;38
"055001";"Acquasparta";24;14;1;0;0;;;;15;11;0;0;0;;;;11;26
"055001";"Acquasparta";25;13;0;0;0;;;;13;18;2;0;0;;;;20;33
"055001";"Acquasparta";26;11;0;0;0;;;;11;14;0;0;0;;;;14;25
"055001";"Acquasparta";27;17;0;0;0;;;;17;19;1;0;0;;;;20;37
"055001";"Acquasparta";28;17;0;0;0;;;;17;18;3;0;0;;;;21;38
"055001";"Acquasparta";29;13;1;0;0;;;;14;9;3;0;0;;;;12;26
"055001";"Acquasparta";30;22;2;0;0;;;;24;12;2;0;0;;;;14;38
"055001";"Acquasparta";31;13;3;0;0;;;;16;20;5;1;0;;;;26;42
"055001";"Acquasparta";32;24;0;0;0;;;;24;13;2;0;0;;;;15;39
"055001";"Acquasparta";33;13;2;0;0;;;;15;13;10;0;0;;;;23;38
"055001";"Acquasparta";34;17;1;1;0;;;;19;13;6;0;0;;;;19;38
"055001";"Acquasparta";35;16;6;1;0;;;;23;15;12;0;0;;;;27;50
"055001";"Acquasparta";36;15;4;0;0;;;;19;7;11;1;0;;;;19;38
"055001";"Acquasparta";37;15;9;0;0;;;;24;9;7;0;0;;;;16;40
"055001";"Acquasparta";38;17;6;1;0;;;;24;11;11;0;0;;;;22;46
"055001";"Acquasparta";39;15;9;0;0;;;;24;13;11;0;0;;;;24;48
"055001";"Acquasparta";40;13;12;0;0;;;;25;12;15;2;0;;;;29;54
"055001";"Acquasparta";41;11;10;0;0;;;;21;7;22;0;0;;;;29;50
"055001";"Acquasparta";42;15;12;0;0;;;;27;13;21;0;0;;;;34;61
"055001";"Acquasparta";43;14;6;0;0;;;;20;11;12;2;1;;;;26;46
"055001";"Acquasparta";44;19;20;1;0;;;;40;14;22;0;1;;;;37;77
"055001";"Acquasparta";45;19;22;0;0;;;;41;8;17;2;2;;;;29;70
"055001";"Acquasparta";46;17;15;0;0;;;;32;15;14;1;0;;;;30;62
"055001";"Acquasparta";47;18;16;3;0;;;;37;13;34;2;0;;;;49;86
"055001";"Acquasparta";48;10;17;3;0;;;;30;8;26;2;0;;;;36;66
"055001";"Acquasparta";49;6;22;0;0;;;;28;5;13;0;2;;;;20;48
"055001";"Acquasparta";50;8;20;2;0;;;;30;7;28;4;3;;;;42;72
"055001";"Acquasparta";51;9;29;2;0;;;;40;12;30;5;0;;;;47;87
"055001";"Acquasparta";52;10;26;0;0;;;;36;8;29;1;1;;;;39;75
"055001";"Acquasparta";53;13;26;2;1;;;;42;10;30;3;1;;;;44;86
"055001";"Acquasparta";54;6;26;4;0;;;;36;6;30;0;2;;;;38;74
"055001";"Acquasparta";55;6;26;3;0;;;;35;6;31;1;0;;;;38;73
"055001";"Acquasparta";56;7;31;1;0;;;;39;4;24;3;1;;;;32;71
"055001";"Acquasparta";57;9;25;2;0;;;;36;9;19;3;2;;;;33;69
"055001";"Acquasparta";58;9;21;3;2;;;;35;3;26;1;0;;;;30;65
"055001";"Acquasparta";59;4;22;1;0;;;;27;4;17;2;2;;;;25;52
"055001";"Acquasparta";60;4;20;2;2;;;;28;4;20;2;1;;;;27;55
"055001";"Acquasparta";61;4;20;3;2;;;;29;4;27;2;0;;;;33;62
"055001";"Acquasparta";62;7;22;0;0;;;;29;5;23;0;4;;;;32;61
"055001";"Acquasparta";63;4;20;4;1;;;;29;4;21;4;2;;;;31;60
"055001";"Acquasparta";64;3;26;1;0;;;;30;4;22;1;1;;;;28;58
"055001";"Acquasparta";65;5;22;0;0;;;;27;5;25;4;5;;;;39;66
"055001";"Acquasparta";66;3;17;4;1;;;;25;3;19;5;5;;;;32;57
"055001";"Acquasparta";67;3;15;0;3;;;;21;5;10;2;2;;;;19;40
"055001";"Acquasparta";68;3;17;4;1;;;;25;5;21;2;6;;;;34;59
"055001";"Acquasparta";69;3;22;0;2;;;;27;4;15;2;6;;;;27;54
"055001";"Acquasparta";70;2;21;3;1;;;;27;4;19;1;2;;;;26;53
"055001";"Acquasparta";71;3;23;2;1;;;;29;5;22;2;5;;;;34;63
"055001";"Acquasparta";72;5;25;0;1;;;;31;1;13;1;7;;;;22;53
"055001";"Acquasparta";73;2;24;0;3;;;;29;0;20;1;9;;;;30;59
"055001";"Acquasparta";74;5;20;0;1;;;;26;1;21;1;10;;;;33;59
"055001";"Acquasparta";75;2;22;2;1;;;;27;3;19;1;8;;;;31;58
"055001";"Acquasparta";76;1;17;0;3;;;;21;1;18;0;8;;;;27;48
"055001";"Acquasparta";77;1;14;0;0;;;;15;1;15;0;7;;;;23;38
"055001";"Acquasparta";78;2;19;0;4;;;;25;1;9;0;13;;;;23;48
"055001";"Acquasparta";79;3;17;0;1;;;;21;0;10;2;10;;;;22;43
"055001";"Acquasparta";80;3;18;2;2;;;;25;0;14;0;19;;;;33;58
"055001";"Acquasparta";81;1;15;0;2;;;;18;2;12;0;21;;;;35;53
"055001";"Acquasparta";82;0;10;1;3;;;;14;0;8;0;14;;;;22;36
"055001";"Acquasparta";83;0;14;0;2;;;;16;2;6;0;20;;;;28;44
"055001";"Acquasparta";84;0;12;0;4;;;;16;0;5;0;10;;;;15;31
"055001";"Acquasparta";85;0;8;1;1;;;;10;0;1;0;25;;;;26;36
"055001";"Acquasparta";86;1;10;0;2;;;;13;3;3;0;10;;;;16;29
"055001";"Acquasparta";87;1;6;0;3;;;;10;0;3;0;14;;;;17;27
"055001";"Acquasparta";88;1;4;0;0;;;;5;2;1;0;19;;;;22;27
"055001";"Acquasparta";89;0;2;0;2;;;;4;1;2;1;6;;;;10;14
"055001";"Acquasparta";90;1;2;0;3;;;;6;1;1;0;11;;;;13;19
"055001";"Acquasparta";91;1;1;0;3;;;;5;2;2;0;11;;;;15;20
"055001";"Acquasparta";92;0;2;0;2;;;;4;1;0;0;16;;;;17;21
"055001";"Acquasparta";93;1;3;0;4;;;;8;0;0;0;6;;;;6;14
"055001";"Acquasparta";94;0;3;0;2;;;;5;1;0;0;6;;;;7;12
"055001";"Acquasparta";95;0;0;0;0;;;;0;0;0;0;3;;;;3;3
"055001";"Acquasparta";96;0;0;0;0;;;;0;0;0;0;2;;;;2;2
"055001";"Acquasparta";97;0;0;0;2;;;;2;0;0;0;2;;;;2;4
"055001";"Acquasparta";98;0;0;0;0;;;;0;1;0;0;1;;;;2;2
"055001";"Acquasparta";99;0;0;0;0;;;;0;0;0;0;1;;;;1;1
"055001";"Acquasparta";100;0;0;0;0;;;;0;0;0;0;5;;;;5;5
"055001";"Acquasparta";999;1053;961;59;68;;;;2141;901;973;70;351;;;;2295;4436
"055002";"Allerona";0;2;0;0;0;;;;2;3;0;0;0;;;;3;5
"055002";"Allerona";1;1;0;0;0;;;;1;10;0;0;0;;;;10;11
"055002";"Allerona";2;2;0;0;0;;;;2;1;0;0;0;;;;1;3
"055002";"Allerona";3;9;0;0;0;;;;9;5;0;0;0;;;;5;14
"055002";"Allerona";4;6;0;0;0;;;;6;7;0;0;0;;;;7;13
"055002";"Allerona";5;5;0;0;0;;;;5;5;0;0;0;;;;5;10
"055002";"Allerona";6;3;0;0;0;;;;3;7;0;0;0;;;;7;10
"055002";"Allerona";7;8;0;0;0;;;;8;9;0;0;0;;;;9;17
"055002";"Allerona";8;11;0;0;0;;;;11;6;0;0;0;;;;6;17
"055002";"Allerona";9;10;0;0;0;;;;10;6;0;0;0;;;;6;16
"055002";"Allerona";10;5;0;0;0;;;;5;8;0;0;0;;;;8;13
"055002";"Allerona";11;4;0;0;0;;;;4;9;0;0;0;;;;9;13
"055002";"Allerona";12;9;0;0;0;;;;9;4;0;0;0;;;;4;13
"055002";"Allerona";13;9;0;0;0;;;;9;4;0;0;0;;;;4;13
"055002";"Allerona";14;12;0;0;0;;;;12;3;0;0;0;;;;3;15
"055002";"Allerona";15;6;0;0;0;;;;6;8;0;0;0;;;;8;14
"055002";"Allerona";16;2;0;0;0;;;;2;5;0;0;0;;;;5;7
"055002";"Allerona";17;3;0;0;0;;;;3;8;0;0;0;;;;8;11
"055002";"Allerona";18;8;0;0;0;;;;8;7;0;0;0;;;;7;15
"055002";"Allerona";19;7;0;0;0;;;;7;4;0;0;0;;;;4;11
"055002";"Allerona";20;7;0;0;0;;;;7;4;0;0;0;;;;4;11
"055002";"Allerona";21;8;0;0;0;;;;8;6;0;0;0;;;;6;14
"055002";"Allerona";22;8;0;0;0;;;;8;6;0;0;0;;;;6;14
"055002";"Allerona";23;7;0;0;0;;;;7;6;0;0;0;;;;6;13
"055002";"Allerona";24;8;0;0;0;;;;8;10;0;0;0;;;;10;18
"055002";"Allerona";25;11;0;0;0;;;;11;5;0;0;0;;;;5;16
"055002";"Allerona";26;11;0;0;0;;;;11;9;0;0;0;;;;9;20
"055002";"Allerona";27;12;0;0;0;;;;12;7;1;0;0;;;;8;20
"055002";"Allerona";28;5;0;0;0;;;;5;4;3;0;0;;;;7;12
"055002";"Allerona";29;6;1;0;0;;;;7;7;3;0;0;;;;10;17
"055002";"Allerona";30;6;1;0;0;;;;7;6;2;0;0;;;;8;15
"055002";"Allerona";31;6;3;0;0;;;;9;8;2;0;0;;;;10;19
"055002";"Allerona";32;6;2;0;0;;;;8;5;9;0;0;;;;14;22
"055002";"Allerona";33;6;2;0;0;;;;8;2;7;0;0;;;;9;17
"055002";"Allerona";34;4;4;0;0;;;;8;7;3;0;0;;;;10;18
"055002";"Allerona";35;8;4;0;0;;;;12;6;4;0;0;;;;10;22
"055002";"Allerona";36;6;4;0;0;;;;10;6;4;1;0;;;;11;21
"055002";"Allerona";37;7;5;0;0;;;;12;4;5;0;0;;;;9;21
"055002";"Allerona";38;7;1;0;0;;;;8;4;8;0;0;;;;12;20
"055002";"Allerona";39;5;7;0;0;;;;12;4;2;1;0;;;;7;19
"055002";"Allerona";40;2;8;0;0;;;;10;1;8;0;1;;;;10;20
"055002";"Allerona";41;7;5;1;0;;;;13;6;9;1;0;;;;16;29
"055002";"Allerona";42;8;5;0;0;;;;13;2;5;0;0;;;;7;20
"055002";"Allerona";43;4;8;0;0;;;;12;7;4;0;0;;;;11;23
"055002";"Allerona";44;6;6;0;0;;;;12;2;5;2;0;;;;9;21
"055002";"Allerona";45;5;3;0;0;;;;8;1;6;0;0;;;;7;15
"055002";"Allerona";46;9;4;0;0;;;;13;4;8;0;0;;;;12;25
"055002";"Allerona";47;1;8;0;0;;;;9;2;9;0;0;;;;11;20
"055002";"Allerona";48;1;10;0;0;;;;11;2;13;1;0;;;;16;27
"055002";"Allerona";49;2;10;0;0;;;;12;1;19;0;1;;;;21;33
"055002";"Allerona";50;1;12;1;0;;;;14;3;14;0;1;;;;18;32
"055002";"Allerona";51;3;6;0;0;;;;9;1;17;2;0;;;;20;29
"055002";"Allerona";52;4;11;0;0;;;;15;1;7;0;1;;;;9;24
"055002";"Allerona";53;1;10;0;0;;;;11;1;8;2;1;;;;12;23
"055002";"Allerona";54;3;11;1;0;;;;15;1;3;1;0;;;;5;20
"055002";"Allerona";55;5;8;2;0;;;;15;0;8;0;1;;;;9;24
"055002";"Allerona";56;3;7;0;0;;;;10;2;9;0;0;;;;11;21
"055002";"Allerona";57;3;9;0;0;;;;12;0;10;1;0;;;;11;23
"055002";"Allerona";58;4;8;1;1;;;;14;1;11;3;1;;;;16;30
"055002";"Allerona";59;1;12;1;0;;;;14;2;11;0;2;;;;15;29
"055002";"Allerona";60;2;11;1;0;;;;14;1;12;0;0;;;;13;27
"055002";"Allerona";61;4;12;0;0;;;;16;1;15;2;1;;;;19;35
"055002";"Allerona";62;2;8;0;0;;;;10;0;8;0;1;;;;9;19
"055002";"Allerona";63;0;13;1;0;;;;14;0;12;0;3;;;;15;29
"055002";"Allerona";64;0;9;0;1;;;;10;1;8;0;1;;;;10;20
"055002";"Allerona";65;1;10;2;0;;;;13;0;9;0;1;;;;10;23
"055002";"Allerona";66;0;11;1;0;;;;12;0;8;1;0;;;;9;21
"055002";"Allerona";67;2;8;0;1;;;;11;0;13;0;0;;;;13;24
"055002";"Allerona";68;0;13;0;0;;;;13;1;11;0;2;;;;14;27
"055002";"Allerona";69;0;9;0;1;;;;10;2;7;2;1;;;;12;22
"055002";"Allerona";70;0;14;1;0;;;;15;0;7;1;4;;;;12;27
"055002";"Allerona";71;2;11;0;0;;;;13;0;7;0;3;;;;10;23
"055002";"Allerona";72;2;6;0;0;;;;8;0;10;0;3;;;;13;21
"055002";"Allerona";73;0;12;0;2;;;;14;1;7;1;7;;;;16;30
"055002";"Allerona";74;1;5;2;0;;;;8;0;7;0;3;;;;10;18
"055002";"Allerona";75;1;9;0;0;;;;10;0;8;0;6;;;;14;24
"055002";"Allerona";76;0;5;0;0;;;;5;0;7;0;6;;;;13;18
"055002";"Allerona";77;1;5;0;0;;;;6;0;4;0;2;;;;6;12
"055002";"Allerona";78;1;6;0;1;;;;8;0;4;0;0;;;;4;12
"055002";"Allerona";79;0;4;0;1;;;;5;0;2;0;2;;;;4;9
"055002";"Allerona";80;0;7;0;0;;;;7;1;3;0;4;;;;8;15
"055002";"Allerona";81;0;4;0;2;;;;6;0;1;0;3;;;;4;10
"055002";"Allerona";82;2;7;1;2;;;;12;0;2;0;5;;;;7;19
"055002";"Allerona";83;1;6;0;1;;;;8;0;1;0;5;;;;6;14
"055002";"Allerona";84;1;2;0;2;;;;5;0;1;0;3;;;;4;9
"055002";"Allerona";85;1;1;0;0;;;;2;0;4;0;4;;;;8;10
"055002";"Allerona";86;1;2;0;1;;;;4;0;5;1;8;;;;14;18
"055002";"Allerona";87;0;6;0;1;;;;7;0;0;0;5;;;;5;12
"055002";"Allerona";88;0;3;0;0;;;;3;1;1;0;6;;;;8;11
"055002";"Allerona";89;0;1;0;0;;;;1;0;0;0;7;;;;7;8
"055002";"Allerona";90;0;1;0;1;;;;2;0;1;0;6;;;;7;9
"055002";"Allerona";91;0;2;0;0;;;;2;0;0;0;5;;;;5;7
"055002";"Allerona";92;0;2;0;0;;;;2;0;0;0;6;;;;6;8
"055002";"Allerona";93;0;0;0;1;;;;1;0;0;0;3;;;;3;4
"055002";"Allerona";94;0;0;0;1;;;;1;0;0;0;3;;;;3;4
"055002";"Allerona";95;0;0;0;1;;;;1;0;0;0;3;;;;3;4
"055002";"Allerona";96;0;0;0;0;;;;0;0;0;0;1;;;;1;1
"055002";"Allerona";97;0;0;0;1;;;;1;0;0;0;0;;;;0;1
"055002";"Allerona";98;0;0;0;0;;;;0;0;0;0;1;;;;1;1
"055002";"Allerona";99;0;0;0;0;;;;0;0;0;0;1;;;;1;1
"055002";"Allerona";100;0;0;0;0;;;;0;0;0;0;0;;;;0;0
"055002";"Allerona";999;364;420;16;22;;;;822;284;422;23;134;;;;863;1685
"055003";"Alviano";0;1;0;0;0;;;;1;3;0;0;0;;;;3;4
"055003";"Alviano";1;6;0;0;0;;;;6;1;0;0;0;;;;1;7
"055003";"Alviano";2;5;0;0;0;;;;5;8;0;0;0;;;;8;13
"055003";"Alviano";3;6;0;0;0;;;;6;5;0;0;0;;;;5;11
"055003";"Alviano";4;4;0;0;0;;;;4;6;0;0;0;;;;6;10
"055003";"Alviano";5;5;0;0;0;;;;5;6;0;0;0;;;;6;11
"055003";"Alviano";6;4;0;0;0;;;;4;3;0;0;0;;;;3;7
"055003";"Alviano";7;5;0;0;0;;;;5;8;0;0;0;;;;8;13
"055003";"Alviano";8;1;0;0;0;;;;1;1;0;0;0;;;;1;2
"055003";"Alviano";9;4;0;0;0;;;;4;3;0;0;0;;;;3;7
"055003";"Alviano";10;1;0;0;0;;;;1;1;0;0;0;;;;1;2
"055003";"Alviano";11;6;0;0;0;;;;6;4;0;0;0;;;;4;10
"055003";"Alviano";12;3;0;0;0;;;;3;9;0;0;0;;;;9;12
"055003";"Alviano";13;3;0;0;0;;;;3;2;0;0;0;;;;2;5
"055003";"Alviano";14;8;0;0;0;;;;8;11;0;0;0;;;;11;19
"055003";"Alviano";15;7;0;0;0;;;;7;3;0;0;0;;;;3;10
"055003";"Alviano";16;12;0;0;0;;;;12;6;0;0;0;;;;6;18
"055003";"Alviano";17;10;0;0;0;;;;10;5;0;0;0;;;;5;15
"055003";"Alviano";18;7;0;0;0;;;;7;8;0;0;0;;;;8;15
"055003";"Alviano";19;9;0;0;0;;;;9;7;0;0;0;;;;7;16
"055003";"Alviano";20;12;0;0;0;;;;12;7;0;0;0;;;;7;19
"055003";"Alviano";21;9;0;0;0;;;;9;10;0;0;0;;;;10;19
"055003";"Alviano";22;3;0;0;0;;;;3;8;0;0;0;;;;8;11
"055003";"Alviano";23;5;0;0;0;;;;5;10;1;0;0;;;;11;16
"055003";"Alviano";24;6;0;0;0;;;;6;6;0;0;0;;;;6;12
"055003";"Alviano";25;8;0;0;0;;;;8;9;0;0;0;;;;9;17
"055003";"Alviano";26;4;0;0;0;;;;4;5;1;0;0;;;;6;10
"055003";"Alviano";27;11;0;0;0;;;;11;9;1;0;0;;;;10;21
"055003";"Alviano";28;6;0;0;0;;;;6;5;1;0;0;;;;6;12
"055003";"Alviano";29;8;3;0;0;;;;11;9;2;0;0;;;;11;22
"055003";"Alviano";30;6;0;0;0;;;;6;1;1;0;0;;;;2;8
"055003";"Alviano";31;0;2;0;0;;;;2;4;6;0;0;;;;10;12
"055003";"Alviano";32;6;1;0;0;;;;7;2;2;0;0;;;;4;11
"055003";"Alviano";33;5;3;0;0;;;;8;4;3;0;0;;;;7;15
"055003";"Alviano";34;3;2;0;0;;;;5;2;2;0;0;;;;4;9
"055003";"Alviano";35;4;2;0;0;;;;6;3;3;0;0;;;;6;12
"055003";"Alviano";36;5;1;1;0;;;;7;2;4;0;0;;;;6;13
"055003";"Alviano";37;1;3;0;0;;;;4;1;5;0;0;;;;6;10
"055003";"Alviano";38;2;2;0;0;;;;4;3;0;0;0;;;;3;7
"055003";"Alviano";39;3;2;0;0;;;;5;4;5;0;0;;;;9;14
"055003";"Alviano";40;3;4;0;0;;;;7;4;1;0;0;;;;5;12
"055003";"Alviano";41;2;8;0;0;;;;10;1;6;1;0;;;;8;18
"055003";"Alviano";42;6;4;1;0;;;;11;4;4;0;0;;;;8;19
"055003";"Alviano";43;4;4;0;0;;;;8;2;8;0;0;;;;10;18
"055003";"Alviano";44;2;1;0;0;;;;3;1;4;0;0;;;;5;8
"055003";"Alviano";45;1;5;0;0;;;;6;1;2;1;0;;;;4;10
"055003";"Alviano";46;3;3;2;0;;;;8;0;6;1;0;;;;7;15
"055003";"Alviano";47;3;8;0;0;;;;11;2;6;0;0;;;;8;19
"055003";"Alviano";48;2;7;0;0;;;;9;2;2;0;0;;;;4;13
"055003";"Alviano";49;6;8;0;0;;;;14;1;9;0;1;;;;11;25
"055003";"Alviano";50;0;9;0;0;;;;9;2;14;0;0;;;;16;25
"055003";"Alviano";51;3;6;0;0;;;;9;1;15;1;0;;;;17;26
"055003";"Alviano";52;2;12;0;0;;;;14;4;6;0;0;;;;10;24
"055003";"Alviano";53;2;5;2;0;;;;9;1;9;2;0;;;;12;21
"055003";"Alviano";54;2;10;0;0;;;;12;0;14;0;3;;;;17;29
"055003";"Alviano";55;1;10;0;0;;;;11;3;15;0;0;;;;18;29
"055003";"Alviano";56;3;8;1;0;;;;12;0;10;0;0;;;;10;22
"055003";"Alviano";57;1;13;3;0;;;;17;0;17;0;1;;;;18;35
"055003";"Alviano";58;1;11;0;0;;;;12;0;15;0;0;;;;15;27
"055003";"Alviano";59;1;14;1;0;;;;16;0;15;3;0;;;;18;34
"055003";"Alviano";60;1;10;1;0;;;;12;0;4;0;0;;;;4;16
"055003";"Alviano";61;0;15;0;0;;;;15;0;11;0;1;;;;12;27
"055003";"Alviano";62;0;8;0;0;;;;8;0;10;0;3;;;;13;21
"055003";"Alviano";63;0;11;0;0;;;;11;1;10;0;2;;;;13;24
"055003";"Alviano";64;1;8;0;1;;;;10;1;9;1;0;;;;11;21
"055003";"Alviano";65;1;9;0;0;;;;10;2;9;0;3;;;;14;24
"055003";"Alviano";66;0;8;0;0;;;;8;1;8;0;2;;;;11;19
"055003";"Alviano";67;0;8;0;0;;;;8;0;4;1;1;;;;6;14
"055003";"Alviano";68;0;7;1;1;;;;9;0;7;1;2;;;;10;19
"055003";"Alviano";69;0;10;0;0;;;;10;0;9;0;1;;;;10;20
"055003";"Alviano";70;1;10;0;0;;;;11;0;3;0;2;;;;5;16
"055003";"Alviano";71;1;11;1;1;;;;14;0;2;1;2;;;;5;19
"055003";"Alviano";72;0;7;2;2;;;;11;0;6;0;6;;;;12;23
"055003";"Alviano";73;0;7;0;1;;;;8;0;2;0;1;;;;3;11
"055003";"Alviano";74;2;4;0;0;;;;6;0;1;0;6;;;;7;13
"055003";"Alviano";75;0;7;0;1;;;;8;0;7;0;2;;;;9;17
"055003";"Alviano";76;0;1;0;0;;;;1;0;5;0;3;;;;8;9
"055003";"Alviano";77;0;3;0;1;;;;4;0;2;0;2;;;;4;8
"055003";"Alviano";78;1;3;0;0;;;;4;0;6;1;4;;;;11;15
"055003";"Alviano";79;0;4;0;1;;;;5;0;1;0;3;;;;4;9
"055003";"Alviano";80;0;2;0;1;;;;3;0;1;0;5;;;;6;9
"055003";"Alviano";81;0;6;0;0;;;;6;0;2;0;1;;;;3;9
"055003";"Alviano";82;0;7;0;2;;;;9;0;7;0;6;;;;13;22
"055003";"Alviano";83;0;3;0;1;;;;4;1;6;0;12;;;;19;23
"055003";"Alviano";84;0;3;0;2;;;;5;0;1;1;1;;;;3;8
"055003";"Alviano";85;0;5;0;0;;;;5;0;1;0;5;;;;6;11
"055003";"Alviano";86;0;1;0;1;;;;2;0;2;0;4;;;;6;8
"055003";"Alviano";87;0;3;0;0;;;;3;1;1;1;7;;;;10;13
"055003";"Alviano";88;1;2;1;0;;;;4;0;1;0;4;;;;5;9
"055003";"Alviano";89;0;3;0;0;;;;3;1;0;0;3;;;;4;7
"055003";"Alviano";90;0;1;0;2;;;;3;0;1;0;3;;;;4;7
"055003";"Alviano";91;0;2;0;0;;;;2;0;0;0;3;;;;3;5
"055003";"Alviano";92;0;2;0;0;;;;2;0;2;0;2;;;;4;6
"055003";"Alviano";93;1;0;0;0;;;;1;0;0;0;1;;;;1;2
"055003";"Alviano";94;0;0;0;0;;;;0;0;0;0;1;;;;1;1
"055003";"Alviano";95;0;1;0;0;;;;1;0;0;0;3;;;;3;4
"055003";"Alviano";96;0;0;0;0;;;;0;0;0;0;0;;;;0;0
"055003";"Alviano";97;0;0;0;0;;;;0;0;0;0;0;;;;0;0
"055003";"Alviano";98;0;0;0;0;;;;0;0;0;0;0;;;;0;0
"055003";"Alviano";99;0;0;0;0;;;;0;0;0;0;0;;;;0;0
"055003";"Alviano";100;0;0;0;0;;;;0;0;0;0;1;;;;1;1
"055003";"Alviano";999;272;363;17;18;;;;670;241;356;16;113;;;;726;1396
"055004";"Amelia";0;40;0;0;0;;;;40;28;0;0;0;;;;28;68
"055004";"Amelia";1;39;0;0;0;;;;39;36;0;0;0;;;;36;75
"055004";"Amelia";2;29;0;0;0;;;;29;33;0;0;0;;;;33;62
"055004";"Amelia";3;34;0;0;0;;;;34;38;0;0;0;;;;38;72
"055004";"Amelia";4;39;0;0;0;;;;39;45;0;0;0;;;;45;84
"055004";"Amelia";5;39;0;0;0;;;;39;46;0;0;0;;;;46;85
"055004";"Amelia";6;42;0;0;0;;;;42;44;0;0;0;;;;44;86
"055004";"Amelia";7;40;0;0;0;;;;40;35;0;0;0;;;;35;75
"055004";"Amelia";8;49;0;0;0;;;;49;38;0;0;0;;;;38;87
"055004";"Amelia";9;51;0;0;0;;;;51;52;0;0;0;;;;52;103
"055004";"Amelia";10;45;0;0;0;;;;45;65;0;0;0;;;;65;110
"055004";"Amelia";11;53;0;0;0;;;;53;46;0;0;0;;;;46;99
"055004";"Amelia";12;58;0;0;0;;;;58;55;0;0;0;;;;55;113
"055004";"Amelia";13;54;0;0;0;;;;54;46;0;0;0;;;;46;100
"055004";"Amelia";14;55;0;0;0;;;;55;47;0;0;0;;;;47;102
"055004";"Amelia";15;55;0;0;0;;;;55;53;0;0;0;;;;53;108
"055004";"Amelia";16;58;0;0;0;;;;58;43;0;0;0;;;;43;101
"055004";"Amelia";17;34;0;0;0;;;;34;39;0;0;0;;;;39;73
"055004";"Amelia";18;60;0;0;0;;;;60;51;0;0;0;;;;51;111
"055004";"Amelia";19;70;0;0;0;;;;70;48;0;0;0;;;;48;118
"055004";"Amelia";20;40;0;0;0;;;;40;39;0;0;0;;;;39;79
"055004";"Amelia";21;58;0;0;0;;;;58;49;0;0;0;;;;49;107
"055004";"Amelia";22;42;0;0;0;;;;42;54;0;0;0;;;;54;96
"055004";"Amelia";23;47;1;0;0;;;;48;47;1;0;0;;;;48;96
"055004";"Amelia";24;55;0;0;0;;;;55;51;2;0;0;;;;53;108
"055004";"Amelia";25;61;1;0;0;;;;62;37;1;0;0;;;;38;100
"055004";"Amelia";26;56;0;0;0;;;;56;46;2;0;0;;;;48;104
"055004";"Amelia";27;56;0;0;0;;;;56;52;4;0;0;;;;56;112
"055004";"Amelia";28;45;3;0;0;;;;48;34;12;0;0;;;;46;94
"055004";"Amelia";29;52;5;0;0;;;;57;36;11;0;0;;;;47;104
"055004";"Amelia";30;47;11;0;0;;;;58;39;12;0;0;;;;51;109
"055004";"Amelia";31;54;4;1;0;;;;59;49;10;0;0;;;;59;118
"055004";"Amelia";32;44;7;0;0;;;;51;38;11;0;0;;;;49;100
"055004";"Amelia";33;47;12;0;0;;;;59;34;15;2;0;;;;51;110
"055004";"Amelia";34;51;10;0;0;;;;61;38;17;1;0;;;;56;117
"055004";"Amelia";35;47;10;0;0;;;;57;36;22;1;0;;;;59;116
"055004";"Amelia";36;44;20;1;0;;;;65;34;35;0;0;;;;69;134
"055004";"Amelia";37;43;16;0;0;;;;59;28;21;0;0;;;;49;108
"055004";"Amelia";38;51;24;0;0;;;;75;35;30;1;0;;;;66;141
"055004";"Amelia";39;33;25;1;0;;;;59;31;36;0;0;;;;67;126
"055004";"Amelia";40;36;26;1;0;;;;63;23;38;2;1;;;;64;127
"055004";"Amelia";41;36;23;2;0;;;;61;33;45;2;0;;;;80;141
"055004";"Amelia";42;39;46;1;0;;;;86;18;50;0;0;;;;68;154
"055004";"Amelia";43;44;33;3;0;;;;80;30;55;2;0;;;;87;167
"055004";"Amelia";44;26;54;1;0;;;;81;18;36;2;1;;;;57;138
"055004";"Amelia";45;43;50;3;0;;;;96;31;51;2;1;;;;85;181
"055004";"Amelia";46;38;43;3;0;;;;84;21;69;8;0;;;;98;182
"055004";"Amelia";47;38;54;2;1;;;;95;20;66;3;0;;;;89;184
"055004";"Amelia";48;28;63;4;0;;;;95;20;76;5;2;;;;103;198
"055004";"Amelia";49;38;65;8;0;;;;111;21;61;2;0;;;;84;195
"055004";"Amelia";50;21;63;2;0;;;;86;20;63;5;2;;;;90;176
"055004";"Amelia";51;19;39;5;1;;;;64;13;74;2;0;;;;89;153
"055004";"Amelia";52;25;67;10;0;;;;102;19;67;12;2;;;;100;202
"055004";"Amelia";53;29;58;6;1;;;;94;20;64;1;3;;;;88;182
"055004";"Amelia";54;22;66;7;1;;;;96;20;68;13;0;;;;101;197
"055004";"Amelia";55;25;75;5;0;;;;105;14;65;12;3;;;;94;199
"055004";"Amelia";56;24;57;7;1;;;;89;18;74;10;5;;;;107;196
"055004";"Amelia";57;19;70;6;1;;;;96;15;72;7;7;;;;101;197
"055004";"Amelia";58;10;70;5;1;;;;86;14;76;9;8;;;;107;193
"055004";"Amelia";59;9;71;10;0;;;;90;14;63;7;6;;;;90;180
"055004";"Amelia";60;10;70;7;2;;;;89;6;65;8;7;;;;86;175
"055004";"Amelia";61;10;65;7;2;;;;84;9;67;5;6;;;;87;171
"055004";"Amelia";62;9;76;10;3;;;;98;12;69;6;6;;;;93;191
"055004";"Amelia";63;5;72;5;0;;;;82;9;44;7;6;;;;66;148
"055004";"Amelia";64;10;62;5;3;;;;80;9;61;6;3;;;;79;159
"055004";"Amelia";65;10;53;8;2;;;;73;13;61;6;10;;;;90;163
"055004";"Amelia";66;9;61;5;4;;;;79;8;61;2;8;;;;79;158
"055004";"Amelia";67;6;61;3;2;;;;72;9;66;3;10;;;;88;160
"055004";"Amelia";68;2;62;4;2;;;;70;8;57;1;13;;;;79;149
"055004";"Amelia";69;10;54;3;1;;;;68;7;44;1;9;;;;61;129
"055004";"Amelia";70;7;54;4;1;;;;66;2;58;2;17;;;;79;145
"055004";"Amelia";71;9;51;3;2;;;;65;9;58;3;16;;;;86;151
"055004";"Amelia";72;5;68;2;7;;;;82;11;48;3;16;;;;78;160
"055004";"Amelia";73;10;61;5;5;;;;81;2;49;0;12;;;;63;144
"055004";"Amelia";74;6;53;5;3;;;;67;6;45;2;25;;;;78;145
"055004";"Amelia";75;5;63;1;11;;;;80;7;38;4;24;;;;73;153
"055004";"Amelia";76;3;38;1;2;;;;44;1;45;1;20;;;;67;111
"055004";"Amelia";77;4;45;2;10;;;;61;8;30;2;35;;;;75;136
"055004";"Amelia";78;3;41;2;5;;;;51;2;45;1;26;;;;74;125
"055004";"Amelia";79;2;47;0;4;;;;53;4;20;2;25;;;;51;104
"055004";"Amelia";80;3;37;0;6;;;;46;2;28;1;31;;;;62;108
"055004";"Amelia";81;3;38;1;5;;;;47;2;27;0;40;;;;69;116
"055004";"Amelia";82;5;42;1;5;;;;53;3;21;3;29;;;;56;109
"055004";"Amelia";83;4;35;1;5;;;;45;0;26;1;33;;;;60;105
"055004";"Amelia";84;3;24;0;9;;;;36;1;22;1;40;;;;64;100
"055004";"Amelia";85;1;26;0;3;;;;30;1;11;0;33;;;;45;75
"055004";"Amelia";86;4;14;0;5;;;;23;1;6;0;52;;;;59;82
"055004";"Amelia";87;1;13;0;4;;;;18;2;4;1;9;;;;16;34
"055004";"Amelia";88;0;21;0;7;;;;28;0;10;0;38;;;;48;76
"055004";"Amelia";89;1;14;2;5;;;;22;2;9;0;20;;;;31;53
"055004";"Amelia";90;0;14;0;8;;;;22;1;5;0;22;;;;28;50
"055004";"Amelia";91;0;10;0;7;;;;17;0;3;0;22;;;;25;42
"055004";"Amelia";92;1;5;0;5;;;;11;1;0;0;21;;;;22;33
"055004";"Amelia";93;0;7;0;5;;;;12;0;0;0;21;;;;21;33
"055004";"Amelia";94;0;4;0;1;;;;5;0;0;0;12;;;;12;17
"055004";"Amelia";95;0;2;0;3;;;;5;1;0;0;12;;;;13;18
"055004";"Amelia";96;0;0;0;0;;;;0;0;0;0;8;;;;8;8
"055004";"Amelia";97;0;1;0;0;;;;1;0;0;0;5;;;;5;6
"055004";"Amelia";98;0;0;0;0;;;;0;1;0;0;4;;;;5;5
"055004";"Amelia";99;0;0;0;0;;;;0;0;0;0;3;;;;3;3
"055004";"Amelia";100;0;0;0;0;;;;0;0;0;0;4;;;;4;4
"055004";"Amelia";999;2647;2706;181;161;;;;5695;2257;2678;183;794;;;;5912;11607
"055005";"Arrone";0;6;0;0;0;;;;6;11;0;0;0;;;;11;17
"055005";"Arrone";1;2;0;0;0;;;;2;4;0;0;0;;;;4;6
"055005";"Arrone";2;8;0;0;0;;;;8;8;0;0;0;;;;8;16
"055005";"Arrone";3;7;0;0;0;;;;7;12;0;0;0;;;;12;19
"055005";"Arrone";4;13;0;0;0;;;;13;8;0;0;0;;;;8;21
"055005";"Arrone";5;11;0;0;0;;;;11;8;0;0;0;;;;8;19
"055005";"Arrone";6;8;0;0;0;;;;8;9;0;0;0;;;;9;17
"055005";"Arrone";7;8;0;0;0;;;;8;9;0;0;0;;;;9;17
"055005";"Arrone";8;4;0;0;0;;;;4;7;0;0;0;;;;7;11
"055005";"Arrone";9;11;0;0;0;;;;11;5;0;0;0;;;;5;16
"055005";"Arrone";10;13;0;0;0;;;;13;4;0;0;0;;;;4;17
"055005";"Arrone";11;9;0;0;0;;;;9;7;0;0;0;;;;7;16
"055005";"Arrone";12;15;0;0;0;;;;15;13;0;0;0;;;;13;28
"055005";"Arrone";13;11;0;0;0;;;;11;8;0;0;0;;;;8;19
"055005";"Arrone";14;12;0;0;0;;;;12;14;0;0;0;;;;14;26
"055005";"Arrone";15;9;0;0;0;;;;9;9;0;0;0;;;;9;18
"055005";"Arrone";16;11;0;0;0;;;;11;11;0;0;0;;;;11;22
"055005";"Arrone";17;10;0;0;0;;;;10;18;0;0;0;;;;18;28
"055005";"Arrone";18;9;0;0;0;;;;9;8;0;0;0;;;;8;17
"055005";"Arrone";19;14;0;0;0;;;;14;8;0;0;0;;;;8;22
"055005";"Arrone";20;8;0;0;0;;;;8;9;0;0;0;;;;9;17
"055005";"Arrone";21;13;0;0;0;;;;13;11;0;0;0;;;;11;24
"055005";"Arrone";22;13;0;0;0;;;;13;10;0;0;0;;;;10;23
"055005";"Arrone";23;15;0;0;0;;;;15;11;2;0;0;;;;13;28
"055005";"Arrone";24;9;0;0;0;;;;9;10;0;0;0;;;;10;19
"055005";"Arrone";25;17;1;0;0;;;;18;13;0;0;0;;;;13;31
"055005";"Arrone";26;20;0;0;0;;;;20;15;0;0;0;;;;15;35
"055005";"Arrone";27;13;0;0;0;;;;13;7;2;0;0;;;;9;22
"055005";"Arrone";28;13;0;0;0;;;;13;5;1;0;0;;;;6;19
"055005";"Arrone";29;7;2;0;0;;;;9;5;1;0;0;;;;6;15
"055005";"Arrone";30;14;2;0;0;;;;16;13;3;0;0;;;;16;32
"055005";"Arrone";31;9;1;0;0;;;;10;9;2;0;0;;;;11;21
"055005";"Arrone";32;9;2;0;0;;;;11;10;5;0;0;;;;15;26
"055005";"Arrone";33;12;2;0;0;;;;14;7;9;1;0;;;;17;31
"055005";"Arrone";34;8;3;0;0;;;;11;4;2;0;0;;;;6;17
"055005";"Arrone";35;12;5;0;0;;;;17;5;6;0;0;;;;11;28
"055005";"Arrone";36;6;3;0;0;;;;9;5;6;1;0;;;;12;21
"055005";"Arrone";37;9;4;0;1;;;;14;6;4;1;0;;;;11;25
"055005";"Arrone";38;6;7;0;0;;;;13;7;5;1;0;;;;13;26
"055005";"Arrone";39;10;10;0;0;;;;20;4;9;0;0;;;;13;33
"055005";"Arrone";40;8;11;1;0;;;;20;7;9;1;0;;;;17;37
"055005";"Arrone";41;14;9;0;0;;;;23;5;6;1;0;;;;12;35
"055005";"Arrone";42;11;5;0;0;;;;16;4;9;0;0;;;;13;29
"055005";"Arrone";43;3;10;0;0;;;;13;4;14;0;0;;;;18;31
"055005";"Arrone";44;7;9;1;0;;;;17;6;17;2;0;;;;25;42
"055005";"Arrone";45;8;6;0;0;;;;14;4;15;3;0;;;;22;36
"055005";"Arrone";46;3;15;1;0;;;;19;0;19;3;0;;;;22;41
"055005";"Arrone";47;7;6;3;0;;;;16;4;6;1;0;;;;11;27
"055005";"Arrone";48;8;15;2;0;;;;25;4;16;4;0;;;;24;49
"055005";"Arrone";49;7;10;0;0;;;;17;6;9;0;2;;;;17;34
"055005";"Arrone";50;2;12;0;0;;;;14;7;14;3;0;;;;24;38
"055005";"Arrone";51;4;11;2;0;;;;17;6;14;2;1;;;;23;40
"055005";"Arrone";52;4;10;1;0;;;;15;4;15;2;1;;;;22;37
"055005";"Arrone";53;5;13;1;0;;;;19;1;22;3;0;;;;26;45
"055005";"Arrone";54;2;14;0;0;;;;16;2;13;2;2;;;;19;35
"055005";"Arrone";55;1;14;2;0;;;;17;4;19;3;1;;;;27;44
"055005";"Arrone";56;3;28;2;0;;;;33;4;17;1;2;;;;24;57
"055005";"Arrone";57;3;14;1;0;;;;18;2;17;1;4;;;;24;42
"055005";"Arrone";58;2;21;1;1;;;;25;0;13;1;1;;;;15;40
"055005";"Arrone";59;2;13;2;0;;;;17;2;19;0;2;;;;23;40
"055005";"Arrone";60;2;19;0;0;;;;21;0;15;0;0;;;;15;36
"055005";"Arrone";61;1;17;0;0;;;;18;1;12;0;0;;;;13;31
"055005";"Arrone";62;1;16;0;0;;;;17;1;15;1;2;;;;19;36
"055005";"Arrone";63;1;14;0;0;;;;15;0;18;4;6;;;;28;43
"055005";"Arrone";64;2;15;2;0;;;;19;3;10;1;4;;;;18;37
"055005";"Arrone";65;0;17;0;0;;;;17;3;13;2;6;;;;24;41
"055005";"Arrone";66;1;10;0;0;;;;11;5;8;0;3;;;;16;27
"055005";"Arrone";67;3;11;2;2;;;;18;1;15;1;0;;;;17;35
"055005";"Arrone";68;0;18;0;0;;;;18;4;10;1;1;;;;16;34
"055005";"Arrone";69;0;11;2;0;;;;13;1;13;1;2;;;;17;30
"055005";"Arrone";70;0;10;0;1;;;;11;1;11;2;1;;;;15;26
"055005";"Arrone";71;2;8;2;0;;;;12;2;12;2;5;;;;21;33
"055005";"Arrone";72;2;16;2;4;;;;24;1;7;0;3;;;;11;35
"055005";"Arrone";73;2;14;0;1;;;;17;3;17;0;6;;;;26;43
"055005";"Arrone";74;1;17;0;0;;;;18;0;6;0;7;;;;13;31
"055005";"Arrone";75;0;17;1;0;;;;18;0;15;0;8;;;;23;41
"055005";"Arrone";76;0;8;0;1;;;;9;1;9;2;2;;;;14;23
"055005";"Arrone";77;1;5;1;1;;;;8;3;8;0;5;;;;16;24
"055005";"Arrone";78;2;18;0;1;;;;21;1;8;1;7;;;;17;38
"055005";"Arrone";79;1;14;0;0;;;;15;0;5;0;3;;;;8;23
"055005";"Arrone";80;0;12;0;1;;;;13;2;10;0;5;;;;17;30
"055005";"Arrone";81;1;9;0;3;;;;13;0;9;0;5;;;;14;27
"055005";"Arrone";82;0;3;0;2;;;;5;0;10;0;11;;;;21;26
"055005";"Arrone";83;0;3;0;4;;;;7;1;2;0;9;;;;12;19
"055005";"Arrone";84;1;3;0;1;;;;5;1;3;0;9;;;;13;18
"055005";"Arrone";85;1;5;2;1;;;;9;0;2;0;5;;;;7;16
"055005";"Arrone";86;1;6;0;3;;;;10;1;4;0;11;;;;16;26
"055005";"Arrone";87;1;3;0;1;;;;5;0;1;0;9;;;;10;15
"055005";"Arrone";88;1;4;0;1;;;;6;1;1;0;7;;;;9;15
"055005";"Arrone";89;0;5;0;1;;;;6;0;1;0;6;;;;7;13
"055005";"Arrone";90;0;4;0;0;;;;4;1;0;0;3;;;;4;8
"055005";"Arrone";91;0;0;0;3;;;;3;0;1;0;5;;;;6;9
"055005";"Arrone";92;0;1;0;0;;;;1;2;0;0;5;;;;7;8
"055005";"Arrone";93;0;0;0;1;;;;1;0;0;0;5;;;;5;6
"055005";"Arrone";94;1;0;0;1;;;;2;0;0;0;2;;;;2;4
"055005";"Arrone";95;0;0;0;1;;;;1;0;0;0;2;;;;2;3
"055005";"Arrone";96;0;0;0;1;;;;1;0;0;0;3;;;;3;4
"055005";"Arrone";97;0;0;0;0;;;;0;0;0;0;1;;;;1;1
"055005";"Arrone";98;0;0;0;0;;;;0;0;0;0;1;;;;1;1
"055005";"Arrone";99;0;0;0;0;;;;0;0;0;0;0;;;;0;0
"055005";"Arrone";100;0;0;0;0;;;;0;0;0;0;1;;;;1;1
"055005";"Arrone";999;547;621;34;38;;;;1240;463;611;55;192;;;;1321;2561
"055006";"Attigliano";0;8;0;0;0;;;;8;9;0;0;0;;;;9;17
"055006";"Attigliano";1;8;0;0;0;;;;8;9;0;0;0;;;;9;17
"055006";"Attigliano";2;9;0;0;0;;;;9;10;0;0;0;;;;10;19
"055006";"Attigliano";3;7;0;0;0;;;;7;10;0;0;0;;;;10;17
"055006";"Attigliano";4;3;0;0;0;;;;3;11;0;0;0;;;;11;14
"055006";"Attigliano";5;5;0;0;0;;;;5;5;0;0;0;;;;5;10
"055006";"Attigliano";6;5;0;0;0;;;;5;7;0;0;0;;;;7;12
"055006";"Attigliano";7;10;0;0;0;;;;10;7;0;0;0;;;;7;17
"055006";"Attigliano";8;9;0;0;0;;;;9;6;0;0;0;;;;6;15
"055006";"Attigliano";9;9;0;0;0;;;;9;9;0;0;0;;;;9;18
"055006";"Attigliano";10;12;0;0;0;;;;12;12;0;0;0;;;;12;24
"055006";"Attigliano";11;9;0;0;0;;;;9;6;0;0;0;;;;6;15
"055006";"Attigliano";12;7;0;0;0;;;;7;5;0;0;0;;;;5;12
"055006";"Attigliano";13;12;0;0;0;;;;12;8;0;0;0;;;;8;20
"055006";"Attigliano";14;9;0;0;0;;;;9;14;0;0;0;;;;14;23
"055006";"Attigliano";15;4;0;0;0;;;;4;5;0;0;0;;;;5;9
"055006";"Attigliano";16;11;0;0;0;;;;11;5;0;0;0;;;;5;16
"055006";"Attigliano";17;7;0;0;0;;;;7;3;0;0;0;;;;3;10
"055006";"Attigliano";18;9;0;0;0;;;;9;5;0;0;0;;;;5;14
"055006";"Attigliano";19;8;0;0;0;;;;8;10;0;0;0;;;;10;18
"055006";"Attigliano";20;10;0;0;0;;;;10;14;0;0;0;;;;14;24
"055006";"Attigliano";21;12;0;0;0;;;;12;11;0;0;0;;;;11;23
"055006";"Attigliano";22;7;0;0;0;;;;7;7;0;0;0;;;;7;14
"055006";"Attigliano";23;12;0;0;0;;;;12;11;0;0;0;;;;11;23
"055006";"Attigliano";24;11;0;0;0;;;;11;7;0;0;0;;;;7;18
"055006";"Attigliano";25;7;0;0;0;;;;7;6;0;0;0;;;;6;13
"055006";"Attigliano";26;11;0;0;0;;;;11;11;0;0;0;;;;11;22
"055006";"Attigliano";27;12;0;0;0;;;;12;4;0;0;0;;;;4;16
"055006";"Attigliano";28;6;0;0;0;;;;6;10;2;0;0;;;;12;18
"055006";"Attigliano";29;7;1;0;0;;;;8;5;1;0;0;;;;6;14
"055006";"Attigliano";30;9;0;0;0;;;;9;8;4;0;0;;;;12;21
"055006";"Attigliano";31;4;4;0;0;;;;8;5;1;0;0;;;;6;14
"055006";"Attigliano";32;8;3;0;0;;;;11;8;1;0;0;;;;9;20
"055006";"Attigliano";33;11;2;0;0;;;;13;3;3;0;0;;;;6;19
"055006";"Attigliano";34;5;0;0;0;;;;5;3;1;0;0;;;;4;9
"055006";"Attigliano";35;11;5;0;0;;;;16;9;9;0;0;;;;18;34
"055006";"Attigliano";36;10;2;0;0;;;;12;5;6;0;0;;;;11;23
"055006";"Attigliano";37;3;0;0;0;;;;3;6;9;0;0;;;;15;18
"055006";"Attigliano";38;8;7;0;0;;;;15;13;6;0;0;;;;19;34
"055006";"Attigliano";39;9;10;0;0;;;;19;5;10;0;0;;;;15;34
"055006";"Attigliano";40;11;3;0;0;;;;14;8;6;1;0;;;;15;29
"055006";"Attigliano";41;9;11;0;0;;;;20;3;7;1;0;;;;11;31
"055006";"Attigliano";42;8;5;0;0;;;;13;5;9;0;0;;;;14;27
"055006";"Attigliano";43;11;12;0;0;;;;23;4;9;2;0;;;;15;38
"055006";"Attigliano";44;9;8;2;0;;;;19;2;4;0;0;;;;6;25
"055006";"Attigliano";45;7;5;1;0;;;;13;7;7;1;0;;;;15;28
"055006";"Attigliano";46;5;13;0;0;;;;18;3;9;1;0;;;;13;31
"055006";"Attigliano";47;4;10;0;0;;;;14;6;9;0;0;;;;15;29
"055006";"Attigliano";48;11;9;0;0;;;;20;4;17;0;2;;;;23;43
"055006";"Attigliano";49;3;6;0;0;;;;9;4;8;2;0;;;;14;23
"055006";"Attigliano";50;2;13;1;0;;;;16;4;10;2;0;;;;16;32
"055006";"Attigliano";51;2;6;0;0;;;;8;4;5;2;1;;;;12;20
"055006";"Attigliano";52;5;14;0;0;;;;19;2;10;1;0;;;;13;32
"055006";"Attigliano";53;1;12;1;0;;;;14;0;19;1;1;;;;21;35
"055006";"Attigliano";54;0;7;0;0;;;;7;4;13;1;1;;;;19;26
"055006";"Attigliano";55;6;11;3;0;;;;20;3;12;3;1;;;;19;39
"055006";"Attigliano";56;4;17;1;1;;;;23;2;16;1;0;;;;19;42
"055006";"Attigliano";57;2;10;2;0;;;;14;1;13;3;0;;;;17;31
"055006";"Attigliano";58;0;21;1;0;;;;22;2;15;0;2;;;;19;41
"055006";"Attigliano";59;1;8;1;0;;;;10;1;11;1;0;;;;13;23
"055006";"Attigliano";60;1;13;0;0;;;;14;1;13;0;3;;;;17;31
"055006";"Attigliano";61;3;14;0;1;;;;18;2;10;1;1;;;;14;32
"055006";"Attigliano";62;3;8;0;1;;;;12;1;10;1;0;;;;12;24
"055006";"Attigliano";63;2;12;0;0;;;;14;2;11;1;3;;;;17;31
"055006";"Attigliano";64;3;7;0;0;;;;10;0;6;0;0;;;;6;16
"055006";"Attigliano";65;0;8;1;0;;;;9;0;7;2;4;;;;13;22
"055006";"Attigliano";66;1;9;0;0;;;;10;3;7;1;0;;;;11;21
"055006";"Attigliano";67;4;9;0;1;;;;14;0;9;1;6;;;;16;30
"055006";"Attigliano";68;2;6;0;0;;;;8;0;13;2;4;;;;19;27
"055006";"Attigliano";69;1;11;0;0;;;;12;2;7;1;2;;;;12;24
"055006";"Attigliano";70;2;7;2;0;;;;11;1;6;0;1;;;;8;19
"055006";"Attigliano";71;1;9;0;0;;;;10;0;6;0;2;;;;8;18
"055006";"Attigliano";72;1;11;1;1;;;;14;0;6;0;4;;;;10;24
"055006";"Attigliano";73;1;14;0;0;;;;15;1;9;0;3;;;;13;28
"055006";"Attigliano";74;2;6;0;0;;;;8;1;6;1;4;;;;12;20
"055006";"Attigliano";75;0;9;0;1;;;;10;0;5;0;1;;;;6;16
"055006";"Attigliano";76;1;10;1;0;;;;12;0;9;0;4;;;;13;25
"055006";"Attigliano";77;1;1;0;0;;;;2;0;1;0;5;;;;6;8
"055006";"Attigliano";78;1;4;0;1;;;;6;2;1;0;3;;;;6;12
"055006";"Attigliano";79;0;4;0;0;;;;4;0;5;0;2;;;;7;11
"055006";"Attigliano";80;0;12;0;1;;;;13;1;6;0;10;;;;17;30
"055006";"Attigliano";81;1;4;0;1;;;;6;0;4;0;5;;;;9;15
"055006";"Attigliano";82;0;5;0;1;;;;6;1;4;0;7;;;;12;18
"055006";"Attigliano";83;0;6;0;3;;;;9;0;5;0;4;;;;9;18
"055006";"Attigliano";84;0;5;0;0;;;;5;0;0;1;8;;;;9;14
"055006";"Attigliano";85;2;4;1;1;;;;8;0;4;0;2;;;;6;14
"055006";"Attigliano";86;0;5;0;0;;;;5;0;2;0;4;;;;6;11
"055006";"Attigliano";87;0;4;0;0;;;;4;0;2;0;6;;;;8;12
"055006";"Attigliano";88;1;2;0;0;;;;3;0;2;0;7;;;;9;12
"055006";"Attigliano";89;0;2;0;0;;;;2;0;0;0;3;;;;3;5
"055006";"Attigliano";90;1;0;0;0;;;;1;0;0;0;3;;;;3;4
"055006";"Attigliano";91;0;1;0;0;;;;1;0;0;0;4;;;;4;5
"055006";"Attigliano";92;0;0;0;1;;;;1;0;0;0;2;;;;2;3
"055006";"Attigliano";93;0;0;0;1;;;;1;0;1;0;4;;;;5;6
"055006";"Attigliano";94;0;0;0;0;;;;0;0;0;0;0;;;;0;0
"055006";"Attigliano";95;0;1;0;0;;;;1;0;0;0;2;;;;2;3
"055006";"Attigliano";96;0;0;0;1;;;;1;0;0;0;2;;;;2;3
"055006";"Attigliano";97;0;0;0;0;;;;0;0;0;0;2;;;;2;2
"055006";"Attigliano";98;0;0;0;0;;;;0;0;0;0;1;;;;1;1
"055006";"Attigliano";99;0;0;0;0;;;;0;0;0;0;0;;;;0;0
"055006";"Attigliano";100;0;0;0;0;;;;0;1;0;0;0;;;;1;1
"055006";"Attigliano";999;470;458;19;17;;;;964;395;439;35;136;;;;1005;1969
"055033";"Avigliano Umbro";0;7;0;0;0;;;;7;6;0;0;0;;;;6;13
"055033";"Avigliano Umbro";1;9;0;0;0;;;;9;1;0;0;0;;;;1;10
"055033";"Avigliano Umbro";2;6;0;0;0;;;;6;6;0;0;0;;;;6;12
"055033";"Avigliano Umbro";3;11;0;0;0;;;;11;9;0;0;0;;;;9;20
"055033";"Avigliano Umbro";4;9;0;0;0;;;;9;10;0;0;0;;;;10;19
"055033";"Avigliano Umbro";5;18;0;0;0;;;;18;1;0;0;0;;;;1;19
"055033";"Avigliano Umbro";6;11;0;0;0;;;;11;5;0;0;0;;;;5;16
"055033";"Avigliano Umbro";7;12;0;0;0;;;;12;11;0;0;0;;;;11;23
"055033";"Avigliano Umbro";8;12;0;0;0;;;;12;7;0;0;0;;;;7;19
"055033";"Avigliano Umbro";9;12;0;0;0;;;;12;11;0;0;0;;;;11;23
"055033";"Avigliano Umbro";10;8;0;0;0;;;;8;9;0;0;0;;;;9;17
"055033";"Avigliano Umbro";11;13;0;0;0;;;;13;7;0;0;0;;;;7;20
"055033";"Avigliano Umbro";12;12;0;0;0;;;;12;6;0;0;0;;;;6;18
"055033";"Avigliano Umbro";13;12;0;0;0;;;;12;14;0;0;0;;;;14;26
"055033";"Avigliano Umbro";14;11;0;0;0;;;;11;15;0;0;0;;;;15;26
"055033";"Avigliano Umbro";15;11;0;0;0;;;;11;8;0;0;0;;;;8;19
"055033";"Avigliano Umbro";16;13;0;0;0;;;;13;10;0;0;0;;;;10;23
"055033";"Avigliano Umbro";17;14;0;0;0;;;;14;7;0;0;0;;;;7;21
"055033";"Avigliano Umbro";18;16;0;0;0;;;;16;9;0;0;0;;;;9;25
"055033";"Avigliano Umbro";19;10;0;0;0;;;;10;12;0;0;0;;;;12;22
"055033";"Avigliano Umbro";20;11;0;0;0;;;;11;12;1;0;0;;;;13;24
"055033";"Avigliano Umbro";21;8;0;0;0;;;;8;8;0;0;0;;;;8;16
"055033";"Avigliano Umbro";22;15;0;0;0;;;;15;19;0;0;0;;;;19;34
"055033";"Avigliano Umbro";23;9;0;0;0;;;;9;8;0;0;0;;;;8;17
"055033";"Avigliano Umbro";24;23;1;0;0;;;;24;6;1;0;0;;;;7;31
"055033";"Avigliano Umbro";25;9;0;0;0;;;;9;6;0;0;0;;;;6;15
"055033";"Avigliano Umbro";26;13;0;0;0;;;;13;7;2;0;0;;;;9;22
"055033";"Avigliano Umbro";27;10;0;0;0;;;;10;6;0;0;0;;;;6;16
"055033";"Avigliano Umbro";28;8;0;0;0;;;;8;5;1;0;0;;;;6;14
"055033";"Avigliano Umbro";29;13;1;0;0;;;;14;6;2;0;0;;;;8;22
"055033";"Avigliano Umbro";30;8;1;0;0;;;;9;7;1;0;0;;;;8;17
"055033";"Avigliano Umbro";31;9;0;0;0;;;;9;8;6;0;0;;;;14;23
"055033";"Avigliano Umbro";32;4;0;0;0;;;;4;10;4;0;0;;;;14;18
"055033";"Avigliano Umbro";33;7;1;0;0;;;;8;5;7;0;0;;;;12;20
"055033";"Avigliano Umbro";34;7;5;0;0;;;;12;5;2;0;0;;;;7;19
"055033";"Avigliano Umbro";35;11;3;0;0;;;;14;5;9;1;0;;;;15;29
"055033";"Avigliano Umbro";36;9;4;0;0;;;;13;8;5;1;0;;;;14;27
"055033";"Avigliano Umbro";37;11;10;0;0;;;;21;3;8;1;0;;;;12;33
"055033";"Avigliano Umbro";38;10;6;0;0;;;;16;11;7;0;0;;;;18;34
"055033";"Avigliano Umbro";39;7;7;0;0;;;;14;1;11;0;0;;;;12;26
"055033";"Avigliano Umbro";40;6;6;0;0;;;;12;2;8;1;0;;;;11;23
"055033";"Avigliano Umbro";41;8;14;0;0;;;;22;1;15;0;0;;;;16;38
"055033";"Avigliano Umbro";42;5;10;0;0;;;;15;7;11;1;0;;;;19;34
"055033";"Avigliano Umbro";43;11;3;0;0;;;;14;6;6;0;0;;;;12;26
"055033";"Avigliano Umbro";44;13;13;0;0;;;;26;3;8;0;1;;;;12;38
"055033";"Avigliano Umbro";45;6;6;1;0;;;;13;1;13;0;0;;;;14;27
"055033";"Avigliano Umbro";46;5;7;0;0;;;;12;1;18;0;0;;;;19;31
"055033";"Avigliano Umbro";47;1;21;1;0;;;;23;4;12;1;0;;;;17;40
"055033";"Avigliano Umbro";48;5;10;0;0;;;;15;2;21;2;0;;;;25;40
"055033";"Avigliano Umbro";49;8;8;0;0;;;;16;2;19;1;1;;;;23;39
"055033";"Avigliano Umbro";50;4;19;1;0;;;;24;1;6;0;1;;;;8;32
"055033";"Avigliano Umbro";51;6;14;0;0;;;;20;2;12;1;1;;;;16;36
"055033";"Avigliano Umbro";52;1;11;2;0;;;;14;2;19;0;0;;;;21;35
"055033";"Avigliano Umbro";53;1;25;0;1;;;;27;2;15;3;0;;;;20;47
"055033";"Avigliano Umbro";54;7;6;2;0;;;;15;1;14;2;0;;;;17;32
"055033";"Avigliano Umbro";55;2;10;0;0;;;;12;1;18;0;2;;;;21;33
"055033";"Avigliano Umbro";56;3;14;0;1;;;;18;2;17;1;1;;;;21;39
"055033";"Avigliano Umbro";57;2;12;1;0;;;;15;3;21;1;0;;;;25;40
"055033";"Avigliano Umbro";58;4;14;0;0;;;;18;0;14;0;2;;;;16;34
"055033";"Avigliano Umbro";59;1;12;1;0;;;;14;1;16;0;0;;;;17;31
"055033";"Avigliano Umbro";60;3;14;0;0;;;;17;0;19;0;1;;;;20;37
"055033";"Avigliano Umbro";61;2;16;1;0;;;;19;0;13;1;0;;;;14;33
"055033";"Avigliano Umbro";62;0;23;0;0;;;;23;0;14;0;4;;;;18;41
"055033";"Avigliano Umbro";63;1;16;0;0;;;;17;1;24;0;0;;;;25;42
"055033";"Avigliano Umbro";64;1;14;0;0;;;;15;0;8;0;2;;;;10;25
"055033";"Avigliano Umbro";65;1;10;0;0;;;;11;3;17;1;2;;;;23;34
"055033";"Avigliano Umbro";66;2;11;1;1;;;;15;1;21;0;2;;;;24;39
"055033";"Avigliano Umbro";67;0;15;0;0;;;;15;0;12;0;0;;;;12;27
"055033";"Avigliano Umbro";68;2;23;0;0;;;;25;2;3;0;2;;;;7;32
"055033";"Avigliano Umbro";69;0;8;0;1;;;;9;0;18;2;1;;;;21;30
"055033";"Avigliano Umbro";70;1;14;0;1;;;;16;1;19;0;2;;;;22;38
"055033";"Avigliano Umbro";71;0;17;0;0;;;;17;1;6;0;3;;;;10;27
"055033";"Avigliano Umbro";72;0;9;0;2;;;;11;1;13;1;4;;;;19;30
"055033";"Avigliano Umbro";73;0;13;0;2;;;;15;1;17;0;3;;;;21;36
"055033";"Avigliano Umbro";74;0;13;0;0;;;;13;0;10;1;5;;;;16;29
"055033";"Avigliano Umbro";75;5;16;0;3;;;;24;0;12;0;6;;;;18;42
"055033";"Avigliano Umbro";76;2;12;0;1;;;;15;0;5;0;5;;;;10;25
"055033";"Avigliano Umbro";77;0;14;0;1;;;;15;1;11;0;4;;;;16;31
"055033";"Avigliano Umbro";78;3;15;0;2;;;;20;0;5;0;4;;;;9;29
"055033";"Avigliano Umbro";79;1;11;1;1;;;;14;0;1;1;4;;;;6;20
"055033";"Avigliano Umbro";80;0;7;0;4;;;;11;0;3;0;6;;;;9;20
"055033";"Avigliano Umbro";81;1;1;1;0;;;;3;0;3;0;6;;;;9;12
"055033";"Avigliano Umbro";82;0;8;0;2;;;;10;1;2;0;8;;;;11;21
"055033";"Avigliano Umbro";83;1;7;0;2;;;;10;1;2;0;9;;;;12;22
"055033";"Avigliano Umbro";84;1;6;1;1;;;;9;0;3;0;8;;;;11;20
"055033";"Avigliano Umbro";85;1;1;0;3;;;;5;0;3;0;10;;;;13;18
"055033";"Avigliano Umbro";86;0;2;0;1;;;;3;0;1;0;8;;;;9;12
"055033";"Avigliano Umbro";87;1;5;0;1;;;;7;0;1;0;7;;;;8;15
"055033";"Avigliano Umbro";88;1;2;0;2;;;;5;0;0;0;3;;;;3;8
"055033";"Avigliano Umbro";89;0;1;0;0;;;;1;0;0;0;6;;;;6;7
"055033";"Avigliano Umbro";90;0;0;0;1;;;;1;0;0;0;4;;;;4;5
"055033";"Avigliano Umbro";91;0;3;0;0;;;;3;0;1;0;9;;;;10;13
"055033";"Avigliano Umbro";92;0;1;0;3;;;;4;0;0;0;5;;;;5;9
"055033";"Avigliano Umbro";93;0;0;0;0;;;;0;0;0;0;5;;;;5;5
"055033";"Avigliano Umbro";94;0;1;0;0;;;;1;0;0;0;2;;;;2;3
"055033";"Avigliano Umbro";95;0;0;0;1;;;;1;0;0;0;1;;;;1;2
"055033";"Avigliano Umbro";96;0;0;0;0;;;;0;0;0;0;1;;;;1;1
"055033";"Avigliano Umbro";97;0;0;0;1;;;;1;0;0;0;0;;;;0;1
"055033";"Avigliano Umbro";98;0;0;0;0;;;;0;0;0;0;0;;;;0;0
"055033";"Avigliano Umbro";99;0;0;0;0;;;;0;0;0;0;0;;;;0;0
"055033";"Avigliano Umbro";100;0;0;0;0;;;;0;0;0;0;0;;;;0;0
"055033";"Avigliano Umbro";999;558;603;14;39;;;;1214;368;617;24;161;;;;1170;2384
"055007";"Baschi";0;5;0;0;0;;;;5;9;0;0;0;;;;9;14
"055007";"Baschi";1;7;0;0;0;;;;7;10;0;0;0;;;;10;17
"055007";"Baschi";2;4;0;0;0;;;;4;10;0;0;0;;;;10;14
"055007";"Baschi";3;9;0;0;0;;;;9;9;0;0;0;;;;9;18
"055007";"Baschi";4;9;0;0;0;;;;9;12;0;0;0;;;;12;21
"055007";"Baschi";5;13;0;0;0;;;;13;12;0;0;0;;;;12;25
"055007";"Baschi";6;8;0;0;0;;;;8;11;0;0;0;;;;11;19
"055007";"Baschi";7;8;0;0;0;;;;8;6;0;0;0;;;;6;14
"055007";"Baschi";8;8;0;0;0;;;;8;6;0;0;0;;;;6;14
"055007";"Baschi";9;12;0;0;0;;;;12;6;0;0;0;;;;6;18
"055007";"Baschi";10;14;0;0;0;;;;14;10;0;0;0;;;;10;24
"055007";"Baschi";11;20;0;0;0;;;;20;10;0;0;0;;;;10;30
"055007";"Baschi";12;10;0;0;0;;;;10;9;0;0;0;;;;9;19
"055007";"Baschi";13;9;0;0;0;;;;9;12;0;0;0;;;;12;21
"055007";"Baschi";14;13;0;0;0;;;;13;13;0;0;0;;;;13;26
"055007";"Baschi";15;17;0;0;0;;;;17;17;0;0;0;;;;17;34
"055007";"Baschi";16;12;0;0;0;;;;12;12;0;0;0;;;;12;24
"055007";"Baschi";17;9;0;0;0;;;;9;7;0;0;0;;;;7;16
"055007";"Baschi";18;9;0;0;0;;;;9;8;0;0;0;;;;8;17
"055007";"Baschi";19;16;0;0;0;;;;16;8;0;0;0;;;;8;24
"055007";"Baschi";20;12;0;0;0;;;;12;12;1;0;0;;;;13;25
"055007";"Baschi";21;11;0;0;0;;;;11;13;0;0;0;;;;13;24
"055007";"Baschi";22;12;0;0;0;;;;12;7;1;0;0;;;;8;20
"055007";"Baschi";23;12;0;0;0;;;;12;4;0;0;0;;;;4;16
"055007";"Baschi";24;14;0;0;0;;;;14;7;0;0;0;;;;7;21
"055007";"Baschi";25;7;0;0;0;;;;7;8;1;0;0;;;;9;16
"055007";"Baschi";26;10;0;0;0;;;;10;5;0;0;0;;;;5;15
"055007";"Baschi";27;5;0;0;0;;;;5;9;1;0;0;;;;10;15
"055007";"Baschi";28;10;0;0;0;;;;10;11;2;0;0;;;;13;23
"055007";"Baschi";29;8;1;0;0;;;;9;10;3;0;0;;;;13;22
"055007";"Baschi";30;8;0;0;0;;;;8;5;2;0;0;;;;7;15
"055007";"Baschi";31;7;3;0;0;;;;10;7;2;0;0;;;;9;19
"055007";"Baschi";32;11;0;0;0;;;;11;10;4;0;0;;;;14;25
"055007";"Baschi";33;9;2;0;0;;;;11;7;4;0;0;;;;11;22
"055007";"Baschi";34;6;2;0;0;;;;8;4;4;0;0;;;;8;16
"055007";"Baschi";35;5;3;0;0;;;;8;5;7;0;0;;;;12;20
"055007";"Baschi";36;11;5;0;0;;;;16;7;6;0;0;;;;13;29
"055007";"Baschi";37;7;3;0;0;;;;10;5;5;1;0;;;;11;21
"055007";"Baschi";38;10;6;0;0;;;;16;11;11;0;0;;;;22;38
"055007";"Baschi";39;8;6;0;0;;;;14;7;10;1;0;;;;18;32
"055007";"Baschi";40;4;4;0;0;;;;8;7;10;0;0;;;;17;25
"055007";"Baschi";41;8;7;0;0;;;;15;4;10;0;0;;;;14;29
"055007";"Baschi";42;7;13;1;0;;;;21;5;13;0;0;;;;18;39
"055007";"Baschi";43;2;8;0;0;;;;10;4;14;1;1;;;;20;30
"055007";"Baschi";44;9;10;1;0;;;;20;4;14;0;0;;;;18;38
"055007";"Baschi";45;8;11;1;0;;;;20;3;8;1;0;;;;12;32
"055007";"Baschi";46;7;9;0;0;;;;16;7;7;2;0;;;;16;32
"055007";"Baschi";47;10;8;1;0;;;;19;4;13;0;1;;;;18;37
"055007";"Baschi";48;6;12;2;0;;;;20;1;13;1;0;;;;15;35
"055007";"Baschi";49;7;16;0;1;;;;24;4;11;2;0;;;;17;41
"055007";"Baschi";50;7;12;0;0;;;;19;10;10;0;0;;;;20;39
"055007";"Baschi";51;10;13;1;1;;;;25;4;13;1;0;;;;18;43
"055007";"Baschi";52;7;21;3;0;;;;31;4;18;0;2;;;;24;55
"055007";"Baschi";53;6;19;1;1;;;;27;5;15;0;0;;;;20;47
"055007";"Baschi";54;7;8;1;1;;;;17;6;15;0;0;;;;21;38
"055007";"Baschi";55;8;8;4;0;;;;20;1;23;1;1;;;;26;46
"055007";"Baschi";56;3;15;1;0;;;;19;3;18;2;1;;;;24;43
"055007";"Baschi";57;6;4;0;0;;;;10;4;10;2;1;;;;17;27
"055007";"Baschi";58;2;17;3;0;;;;22;2;12;0;1;;;;15;37
"055007";"Baschi";59;4;10;2;0;;;;16;2;18;0;2;;;;22;38
"055007";"Baschi";60;4;12;1;0;;;;17;3;17;2;2;;;;24;41
"055007";"Baschi";61;2;19;1;1;;;;23;2;15;0;0;;;;17;40
"055007";"Baschi";62;2;20;3;1;;;;26;1;11;0;3;;;;15;41
"055007";"Baschi";63;5;7;0;1;;;;13;1;10;2;3;;;;16;29
"055007";"Baschi";64;2;12;1;0;;;;15;2;10;1;3;;;;16;31
"055007";"Baschi";65;4;21;2;0;;;;27;1;18;0;1;;;;20;47
"055007";"Baschi";66;3;11;0;0;;;;14;2;19;0;5;;;;26;40
"055007";"Baschi";67;5;8;2;0;;;;15;2;13;2;1;;;;18;33
"055007";"Baschi";68;2;11;0;0;;;;13;3;12;2;3;;;;20;33
"055007";"Baschi";69;2;14;3;0;;;;19;1;10;0;3;;;;14;33
"055007";"Baschi";70;2;15;2;0;;;;19;1;19;0;5;;;;25;44
"055007";"Baschi";71;1;14;0;1;;;;16;1;12;1;2;;;;16;32
"055007";"Baschi";72;0;20;4;1;;;;25;4;9;1;5;;;;19;44
"055007";"Baschi";73;1;21;1;0;;;;23;2;11;1;6;;;;20;43
"055007";"Baschi";74;2;15;0;3;;;;20;0;11;0;3;;;;14;34
"055007";"Baschi";75;3;13;1;0;;;;17;0;11;1;6;;;;18;35
"055007";"Baschi";76;2;8;0;0;;;;10;1;8;1;7;;;;17;27
"055007";"Baschi";77;1;7;0;1;;;;9;2;4;1;5;;;;12;21
"055007";"Baschi";78;1;11;0;1;;;;13;0;8;1;4;;;;13;26
"055007";"Baschi";79;1;9;1;0;;;;11;0;13;0;5;;;;18;29
"055007";"Baschi";80;3;6;0;1;;;;10;2;4;1;6;;;;13;23
"055007";"Baschi";81;2;3;0;1;;;;6;0;3;0;12;;;;15;21
"055007";"Baschi";82;0;15;0;3;;;;18;2;6;0;16;;;;24;42
"055007";"Baschi";83;1;9;0;0;;;;10;1;7;0;8;;;;16;26
"055007";"Baschi";84;2;5;1;1;;;;9;2;3;0;7;;;;12;21
"055007";"Baschi";85;2;6;1;2;;;;11;2;2;0;6;;;;10;21
"055007";"Baschi";86;1;5;0;2;;;;8;0;4;0;10;;;;14;22
"055007";"Baschi";87;2;7;0;3;;;;12;0;1;0;8;;;;9;21
"055007";"Baschi";88;0;3;0;0;;;;3;1;5;0;7;;;;13;16
"055007";"Baschi";89;0;5;0;0;;;;5;0;0;0;6;;;;6;11
"055007";"Baschi";90;1;4;0;3;;;;8;0;2;1;4;;;;7;15
"055007";"Baschi";91;0;2;0;2;;;;4;0;0;0;9;;;;9;13
"055007";"Baschi";92;0;3;0;1;;;;4;1;1;0;7;;;;9;13
"055007";"Baschi";93;0;1;0;1;;;;2;0;1;0;7;;;;8;10
"055007";"Baschi";94;0;1;0;1;;;;2;0;0;0;5;;;;5;7
"055007";"Baschi";95;0;1;0;0;;;;1;0;0;0;0;;;;0;1
"055007";"Baschi";96;0;1;0;0;;;;1;0;0;0;4;;;;4;5
"055007";"Baschi";97;0;0;0;0;;;;0;0;0;0;0;;;;0;0
"055007";"Baschi";98;0;2;0;0;;;;2;0;0;0;0;;;;0;2
"055007";"Baschi";99;0;0;0;0;;;;0;0;0;0;2;;;;2;2
"055007";"Baschi";100;0;0;0;0;;;;0;0;0;0;1;;;;1;1
"055007";"Baschi";999;582;603;46;35;;;;1266;475;609;33;207;;;;1324;2590
"055008";"Calvi dell'Umbria";0;6;0;0;0;;;;6;6;0;0;0;;;;6;12
"055008";"Calvi dell'Umbria";1;6;0;0;0;;;;6;3;0;0;0;;;;3;9
"055008";"Calvi dell'Umbria";2;2;0;0;0;;;;2;3;0;0;0;;;;3;5
"055008";"Calvi dell'Umbria";3;0;0;0;0;;;;0;3;0;0;0;;;;3;3
"055008";"Calvi dell'Umbria";4;5;0;0;0;;;;5;2;0;0;0;;;;2;7
"055008";"Calvi dell'Umbria";5;4;0;0;0;;;;4;7;0;0;0;;;;7;11
"055008";"Calvi dell'Umbria";6;5;0;0;0;;;;5;1;0;0;0;;;;1;6
"055008";"Calvi dell'Umbria";7;4;0;0;0;;;;4;4;0;0;0;;;;4;8
"055008";"Calvi dell'Umbria";8;6;0;0;0;;;;6;12;0;0;0;;;;12;18
"055008";"Calvi dell'Umbria";9;3;0;0;0;;;;3;7;0;0;0;;;;7;10
"055008";"Calvi dell'Umbria";10;8;0;0;0;;;;8;7;0;0;0;;;;7;15
"055008";"Calvi dell'Umbria";11;2;0;0;0;;;;2;6;0;0;0;;;;6;8
"055008";"Calvi dell'Umbria";12;8;0;0;0;;;;8;5;0;0;0;;;;5;13
"055008";"Calvi dell'Umbria";13;6;0;0;0;;;;6;8;0;0;0;;;;8;14
"055008";"Calvi dell'Umbria";14;9;0;0;0;;;;9;6;0;0;0;;;;6;15
"055008";"Calvi dell'Umbria";15;6;0;0;0;;;;6;6;0;0;0;;;;6;12
"055008";"Calvi dell'Umbria";16;8;0;0;0;;;;8;6;0;0;0;;;;6;14
"055008";"Calvi dell'Umbria";17;2;0;0;0;;;;2;5;0;0;0;;;;5;7
"055008";"Calvi dell'Umbria";18;3;0;0;0;;;;3;6;0;0;0;;;;6;9
"055008";"Calvi dell'Umbria";19;7;0;0;0;;;;7;2;0;0;0;;;;2;9
"055008";"Calvi dell'Umbria";20;6;0;0;0;;;;6;7;0;0;0;;;;7;13
"055008";"Calvi dell'Umbria";21;4;0;0;0;;;;4;12;0;0;0;;;;12;16
"055008";"Calvi dell'Umbria";22;10;0;0;0;;;;10;8;0;0;0;;;;8;18
"055008";"Calvi dell'Umbria";23;2;0;0;0;;;;2;3;0;0;0;;;;3;5
"055008";"Calvi dell'Umbria";24;10;0;0;0;;;;10;6;0;0;0;;;;6;16
"055008";"Calvi dell'Umbria";25;12;0;0;0;;;;12;4;1;0;0;;;;5;17
"055008";"Calvi dell'Umbria";26;5;0;0;0;;;;5;8;1;0;0;;;;9;14
"055008";"Calvi dell'Umbria";27;8;0;0;0;;;;8;6;1;0;0;;;;7;15
"055008";"Calvi dell'Umbria";28;8;1;0;0;;;;9;10;2;0;0;;;;12;21
"055008";"Calvi dell'Umbria";29;6;1;0;0;;;;7;9;0;0;0;;;;9;16
"055008";"Calvi dell'Umbria";30;10;0;0;0;;;;10;11;0;0;0;;;;11;21
"055008";"Calvi dell'Umbria";31;5;0;0;0;;;;5;6;1;0;0;;;;7;12
"055008";"Calvi dell'Umbria";32;10;1;0;0;;;;11;11;1;0;0;;;;12;23
"055008";"Calvi dell'Umbria";33;5;4;0;0;;;;9;2;5;0;0;;;;7;16
"055008";"Calvi dell'Umbria";34;5;1;1;0;;;;7;3;3;1;0;;;;7;14
"055008";"Calvi dell'Umbria";35;5;1;0;0;;;;6;7;6;0;0;;;;13;19
"055008";"Calvi dell'Umbria";36;5;2;0;0;;;;7;4;3;0;0;;;;7;14
"055008";"Calvi dell'Umbria";37;4;2;0;0;;;;6;1;6;1;0;;;;8;14
"055008";"Calvi dell'Umbria";38;6;2;0;0;;;;8;5;7;0;0;;;;12;20
"055008";"Calvi dell'Umbria";39;5;7;0;0;;;;12;3;6;0;0;;;;9;21
"055008";"Calvi dell'Umbria";40;6;6;0;0;;;;12;3;3;0;0;;;;6;18
"055008";"Calvi dell'Umbria";41;2;6;0;0;;;;8;1;6;1;0;;;;8;16
"055008";"Calvi dell'Umbria";42;4;7;0;0;;;;11;2;6;0;0;;;;8;19
"055008";"Calvi dell'Umbria";43;3;4;0;0;;;;7;3;6;0;0;;;;9;16
"055008";"Calvi dell'Umbria";44;9;3;1;0;;;;13;1;6;0;0;;;;7;20
"055008";"Calvi dell'Umbria";45;4;9;0;0;;;;13;4;5;0;0;;;;9;22
"055008";"Calvi dell'Umbria";46;3;8;2;0;;;;13;2;10;0;0;;;;12;25
"055008";"Calvi dell'Umbria";47;1;9;0;0;;;;10;3;10;0;0;;;;13;23
"055008";"Calvi dell'Umbria";48;6;9;0;0;;;;15;3;6;0;2;;;;11;26
"055008";"Calvi dell'Umbria";49;0;3;0;0;;;;3;5;8;0;0;;;;13;16
"055008";"Calvi dell'Umbria";50;5;7;0;0;;;;12;1;10;1;0;;;;12;24
"055008";"Calvi dell'Umbria";51;4;9;1;0;;;;14;2;10;1;0;;;;13;27
"055008";"Calvi dell'Umbria";52;2;7;0;0;;;;9;2;14;1;0;;;;17;26
"055008";"Calvi dell'Umbria";53;2;13;0;0;;;;15;3;10;1;0;;;;14;29
"055008";"Calvi dell'Umbria";54;1;9;1;0;;;;11;1;10;0;0;;;;11;22
"055008";"Calvi dell'Umbria";55;2;13;1;1;;;;17;3;6;3;0;;;;12;29
"055008";"Calvi dell'Umbria";56;2;14;1;0;;;;17;3;15;1;0;;;;19;36
"055008";"Calvi dell'Umbria";57;3;10;0;0;;;;13;1;14;2;0;;;;17;30
"055008";"Calvi dell'Umbria";58;0;12;0;0;;;;12;3;9;0;0;;;;12;24
"055008";"Calvi dell'Umbria";59;7;14;0;0;;;;21;2;12;1;1;;;;16;37
"055008";"Calvi dell'Umbria";60;1;11;0;1;;;;13;3;14;1;1;;;;19;32
"055008";"Calvi dell'Umbria";61;0;14;2;0;;;;16;3;12;0;1;;;;16;32
"055008";"Calvi dell'Umbria";62;0;12;0;0;;;;12;3;13;0;0;;;;16;28
"055008";"Calvi dell'Umbria";63;2;6;1;2;;;;11;0;7;0;2;;;;9;20
"055008";"Calvi dell'Umbria";64;3;15;1;1;;;;20;1;9;0;1;;;;11;31
"055008";"Calvi dell'Umbria";65;1;4;0;0;;;;5;1;8;1;2;;;;12;17
"055008";"Calvi dell'Umbria";66;2;12;0;0;;;;14;0;7;1;2;;;;10;24
"055008";"Calvi dell'Umbria";67;1;9;0;0;;;;10;0;10;0;4;;;;14;24
"055008";"Calvi dell'Umbria";68;2;13;0;0;;;;15;1;7;0;1;;;;9;24
"055008";"Calvi dell'Umbria";69;1;11;0;0;;;;12;0;6;1;2;;;;9;21
"055008";"Calvi dell'Umbria";70;2;7;1;0;;;;10;3;15;0;3;;;;21;31
"055008";"Calvi dell'Umbria";71;1;7;3;1;;;;12;1;6;0;4;;;;11;23
"055008";"Calvi dell'Umbria";72;0;9;1;1;;;;11;0;7;0;4;;;;11;22
"055008";"Calvi dell'Umbria";73;5;12;3;0;;;;20;0;4;0;5;;;;9;29
"055008";"Calvi dell'Umbria";74;2;9;1;0;;;;12;0;7;0;2;;;;9;21
"055008";"Calvi dell'Umbria";75;1;10;0;0;;;;11;2;8;0;0;;;;10;21
"055008";"Calvi dell'Umbria";76;0;8;0;3;;;;11;0;6;1;6;;;;13;24
"055008";"Calvi dell'Umbria";77;0;6;0;0;;;;6;1;5;0;2;;;;8;14
"055008";"Calvi dell'Umbria";78;0;5;0;2;;;;7;0;7;0;5;;;;12;19
"055008";"Calvi dell'Umbria";79;0;10;1;1;;;;12;0;3;1;2;;;;6;18
"055008";"Calvi dell'Umbria";80;0;5;0;0;;;;5;0;4;0;6;;;;10;15
"055008";"Calvi dell'Umbria";81;1;6;0;2;;;;9;2;3;0;3;;;;8;17
"055008";"Calvi dell'Umbria";82;0;6;0;2;;;;8;1;5;0;3;;;;9;17
"055008";"Calvi dell'Umbria";83;1;5;2;3;;;;11;2;2;1;4;;;;9;20
"055008";"Calvi dell'Umbria";84;1;6;1;1;;;;9;0;4;0;7;;;;11;20
"055008";"Calvi dell'Umbria";85;1;7;0;1;;;;9;0;1;0;10;;;;11;20
"055008";"Calvi dell'Umbria";86;0;4;0;0;;;;4;0;2;1;11;;;;14;18
"055008";"Calvi dell'Umbria";87;0;4;0;3;;;;7;0;1;0;2;;;;3;10
"055008";"Calvi dell'Umbria";88;0;4;0;1;;;;5;0;3;0;6;;;;9;14
"055008";"Calvi dell'Umbria";89;0;2;0;2;;;;4;0;3;0;5;;;;8;12
"055008";"Calvi dell'Umbria";90;0;5;0;2;;;;7;0;0;0;2;;;;2;9
"055008";"Calvi dell'Umbria";91;0;1;0;2;;;;3;0;3;0;8;;;;11;14
"055008";"Calvi dell'Umbria";92;0;0;0;2;;;;2;0;0;0;2;;;;2;4
"055008";"Calvi dell'Umbria";93;0;0;0;0;;;;0;0;0;0;4;;;;4;4
"055008";"Calvi dell'Umbria";94;0;1;0;1;;;;2;0;0;0;2;;;;2;4
"055008";"Calvi dell'Umbria";95;0;1;0;1;;;;2;0;0;0;2;;;;2;4
"055008";"Calvi dell'Umbria";96;0;0;0;1;;;;1;0;0;0;0;;;;0;1
"055008";"Calvi dell'Umbria";97;0;0;0;1;;;;1;0;0;0;2;;;;2;3
"055008";"Calvi dell'Umbria";98;0;0;0;0;;;;0;0;0;0;0;;;;0;0
"055008";"Calvi dell'Umbria";99;0;0;0;0;;;;0;0;0;0;0;;;;0;0
"055008";"Calvi dell'Umbria";100;0;0;0;0;;;;0;0;0;0;1;;;;1;1
"055008";"Calvi dell'Umbria";999;325;441;25;38;;;;829;303;411;22;132;;;;868;1697
"055009";"Castel Giorgio";0;3;0;0;0;;;;3;3;0;0;0;;;;3;6
"055009";"Castel Giorgio";1;11;0;0;0;;;;11;2;0;0;0;;;;2;13
"055009";"Castel Giorgio";2;6;0;0;0;;;;6;7;0;0;0;;;;7;13
"055009";"Castel Giorgio";3;6;0;0;0;;;;6;8;0;0;0;;;;8;14
"055009";"Castel Giorgio";4;5;0;0;0;;;;5;4;0;0;0;;;;4;9
"055009";"Castel Giorgio";5;10;0;0;0;;;;10;7;0;0;0;;;;7;17
"055009";"Castel Giorgio";6;2;0;0;0;;;;2;6;0;0;0;;;;6;8
"055009";"Castel Giorgio";7;4;0;0;0;;;;4;6;0;0;0;;;;6;10
"055009";"Castel Giorgio";8;12;0;0;0;;;;12;4;0;0;0;;;;4;16
"055009";"Castel Giorgio";9;6;0;0;0;;;;6;3;0;0;0;;;;3;9
"055009";"Castel Giorgio";10;7;0;0;0;;;;7;8;0;0;0;;;;8;15
"055009";"Castel Giorgio";11;11;0;0;0;;;;11;8;0;0;0;;;;8;19
"055009";"Castel Giorgio";12;4;0;0;0;;;;4;5;0;0;0;;;;5;9
"055009";"Castel Giorgio";13;9;0;0;0;;;;9;4;0;0;0;;;;4;13
"055009";"Castel Giorgio";14;3;0;0;0;;;;3;9;0;0;0;;;;9;12
"055009";"Castel Giorgio";15;6;0;0;0;;;;6;5;0;0;0;;;;5;11
"055009";"Castel Giorgio";16;7;0;0;0;;;;7;10;0;0;0;;;;10;17
"055009";"Castel Giorgio";17;9;0;0;0;;;;9;7;0;0;0;;;;7;16
"055009";"Castel Giorgio";18;11;0;0;0;;;;11;7;0;0;0;;;;7;18
"055009";"Castel Giorgio";19;4;0;0;0;;;;4;9;0;0;0;;;;9;13
"055009";"Castel Giorgio";20;6;0;0;0;;;;6;10;0;0;0;;;;10;16
"055009";"Castel Giorgio";21;9;0;0;0;;;;9;5;0;0;0;;;;5;14
"055009";"Castel Giorgio";22;9;0;0;0;;;;9;10;0;0;0;;;;10;19
"055009";"Castel Giorgio";23;6;0;0;0;;;;6;6;0;0;0;;;;6;12
"055009";"Castel Giorgio";24;9;0;0;0;;;;9;7;0;0;0;;;;7;16
"055009";"Castel Giorgio";25;5;0;0;0;;;;5;7;0;0;0;;;;7;12
"055009";"Castel Giorgio";26;5;1;0;0;;;;6;7;0;0;0;;;;7;13
"055009";"Castel Giorgio";27;4;0;0;0;;;;4;8;5;0;0;;;;13;17
"055009";"Castel Giorgio";28;5;0;0;0;;;;5;7;0;0;0;;;;7;12
"055009";"Castel Giorgio";29;10;0;0;0;;;;10;5;0;0;0;;;;5;15
"055009";"Castel Giorgio";30;11;1;0;0;;;;12;6;1;0;0;;;;7;19
"055009";"Castel Giorgio";31;7;1;0;0;;;;8;10;1;0;0;;;;11;19
"055009";"Castel Giorgio";32;5;1;0;0;;;;6;5;2;0;0;;;;7;13
"055009";"Castel Giorgio";33;11;4;0;0;;;;15;5;6;0;0;;;;11;26
"055009";"Castel Giorgio";34;8;6;0;0;;;;14;1;2;0;0;;;;3;17
"055009";"Castel Giorgio";35;10;3;0;0;;;;13;3;11;0;0;;;;14;27
"055009";"Castel Giorgio";36;7;5;1;0;;;;13;10;7;0;0;;;;17;30
"055009";"Castel Giorgio";37;5;6;0;0;;;;11;2;8;0;0;;;;10;21
"055009";"Castel Giorgio";38;5;5;0;0;;;;10;7;7;0;0;;;;14;24
"055009";"Castel Giorgio";39;8;5;0;0;;;;13;1;6;0;0;;;;7;20
"055009";"Castel Giorgio";40;3;3;0;0;;;;6;4;6;0;0;;;;10;16
"055009";"Castel Giorgio";41;4;6;0;0;;;;10;2;7;0;0;;;;9;19
"055009";"Castel Giorgio";42;4;10;0;0;;;;14;4;5;0;0;;;;9;23
"055009";"Castel Giorgio";43;8;4;0;0;;;;12;10;7;0;0;;;;17;29
"055009";"Castel Giorgio";44;4;8;0;0;;;;12;7;7;0;0;;;;14;26
"055009";"Castel Giorgio";45;6;6;0;0;;;;12;7;11;0;0;;;;18;30
"055009";"Castel Giorgio";46;6;6;0;0;;;;12;6;9;1;0;;;;16;28
"055009";"Castel Giorgio";47;4;5;0;0;;;;9;2;10;0;0;;;;12;21
"055009";"Castel Giorgio";48;6;12;1;0;;;;19;1;12;1;0;;;;14;33
"055009";"Castel Giorgio";49;3;6;1;1;;;;11;4;13;2;0;;;;19;30
"055009";"Castel Giorgio";50;10;10;0;0;;;;20;3;9;2;0;;;;14;34
"055009";"Castel Giorgio";51;3;14;0;0;;;;17;1;11;1;0;;;;13;30
"055009";"Castel Giorgio";52;2;10;0;1;;;;13;2;12;1;0;;;;15;28
"055009";"Castel Giorgio";53;2;8;1;0;;;;11;7;2;0;0;;;;9;20
"055009";"Castel Giorgio";54;4;6;0;0;;;;10;1;16;1;0;;;;18;28
"055009";"Castel Giorgio";55;3;12;0;0;;;;15;6;11;0;1;;;;18;33
"055009";"Castel Giorgio";56;3;10;0;0;;;;13;1;6;0;0;;;;7;20
"055009";"Castel Giorgio";57;2;8;0;0;;;;10;2;14;1;0;;;;17;27
"055009";"Castel Giorgio";58;3;8;0;0;;;;11;2;14;3;2;;;;21;32
"055009";"Castel Giorgio";59;1;10;0;0;;;;11;4;11;0;0;;;;15;26
"055009";"Castel Giorgio";60;4;15;2;1;;;;22;0;11;0;3;;;;14;36
"055009";"Castel Giorgio";61;2;9;0;0;;;;11;1;19;0;0;;;;20;31
"055009";"Castel Giorgio";62;3;7;0;0;;;;10;1;16;0;1;;;;18;28
"055009";"Castel Giorgio";63;3;12;1;1;;;;17;1;11;0;1;;;;13;30
"055009";"Castel Giorgio";64;3;16;2;1;;;;22;1;9;1;4;;;;15;37
"055009";"Castel Giorgio";65;0;16;0;0;;;;16;4;4;2;3;;;;13;29
"055009";"Castel Giorgio";66;0;9;0;1;;;;10;0;16;0;5;;;;21;31
"055009";"Castel Giorgio";67;2;14;3;1;;;;20;1;17;1;2;;;;21;41
"055009";"Castel Giorgio";68;4;13;0;0;;;;17;1;11;2;3;;;;17;34
"055009";"Castel Giorgio";69;3;10;1;0;;;;14;1;17;0;2;;;;20;34
"055009";"Castel Giorgio";70;2;15;0;1;;;;18;0;8;0;3;;;;11;29
"055009";"Castel Giorgio";71;4;9;2;0;;;;15;0;5;0;6;;;;11;26
"055009";"Castel Giorgio";72;4;13;0;1;;;;18;1;12;1;6;;;;20;38
"055009";"Castel Giorgio";73;4;20;0;0;;;;24;0;12;0;4;;;;16;40
"055009";"Castel Giorgio";74;0;10;0;2;;;;12;0;12;1;8;;;;21;33
"055009";"Castel Giorgio";75;0;10;1;0;;;;11;1;12;0;2;;;;15;26
"055009";"Castel Giorgio";76;1;11;1;0;;;;13;0;11;0;3;;;;14;27
"055009";"Castel Giorgio";77;1;7;0;2;;;;10;0;7;0;8;;;;15;25
"055009";"Castel Giorgio";78;0;9;0;1;;;;10;0;7;0;6;;;;13;23
"055009";"Castel Giorgio";79;0;8;1;2;;;;11;0;5;0;5;;;;10;21
"055009";"Castel Giorgio";80;1;10;0;0;;;;11;3;5;0;6;;;;14;25
"055009";"Castel Giorgio";81;3;8;0;1;;;;12;0;6;0;2;;;;8;20
"055009";"Castel Giorgio";82;0;7;0;2;;;;9;0;3;0;3;;;;6;15
"055009";"Castel Giorgio";83;0;6;0;2;;;;8;0;3;0;6;;;;9;17
"055009";"Castel Giorgio";84;1;8;0;0;;;;9;0;7;0;6;;;;13;22
"055009";"Castel Giorgio";85;0;4;0;2;;;;6;0;5;0;11;;;;16;22
"055009";"Castel Giorgio";86;0;4;0;4;;;;8;2;0;0;10;;;;12;20
"055009";"Castel Giorgio";87;0;4;0;2;;;;6;1;1;0;11;;;;13;19
"055009";"Castel Giorgio";88;1;5;0;1;;;;7;1;3;0;15;;;;19;26
"055009";"Castel Giorgio";89;1;4;0;1;;;;6;0;2;0;10;;;;12;18
"055009";"Castel Giorgio";90;1;2;0;0;;;;3;0;1;0;13;;;;14;17
"055009";"Castel Giorgio";91;1;0;0;0;;;;1;0;0;0;5;;;;5;6
"055009";"Castel Giorgio";92;0;0;0;0;;;;0;0;0;0;7;;;;7;7
"055009";"Castel Giorgio";93;0;0;0;0;;;;0;0;0;0;10;;;;10;10
"055009";"Castel Giorgio";94;0;1;0;0;;;;1;0;0;0;1;;;;1;2
"055009";"Castel Giorgio";95;0;1;0;0;;;;1;0;0;0;1;;;;1;2
"055009";"Castel Giorgio";96;0;0;0;0;;;;0;0;0;0;7;;;;7;7
"055009";"Castel Giorgio";97;0;0;0;0;;;;0;0;0;0;3;;;;3;3
"055009";"Castel Giorgio";98;0;0;0;0;;;;0;0;0;0;1;;;;1;1
"055009";"Castel Giorgio";99;0;0;0;0;;;;0;0;0;0;1;;;;1;1
"055009";"Castel Giorgio";100;0;0;0;2;;;;2;0;0;0;0;;;;0;2
"055009";"Castel Giorgio";999;411;497;18;33;;;;959;340;507;21;207;;;;1075;2034
"055010";"Castel Viscardo";0;9;0;0;0;;;;9;3;0;0;0;;;;3;12
"055010";"Castel Viscardo";1;6;0;0;0;;;;6;8;0;0;0;;;;8;14
"055010";"Castel Viscardo";2;8;0;0;0;;;;8;9;0;0;0;;;;9;17
"055010";"Castel Viscardo";3;9;0;0;0;;;;9;12;0;0;0;;;;12;21
"055010";"Castel Viscardo";4;6;0;0;0;;;;6;5;0;0;0;;;;5;11
"055010";"Castel Viscardo";5;6;0;0;0;;;;6;9;0;0;0;;;;9;15
"055010";"Castel Viscardo";6;5;0;0;0;;;;5;11;0;0;0;;;;11;16
"055010";"Castel Viscardo";7;10;0;0;0;;;;10;7;0;0;0;;;;7;17
"055010";"Castel Viscardo";8;11;0;0;0;;;;11;8;0;0;0;;;;8;19
"055010";"Castel Viscardo";9;7;0;0;0;;;;7;8;0;0;0;;;;8;15
"055010";"Castel Viscardo";10;12;0;0;0;;;;12;4;0;0;0;;;;4;16
"055010";"Castel Viscardo";11;7;0;0;0;;;;7;15;0;0;0;;;;15;22
"055010";"Castel Viscardo";12;18;0;0;0;;;;18;8;0;0;0;;;;8;26
"055010";"Castel Viscardo";13;12;0;0;0;;;;12;14;0;0;0;;;;14;26
"055010";"Castel Viscardo";14;11;0;0;0;;;;11;9;0;0;0;;;;9;20
"055010";"Castel Viscardo";15;11;0;0;0;;;;11;8;0;0;0;;;;8;19
"055010";"Castel Viscardo";16;11;0;0;0;;;;11;10;0;0;0;;;;10;21
"055010";"Castel Viscardo";17;11;0;0;0;;;;11;10;0;0;0;;;;10;21
"055010";"Castel Viscardo";18;10;0;0;0;;;;10;5;0;0;0;;;;5;15
"055010";"Castel Viscardo";19;10;0;0;0;;;;10;9;0;0;0;;;;9;19
"055010";"Castel Viscardo";20;14;0;0;0;;;;14;14;0;0;0;;;;14;28
"055010";"Castel Viscardo";21;11;0;0;0;;;;11;15;0;0;0;;;;15;26
"055010";"Castel Viscardo";22;16;0;0;0;;;;16;14;0;0;0;;;;14;30
"055010";"Castel Viscardo";23;15;0;0;0;;;;15;8;0;0;0;;;;8;23
"055010";"Castel Viscardo";24;13;0;0;0;;;;13;12;0;0;0;;;;12;25
"055010";"Castel Viscardo";25;8;0;0;0;;;;8;7;0;0;0;;;;7;15
"055010";"Castel Viscardo";26;15;0;0;0;;;;15;9;2;0;0;;;;11;26
"055010";"Castel Viscardo";27;6;0;0;0;;;;6;9;1;0;0;;;;10;16
"055010";"Castel Viscardo";28;11;0;0;0;;;;11;15;0;0;0;;;;15;26
"055010";"Castel Viscardo";29;15;0;0;0;;;;15;9;2;0;0;;;;11;26
"055010";"Castel Viscardo";30;7;1;0;0;;;;8;7;3;0;0;;;;10;18
"055010";"Castel Viscardo";31;11;2;0;0;;;;13;7;2;0;0;;;;9;22
"055010";"Castel Viscardo";32;11;1;0;0;;;;12;8;5;0;0;;;;13;25
"055010";"Castel Viscardo";33;17;2;0;0;;;;19;6;4;0;0;;;;10;29
"055010";"Castel Viscardo";34;9;5;0;0;;;;14;4;7;0;0;;;;11;25
"055010";"Castel Viscardo";35;11;6;0;0;;;;17;2;4;0;0;;;;6;23
"055010";"Castel Viscardo";36;11;3;0;0;;;;14;6;12;0;0;;;;18;32
"055010";"Castel Viscardo";37;7;0;0;0;;;;7;6;11;0;0;;;;17;24
"055010";"Castel Viscardo";38;11;7;0;0;;;;18;4;9;1;0;;;;14;32
"055010";"Castel Viscardo";39;8;8;0;0;;;;16;5;11;0;0;;;;16;32
"055010";"Castel Viscardo";40;6;8;0;0;;;;14;7;6;0;0;;;;13;27
"055010";"Castel Viscardo";41;4;11;0;0;;;;15;6;9;0;0;;;;15;30
"055010";"Castel Viscardo";42;8;12;0;0;;;;20;5;5;1;0;;;;11;31
"055010";"Castel Viscardo";43;11;11;1;0;;;;23;4;7;2;0;;;;13;36
"055010";"Castel Viscardo";44;5;10;0;0;;;;15;1;13;1;0;;;;15;30
"055010";"Castel Viscardo";45;9;9;0;0;;;;18;4;15;1;0;;;;20;38
"055010";"Castel Viscardo";46;3;12;1;0;;;;16;4;15;1;0;;;;20;36
"055010";"Castel Viscardo";47;3;9;2;0;;;;14;2;19;0;1;;;;22;36
"055010";"Castel Viscardo";48;12;12;1;0;;;;25;4;9;0;0;;;;13;38
"055010";"Castel Viscardo";49;9;11;1;0;;;;21;3;22;0;0;;;;25;46
"055010";"Castel Viscardo";50;6;11;0;0;;;;17;5;13;0;1;;;;19;36
"055010";"Castel Viscardo";51;5;13;1;0;;;;19;2;9;0;1;;;;12;31
"055010";"Castel Viscardo";52;6;15;1;0;;;;22;4;22;0;1;;;;27;49
"055010";"Castel Viscardo";53;8;12;1;0;;;;21;0;18;3;1;;;;22;43
"055010";"Castel Viscardo";54;4;13;1;0;;;;18;4;22;0;5;;;;31;49
"055010";"Castel Viscardo";55;6;17;0;1;;;;24;3;10;1;1;;;;15;39
"055010";"Castel Viscardo";56;7;6;2;1;;;;16;4;11;2;0;;;;17;33
"055010";"Castel Viscardo";57;5;14;1;0;;;;20;1;17;0;1;;;;19;39
"055010";"Castel Viscardo";58;2;13;2;0;;;;17;1;16;2;2;;;;21;38
"055010";"Castel Viscardo";59;1;22;1;1;;;;25;2;22;3;1;;;;28;53
"055010";"Castel Viscardo";60;3;16;1;0;;;;20;1;15;0;1;;;;17;37
"055010";"Castel Viscardo";61;1;25;2;0;;;;28;2;12;2;1;;;;17;45
"055010";"Castel Viscardo";62;3;14;1;0;;;;18;2;13;2;4;;;;21;39
"055010";"Castel Viscardo";63;7;16;1;1;;;;25;0;14;1;1;;;;16;41
"055010";"Castel Viscardo";64;1;17;2;0;;;;20;3;16;1;2;;;;22;42
"055010";"Castel Viscardo";65;3;16;1;0;;;;20;0;18;2;2;;;;22;42
"055010";"Castel Viscardo";66;5;14;0;1;;;;20;2;13;2;4;;;;21;41
"055010";"Castel Viscardo";67;4;16;1;0;;;;21;2;23;2;0;;;;27;48
"055010";"Castel Viscardo";68;0;5;2;3;;;;10;3;13;2;3;;;;21;31
"055010";"Castel Viscardo";69;1;20;3;0;;;;24;3;13;2;5;;;;23;47
"055010";"Castel Viscardo";70;2;13;0;1;;;;16;0;18;3;6;;;;27;43
"055010";"Castel Viscardo";71;1;23;1;3;;;;28;2;13;0;3;;;;18;46
"055010";"Castel Viscardo";72;2;20;1;0;;;;23;2;16;2;7;;;;27;50
"055010";"Castel Viscardo";73;1;20;0;0;;;;21;0;15;0;6;;;;21;42
"055010";"Castel Viscardo";74;4;16;1;0;;;;21;0;13;1;7;;;;21;42
"055010";"Castel Viscardo";75;1;16;0;1;;;;18;3;11;1;5;;;;20;38
"055010";"Castel Viscardo";76;1;12;0;1;;;;14;0;14;0;6;;;;20;34
"055010";"Castel Viscardo";77;1;6;0;0;;;;7;0;4;0;4;;;;8;15
"055010";"Castel Viscardo";78;0;18;1;2;;;;21;1;5;0;7;;;;13;34
"055010";"Castel Viscardo";79;0;6;0;3;;;;9;2;7;1;6;;;;16;25
"055010";"Castel Viscardo";80;0;7;0;2;;;;9;2;8;0;12;;;;22;31
"055010";"Castel Viscardo";81;2;9;0;4;;;;15;4;3;0;9;;;;16;31
"055010";"Castel Viscardo";82;1;11;0;5;;;;17;0;7;0;8;;;;15;32
"055010";"Castel Viscardo";83;0;12;0;6;;;;18;0;2;1;5;;;;8;26
"055010";"Castel Viscardo";84;0;7;0;1;;;;8;0;7;0;19;;;;26;34
"055010";"Castel Viscardo";85;1;6;0;3;;;;10;1;4;0;16;;;;21;31
"055010";"Castel Viscardo";86;1;9;0;2;;;;12;4;4;0;14;;;;22;34
"055010";"Castel Viscardo";87;0;4;0;2;;;;6;1;0;0;7;;;;8;14
"055010";"Castel Viscardo";88;1;3;1;4;;;;9;0;2;0;13;;;;15;24
"055010";"Castel Viscardo";89;0;1;0;0;;;;1;1;1;1;11;;;;14;15
"055010";"Castel Viscardo";90;0;1;0;2;;;;3;3;0;0;9;;;;12;15
"055010";"Castel Viscardo";91;0;3;0;2;;;;5;0;0;1;7;;;;8;13
"055010";"Castel Viscardo";92;0;2;0;1;;;;3;0;0;0;5;;;;5;8
"055010";"Castel Viscardo";93;0;0;0;0;;;;0;1;0;0;3;;;;4;4
"055010";"Castel Viscardo";94;0;0;0;0;;;;0;1;0;0;2;;;;3;3
"055010";"Castel Viscardo";95;0;0;0;0;;;;0;1;0;0;6;;;;7;7
"055010";"Castel Viscardo";96;0;0;0;1;;;;1;0;0;0;1;;;;1;2
"055010";"Castel Viscardo";97;0;0;0;0;;;;0;0;0;0;1;;;;1;1
"055010";"Castel Viscardo";98;0;0;0;1;;;;1;0;0;0;0;;;;0;1
"055010";"Castel Viscardo";99;0;0;0;0;;;;0;0;0;0;0;;;;0;0
"055010";"Castel Viscardo";100;0;0;0;0;;;;0;0;0;0;0;;;;0;0
"055010";"Castel Viscardo";999;584;660;35;55;;;;1334;452;657;45;243;;;;1397;2731
"055011";"Fabro";0;8;0;0;0;;;;8;4;0;0;0;;;;4;12
"055011";"Fabro";1;10;0;0;0;;;;10;7;0;0;0;;;;7;17
"055011";"Fabro";2;8;0;0;0;;;;8;9;0;0;0;;;;9;17
"055011";"Fabro";3;5;0;0;0;;;;5;7;0;0;0;;;;7;12
"055011";"Fabro";4;5;0;0;0;;;;5;7;0;0;0;;;;7;12
"055011";"Fabro";5;8;0;0;0;;;;8;7;0;0;0;;;;7;15
"055011";"Fabro";6;3;0;0;0;;;;3;8;0;0;0;;;;8;11
"055011";"Fabro";7;7;0;0;0;;;;7;8;0;0;0;;;;8;15
"055011";"Fabro";8;13;0;0;0;;;;13;11;0;0;0;;;;11;24
"055011";"Fabro";9;6;0;0;0;;;;6;5;0;0;0;;;;5;11
"055011";"Fabro";10;11;0;0;0;;;;11;16;0;0;0;;;;16;27
"055011";"Fabro";11;14;0;0;0;;;;14;22;0;0;0;;;;22;36
"055011";"Fabro";12;13;0;0;0;;;;13;12;0;0;0;;;;12;25
"055011";"Fabro";13;5;0;0;0;;;;5;4;0;0;0;;;;4;9
"055011";"Fabro";14;15;0;0;0;;;;15;13;0;0;0;;;;13;28
"055011";"Fabro";15;13;0;0;0;;;;13;12;0;0;0;;;;12;25
"055011";"Fabro";16;10;0;0;0;;;;10;10;0;0;0;;;;10;20
"055011";"Fabro";17;19;0;0;0;;;;19;10;0;0;0;;;;10;29
"055011";"Fabro";18;8;0;0;0;;;;8;6;0;0;0;;;;6;14
"055011";"Fabro";19;21;0;0;0;;;;21;11;0;0;0;;;;11;32
"055011";"Fabro";20;12;0;0;0;;;;12;12;0;0;0;;;;12;24
"055011";"Fabro";21;9;0;0;0;;;;9;13;0;0;0;;;;13;22
"055011";"Fabro";22;16;0;0;0;;;;16;9;0;0;0;;;;9;25
"055011";"Fabro";23;13;0;0;0;;;;13;11;0;0;0;;;;11;24
"055011";"Fabro";24;16;0;0;0;;;;16;14;0;0;0;;;;14;30
"055011";"Fabro";25;13;0;0;0;;;;13;9;5;0;0;;;;14;27
"055011";"Fabro";26;11;2;0;0;;;;13;6;2;0;0;;;;8;21
"055011";"Fabro";27;10;1;0;0;;;;11;14;2;0;0;;;;16;27
"055011";"Fabro";28;11;0;0;0;;;;11;7;1;0;0;;;;8;19
"055011";"Fabro";29;10;1;0;0;;;;11;12;2;0;0;;;;14;25
"055011";"Fabro";30;11;1;0;0;;;;12;8;3;0;0;;;;11;23
"055011";"Fabro";31;9;2;0;0;;;;11;9;4;0;0;;;;13;24
"055011";"Fabro";32;13;1;0;0;;;;14;8;3;0;0;;;;11;25
"055011";"Fabro";33;11;3;0;0;;;;14;8;1;0;0;;;;9;23
"055011";"Fabro";34;15;1;0;0;;;;16;11;4;0;0;;;;15;31
"055011";"Fabro";35;11;3;1;0;;;;15;8;4;0;0;;;;12;27
"055011";"Fabro";36;9;5;0;0;;;;14;12;8;0;0;;;;20;34
"055011";"Fabro";37;9;6;0;0;;;;15;9;8;1;0;;;;18;33
"055011";"Fabro";38;9;9;1;0;;;;19;8;8;0;0;;;;16;35
"055011";"Fabro";39;14;8;1;0;;;;23;7;8;1;0;;;;16;39
"055011";"Fabro";40;14;7;0;0;;;;21;3;9;0;0;;;;12;33
"055011";"Fabro";41;5;4;1;0;;;;10;4;7;3;0;;;;14;24
"055011";"Fabro";42;6;7;0;0;;;;13;5;10;3;1;;;;19;32
"055011";"Fabro";43;9;5;1;0;;;;15;8;6;0;1;;;;15;30
"055011";"Fabro";44;4;10;0;0;;;;14;5;15;2;0;;;;22;36
"055011";"Fabro";45;4;5;1;0;;;;10;5;13;1;0;;;;19;29
"055011";"Fabro";46;12;10;2;0;;;;24;4;6;1;2;;;;13;37
"055011";"Fabro";47;10;15;1;0;;;;26;7;11;1;0;;;;19;45
"055011";"Fabro";48;4;17;0;0;;;;21;6;16;1;0;;;;23;44
"055011";"Fabro";49;5;17;1;0;;;;23;2;18;0;1;;;;21;44
"055011";"Fabro";50;4;18;1;0;;;;23;3;18;2;1;;;;24;47
"055011";"Fabro";51;4;11;4;0;;;;19;9;20;1;0;;;;30;49
"055011";"Fabro";52;7;10;0;0;;;;17;2;19;1;0;;;;22;39
"055011";"Fabro";53;12;14;1;0;;;;27;2;12;2;1;;;;17;44
"055011";"Fabro";54;3;16;1;0;;;;20;1;12;3;0;;;;16;36
"055011";"Fabro";55;3;12;3;0;;;;18;3;12;2;3;;;;20;38
"055011";"Fabro";56;3;14;2;0;;;;19;2;12;2;1;;;;17;36
"055011";"Fabro";57;1;12;3;0;;;;16;3;18;1;2;;;;24;40
"055011";"Fabro";58;5;12;1;2;;;;20;5;18;3;1;;;;27;47
"055011";"Fabro";59;3;12;1;0;;;;16;1;13;2;0;;;;16;32
"055011";"Fabro";60;4;10;1;0;;;;15;2;24;0;3;;;;29;44
"055011";"Fabro";61;1;12;1;0;;;;14;2;15;0;1;;;;18;32
"055011";"Fabro";62;0;17;2;0;;;;19;0;15;2;3;;;;20;39
"055011";"Fabro";63;7;21;2;1;;;;31;1;8;1;3;;;;13;44
"055011";"Fabro";64;1;12;1;0;;;;14;1;5;1;4;;;;11;25
"055011";"Fabro";65;0;18;0;1;;;;19;1;14;1;3;;;;19;38
"055011";"Fabro";66;1;21;0;1;;;;23;1;15;0;4;;;;20;43
"055011";"Fabro";67;0;12;4;0;;;;16;0;13;2;5;;;;20;36
"055011";"Fabro";68;1;8;0;1;;;;10;1;11;0;2;;;;14;24
"055011";"Fabro";69;4;6;0;2;;;;12;0;21;2;7;;;;30;42
"055011";"Fabro";70;0;17;0;0;;;;17;0;10;0;3;;;;13;30
"055011";"Fabro";71;1;14;0;1;;;;16;3;18;0;4;;;;25;41
"055011";"Fabro";72;1;17;1;1;;;;20;0;13;0;8;;;;21;41
"055011";"Fabro";73;2;13;0;0;;;;15;0;11;1;6;;;;18;33
"055011";"Fabro";74;1;13;0;1;;;;15;0;12;0;6;;;;18;33
"055011";"Fabro";75;2;15;0;1;;;;18;1;10;0;5;;;;16;34
"055011";"Fabro";76;1;12;0;0;;;;13;0;7;2;1;;;;10;23
"055011";"Fabro";77;1;9;0;0;;;;10;2;7;0;7;;;;16;26
"055011";"Fabro";78;0;8;1;3;;;;12;0;6;0;5;;;;11;23
"055011";"Fabro";79;0;13;0;1;;;;14;0;2;0;5;;;;7;21
"055011";"Fabro";80;3;9;0;0;;;;12;0;8;0;7;;;;15;27
"055011";"Fabro";81;1;12;0;3;;;;16;0;5;0;4;;;;9;25
"055011";"Fabro";82;0;7;0;3;;;;10;0;7;0;6;;;;13;23
"055011";"Fabro";83;0;11;0;1;;;;12;1;2;0;12;;;;15;27
"055011";"Fabro";84;0;10;0;0;;;;10;0;3;0;11;;;;14;24
"055011";"Fabro";85;1;2;0;3;;;;6;0;2;0;8;;;;10;16
"055011";"Fabro";86;0;2;0;5;;;;7;0;6;0;5;;;;11;18
"055011";"Fabro";87;1;5;0;1;;;;7;0;4;0;6;;;;10;17
"055011";"Fabro";88;0;6;0;1;;;;7;1;2;0;8;;;;11;18
"055011";"Fabro";89;0;2;0;1;;;;3;0;1;0;9;;;;10;13
"055011";"Fabro";90;1;7;0;0;;;;8;0;0;0;7;;;;7;15
"055011";"Fabro";91;0;3;0;3;;;;6;1;1;0;7;;;;9;15
"055011";"Fabro";92;0;1;0;1;;;;2;0;0;1;6;;;;7;9
"055011";"Fabro";93;0;0;0;1;;;;1;0;0;0;3;;;;3;4
"055011";"Fabro";94;0;1;0;0;;;;1;0;0;0;3;;;;3;4
"055011";"Fabro";95;0;0;0;0;;;;0;0;0;0;2;;;;2;2
"055011";"Fabro";96;0;0;0;1;;;;1;1;0;0;1;;;;2;3
"055011";"Fabro";97;0;0;0;0;;;;0;0;0;0;0;;;;0;0
"055011";"Fabro";98;0;0;0;0;;;;0;0;0;0;2;;;;2;2
"055011";"Fabro";99;0;0;0;0;;;;0;0;0;0;0;;;;0;0
"055011";"Fabro";100;0;0;0;0;;;;0;1;0;0;0;;;;1;1
"055011";"Fabro";999;587;617;40;40;;;;1284;484;606;46;206;;;;1342;2626
"055012";"Ferentillo";0;4;0;0;0;;;;4;4;0;0;0;;;;4;8
"055012";"Ferentillo";1;11;0;0;0;;;;11;7;0;0;0;;;;7;18
"055012";"Ferentillo";2;5;0;0;0;;;;5;10;0;0;0;;;;10;15
"055012";"Ferentillo";3;12;0;0;0;;;;12;8;0;0;0;;;;8;20
"055012";"Ferentillo";4;4;0;0;0;;;;4;5;0;0;0;;;;5;9
"055012";"Ferentillo";5;3;0;0;0;;;;3;7;0;0;0;;;;7;10
"055012";"Ferentillo";6;11;0;0;0;;;;11;9;0;0;0;;;;9;20
"055012";"Ferentillo";7;5;0;0;0;;;;5;4;0;0;0;;;;4;9
"055012";"Ferentillo";8;6;0;0;0;;;;6;6;0;0;0;;;;6;12
"055012";"Ferentillo";9;12;0;0;0;;;;12;6;0;0;0;;;;6;18
"055012";"Ferentillo";10;11;0;0;0;;;;11;15;0;0;0;;;;15;26
"055012";"Ferentillo";11;7;0;0;0;;;;7;5;0;0;0;;;;5;12
"055012";"Ferentillo";12;10;0;0;0;;;;10;6;0;0;0;;;;6;16
"055012";"Ferentillo";13;7;0;0;0;;;;7;16;0;0;0;;;;16;23
"055012";"Ferentillo";14;10;0;0;0;;;;10;6;0;0;0;;;;6;16
"055012";"Ferentillo";15;9;0;0;0;;;;9;5;0;0;0;;;;5;14
"055012";"Ferentillo";16;6;0;0;0;;;;6;5;0;0;0;;;;5;11
"055012";"Ferentillo";17;8;0;0;0;;;;8;7;0;0;0;;;;7;15
"055012";"Ferentillo";18;18;0;0;0;;;;18;6;0;0;0;;;;6;24
"055012";"Ferentillo";19;14;0;0;0;;;;14;6;0;0;0;;;;6;20
"055012";"Ferentillo";20;4;0;0;0;;;;4;5;1;0;0;;;;6;10
"055012";"Ferentillo";21;9;0;0;0;;;;9;2;1;0;0;;;;3;12
"055012";"Ferentillo";22;3;0;0;0;;;;3;14;1;0;0;;;;15;18
"055012";"Ferentillo";23;9;2;0;0;;;;11;7;0;0;0;;;;7;18
"055012";"Ferentillo";24;13;0;0;0;;;;13;4;1;0;0;;;;5;18
"055012";"Ferentillo";25;10;0;0;0;;;;10;5;0;0;0;;;;5;15
"055012";"Ferentillo";26;8;0;0;0;;;;8;4;1;0;0;;;;5;13
"055012";"Ferentillo";27;7;0;0;0;;;;7;3;0;0;0;;;;3;10
"055012";"Ferentillo";28;1;0;0;0;;;;1;5;1;0;0;;;;6;7
"055012";"Ferentillo";29;7;1;0;0;;;;8;9;1;0;0;;;;10;18
"055012";"Ferentillo";30;4;1;0;0;;;;5;6;2;0;0;;;;8;13
"055012";"Ferentillo";31;9;1;0;0;;;;10;6;2;0;0;;;;8;18
"055012";"Ferentillo";32;2;2;0;0;;;;4;6;3;0;0;;;;9;13
"055012";"Ferentillo";33;3;2;1;0;;;;6;6;4;0;0;;;;10;16
"055012";"Ferentillo";34;12;4;0;0;;;;16;8;7;0;0;;;;15;31
"055012";"Ferentillo";35;10;1;0;0;;;;11;4;6;0;0;;;;10;21
"055012";"Ferentillo";36;7;4;0;0;;;;11;8;6;0;0;;;;14;25
"055012";"Ferentillo";37;4;2;0;0;;;;6;2;5;1;0;;;;8;14
"055012";"Ferentillo";38;4;3;0;0;;;;7;5;6;1;0;;;;12;19
"055012";"Ferentillo";39;2;4;1;1;;;;8;7;5;0;0;;;;12;20
"055012";"Ferentillo";40;3;7;0;0;;;;10;6;5;1;0;;;;12;22
"055012";"Ferentillo";41;3;5;2;0;;;;10;5;6;0;0;;;;11;21
"055012";"Ferentillo";42;5;6;1;0;;;;12;3;8;0;0;;;;11;23
"055012";"Ferentillo";43;1;6;0;0;;;;7;4;12;1;0;;;;17;24
"055012";"Ferentillo";44;6;6;1;0;;;;13;4;13;1;0;;;;18;31
"055012";"Ferentillo";45;2;13;0;0;;;;15;0;9;0;0;;;;9;24
"055012";"Ferentillo";46;7;9;1;0;;;;17;7;5;1;1;;;;14;31
"055012";"Ferentillo";47;7;12;2;0;;;;21;4;6;0;0;;;;10;31
"055012";"Ferentillo";48;9;6;1;0;;;;16;3;7;0;0;;;;10;26
"055012";"Ferentillo";49;0;6;1;0;;;;7;6;7;1;1;;;;15;22
"055012";"Ferentillo";50;6;9;0;0;;;;15;1;12;1;1;;;;15;30
"055012";"Ferentillo";51;5;6;1;0;;;;12;2;6;0;0;;;;8;20
"055012";"Ferentillo";52;3;11;2;0;;;;16;1;9;0;0;;;;10;26
"055012";"Ferentillo";53;3;9;1;0;;;;13;4;16;1;2;;;;23;36
"055012";"Ferentillo";54;1;5;0;0;;;;6;1;6;0;2;;;;9;15
"055012";"Ferentillo";55;6;14;2;0;;;;22;3;12;0;0;;;;15;37
"055012";"Ferentillo";56;2;15;1;0;;;;18;3;9;1;1;;;;14;32
"055012";"Ferentillo";57;1;9;0;0;;;;10;1;10;1;1;;;;13;23
"055012";"Ferentillo";58;0;8;2;2;;;;12;1;11;1;1;;;;14;26
"055012";"Ferentillo";59;4;7;0;0;;;;11;0;9;0;1;;;;10;21
"055012";"Ferentillo";60;4;5;1;0;;;;10;0;9;2;3;;;;14;24
"055012";"Ferentillo";61;3;4;1;0;;;;8;1;8;0;0;;;;9;17
"055012";"Ferentillo";62;1;9;0;1;;;;11;1;9;1;0;;;;11;22
"055012";"Ferentillo";63;2;13;1;0;;;;16;1;8;1;0;;;;10;26
"055012";"Ferentillo";64;3;13;1;0;;;;17;2;6;0;2;;;;10;27
"055012";"Ferentillo";65;0;9;1;0;;;;10;0;13;2;1;;;;16;26
"055012";"Ferentillo";66;0;8;0;0;;;;8;2;5;0;3;;;;10;18
"055012";"Ferentillo";67;1;9;3;0;;;;13;1;8;0;1;;;;10;23
"055012";"Ferentillo";68;0;9;0;0;;;;9;0;9;2;2;;;;13;22
"055012";"Ferentillo";69;0;9;1;0;;;;10;0;8;2;1;;;;11;21
"055012";"Ferentillo";70;3;10;0;2;;;;15;2;6;0;2;;;;10;25
"055012";"Ferentillo";71;1;14;0;0;;;;15;0;7;0;1;;;;8;23
"055012";"Ferentillo";72;2;3;0;3;;;;8;1;12;0;3;;;;16;24
"055012";"Ferentillo";73;1;18;0;1;;;;20;0;10;0;3;;;;13;33
"055012";"Ferentillo";74;2;6;1;0;;;;9;0;8;2;6;;;;16;25
"055012";"Ferentillo";75;4;6;0;1;;;;11;0;11;0;4;;;;15;26
"055012";"Ferentillo";76;0;7;0;0;;;;7;1;5;0;2;;;;8;15
"055012";"Ferentillo";77;1;9;0;1;;;;11;1;4;0;8;;;;13;24
"055012";"Ferentillo";78;0;10;0;0;;;;10;0;5;0;5;;;;10;20
"055012";"Ferentillo";79;0;11;1;0;;;;12;1;2;1;7;;;;11;23
"055012";"Ferentillo";80;1;7;0;0;;;;8;0;3;0;2;;;;5;13
"055012";"Ferentillo";81;0;8;0;3;;;;11;0;5;0;6;;;;11;22
"055012";"Ferentillo";82;2;4;0;0;;;;6;0;1;0;4;;;;5;11
"055012";"Ferentillo";83;1;2;0;3;;;;6;1;2;0;10;;;;13;19
"055012";"Ferentillo";84;0;3;0;1;;;;4;0;1;0;10;;;;11;15
"055012";"Ferentillo";85;2;3;1;0;;;;6;0;4;0;9;;;;13;19
"055012";"Ferentillo";86;1;6;0;1;;;;8;1;2;1;5;;;;9;17
"055012";"Ferentillo";87;0;5;0;4;;;;9;0;1;0;7;;;;8;17
"055012";"Ferentillo";88;1;3;0;2;;;;6;0;1;0;8;;;;9;15
"055012";"Ferentillo";89;0;0;0;0;;;;0;0;0;0;8;;;;8;8
"055012";"Ferentillo";90;0;0;0;1;;;;1;0;0;0;6;;;;6;7
"055012";"Ferentillo";91;2;0;0;2;;;;4;0;1;0;3;;;;4;8
"055012";"Ferentillo";92;0;2;0;1;;;;3;0;1;0;1;;;;2;5
"055012";"Ferentillo";93;1;0;0;0;;;;1;0;0;0;2;;;;2;3
"055012";"Ferentillo";94;0;0;0;2;;;;2;0;0;0;1;;;;1;3
"055012";"Ferentillo";95;0;0;0;0;;;;0;0;0;0;4;;;;4;4
"055012";"Ferentillo";96;0;0;0;0;;;;0;0;0;0;1;;;;1;1
"055012";"Ferentillo";97;0;0;0;2;;;;2;0;0;0;1;;;;1;3
"055012";"Ferentillo";98;0;0;0;0;;;;0;0;0;0;1;;;;1;1
"055012";"Ferentillo";99;0;0;0;0;;;;0;0;0;0;0;;;;0;0
"055012";"Ferentillo";100;0;0;0;0;;;;0;0;0;0;1;;;;1;1
"055012";"Ferentillo";999;414;421;32;34;;;;901;334;406;26;155;;;;921;1822
"055013";"Ficulle";0;4;0;0;0;;;;4;3;0;0;0;;;;3;7
"055013";"Ficulle";1;2;0;0;0;;;;2;5;0;0;0;;;;5;7
"055013";"Ficulle";2;6;0;0;0;;;;6;6;0;0;0;;;;6;12
"055013";"Ficulle";3;4;0;0;0;;;;4;7;0;0;0;;;;7;11
"055013";"Ficulle";4;5;0;0;0;;;;5;4;0;0;0;;;;4;9
"055013";"Ficulle";5;8;0;0;0;;;;8;8;0;0;0;;;;8;16
"055013";"Ficulle";6;1;0;0;0;;;;1;4;0;0;0;;;;4;5
"055013";"Ficulle";7;5;0;0;0;;;;5;4;0;0;0;;;;4;9
"055013";"Ficulle";8;4;0;0;0;;;;4;13;0;0;0;;;;13;17
"055013";"Ficulle";9;4;0;0;0;;;;4;13;0;0;0;;;;13;17
"055013";"Ficulle";10;4;0;0;0;;;;4;5;0;0;0;;;;5;9
"055013";"Ficulle";11;6;0;0;0;;;;6;3;0;0;0;;;;3;9
"055013";"Ficulle";12;8;0;0;0;;;;8;6;0;0;0;;;;6;14
"055013";"Ficulle";13;5;0;0;0;;;;5;7;0;0;0;;;;7;12
"055013";"Ficulle";14;5;0;0;0;;;;5;7;0;0;0;;;;7;12
"055013";"Ficulle";15;5;0;0;0;;;;5;8;0;0;0;;;;8;13
"055013";"Ficulle";16;5;0;0;0;;;;5;4;0;0;0;;;;4;9
"055013";"Ficulle";17;5;0;0;0;;;;5;5;0;0;0;;;;5;10
"055013";"Ficulle";18;3;0;0;0;;;;3;2;0;0;0;;;;2;5
"055013";"Ficulle";19;7;0;0;0;;;;7;7;0;0;0;;;;7;14
"055013";"Ficulle";20;5;0;0;0;;;;5;7;0;0;0;;;;7;12
"055013";"Ficulle";21;4;0;0;0;;;;4;5;0;0;0;;;;5;9
"055013";"Ficulle";22;6;0;0;0;;;;6;4;0;0;0;;;;4;10
"055013";"Ficulle";23;10;0;0;0;;;;10;8;0;0;0;;;;8;18
"055013";"Ficulle";24;11;0;0;0;;;;11;7;0;0;1;;;;8;19
"055013";"Ficulle";25;16;0;0;0;;;;16;6;0;0;0;;;;6;22
"055013";"Ficulle";26;9;0;0;0;;;;9;1;0;0;0;;;;1;10
"055013";"Ficulle";27;7;0;0;0;;;;7;5;3;0;0;;;;8;15
"055013";"Ficulle";28;6;0;0;0;;;;6;6;0;0;0;;;;6;12
"055013";"Ficulle";29;8;1;0;0;;;;9;9;1;0;0;;;;10;19
"055013";"Ficulle";30;3;0;0;0;;;;3;4;1;0;0;;;;5;8
"055013";"Ficulle";31;6;1;0;0;;;;7;6;0;0;0;;;;6;13
"055013";"Ficulle";32;7;0;0;0;;;;7;1;4;0;0;;;;5;12
"055013";"Ficulle";33;4;2;0;0;;;;6;3;1;1;0;;;;5;11
"055013";"Ficulle";34;5;1;0;0;;;;6;2;4;0;0;;;;6;12
"055013";"Ficulle";35;4;3;0;0;;;;7;4;3;0;0;;;;7;14
"055013";"Ficulle";36;5;1;0;0;;;;6;3;4;0;0;;;;7;13
"055013";"Ficulle";37;8;4;0;0;;;;12;2;6;0;0;;;;8;20
"055013";"Ficulle";38;5;2;0;0;;;;7;3;2;2;0;;;;7;14
"055013";"Ficulle";39;7;2;1;0;;;;10;4;8;1;0;;;;13;23
"055013";"Ficulle";40;5;7;1;0;;;;13;5;5;1;0;;;;11;24
"055013";"Ficulle";41;4;7;0;0;;;;11;3;1;0;0;;;;4;15
"055013";"Ficulle";42;3;8;1;0;;;;12;2;5;0;0;;;;7;19
"055013";"Ficulle";43;7;5;0;0;;;;12;2;5;0;0;;;;7;19
"055013";"Ficulle";44;3;8;0;0;;;;11;3;6;1;0;;;;10;21
"055013";"Ficulle";45;3;1;0;0;;;;4;7;7;1;1;;;;16;20
"055013";"Ficulle";46;7;6;1;0;;;;14;3;3;1;0;;;;7;21
"055013";"Ficulle";47;4;5;0;0;;;;9;4;7;0;2;;;;13;22
"055013";"Ficulle";48;4;5;1;0;;;;10;4;6;1;0;;;;11;21
"055013";"Ficulle";49;7;7;1;0;;;;15;1;9;1;0;;;;11;26
"055013";"Ficulle";50;4;4;0;0;;;;8;1;12;3;0;;;;16;24
"055013";"Ficulle";51;2;5;0;0;;;;7;1;7;1;0;;;;9;16
"055013";"Ficulle";52;1;7;2;0;;;;10;2;9;1;0;;;;12;22
"055013";"Ficulle";53;6;12;3;0;;;;21;3;10;0;0;;;;13;34
"055013";"Ficulle";54;2;6;1;0;;;;9;2;14;1;0;;;;17;26
"055013";"Ficulle";55;1;10;0;0;;;;11;3;13;1;0;;;;17;28
"055013";"Ficulle";56;4;10;0;0;;;;14;2;12;1;1;;;;16;30
"055013";"Ficulle";57;2;12;2;0;;;;16;0;4;0;1;;;;5;21
"055013";"Ficulle";58;3;12;0;0;;;;15;1;15;1;0;;;;17;32
"055013";"Ficulle";59;1;9;2;0;;;;12;0;10;2;1;;;;13;25
"055013";"Ficulle";60;2;11;1;0;;;;14;1;11;1;3;;;;16;30
"055013";"Ficulle";61;4;11;0;0;;;;15;2;9;0;1;;;;12;27
"055013";"Ficulle";62;0;8;0;0;;;;8;0;5;2;0;;;;7;15
"055013";"Ficulle";63;1;9;0;1;;;;11;2;12;0;0;;;;14;25
"055013";"Ficulle";64;1;9;2;0;;;;12;2;11;2;0;;;;15;27
"055013";"Ficulle";65;1;10;0;0;;;;11;0;6;0;2;;;;8;19
"055013";"Ficulle";66;1;12;1;1;;;;15;2;7;0;1;;;;10;25
"055013";"Ficulle";67;0;8;1;0;;;;9;2;9;0;1;;;;12;21
"055013";"Ficulle";68;1;12;0;0;;;;13;0;6;0;0;;;;6;19
"055013";"Ficulle";69;1;10;0;1;;;;12;3;12;1;1;;;;17;29
"055013";"Ficulle";70;0;13;1;0;;;;14;0;8;0;1;;;;9;23
"055013";"Ficulle";71;1;7;0;2;;;;10;2;9;1;3;;;;15;25
"055013";"Ficulle";72;2;10;1;0;;;;13;0;10;0;2;;;;12;25
"055013";"Ficulle";73;2;9;0;0;;;;11;1;10;1;4;;;;16;27
"055013";"Ficulle";74;2;11;0;2;;;;15;0;8;0;4;;;;12;27
"055013";"Ficulle";75;1;3;0;0;;;;4;1;2;0;1;;;;4;8
"055013";"Ficulle";76;0;9;0;0;;;;9;0;5;0;0;;;;5;14
"055013";"Ficulle";77;0;8;0;1;;;;9;1;4;0;2;;;;7;16
"055013";"Ficulle";78;0;8;0;1;;;;9;0;5;0;1;;;;6;15
"055013";"Ficulle";79;0;5;0;4;;;;9;0;6;0;1;;;;7;16
"055013";"Ficulle";80;0;7;0;1;;;;8;0;4;0;3;;;;7;15
"055013";"Ficulle";81;2;9;0;0;;;;11;0;5;1;2;;;;8;19
"055013";"Ficulle";82;3;6;0;0;;;;9;0;3;0;8;;;;11;20
"055013";"Ficulle";83;1;5;0;1;;;;7;0;2;0;4;;;;6;13
"055013";"Ficulle";84;1;4;0;2;;;;7;2;3;0;7;;;;12;19
"055013";"Ficulle";85;0;4;0;1;;;;5;0;1;0;7;;;;8;13
"055013";"Ficulle";86;0;3;0;0;;;;3;0;0;0;3;;;;3;6
"055013";"Ficulle";87;0;4;0;2;;;;6;0;4;0;7;;;;11;17
"055013";"Ficulle";88;0;2;0;2;;;;4;0;1;0;7;;;;8;12
"055013";"Ficulle";89;0;3;0;0;;;;3;0;0;0;5;;;;5;8
"055013";"Ficulle";90;0;2;0;2;;;;4;0;0;0;3;;;;3;7
"055013";"Ficulle";91;0;3;0;0;;;;3;0;0;0;7;;;;7;10
"055013";"Ficulle";92;0;2;0;1;;;;3;0;0;0;4;;;;4;7
"055013";"Ficulle";93;0;2;0;0;;;;2;0;1;0;1;;;;2;4
"055013";"Ficulle";94;0;1;0;1;;;;2;1;0;0;2;;;;3;5
"055013";"Ficulle";95;0;0;0;0;;;;0;1;0;0;1;;;;2;2
"055013";"Ficulle";96;0;0;0;0;;;;0;0;0;0;1;;;;1;1
"055013";"Ficulle";97;0;0;0;0;;;;0;0;0;0;1;;;;1;1
"055013";"Ficulle";98;0;0;0;0;;;;0;0;0;0;2;;;;2;2
"055013";"Ficulle";99;0;0;0;0;;;;0;0;0;0;1;;;;1;1
"055013";"Ficulle";100;0;0;0;0;;;;0;0;0;0;0;;;;0;0
"055013";"Ficulle";999;332;403;23;26;;;;784;283;376;30;111;;;;800;1584
"055014";"Giove";0;4;0;0;0;;;;4;4;0;0;0;;;;4;8
"055014";"Giove";1;7;0;0;0;;;;7;2;0;0;0;;;;2;9
"055014";"Giove";2;5;0;0;0;;;;5;4;0;0;0;;;;4;9
"055014";"Giove";3;6;0;0;0;;;;6;1;0;0;0;;;;1;7
"055014";"Giove";4;8;0;0;0;;;;8;5;0;0;0;;;;5;13
"055014";"Giove";5;4;0;0;0;;;;4;5;0;0;0;;;;5;9
"055014";"Giove";6;5;0;0;0;;;;5;1;0;0;0;;;;1;6
"055014";"Giove";7;15;0;0;0;;;;15;5;0;0;0;;;;5;20
"055014";"Giove";8;11;0;0;0;;;;11;7;0;0;0;;;;7;18
"055014";"Giove";9;5;0;0;0;;;;5;11;0;0;0;;;;11;16
"055014";"Giove";10;8;0;0;0;;;;8;7;0;0;0;;;;7;15
"055014";"Giove";11;6;0;0;0;;;;6;11;0;0;0;;;;11;17
"055014";"Giove";12;3;0;0;0;;;;3;6;0;0;0;;;;6;9
"055014";"Giove";13;8;0;0;0;;;;8;10;0;0;0;;;;10;18
"055014";"Giove";14;10;0;0;0;;;;10;10;0;0;0;;;;10;20
"055014";"Giove";15;10;0;0;0;;;;10;14;0;0;0;;;;14;24
"055014";"Giove";16;5;0;0;0;;;;5;8;0;0;0;;;;8;13
"055014";"Giove";17;8;0;0;0;;;;8;5;0;0;0;;;;5;13
"055014";"Giove";18;10;0;0;0;;;;10;9;0;0;0;;;;9;19
"055014";"Giove";19;9;0;0;0;;;;9;8;0;0;0;;;;8;17
"055014";"Giove";20;11;0;0;0;;;;11;12;0;0;0;;;;12;23
"055014";"Giove";21;3;0;0;0;;;;3;11;0;0;0;;;;11;14
"055014";"Giove";22;8;0;0;0;;;;8;3;0;0;0;;;;3;11
"055014";"Giove";23;7;0;0;0;;;;7;10;0;0;0;;;;10;17
"055014";"Giove";24;7;0;0;0;;;;7;12;0;0;0;;;;12;19
"055014";"Giove";25;4;0;0;0;;;;4;4;0;0;0;;;;4;8
"055014";"Giove";26;4;0;0;0;;;;4;8;0;0;0;;;;8;12
"055014";"Giove";27;7;0;0;0;;;;7;2;0;0;0;;;;2;9
"055014";"Giove";28;7;0;0;0;;;;7;8;0;0;0;;;;8;15
"055014";"Giove";29;6;0;0;0;;;;6;7;1;0;0;;;;8;14
"055014";"Giove";30;9;1;0;0;;;;10;7;1;0;0;;;;8;18
"055014";"Giove";31;8;1;0;0;;;;9;4;1;0;0;;;;5;14
"055014";"Giove";32;9;0;0;0;;;;9;6;2;0;1;;;;9;18
"055014";"Giove";33;10;1;0;0;;;;11;5;1;0;0;;;;6;17
"055014";"Giove";34;6;2;0;0;;;;8;3;5;0;0;;;;8;16
"055014";"Giove";35;12;0;1;0;;;;13;8;1;0;0;;;;9;22
"055014";"Giove";36;5;2;0;0;;;;7;6;5;0;0;;;;11;18
"055014";"Giove";37;2;3;0;0;;;;5;6;5;0;0;;;;11;16
"055014";"Giove";38;3;8;0;0;;;;11;5;6;0;0;;;;11;22
"055014";"Giove";39;7;6;0;0;;;;13;3;5;0;0;;;;8;21
"055014";"Giove";40;7;3;0;0;;;;10;6;8;1;0;;;;15;25
"055014";"Giove";41;7;4;0;0;;;;11;5;5;0;0;;;;10;21
"055014";"Giove";42;7;6;0;0;;;;13;5;2;1;0;;;;8;21
"055014";"Giove";43;12;5;0;0;;;;17;5;7;1;0;;;;13;30
"055014";"Giove";44;9;5;0;0;;;;14;7;9;0;0;;;;16;30
"055014";"Giove";45;6;5;0;0;;;;11;1;10;0;0;;;;11;22
"055014";"Giove";46;10;6;1;0;;;;17;2;8;1;0;;;;11;28
"055014";"Giove";47;4;7;1;0;;;;12;4;13;0;0;;;;17;29
"055014";"Giove";48;5;9;0;0;;;;14;3;11;0;0;;;;14;28
"055014";"Giove";49;2;9;1;0;;;;12;5;20;1;0;;;;26;38
"055014";"Giove";50;7;11;1;0;;;;19;4;11;0;0;;;;15;34
"055014";"Giove";51;2;9;0;0;;;;11;2;11;0;2;;;;15;26
"055014";"Giove";52;4;16;1;0;;;;21;1;10;0;0;;;;11;32
"055014";"Giove";53;3;11;3;0;;;;17;3;8;1;1;;;;13;30
"055014";"Giove";54;4;14;1;0;;;;19;2;12;2;1;;;;17;36
"055014";"Giove";55;3;8;0;1;;;;12;0;13;0;1;;;;14;26
"055014";"Giove";56;4;10;0;0;;;;14;2;13;1;0;;;;16;30
"055014";"Giove";57;3;6;0;0;;;;9;1;16;1;1;;;;19;28
"055014";"Giove";58;3;8;1;0;;;;12;1;8;0;2;;;;11;23
"055014";"Giove";59;0;12;3;0;;;;15;2;5;0;1;;;;8;23
"055014";"Giove";60;1;10;1;0;;;;12;0;4;0;2;;;;6;18
"055014";"Giove";61;1;8;1;0;;;;10;1;14;2;1;;;;18;28
"055014";"Giove";62;4;5;1;0;;;;10;1;14;1;1;;;;17;27
"055014";"Giove";63;3;12;1;0;;;;16;1;12;1;2;;;;16;32
"055014";"Giove";64;2;13;1;0;;;;16;1;10;0;2;;;;13;29
"055014";"Giove";65;0;13;0;0;;;;13;2;14;4;0;;;;20;33
"055014";"Giove";66;1;13;1;0;;;;15;0;8;1;0;;;;9;24
"055014";"Giove";67;1;7;0;0;;;;8;1;11;0;5;;;;17;25
"055014";"Giove";68;0;13;1;0;;;;14;2;13;1;0;;;;16;30
"055014";"Giove";69;1;16;0;2;;;;19;1;11;2;1;;;;15;34
"055014";"Giove";70;0;10;0;0;;;;10;0;8;1;2;;;;11;21
"055014";"Giove";71;2;7;5;1;;;;15;2;6;0;4;;;;12;27
"055014";"Giove";72;3;7;0;0;;;;10;0;6;0;4;;;;10;20
"055014";"Giove";73;0;17;0;2;;;;19;0;6;2;4;;;;12;31
"055014";"Giove";74;1;11;2;0;;;;14;0;3;2;2;;;;7;21
"055014";"Giove";75;0;9;0;1;;;;10;1;11;0;3;;;;15;25
"055014";"Giove";76;0;9;0;1;;;;10;0;5;1;5;;;;11;21
"055014";"Giove";77;0;6;0;0;;;;6;1;10;0;3;;;;14;20
"055014";"Giove";78;0;7;0;0;;;;7;0;4;0;5;;;;9;16
"055014";"Giove";79;1;7;0;2;;;;10;0;4;0;5;;;;9;19
"055014";"Giove";80;0;6;0;2;;;;8;0;2;0;3;;;;5;13
"055014";"Giove";81;0;1;0;3;;;;4;0;8;0;9;;;;17;21
"055014";"Giove";82;0;3;1;0;;;;4;1;3;0;3;;;;7;11
"055014";"Giove";83;1;11;0;1;;;;13;1;5;0;5;;;;11;24
"055014";"Giove";84;1;6;0;1;;;;8;1;2;0;3;;;;6;14
"055014";"Giove";85;0;3;0;0;;;;3;1;5;0;11;;;;17;20
"055014";"Giove";86;1;3;0;0;;;;4;0;0;0;3;;;;3;7
"055014";"Giove";87;0;2;0;1;;;;3;0;1;0;4;;;;5;8
"055014";"Giove";88;1;2;0;1;;;;4;2;2;0;8;;;;12;16
"055014";"Giove";89;0;4;0;1;;;;5;0;1;0;2;;;;3;8
"055014";"Giove";90;0;4;0;1;;;;5;0;1;0;3;;;;4;9
"055014";"Giove";91;0;1;0;0;;;;1;0;0;0;6;;;;6;7
"055014";"Giove";92;0;1;0;0;;;;1;1;0;0;3;;;;4;5
"055014";"Giove";93;0;0;0;0;;;;0;0;1;0;1;;;;2;2
"055014";"Giove";94;0;0;0;1;;;;1;0;1;0;1;;;;2;3
"055014";"Giove";95;0;1;0;1;;;;2;1;0;0;2;;;;3;5
"055014";"Giove";96;0;1;0;0;;;;1;0;0;0;2;;;;2;3
"055014";"Giove";97;0;1;0;0;;;;1;1;0;0;1;;;;2;3
"055014";"Giove";98;0;0;0;0;;;;0;0;0;0;0;;;;0;0
"055014";"Giove";99;0;0;0;0;;;;0;0;0;0;1;;;;1;1
"055014";"Giove";100;0;0;0;0;;;;0;0;0;0;1;;;;1;1
"055014";"Giove";999;409;438;29;23;;;;899;347;439;28;133;;;;947;1846
"055015";"Guardea";0;10;0;0;0;;;;10;3;0;0;0;;;;3;13
"055015";"Guardea";1;6;0;0;0;;;;6;7;0;0;0;;;;7;13
"055015";"Guardea";2;7;0;0;0;;;;7;5;0;0;0;;;;5;12
"055015";"Guardea";3;4;0;0;0;;;;4;5;0;0;0;;;;5;9
"055015";"Guardea";4;3;0;0;0;;;;3;9;0;0;0;;;;9;12
"055015";"Guardea";5;8;0;0;0;;;;8;7;0;0;0;;;;7;15
"055015";"Guardea";6;7;0;0;0;;;;7;4;0;0;0;;;;4;11
"055015";"Guardea";7;5;0;0;0;;;;5;9;0;0;0;;;;9;14
"055015";"Guardea";8;4;0;0;0;;;;4;6;0;0;0;;;;6;10
"055015";"Guardea";9;9;0;0;0;;;;9;3;0;0;0;;;;3;12
"055015";"Guardea";10;8;0;0;0;;;;8;9;0;0;0;;;;9;17
"055015";"Guardea";11;6;0;0;0;;;;6;8;0;0;0;;;;8;14
"055015";"Guardea";12;7;0;0;0;;;;7;5;0;0;0;;;;5;12
"055015";"Guardea";13;9;0;0;0;;;;9;5;0;0;0;;;;5;14
"055015";"Guardea";14;3;0;0;0;;;;3;3;0;0;0;;;;3;6
"055015";"Guardea";15;12;0;0;0;;;;12;7;0;0;0;;;;7;19
"055015";"Guardea";16;12;0;0;0;;;;12;7;0;0;0;;;;7;19
"055015";"Guardea";17;12;0;0;0;;;;12;8;1;0;0;;;;9;21
"055015";"Guardea";18;8;0;0;0;;;;8;4;0;0;0;;;;4;12
"055015";"Guardea";19;8;0;0;0;;;;8;9;0;0;0;;;;9;17
"055015";"Guardea";20;9;0;0;0;;;;9;7;0;0;0;;;;7;16
"055015";"Guardea";21;3;0;0;0;;;;3;5;0;0;0;;;;5;8
"055015";"Guardea";22;5;0;0;0;;;;5;8;0;0;0;;;;8;13
"055015";"Guardea";23;8;0;0;0;;;;8;9;0;0;0;;;;9;17
"055015";"Guardea";24;16;0;0;0;;;;16;12;0;0;0;;;;12;28
"055015";"Guardea";25;7;0;0;0;;;;7;8;0;0;0;;;;8;15
"055015";"Guardea";26;5;0;0;0;;;;5;7;0;0;0;;;;7;12
"055015";"Guardea";27;9;0;0;0;;;;9;4;0;0;0;;;;4;13
"055015";"Guardea";28;4;0;0;0;;;;4;3;0;0;0;;;;3;7
"055015";"Guardea";29;10;1;0;0;;;;11;7;1;0;0;;;;8;19
"055015";"Guardea";30;6;0;0;0;;;;6;9;1;0;0;;;;10;16
"055015";"Guardea";31;7;2;0;0;;;;9;5;2;0;0;;;;7;16
"055015";"Guardea";32;5;1;0;0;;;;6;4;3;0;0;;;;7;13
"055015";"Guardea";33;1;2;0;0;;;;3;5;4;0;0;;;;9;12
"055015";"Guardea";34;7;1;0;0;;;;8;9;7;0;0;;;;16;24
"055015";"Guardea";35;3;2;0;0;;;;5;6;5;0;0;;;;11;16
"055015";"Guardea";36;7;3;0;0;;;;10;2;7;0;0;;;;9;19
"055015";"Guardea";37;6;5;0;0;;;;11;2;6;0;0;;;;8;19
"055015";"Guardea";38;8;8;0;0;;;;16;1;5;0;0;;;;6;22
"055015";"Guardea";39;9;5;0;0;;;;14;4;8;0;0;;;;12;26
"055015";"Guardea";40;4;8;0;0;;;;12;2;6;1;0;;;;9;21
"055015";"Guardea";41;4;5;0;0;;;;9;3;3;0;0;;;;6;15
"055015";"Guardea";42;7;7;0;0;;;;14;2;5;0;0;;;;7;21
"055015";"Guardea";43;5;9;0;0;;;;14;2;8;2;0;;;;12;26
"055015";"Guardea";44;4;3;0;0;;;;7;3;5;2;0;;;;10;17
"055015";"Guardea";45;6;12;0;0;;;;18;3;12;0;0;;;;15;33
"055015";"Guardea";46;3;2;0;0;;;;5;1;7;0;0;;;;8;13
"055015";"Guardea";47;2;5;0;0;;;;7;5;14;0;0;;;;19;26
"055015";"Guardea";48;4;8;0;0;;;;12;0;13;2;0;;;;15;27
"055015";"Guardea";49;2;10;0;0;;;;12;1;9;2;0;;;;12;24
"055015";"Guardea";50;2;10;0;0;;;;12;4;17;0;1;;;;22;34
"055015";"Guardea";51;3;5;3;0;;;;11;0;10;1;0;;;;11;22
"055015";"Guardea";52;2;10;0;1;;;;13;2;12;1;0;;;;15;28
"055015";"Guardea";53;4;10;1;0;;;;15;1;10;0;0;;;;11;26
"055015";"Guardea";54;5;16;2;0;;;;23;1;5;2;0;;;;8;31
"055015";"Guardea";55;2;10;0;0;;;;12;3;8;1;0;;;;12;24
"055015";"Guardea";56;1;13;2;0;;;;16;0;9;1;1;;;;11;27
"055015";"Guardea";57;4;9;1;0;;;;14;4;9;0;1;;;;14;28
"055015";"Guardea";58;4;16;0;0;;;;20;1;12;1;1;;;;15;35
"055015";"Guardea";59;1;13;0;0;;;;14;0;11;0;0;;;;11;25
"055015";"Guardea";60;3;11;1;1;;;;16;1;7;1;3;;;;12;28
"055015";"Guardea";61;1;5;0;0;;;;6;1;11;0;1;;;;13;19
"055015";"Guardea";62;1;11;3;0;;;;15;1;11;1;0;;;;13;28
"055015";"Guardea";63;3;10;1;0;;;;14;0;11;1;2;;;;14;28
"055015";"Guardea";64;1;6;0;0;;;;7;0;13;1;1;;;;15;22
"055015";"Guardea";65;2;10;2;0;;;;14;0;12;1;1;;;;14;28
"055015";"Guardea";66;0;10;0;1;;;;11;1;11;0;0;;;;12;23
"055015";"Guardea";67;1;9;0;1;;;;11;2;13;0;0;;;;15;26
"055015";"Guardea";68;3;12;0;0;;;;15;0;6;2;2;;;;10;25
"055015";"Guardea";69;0;9;0;0;;;;9;3;8;0;3;;;;14;23
"055015";"Guardea";70;1;15;0;0;;;;16;0;9;0;4;;;;13;29
"055015";"Guardea";71;0;14;0;2;;;;16;1;8;2;6;;;;17;33
"055015";"Guardea";72;0;4;1;2;;;;7;1;7;0;4;;;;12;19
"055015";"Guardea";73;2;9;0;0;;;;11;0;7;0;3;;;;10;21
"055015";"Guardea";74;2;6;1;0;;;;9;1;7;1;5;;;;14;23
"055015";"Guardea";75;0;7;0;1;;;;8;0;7;0;2;;;;9;17
"055015";"Guardea";76;0;7;0;1;;;;8;0;10;1;3;;;;14;22
"055015";"Guardea";77;0;9;0;0;;;;9;0;7;0;2;;;;9;18
"055015";"Guardea";78;0;7;1;2;;;;10;1;2;1;4;;;;8;18
"055015";"Guardea";79;2;7;0;0;;;;9;0;3;0;5;;;;8;17
"055015";"Guardea";80;1;4;0;0;;;;5;0;3;0;5;;;;8;13
"055015";"Guardea";81;1;12;0;2;;;;15;1;3;0;6;;;;10;25
"055015";"Guardea";82;1;3;0;1;;;;5;2;5;0;3;;;;10;15
"055015";"Guardea";83;0;2;0;2;;;;4;1;3;0;8;;;;12;16
"055015";"Guardea";84;0;3;0;0;;;;3;0;2;0;9;;;;11;14
"055015";"Guardea";85;0;3;0;0;;;;3;0;1;0;5;;;;6;9
"055015";"Guardea";86;0;3;1;2;;;;6;0;4;0;1;;;;5;11
"055015";"Guardea";87;0;2;0;2;;;;4;0;0;0;9;;;;9;13
"055015";"Guardea";88;0;3;0;6;;;;9;1;0;0;2;;;;3;12
"055015";"Guardea";89;0;2;0;1;;;;3;0;0;0;4;;;;4;7
"055015";"Guardea";90;0;1;0;0;;;;1;0;0;0;8;;;;8;9
"055015";"Guardea";91;0;1;0;0;;;;1;1;0;0;4;;;;5;6
"055015";"Guardea";92;0;0;0;2;;;;2;1;0;0;2;;;;3;5
"055015";"Guardea";93;0;0;0;2;;;;2;0;0;0;5;;;;5;7
"055015";"Guardea";94;0;0;0;2;;;;2;0;0;0;2;;;;2;4
"055015";"Guardea";95;0;1;0;1;;;;2;1;0;0;2;;;;3;5
"055015";"Guardea";96;0;0;0;0;;;;0;0;0;0;1;;;;1;1
"055015";"Guardea";97;0;1;0;0;;;;1;0;0;0;0;;;;0;1
"055015";"Guardea";98;0;0;0;0;;;;0;0;0;1;2;;;;3;3
"055015";"Guardea";99;0;0;0;0;;;;0;0;0;0;0;;;;0;0
"055015";"Guardea";100;0;0;0;0;;;;0;0;0;0;1;;;;1;1
"055015";"Guardea";999;377;430;20;35;;;;862;299;426;29;134;;;;888;1750
"055016";"Lugnano in Teverina";0;4;0;0;0;;;;4;5;0;0;0;;;;5;9
"055016";"Lugnano in Teverina";1;8;0;0;0;;;;8;2;0;0;0;;;;2;10
"055016";"Lugnano in Teverina";2;8;0;0;0;;;;8;2;0;0;0;;;;2;10
"055016";"Lugnano in Teverina";3;2;0;0;0;;;;2;4;0;0;0;;;;4;6
"055016";"Lugnano in Teverina";4;4;0;0;0;;;;4;1;0;0;0;;;;1;5
"055016";"Lugnano in Teverina";5;3;0;0;0;;;;3;4;0;0;0;;;;4;7
"055016";"Lugnano in Teverina";6;6;0;0;0;;;;6;2;0;0;0;;;;2;8
"055016";"Lugnano in Teverina";7;3;0;0;0;;;;3;7;0;0;0;;;;7;10
"055016";"Lugnano in Teverina";8;4;0;0;0;;;;4;5;0;0;0;;;;5;9
"055016";"Lugnano in Teverina";9;12;0;0;0;;;;12;4;0;0;0;;;;4;16
"055016";"Lugnano in Teverina";10;5;0;0;0;;;;5;3;0;0;0;;;;3;8
"055016";"Lugnano in Teverina";11;10;0;0;0;;;;10;5;0;0;0;;;;5;15
"055016";"Lugnano in Teverina";12;6;0;0;0;;;;6;3;0;0;0;;;;3;9
"055016";"Lugnano in Teverina";13;6;0;0;0;;;;6;3;0;0;0;;;;3;9
"055016";"Lugnano in Teverina";14;6;0;0;0;;;;6;8;0;0;0;;;;8;14
"055016";"Lugnano in Teverina";15;4;0;0;0;;;;4;11;0;0;0;;;;11;15
"055016";"Lugnano in Teverina";16;5;0;0;0;;;;5;5;0;0;0;;;;5;10
"055016";"Lugnano in Teverina";17;4;0;0;0;;;;4;9;0;0;0;;;;9;13
"055016";"Lugnano in Teverina";18;4;0;0;0;;;;4;2;0;0;0;;;;2;6
"055016";"Lugnano in Teverina";19;1;0;0;0;;;;1;4;0;0;0;;;;4;5
"055016";"Lugnano in Teverina";20;5;0;0;0;;;;5;2;0;0;0;;;;2;7
"055016";"Lugnano in Teverina";21;9;0;0;0;;;;9;8;0;0;0;;;;8;17
"055016";"Lugnano in Teverina";22;3;0;0;0;;;;3;3;0;0;0;;;;3;6
"055016";"Lugnano in Teverina";23;9;0;0;0;;;;9;5;0;0;0;;;;5;14
"055016";"Lugnano in Teverina";24;6;0;0;0;;;;6;6;1;0;0;;;;7;13
"055016";"Lugnano in Teverina";25;3;1;0;0;;;;4;4;0;0;0;;;;4;8
"055016";"Lugnano in Teverina";26;8;0;0;0;;;;8;10;0;0;0;;;;10;18
"055016";"Lugnano in Teverina";27;4;0;0;0;;;;4;2;2;0;0;;;;4;8
"055016";"Lugnano in Teverina";28;4;0;0;0;;;;4;2;0;0;0;;;;2;6
"055016";"Lugnano in Teverina";29;7;1;0;0;;;;8;5;1;0;0;;;;6;14
"055016";"Lugnano in Teverina";30;7;1;0;0;;;;8;4;1;0;0;;;;5;13
"055016";"Lugnano in Teverina";31;10;1;0;0;;;;11;3;1;0;0;;;;4;15
"055016";"Lugnano in Teverina";32;6;0;0;0;;;;6;6;6;0;0;;;;12;18
"055016";"Lugnano in Teverina";33;3;0;0;0;;;;3;3;5;0;0;;;;8;11
"055016";"Lugnano in Teverina";34;6;2;0;0;;;;8;6;1;0;0;;;;7;15
"055016";"Lugnano in Teverina";35;2;2;0;0;;;;4;4;2;0;0;;;;6;10
"055016";"Lugnano in Teverina";36;9;8;0;0;;;;17;6;2;0;0;;;;8;25
"055016";"Lugnano in Teverina";37;9;2;0;0;;;;11;5;0;0;0;;;;5;16
"055016";"Lugnano in Teverina";38;4;0;0;0;;;;4;3;5;1;0;;;;9;13
"055016";"Lugnano in Teverina";39;6;1;0;0;;;;7;3;6;0;0;;;;9;16
"055016";"Lugnano in Teverina";40;6;5;0;0;;;;11;1;6;0;0;;;;7;18
"055016";"Lugnano in Teverina";41;5;4;0;0;;;;9;3;3;0;0;;;;6;15
"055016";"Lugnano in Teverina";42;5;6;0;0;;;;11;4;6;0;1;;;;11;22
"055016";"Lugnano in Teverina";43;2;4;0;0;;;;6;5;6;0;0;;;;11;17
"055016";"Lugnano in Teverina";44;5;2;0;0;;;;7;3;5;1;0;;;;9;16
"055016";"Lugnano in Teverina";45;5;5;1;0;;;;11;3;8;0;1;;;;12;23
"055016";"Lugnano in Teverina";46;4;8;1;0;;;;13;2;6;1;0;;;;9;22
"055016";"Lugnano in Teverina";47;4;10;1;0;;;;15;3;10;0;0;;;;13;28
"055016";"Lugnano in Teverina";48;1;7;0;0;;;;8;2;2;0;0;;;;4;12
"055016";"Lugnano in Teverina";49;2;3;0;0;;;;5;3;7;1;0;;;;11;16
"055016";"Lugnano in Teverina";50;1;8;1;0;;;;10;2;4;0;1;;;;7;17
"055016";"Lugnano in Teverina";51;4;7;0;0;;;;11;1;5;0;0;;;;6;17
"055016";"Lugnano in Teverina";52;1;6;0;0;;;;7;2;8;0;0;;;;10;17
"055016";"Lugnano in Teverina";53;2;4;0;0;;;;6;2;7;1;0;;;;10;16
"055016";"Lugnano in Teverina";54;3;6;1;0;;;;10;1;9;2;0;;;;12;22
"055016";"Lugnano in Teverina";55;4;6;0;1;;;;11;2;8;0;1;;;;11;22
"055016";"Lugnano in Teverina";56;2;8;2;0;;;;12;3;4;3;0;;;;10;22
"055016";"Lugnano in Teverina";57;6;5;0;1;;;;12;1;12;0;0;;;;13;25
"055016";"Lugnano in Teverina";58;3;6;0;0;;;;9;0;8;0;0;;;;8;17
"055016";"Lugnano in Teverina";59;3;16;1;0;;;;20;1;3;1;3;;;;8;28
"055016";"Lugnano in Teverina";60;2;5;1;0;;;;8;1;8;2;0;;;;11;19
"055016";"Lugnano in Teverina";61;2;7;0;2;;;;11;0;6;1;1;;;;8;19
"055016";"Lugnano in Teverina";62;0;8;1;1;;;;10;1;12;0;3;;;;16;26
"055016";"Lugnano in Teverina";63;1;7;0;0;;;;8;1;11;0;1;;;;13;21
"055016";"Lugnano in Teverina";64;1;10;0;0;;;;11;0;13;0;2;;;;15;26
"055016";"Lugnano in Teverina";65;3;11;1;1;;;;16;0;10;2;0;;;;12;28
"055016";"Lugnano in Teverina";66;3;8;0;0;;;;11;0;10;0;2;;;;12;23
"055016";"Lugnano in Teverina";67;2;12;0;0;;;;14;1;10;0;0;;;;11;25
"055016";"Lugnano in Teverina";68;0;6;1;0;;;;7;1;10;0;6;;;;17;24
"055016";"Lugnano in Teverina";69;1;9;0;1;;;;11;0;13;1;1;;;;15;26
"055016";"Lugnano in Teverina";70;1;13;0;0;;;;14;0;6;0;0;;;;6;20
"055016";"Lugnano in Teverina";71;0;10;0;0;;;;10;1;5;0;3;;;;9;19
"055016";"Lugnano in Teverina";72;1;11;2;1;;;;15;1;5;0;0;;;;6;21
"055016";"Lugnano in Teverina";73;1;8;0;0;;;;9;1;7;0;1;;;;9;18
"055016";"Lugnano in Teverina";74;1;9;0;1;;;;11;0;11;1;2;;;;14;25
"055016";"Lugnano in Teverina";75;1;9;0;0;;;;10;0;7;1;1;;;;9;19
"055016";"Lugnano in Teverina";76;1;11;1;2;;;;15;1;6;0;4;;;;11;26
"055016";"Lugnano in Teverina";77;0;8;0;1;;;;9;0;6;0;3;;;;9;18
"055016";"Lugnano in Teverina";78;1;9;0;1;;;;11;1;4;0;2;;;;7;18
"055016";"Lugnano in Teverina";79;0;3;0;0;;;;3;1;6;0;1;;;;8;11
"055016";"Lugnano in Teverina";80;1;5;0;0;;;;6;0;4;0;8;;;;12;18
"055016";"Lugnano in Teverina";81;2;5;0;4;;;;11;0;5;0;3;;;;8;19
"055016";"Lugnano in Teverina";82;1;5;0;0;;;;6;1;5;0;3;;;;9;15
"055016";"Lugnano in Teverina";83;0;8;0;0;;;;8;0;0;0;7;;;;7;15
"055016";"Lugnano in Teverina";84;1;3;0;0;;;;4;0;3;0;5;;;;8;12
"055016";"Lugnano in Teverina";85;0;6;0;0;;;;6;0;2;0;5;;;;7;13
"055016";"Lugnano in Teverina";86;0;1;0;3;;;;4;1;1;0;3;;;;5;9
"055016";"Lugnano in Teverina";87;1;4;0;1;;;;6;0;1;0;4;;;;5;11
"055016";"Lugnano in Teverina";88;1;3;0;1;;;;5;0;0;0;3;;;;3;8
"055016";"Lugnano in Teverina";89;0;1;0;1;;;;2;0;0;0;1;;;;1;3
"055016";"Lugnano in Teverina";90;0;0;0;1;;;;1;0;0;0;5;;;;5;6
"055016";"Lugnano in Teverina";91;0;2;0;0;;;;2;0;1;0;4;;;;5;7
"055016";"Lugnano in Teverina";92;0;0;0;1;;;;1;0;1;0;2;;;;3;4
"055016";"Lugnano in Teverina";93;0;0;0;1;;;;1;0;1;0;1;;;;2;3
"055016";"Lugnano in Teverina";94;0;2;0;0;;;;2;0;0;0;1;;;;1;3
"055016";"Lugnano in Teverina";95;0;0;0;0;;;;0;0;0;1;1;;;;2;2
"055016";"Lugnano in Teverina";96;0;1;0;0;;;;1;0;0;0;0;;;;0;1
"055016";"Lugnano in Teverina";97;0;0;0;0;;;;0;0;0;0;0;;;;0;0
"055016";"Lugnano in Teverina";98;0;0;0;0;;;;0;0;0;0;1;;;;1;1
"055016";"Lugnano in Teverina";99;0;0;0;0;;;;0;0;0;0;0;;;;0;0
"055016";"Lugnano in Teverina";100;0;0;0;0;;;;0;0;0;0;0;;;;0;0
"055016";"Lugnano in Teverina";999;322;365;15;26;;;;728;236;350;20;97;;;;703;1431
"055017";"Montecastrilli";0;10;0;0;0;;;;10;10;0;0;0;;;;10;20
"055017";"Montecastrilli";1;12;0;0;0;;;;12;15;0;0;0;;;;15;27
"055017";"Montecastrilli";2;14;0;0;0;;;;14;17;0;0;0;;;;17;31
"055017";"Montecastrilli";3;11;0;0;0;;;;11;18;0;0;0;;;;18;29
"055017";"Montecastrilli";4;15;0;0;0;;;;15;18;0;0;0;;;;18;33
"055017";"Montecastrilli";5;25;0;0;0;;;;25;17;0;0;0;;;;17;42
"055017";"Montecastrilli";6;16;0;0;0;;;;16;18;0;0;0;;;;18;34
"055017";"Montecastrilli";7;15;0;0;0;;;;15;19;0;0;0;;;;19;34
"055017";"Montecastrilli";8;13;0;0;0;;;;13;23;0;0;0;;;;23;36
"055017";"Montecastrilli";9;27;0;0;0;;;;27;26;0;0;0;;;;26;53
"055017";"Montecastrilli";10;30;0;0;0;;;;30;29;0;0;0;;;;29;59
"055017";"Montecastrilli";11;22;0;0;0;;;;22;31;0;0;0;;;;31;53
"055017";"Montecastrilli";12;20;0;0;0;;;;20;21;0;0;0;;;;21;41
"055017";"Montecastrilli";13;26;0;0;0;;;;26;25;0;0;0;;;;25;51
"055017";"Montecastrilli";14;27;0;0;0;;;;27;19;0;0;0;;;;19;46
"055017";"Montecastrilli";15;27;0;0;0;;;;27;21;0;0;0;;;;21;48
"055017";"Montecastrilli";16;26;0;0;0;;;;26;20;0;0;0;;;;20;46
"055017";"Montecastrilli";17;19;0;0;0;;;;19;28;0;0;0;;;;28;47
"055017";"Montecastrilli";18;23;0;0;0;;;;23;21;0;0;0;;;;21;44
"055017";"Montecastrilli";19;19;0;0;0;;;;19;14;0;0;0;;;;14;33
"055017";"Montecastrilli";20;20;0;0;0;;;;20;20;0;0;0;;;;20;40
"055017";"Montecastrilli";21;22;0;0;0;;;;22;24;0;0;0;;;;24;46
"055017";"Montecastrilli";22;22;0;0;0;;;;22;22;1;0;0;;;;23;45
"055017";"Montecastrilli";23;13;0;0;0;;;;13;23;1;0;0;;;;24;37
"055017";"Montecastrilli";24;21;0;0;0;;;;21;18;2;0;0;;;;20;41
"055017";"Montecastrilli";25;22;0;0;0;;;;22;9;2;0;0;;;;11;33
"055017";"Montecastrilli";26;27;2;0;0;;;;29;17;1;0;0;;;;18;47
"055017";"Montecastrilli";27;19;2;0;0;;;;21;14;4;0;0;;;;18;39
"055017";"Montecastrilli";28;14;2;0;0;;;;16;24;3;0;0;;;;27;43
"055017";"Montecastrilli";29;24;2;0;0;;;;26;14;6;0;0;;;;20;46
"055017";"Montecastrilli";30;23;2;0;0;;;;25;16;7;1;0;;;;24;49
"055017";"Montecastrilli";31;26;3;0;0;;;;29;14;9;0;0;;;;23;52
"055017";"Montecastrilli";32;20;0;0;0;;;;20;21;3;1;0;;;;25;45
"055017";"Montecastrilli";33;18;11;0;0;;;;29;12;8;1;0;;;;21;50
"055017";"Montecastrilli";34;22;6;0;0;;;;28;11;13;0;0;;;;24;52
"055017";"Montecastrilli";35;20;2;1;0;;;;23;10;9;0;0;;;;19;42
"055017";"Montecastrilli";36;18;9;0;0;;;;27;10;21;0;0;;;;31;58
"055017";"Montecastrilli";37;10;13;0;0;;;;23;6;12;1;0;;;;19;42
"055017";"Montecastrilli";38;18;16;0;0;;;;34;9;16;2;0;;;;27;61
"055017";"Montecastrilli";39;14;18;0;0;;;;32;6;11;1;0;;;;18;50
"055017";"Montecastrilli";40;12;15;1;0;;;;28;5;20;2;2;;;;29;57
"055017";"Montecastrilli";41;9;18;0;0;;;;27;12;14;1;0;;;;27;54
"055017";"Montecastrilli";42;8;13;0;0;;;;21;5;19;1;0;;;;25;46
"055017";"Montecastrilli";43;9;24;0;0;;;;33;8;23;2;0;;;;33;66
"055017";"Montecastrilli";44;13;22;1;0;;;;36;5;29;4;0;;;;38;74
"055017";"Montecastrilli";45;9;20;2;0;;;;31;4;28;0;0;;;;32;63
"055017";"Montecastrilli";46;8;19;2;0;;;;29;9;25;4;0;;;;38;67
"055017";"Montecastrilli";47;4;34;0;1;;;;39;7;21;1;1;;;;30;69
"055017";"Montecastrilli";48;8;28;2;0;;;;38;2;22;0;0;;;;24;62
"055017";"Montecastrilli";49;8;26;4;0;;;;38;2;29;1;0;;;;32;70
"055017";"Montecastrilli";50;5;32;1;0;;;;38;4;33;3;1;;;;41;79
"055017";"Montecastrilli";51;3;33;0;1;;;;37;5;33;3;2;;;;43;80
"055017";"Montecastrilli";52;11;28;3;1;;;;43;2;40;1;1;;;;44;87
"055017";"Montecastrilli";53;10;27;3;0;;;;40;6;36;2;1;;;;45;85
"055017";"Montecastrilli";54;11;32;1;0;;;;44;5;32;3;2;;;;42;86
"055017";"Montecastrilli";55;5;22;2;0;;;;29;9;33;4;1;;;;47;76
"055017";"Montecastrilli";56;2;37;2;0;;;;41;2;47;3;2;;;;54;95
"055017";"Montecastrilli";57;2;30;3;1;;;;36;4;27;1;0;;;;32;68
"055017";"Montecastrilli";58;3;26;5;1;;;;35;2;32;2;2;;;;38;73
"055017";"Montecastrilli";59;3;30;1;0;;;;34;4;30;3;5;;;;42;76
"055017";"Montecastrilli";60;5;34;3;1;;;;43;2;37;5;3;;;;47;90
"055017";"Montecastrilli";61;3;25;0;1;;;;29;1;29;4;3;;;;37;66
"055017";"Montecastrilli";62;1;33;1;2;;;;37;3;30;2;3;;;;38;75
"055017";"Montecastrilli";63;3;35;2;0;;;;40;4;32;1;4;;;;41;81
"055017";"Montecastrilli";64;3;19;1;1;;;;24;1;26;3;3;;;;33;57
"055017";"Montecastrilli";65;2;25;2;0;;;;29;2;22;3;3;;;;30;59
"055017";"Montecastrilli";66;3;33;1;0;;;;37;0;29;2;5;;;;36;73
"055017";"Montecastrilli";67;1;30;1;0;;;;32;1;20;1;8;;;;30;62
"055017";"Montecastrilli";68;2;29;0;1;;;;32;3;20;3;5;;;;31;63
"055017";"Montecastrilli";69;4;25;3;0;;;;32;1;26;2;5;;;;34;66
"055017";"Montecastrilli";70;1;28;0;0;;;;29;1;15;0;1;;;;17;46
"055017";"Montecastrilli";71;1;22;0;4;;;;27;2;26;1;8;;;;37;64
"055017";"Montecastrilli";72;2;18;2;1;;;;23;1;19;0;9;;;;29;52
"055017";"Montecastrilli";73;3;31;0;0;;;;34;2;18;2;8;;;;30;64
"055017";"Montecastrilli";74;5;23;2;1;;;;31;1;23;0;6;;;;30;61
"055017";"Montecastrilli";75;1;22;0;1;;;;24;0;25;1;6;;;;32;56
"055017";"Montecastrilli";76;4;19;2;2;;;;27;1;15;0;9;;;;25;52
"055017";"Montecastrilli";77;1;25;0;5;;;;31;2;14;1;10;;;;27;58
"055017";"Montecastrilli";78;2;18;0;2;;;;22;4;13;2;8;;;;27;49
"055017";"Montecastrilli";79;2;21;0;2;;;;25;3;19;0;10;;;;32;57
"055017";"Montecastrilli";80;2;18;0;0;;;;20;1;11;0;7;;;;19;39
"055017";"Montecastrilli";81;2;15;0;4;;;;21;4;9;1;12;;;;26;47
"055017";"Montecastrilli";82;3;13;0;3;;;;19;3;9;0;11;;;;23;42
"055017";"Montecastrilli";83;0;17;0;1;;;;18;0;7;0;11;;;;18;36
"055017";"Montecastrilli";84;0;12;0;4;;;;16;1;10;0;13;;;;24;40
"055017";"Montecastrilli";85;2;3;0;5;;;;10;0;1;0;11;;;;12;22
"055017";"Montecastrilli";86;0;9;1;2;;;;12;0;4;0;12;;;;16;28
"055017";"Montecastrilli";87;0;12;0;5;;;;17;0;1;0;17;;;;18;35
"055017";"Montecastrilli";88;1;6;0;1;;;;8;0;2;0;16;;;;18;26
"055017";"Montecastrilli";89;0;7;0;5;;;;12;0;0;0;9;;;;9;21
"055017";"Montecastrilli";90;0;6;0;1;;;;7;0;3;0;7;;;;10;17
"055017";"Montecastrilli";91;0;4;0;3;;;;7;0;1;0;9;;;;10;17
"055017";"Montecastrilli";92;0;1;0;4;;;;5;0;1;0;4;;;;5;10
"055017";"Montecastrilli";93;0;0;0;0;;;;0;0;0;0;8;;;;8;8
"055017";"Montecastrilli";94;0;0;0;0;;;;0;0;0;0;3;;;;3;3
"055017";"Montecastrilli";95;0;1;0;0;;;;1;1;0;0;4;;;;5;6
"055017";"Montecastrilli";96;0;0;0;0;;;;0;0;0;0;2;;;;2;2
"055017";"Montecastrilli";97;0;0;0;0;;;;0;0;0;0;2;;;;2;2
"055017";"Montecastrilli";98;0;0;0;0;;;;0;0;0;0;5;;;;5;5
"055017";"Montecastrilli";99;0;0;0;1;;;;1;0;0;0;1;;;;1;2
"055017";"Montecastrilli";100;0;0;0;0;;;;0;0;0;0;3;;;;3;3
"055017";"Montecastrilli";999;992;1243;55;68;;;;2358;857;1219;82;304;;;;2462;4820
"055018";"Montecchio";0;2;0;0;0;;;;2;4;0;0;0;;;;4;6
"055018";"Montecchio";1;1;0;0;0;;;;1;4;0;0;0;;;;4;5
"055018";"Montecchio";2;8;0;0;0;;;;8;1;0;0;0;;;;1;9
"055018";"Montecchio";3;3;0;0;0;;;;3;2;0;0;0;;;;2;5
"055018";"Montecchio";4;5;0;0;0;;;;5;6;0;0;0;;;;6;11
"055018";"Montecchio";5;7;0;0;0;;;;7;2;0;0;0;;;;2;9
"055018";"Montecchio";6;1;0;0;0;;;;1;6;0;0;0;;;;6;7
"055018";"Montecchio";7;5;0;0;0;;;;5;5;0;0;0;;;;5;10
"055018";"Montecchio";8;3;0;0;0;;;;3;10;0;0;0;;;;10;13
"055018";"Montecchio";9;4;0;0;0;;;;4;2;0;0;0;;;;2;6
"055018";"Montecchio";10;3;0;0;0;;;;3;3;0;0;0;;;;3;6
"055018";"Montecchio";11;6;0;0;0;;;;6;3;0;0;0;;;;3;9
"055018";"Montecchio";12;3;0;0;0;;;;3;3;0;0;0;;;;3;6
"055018";"Montecchio";13;5;0;0;0;;;;5;4;0;0;0;;;;4;9
"055018";"Montecchio";14;2;0;0;0;;;;2;3;0;0;0;;;;3;5
"055018";"Montecchio";15;3;0;0;0;;;;3;4;0;0;0;;;;4;7
"055018";"Montecchio";16;7;0;0;0;;;;7;5;0;0;0;;;;5;12
"055018";"Montecchio";17;6;0;0;0;;;;6;6;0;0;0;;;;6;12
"055018";"Montecchio";18;6;0;0;0;;;;6;6;0;0;0;;;;6;12
"055018";"Montecchio";19;8;0;0;0;;;;8;2;0;0;0;;;;2;10
"055018";"Montecchio";20;5;0;0;0;;;;5;6;0;0;0;;;;6;11
"055018";"Montecchio";21;6;0;0;0;;;;6;7;0;0;0;;;;7;13
"055018";"Montecchio";22;9;0;0;0;;;;9;8;0;0;0;;;;8;17
"055018";"Montecchio";23;8;0;0;0;;;;8;4;0;0;0;;;;4;12
"055018";"Montecchio";24;13;0;0;0;;;;13;7;0;0;0;;;;7;20
"055018";"Montecchio";25;7;0;0;0;;;;7;5;0;0;0;;;;5;12
"055018";"Montecchio";26;11;0;0;0;;;;11;8;2;0;0;;;;10;21
"055018";"Montecchio";27;8;1;0;0;;;;9;8;1;0;0;;;;9;18
"055018";"Montecchio";28;8;3;0;0;;;;11;6;2;0;0;;;;8;19
"055018";"Montecchio";29;3;1;0;0;;;;4;7;6;0;0;;;;13;17
"055018";"Montecchio";30;5;1;0;0;;;;6;4;3;0;0;;;;7;13
"055018";"Montecchio";31;7;3;0;0;;;;10;6;0;0;0;;;;6;16
"055018";"Montecchio";32;2;2;0;0;;;;4;4;1;0;0;;;;5;9
"055018";"Montecchio";33;12;3;0;0;;;;15;4;1;1;0;;;;6;21
"055018";"Montecchio";34;4;0;0;0;;;;4;5;3;0;0;;;;8;12
"055018";"Montecchio";35;2;0;0;0;;;;2;1;1;0;0;;;;2;4
"055018";"Montecchio";36;2;1;0;0;;;;3;2;4;0;0;;;;6;9
"055018";"Montecchio";37;6;2;1;0;;;;9;1;3;0;0;;;;4;13
"055018";"Montecchio";38;3;2;0;0;;;;5;4;2;0;0;;;;6;11
"055018";"Montecchio";39;4;4;0;0;;;;8;5;5;0;0;;;;10;18
"055018";"Montecchio";40;3;4;0;0;;;;7;1;2;0;0;;;;3;10
"055018";"Montecchio";41;6;4;1;0;;;;11;3;2;0;0;;;;5;16
"055018";"Montecchio";42;1;2;1;0;;;;4;3;6;0;0;;;;9;13
"055018";"Montecchio";43;6;3;0;0;;;;9;4;6;0;0;;;;10;19
"055018";"Montecchio";44;7;8;1;0;;;;16;2;7;2;2;;;;13;29
"055018";"Montecchio";45;3;7;1;0;;;;11;2;6;0;0;;;;8;19
"055018";"Montecchio";46;3;4;0;0;;;;7;10;9;0;0;;;;19;26
"055018";"Montecchio";47;8;2;0;0;;;;10;1;0;0;0;;;;1;11
"055018";"Montecchio";48;9;9;0;0;;;;18;0;13;1;0;;;;14;32
"055018";"Montecchio";49;2;5;0;0;;;;7;0;8;1;0;;;;9;16
"055018";"Montecchio";50;3;9;1;0;;;;13;2;3;0;0;;;;5;18
"055018";"Montecchio";51;7;7;1;0;;;;15;1;12;1;0;;;;14;29
"055018";"Montecchio";52;1;11;0;0;;;;12;1;10;1;0;;;;12;24
"055018";"Montecchio";53;5;9;1;0;;;;15;2;6;4;0;;;;12;27
"055018";"Montecchio";54;3;14;1;1;;;;19;0;11;1;0;;;;12;31
"055018";"Montecchio";55;5;11;1;0;;;;17;1;13;1;1;;;;16;33
"055018";"Montecchio";56;2;17;0;0;;;;19;2;14;2;0;;;;18;37
"055018";"Montecchio";57;2;9;1;0;;;;12;6;8;0;3;;;;17;29
"055018";"Montecchio";58;2;9;2;0;;;;13;2;14;1;0;;;;17;30
"055018";"Montecchio";59;2;14;2;0;;;;18;3;15;1;0;;;;19;37
"055018";"Montecchio";60;0;8;1;0;;;;9;1;11;0;1;;;;13;22
"055018";"Montecchio";61;2;13;0;0;;;;15;1;10;0;2;;;;13;28
"055018";"Montecchio";62;2;8;0;1;;;;11;2;7;1;1;;;;11;22
"055018";"Montecchio";63;2;12;1;0;;;;15;2;5;1;3;;;;11;26
"055018";"Montecchio";64;3;7;0;0;;;;10;2;1;1;0;;;;4;14
"055018";"Montecchio";65;3;6;0;1;;;;10;1;13;0;0;;;;14;24
"055018";"Montecchio";66;3;7;0;1;;;;11;0;7;2;0;;;;9;20
"055018";"Montecchio";67;1;14;0;1;;;;16;1;8;0;6;;;;15;31
"055018";"Montecchio";68;1;7;1;0;;;;9;0;3;0;3;;;;6;15
"055018";"Montecchio";69;0;7;0;1;;;;8;0;5;0;1;;;;6;14
"055018";"Montecchio";70;1;8;0;0;;;;9;1;12;1;4;;;;18;27
"055018";"Montecchio";71;0;10;1;1;;;;12;1;9;0;1;;;;11;23
"055018";"Montecchio";72;1;5;2;0;;;;8;0;6;0;2;;;;8;16
"055018";"Montecchio";73;0;8;1;0;;;;9;2;13;0;3;;;;18;27
"055018";"Montecchio";74;0;6;2;0;;;;8;0;11;0;5;;;;16;24
"055018";"Montecchio";75;1;17;0;0;;;;18;0;7;0;4;;;;11;29
"055018";"Montecchio";76;0;6;0;1;;;;7;1;7;1;5;;;;14;21
"055018";"Montecchio";77;0;8;0;0;;;;8;1;7;0;0;;;;8;16
"055018";"Montecchio";78;1;12;0;2;;;;15;0;2;0;0;;;;2;17
"055018";"Montecchio";79;2;7;1;1;;;;11;1;2;0;4;;;;7;18
"055018";"Montecchio";80;0;7;0;2;;;;9;0;1;0;6;;;;7;16
"055018";"Montecchio";81;0;5;0;1;;;;6;0;3;1;6;;;;10;16
"055018";"Montecchio";82;1;6;1;0;;;;8;1;3;1;8;;;;13;21
"055018";"Montecchio";83;2;5;1;1;;;;9;1;1;0;6;;;;8;17
"055018";"Montecchio";84;0;1;0;2;;;;3;1;5;0;5;;;;11;14
"055018";"Montecchio";85;1;3;0;2;;;;6;1;2;0;5;;;;8;14
"055018";"Montecchio";86;1;4;1;0;;;;6;2;1;0;11;;;;14;20
"055018";"Montecchio";87;0;3;0;2;;;;5;0;1;0;6;;;;7;12
"055018";"Montecchio";88;0;1;1;3;;;;5;0;0;0;6;;;;6;11
"055018";"Montecchio";89;0;0;0;2;;;;2;0;1;0;2;;;;3;5
"055018";"Montecchio";90;0;2;0;1;;;;3;0;0;0;4;;;;4;7
"055018";"Montecchio";91;0;0;0;1;;;;1;0;0;0;7;;;;7;8
"055018";"Montecchio";92;1;1;0;1;;;;3;0;0;0;4;;;;4;7
"055018";"Montecchio";93;0;1;0;0;;;;1;0;0;0;1;;;;1;2
"055018";"Montecchio";94;0;0;0;2;;;;2;0;0;0;2;;;;2;4
"055018";"Montecchio";95;0;0;0;1;;;;1;1;0;0;1;;;;2;3
"055018";"Montecchio";96;0;1;0;0;;;;1;0;0;0;0;;;;0;1
"055018";"Montecchio";97;0;0;0;0;;;;0;1;0;0;1;;;;2;2
"055018";"Montecchio";98;0;0;0;0;;;;0;0;0;0;0;;;;0;0
"055018";"Montecchio";99;0;0;0;0;;;;0;0;0;0;1;;;;1;1
"055018";"Montecchio";100;0;0;0;0;;;;0;0;0;0;3;;;;3;3
"055018";"Montecchio";999;322;397;29;32;;;;780;254;363;26;136;;;;779;1559
"055019";"Montefranco";0;3;0;0;0;;;;3;6;0;0;0;;;;6;9
"055019";"Montefranco";1;7;0;0;0;;;;7;0;0;0;0;;;;0;7
"055019";"Montefranco";2;4;0;0;0;;;;4;4;0;0;0;;;;4;8
"055019";"Montefranco";3;5;0;0;0;;;;5;4;0;0;0;;;;4;9
"055019";"Montefranco";4;5;0;0;0;;;;5;6;0;0;0;;;;6;11
"055019";"Montefranco";5;6;0;0;0;;;;6;4;0;0;0;;;;4;10
"055019";"Montefranco";6;2;0;0;0;;;;2;4;0;0;0;;;;4;6
"055019";"Montefranco";7;8;0;0;0;;;;8;4;0;0;0;;;;4;12
"055019";"Montefranco";8;5;0;0;0;;;;5;5;0;0;0;;;;5;10
"055019";"Montefranco";9;3;0;0;0;;;;3;9;0;0;0;;;;9;12
"055019";"Montefranco";10;10;0;0;0;;;;10;9;0;0;0;;;;9;19
"055019";"Montefranco";11;5;0;0;0;;;;5;5;0;0;0;;;;5;10
"055019";"Montefranco";12;6;0;0;0;;;;6;3;0;0;0;;;;3;9
"055019";"Montefranco";13;6;0;0;0;;;;6;4;0;0;0;;;;4;10
"055019";"Montefranco";14;7;0;0;0;;;;7;9;0;0;0;;;;9;16
"055019";"Montefranco";15;10;0;0;0;;;;10;5;0;0;0;;;;5;15
"055019";"Montefranco";16;4;0;0;0;;;;4;7;0;0;0;;;;7;11
"055019";"Montefranco";17;7;0;0;0;;;;7;4;0;0;0;;;;4;11
"055019";"Montefranco";18;8;0;0;0;;;;8;5;0;0;0;;;;5;13
"055019";"Montefranco";19;4;0;0;0;;;;4;7;0;0;0;;;;7;11
"055019";"Montefranco";20;10;0;0;0;;;;10;5;0;0;0;;;;5;15
"055019";"Montefranco";21;4;0;0;0;;;;4;6;0;0;0;;;;6;10
"055019";"Montefranco";22;6;0;0;0;;;;6;0;0;0;0;;;;0;6
"055019";"Montefranco";23;4;0;0;0;;;;4;3;0;0;0;;;;3;7
"055019";"Montefranco";24;5;0;0;0;;;;5;4;0;0;0;;;;4;9
"055019";"Montefranco";25;5;0;0;0;;;;5;6;0;0;0;;;;6;11
"055019";"Montefranco";26;7;0;0;0;;;;7;3;0;0;0;;;;3;10
"055019";"Montefranco";27;3;0;0;0;;;;3;6;1;0;0;;;;7;10
"055019";"Montefranco";28;4;0;0;0;;;;4;6;0;0;0;;;;6;10
"055019";"Montefranco";29;4;0;0;0;;;;4;5;1;0;0;;;;6;10
"055019";"Montefranco";30;4;0;0;0;;;;4;4;4;0;0;;;;8;12
"055019";"Montefranco";31;5;2;0;0;;;;7;1;3;0;0;;;;4;11
"055019";"Montefranco";32;5;2;0;0;;;;7;0;0;0;0;;;;0;7
"055019";"Montefranco";33;5;2;0;0;;;;7;3;2;0;0;;;;5;12
"055019";"Montefranco";34;6;1;0;0;;;;7;2;6;0;0;;;;8;15
"055019";"Montefranco";35;3;0;0;0;;;;3;5;2;0;0;;;;7;10
"055019";"Montefranco";36;6;2;0;0;;;;8;7;3;0;0;;;;10;18
"055019";"Montefranco";37;8;2;0;0;;;;10;4;2;0;0;;;;6;16
"055019";"Montefranco";38;3;4;0;0;;;;7;5;5;0;0;;;;10;17
"055019";"Montefranco";39;1;5;0;0;;;;6;5;3;0;0;;;;8;14
"055019";"Montefranco";40;5;8;0;0;;;;13;2;8;2;0;;;;12;25
"055019";"Montefranco";41;6;2;1;0;;;;9;5;3;0;0;;;;8;17
"055019";"Montefranco";42;4;3;0;0;;;;7;2;8;0;0;;;;10;17
"055019";"Montefranco";43;6;3;2;0;;;;11;1;10;0;0;;;;11;22
"055019";"Montefranco";44;1;3;0;0;;;;4;2;10;0;0;;;;12;16
"055019";"Montefranco";45;3;10;2;0;;;;15;3;4;0;0;;;;7;22
"055019";"Montefranco";46;4;12;1;0;;;;17;2;4;1;0;;;;7;24
"055019";"Montefranco";47;3;8;0;0;;;;11;1;13;1;0;;;;15;26
"055019";"Montefranco";48;2;7;0;0;;;;9;4;8;1;0;;;;13;22
"055019";"Montefranco";49;0;7;1;0;;;;8;2;7;0;0;;;;9;17
"055019";"Montefranco";50;6;6;1;0;;;;13;0;11;0;0;;;;11;24
"055019";"Montefranco";51;1;11;1;0;;;;13;0;4;1;0;;;;5;18
"055019";"Montefranco";52;2;11;2;0;;;;15;0;4;0;0;;;;4;19
"055019";"Montefranco";53;0;6;0;0;;;;6;2;6;0;0;;;;8;14
"055019";"Montefranco";54;2;5;0;0;;;;7;0;3;0;0;;;;3;10
"055019";"Montefranco";55;2;9;0;0;;;;11;0;6;1;1;;;;8;19
"055019";"Montefranco";56;1;5;1;0;;;;7;1;4;1;1;;;;7;14
"055019";"Montefranco";57;1;7;1;1;;;;10;1;8;0;0;;;;9;19
"055019";"Montefranco";58;2;8;0;0;;;;10;0;11;1;0;;;;12;22
"055019";"Montefranco";59;0;4;3;0;;;;7;0;9;1;1;;;;11;18
"055019";"Montefranco";60;1;4;1;0;;;;6;1;10;0;1;;;;12;18
"055019";"Montefranco";61;0;7;1;1;;;;9;0;6;2;0;;;;8;17
"055019";"Montefranco";62;0;5;2;0;;;;7;0;7;0;0;;;;7;14
"055019";"Montefranco";63;0;12;0;0;;;;12;0;6;1;3;;;;10;22
"055019";"Montefranco";64;0;9;0;0;;;;9;0;10;0;0;;;;10;19
"055019";"Montefranco";65;1;8;0;0;;;;9;0;5;1;2;;;;8;17
"055019";"Montefranco";66;1;2;0;1;;;;4;1;8;1;1;;;;11;15
"055019";"Montefranco";67;0;6;0;1;;;;7;0;7;1;1;;;;9;16
"055019";"Montefranco";68;0;7;0;0;;;;7;0;7;2;1;;;;10;17
"055019";"Montefranco";69;0;8;0;0;;;;8;0;8;0;3;;;;11;19
"055019";"Montefranco";70;2;11;0;1;;;;14;0;7;0;1;;;;8;22
"055019";"Montefranco";71;2;7;1;0;;;;10;0;6;0;1;;;;7;17
"055019";"Montefranco";72;0;1;0;0;;;;1;0;4;0;3;;;;7;8
"055019";"Montefranco";73;0;6;0;1;;;;7;1;4;0;5;;;;10;17
"055019";"Montefranco";74;0;12;0;2;;;;14;0;7;0;1;;;;8;22
"055019";"Montefranco";75;0;7;0;1;;;;8;0;5;0;7;;;;12;20
"055019";"Montefranco";76;0;5;1;2;;;;8;1;2;0;1;;;;4;12
"055019";"Montefranco";77;0;1;1;1;;;;3;1;1;0;3;;;;5;8
"055019";"Montefranco";78;0;6;0;1;;;;7;0;3;0;3;;;;6;13
"055019";"Montefranco";79;0;5;0;0;;;;5;0;5;1;2;;;;8;13
"055019";"Montefranco";80;0;1;0;1;;;;2;0;0;0;6;;;;6;8
"055019";"Montefranco";81;2;3;0;1;;;;6;1;3;0;1;;;;5;11
"055019";"Montefranco";82;0;4;0;1;;;;5;0;3;0;4;;;;7;12
"055019";"Montefranco";83;1;2;0;1;;;;4;0;2;1;3;;;;6;10
"055019";"Montefranco";84;0;3;0;0;;;;3;0;3;1;5;;;;9;12
"055019";"Montefranco";85;0;0;0;1;;;;1;0;1;0;5;;;;6;7
"055019";"Montefranco";86;0;2;0;0;;;;2;0;1;0;6;;;;7;9
"055019";"Montefranco";87;0;3;0;2;;;;5;0;0;0;0;;;;0;5
"055019";"Montefranco";88;0;0;0;1;;;;1;0;0;0;2;;;;2;3
"055019";"Montefranco";89;0;0;0;2;;;;2;0;0;0;4;;;;4;6
"055019";"Montefranco";90;0;2;0;1;;;;3;0;0;0;3;;;;3;6
"055019";"Montefranco";91;0;0;0;0;;;;0;0;0;0;2;;;;2;2
"055019";"Montefranco";92;0;1;0;0;;;;1;0;1;0;1;;;;2;3
"055019";"Montefranco";93;0;1;0;0;;;;1;0;0;0;1;;;;1;2
"055019";"Montefranco";94;0;0;0;0;;;;0;1;0;0;3;;;;4;4
"055019";"Montefranco";95;0;0;0;1;;;;1;0;0;0;0;;;;0;1
"055019";"Montefranco";96;0;0;0;0;;;;0;0;0;0;1;;;;1;1
"055019";"Montefranco";97;0;0;0;0;;;;0;0;0;0;0;;;;0;0
"055019";"Montefranco";98;0;0;0;0;;;;0;0;0;0;0;;;;0;0
"055019";"Montefranco";99;0;0;0;0;;;;0;0;0;0;1;;;;1;1
"055019";"Montefranco";100;0;0;0;0;;;;0;0;0;0;0;;;;0;0
"055019";"Montefranco";999;274;306;23;25;;;;628;219;305;21;90;;;;635;1263
"055020";"Montegabbione";0;6;0;0;0;;;;6;1;0;0;0;;;;1;7
"055020";"Montegabbione";1;1;0;0;0;;;;1;5;0;0;0;;;;5;6
"055020";"Montegabbione";2;1;0;0;0;;;;1;2;0;0;0;;;;2;3
"055020";"Montegabbione";3;1;0;0;0;;;;1;1;0;0;0;;;;1;2
"055020";"Montegabbione";4;1;0;0;0;;;;1;2;0;0;0;;;;2;3
"055020";"Montegabbione";5;5;0;0;0;;;;5;1;0;0;0;;;;1;6
"055020";"Montegabbione";6;4;0;0;0;;;;4;1;0;0;0;;;;1;5
"055020";"Montegabbione";7;6;0;0;0;;;;6;6;0;0;0;;;;6;12
"055020";"Montegabbione";8;2;0;0;0;;;;2;7;0;0;0;;;;7;9
"055020";"Montegabbione";9;8;0;0;0;;;;8;5;0;0;0;;;;5;13
"055020";"Montegabbione";10;4;0;0;0;;;;4;7;0;0;0;;;;7;11
"055020";"Montegabbione";11;1;0;0;0;;;;1;8;0;0;0;;;;8;9
"055020";"Montegabbione";12;0;0;0;0;;;;0;5;0;0;0;;;;5;5
"055020";"Montegabbione";13;5;0;0;0;;;;5;6;0;0;0;;;;6;11
"055020";"Montegabbione";14;6;0;0;0;;;;6;6;0;0;0;;;;6;12
"055020";"Montegabbione";15;6;0;0;0;;;;6;3;0;0;0;;;;3;9
"055020";"Montegabbione";16;4;0;0;0;;;;4;0;0;0;0;;;;0;4
"055020";"Montegabbione";17;3;0;0;0;;;;3;8;0;0;0;;;;8;11
"055020";"Montegabbione";18;1;0;0;0;;;;1;2;0;0;0;;;;2;3
"055020";"Montegabbione";19;6;0;0;0;;;;6;7;0;0;0;;;;7;13
"055020";"Montegabbione";20;2;0;0;0;;;;2;2;0;0;0;;;;2;4
"055020";"Montegabbione";21;7;0;0;0;;;;7;4;0;0;0;;;;4;11
"055020";"Montegabbione";22;3;0;0;0;;;;3;4;0;0;0;;;;4;7
"055020";"Montegabbione";23;7;0;0;0;;;;7;5;1;0;0;;;;6;13
"055020";"Montegabbione";24;4;0;0;0;;;;4;3;0;0;0;;;;3;7
"055020";"Montegabbione";25;5;0;0;0;;;;5;3;1;0;0;;;;4;9
"055020";"Montegabbione";26;1;0;0;0;;;;1;4;1;0;0;;;;5;6
"055020";"Montegabbione";27;7;0;0;0;;;;7;1;1;0;0;;;;2;9
"055020";"Montegabbione";28;5;0;0;0;;;;5;2;2;0;0;;;;4;9
"055020";"Montegabbione";29;1;0;0;0;;;;1;2;0;0;0;;;;2;3
"055020";"Montegabbione";30;5;0;0;0;;;;5;4;1;0;0;;;;5;10
"055020";"Montegabbione";31;3;0;0;0;;;;3;4;0;0;0;;;;4;7
"055020";"Montegabbione";32;1;1;0;0;;;;2;5;2;1;0;;;;8;10
"055020";"Montegabbione";33;2;1;0;0;;;;3;2;3;0;0;;;;5;8
"055020";"Montegabbione";34;3;1;0;0;;;;4;1;4;0;0;;;;5;9
"055020";"Montegabbione";35;5;1;0;0;;;;6;2;3;0;0;;;;5;11
"055020";"Montegabbione";36;5;2;0;0;;;;7;1;4;0;0;;;;5;12
"055020";"Montegabbione";37;2;2;0;0;;;;4;3;7;0;0;;;;10;14
"055020";"Montegabbione";38;5;4;0;0;;;;9;5;2;0;0;;;;7;16
"055020";"Montegabbione";39;2;2;0;0;;;;4;2;3;0;0;;;;5;9
"055020";"Montegabbione";40;3;4;0;0;;;;7;3;3;0;0;;;;6;13
"055020";"Montegabbione";41;5;4;1;0;;;;10;3;4;0;0;;;;7;17
"055020";"Montegabbione";42;0;3;0;0;;;;3;0;0;0;0;;;;0;3
"055020";"Montegabbione";43;3;7;0;0;;;;10;1;7;0;0;;;;8;18
"055020";"Montegabbione";44;4;6;0;0;;;;10;2;4;0;0;;;;6;16
"055020";"Montegabbione";45;2;5;0;0;;;;7;1;3;0;0;;;;4;11
"055020";"Montegabbione";46;2;8;0;0;;;;10;0;7;0;0;;;;7;17
"055020";"Montegabbione";47;4;3;0;0;;;;7;1;6;0;0;;;;7;14
"055020";"Montegabbione";48;4;2;0;0;;;;6;4;4;0;0;;;;8;14
"055020";"Montegabbione";49;3;3;0;0;;;;6;1;4;0;0;;;;5;11
"055020";"Montegabbione";50;3;8;0;0;;;;11;1;4;2;0;;;;7;18
"055020";"Montegabbione";51;3;4;1;0;;;;8;0;2;0;0;;;;2;10
"055020";"Montegabbione";52;1;7;0;0;;;;8;1;8;0;0;;;;9;17
"055020";"Montegabbione";53;4;5;0;0;;;;9;0;9;0;0;;;;9;18
"055020";"Montegabbione";54;2;9;1;0;;;;12;0;7;0;0;;;;7;19
"055020";"Montegabbione";55;2;6;0;0;;;;8;2;6;0;0;;;;8;16
"055020";"Montegabbione";56;1;3;0;0;;;;4;1;8;0;0;;;;9;13
"055020";"Montegabbione";57;1;2;0;0;;;;3;2;6;0;0;;;;8;11
"055020";"Montegabbione";58;2;8;0;0;;;;10;1;4;1;0;;;;6;16
"055020";"Montegabbione";59;1;10;0;0;;;;11;1;6;1;1;;;;9;20
"055020";"Montegabbione";60;3;4;1;0;;;;8;1;8;0;1;;;;10;18
"055020";"Montegabbione";61;0;9;0;0;;;;9;4;4;1;1;;;;10;19
"055020";"Montegabbione";62;2;6;0;0;;;;8;1;5;1;0;;;;7;15
"055020";"Montegabbione";63;1;4;0;0;;;;5;0;8;0;1;;;;9;14
"055020";"Montegabbione";64;3;1;1;1;;;;6;0;8;0;2;;;;10;16
"055020";"Montegabbione";65;0;6;1;0;;;;7;0;6;0;2;;;;8;15
"055020";"Montegabbione";66;2;4;0;0;;;;6;1;6;0;0;;;;7;13
"055020";"Montegabbione";67;1;12;1;0;;;;14;1;9;1;1;;;;12;26
"055020";"Montegabbione";68;1;7;1;0;;;;9;2;3;1;2;;;;8;17
"055020";"Montegabbione";69;0;8;0;0;;;;8;1;3;1;1;;;;6;14
"055020";"Montegabbione";70;4;5;1;0;;;;10;1;10;0;0;;;;11;21
"055020";"Montegabbione";71;0;7;0;0;;;;7;1;7;1;1;;;;10;17
"055020";"Montegabbione";72;3;6;0;1;;;;10;1;10;1;1;;;;13;23
"055020";"Montegabbione";73;0;9;0;0;;;;9;1;5;0;0;;;;6;15
"055020";"Montegabbione";74;1;5;0;0;;;;6;0;9;0;2;;;;11;17
"055020";"Montegabbione";75;2;7;0;0;;;;9;1;2;0;1;;;;4;13
"055020";"Montegabbione";76;0;5;0;0;;;;5;0;4;0;1;;;;5;10
"055020";"Montegabbione";77;0;8;0;1;;;;9;2;4;1;3;;;;10;19
"055020";"Montegabbione";78;2;4;0;0;;;;6;0;5;0;6;;;;11;17
"055020";"Montegabbione";79;1;6;0;0;;;;7;0;7;0;3;;;;10;17
"055020";"Montegabbione";80;1;4;0;1;;;;6;1;2;0;3;;;;6;12
"055020";"Montegabbione";81;0;7;0;0;;;;7;0;3;0;5;;;;8;15
"055020";"Montegabbione";82;0;6;0;0;;;;6;0;4;0;4;;;;8;14
"055020";"Montegabbione";83;4;3;0;1;;;;8;1;5;0;3;;;;9;17
"055020";"Montegabbione";84;0;6;0;0;;;;6;1;1;0;2;;;;4;10
"055020";"Montegabbione";85;1;1;0;0;;;;2;1;0;0;4;;;;5;7
"055020";"Montegabbione";86;1;2;0;6;;;;9;0;2;0;3;;;;5;14
"055020";"Montegabbione";87;3;6;0;0;;;;9;0;1;0;7;;;;8;17
"055020";"Montegabbione";88;0;4;0;0;;;;4;1;1;0;4;;;;6;10
"055020";"Montegabbione";89;1;2;0;0;;;;3;0;1;0;5;;;;6;9
"055020";"Montegabbione";90;0;2;0;1;;;;3;0;0;0;3;;;;3;6
"055020";"Montegabbione";91;0;0;0;0;;;;0;0;0;0;2;;;;2;2
"055020";"Montegabbione";92;0;3;0;3;;;;6;0;0;0;4;;;;4;10
"055020";"Montegabbione";93;0;1;0;1;;;;2;0;0;0;3;;;;3;5
"055020";"Montegabbione";94;0;0;0;1;;;;1;0;0;0;1;;;;1;2
"055020";"Montegabbione";95;0;0;0;0;;;;0;0;0;0;1;;;;1;1
"055020";"Montegabbione";96;0;0;0;1;;;;1;0;0;0;1;;;;1;2
"055020";"Montegabbione";97;0;0;0;0;;;;0;0;0;0;0;;;;0;0
"055020";"Montegabbione";98;0;0;0;0;;;;0;0;0;0;1;;;;1;1
"055020";"Montegabbione";99;0;0;0;0;;;;0;0;0;0;0;;;;0;0
"055020";"Montegabbione";100;0;0;0;0;;;;0;0;0;0;0;;;;0;0
"055020";"Montegabbione";999;233;291;9;18;;;;551;190;280;13;86;;;;569;1120
"055021";"Monteleone d'Orvieto";0;8;0;0;0;;;;8;4;0;0;0;;;;4;12
"055021";"Monteleone d'Orvieto";1;4;0;0;0;;;;4;2;0;0;0;;;;2;6
"055021";"Monteleone d'Orvieto";2;6;0;0;0;;;;6;4;0;0;0;;;;4;10
"055021";"Monteleone d'Orvieto";3;4;0;0;0;;;;4;3;0;0;0;;;;3;7
"055021";"Monteleone d'Orvieto";4;2;0;0;0;;;;2;2;0;0;0;;;;2;4
"055021";"Monteleone d'Orvieto";5;5;0;0;0;;;;5;3;0;0;0;;;;3;8
"055021";"Monteleone d'Orvieto";6;4;0;0;0;;;;4;6;0;0;0;;;;6;10
"055021";"Monteleone d'Orvieto";7;6;0;0;0;;;;6;7;0;0;0;;;;7;13
"055021";"Monteleone d'Orvieto";8;1;0;0;0;;;;1;4;0;0;0;;;;4;5
"055021";"Monteleone d'Orvieto";9;3;0;0;0;;;;3;7;0;0;0;;;;7;10
"055021";"Monteleone d'Orvieto";10;5;0;0;0;;;;5;5;0;0;0;;;;5;10
"055021";"Monteleone d'Orvieto";11;3;0;0;0;;;;3;8;0;0;0;;;;8;11
"055021";"Monteleone d'Orvieto";12;2;0;0;0;;;;2;4;0;0;0;;;;4;6
"055021";"Monteleone d'Orvieto";13;5;0;0;0;;;;5;4;0;0;0;;;;4;9
"055021";"Monteleone d'Orvieto";14;4;0;0;0;;;;4;11;0;0;0;;;;11;15
"055021";"Monteleone d'Orvieto";15;10;0;0;0;;;;10;5;0;0;0;;;;5;15
"055021";"Monteleone d'Orvieto";16;3;0;0;0;;;;3;6;0;0;0;;;;6;9
"055021";"Monteleone d'Orvieto";17;5;0;0;0;;;;5;7;0;0;0;;;;7;12
"055021";"Monteleone d'Orvieto";18;7;0;0;0;;;;7;5;0;0;0;;;;5;12
"055021";"Monteleone d'Orvieto";19;5;0;0;0;;;;5;4;0;0;0;;;;4;9
"055021";"Monteleone d'Orvieto";20;3;0;0;0;;;;3;5;0;0;0;;;;5;8
"055021";"Monteleone d'Orvieto";21;2;0;0;0;;;;2;5;0;0;0;;;;5;7
"055021";"Monteleone d'Orvieto";22;6;0;0;0;;;;6;5;0;0;0;;;;5;11
"055021";"Monteleone d'Orvieto";23;6;0;0;0;;;;6;6;0;0;0;;;;6;12
"055021";"Monteleone d'Orvieto";24;5;0;0;0;;;;5;3;0;0;0;;;;3;8
"055021";"Monteleone d'Orvieto";25;4;0;0;0;;;;4;6;0;0;0;;;;6;10
"055021";"Monteleone d'Orvieto";26;7;0;0;0;;;;7;4;0;0;0;;;;4;11
"055021";"Monteleone d'Orvieto";27;5;0;0;0;;;;5;9;0;0;0;;;;9;14
"055021";"Monteleone d'Orvieto";28;2;1;0;0;;;;3;4;1;0;0;;;;5;8
"055021";"Monteleone d'Orvieto";29;9;1;0;0;;;;10;3;2;0;0;;;;5;15
"055021";"Monteleone d'Orvieto";30;5;1;0;0;;;;6;6;2;0;0;;;;8;14
"055021";"Monteleone d'Orvieto";31;1;2;0;0;;;;3;5;1;0;0;;;;6;9
"055021";"Monteleone d'Orvieto";32;6;0;0;0;;;;6;6;0;0;0;;;;6;12
"055021";"Monteleone d'Orvieto";33;7;2;0;0;;;;9;5;3;0;0;;;;8;17
"055021";"Monteleone d'Orvieto";34;5;0;0;0;;;;5;3;4;0;0;;;;7;12
"055021";"Monteleone d'Orvieto";35;4;2;0;0;;;;6;6;5;0;0;;;;11;17
"055021";"Monteleone d'Orvieto";36;4;3;1;0;;;;8;6;1;1;0;;;;8;16
"055021";"Monteleone d'Orvieto";37;3;4;0;0;;;;7;2;8;0;0;;;;10;17
"055021";"Monteleone d'Orvieto";38;8;3;0;0;;;;11;6;5;0;1;;;;12;23
"055021";"Monteleone d'Orvieto";39;3;4;0;0;;;;7;4;2;0;0;;;;6;13
"055021";"Monteleone d'Orvieto";40;4;2;0;0;;;;6;1;3;0;0;;;;4;10
"055021";"Monteleone d'Orvieto";41;2;5;0;0;;;;7;2;3;0;0;;;;5;12
"055021";"Monteleone d'Orvieto";42;4;2;0;0;;;;6;2;2;1;0;;;;5;11
"055021";"Monteleone d'Orvieto";43;4;3;0;0;;;;7;4;3;1;0;;;;8;15
"055021";"Monteleone d'Orvieto";44;4;3;0;0;;;;7;5;6;3;0;;;;14;21
"055021";"Monteleone d'Orvieto";45;1;6;1;0;;;;8;1;4;0;0;;;;5;13
"055021";"Monteleone d'Orvieto";46;8;11;2;0;;;;21;4;6;1;0;;;;11;32
"055021";"Monteleone d'Orvieto";47;2;3;0;0;;;;5;4;9;0;0;;;;13;18
"055021";"Monteleone d'Orvieto";48;2;4;0;0;;;;6;3;10;1;0;;;;14;20
"055021";"Monteleone d'Orvieto";49;4;7;1;0;;;;12;2;3;1;0;;;;6;18
"055021";"Monteleone d'Orvieto";50;0;8;1;0;;;;9;2;14;2;0;;;;18;27
"055021";"Monteleone d'Orvieto";51;4;5;1;0;;;;10;2;8;0;0;;;;10;20
"055021";"Monteleone d'Orvieto";52;2;9;0;0;;;;11;1;3;1;1;;;;6;17
"055021";"Monteleone d'Orvieto";53;0;4;0;0;;;;4;0;3;2;2;;;;7;11
"055021";"Monteleone d'Orvieto";54;1;8;2;0;;;;11;2;9;0;1;;;;12;23
"055021";"Monteleone d'Orvieto";55;1;7;3;0;;;;11;1;6;0;0;;;;7;18
"055021";"Monteleone d'Orvieto";56;4;8;0;0;;;;12;1;8;1;1;;;;11;23
"055021";"Monteleone d'Orvieto";57;0;6;1;0;;;;7;0;9;0;0;;;;9;16
"055021";"Monteleone d'Orvieto";58;0;11;0;0;;;;11;1;9;1;0;;;;11;22
"055021";"Monteleone d'Orvieto";59;3;5;0;1;;;;9;2;8;1;0;;;;11;20
"055021";"Monteleone d'Orvieto";60;3;11;0;0;;;;14;2;6;2;1;;;;11;25
"055021";"Monteleone d'Orvieto";61;2;9;1;0;;;;12;0;9;1;1;;;;11;23
"055021";"Monteleone d'Orvieto";62;0;6;2;0;;;;8;2;9;0;1;;;;12;20
"055021";"Monteleone d'Orvieto";63;1;6;1;0;;;;8;0;10;1;1;;;;12;20
"055021";"Monteleone d'Orvieto";64;0;8;1;0;;;;9;3;7;0;1;;;;11;20
"055021";"Monteleone d'Orvieto";65;2;7;0;0;;;;9;0;8;0;1;;;;9;18
"055021";"Monteleone d'Orvieto";66;2;6;0;1;;;;9;0;5;1;1;;;;7;16
"055021";"Monteleone d'Orvieto";67;3;7;0;0;;;;10;0;13;0;1;;;;14;24
"055021";"Monteleone d'Orvieto";68;1;13;0;0;;;;14;0;11;1;0;;;;12;26
"055021";"Monteleone d'Orvieto";69;3;5;0;0;;;;8;2;12;0;1;;;;15;23
"055021";"Monteleone d'Orvieto";70;1;11;0;0;;;;12;0;4;0;2;;;;6;18
"055021";"Monteleone d'Orvieto";71;0;9;1;1;;;;11;1;4;0;4;;;;9;20
"055021";"Monteleone d'Orvieto";72;1;11;0;0;;;;12;2;12;0;2;;;;16;28
"055021";"Monteleone d'Orvieto";73;1;11;0;0;;;;12;1;7;0;2;;;;10;22
"055021";"Monteleone d'Orvieto";74;1;13;0;1;;;;15;1;5;0;3;;;;9;24
"055021";"Monteleone d'Orvieto";75;1;4;0;0;;;;5;0;5;0;3;;;;8;13
"055021";"Monteleone d'Orvieto";76;1;8;0;0;;;;9;0;6;0;3;;;;9;18
"055021";"Monteleone d'Orvieto";77;0;4;0;0;;;;4;0;3;1;6;;;;10;14
"055021";"Monteleone d'Orvieto";78;0;7;0;0;;;;7;0;2;0;2;;;;4;11
"055021";"Monteleone d'Orvieto";79;1;4;0;0;;;;5;0;2;0;8;;;;10;15
"055021";"Monteleone d'Orvieto";80;0;4;0;0;;;;4;0;2;0;0;;;;2;6
"055021";"Monteleone d'Orvieto";81;0;9;0;2;;;;11;1;3;0;7;;;;11;22
"055021";"Monteleone d'Orvieto";82;0;3;0;2;;;;5;0;4;0;3;;;;7;12
"055021";"Monteleone d'Orvieto";83;0;2;0;0;;;;2;0;5;0;7;;;;12;14
"055021";"Monteleone d'Orvieto";84;0;3;0;1;;;;4;0;5;1;9;;;;15;19
"055021";"Monteleone d'Orvieto";85;0;4;0;3;;;;7;0;1;0;6;;;;7;14
"055021";"Monteleone d'Orvieto";86;0;1;0;1;;;;2;0;3;0;4;;;;7;9
"055021";"Monteleone d'Orvieto";87;0;7;0;0;;;;7;0;1;0;2;;;;3;10
"055021";"Monteleone d'Orvieto";88;0;1;0;2;;;;3;0;0;0;9;;;;9;12
"055021";"Monteleone d'Orvieto";89;0;1;0;0;;;;1;0;0;0;2;;;;2;3
"055021";"Monteleone d'Orvieto";90;0;2;0;1;;;;3;0;0;0;2;;;;2;5
"055021";"Monteleone d'Orvieto";91;0;1;0;1;;;;2;2;2;0;6;;;;10;12
"055021";"Monteleone d'Orvieto";92;0;1;0;0;;;;1;0;0;0;2;;;;2;3
"055021";"Monteleone d'Orvieto";93;0;0;0;3;;;;3;0;0;0;3;;;;3;6
"055021";"Monteleone d'Orvieto";94;0;1;0;0;;;;1;0;0;0;0;;;;0;1
"055021";"Monteleone d'Orvieto";95;0;0;0;0;;;;0;0;0;0;0;;;;0;0
"055021";"Monteleone d'Orvieto";96;0;1;0;0;;;;1;0;0;0;1;;;;1;2
"055021";"Monteleone d'Orvieto";97;0;1;0;0;;;;1;0;0;0;0;;;;0;1
"055021";"Monteleone d'Orvieto";98;0;0;0;1;;;;1;0;0;0;1;;;;1;2
"055021";"Monteleone d'Orvieto";99;0;0;0;0;;;;0;0;0;0;1;;;;1;1
"055021";"Monteleone d'Orvieto";100;0;0;0;2;;;;2;0;0;0;1;;;;1;3
"055021";"Monteleone d'Orvieto";999;261;342;19;23;;;;645;257;326;25;116;;;;724;1369
"055022";"Narni";0;40;0;0;0;;;;40;51;0;0;0;;;;51;91
"055022";"Narni";1;58;0;0;0;;;;58;48;0;0;0;;;;48;106
"055022";"Narni";2;55;0;0;0;;;;55;46;0;0;0;;;;46;101
"055022";"Narni";3;60;0;0;0;;;;60;51;0;0;0;;;;51;111
"055022";"Narni";4;57;0;0;0;;;;57;56;0;0;0;;;;56;113
"055022";"Narni";5;59;0;0;0;;;;59;36;0;0;0;;;;36;95
"055022";"Narni";6;70;0;0;0;;;;70;51;0;0;0;;;;51;121
"055022";"Narni";7;65;0;0;0;;;;65;53;0;0;0;;;;53;118
"055022";"Narni";8;85;0;0;0;;;;85;64;0;0;0;;;;64;149
"055022";"Narni";9;59;0;0;0;;;;59;74;0;0;0;;;;74;133
"055022";"Narni";10;75;0;0;0;;;;75;69;0;0;0;;;;69;144
"055022";"Narni";11;72;0;0;0;;;;72;75;0;0;0;;;;75;147
"055022";"Narni";12;65;0;0;0;;;;65;51;0;0;0;;;;51;116
"055022";"Narni";13;82;0;0;0;;;;82;82;0;0;0;;;;82;164
"055022";"Narni";14;83;0;0;0;;;;83;93;0;0;0;;;;93;176
"055022";"Narni";15;94;0;0;0;;;;94;79;0;0;0;;;;79;173
"055022";"Narni";16;76;0;0;0;;;;76;69;0;0;0;;;;69;145
"055022";"Narni";17;92;0;0;0;;;;92;89;0;0;0;;;;89;181
"055022";"Narni";18;69;0;0;0;;;;69;74;0;0;0;;;;74;143
"055022";"Narni";19;82;0;0;0;;;;82;92;0;0;0;;;;92;174
"055022";"Narni";20;76;0;0;0;;;;76;83;0;0;0;;;;83;159
"055022";"Narni";21;82;0;0;0;;;;82;69;1;0;0;;;;70;152
"055022";"Narni";22;97;0;0;0;;;;97;82;2;0;0;;;;84;181
"055022";"Narni";23;112;0;0;0;;;;112;88;3;0;0;;;;91;203
"055022";"Narni";24;91;2;0;0;;;;93;69;5;0;0;;;;74;167
"055022";"Narni";25;71;1;0;0;;;;72;79;7;0;0;;;;86;158
"055022";"Narni";26;81;1;0;0;;;;82;63;3;0;0;;;;66;148
"055022";"Narni";27;73;7;0;0;;;;80;71;13;1;0;;;;85;165
"055022";"Narni";28;74;3;0;0;;;;77;71;11;0;0;;;;82;159
"055022";"Narni";29;68;3;0;0;;;;71;64;12;0;0;;;;76;147
"055022";"Narni";30;82;8;0;0;;;;90;56;12;0;1;;;;69;159
"055022";"Narni";31;76;8;1;0;;;;85;56;20;1;0;;;;77;162
"055022";"Narni";32;63;17;0;0;;;;80;47;27;0;0;;;;74;154
"055022";"Narni";33;55;16;0;0;;;;71;47;23;2;0;;;;72;143
"055022";"Narni";34;54;21;0;0;;;;75;54;26;0;0;;;;80;155
"055022";"Narni";35;58;27;0;0;;;;85;53;28;5;0;;;;86;171
"055022";"Narni";36;69;32;0;0;;;;101;40;44;2;0;;;;86;187
"055022";"Narni";37;58;29;0;0;;;;87;51;31;5;0;;;;87;174
"055022";"Narni";38;70;24;1;0;;;;95;36;48;3;0;;;;87;182
"055022";"Narni";39;56;52;3;0;;;;111;46;59;2;0;;;;107;218
"055022";"Narni";40;57;45;2;0;;;;104;27;60;4;1;;;;92;196
"055022";"Narni";41;47;43;2;0;;;;92;35;58;2;0;;;;95;187
"055022";"Narni";42;48;49;2;0;;;;99;44;73;3;1;;;;121;220
"055022";"Narni";43;47;51;3;0;;;;101;37;69;2;2;;;;110;211
"055022";"Narni";44;48;60;2;0;;;;110;37;82;5;0;;;;124;234
"055022";"Narni";45;49;57;3;0;;;;109;38;61;7;1;;;;107;216
"055022";"Narni";46;30;87;4;0;;;;121;27;105;7;2;;;;141;262
"055022";"Narni";47;37;84;6;0;;;;127;30;102;16;1;;;;149;276
"055022";"Narni";48;37;81;9;3;;;;130;33;94;12;1;;;;140;270
"055022";"Narni";49;36;94;9;1;;;;140;20;110;16;5;;;;151;291
"055022";"Narni";50;42;100;8;1;;;;151;26;108;15;3;;;;152;303
"055022";"Narni";51;34;85;9;0;;;;128;28;110;9;2;;;;149;277
"055022";"Narni";52;38;107;14;1;;;;160;16;125;8;6;;;;155;315
"055022";"Narni";53;23;106;7;1;;;;137;24;124;15;4;;;;167;304
"055022";"Narni";54;36;115;9;2;;;;162;23;108;11;5;;;;147;309
"055022";"Narni";55;25;98;13;2;;;;138;17;92;12;4;;;;125;263
"055022";"Narni";56;35;111;14;1;;;;161;17;127;15;8;;;;167;328
"055022";"Narni";57;23;106;12;4;;;;145;12;122;14;7;;;;155;300
"055022";"Narni";58;22;120;13;1;;;;156;13;103;11;8;;;;135;291
"055022";"Narni";59;19;121;4;4;;;;148;12;118;12;6;;;;148;296
"055022";"Narni";60;16;104;4;4;;;;128;20;130;5;11;;;;166;294
"055022";"Narni";61;17;99;6;3;;;;125;13;116;12;10;;;;151;276
"055022";"Narni";62;10;114;7;1;;;;132;8;99;4;13;;;;124;256
"055022";"Narni";63;13;98;7;4;;;;122;9;114;7;16;;;;146;268
"055022";"Narni";64;15;104;5;2;;;;126;11;95;9;13;;;;128;254
"055022";"Narni";65;16;120;8;5;;;;149;15;100;4;16;;;;135;284
"055022";"Narni";66;18;97;5;2;;;;122;7;104;11;15;;;;137;259
"055022";"Narni";67;11;85;5;6;;;;107;8;105;5;18;;;;136;243
"055022";"Narni";68;7;103;5;4;;;;119;8;97;4;20;;;;129;248
"055022";"Narni";69;7;85;8;4;;;;104;8;91;7;23;;;;129;233
"055022";"Narni";70;12;110;8;6;;;;136;7;110;4;24;;;;145;281
"055022";"Narni";71;10;93;2;4;;;;109;5;86;4;30;;;;125;234
"055022";"Narni";72;8;96;3;8;;;;115;9;93;3;33;;;;138;253
"055022";"Narni";73;13;101;5;12;;;;131;4;105;7;39;;;;155;286
"055022";"Narni";74;12;92;5;7;;;;116;3;103;3;30;;;;139;255
"055022";"Narni";75;9;106;3;9;;;;127;2;100;4;44;;;;150;277
"055022";"Narni";76;8;88;0;9;;;;105;2;55;7;35;;;;99;204
"055022";"Narni";77;3;76;2;11;;;;92;4;64;3;36;;;;107;199
"055022";"Narni";78;5;77;2;11;;;;95;4;60;1;41;;;;106;201
"055022";"Narni";79;3;68;0;9;;;;80;3;51;1;42;;;;97;177
"055022";"Narni";80;3;65;0;7;;;;75;2;45;2;46;;;;95;170
"055022";"Narni";81;10;82;1;13;;;;106;7;36;1;57;;;;101;207
"055022";"Narni";82;6;73;1;9;;;;89;5;52;1;57;;;;115;204
"055022";"Narni";83;4;65;2;14;;;;85;3;34;1;83;;;;121;206
"055022";"Narni";84;0;52;1;14;;;;67;3;27;1;49;;;;80;147
"055022";"Narni";85;2;41;1;11;;;;55;2;21;0;73;;;;96;151
"055022";"Narni";86;2;46;0;10;;;;58;5;17;0;59;;;;81;139
"055022";"Narni";87;1;33;2;17;;;;53;2;11;1;60;;;;74;127
"055022";"Narni";88;2;28;0;5;;;;35;4;8;0;49;;;;61;96
"055022";"Narni";89;1;19;0;10;;;;30;1;12;2;47;;;;62;92
"055022";"Narni";90;1;13;0;5;;;;19;2;4;0;48;;;;54;73
"055022";"Narni";91;1;13;0;17;;;;31;3;4;0;39;;;;46;77
"055022";"Narni";92;0;6;0;4;;;;10;0;1;0;39;;;;40;50
"055022";"Narni";93;0;3;0;8;;;;11;2;3;0;22;;;;27;38
"055022";"Narni";94;0;1;0;3;;;;4;1;0;1;16;;;;18;22
"055022";"Narni";95;0;2;0;4;;;;6;0;0;0;15;;;;15;21
"055022";"Narni";96;0;2;0;3;;;;5;0;1;0;12;;;;13;18
"055022";"Narni";97;0;1;0;4;;;;5;0;1;0;11;;;;12;17
"055022";"Narni";98;0;2;0;2;;;;4;0;0;0;6;;;;6;10
"055022";"Narni";99;0;1;0;0;;;;1;0;0;0;4;;;;4;5
"055022";"Narni";100;0;0;0;0;;;;0;1;0;0;11;;;;12;12
"055022";"Narni";999;3843;4435;248;302;;;;8828;3237;4481;332;1380;;;;9430;18258
"055023";"Orvieto";0;46;0;0;0;;;;46;71;0;0;0;;;;71;117
"055023";"Orvieto";1;56;0;0;0;;;;56;42;0;0;0;;;;42;98
"055023";"Orvieto";2;62;0;0;0;;;;62;52;0;0;0;;;;52;114
"055023";"Orvieto";3;60;0;0;0;;;;60;47;0;0;0;;;;47;107
"055023";"Orvieto";4;66;0;0;0;;;;66;60;0;0;0;;;;60;126
"055023";"Orvieto";5;67;0;0;0;;;;67;73;0;0;0;;;;73;140
"055023";"Orvieto";6;57;0;0;0;;;;57;67;0;0;0;;;;67;124
"055023";"Orvieto";7;76;0;0;0;;;;76;70;0;0;0;;;;70;146
"055023";"Orvieto";8;76;0;0;0;;;;76;80;0;0;0;;;;80;156
"055023";"Orvieto";9;85;0;0;0;;;;85;89;0;0;0;;;;89;174
"055023";"Orvieto";10;72;0;0;0;;;;72;73;0;0;0;;;;73;145
"055023";"Orvieto";11;90;0;0;0;;;;90;91;0;0;0;;;;91;181
"055023";"Orvieto";12;74;0;0;0;;;;74;82;0;0;0;;;;82;156
"055023";"Orvieto";13;118;0;0;0;;;;118;81;0;0;0;;;;81;199
"055023";"Orvieto";14;86;0;0;0;;;;86;99;0;0;0;;;;99;185
"055023";"Orvieto";15;90;0;0;0;;;;90;72;0;0;0;;;;72;162
"055023";"Orvieto";16;90;0;0;0;;;;90;85;0;0;0;;;;85;175
"055023";"Orvieto";17;90;0;0;0;;;;90;72;0;0;0;;;;72;162
"055023";"Orvieto";18;83;0;0;0;;;;83;68;0;0;0;;;;68;151
"055023";"Orvieto";19;78;0;0;0;;;;78;74;0;0;0;;;;74;152
"055023";"Orvieto";20;95;0;0;0;;;;95;84;0;0;0;;;;84;179
"055023";"Orvieto";21;91;0;0;0;;;;91;68;2;0;0;;;;70;161
"055023";"Orvieto";22;93;0;0;0;;;;93;67;2;0;0;;;;69;162
"055023";"Orvieto";23;86;1;0;0;;;;87;75;3;0;0;;;;78;165
"055023";"Orvieto";24;91;1;0;0;;;;92;79;1;0;0;;;;80;172
"055023";"Orvieto";25;82;1;0;0;;;;83;86;1;0;0;;;;87;170
"055023";"Orvieto";26;95;5;0;0;;;;100;70;10;0;0;;;;80;180
"055023";"Orvieto";27;93;3;0;0;;;;96;63;12;0;0;;;;75;171
"055023";"Orvieto";28;100;4;0;0;;;;104;72;9;0;0;;;;81;185
"055023";"Orvieto";29;94;5;0;0;;;;99;71;13;0;0;;;;84;183
"055023";"Orvieto";30;80;8;0;0;;;;88;64;31;0;0;;;;95;183
"055023";"Orvieto";31;74;15;0;0;;;;89;62;25;0;0;;;;87;176
"055023";"Orvieto";32;70;23;0;0;;;;93;47;31;0;0;;;;78;171
"055023";"Orvieto";33;88;22;0;0;;;;110;57;34;0;0;;;;91;201
"055023";"Orvieto";34;80;41;0;0;;;;121;50;42;2;1;;;;95;216
"055023";"Orvieto";35;65;33;0;0;;;;98;63;54;1;1;;;;119;217
"055023";"Orvieto";36;76;40;1;0;;;;117;47;44;3;0;;;;94;211
"055023";"Orvieto";37;59;37;0;0;;;;96;37;51;3;0;;;;91;187
"055023";"Orvieto";38;45;39;0;0;;;;84;47;55;0;0;;;;102;186
"055023";"Orvieto";39;61;49;1;0;;;;111;60;56;3;0;;;;119;230
"055023";"Orvieto";40;47;48;3;0;;;;98;55;65;5;1;;;;126;224
"055023";"Orvieto";41;48;62;3;0;;;;113;40;69;8;1;;;;118;231
"055023";"Orvieto";42;54;45;0;1;;;;100;36;63;4;2;;;;105;205
"055023";"Orvieto";43;45;65;1;0;;;;111;46;71;6;1;;;;124;235
"055023";"Orvieto";44;52;67;9;0;;;;128;36;91;10;2;;;;139;267
"055023";"Orvieto";45;56;86;5;1;;;;148;29;92;11;2;;;;134;282
"055023";"Orvieto";46;38;78;5;0;;;;121;33;94;2;4;;;;133;254
"055023";"Orvieto";47;49;89;4;0;;;;142;43;120;10;2;;;;175;317
"055023";"Orvieto";48;36;98;7;0;;;;141;44;93;17;1;;;;155;296
"055023";"Orvieto";49;35;97;7;0;;;;139;38;102;14;3;;;;157;296
"055023";"Orvieto";50;40;86;4;0;;;;130;40;111;14;2;;;;167;297
"055023";"Orvieto";51;33;95;10;0;;;;138;28;104;15;1;;;;148;286
"055023";"Orvieto";52;34;91;7;1;;;;133;32;108;12;9;;;;161;294
"055023";"Orvieto";53;27;115;7;1;;;;150;31;128;16;6;;;;181;331
"055023";"Orvieto";54;35;96;9;1;;;;141;25;113;11;5;;;;154;295
"055023";"Orvieto";55;36;98;11;2;;;;147;26;123;18;7;;;;174;321
"055023";"Orvieto";56;31;106;11;3;;;;151;20;124;15;13;;;;172;323
"055023";"Orvieto";57;24;106;16;2;;;;148;23;136;29;9;;;;197;345
"055023";"Orvieto";58;16;128;12;1;;;;157;28;124;15;12;;;;179;336
"055023";"Orvieto";59;30;125;10;3;;;;168;21;121;17;12;;;;171;339
"055023";"Orvieto";60;19;119;15;1;;;;154;19;127;14;6;;;;166;320
"055023";"Orvieto";61;15;111;8;0;;;;134;14;130;12;15;;;;171;305
"055023";"Orvieto";62;21;111;12;5;;;;149;20;103;13;13;;;;149;298
"055023";"Orvieto";63;23;95;7;3;;;;128;6;114;6;12;;;;138;266
"055023";"Orvieto";64;10;90;7;3;;;;110;8;98;15;11;;;;132;242
"055023";"Orvieto";65;17;103;5;6;;;;131;19;111;5;19;;;;154;285
"055023";"Orvieto";66;5;119;6;5;;;;135;7;100;14;21;;;;142;277
"055023";"Orvieto";67;9;98;7;6;;;;120;12;102;10;27;;;;151;271
"055023";"Orvieto";68;15;90;9;9;;;;123;15;97;11;24;;;;147;270
"055023";"Orvieto";69;11;91;8;5;;;;115;6;101;8;22;;;;137;252
"055023";"Orvieto";70;19;94;2;5;;;;120;7;88;7;22;;;;124;244
"055023";"Orvieto";71;16;95;3;8;;;;122;7;96;5;27;;;;135;257
"055023";"Orvieto";72;11;127;7;8;;;;153;12;97;4;33;;;;146;299
"055023";"Orvieto";73;5;114;5;4;;;;128;8;95;4;37;;;;144;272
"055023";"Orvieto";74;11;118;1;9;;;;139;7;91;5;43;;;;146;285
"055023";"Orvieto";75;11;93;4;8;;;;116;7;71;3;53;;;;134;250
"055023";"Orvieto";76;7;76;2;5;;;;90;3;66;2;37;;;;108;198
"055023";"Orvieto";77;11;72;4;7;;;;94;4;56;2;42;;;;104;198
"055023";"Orvieto";78;5;68;5;7;;;;85;6;69;2;38;;;;115;200
"055023";"Orvieto";79;8;72;1;14;;;;95;6;54;9;50;;;;119;214
"055023";"Orvieto";80;6;83;4;16;;;;109;3;64;1;56;;;;124;233
"055023";"Orvieto";81;3;87;1;5;;;;96;5;43;1;85;;;;134;230
"055023";"Orvieto";82;8;57;2;19;;;;86;9;35;3;84;;;;131;217
"055023";"Orvieto";83;3;64;0;8;;;;75;3;31;2;75;;;;111;186
"055023";"Orvieto";84;3;47;1;20;;;;71;5;23;0;76;;;;104;175
"055023";"Orvieto";85;3;49;0;10;;;;62;0;16;1;46;;;;63;125
"055023";"Orvieto";86;2;35;0;7;;;;44;7;23;2;56;;;;88;132
"055023";"Orvieto";87;3;24;0;16;;;;43;3;20;0;63;;;;86;129
"055023";"Orvieto";88;5;30;1;9;;;;45;2;5;3;67;;;;77;122
"055023";"Orvieto";89;0;10;2;8;;;;20;1;11;0;52;;;;64;84
"055023";"Orvieto";90;2;8;0;7;;;;17;2;4;0;44;;;;50;67
"055023";"Orvieto";91;0;13;2;8;;;;23;0;3;1;55;;;;59;82
"055023";"Orvieto";92;1;10;0;11;;;;22;3;2;1;40;;;;46;68
"055023";"Orvieto";93;0;8;0;6;;;;14;0;5;0;30;;;;35;49
"055023";"Orvieto";94;1;0;0;4;;;;5;2;2;0;30;;;;34;39
"055023";"Orvieto";95;0;4;0;3;;;;7;1;0;0;15;;;;16;23
"055023";"Orvieto";96;0;4;0;1;;;;5;0;0;0;23;;;;23;28
"055023";"Orvieto";97;0;3;0;4;;;;7;0;0;0;9;;;;9;16
"055023";"Orvieto";98;0;0;0;1;;;;1;1;0;0;9;;;;10;11
"055023";"Orvieto";99;0;1;0;1;;;;2;0;0;0;6;;;;6;8
"055023";"Orvieto";100;0;0;0;4;;;;4;1;1;0;6;;;;8;12
"055023";"Orvieto";999;4195;4601;274;302;;;;9372;3632;4682;427;1576;;;;10317;19689
"055024";"Otricoli";0;2;0;0;0;;;;2;6;0;0;0;;;;6;8
"055024";"Otricoli";1;5;0;0;0;;;;5;6;0;0;0;;;;6;11
"055024";"Otricoli";2;6;0;0;0;;;;6;10;0;0;0;;;;10;16
"055024";"Otricoli";3;6;0;0;0;;;;6;6;0;0;0;;;;6;12
"055024";"Otricoli";4;6;0;0;0;;;;6;6;0;0;0;;;;6;12
"055024";"Otricoli";5;3;0;0;0;;;;3;10;0;0;0;;;;10;13
"055024";"Otricoli";6;9;0;0;0;;;;9;6;0;0;0;;;;6;15
"055024";"Otricoli";7;1;0;0;0;;;;1;7;0;0;0;;;;7;8
"055024";"Otricoli";8;6;0;0;0;;;;6;5;0;0;0;;;;5;11
"055024";"Otricoli";9;9;0;0;0;;;;9;5;0;0;0;;;;5;14
"055024";"Otricoli";10;5;0;0;0;;;;5;8;0;0;0;;;;8;13
"055024";"Otricoli";11;5;0;0;0;;;;5;7;0;0;0;;;;7;12
"055024";"Otricoli";12;6;0;0;0;;;;6;12;0;0;0;;;;12;18
"055024";"Otricoli";13;5;0;0;0;;;;5;6;0;0;0;;;;6;11
"055024";"Otricoli";14;12;0;0;0;;;;12;1;0;0;0;;;;1;13
"055024";"Otricoli";15;10;0;0;0;;;;10;9;0;0;0;;;;9;19
"055024";"Otricoli";16;7;0;0;0;;;;7;8;0;0;0;;;;8;15
"055024";"Otricoli";17;12;0;0;0;;;;12;5;0;0;0;;;;5;17
"055024";"Otricoli";18;4;0;0;0;;;;4;6;0;0;0;;;;6;10
"055024";"Otricoli";19;11;0;0;0;;;;11;2;0;0;0;;;;2;13
"055024";"Otricoli";20;7;0;0;0;;;;7;4;0;0;0;;;;4;11
"055024";"Otricoli";21;7;0;0;0;;;;7;7;0;0;0;;;;7;14
"055024";"Otricoli";22;11;0;0;0;;;;11;5;0;0;0;;;;5;16
"055024";"Otricoli";23;5;0;0;0;;;;5;9;0;0;0;;;;9;14
"055024";"Otricoli";24;6;0;0;0;;;;6;8;0;0;0;;;;8;14
"055024";"Otricoli";25;7;0;0;0;;;;7;4;0;0;0;;;;4;11
"055024";"Otricoli";26;4;1;0;0;;;;5;3;1;0;0;;;;4;9
"055024";"Otricoli";27;8;2;0;0;;;;10;8;0;0;0;;;;8;18
"055024";"Otricoli";28;9;0;0;0;;;;9;7;3;0;0;;;;10;19
"055024";"Otricoli";29;8;0;0;0;;;;8;6;1;0;0;;;;7;15
"055024";"Otricoli";30;8;1;0;0;;;;9;8;7;0;0;;;;15;24
"055024";"Otricoli";31;5;0;0;0;;;;5;5;3;0;0;;;;8;13
"055024";"Otricoli";32;9;1;0;0;;;;10;7;3;0;0;;;;10;20
"055024";"Otricoli";33;7;1;0;0;;;;8;1;3;0;0;;;;4;12
"055024";"Otricoli";34;4;3;0;0;;;;7;3;5;0;0;;;;8;15
"055024";"Otricoli";35;7;6;0;0;;;;13;8;3;0;0;;;;11;24
"055024";"Otricoli";36;6;2;0;0;;;;8;2;5;0;0;;;;7;15
"055024";"Otricoli";37;3;6;0;0;;;;9;3;5;0;0;;;;8;17
"055024";"Otricoli";38;7;3;0;0;;;;10;4;4;0;0;;;;8;18
"055024";"Otricoli";39;3;6;1;0;;;;10;3;1;0;1;;;;5;15
"055024";"Otricoli";40;6;3;0;0;;;;9;1;8;0;0;;;;9;18
"055024";"Otricoli";41;5;5;0;0;;;;10;1;4;0;0;;;;5;15
"055024";"Otricoli";42;8;5;0;0;;;;13;3;3;0;0;;;;6;19
"055024";"Otricoli";43;6;5;1;0;;;;12;4;5;0;0;;;;9;21
"055024";"Otricoli";44;8;7;0;0;;;;15;4;6;0;0;;;;10;25
"055024";"Otricoli";45;4;5;0;0;;;;9;2;4;0;1;;;;7;16
"055024";"Otricoli";46;10;7;1;0;;;;18;1;10;0;0;;;;11;29
"055024";"Otricoli";47;6;7;1;0;;;;14;1;11;0;0;;;;12;26
"055024";"Otricoli";48;2;10;0;0;;;;12;2;20;0;1;;;;23;35
"055024";"Otricoli";49;4;9;0;0;;;;13;2;13;1;0;;;;16;29
"055024";"Otricoli";50;4;7;1;1;;;;13;3;7;0;1;;;;11;24
"055024";"Otricoli";51;4;12;2;0;;;;18;4;9;0;1;;;;14;32
"055024";"Otricoli";52;3;9;1;0;;;;13;1;4;0;0;;;;5;18
"055024";"Otricoli";53;1;12;2;0;;;;15;2;10;0;0;;;;12;27
"055024";"Otricoli";54;2;8;2;0;;;;12;4;9;1;2;;;;16;28
"055024";"Otricoli";55;2;6;1;0;;;;9;3;10;1;0;;;;14;23
"055024";"Otricoli";56;4;8;1;0;;;;13;4;13;0;1;;;;18;31
"055024";"Otricoli";57;2;17;2;0;;;;21;1;12;1;0;;;;14;35
"055024";"Otricoli";58;1;8;1;0;;;;10;2;8;0;3;;;;13;23
"055024";"Otricoli";59;3;10;2;0;;;;15;2;6;2;0;;;;10;25
"055024";"Otricoli";60;2;11;0;0;;;;13;5;13;0;2;;;;20;33
"055024";"Otricoli";61;2;7;1;0;;;;10;0;12;0;0;;;;12;22
"055024";"Otricoli";62;2;12;0;1;;;;15;2;12;0;0;;;;14;29
"055024";"Otricoli";63;2;9;0;0;;;;11;1;9;1;1;;;;12;23
"055024";"Otricoli";64;2;9;1;0;;;;12;2;6;0;2;;;;10;22
"055024";"Otricoli";65;0;6;1;0;;;;7;3;11;2;2;;;;18;25
"055024";"Otricoli";66;2;12;0;1;;;;15;1;8;0;1;;;;10;25
"055024";"Otricoli";67;0;7;1;0;;;;8;1;10;1;1;;;;13;21
"055024";"Otricoli";68;0;11;1;1;;;;13;1;6;0;1;;;;8;21
"055024";"Otricoli";69;0;9;1;3;;;;13;1;11;0;2;;;;14;27
"055024";"Otricoli";70;2;7;0;1;;;;10;1;7;0;3;;;;11;21
"055024";"Otricoli";71;0;12;1;0;;;;13;0;5;0;4;;;;9;22
"055024";"Otricoli";72;2;10;1;1;;;;14;0;11;1;3;;;;15;29
"055024";"Otricoli";73;0;13;0;1;;;;14;0;9;0;2;;;;11;25
"055024";"Otricoli";74;1;6;0;2;;;;9;2;9;0;5;;;;16;25
"055024";"Otricoli";75;1;9;1;0;;;;11;0;5;1;4;;;;10;21
"055024";"Otricoli";76;1;7;1;1;;;;10;1;7;0;2;;;;10;20
"055024";"Otricoli";77;0;3;0;0;;;;3;1;5;0;3;;;;9;12
"055024";"Otricoli";78;0;8;0;3;;;;11;0;3;0;6;;;;9;20
"055024";"Otricoli";79;0;5;0;1;;;;6;1;7;0;4;;;;12;18
"055024";"Otricoli";80;0;3;0;0;;;;3;0;4;0;5;;;;9;12
"055024";"Otricoli";81;2;9;0;3;;;;14;1;3;1;5;;;;10;24
"055024";"Otricoli";82;0;6;0;2;;;;8;2;3;0;11;;;;16;24
"055024";"Otricoli";83;2;9;0;3;;;;14;0;0;0;2;;;;2;16
"055024";"Otricoli";84;0;0;0;0;;;;0;1;2;0;7;;;;10;10
"055024";"Otricoli";85;0;5;1;1;;;;7;1;1;0;7;;;;9;16
"055024";"Otricoli";86;1;4;0;1;;;;6;0;3;0;10;;;;13;19
"055024";"Otricoli";87;0;1;0;2;;;;3;0;2;0;3;;;;5;8
"055024";"Otricoli";88;1;1;0;3;;;;5;0;2;0;6;;;;8;13
"055024";"Otricoli";89;0;1;0;0;;;;1;0;0;0;6;;;;6;7
"055024";"Otricoli";90;1;1;0;3;;;;5;0;0;0;3;;;;3;8
"055024";"Otricoli";91;0;2;0;0;;;;2;0;0;0;6;;;;6;8
"055024";"Otricoli";92;0;1;0;0;;;;1;0;2;0;0;;;;2;3
"055024";"Otricoli";93;0;1;0;0;;;;1;0;0;0;2;;;;2;3
"055024";"Otricoli";94;0;1;0;0;;;;1;0;0;0;5;;;;5;6
"055024";"Otricoli";95;0;2;0;1;;;;3;0;0;0;4;;;;4;7
"055024";"Otricoli";96;0;0;0;0;;;;0;0;0;0;3;;;;3;3
"055024";"Otricoli";97;0;0;0;0;;;;0;0;0;0;0;;;;0;0
"055024";"Otricoli";98;0;0;0;0;;;;0;0;0;0;0;;;;0;0
"055024";"Otricoli";99;0;0;0;0;;;;0;0;0;0;0;;;;0;0
"055024";"Otricoli";100;0;0;0;1;;;;1;0;0;0;1;;;;1;2
"055024";"Otricoli";999;372;412;30;37;;;;851;311;404;13;145;;;;873;1724
"055025";"Parrano";0;2;0;0;0;;;;2;1;0;0;0;;;;1;3
"055025";"Parrano";1;0;0;0;0;;;;0;1;0;0;0;;;;1;1
"055025";"Parrano";2;1;0;0;0;;;;1;0;0;0;0;;;;0;1
"055025";"Parrano";3;1;0;0;0;;;;1;0;0;0;0;;;;0;1
"055025";"Parrano";4;0;0;0;0;;;;0;2;0;0;0;;;;2;2
"055025";"Parrano";5;2;0;0;0;;;;2;2;0;0;0;;;;2;4
"055025";"Parrano";6;0;0;0;0;;;;0;1;0;0;0;;;;1;1
"055025";"Parrano";7;1;0;0;0;;;;1;2;0;0;0;;;;2;3
"055025";"Parrano";8;1;0;0;0;;;;1;2;0;0;0;;;;2;3
"055025";"Parrano";9;2;0;0;0;;;;2;3;0;0;0;;;;3;5
"055025";"Parrano";10;1;0;0;0;;;;1;2;0;0;0;;;;2;3
"055025";"Parrano";11;3;0;0;0;;;;3;2;0;0;0;;;;2;5
"055025";"Parrano";12;2;0;0;0;;;;2;0;0;0;0;;;;0;2
"055025";"Parrano";13;1;0;0;0;;;;1;1;0;0;0;;;;1;2
"055025";"Parrano";14;1;0;0;0;;;;1;0;0;0;0;;;;0;1
"055025";"Parrano";15;1;0;0;0;;;;1;0;0;0;0;;;;0;1
"055025";"Parrano";16;4;0;0;0;;;;4;1;0;0;0;;;;1;5
"055025";"Parrano";17;0;0;0;0;;;;0;2;0;0;0;;;;2;2
"055025";"Parrano";18;0;0;0;0;;;;0;1;0;0;0;;;;1;1
"055025";"Parrano";19;5;0;0;0;;;;5;1;0;0;0;;;;1;6
"055025";"Parrano";20;3;0;0;0;;;;3;3;0;0;0;;;;3;6
"055025";"Parrano";21;1;0;0;0;;;;1;1;0;0;0;;;;1;2
"055025";"Parrano";22;1;0;0;0;;;;1;3;0;0;0;;;;3;4
"055025";"Parrano";23;0;0;0;0;;;;0;1;0;0;0;;;;1;1
"055025";"Parrano";24;0;0;0;0;;;;0;2;0;0;0;;;;2;2
"055025";"Parrano";25;2;0;0;0;;;;2;1;0;0;0;;;;1;3
"055025";"Parrano";26;2;0;0;0;;;;2;2;1;0;0;;;;3;5
"055025";"Parrano";27;2;0;0;0;;;;2;3;0;0;0;;;;3;5
"055025";"Parrano";28;1;0;0;0;;;;1;0;0;0;0;;;;0;1
"055025";"Parrano";29;0;0;0;0;;;;0;0;0;0;0;;;;0;0
"055025";"Parrano";30;2;0;0;0;;;;2;1;0;0;0;;;;1;3
"055025";"Parrano";31;0;0;0;0;;;;0;1;1;0;0;;;;2;2
"055025";"Parrano";32;2;0;0;0;;;;2;1;0;0;0;;;;1;3
"055025";"Parrano";33;3;0;0;0;;;;3;0;0;0;0;;;;0;3
"055025";"Parrano";34;3;0;0;0;;;;3;0;0;0;0;;;;0;3
"055025";"Parrano";35;2;1;0;0;;;;3;2;0;0;0;;;;2;5
"055025";"Parrano";36;1;0;0;0;;;;1;3;0;0;0;;;;3;4
"055025";"Parrano";37;1;1;0;0;;;;2;0;0;0;0;;;;0;2
"055025";"Parrano";38;1;0;0;0;;;;1;1;2;0;0;;;;3;4
"055025";"Parrano";39;0;0;0;0;;;;0;1;0;0;0;;;;1;1
"055025";"Parrano";40;1;3;0;0;;;;4;0;1;0;0;;;;1;5
"055025";"Parrano";41;0;0;0;0;;;;0;3;0;0;0;;;;3;3
"055025";"Parrano";42;1;1;0;0;;;;2;0;2;0;0;;;;2;4
"055025";"Parrano";43;1;1;0;0;;;;2;0;4;0;0;;;;4;6
"055025";"Parrano";44;1;5;0;0;;;;6;0;4;0;0;;;;4;10
"055025";"Parrano";45;0;2;0;0;;;;2;2;3;0;0;;;;5;7
"055025";"Parrano";46;0;2;1;0;;;;3;0;3;1;1;;;;5;8
"055025";"Parrano";47;0;4;0;0;;;;4;0;3;0;0;;;;3;7
"055025";"Parrano";48;4;0;0;0;;;;4;0;5;0;0;;;;5;9
"055025";"Parrano";49;1;0;0;0;;;;1;1;3;0;0;;;;4;5
"055025";"Parrano";50;2;2;0;0;;;;4;0;2;1;0;;;;3;7
"055025";"Parrano";51;2;3;1;0;;;;6;2;3;0;0;;;;5;11
"055025";"Parrano";52;0;3;0;0;;;;3;1;2;1;0;;;;4;7
"055025";"Parrano";53;0;7;0;0;;;;7;1;2;0;0;;;;3;10
"055025";"Parrano";54;0;2;0;0;;;;2;0;4;1;0;;;;5;7
"055025";"Parrano";55;1;4;0;0;;;;5;1;3;1;0;;;;5;10
"055025";"Parrano";56;0;1;0;0;;;;1;0;3;2;0;;;;5;6
"055025";"Parrano";57;1;3;1;0;;;;5;1;4;1;0;;;;6;11
"055025";"Parrano";58;0;7;0;0;;;;7;0;1;0;0;;;;1;8
"055025";"Parrano";59;0;4;0;0;;;;4;1;7;0;2;;;;10;14
"055025";"Parrano";60;0;3;0;0;;;;3;0;3;0;0;;;;3;6
"055025";"Parrano";61;1;1;0;0;;;;2;1;6;0;1;;;;8;10
"055025";"Parrano";62;1;1;0;0;;;;2;0;3;1;0;;;;4;6
"055025";"Parrano";63;2;4;0;0;;;;6;1;3;0;0;;;;4;10
"055025";"Parrano";64;2;3;0;0;;;;5;0;4;0;0;;;;4;9
"055025";"Parrano";65;0;7;0;0;;;;7;0;4;0;0;;;;4;11
"055025";"Parrano";66;0;2;0;0;;;;2;0;1;0;1;;;;2;4
"055025";"Parrano";67;2;3;0;0;;;;5;0;3;0;0;;;;3;8
"055025";"Parrano";68;1;2;0;0;;;;3;0;2;0;0;;;;2;5
"055025";"Parrano";69;0;3;0;0;;;;3;0;2;0;0;;;;2;5
"055025";"Parrano";70;1;2;0;0;;;;3;0;5;0;0;;;;5;8
"055025";"Parrano";71;1;6;1;0;;;;8;0;1;0;0;;;;1;9
"055025";"Parrano";72;1;3;0;1;;;;5;0;1;0;0;;;;1;6
"055025";"Parrano";73;0;5;0;0;;;;5;0;4;0;2;;;;6;11
"055025";"Parrano";74;0;2;0;0;;;;2;1;4;0;0;;;;5;7
"055025";"Parrano";75;0;2;0;0;;;;2;0;4;0;1;;;;5;7
"055025";"Parrano";76;0;0;0;2;;;;2;0;2;1;0;;;;3;5
"055025";"Parrano";77;0;4;0;0;;;;4;0;1;0;1;;;;2;6
"055025";"Parrano";78;0;2;0;0;;;;2;1;3;0;1;;;;5;7
"055025";"Parrano";79;0;4;0;0;;;;4;0;3;0;0;;;;3;7
"055025";"Parrano";80;0;1;0;0;;;;1;0;0;0;2;;;;2;3
"055025";"Parrano";81;0;3;0;1;;;;4;0;1;0;1;;;;2;6
"055025";"Parrano";82;0;4;0;2;;;;6;0;4;0;2;;;;6;12
"055025";"Parrano";83;0;2;0;0;;;;2;0;2;0;3;;;;5;7
"055025";"Parrano";84;0;2;0;0;;;;2;0;1;0;1;;;;2;4
"055025";"Parrano";85;0;2;0;1;;;;3;0;2;0;0;;;;2;5
"055025";"Parrano";86;1;5;0;0;;;;6;0;1;0;0;;;;1;7
"055025";"Parrano";87;0;1;0;0;;;;1;0;1;0;1;;;;2;3
"055025";"Parrano";88;0;1;0;1;;;;2;0;0;0;1;;;;1;3
"055025";"Parrano";89;0;1;0;1;;;;2;0;1;0;1;;;;2;4
"055025";"Parrano";90;0;3;0;1;;;;4;0;0;0;1;;;;1;5
"055025";"Parrano";91;0;0;0;0;;;;0;1;0;0;3;;;;4;4
"055025";"Parrano";92;1;0;0;0;;;;1;0;0;0;0;;;;0;1
"055025";"Parrano";93;0;1;0;1;;;;2;0;0;0;1;;;;1;3
"055025";"Parrano";94;0;0;0;0;;;;0;0;0;0;2;;;;2;2
"055025";"Parrano";95;0;0;0;0;;;;0;0;0;0;0;;;;0;0
"055025";"Parrano";96;0;0;0;1;;;;1;0;0;0;1;;;;1;2
"055025";"Parrano";97;0;1;0;0;;;;1;0;0;0;0;;;;0;1
"055025";"Parrano";98;0;0;0;0;;;;0;0;0;0;0;;;;0;0
"055025";"Parrano";99;0;0;0;0;;;;0;0;0;0;0;;;;0;0
"055025";"Parrano";100;0;0;0;0;;;;0;0;0;0;0;;;;0;0
"055025";"Parrano";999;84;142;4;12;;;;242;68;135;10;30;;;;243;485
"055026";"Penna in Teverina";0;1;0;0;0;;;;1;1;0;0;0;;;;1;2
"055026";"Penna in Teverina";1;5;0;0;0;;;;5;2;0;0;0;;;;2;7
"055026";"Penna in Teverina";2;4;0;0;0;;;;4;4;0;0;0;;;;4;8
"055026";"Penna in Teverina";3;4;0;0;0;;;;4;0;0;0;0;;;;0;4
"055026";"Penna in Teverina";4;1;0;0;0;;;;1;5;0;0;0;;;;5;6
"055026";"Penna in Teverina";5;2;0;0;0;;;;2;7;0;0;0;;;;7;9
"055026";"Penna in Teverina";6;3;0;0;0;;;;3;6;0;0;0;;;;6;9
"055026";"Penna in Teverina";7;2;0;0;0;;;;2;2;0;0;0;;;;2;4
"055026";"Penna in Teverina";8;6;0;0;0;;;;6;3;0;0;0;;;;3;9
"055026";"Penna in Teverina";9;4;0;0;0;;;;4;3;0;0;0;;;;3;7
"055026";"Penna in Teverina";10;3;0;0;0;;;;3;3;0;0;0;;;;3;6
"055026";"Penna in Teverina";11;0;0;0;0;;;;0;1;0;0;0;;;;1;1
"055026";"Penna in Teverina";12;5;0;0;0;;;;5;2;0;0;0;;;;2;7
"055026";"Penna in Teverina";13;4;0;0;0;;;;4;5;0;0;0;;;;5;9
"055026";"Penna in Teverina";14;4;0;0;0;;;;4;5;0;0;0;;;;5;9
"055026";"Penna in Teverina";15;4;0;0;0;;;;4;7;0;0;0;;;;7;11
"055026";"Penna in Teverina";16;5;0;0;0;;;;5;4;0;0;0;;;;4;9
"055026";"Penna in Teverina";17;7;0;0;0;;;;7;3;0;0;0;;;;3;10
"055026";"Penna in Teverina";18;4;0;0;0;;;;4;5;0;0;0;;;;5;9
"055026";"Penna in Teverina";19;2;0;0;0;;;;2;7;0;0;0;;;;7;9
"055026";"Penna in Teverina";20;6;0;0;0;;;;6;6;0;0;0;;;;6;12
"055026";"Penna in Teverina";21;3;0;0;0;;;;3;3;0;0;0;;;;3;6
"055026";"Penna in Teverina";22;4;0;0;0;;;;4;2;1;0;0;;;;3;7
"055026";"Penna in Teverina";23;6;0;0;0;;;;6;4;0;0;0;;;;4;10
"055026";"Penna in Teverina";24;5;0;0;0;;;;5;3;0;0;0;;;;3;8
"055026";"Penna in Teverina";25;6;0;0;0;;;;6;7;0;0;0;;;;7;13
"055026";"Penna in Teverina";26;2;0;0;0;;;;2;3;1;0;0;;;;4;6
"055026";"Penna in Teverina";27;4;0;0;0;;;;4;6;0;0;0;;;;6;10
"055026";"Penna in Teverina";28;2;1;0;0;;;;3;5;0;0;0;;;;5;8
"055026";"Penna in Teverina";29;5;0;0;0;;;;5;4;0;0;0;;;;4;9
"055026";"Penna in Teverina";30;6;1;0;0;;;;7;1;0;0;0;;;;1;8
"055026";"Penna in Teverina";31;4;0;0;0;;;;4;7;1;0;0;;;;8;12
"055026";"Penna in Teverina";32;3;0;0;0;;;;3;1;1;0;0;;;;2;5
"055026";"Penna in Teverina";33;6;0;0;0;;;;6;2;0;0;0;;;;2;8
"055026";"Penna in Teverina";34;1;1;0;0;;;;2;4;1;0;0;;;;5;7
"055026";"Penna in Teverina";35;2;1;0;0;;;;3;6;2;0;0;;;;8;11
"055026";"Penna in Teverina";36;3;1;0;0;;;;4;4;3;1;0;;;;8;12
"055026";"Penna in Teverina";37;3;0;0;0;;;;3;0;5;0;0;;;;5;8
"055026";"Penna in Teverina";38;5;2;0;0;;;;7;1;2;0;0;;;;3;10
"055026";"Penna in Teverina";39;4;4;0;0;;;;8;6;2;0;0;;;;8;16
"055026";"Penna in Teverina";40;6;3;0;0;;;;9;0;4;0;0;;;;4;13
"055026";"Penna in Teverina";41;7;3;0;0;;;;10;8;4;0;0;;;;12;22
"055026";"Penna in Teverina";42;1;0;2;0;;;;3;0;5;1;0;;;;6;9
"055026";"Penna in Teverina";43;5;2;0;0;;;;7;1;5;0;0;;;;6;13
"055026";"Penna in Teverina";44;1;7;0;0;;;;8;0;2;0;0;;;;2;10
"055026";"Penna in Teverina";45;3;7;0;0;;;;10;1;3;0;0;;;;4;14
"055026";"Penna in Teverina";46;5;1;0;0;;;;6;0;4;1;0;;;;5;11
"055026";"Penna in Teverina";47;6;2;1;0;;;;9;3;3;0;1;;;;7;16
"055026";"Penna in Teverina";48;3;5;0;0;;;;8;4;7;1;0;;;;12;20
"055026";"Penna in Teverina";49;2;5;0;0;;;;7;0;4;1;0;;;;5;12
"055026";"Penna in Teverina";50;4;2;0;0;;;;6;0;7;2;1;;;;10;16
"055026";"Penna in Teverina";51;2;4;0;0;;;;6;0;7;1;0;;;;8;14
"055026";"Penna in Teverina";52;5;3;1;0;;;;9;2;5;2;0;;;;9;18
"055026";"Penna in Teverina";53;2;5;0;0;;;;7;0;6;2;2;;;;10;17
"055026";"Penna in Teverina";54;1;7;0;0;;;;8;0;3;0;0;;;;3;11
"055026";"Penna in Teverina";55;1;11;0;0;;;;12;3;3;0;0;;;;6;18
"055026";"Penna in Teverina";56;1;6;1;0;;;;8;1;5;1;0;;;;7;15
"055026";"Penna in Teverina";57;2;8;0;0;;;;10;0;6;0;1;;;;7;17
"055026";"Penna in Teverina";58;4;8;0;1;;;;13;0;9;0;0;;;;9;22
"055026";"Penna in Teverina";59;3;8;0;0;;;;11;2;9;0;0;;;;11;22
"055026";"Penna in Teverina";60;2;7;0;0;;;;9;1;2;0;0;;;;3;12
"055026";"Penna in Teverina";61;0;3;0;0;;;;3;1;7;1;2;;;;11;14
"055026";"Penna in Teverina";62;1;7;1;0;;;;9;2;4;2;0;;;;8;17
"055026";"Penna in Teverina";63;1;7;1;0;;;;9;1;6;1;0;;;;8;17
"055026";"Penna in Teverina";64;1;9;1;1;;;;12;0;8;1;1;;;;10;22
"055026";"Penna in Teverina";65;1;6;0;0;;;;7;1;4;3;0;;;;8;15
"055026";"Penna in Teverina";66;0;8;2;0;;;;10;1;8;0;1;;;;10;20
"055026";"Penna in Teverina";67;0;7;0;0;;;;7;1;10;0;1;;;;12;19
"055026";"Penna in Teverina";68;1;5;0;0;;;;6;1;3;0;0;;;;4;10
"055026";"Penna in Teverina";69;2;9;0;1;;;;12;1;8;0;0;;;;9;21
"055026";"Penna in Teverina";70;0;8;1;0;;;;9;1;3;0;0;;;;4;13
"055026";"Penna in Teverina";71;0;8;0;0;;;;8;1;8;0;0;;;;9;17
"055026";"Penna in Teverina";72;1;4;1;1;;;;7;1;2;0;1;;;;4;11
"055026";"Penna in Teverina";73;0;6;0;0;;;;6;0;9;0;0;;;;9;15
"055026";"Penna in Teverina";74;1;6;0;0;;;;7;0;5;0;1;;;;6;13
"055026";"Penna in Teverina";75;1;5;0;1;;;;7;0;3;0;2;;;;5;12
"055026";"Penna in Teverina";76;0;4;0;0;;;;4;0;5;0;0;;;;5;9
"055026";"Penna in Teverina";77;0;2;0;0;;;;2;2;4;0;1;;;;7;9
"055026";"Penna in Teverina";78;0;4;0;0;;;;4;0;4;0;5;;;;9;13
"055026";"Penna in Teverina";79;0;4;1;1;;;;6;0;3;1;0;;;;4;10
"055026";"Penna in Teverina";80;0;5;0;0;;;;5;0;1;0;3;;;;4;9
"055026";"Penna in Teverina";81;0;1;0;1;;;;2;0;1;0;2;;;;3;5
"055026";"Penna in Teverina";82;0;5;0;1;;;;6;0;2;0;4;;;;6;12
"055026";"Penna in Teverina";83;0;6;0;0;;;;6;1;1;0;8;;;;10;16
"055026";"Penna in Teverina";84;0;3;1;1;;;;5;0;2;0;1;;;;3;8
"055026";"Penna in Teverina";85;0;1;0;0;;;;1;0;1;0;4;;;;5;6
"055026";"Penna in Teverina";86;0;1;0;1;;;;2;1;1;0;2;;;;4;6
"055026";"Penna in Teverina";87;0;0;0;1;;;;1;1;1;0;3;;;;5;6
"055026";"Penna in Teverina";88;0;1;0;1;;;;2;0;0;0;3;;;;3;5
"055026";"Penna in Teverina";89;1;1;0;0;;;;2;1;0;0;3;;;;4;6
"055026";"Penna in Teverina";90;0;0;0;0;;;;0;0;0;0;5;;;;5;5
"055026";"Penna in Teverina";91;0;0;0;0;;;;0;0;0;0;3;;;;3;3
"055026";"Penna in Teverina";92;0;0;0;0;;;;0;0;0;0;4;;;;4;4
"055026";"Penna in Teverina";93;0;0;0;0;;;;0;0;0;0;0;;;;0;0
"055026";"Penna in Teverina";94;0;0;0;0;;;;0;0;1;0;0;;;;1;1
"055026";"Penna in Teverina";95;0;0;0;1;;;;1;0;0;0;1;;;;1;2
"055026";"Penna in Teverina";96;0;0;0;0;;;;0;0;0;0;0;;;;0;0
"055026";"Penna in Teverina";97;0;0;0;1;;;;1;0;0;0;0;;;;0;1
"055026";"Penna in Teverina";98;0;0;0;0;;;;0;1;0;0;1;;;;2;2
"055026";"Penna in Teverina";99;0;0;0;0;;;;0;0;0;0;1;;;;1;1
"055026";"Penna in Teverina";100;0;0;0;0;;;;0;0;0;0;1;;;;1;1
"055026";"Penna in Teverina";999;227;251;14;14;;;;506;195;237;22;69;;;;523;1029
"055027";"Polino";0;2;0;0;0;;;;2;0;0;0;0;;;;0;2
"055027";"Polino";1;1;0;0;0;;;;1;0;0;0;0;;;;0;1
"055027";"Polino";2;1;0;0;0;;;;1;1;0;0;0;;;;1;2
"055027";"Polino";3;0;0;0;0;;;;0;0;0;0;0;;;;0;0
"055027";"Polino";4;1;0;0;0;;;;1;1;0;0;0;;;;1;2
"055027";"Polino";5;0;0;0;0;;;;0;1;0;0;0;;;;1;1
"055027";"Polino";6;2;0;0;0;;;;2;0;0;0;0;;;;0;2
"055027";"Polino";7;0;0;0;0;;;;0;0;0;0;0;;;;0;0
"055027";"Polino";8;0;0;0;0;;;;0;1;0;0;0;;;;1;1
"055027";"Polino";9;0;0;0;0;;;;0;0;0;0;0;;;;0;0
"055027";"Polino";10;2;0;0;0;;;;2;1;0;0;0;;;;1;3
"055027";"Polino";11;0;0;0;0;;;;0;1;0;0;0;;;;1;1
"055027";"Polino";12;0;0;0;0;;;;0;2;0;0;0;;;;2;2
"055027";"Polino";13;1;0;0;0;;;;1;0;0;0;0;;;;0;1
"055027";"Polino";14;1;0;0;0;;;;1;0;0;0;0;;;;0;1
"055027";"Polino";15;0;0;0;0;;;;0;1;0;0;0;;;;1;1
"055027";"Polino";16;0;0;0;0;;;;0;0;0;0;0;;;;0;0
"055027";"Polino";17;0;0;0;0;;;;0;0;0;0;0;;;;0;0
"055027";"Polino";18;0;0;0;0;;;;0;0;0;0;0;;;;0;0
"055027";"Polino";19;1;0;0;0;;;;1;1;0;0;0;;;;1;2
"055027";"Polino";20;1;0;0;0;;;;1;1;0;0;0;;;;1;2
"055027";"Polino";21;0;0;0;0;;;;0;1;0;0;0;;;;1;1
"055027";"Polino";22;1;0;0;0;;;;1;0;1;0;0;;;;1;2
"055027";"Polino";23;0;0;0;0;;;;0;0;0;0;0;;;;0;0
"055027";"Polino";24;0;1;0;0;;;;1;0;0;0;0;;;;0;1
"055027";"Polino";25;0;0;0;0;;;;0;2;0;0;0;;;;2;2
"055027";"Polino";26;0;0;0;0;;;;0;0;0;0;0;;;;0;0
"055027";"Polino";27;2;0;0;0;;;;2;1;0;0;0;;;;1;3
"055027";"Polino";28;0;0;0;0;;;;0;0;0;0;0;;;;0;0
"055027";"Polino";29;2;0;0;0;;;;2;1;0;0;0;;;;1;3
"055027";"Polino";30;2;1;0;0;;;;3;0;0;0;0;;;;0;3
"055027";"Polino";31;1;0;0;0;;;;1;0;0;0;0;;;;0;1
"055027";"Polino";32;0;0;0;0;;;;0;2;2;0;0;;;;4;4
"055027";"Polino";33;2;1;0;0;;;;3;0;0;0;0;;;;0;3
"055027";"Polino";34;0;0;0;0;;;;0;0;0;0;0;;;;0;0
"055027";"Polino";35;1;0;0;0;;;;1;0;0;0;0;;;;0;1
"055027";"Polino";36;0;0;0;0;;;;0;0;1;0;0;;;;1;1
"055027";"Polino";37;1;0;0;0;;;;1;0;0;0;0;;;;0;1
"055027";"Polino";38;1;0;0;0;;;;1;2;0;0;0;;;;2;3
"055027";"Polino";39;0;0;0;0;;;;0;1;0;0;0;;;;1;1
"055027";"Polino";40;0;0;0;0;;;;0;0;1;0;0;;;;1;1
"055027";"Polino";41;1;0;0;0;;;;1;0;0;0;0;;;;0;1
"055027";"Polino";42;0;0;0;0;;;;0;1;0;0;0;;;;1;1
"055027";"Polino";43;0;0;0;0;;;;0;0;0;0;0;;;;0;0
"055027";"Polino";44;1;0;1;0;;;;2;0;1;0;0;;;;1;3
"055027";"Polino";45;0;1;0;0;;;;1;0;2;0;0;;;;2;3
"055027";"Polino";46;0;3;0;0;;;;3;0;0;1;0;;;;1;4
"055027";"Polino";47;1;1;0;0;;;;2;2;0;0;0;;;;2;4
"055027";"Polino";48;0;1;0;0;;;;1;0;2;0;0;;;;2;3
"055027";"Polino";49;0;1;0;0;;;;1;1;3;0;0;;;;4;5
"055027";"Polino";50;1;1;0;0;;;;2;0;0;0;0;;;;0;2
"055027";"Polino";51;1;3;0;0;;;;4;2;0;0;0;;;;2;6
"055027";"Polino";52;1;2;2;0;;;;5;0;2;0;0;;;;2;7
"055027";"Polino";53;1;3;1;0;;;;5;1;0;0;0;;;;1;6
"055027";"Polino";54;1;1;0;1;;;;3;0;1;0;0;;;;1;4
"055027";"Polino";55;0;2;0;0;;;;2;0;0;0;0;;;;0;2
"055027";"Polino";56;0;0;0;0;;;;0;0;0;0;1;;;;1;1
"055027";"Polino";57;1;1;1;0;;;;3;0;1;0;1;;;;2;5
"055027";"Polino";58;0;3;0;0;;;;3;0;0;0;0;;;;0;3
"055027";"Polino";59;0;0;0;0;;;;0;0;0;0;0;;;;0;0
"055027";"Polino";60;0;1;0;0;;;;1;0;2;1;0;;;;3;4
"055027";"Polino";61;0;1;0;0;;;;1;0;1;0;0;;;;1;2
"055027";"Polino";62;0;0;1;0;;;;1;0;1;0;0;;;;1;2
"055027";"Polino";63;0;0;0;0;;;;0;0;2;0;0;;;;2;2
"055027";"Polino";64;0;3;0;0;;;;3;0;1;0;0;;;;1;4
"055027";"Polino";65;0;1;0;0;;;;1;0;1;0;0;;;;1;2
"055027";"Polino";66;0;1;0;0;;;;1;1;2;0;0;;;;3;4
"055027";"Polino";67;0;0;0;0;;;;0;0;0;0;0;;;;0;0
"055027";"Polino";68;0;1;0;0;;;;1;0;1;0;0;;;;1;2
"055027";"Polino";69;0;0;0;0;;;;0;0;0;0;1;;;;1;1
"055027";"Polino";70;0;1;1;0;;;;2;0;1;0;0;;;;1;3
"055027";"Polino";71;0;0;0;0;;;;0;0;1;0;1;;;;2;2
"055027";"Polino";72;1;1;0;0;;;;2;0;4;0;0;;;;4;6
"055027";"Polino";73;0;1;0;0;;;;1;0;0;0;1;;;;1;2
"055027";"Polino";74;0;2;0;0;;;;2;1;1;0;0;;;;2;4
"055027";"Polino";75;0;0;0;0;;;;0;1;2;0;1;;;;4;4
"055027";"Polino";76;0;0;0;0;;;;0;0;1;0;0;;;;1;1
"055027";"Polino";77;0;0;0;0;;;;0;0;0;0;0;;;;0;0
"055027";"Polino";78;0;0;0;0;;;;0;0;2;0;0;;;;2;2
"055027";"Polino";79;1;4;0;0;;;;5;0;0;0;0;;;;0;5
"055027";"Polino";80;0;1;0;0;;;;1;0;1;0;1;;;;2;3
"055027";"Polino";81;0;2;0;0;;;;2;0;1;0;1;;;;2;4
"055027";"Polino";82;0;2;0;0;;;;2;0;0;0;1;;;;1;3
"055027";"Polino";83;0;3;1;0;;;;4;0;0;0;1;;;;1;5
"055027";"Polino";84;0;0;0;1;;;;1;0;1;0;1;;;;2;3
"055027";"Polino";85;0;2;0;0;;;;2;0;0;0;0;;;;0;2
"055027";"Polino";86;0;0;0;1;;;;1;0;1;0;0;;;;1;2
"055027";"Polino";87;0;2;0;0;;;;2;0;0;0;1;;;;1;3
"055027";"Polino";88;0;1;0;1;;;;2;0;2;0;2;;;;4;6
"055027";"Polino";89;0;1;0;0;;;;1;0;0;0;0;;;;0;1
"055027";"Polino";90;0;0;0;0;;;;0;0;0;0;0;;;;0;0
"055027";"Polino";91;0;1;0;0;;;;1;0;0;0;1;;;;1;2
"055027";"Polino";92;0;0;0;1;;;;1;0;0;0;1;;;;1;2
"055027";"Polino";93;0;0;0;1;;;;1;0;0;0;1;;;;1;2
"055027";"Polino";94;0;0;0;0;;;;0;0;0;0;0;;;;0;0
"055027";"Polino";95;0;0;0;0;;;;0;0;0;0;0;;;;0;0
"055027";"Polino";96;0;0;0;0;;;;0;0;0;0;1;;;;1;1
"055027";"Polino";97;0;0;0;0;;;;0;0;0;0;0;;;;0;0
"055027";"Polino";98;0;0;0;0;;;;0;0;0;0;0;;;;0;0
"055027";"Polino";99;0;0;0;0;;;;0;0;0;0;0;;;;0;0
"055027";"Polino";100;0;0;0;0;;;;0;0;0;0;1;;;;1;1
"055027";"Polino";999;37;58;8;6;;;;109;31;46;2;19;;;;98;207
"055028";"Porano";0;4;0;0;0;;;;4;8;0;0;0;;;;8;12
"055028";"Porano";1;3;0;0;0;;;;3;6;0;0;0;;;;6;9
"055028";"Porano";2;5;0;0;0;;;;5;3;0;0;0;;;;3;8
"055028";"Porano";3;7;0;0;0;;;;7;5;0;0;0;;;;5;12
"055028";"Porano";4;6;0;0;0;;;;6;2;0;0;0;;;;2;8
"055028";"Porano";5;5;0;0;0;;;;5;6;0;0;0;;;;6;11
"055028";"Porano";6;11;0;0;0;;;;11;6;0;0;0;;;;6;17
"055028";"Porano";7;8;0;0;0;;;;8;6;0;0;0;;;;6;14
"055028";"Porano";8;9;0;0;0;;;;9;7;0;0;0;;;;7;16
"055028";"Porano";9;13;0;0;0;;;;13;7;0;0;0;;;;7;20
"055028";"Porano";10;10;0;0;0;;;;10;6;0;0;0;;;;6;16
"055028";"Porano";11;11;0;0;0;;;;11;10;0;0;0;;;;10;21
"055028";"Porano";12;9;0;0;0;;;;9;7;0;0;0;;;;7;16
"055028";"Porano";13;10;0;0;0;;;;10;7;0;0;0;;;;7;17
"055028";"Porano";14;13;0;0;0;;;;13;14;0;0;0;;;;14;27
"055028";"Porano";15;12;0;0;0;;;;12;11;0;0;0;;;;11;23
"055028";"Porano";16;6;0;0;0;;;;6;9;0;0;0;;;;9;15
"055028";"Porano";17;13;0;0;0;;;;13;12;0;0;0;;;;12;25
"055028";"Porano";18;7;0;0;0;;;;7;8;0;0;0;;;;8;15
"055028";"Porano";19;10;0;0;0;;;;10;13;0;0;0;;;;13;23
"055028";"Porano";20;10;0;0;0;;;;10;6;0;0;0;;;;6;16
"055028";"Porano";21;5;0;0;0;;;;5;12;0;0;0;;;;12;17
"055028";"Porano";22;4;0;0;0;;;;4;12;0;0;0;;;;12;16
"055028";"Porano";23;6;0;0;0;;;;6;13;0;0;0;;;;13;19
"055028";"Porano";24;5;0;0;0;;;;5;10;0;0;0;;;;10;15
"055028";"Porano";25;7;0;0;0;;;;7;4;0;0;0;;;;4;11
"055028";"Porano";26;8;0;0;0;;;;8;10;0;0;0;;;;10;18
"055028";"Porano";27;9;0;0;0;;;;9;2;1;0;0;;;;3;12
"055028";"Porano";28;13;1;0;0;;;;14;6;0;0;0;;;;6;20
"055028";"Porano";29;2;0;0;0;;;;2;9;2;0;0;;;;11;13
"055028";"Porano";30;5;0;0;0;;;;5;5;1;1;0;;;;7;12
"055028";"Porano";31;7;3;2;0;;;;12;3;1;0;0;;;;4;16
"055028";"Porano";32;6;1;0;0;;;;7;9;3;0;0;;;;12;19
"055028";"Porano";33;10;0;0;0;;;;10;2;5;0;0;;;;7;17
"055028";"Porano";34;9;0;0;0;;;;9;4;5;0;0;;;;9;18
"055028";"Porano";35;3;2;0;0;;;;5;4;2;0;0;;;;6;11
"055028";"Porano";36;9;2;0;0;;;;11;5;3;0;0;;;;8;19
"055028";"Porano";37;7;9;0;0;;;;16;3;7;0;0;;;;10;26
"055028";"Porano";38;6;1;1;0;;;;8;3;6;0;0;;;;9;17
"055028";"Porano";39;6;8;0;0;;;;14;9;8;0;0;;;;17;31
"055028";"Porano";40;4;5;4;0;;;;13;6;5;1;0;;;;12;25
"055028";"Porano";41;3;3;0;0;;;;6;6;7;0;0;;;;13;19
"055028";"Porano";42;4;6;0;0;;;;10;4;8;2;0;;;;14;24
"055028";"Porano";43;8;5;0;0;;;;13;8;17;0;0;;;;25;38
"055028";"Porano";44;2;6;1;0;;;;9;12;9;0;0;;;;21;30
"055028";"Porano";45;10;17;0;0;;;;27;2;4;0;0;;;;6;33
"055028";"Porano";46;6;11;1;0;;;;18;4;15;0;0;;;;19;37
"055028";"Porano";47;3;8;0;0;;;;11;4;8;0;0;;;;12;23
"055028";"Porano";48;5;9;0;0;;;;14;6;13;0;0;;;;19;33
"055028";"Porano";49;7;14;0;0;;;;21;5;4;0;0;;;;9;30
"055028";"Porano";50;6;4;2;0;;;;12;4;14;0;0;;;;18;30
"055028";"Porano";51;2;12;1;1;;;;16;2;11;0;0;;;;13;29
"055028";"Porano";52;2;12;0;0;;;;14;2;8;0;1;;;;11;25
"055028";"Porano";53;3;9;0;0;;;;12;1;9;0;0;;;;10;22
"055028";"Porano";54;3;11;2;0;;;;16;2;11;0;0;;;;13;29
"055028";"Porano";55;4;9;1;0;;;;14;1;14;1;0;;;;16;30
"055028";"Porano";56;3;9;1;0;;;;13;5;13;4;0;;;;22;35
"055028";"Porano";57;2;7;0;0;;;;9;2;12;1;0;;;;15;24
"055028";"Porano";58;6;21;0;0;;;;27;4;13;1;1;;;;19;46
"055028";"Porano";59;2;6;0;0;;;;8;1;16;3;0;;;;20;28
"055028";"Porano";60;1;7;1;0;;;;9;2;17;2;0;;;;21;30
"055028";"Porano";61;1;13;0;0;;;;14;1;12;1;0;;;;14;28
"055028";"Porano";62;0;11;2;2;;;;15;1;17;0;3;;;;21;36
"055028";"Porano";63;3;11;3;1;;;;18;2;5;2;3;;;;12;30
"055028";"Porano";64;0;11;2;0;;;;13;1;10;2;1;;;;14;27
"055028";"Porano";65;1;8;1;1;;;;11;1;11;0;1;;;;13;24
"055028";"Porano";66;3;10;1;0;;;;14;1;5;0;3;;;;9;23
"055028";"Porano";67;1;12;1;0;;;;14;2;15;0;3;;;;20;34
"055028";"Porano";68;0;6;0;0;;;;6;0;5;2;1;;;;8;14
"055028";"Porano";69;0;9;0;1;;;;10;0;15;0;3;;;;18;28
"055028";"Porano";70;1;17;0;0;;;;18;0;6;0;4;;;;10;28
"055028";"Porano";71;2;11;1;0;;;;14;0;5;0;6;;;;11;25
"055028";"Porano";72;3;12;0;1;;;;16;1;8;0;3;;;;12;28
"055028";"Porano";73;3;17;0;1;;;;21;0;5;1;7;;;;13;34
"055028";"Porano";74;0;11;0;0;;;;11;0;10;0;4;;;;14;25
"055028";"Porano";75;0;8;0;2;;;;10;1;5;0;4;;;;10;20
"055028";"Porano";76;1;5;0;0;;;;6;1;4;2;3;;;;10;16
"055028";"Porano";77;0;2;0;1;;;;3;2;3;0;2;;;;7;10
"055028";"Porano";78;0;4;1;1;;;;6;1;2;0;6;;;;9;15
"055028";"Porano";79;2;4;0;2;;;;8;0;3;0;2;;;;5;13
"055028";"Porano";80;0;5;0;0;;;;5;2;2;0;3;;;;7;12
"055028";"Porano";81;0;4;0;0;;;;4;0;2;2;4;;;;8;12
"055028";"Porano";82;0;4;0;1;;;;5;3;4;0;5;;;;12;17
"055028";"Porano";83;0;6;0;1;;;;7;2;3;0;3;;;;8;15
"055028";"Porano";84;1;0;1;3;;;;5;4;3;0;5;;;;12;17
"055028";"Porano";85;0;4;1;2;;;;7;1;1;0;1;;;;3;10
"055028";"Porano";86;0;3;0;1;;;;4;0;2;0;5;;;;7;11
"055028";"Porano";87;0;4;0;0;;;;4;1;2;0;5;;;;8;12
"055028";"Porano";88;0;2;0;1;;;;3;2;1;0;5;;;;8;11
"055028";"Porano";89;0;1;0;1;;;;2;4;1;0;4;;;;9;11
"055028";"Porano";90;0;1;0;0;;;;1;2;0;0;3;;;;5;6
"055028";"Porano";91;0;0;0;1;;;;1;1;0;0;2;;;;3;4
"055028";"Porano";92;0;0;0;1;;;;1;4;0;0;3;;;;7;8
"055028";"Porano";93;0;0;0;0;;;;0;0;0;0;0;;;;0;0
"055028";"Porano";94;0;0;0;0;;;;0;2;0;0;2;;;;4;4
"055028";"Porano";95;0;0;0;0;;;;0;0;0;0;0;;;;0;0
"055028";"Porano";96;0;0;0;0;;;;0;0;0;0;2;;;;2;2
"055028";"Porano";97;0;0;0;1;;;;1;1;0;0;2;;;;3;4
"055028";"Porano";98;0;0;0;0;;;;0;1;0;0;0;;;;1;1
"055028";"Porano";99;0;0;0;0;;;;0;0;0;0;0;;;;0;0
"055028";"Porano";100;0;0;0;0;;;;0;0;0;0;1;;;;1;1
"055028";"Porano";999;417;434;31;27;;;;909;412;439;28;116;;;;995;1904
"055029";"San Gemini";0;8;0;0;0;;;;8;14;0;0;0;;;;14;22
"055029";"San Gemini";1;13;0;0;0;;;;13;14;0;0;0;;;;14;27
"055029";"San Gemini";2;11;0;0;0;;;;11;8;0;0;0;;;;8;19
"055029";"San Gemini";3;12;0;0;0;;;;12;17;0;0;0;;;;17;29
"055029";"San Gemini";4;14;0;0;0;;;;14;19;0;0;0;;;;19;33
"055029";"San Gemini";5;15;0;0;0;;;;15;13;0;0;0;;;;13;28
"055029";"San Gemini";6;18;0;0;0;;;;18;16;0;0;0;;;;16;34
"055029";"San Gemini";7;21;0;0;0;;;;21;15;0;0;0;;;;15;36
"055029";"San Gemini";8;18;0;0;0;;;;18;13;0;0;0;;;;13;31
"055029";"San Gemini";9;25;0;0;0;;;;25;22;0;0;0;;;;22;47
"055029";"San Gemini";10;20;0;0;0;;;;20;21;0;0;0;;;;21;41
"055029";"San Gemini";11;33;0;0;0;;;;33;21;0;0;0;;;;21;54
"055029";"San Gemini";12;22;0;0;0;;;;22;27;0;0;0;;;;27;49
"055029";"San Gemini";13;26;0;0;0;;;;26;30;0;0;0;;;;30;56
"055029";"San Gemini";14;19;0;0;0;;;;19;23;0;0;0;;;;23;42
"055029";"San Gemini";15;19;0;0;0;;;;19;25;0;0;0;;;;25;44
"055029";"San Gemini";16;21;0;0;0;;;;21;20;0;0;0;;;;20;41
"055029";"San Gemini";17;22;0;0;0;;;;22;18;0;0;0;;;;18;40
"055029";"San Gemini";18;22;0;0;0;;;;22;22;0;0;0;;;;22;44
"055029";"San Gemini";19;25;0;0;0;;;;25;23;0;0;0;;;;23;48
"055029";"San Gemini";20;21;0;0;0;;;;21;13;0;0;0;;;;13;34
"055029";"San Gemini";21;18;0;0;0;;;;18;25;0;0;0;;;;25;43
"055029";"San Gemini";22;19;0;0;0;;;;19;21;0;0;0;;;;21;40
"055029";"San Gemini";23;28;0;0;0;;;;28;24;0;0;0;;;;24;52
"055029";"San Gemini";24;15;1;0;0;;;;16;24;0;0;0;;;;24;40
"055029";"San Gemini";25;20;0;0;0;;;;20;14;0;0;0;;;;14;34
"055029";"San Gemini";26;31;0;0;0;;;;31;15;2;0;0;;;;17;48
"055029";"San Gemini";27;21;1;0;0;;;;22;16;4;0;0;;;;20;42
"055029";"San Gemini";28;18;0;0;0;;;;18;17;0;0;0;;;;17;35
"055029";"San Gemini";29;20;2;0;0;;;;22;20;3;0;0;;;;23;45
"055029";"San Gemini";30;22;0;0;0;;;;22;20;5;0;0;;;;25;47
"055029";"San Gemini";31;20;1;0;0;;;;21;18;7;1;0;;;;26;47
"055029";"San Gemini";32;17;0;0;0;;;;17;18;3;0;0;;;;21;38
"055029";"San Gemini";33;19;7;0;0;;;;26;8;3;0;0;;;;11;37
"055029";"San Gemini";34;21;4;0;0;;;;25;16;6;0;0;;;;22;47
"055029";"San Gemini";35;19;6;0;0;;;;25;12;8;0;0;;;;20;45
"055029";"San Gemini";36;16;6;0;0;;;;22;7;11;0;0;;;;18;40
"055029";"San Gemini";37;12;7;1;0;;;;20;11;11;0;0;;;;22;42
"055029";"San Gemini";38;8;5;0;0;;;;13;17;13;0;0;;;;30;43
"055029";"San Gemini";39;14;11;1;0;;;;26;11;15;2;0;;;;28;54
"055029";"San Gemini";40;16;9;0;0;;;;25;14;18;1;0;;;;33;58
"055029";"San Gemini";41;15;15;2;0;;;;32;12;21;1;0;;;;34;66
"055029";"San Gemini";42;7;24;2;0;;;;33;11;16;1;0;;;;28;61
"055029";"San Gemini";43;11;15;1;0;;;;27;14;36;3;1;;;;54;81
"055029";"San Gemini";44;13;20;0;0;;;;33;6;36;2;0;;;;44;77
"055029";"San Gemini";45;17;19;1;0;;;;37;13;17;0;1;;;;31;68
"055029";"San Gemini";46;13;25;1;0;;;;39;17;22;2;1;;;;42;81
"055029";"San Gemini";47;12;19;1;0;;;;32;8;35;0;1;;;;44;76
"055029";"San Gemini";48;19;17;2;0;;;;38;10;22;2;1;;;;35;73
"055029";"San Gemini";49;9;23;1;1;;;;34;8;34;2;0;;;;44;78
"055029";"San Gemini";50;10;26;3;0;;;;39;7;48;2;2;;;;59;98
"055029";"San Gemini";51;5;31;4;0;;;;40;2;27;1;1;;;;31;71
"055029";"San Gemini";52;9;44;1;0;;;;54;4;30;1;1;;;;36;90
"055029";"San Gemini";53;6;32;2;0;;;;40;1;31;5;0;;;;37;77
"055029";"San Gemini";54;4;31;1;0;;;;36;4;35;5;0;;;;44;80
"055029";"San Gemini";55;6;27;5;0;;;;38;5;33;5;2;;;;45;83
"055029";"San Gemini";56;2;32;4;0;;;;38;2;24;4;3;;;;33;71
"055029";"San Gemini";57;4;32;4;0;;;;40;2;38;2;3;;;;45;85
"055029";"San Gemini";58;3;30;4;1;;;;38;3;33;3;0;;;;39;77
"055029";"San Gemini";59;5;30;2;1;;;;38;2;27;0;0;;;;29;67
"055029";"San Gemini";60;4;28;2;0;;;;34;3;27;1;2;;;;33;67
"055029";"San Gemini";61;3;31;1;2;;;;37;1;23;3;0;;;;27;64
"055029";"San Gemini";62;3;24;2;0;;;;29;0;26;2;2;;;;30;59
"055029";"San Gemini";63;3;14;1;3;;;;21;3;26;2;5;;;;36;57
"055029";"San Gemini";64;4;30;2;0;;;;36;1;29;1;3;;;;34;70
"055029";"San Gemini";65;3;25;4;1;;;;33;3;30;2;9;;;;44;77
"055029";"San Gemini";66;3;27;0;0;;;;30;1;15;1;3;;;;20;50
"055029";"San Gemini";67;3;23;0;1;;;;27;0;27;1;4;;;;32;59
"055029";"San Gemini";68;2;24;2;1;;;;29;1;30;1;5;;;;37;66
"055029";"San Gemini";69;0;24;1;0;;;;25;1;27;0;8;;;;36;61
"055029";"San Gemini";70;0;18;0;1;;;;19;0;24;1;4;;;;29;48
"055029";"San Gemini";71;3;21;0;2;;;;26;1;27;1;8;;;;37;63
"055029";"San Gemini";72;3;32;1;1;;;;37;0;28;2;3;;;;33;70
"055029";"San Gemini";73;0;28;1;4;;;;33;2;23;2;8;;;;35;68
"055029";"San Gemini";74;0;30;3;2;;;;35;2;30;2;7;;;;41;76
"055029";"San Gemini";75;1;21;0;3;;;;25;0;14;0;6;;;;20;45
"055029";"San Gemini";76;3;19;0;2;;;;24;1;19;0;11;;;;31;55
"055029";"San Gemini";77;0;20;0;0;;;;20;2;17;2;10;;;;31;51
"055029";"San Gemini";78;0;20;0;1;;;;21;1;6;0;10;;;;17;38
"055029";"San Gemini";79;0;17;0;1;;;;18;0;18;0;8;;;;26;44
"055029";"San Gemini";80;1;22;0;3;;;;26;2;9;0;8;;;;19;45
"055029";"San Gemini";81;2;16;0;0;;;;18;0;10;0;9;;;;19;37
"055029";"San Gemini";82;0;15;0;5;;;;20;0;8;0;10;;;;18;38
"055029";"San Gemini";83;1;13;0;3;;;;17;0;10;1;18;;;;29;46
"055029";"San Gemini";84;0;13;0;3;;;;16;1;9;0;13;;;;23;39
"055029";"San Gemini";85;1;9;0;1;;;;11;1;5;0;9;;;;15;26
"055029";"San Gemini";86;1;13;0;4;;;;18;0;6;0;18;;;;24;42
"055029";"San Gemini";87;2;6;0;1;;;;9;1;1;0;14;;;;16;25
"055029";"San Gemini";88;0;10;0;3;;;;13;0;6;0;11;;;;17;30
"055029";"San Gemini";89;0;5;0;2;;;;7;0;1;0;9;;;;10;17
"055029";"San Gemini";90;0;3;0;3;;;;6;0;3;0;12;;;;15;21
"055029";"San Gemini";91;0;2;0;1;;;;3;0;3;0;11;;;;14;17
"055029";"San Gemini";92;0;4;0;2;;;;6;0;0;0;8;;;;8;14
"055029";"San Gemini";93;1;0;0;2;;;;3;1;0;0;10;;;;11;14
"055029";"San Gemini";94;1;2;0;1;;;;4;0;0;0;7;;;;7;11
"055029";"San Gemini";95;0;0;0;0;;;;0;0;1;0;3;;;;4;4
"055029";"San Gemini";96;0;0;0;3;;;;3;0;0;0;5;;;;5;8
"055029";"San Gemini";97;1;0;0;0;;;;1;0;0;0;2;;;;2;3
"055029";"San Gemini";98;1;0;0;0;;;;1;0;0;0;2;;;;2;3
"055029";"San Gemini";99;0;0;0;1;;;;1;0;0;0;2;;;;2;3
"055029";"San Gemini";100;0;0;0;0;;;;0;0;0;0;2;;;;2;2
"055029";"San Gemini";999;999;1161;63;66;;;;2289;882;1212;70;316;;;;2480;4769
"055030";"San Venanzo";0;5;0;0;0;;;;5;1;0;0;0;;;;1;6
"055030";"San Venanzo";1;7;0;0;0;;;;7;9;0;0;0;;;;9;16
"055030";"San Venanzo";2;7;0;0;0;;;;7;3;0;0;0;;;;3;10
"055030";"San Venanzo";3;5;0;0;0;;;;5;3;0;0;0;;;;3;8
"055030";"San Venanzo";4;7;0;0;0;;;;7;4;0;0;0;;;;4;11
"055030";"San Venanzo";5;5;0;0;0;;;;5;5;0;0;0;;;;5;10
"055030";"San Venanzo";6;6;0;0;0;;;;6;9;0;0;0;;;;9;15
"055030";"San Venanzo";7;10;0;0;0;;;;10;7;0;0;0;;;;7;17
"055030";"San Venanzo";8;2;0;0;0;;;;2;3;0;0;0;;;;3;5
"055030";"San Venanzo";9;4;0;0;0;;;;4;6;0;0;0;;;;6;10
"055030";"San Venanzo";10;8;0;0;0;;;;8;6;0;0;0;;;;6;14
"055030";"San Venanzo";11;5;0;0;0;;;;5;6;0;0;0;;;;6;11
"055030";"San Venanzo";12;11;0;0;0;;;;11;6;0;0;0;;;;6;17
"055030";"San Venanzo";13;6;0;0;0;;;;6;8;0;0;0;;;;8;14
"055030";"San Venanzo";14;6;0;0;0;;;;6;3;0;0;0;;;;3;9
"055030";"San Venanzo";15;8;0;0;0;;;;8;3;0;0;0;;;;3;11
"055030";"San Venanzo";16;13;0;0;0;;;;13;11;0;0;0;;;;11;24
"055030";"San Venanzo";17;8;0;0;0;;;;8;10;0;0;0;;;;10;18
"055030";"San Venanzo";18;7;0;0;0;;;;7;6;0;0;0;;;;6;13
"055030";"San Venanzo";19;7;0;0;0;;;;7;4;0;0;0;;;;4;11
"055030";"San Venanzo";20;12;0;0;0;;;;12;8;0;0;0;;;;8;20
"055030";"San Venanzo";21;12;0;0;0;;;;12;10;1;0;0;;;;11;23
"055030";"San Venanzo";22;6;0;0;0;;;;6;9;0;0;0;;;;9;15
"055030";"San Venanzo";23;10;0;0;0;;;;10;10;2;0;0;;;;12;22
"055030";"San Venanzo";24;10;0;0;0;;;;10;8;0;0;0;;;;8;18
"055030";"San Venanzo";25;17;1;0;0;;;;18;6;0;0;0;;;;6;24
"055030";"San Venanzo";26;9;1;0;0;;;;10;4;1;0;0;;;;5;15
"055030";"San Venanzo";27;14;1;0;0;;;;15;12;2;0;0;;;;14;29
"055030";"San Venanzo";28;10;1;0;0;;;;11;2;1;0;0;;;;3;14
"055030";"San Venanzo";29;13;3;0;0;;;;16;8;4;0;0;;;;12;28
"055030";"San Venanzo";30;19;5;0;0;;;;24;7;2;0;0;;;;9;33
"055030";"San Venanzo";31;13;1;0;0;;;;14;12;0;0;0;;;;12;26
"055030";"San Venanzo";32;14;1;0;0;;;;15;12;2;0;0;;;;14;29
"055030";"San Venanzo";33;10;7;0;0;;;;17;5;2;0;0;;;;7;24
"055030";"San Venanzo";34;12;7;0;0;;;;19;4;3;0;0;;;;7;26
"055030";"San Venanzo";35;8;5;1;0;;;;14;6;9;0;0;;;;15;29
"055030";"San Venanzo";36;5;7;0;0;;;;12;4;3;0;0;;;;7;19
"055030";"San Venanzo";37;7;6;0;0;;;;13;7;4;0;0;;;;11;24
"055030";"San Venanzo";38;16;5;0;0;;;;21;5;9;0;0;;;;14;35
"055030";"San Venanzo";39;10;3;0;0;;;;13;2;6;0;0;;;;8;21
"055030";"San Venanzo";40;6;3;0;0;;;;9;7;1;0;0;;;;8;17
"055030";"San Venanzo";41;4;8;0;0;;;;12;3;7;0;1;;;;11;23
"055030";"San Venanzo";42;6;3;0;0;;;;9;1;6;0;0;;;;7;16
"055030";"San Venanzo";43;5;8;0;0;;;;13;4;6;1;0;;;;11;24
"055030";"San Venanzo";44;6;2;0;0;;;;8;2;9;1;0;;;;12;20
"055030";"San Venanzo";45;9;8;0;0;;;;17;4;11;1;2;;;;18;35
"055030";"San Venanzo";46;7;9;1;0;;;;17;6;9;0;0;;;;15;32
"055030";"San Venanzo";47;1;8;0;0;;;;9;5;13;1;0;;;;19;28
"055030";"San Venanzo";48;3;8;1;0;;;;12;0;18;0;0;;;;18;30
"055030";"San Venanzo";49;2;11;0;0;;;;13;1;8;1;0;;;;10;23
"055030";"San Venanzo";50;5;11;0;0;;;;16;5;12;0;0;;;;17;33
"055030";"San Venanzo";51;3;13;0;0;;;;16;3;9;2;0;;;;14;30
"055030";"San Venanzo";52;1;19;0;2;;;;22;6;8;0;1;;;;15;37
"055030";"San Venanzo";53;2;13;0;0;;;;15;3;8;1;0;;;;12;27
"055030";"San Venanzo";54;3;15;0;0;;;;18;3;10;0;2;;;;15;33
"055030";"San Venanzo";55;6;11;1;0;;;;18;8;12;1;1;;;;22;40
"055030";"San Venanzo";56;2;9;0;1;;;;12;1;19;2;2;;;;24;36
"055030";"San Venanzo";57;11;15;0;1;;;;27;2;27;0;0;;;;29;56
"055030";"San Venanzo";58;2;11;1;0;;;;14;2;16;1;0;;;;19;33
"055030";"San Venanzo";59;5;11;0;1;;;;17;6;14;2;0;;;;22;39
"055030";"San Venanzo";60;6;15;0;0;;;;21;5;19;0;0;;;;24;45
"055030";"San Venanzo";61;4;24;1;0;;;;29;3;15;3;3;;;;24;53
"055030";"San Venanzo";62;3;10;0;0;;;;13;2;15;0;2;;;;19;32
"055030";"San Venanzo";63;1;17;0;0;;;;18;2;12;1;3;;;;18;36
"055030";"San Venanzo";64;6;13;1;0;;;;20;1;10;0;1;;;;12;32
"055030";"San Venanzo";65;3;13;2;1;;;;19;0;14;0;2;;;;16;35
"055030";"San Venanzo";66;6;15;3;0;;;;24;0;12;1;3;;;;16;40
"055030";"San Venanzo";67;2;11;2;1;;;;16;2;12;1;3;;;;18;34
"055030";"San Venanzo";68;1;12;0;1;;;;14;3;6;0;2;;;;11;25
"055030";"San Venanzo";69;1;18;0;2;;;;21;2;8;1;1;;;;12;33
"055030";"San Venanzo";70;2;14;0;1;;;;17;4;5;2;3;;;;14;31
"055030";"San Venanzo";71;2;11;0;0;;;;13;4;9;0;2;;;;15;28
"055030";"San Venanzo";72;6;7;2;0;;;;15;1;7;1;4;;;;13;28
"055030";"San Venanzo";73;1;7;2;0;;;;10;1;12;0;3;;;;16;26
"055030";"San Venanzo";74;1;14;0;2;;;;17;1;10;0;3;;;;14;31
"055030";"San Venanzo";75;0;8;2;0;;;;10;1;6;0;8;;;;15;25
"055030";"San Venanzo";76;3;7;1;1;;;;12;0;5;0;9;;;;14;26
"055030";"San Venanzo";77;3;7;0;0;;;;10;0;3;0;3;;;;6;16
"055030";"San Venanzo";78;1;10;0;0;;;;11;0;7;0;7;;;;14;25
"055030";"San Venanzo";79;1;12;0;0;;;;13;0;0;0;5;;;;5;18
"055030";"San Venanzo";80;2;10;1;0;;;;13;0;4;0;3;;;;7;20
"055030";"San Venanzo";81;1;11;1;0;;;;13;0;10;1;7;;;;18;31
"055030";"San Venanzo";82;0;6;0;2;;;;8;2;9;1;4;;;;16;24
"055030";"San Venanzo";83;1;7;0;3;;;;11;2;5;0;6;;;;13;24
"055030";"San Venanzo";84;1;6;0;3;;;;10;0;3;0;5;;;;8;18
"055030";"San Venanzo";85;0;5;0;2;;;;7;0;3;0;5;;;;8;15
"055030";"San Venanzo";86;0;3;0;3;;;;6;0;2;0;9;;;;11;17
"055030";"San Venanzo";87;1;4;0;1;;;;6;0;1;0;6;;;;7;13
"055030";"San Venanzo";88;0;2;0;1;;;;3;1;3;0;7;;;;11;14
"055030";"San Venanzo";89;1;5;0;1;;;;7;0;1;0;4;;;;5;12
"055030";"San Venanzo";90;1;2;0;0;;;;3;0;2;0;4;;;;6;9
"055030";"San Venanzo";91;0;1;0;0;;;;1;1;0;0;2;;;;3;4
"055030";"San Venanzo";92;0;1;0;0;;;;1;1;1;0;2;;;;4;5
"055030";"San Venanzo";93;0;0;0;1;;;;1;0;0;0;4;;;;4;5
"055030";"San Venanzo";94;0;0;0;1;;;;1;0;0;0;3;;;;3;4
"055030";"San Venanzo";95;0;0;0;0;;;;0;1;0;0;2;;;;3;3
"055030";"San Venanzo";96;0;0;0;0;;;;0;0;0;0;1;;;;1;1
"055030";"San Venanzo";97;0;1;0;0;;;;1;0;0;0;3;;;;3;4
"055030";"San Venanzo";98;0;0;0;0;;;;0;0;1;0;1;;;;2;2
"055030";"San Venanzo";99;0;0;0;0;;;;0;0;0;0;0;;;;0;0
"055030";"San Venanzo";100;0;0;0;0;;;;0;0;0;0;2;;;;2;2
"055030";"San Venanzo";999;514;559;23;32;;;;1128;366;506;26;156;;;;1054;2182
"055031";"Stroncone";0;11;0;0;0;;;;11;9;0;0;0;;;;9;20
"055031";"Stroncone";1;14;0;0;0;;;;14;9;0;0;0;;;;9;23
"055031";"Stroncone";2;15;0;0;0;;;;15;13;0;0;0;;;;13;28
"055031";"Stroncone";3;11;0;0;0;;;;11;13;0;0;0;;;;13;24
"055031";"Stroncone";4;21;0;0;0;;;;21;11;0;0;0;;;;11;32
"055031";"Stroncone";5;19;0;0;0;;;;19;13;0;0;0;;;;13;32
"055031";"Stroncone";6;19;0;0;0;;;;19;26;0;0;0;;;;26;45
"055031";"Stroncone";7;21;0;0;0;;;;21;13;0;0;0;;;;13;34
"055031";"Stroncone";8;18;0;0;0;;;;18;24;0;0;0;;;;24;42
"055031";"Stroncone";9;30;0;0;0;;;;30;22;0;0;0;;;;22;52
"055031";"Stroncone";10;26;0;0;0;;;;26;17;0;0;0;;;;17;43
"055031";"Stroncone";11;27;0;0;0;;;;27;25;0;0;0;;;;25;52
"055031";"Stroncone";12;16;0;0;0;;;;16;22;0;0;0;;;;22;38
"055031";"Stroncone";13;25;0;0;0;;;;25;18;0;0;0;;;;18;43
"055031";"Stroncone";14;19;0;0;0;;;;19;31;0;0;0;;;;31;50
"055031";"Stroncone";15;21;0;0;0;;;;21;14;0;0;0;;;;14;35
"055031";"Stroncone";16;20;0;0;0;;;;20;20;0;0;0;;;;20;40
"055031";"Stroncone";17;23;0;0;0;;;;23;23;0;0;0;;;;23;46
"055031";"Stroncone";18;17;0;0;0;;;;17;23;0;0;0;;;;23;40
"055031";"Stroncone";19;19;0;0;0;;;;19;19;0;0;0;;;;19;38
"055031";"Stroncone";20;23;0;0;0;;;;23;17;0;0;0;;;;17;40
"055031";"Stroncone";21;26;0;0;0;;;;26;23;0;0;0;;;;23;49
"055031";"Stroncone";22;27;0;0;0;;;;27;19;0;0;0;;;;19;46
"055031";"Stroncone";23;19;0;0;0;;;;19;18;1;0;0;;;;19;38
"055031";"Stroncone";24;22;0;0;0;;;;22;18;1;0;0;;;;19;41
"055031";"Stroncone";25;20;0;0;0;;;;20;20;1;0;0;;;;21;41
"055031";"Stroncone";26;20;0;0;0;;;;20;19;1;0;0;;;;20;40
"055031";"Stroncone";27;24;0;0;0;;;;24;17;3;0;0;;;;20;44
"055031";"Stroncone";28;12;1;0;0;;;;13;13;3;0;0;;;;16;29
"055031";"Stroncone";29;23;0;0;0;;;;23;18;0;0;0;;;;18;41
"055031";"Stroncone";30;16;1;0;0;;;;17;14;6;0;0;;;;20;37
"055031";"Stroncone";31;19;0;0;0;;;;19;12;5;0;0;;;;17;36
"055031";"Stroncone";32;24;1;0;0;;;;25;11;7;0;0;;;;18;43
"055031";"Stroncone";33;14;6;0;0;;;;20;10;13;0;0;;;;23;43
"055031";"Stroncone";34;21;4;0;0;;;;25;5;4;0;0;;;;9;34
"055031";"Stroncone";35;18;8;0;0;;;;26;10;13;1;0;;;;24;50
"055031";"Stroncone";36;15;8;0;0;;;;23;12;12;0;1;;;;25;48
"055031";"Stroncone";37;16;9;0;0;;;;25;7;21;0;0;;;;28;53
"055031";"Stroncone";38;14;10;0;0;;;;24;15;21;1;0;;;;37;61
"055031";"Stroncone";39;9;15;1;0;;;;25;6;16;1;0;;;;23;48
"055031";"Stroncone";40;9;27;0;0;;;;36;9;23;1;0;;;;33;69
"055031";"Stroncone";41;18;25;0;0;;;;43;8;27;3;1;;;;39;82
"055031";"Stroncone";42;13;13;2;0;;;;28;7;29;2;0;;;;38;66
"055031";"Stroncone";43;8;28;2;0;;;;38;8;21;0;0;;;;29;67
"055031";"Stroncone";44;13;28;1;0;;;;42;5;15;3;0;;;;23;65
"055031";"Stroncone";45;15;27;0;0;;;;42;10;25;1;0;;;;36;78
"055031";"Stroncone";46;15;26;1;0;;;;42;1;26;1;0;;;;28;70
"055031";"Stroncone";47;13;29;3;0;;;;45;4;35;1;1;;;;41;86
"055031";"Stroncone";48;10;30;4;1;;;;45;7;27;1;2;;;;37;82
"055031";"Stroncone";49;10;21;1;0;;;;32;6;20;5;0;;;;31;63
"055031";"Stroncone";50;9;22;3;0;;;;34;6;32;3;0;;;;41;75
"055031";"Stroncone";51;13;22;4;0;;;;39;2;35;4;0;;;;41;80
"055031";"Stroncone";52;8;33;2;0;;;;43;5;28;0;0;;;;33;76
"055031";"Stroncone";53;8;26;2;0;;;;36;4;35;0;2;;;;41;77
"055031";"Stroncone";54;8;26;5;0;;;;39;1;37;4;0;;;;42;81
"055031";"Stroncone";55;6;32;4;0;;;;42;3;32;4;1;;;;40;82
"055031";"Stroncone";56;7;37;1;0;;;;45;1;31;6;0;;;;38;83
"055031";"Stroncone";57;6;35;0;0;;;;41;2;29;2;5;;;;38;79
"055031";"Stroncone";58;3;23;2;1;;;;29;3;31;8;3;;;;45;74
"055031";"Stroncone";59;2;20;6;1;;;;29;3;26;1;0;;;;30;59
"055031";"Stroncone";60;4;37;2;0;;;;43;0;27;2;4;;;;33;76
"055031";"Stroncone";61;5;25;1;0;;;;31;1;21;0;2;;;;24;55
"055031";"Stroncone";62;4;26;2;0;;;;32;1;24;5;4;;;;34;66
"055031";"Stroncone";63;6;26;3;0;;;;35;0;20;4;3;;;;27;62
"055031";"Stroncone";64;0;22;3;0;;;;25;0;24;1;0;;;;25;50
"055031";"Stroncone";65;2;25;1;1;;;;29;0;22;1;3;;;;26;55
"055031";"Stroncone";66;2;27;1;2;;;;32;1;21;2;4;;;;28;60
"055031";"Stroncone";67;1;27;1;1;;;;30;0;28;0;6;;;;34;64
"055031";"Stroncone";68;1;26;0;2;;;;29;2;21;1;6;;;;30;59
"055031";"Stroncone";69;2;25;3;0;;;;30;0;22;1;5;;;;28;58
"055031";"Stroncone";70;2;22;1;2;;;;27;1;19;3;6;;;;29;56
"055031";"Stroncone";71;2;21;0;4;;;;27;1;25;3;9;;;;38;65
"055031";"Stroncone";72;2;33;1;2;;;;38;0;29;0;4;;;;33;71
"055031";"Stroncone";73;2;21;0;1;;;;24;0;16;1;5;;;;22;46
"055031";"Stroncone";74;1;25;1;0;;;;27;1;20;1;8;;;;30;57
"055031";"Stroncone";75;1;18;0;4;;;;23;0;19;0;13;;;;32;55
"055031";"Stroncone";76;2;17;1;3;;;;23;0;11;0;7;;;;18;41
"055031";"Stroncone";77;0;21;0;3;;;;24;1;18;2;7;;;;28;52
"055031";"Stroncone";78;1;24;1;2;;;;28;0;20;0;10;;;;30;58
"055031";"Stroncone";79;1;14;0;1;;;;16;1;10;0;4;;;;15;31
"055031";"Stroncone";80;2;19;0;3;;;;24;2;10;0;5;;;;17;41
"055031";"Stroncone";81;0;16;0;1;;;;17;0;7;1;8;;;;16;33
"055031";"Stroncone";82;2;14;0;5;;;;21;1;7;0;12;;;;20;41
"055031";"Stroncone";83;2;10;0;3;;;;15;0;4;1;17;;;;22;37
"055031";"Stroncone";84;0;7;0;3;;;;10;1;5;0;19;;;;25;35
"055031";"Stroncone";85;0;9;1;3;;;;13;0;3;0;14;;;;17;30
"055031";"Stroncone";86;0;12;0;3;;;;15;0;0;1;13;;;;14;29
"055031";"Stroncone";87;1;6;1;4;;;;12;1;3;0;11;;;;15;27
"055031";"Stroncone";88;1;4;0;3;;;;8;0;4;0;9;;;;13;21
"055031";"Stroncone";89;1;5;0;4;;;;10;2;3;0;7;;;;12;22
"055031";"Stroncone";90;0;3;0;4;;;;7;0;4;0;14;;;;18;25
"055031";"Stroncone";91;0;2;0;0;;;;2;0;2;0;8;;;;10;12
"055031";"Stroncone";92;0;3;0;1;;;;4;0;0;0;5;;;;5;9
"055031";"Stroncone";93;0;0;0;2;;;;2;0;0;0;3;;;;3;5
"055031";"Stroncone";94;0;2;1;0;;;;3;0;0;0;3;;;;3;6
"055031";"Stroncone";95;0;1;0;0;;;;1;0;0;0;6;;;;6;7
"055031";"Stroncone";96;0;0;0;0;;;;0;0;0;0;2;;;;2;2
"055031";"Stroncone";97;0;0;0;0;;;;0;0;0;0;0;;;;0;0
"055031";"Stroncone";98;0;0;0;0;;;;0;0;0;0;2;;;;2;2
"055031";"Stroncone";99;0;0;0;2;;;;2;0;0;0;2;;;;2;4
"055031";"Stroncone";100;0;0;0;0;;;;0;0;0;0;0;;;;0;0
"055031";"Stroncone";999;1018;1188;69;72;;;;2347;761;1161;83;286;;;;2291;4638
"055032";"Terni";0;333;0;0;0;0;0;0;333;304;0;0;0;0;0;0;304;637
"055032";"Terni";1;327;0;0;0;0;0;0;327;318;0;0;0;0;0;0;318;645
"055032";"Terni";2;337;0;0;0;0;0;0;337;325;0;0;0;0;0;0;325;662
"055032";"Terni";3;336;0;0;0;0;0;0;336;358;0;0;0;0;0;0;358;694
"055032";"Terni";4;363;0;0;0;0;0;0;363;339;0;0;0;0;0;0;339;702
"055032";"Terni";5;361;0;0;0;0;0;0;361;372;0;0;0;0;0;0;372;733
"055032";"Terni";6;364;0;0;0;0;0;0;364;355;0;0;0;0;0;0;355;719
"055032";"Terni";7;442;0;0;0;0;0;0;442;409;0;0;0;0;0;0;409;851
"055032";"Terni";8;429;0;0;0;0;0;0;429;414;0;0;0;0;0;0;414;843
"055032";"Terni";9;443;0;0;0;0;0;0;443;420;0;0;0;0;0;0;420;863
"055032";"Terni";10;423;0;0;0;0;0;0;423;410;0;0;0;0;0;0;410;833
"055032";"Terni";11;490;0;0;0;0;0;0;490;441;0;0;0;0;0;0;441;931
"055032";"Terni";12;461;0;0;0;0;0;0;461;452;0;0;0;0;0;0;452;913
"055032";"Terni";13;476;0;0;0;0;0;0;476;441;0;0;0;0;0;0;441;917
"055032";"Terni";14;536;0;0;0;0;0;0;536;474;0;0;0;0;0;0;474;1010
"055032";"Terni";15;479;0;0;0;0;0;0;479;484;0;0;0;0;0;0;484;963
"055032";"Terni";16;509;0;0;0;0;0;0;509;458;0;0;0;0;0;0;458;967
"055032";"Terni";17;503;0;0;0;0;0;0;503;472;0;0;0;0;0;0;472;975
"055032";"Terni";18;491;0;0;0;0;0;0;491;465;0;0;0;0;0;0;465;956
"055032";"Terni";19;491;0;0;0;0;0;0;491;491;1;0;0;0;0;0;492;983
"055032";"Terni";20;479;0;0;0;0;0;0;479;426;4;0;0;0;0;0;430;909
"055032";"Terni";21;515;1;0;0;0;0;0;516;460;4;0;0;0;0;0;464;980
"055032";"Terni";22;529;4;0;0;0;0;0;533;471;11;0;0;0;0;0;482;1015
"055032";"Terni";23;523;4;0;0;0;0;0;527;419;14;0;0;0;0;0;433;960
"055032";"Terni";24;501;6;0;0;0;0;0;507;410;21;0;0;0;0;0;431;938
"055032";"Terni";25;508;12;1;0;0;0;0;521;422;38;0;0;0;0;0;460;981
"055032";"Terni";26;470;14;0;0;0;0;0;484;409;39;1;1;0;0;0;450;934
"055032";"Terni";27;494;22;0;0;0;0;0;516;413;69;1;0;0;0;0;483;999
"055032";"Terni";28;437;28;2;0;1;0;0;468;415;73;1;0;0;0;0;489;957
"055032";"Terni";29;466;49;1;0;1;0;0;517;378;103;4;0;0;0;0;485;1002
"055032";"Terni";30;466;56;0;0;0;0;0;522;366;128;4;0;0;0;0;498;1020
"055032";"Terni";31;437;90;0;0;2;0;0;529;371;140;2;0;2;0;0;515;1044
"055032";"Terni";32;408;101;3;0;0;0;0;512;316;197;3;1;0;0;0;517;1029
"055032";"Terni";33;394;143;3;0;0;0;0;540;333;200;6;1;0;0;0;540;1080
"055032";"Terni";34;355;181;7;0;1;0;0;544;293;226;14;0;0;0;0;533;1077
"055032";"Terni";35;364;167;6;0;0;0;0;537;270;248;15;2;2;0;0;537;1074
"055032";"Terni";36;347;199;12;0;0;0;0;558;241;283;18;2;1;0;0;545;1103
"055032";"Terni";37;342;223;11;0;0;0;0;576;251;280;19;1;1;0;0;552;1128
"055032";"Terni";38;312;243;6;0;1;0;0;562;248;320;18;4;1;0;0;591;1153
"055032";"Terni";39;326;249;12;3;1;0;0;591;243;359;32;3;0;0;0;637;1228
"055032";"Terni";40;285;316;21;0;0;0;0;622;251;345;33;0;1;0;0;630;1252
"055032";"Terni";41;285;336;18;0;2;0;0;641;191;340;39;10;1;0;0;581;1222
"055032";"Terni";42;277;358;21;0;0;0;0;656;228;425;38;7;2;0;0;700;1356
"055032";"Terni";43;267;374;20;4;1;0;0;666;201;485;46;5;1;0;0;738;1404
"055032";"Terni";44;299;385;27;3;0;0;0;714;188;502;59;12;0;0;0;761;1475
"055032";"Terni";45;297;463;38;2;0;0;0;800;185;509;68;4;0;0;0;766;1566
"055032";"Terni";46;282;471;46;1;0;0;0;800;194;587;80;15;0;0;0;876;1676
"055032";"Terni";47;250;497;48;2;2;0;0;799;189;659;81;15;0;0;0;944;1743
"055032";"Terni";48;263;536;43;1;1;0;0;844;188;617;92;10;0;0;0;907;1751
"055032";"Terni";49;244;497;73;1;0;0;0;815;191;650;93;9;1;0;0;944;1759
"055032";"Terni";50;222;551;69;2;1;0;0;845;175;660;104;14;0;0;0;953;1798
"055032";"Terni";51;218;585;65;13;1;0;0;882;152;601;109;23;0;0;0;885;1767
"055032";"Terni";52;173;620;59;6;1;0;0;859;155;689;114;19;1;0;0;978;1837
"055032";"Terni";53;195;626;70;4;0;0;0;895;126;686;106;28;0;0;0;946;1841
"055032";"Terni";54;159;608;70;9;1;0;0;847;135;678;114;27;0;0;0;954;1801
"055032";"Terni";55;150;587;60;15;1;0;0;813;102;727;101;32;0;0;0;962;1775
"055032";"Terni";56;146;672;81;13;0;0;0;912;126;689;106;39;0;0;0;960;1872
"055032";"Terni";57;124;693;84;9;1;0;0;911;109;666;108;45;0;0;0;928;1839
"055032";"Terni";58;91;637;61;9;3;0;0;801;94;653;100;35;0;0;0;882;1683
"055032";"Terni";59;103;563;71;13;0;0;0;750;68;616;99;45;0;0;0;828;1578
"055032";"Terni";60;96;533;83;15;0;0;0;727;62;567;90;54;0;0;0;773;1500
"055032";"Terni";61;75;565;55;14;1;0;0;710;71;572;101;63;0;0;0;807;1517
"055032";"Terni";62;86;499;52;12;1;0;0;650;62;563;76;55;0;0;0;756;1406
"055032";"Terni";63;80;516;62;10;0;0;0;668;63;507;83;64;0;0;0;717;1385
"055032";"Terni";64;60;485;52;23;1;0;0;621;60;497;76;79;0;0;0;712;1333
"055032";"Terni";65;57;499;53;21;0;0;0;630;52;550;71;85;0;0;0;758;1388
"055032";"Terni";66;51;506;46;21;0;0;0;624;50;554;73;104;0;0;0;781;1405
"055032";"Terni";67;37;478;47;21;1;0;0;584;39;517;59;76;0;0;0;691;1275
"055032";"Terni";68;46;445;45;26;1;0;0;563;40;494;54;118;0;0;0;706;1269
"055032";"Terni";69;27;467;34;33;0;0;0;561;42;490;42;113;0;0;0;687;1248
"055032";"Terni";70;32;476;39;33;0;0;0;580;43;469;56;130;0;0;0;698;1278
"055032";"Terni";71;33;445;41;30;0;0;0;549;31;490;51;146;0;0;0;718;1267
"055032";"Terni";72;33;512;37;41;0;0;0;623;39;481;52;156;0;0;0;728;1351
"055032";"Terni";73;34;601;35;43;0;0;0;713;43;524;41;199;0;0;0;807;1520
"055032";"Terni";74;27;568;19;46;0;0;0;660;41;461;35;203;0;0;0;740;1400
"055032";"Terni";75;25;504;25;52;0;0;0;606;29;484;43;210;0;0;0;766;1372
"055032";"Terni";76;24;383;23;41;0;0;0;471;26;353;32;192;0;0;0;603;1074
"055032";"Terni";77;26;395;9;48;0;0;0;478;29;367;24;215;0;0;0;635;1113
"055032";"Terni";78;19;429;13;50;0;0;0;511;27;358;22;308;0;0;0;715;1226
"055032";"Terni";79;25;389;16;53;0;0;0;483;19;330;28;295;0;0;0;672;1155
"055032";"Terni";80;26;381;8;57;0;0;0;472;27;298;20;286;0;0;0;631;1103
"055032";"Terni";81;16;439;17;67;0;0;0;539;28;287;14;340;0;0;0;669;1208
"055032";"Terni";82;18;349;5;68;0;0;0;440;24;231;22;308;0;0;0;585;1025
"055032";"Terni";83;9;320;3;80;0;0;0;412;21;197;19;351;0;0;0;588;1000
"055032";"Terni";84;10;275;5;71;0;0;0;361;22;161;8;357;0;0;0;548;909
"055032";"Terni";85;7;213;2;66;0;0;0;288;10;111;13;317;0;0;0;451;739
"055032";"Terni";86;6;193;4;66;0;0;0;269;25;92;6;299;0;0;0;422;691
"055032";"Terni";87;14;153;2;44;0;0;0;213;21;79;6;295;0;0;0;401;614
"055032";"Terni";88;6;126;3;67;0;0;0;202;17;56;3;275;0;0;0;351;553
"055032";"Terni";89;5;122;2;46;0;0;0;175;16;39;4;228;0;0;0;287;462
"055032";"Terni";90;3;101;1;38;0;0;0;143;9;27;5;255;0;0;0;296;439
"055032";"Terni";91;1;71;1;44;0;0;0;117;12;25;1;206;0;0;0;244;361
"055032";"Terni";92;1;38;0;30;0;0;0;69;5;15;2;205;0;0;0;227;296
"055032";"Terni";93;1;24;2;29;0;0;0;56;10;7;0;135;0;0;0;152;208
"055032";"Terni";94;1;17;3;23;0;0;0;44;6;8;1;140;0;0;0;155;199
"055032";"Terni";95;0;20;0;21;0;0;0;41;6;1;1;108;0;0;0;116;157
"055032";"Terni";96;0;12;0;22;0;0;0;34;1;2;1;82;0;0;0;86;120
"055032";"Terni";97;0;6;0;9;0;0;0;15;1;1;0;58;0;0;0;60;75
"055032";"Terni";98;0;2;0;8;0;0;0;10;5;2;0;39;0;0;0;46;56
"055032";"Terni";99;0;0;0;4;0;0;0;4;1;0;0;24;0;0;0;25;29
"055032";"Terni";100;0;0;0;5;0;0;0;5;1;0;0;30;0;0;0;31;36
"055032";"Terni";999;22614;24724;1953;1608;27;0;0;50926;19741;25809;3063;7612;14;0;0;56239;107165
