"Popolazione residente per età, sesso e stato civile al 1° gennaio 2024"
"Codice comune";"Comune";"Età";"Celibi";"Coniugati";"Divorziati";"Vedovi";"Uniti civilmente";"Maschi già in unione civile (per scioglimento unione)";"Maschi già in unione civile (per decesso del partner)";"Totale maschi";"Nubili";"Coniugate";"Divorziate";"Vedove";"Unite civilmente";"Femmine già in unione civile (per scioglimento unione)";"Femmine già in unione civile (per decesso del partner)";"Totale femmine";"Totale"
"055001";"Acquasparta";0;11;0;0;0;;;;11;12;0;0;0;;;;12;23
"055001";"Acquasparta";1;15;0;0;0;;;;15;12;0;0;0;;;;12;27
"055001";"Acquasparta";2;10;0;0;0;;;;10;18;0;0;0;;;;18;28
"055001";"Acquasparta";3;10;0;0;0;;;;10;9;0;0;0;;;;9;19
"055001";"Acquasparta";4;12;0;0;0;;;;12;10;0;0;0;;;;10;22
"055001";"Acquasparta";5;12;0;0;0;;;;12;17;0;0;0;;;;17;29
"055001";"Acquasparta";6;15;0;0;0;;;;15;7;0;0;0;;;;7;22
"055001";"Acquasparta";7;13;0;0;0;;;;13;21;0;0;0;;;;21;34
"055001";"Acquasparta";8;15;0;0;0;;;;15;18;0;0;0;;;;18;33
"055001";"Acquasparta";9;15;0;0;0;;;;15;20;0;0;0;;;;20;35
"055001";"Acquasparta";10;27;0;0;0;;;;27;19;0;0;0;;;;19;46
"055001";"Acquasparta";11;28;0;0;0;;;;28;17;0;0;0;;;;17;45
"055001";"Acquasparta";12;25;0;0;0;;;;25;16;0;0;0;;;;16;41
"055001";"Acquasparta";13;20;0;0;0;;;;20;30;0;0;0;;;;30;50
"055001";"Acquasparta";14;23;0;0;0;;;;23;17;0;0;0;;;;17;40
"055001";"Acquasparta";15;32;0;0;0;;;;32;27;0;0;0;;;;27;59
"055001";"Acquasparta";16;37;0;0;0;;;;37;22;0;0;0;;;;22;59
"055001";"Acquasparta";17;28;0;0;0;;;;28;20;0;0;0;;;;20;48
"055001";"Acquasparta";18;31;0;0;0;;;;31;19;0;0;0;;;;19;50
"055001";"Acquasparta";19;30;0;0;0;;;;30;23;0;0;0;;;;23;53
"055001";"Acquasparta";20;25;0;0;0;;;;25;16;1;0;0;;;;17;42
"055001";"Acquasparta";21;27;0;0;0;;;;27;17;0;0;0;;;;17;44
"055001";"Acquasparta";22;22;0;0;0;;;;22;24;0;0;0;;;;24;46
"055001";"Acquasparta";23;22;0;0;0;;;;22;20;2;0;0;;;;22;44
"055001";"Acquasparta";24;18;0;0;0;;;;18;17;0;0;0;;;;17;35
"055001";"Acquasparta";25;23;0;0;0;;;;23;17;1;0;0;;;;18;41
"055001";"Acquasparta";26;14;0;0;0;;;;14;8;4;0;0;;;;12;26
"055001";"Acquasparta";27;13;1;0;0;;;;14;18;4;0;0;;;;22;36
"055001";"Acquasparta";28;9;0;0;0;;;;9;13;4;0;0;;;;17;26
"055001";"Acquasparta";29;17;0;0;0;;;;17;15;1;0;0;;;;16;33
"055001";"Acquasparta";30;9;6;0;0;;;;15;16;2;0;0;;;;18;33
"055001";"Acquasparta";31;11;2;0;0;;;;13;10;3;1;0;;;;14;27
"055001";"Acquasparta";32;20;2;0;0;;;;22;9;9;0;0;;;;18;40
"055001";"Acquasparta";33;13;6;0;0;;;;19;17;10;1;0;;;;28;47
"055001";"Acquasparta";34;20;4;0;0;;;;24;12;5;0;0;;;;17;41
"055001";"Acquasparta";35;13;4;0;0;;;;17;9;14;1;0;;;;24;41
"055001";"Acquasparta";36;12;7;1;0;;;;20;13;7;0;0;;;;20;40
"055001";"Acquasparta";37;12;7;2;0;;;;21;11;15;0;0;;;;26;47
"055001";"Acquasparta";38;12;8;0;0;;;;20;5;10;2;0;;;;17;37
"055001";"Acquasparta";39;10;13;1;0;;;;24;9;6;1;0;;;;16;40
"055001";"Acquasparta";40;13;9;0;0;;;;22;7;16;0;0;;;;23;45
"055001";"Acquasparta";41;16;9;0;0;;;;25;11;14;1;0;;;;26;51
"055001";"Acquasparta";42;9;14;0;0;;;;23;8;15;4;0;;;;27;50
"055001";"Acquasparta";43;9;12;0;0;;;;21;7;20;2;0;;;;29;50
"055001";"Acquasparta";44;13;14;1;0;;;;28;9;24;0;0;;;;33;61
"055001";"Acquasparta";45;11;10;0;0;;;;21;10;15;3;1;;;;29;50
"055001";"Acquasparta";46;19;21;2;0;;;;42;9;25;1;1;;;;36;78
"055001";"Acquasparta";47;12;27;0;0;;;;39;6;21;1;2;;;;30;69
"055001";"Acquasparta";48;16;15;1;0;;;;32;9;16;1;0;;;;26;58
"055001";"Acquasparta";49;13;21;3;1;;;;38;10;34;3;0;;;;47;85
"055001";"Acquasparta";50;7;17;3;0;;;;27;6;30;2;0;;;;38;65
"055001";"Acquasparta";51;7;23;0;0;;;;30;5;15;0;2;;;;22;52
"055001";"Acquasparta";52;9;20;1;1;;;;31;4;30;4;3;;;;41;72
"055001";"Acquasparta";53;9;28;3;0;;;;40;11;28;6;0;;;;45;85
"055001";"Acquasparta";54;7;31;0;0;;;;38;9;30;1;1;;;;41;79
"055001";"Acquasparta";55;8;33;2;1;;;;44;9;28;4;3;;;;44;88
"055001";"Acquasparta";56;4;24;3;1;;;;32;5;29;1;2;;;;37;69
"055001";"Acquasparta";57;5;26;4;0;;;;35;4;31;1;1;;;;37;72
"055001";"Acquasparta";58;6;32;1;0;;;;39;5;24;3;1;;;;33;72
"055001";"Acquasparta";59;7;25;2;1;;;;35;4;20;2;2;;;;28;63
"055001";"Acquasparta";60;7;19;3;2;;;;31;2;24;2;2;;;;30;61
"055001";"Acquasparta";61;3;22;1;0;;;;26;4;17;2;3;;;;26;52
"055001";"Acquasparta";62;3;21;3;3;;;;30;4;18;2;1;;;;25;55
"055001";"Acquasparta";63;4;18;4;2;;;;28;3;26;2;2;;;;33;61
"055001";"Acquasparta";64;7;22;0;0;;;;29;4;24;0;3;;;;31;60
"055001";"Acquasparta";65;4;21;4;1;;;;30;7;19;4;3;;;;33;63
"055001";"Acquasparta";66;2;28;1;0;;;;31;3;22;3;1;;;;29;60
"055001";"Acquasparta";67;5;22;0;0;;;;27;5;25;6;4;;;;40;67
"055001";"Acquasparta";68;5;18;4;1;;;;28;3;19;4;7;;;;33;61
"055001";"Acquasparta";69;3;14;1;3;;;;21;5;11;2;2;;;;20;41
"055001";"Acquasparta";70;3;16;5;2;;;;26;4;19;2;7;;;;32;58
"055001";"Acquasparta";71;3;22;0;2;;;;27;4;15;2;5;;;;26;53
"055001";"Acquasparta";72;2;19;3;3;;;;27;3;19;1;2;;;;25;52
"055001";"Acquasparta";73;3;22;2;2;;;;29;3;22;2;5;;;;32;61
"055001";"Acquasparta";74;5;25;0;1;;;;31;1;13;1;7;;;;22;53
"055001";"Acquasparta";75;1;23;0;3;;;;27;0;19;1;8;;;;28;55
"055001";"Acquasparta";76;3;19;0;2;;;;24;1;19;1;11;;;;32;56
"055001";"Acquasparta";77;2;19;2;2;;;;25;3;17;1;5;;;;26;51
"055001";"Acquasparta";78;1;15;0;4;;;;20;1;12;0;14;;;;27;47
"055001";"Acquasparta";79;0;17;0;0;;;;17;2;13;0;8;;;;23;40
"055001";"Acquasparta";80;1;18;0;4;;;;23;1;8;0;13;;;;22;45
"055001";"Acquasparta";81;3;14;0;1;;;;18;0;8;3;13;;;;24;42
"055001";"Acquasparta";82;2;15;2;3;;;;22;0;10;0;19;;;;29;51
"055001";"Acquasparta";83;0;13;0;2;;;;15;2;10;0;22;;;;34;49
"055001";"Acquasparta";84;0;8;1;3;;;;12;1;6;0;13;;;;20;32
"055001";"Acquasparta";85;0;10;0;3;;;;13;2;4;0;18;;;;24;37
"055001";"Acquasparta";86;0;9;0;4;;;;13;0;4;0;10;;;;14;27
"055001";"Acquasparta";87;0;7;1;1;;;;9;0;0;0;18;;;;18;27
"055001";"Acquasparta";88;1;4;0;3;;;;8;2;1;0;6;;;;9;17
"055001";"Acquasparta";89;0;4;0;2;;;;6;0;1;0;12;;;;13;19
"055001";"Acquasparta";90;1;2;0;1;;;;4;2;1;0;16;;;;19;23
"055001";"Acquasparta";91;0;2;0;1;;;;3;0;2;0;6;;;;8;11
"055001";"Acquasparta";92;1;2;0;1;;;;4;1;0;0;9;;;;10;14
"055001";"Acquasparta";93;1;0;0;4;;;;5;2;0;0;8;;;;10;15
"055001";"Acquasparta";94;0;1;0;0;;;;1;1;0;0;12;;;;13;14
"055001";"Acquasparta";95;0;0;0;2;;;;2;0;0;0;3;;;;3;5
"055001";"Acquasparta";96;0;1;0;1;;;;2;1;0;0;4;;;;5;7
"055001";"Acquasparta";97;0;0;0;0;;;;0;0;0;0;1;;;;1;1
"055001";"Acquasparta";98;0;0;0;0;;;;0;0;0;0;2;;;;2;2
"055001";"Acquasparta";99;0;0;0;0;;;;0;0;0;0;1;;;;1;1
"055001";"Acquasparta";100;0;0;0;0;;;;0;0;0;0;2;;;;2;2
"055001";"Acquasparta";999;1007;983;67;74;;;;2131;855;991;87;327;;;;2260;4391
"055002";"Allerona";0;5;0;0;0;;;;5;7;0;0;0;;;;7;12
"055002";"Allerona";1;7;0;0;0;;;;7;5;0;0;0;;;;5;12
"055002";"Allerona";2;3;0;0;0;;;;3;3;0;0;0;;;;3;6
"055002";"Allerona";3;1;0;0;0;;;;1;10;0;0;0;;;;10;11
"055002";"Allerona";4;3;0;0;0;;;;3;1;0;0;0;;;;1;4
"055002";"Allerona";5;9;0;0;0;;;;9;7;0;0;0;;;;7;16
"055002";"Allerona";6;7;0;0;0;;;;7;8;0;0;0;;;;8;15
"055002";"Allerona";7;7;0;0;0;;;;7;5;0;0;0;;;;5;12
"055002";"Allerona";8;4;0;0;0;;;;4;8;0;0;0;;;;8;12
"055002";"Allerona";9;8;0;0;0;;;;8;10;0;0;0;;;;10;18
"055002";"Allerona";10;11;0;0;0;;;;11;6;0;0;0;;;;6;17
"055002";"Allerona";11;11;0;0;0;;;;11;6;0;0;0;;;;6;17
"055002";"Allerona";12;6;0;0;0;;;;6;8;0;0;0;;;;8;14
"055002";"Allerona";13;5;0;0;0;;;;5;9;0;0;0;;;;9;14
"055002";"Allerona";14;9;0;0;0;;;;9;4;0;0;0;;;;4;13
"055002";"Allerona";15;11;0;0;0;;;;11;4;0;0;0;;;;4;15
"055002";"Allerona";16;12;0;0;0;;;;12;3;0;0;0;;;;3;15
"055002";"Allerona";17;7;0;0;0;;;;7;8;0;0;0;;;;8;15
"055002";"Allerona";18;2;0;0;0;;;;2;5;0;0;0;;;;5;7
"055002";"Allerona";19;3;0;0;0;;;;3;9;0;0;0;;;;9;12
"055002";"Allerona";20;6;0;0;0;;;;6;7;0;0;0;;;;7;13
"055002";"Allerona";21;7;0;0;0;;;;7;4;0;0;0;;;;4;11
"055002";"Allerona";22;7;0;0;0;;;;7;4;0;0;0;;;;4;11
"055002";"Allerona";23;8;0;0;0;;;;8;7;0;0;0;;;;7;15
"055002";"Allerona";24;9;0;0;0;;;;9;6;0;0;0;;;;6;15
"055002";"Allerona";25;7;0;0;0;;;;7;7;0;0;0;;;;7;14
"055002";"Allerona";26;8;0;0;0;;;;8;10;0;0;0;;;;10;18
"055002";"Allerona";27;11;0;0;0;;;;11;4;0;0;0;;;;4;15
"055002";"Allerona";28;12;0;0;0;;;;12;10;0;0;0;;;;10;22
"055002";"Allerona";29;8;0;0;0;;;;8;4;2;0;0;;;;6;14
"055002";"Allerona";30;5;0;0;0;;;;5;3;3;0;0;;;;6;11
"055002";"Allerona";31;5;1;0;0;;;;6;5;4;0;0;;;;9;15
"055002";"Allerona";32;9;0;0;0;;;;9;6;3;0;0;;;;9;18
"055002";"Allerona";33;7;1;0;0;;;;8;5;4;0;0;;;;9;17
"055002";"Allerona";34;5;3;0;0;;;;8;6;8;0;0;;;;14;22
"055002";"Allerona";35;6;2;0;0;;;;8;2;7;0;0;;;;9;17
"055002";"Allerona";36;3;6;0;0;;;;9;5;3;1;0;;;;9;18
"055002";"Allerona";37;7;4;0;0;;;;11;6;6;0;0;;;;12;23
"055002";"Allerona";38;6;4;0;0;;;;10;6;4;1;0;;;;11;21
"055002";"Allerona";39;6;6;0;0;;;;12;4;6;0;0;;;;10;22
"055002";"Allerona";40;5;2;0;0;;;;7;4;8;0;0;;;;12;19
"055002";"Allerona";41;5;7;0;0;;;;12;3;4;1;0;;;;8;20
"055002";"Allerona";42;3;9;0;0;;;;12;0;10;0;0;;;;10;22
"055002";"Allerona";43;4;8;1;0;;;;13;6;9;1;0;;;;16;29
"055002";"Allerona";44;7;6;0;0;;;;13;2;5;0;0;;;;7;20
"055002";"Allerona";45;3;7;0;0;;;;10;7;3;1;0;;;;11;21
"055002";"Allerona";46;5;7;0;0;;;;12;2;4;3;0;;;;9;21
"055002";"Allerona";47;5;3;0;0;;;;8;1;5;0;0;;;;6;14
"055002";"Allerona";48;8;5;0;0;;;;13;3;8;1;0;;;;12;25
"055002";"Allerona";49;3;8;0;0;;;;11;2;11;0;0;;;;13;24
"055002";"Allerona";50;0;10;0;0;;;;10;2;12;1;0;;;;15;25
"055002";"Allerona";51;2;11;0;0;;;;13;2;18;0;1;;;;21;34
"055002";"Allerona";52;1;12;0;0;;;;13;2;14;0;1;;;;17;30
"055002";"Allerona";53;3;6;0;0;;;;9;1;17;2;0;;;;20;29
"055002";"Allerona";54;4;12;0;0;;;;16;0;9;0;0;;;;9;25
"055002";"Allerona";55;0;13;0;0;;;;13;1;7;2;1;;;;11;24
"055002";"Allerona";56;3;12;1;0;;;;16;1;5;0;0;;;;6;22
"055002";"Allerona";57;5;8;2;0;;;;15;0;8;0;1;;;;9;24
"055002";"Allerona";58;4;7;0;0;;;;11;2;10;1;0;;;;13;24
"055002";"Allerona";59;3;9;0;0;;;;12;0;9;2;1;;;;12;24
"055002";"Allerona";60;4;8;2;1;;;;15;1;9;2;2;;;;14;29
"055002";"Allerona";61;1;13;1;0;;;;15;2;11;0;2;;;;15;30
"055002";"Allerona";62;2;10;2;0;;;;14;2;12;0;0;;;;14;28
"055002";"Allerona";63;4;12;0;0;;;;16;1;16;2;1;;;;20;36
"055002";"Allerona";64;2;9;0;0;;;;11;0;7;0;0;;;;7;18
"055002";"Allerona";65;0;13;1;0;;;;14;0;12;0;3;;;;15;29
"055002";"Allerona";66;0;8;0;1;;;;9;1;8;1;1;;;;11;20
"055002";"Allerona";67;1;9;2;1;;;;13;0;9;0;1;;;;10;23
"055002";"Allerona";68;0;11;1;0;;;;12;0;7;0;0;;;;7;19
"055002";"Allerona";69;2;8;0;1;;;;11;0;13;0;0;;;;13;24
"055002";"Allerona";70;0;12;0;0;;;;12;1;9;0;3;;;;13;25
"055002";"Allerona";71;0;9;0;1;;;;10;2;7;2;2;;;;13;23
"055002";"Allerona";72;1;14;0;0;;;;15;0;7;1;4;;;;12;27
"055002";"Allerona";73;2;11;0;0;;;;13;0;8;0;3;;;;11;24
"055002";"Allerona";74;2;6;0;0;;;;8;0;9;0;4;;;;13;21
"055002";"Allerona";75;0;11;0;2;;;;13;1;7;1;7;;;;16;29
"055002";"Allerona";76;1;7;1;0;;;;9;0;7;0;4;;;;11;20
"055002";"Allerona";77;1;9;0;0;;;;10;0;8;0;6;;;;14;24
"055002";"Allerona";78;0;5;0;0;;;;5;0;7;0;4;;;;11;16
"055002";"Allerona";79;1;5;0;0;;;;6;0;4;0;2;;;;6;12
"055002";"Allerona";80;1;6;0;1;;;;8;0;3;0;0;;;;3;11
"055002";"Allerona";81;0;3;0;1;;;;4;0;2;0;2;;;;4;8
"055002";"Allerona";82;0;5;0;0;;;;5;1;1;0;5;;;;7;12
"055002";"Allerona";83;0;4;0;2;;;;6;0;1;0;3;;;;4;10
"055002";"Allerona";84;1;7;0;2;;;;10;0;0;0;6;;;;6;16
"055002";"Allerona";85;1;4;0;2;;;;7;0;1;0;5;;;;6;13
"055002";"Allerona";86;1;2;0;1;;;;4;0;1;0;2;;;;3;7
"055002";"Allerona";87;0;1;0;0;;;;1;0;3;0;3;;;;6;7
"055002";"Allerona";88;0;2;0;0;;;;2;0;4;1;9;;;;14;16
"055002";"Allerona";89;0;4;0;1;;;;5;0;0;0;5;;;;5;10
"055002";"Allerona";90;0;3;0;0;;;;3;0;1;0;6;;;;7;10
"055002";"Allerona";91;0;1;0;0;;;;1;0;0;0;4;;;;4;5
"055002";"Allerona";92;0;0;0;2;;;;2;0;0;0;5;;;;5;7
"055002";"Allerona";93;0;0;0;0;;;;0;0;0;0;4;;;;4;4
"055002";"Allerona";94;0;2;0;0;;;;2;0;0;0;2;;;;2;4
"055002";"Allerona";95;0;0;0;1;;;;1;0;0;0;1;;;;1;2
"055002";"Allerona";96;0;0;0;1;;;;1;0;0;0;2;;;;2;3
"055002";"Allerona";97;0;0;0;1;;;;1;0;0;0;2;;;;2;3
"055002";"Allerona";98;0;0;0;0;;;;0;0;0;0;1;;;;1;1
"055002";"Allerona";99;0;0;0;0;;;;0;0;0;0;0;;;;0;0
"055002";"Allerona";100;0;0;0;0;;;;0;0;0;0;0;;;;0;0
"055002";"Allerona";999;374;423;14;22;;;;833;290;420;27;121;;;;858;1691
"055003";"Alviano";0;4;0;0;0;;;;4;3;0;0;0;;;;3;7
"055003";"Alviano";1;4;0;0;0;;;;4;3;0;0;0;;;;3;7
"055003";"Alviano";2;1;0;0;0;;;;1;3;0;0;0;;;;3;4
"055003";"Alviano";3;6;0;0;0;;;;6;1;0;0;0;;;;1;7
"055003";"Alviano";4;5;0;0;0;;;;5;9;0;0;0;;;;9;14
"055003";"Alviano";5;6;0;0;0;;;;6;5;0;0;0;;;;5;11
"055003";"Alviano";6;4;0;0;0;;;;4;7;0;0;0;;;;7;11
"055003";"Alviano";7;5;0;0;0;;;;5;8;0;0;0;;;;8;13
"055003";"Alviano";8;4;0;0;0;;;;4;3;0;0;0;;;;3;7
"055003";"Alviano";9;3;0;0;0;;;;3;8;0;0;0;;;;8;11
"055003";"Alviano";10;1;0;0;0;;;;1;1;0;0;0;;;;1;2
"055003";"Alviano";11;4;0;0;0;;;;4;3;0;0;0;;;;3;7
"055003";"Alviano";12;1;0;0;0;;;;1;1;0;0;0;;;;1;2
"055003";"Alviano";13;6;0;0;0;;;;6;4;0;0;0;;;;4;10
"055003";"Alviano";14;2;0;0;0;;;;2;9;0;0;0;;;;9;11
"055003";"Alviano";15;2;0;0;0;;;;2;2;0;0;0;;;;2;4
"055003";"Alviano";16;7;0;0;0;;;;7;10;0;0;0;;;;10;17
"055003";"Alviano";17;6;0;0;0;;;;6;3;0;0;0;;;;3;9
"055003";"Alviano";18;12;0;0;0;;;;12;6;0;0;0;;;;6;18
"055003";"Alviano";19;9;0;0;0;;;;9;4;0;0;0;;;;4;13
"055003";"Alviano";20;7;0;0;0;;;;7;6;0;0;0;;;;6;13
"055003";"Alviano";21;9;0;0;0;;;;9;7;0;0;0;;;;7;16
"055003";"Alviano";22;12;0;0;0;;;;12;7;0;0;0;;;;7;19
"055003";"Alviano";23;10;0;0;0;;;;10;11;0;0;0;;;;11;21
"055003";"Alviano";24;3;0;0;0;;;;3;7;0;0;0;;;;7;10
"055003";"Alviano";25;5;0;0;0;;;;5;10;1;0;0;;;;11;16
"055003";"Alviano";26;7;0;0;0;;;;7;6;1;0;0;;;;7;14
"055003";"Alviano";27;6;1;0;0;;;;7;10;0;0;0;;;;10;17
"055003";"Alviano";28;3;0;0;0;;;;3;5;1;1;0;;;;7;10
"055003";"Alviano";29;10;0;0;0;;;;10;7;2;0;0;;;;9;19
"055003";"Alviano";30;6;0;0;0;;;;6;4;1;0;0;;;;5;11
"055003";"Alviano";31;6;5;0;0;;;;11;5;3;0;0;;;;8;19
"055003";"Alviano";32;5;0;0;0;;;;5;1;1;0;0;;;;2;7
"055003";"Alviano";33;1;2;0;0;;;;3;3;8;0;0;;;;11;14
"055003";"Alviano";34;5;2;0;0;;;;7;1;2;0;0;;;;3;10
"055003";"Alviano";35;4;2;0;0;;;;6;4;2;0;0;;;;6;12
"055003";"Alviano";36;3;2;0;0;;;;5;3;1;0;0;;;;4;9
"055003";"Alviano";37;4;2;0;0;;;;6;2;4;0;0;;;;6;12
"055003";"Alviano";38;4;2;1;0;;;;7;2;4;0;0;;;;6;13
"055003";"Alviano";39;2;2;0;0;;;;4;0;5;0;0;;;;5;9
"055003";"Alviano";40;1;1;0;0;;;;2;3;2;0;0;;;;5;7
"055003";"Alviano";41;4;1;0;0;;;;5;3;5;2;0;;;;10;15
"055003";"Alviano";42;3;4;0;0;;;;7;3;1;0;0;;;;4;11
"055003";"Alviano";43;1;9;0;0;;;;10;1;7;0;0;;;;8;18
"055003";"Alviano";44;6;4;1;0;;;;11;4;4;0;0;;;;8;19
"055003";"Alviano";45;4;4;1;0;;;;9;2;6;0;0;;;;8;17
"055003";"Alviano";46;2;2;0;0;;;;4;1;3;1;0;;;;5;9
"055003";"Alviano";47;2;4;0;0;;;;6;1;2;1;0;;;;4;10
"055003";"Alviano";48;2;3;2;0;;;;7;0;5;1;1;;;;7;14
"055003";"Alviano";49;3;6;0;0;;;;9;2;6;1;0;;;;9;18
"055003";"Alviano";50;1;6;1;0;;;;8;4;3;0;0;;;;7;15
"055003";"Alviano";51;5;8;0;0;;;;13;1;10;0;1;;;;12;25
"055003";"Alviano";52;0;9;0;0;;;;9;2;14;0;0;;;;16;25
"055003";"Alviano";53;3;6;0;0;;;;9;2;14;1;0;;;;17;26
"055003";"Alviano";54;2;12;0;0;;;;14;5;5;0;0;;;;10;24
"055003";"Alviano";55;2;5;2;0;;;;9;1;10;2;0;;;;13;22
"055003";"Alviano";56;2;10;0;0;;;;12;0;15;0;3;;;;18;30
"055003";"Alviano";57;1;10;0;0;;;;11;2;15;0;0;;;;17;28
"055003";"Alviano";58;2;10;1;0;;;;13;0;9;0;0;;;;9;22
"055003";"Alviano";59;1;13;4;0;;;;18;0;16;0;1;;;;17;35
"055003";"Alviano";60;1;11;0;0;;;;12;0;15;0;1;;;;16;28
"055003";"Alviano";61;1;13;0;0;;;;14;0;15;3;0;;;;18;32
"055003";"Alviano";62;1;11;1;0;;;;13;0;4;0;0;;;;4;17
"055003";"Alviano";63;0;14;0;0;;;;14;0;11;0;1;;;;12;26
"055003";"Alviano";64;0;5;1;1;;;;7;0;9;0;4;;;;13;20
"055003";"Alviano";65;0;11;0;0;;;;11;1;9;0;2;;;;12;23
"055003";"Alviano";66;1;8;0;0;;;;9;1;8;1;1;;;;11;20
"055003";"Alviano";67;1;9;0;0;;;;10;2;8;0;2;;;;12;22
"055003";"Alviano";68;1;7;0;0;;;;8;1;8;0;3;;;;12;20
"055003";"Alviano";69;0;7;0;0;;;;7;0;4;1;0;;;;5;12
"055003";"Alviano";70;0;6;1;1;;;;8;0;7;1;2;;;;10;18
"055003";"Alviano";71;0;10;0;0;;;;10;0;8;0;1;;;;9;19
"055003";"Alviano";72;1;11;1;0;;;;13;0;3;0;2;;;;5;18
"055003";"Alviano";73;0;11;1;1;;;;13;0;2;1;2;;;;5;18
"055003";"Alviano";74;0;7;2;1;;;;10;0;5;0;7;;;;12;22
"055003";"Alviano";75;0;6;0;0;;;;6;0;2;0;1;;;;3;9
"055003";"Alviano";76;2;4;0;0;;;;6;0;0;0;5;;;;5;11
"055003";"Alviano";77;0;6;0;1;;;;7;0;7;0;3;;;;10;17
"055003";"Alviano";78;0;1;0;0;;;;1;0;4;0;4;;;;8;9
"055003";"Alviano";79;0;3;0;1;;;;4;0;2;0;1;;;;3;7
"055003";"Alviano";80;1;3;0;0;;;;4;0;6;1;3;;;;10;14
"055003";"Alviano";81;0;3;0;1;;;;4;0;1;0;3;;;;4;8
"055003";"Alviano";82;0;2;0;1;;;;3;0;1;0;5;;;;6;9
"055003";"Alviano";83;0;3;0;0;;;;3;0;2;0;0;;;;2;5
"055003";"Alviano";84;0;6;0;2;;;;8;0;5;0;4;;;;9;17
"055003";"Alviano";85;0;3;0;1;;;;4;0;4;0;13;;;;17;21
"055003";"Alviano";86;0;2;0;2;;;;4;0;1;0;1;;;;2;6
"055003";"Alviano";87;0;4;0;0;;;;4;0;0;0;4;;;;4;8
"055003";"Alviano";88;0;1;0;0;;;;1;0;1;0;4;;;;5;6
"055003";"Alviano";89;0;2;0;0;;;;2;1;1;1;7;;;;10;12
"055003";"Alviano";90;1;1;1;0;;;;3;1;1;0;1;;;;3;6
"055003";"Alviano";91;0;2;0;0;;;;2;0;0;0;2;;;;2;4
"055003";"Alviano";92;0;0;0;1;;;;1;0;0;0;3;;;;3;4
"055003";"Alviano";93;0;1;0;0;;;;1;0;0;0;2;;;;2;3
"055003";"Alviano";94;0;2;0;0;;;;2;0;0;0;2;;;;2;4
"055003";"Alviano";95;0;0;0;0;;;;0;0;0;0;1;;;;1;1
"055003";"Alviano";96;0;0;0;0;;;;0;0;0;0;0;;;;0;0
"055003";"Alviano";97;0;0;0;1;;;;1;0;0;0;2;;;;2;3
"055003";"Alviano";98;0;0;0;0;;;;0;0;0;0;0;;;;0;0
"055003";"Alviano";99;0;0;0;0;;;;0;0;0;0;0;;;;0;0
"055003";"Alviano";100;0;0;0;0;;;;0;0;0;0;0;;;;0;0
"055003";"Alviano";999;262;343;21;15;;;;641;238;342;19;105;;;;704;1345
"055004";"Amelia";0;33;0;0;0;;;;33;21;0;0;0;;;;21;54
"055004";"Amelia";1;35;0;0;0;;;;35;39;0;0;0;;;;39;74
"055004";"Amelia";2;40;0;0;0;;;;40;29;0;0;0;;;;29;69
"055004";"Amelia";3;40;0;0;0;;;;40;37;0;0;0;;;;37;77
"055004";"Amelia";4;30;0;0;0;;;;30;36;0;0;0;;;;36;66
"055004";"Amelia";5;36;0;0;0;;;;36;42;0;0;0;;;;42;78
"055004";"Amelia";6;38;0;0;0;;;;38;48;0;0;0;;;;48;86
"055004";"Amelia";7;42;0;0;0;;;;42;47;0;0;0;;;;47;89
"055004";"Amelia";8;44;0;0;0;;;;44;42;0;0;0;;;;42;86
"055004";"Amelia";9;42;0;0;0;;;;42;37;0;0;0;;;;37;79
"055004";"Amelia";10;52;0;0;0;;;;52;41;0;0;0;;;;41;93
"055004";"Amelia";11;54;0;0;0;;;;54;51;0;0;0;;;;51;105
"055004";"Amelia";12;44;0;0;0;;;;44;63;0;0;0;;;;63;107
"055004";"Amelia";13;53;0;0;0;;;;53;50;0;0;0;;;;50;103
"055004";"Amelia";14;59;0;0;0;;;;59;53;0;0;0;;;;53;112
"055004";"Amelia";15;53;0;0;0;;;;53;46;0;0;0;;;;46;99
"055004";"Amelia";16;54;0;0;0;;;;54;46;0;0;0;;;;46;100
"055004";"Amelia";17;59;0;0;0;;;;59;54;0;0;0;;;;54;113
"055004";"Amelia";18;59;0;0;0;;;;59;44;0;0;0;;;;44;103
"055004";"Amelia";19;38;0;0;0;;;;38;41;0;0;0;;;;41;79
"055004";"Amelia";20;61;0;0;0;;;;61;51;0;0;0;;;;51;112
"055004";"Amelia";21;66;0;0;0;;;;66;47;0;0;0;;;;47;113
"055004";"Amelia";22;39;0;0;0;;;;39;41;0;0;0;;;;41;80
"055004";"Amelia";23;59;0;0;0;;;;59;46;3;0;0;;;;49;108
"055004";"Amelia";24;44;0;0;0;;;;44;51;0;0;0;;;;51;95
"055004";"Amelia";25;48;1;0;0;;;;49;48;3;0;0;;;;51;100
"055004";"Amelia";26;53;2;0;0;;;;55;52;2;0;0;;;;54;109
"055004";"Amelia";27;60;2;0;0;;;;62;36;4;1;0;;;;41;103
"055004";"Amelia";28;49;0;0;0;;;;49;45;6;0;0;;;;51;100
"055004";"Amelia";29;52;2;0;0;;;;54;47;5;0;0;;;;52;106
"055004";"Amelia";30;45;4;0;0;;;;49;31;13;0;0;;;;44;93
"055004";"Amelia";31;55;8;0;0;;;;63;31;15;0;0;;;;46;109
"055004";"Amelia";32;45;14;0;0;;;;59;33;15;0;0;;;;48;107
"055004";"Amelia";33;49;6;1;0;;;;56;37;15;0;0;;;;52;108
"055004";"Amelia";34;42;8;0;0;;;;50;32;13;0;0;;;;45;95
"055004";"Amelia";35;40;18;0;0;;;;58;31;21;2;0;;;;54;112
"055004";"Amelia";36;45;13;0;0;;;;58;35;22;1;0;;;;58;116
"055004";"Amelia";37;44;13;0;0;;;;57;35;24;0;0;;;;59;116
"055004";"Amelia";38;43;23;1;0;;;;67;35;38;0;0;;;;73;140
"055004";"Amelia";39;42;20;1;0;;;;63;24;27;0;0;;;;51;114
"055004";"Amelia";40;44;26;1;0;;;;71;34;30;1;0;;;;65;136
"055004";"Amelia";41;32;30;0;0;;;;62;32;37;0;0;;;;69;131
"055004";"Amelia";42;34;27;1;0;;;;62;21;39;1;1;;;;62;124
"055004";"Amelia";43;35;26;3;0;;;;64;31;47;3;0;;;;81;145
"055004";"Amelia";44;35;45;0;0;;;;80;17;51;0;0;;;;68;148
"055004";"Amelia";45;40;35;3;0;;;;78;27;62;3;0;;;;92;170
"055004";"Amelia";46;28;52;1;0;;;;81;21;40;3;1;;;;65;146
"055004";"Amelia";47;43;46;4;1;;;;94;30;51;4;1;;;;86;180
"055004";"Amelia";48;36;49;2;0;;;;87;20;71;8;0;;;;99;186
"055004";"Amelia";49;35;59;3;0;;;;97;16;67;3;0;;;;86;183
"055004";"Amelia";50;25;64;5;0;;;;94;17;76;5;3;;;;101;195
"055004";"Amelia";51;38;67;8;0;;;;113;22;57;4;1;;;;84;197
"055004";"Amelia";52;23;59;4;0;;;;86;19;65;6;3;;;;93;179
"055004";"Amelia";53;21;42;4;0;;;;67;11;74;3;0;;;;88;155
"055004";"Amelia";54;24;67;13;0;;;;104;18;63;12;2;;;;95;199
"055004";"Amelia";55;29;57;4;2;;;;92;20;64;2;5;;;;91;183
"055004";"Amelia";56;23;63;9;2;;;;97;17;68;14;1;;;;100;197
"055004";"Amelia";57;25;73;6;0;;;;104;14;64;12;3;;;;93;197
"055004";"Amelia";58;26;60;7;1;;;;94;15;72;12;6;;;;105;199
"055004";"Amelia";59;19;66;8;2;;;;95;16;70;8;9;;;;103;198
"055004";"Amelia";60;12;72;7;1;;;;92;11;78;11;7;;;;107;199
"055004";"Amelia";61;11;71;12;0;;;;94;10;64;10;5;;;;89;183
"055004";"Amelia";62;10;69;7;2;;;;88;6;63;9;7;;;;85;173
"055004";"Amelia";63;12;65;8;2;;;;87;10;68;5;8;;;;91;178
"055004";"Amelia";64;9;77;11;3;;;;100;13;68;7;9;;;;97;197
"055004";"Amelia";65;4;71;5;0;;;;80;10;45;9;6;;;;70;150
"055004";"Amelia";66;9;65;5;3;;;;82;8;59;6;5;;;;78;160
"055004";"Amelia";67;10;53;9;2;;;;74;10;59;7;10;;;;86;160
"055004";"Amelia";68;10;61;4;4;;;;79;7;57;2;12;;;;78;157
"055004";"Amelia";69;6;60;4;2;;;;72;7;66;4;8;;;;85;157
"055004";"Amelia";70;3;61;5;3;;;;72;8;54;1;13;;;;76;148
"055004";"Amelia";71;9;51;5;3;;;;68;7;40;0;13;;;;60;128
"055004";"Amelia";72;6;56;4;2;;;;68;3;54;2;16;;;;75;143
"055004";"Amelia";73;9;49;4;2;;;;64;6;57;3;15;;;;81;145
"055004";"Amelia";74;5;69;2;7;;;;83;10;45;3;18;;;;76;159
"055004";"Amelia";75;8;56;5;5;;;;74;3;45;0;18;;;;66;140
"055004";"Amelia";76;8;49;5;4;;;;66;5;39;2;25;;;;71;137
"055004";"Amelia";77;4;60;1;12;;;;77;6;35;3;24;;;;68;145
"055004";"Amelia";78;2;33;0;3;;;;38;1;38;2;25;;;;66;104
"055004";"Amelia";79;4;43;4;10;;;;61;7;26;2;35;;;;70;131
"055004";"Amelia";80;4;36;2;5;;;;47;1;41;1;28;;;;71;118
"055004";"Amelia";81;1;43;0;4;;;;48;3;14;2;27;;;;46;94
"055004";"Amelia";82;3;34;0;9;;;;46;2;22;0;35;;;;59;105
"055004";"Amelia";83;2;29;1;4;;;;36;2;22;0;38;;;;62;98
"055004";"Amelia";84;5;37;1;4;;;;47;2;17;2;28;;;;49;96
"055004";"Amelia";85;3;30;1;5;;;;39;0;19;1;35;;;;55;94
"055004";"Amelia";86;3;15;0;12;;;;30;1;17;1;39;;;;58;88
"055004";"Amelia";87;0;18;0;2;;;;20;1;9;0;27;;;;37;57
"055004";"Amelia";88;2;13;0;4;;;;19;1;2;0;43;;;;46;65
"055004";"Amelia";89;1;8;0;4;;;;13;0;3;1;8;;;;12;25
"055004";"Amelia";90;0;15;0;6;;;;21;0;4;0;33;;;;37;58
"055004";"Amelia";91;1;6;1;5;;;;13;2;5;0;17;;;;24;37
"055004";"Amelia";92;0;8;0;5;;;;13;1;2;0;13;;;;16;29
"055004";"Amelia";93;0;7;0;4;;;;11;0;3;0;14;;;;17;28
"055004";"Amelia";94;1;4;0;4;;;;9;0;0;0;17;;;;17;26
"055004";"Amelia";95;0;4;0;5;;;;9;0;0;0;13;;;;13;22
"055004";"Amelia";96;0;1;0;1;;;;2;0;0;0;5;;;;5;7
"055004";"Amelia";97;0;0;0;2;;;;2;1;0;0;5;;;;6;8
"055004";"Amelia";98;0;0;0;0;;;;0;1;0;0;3;;;;4;4
"055004";"Amelia";99;0;1;0;0;;;;1;0;0;0;3;;;;3;4
"055004";"Amelia";100;0;0;0;0;;;;0;0;0;0;5;;;;5;5
"055004";"Amelia";999;2678;2647;202;163;;;;5690;2239;2634;204;751;;;;5828;11518
"055005";"Arrone";0;5;0;0;0;;;;5;10;0;0;0;;;;10;15
"055005";"Arrone";1;3;0;0;0;;;;3;7;0;0;0;;;;7;10
"055005";"Arrone";2;6;0;0;0;;;;6;12;0;0;0;;;;12;18
"055005";"Arrone";3;3;0;0;0;;;;3;4;0;0;0;;;;4;7
"055005";"Arrone";4;9;0;0;0;;;;9;9;0;0;0;;;;9;18
"055005";"Arrone";5;8;0;0;0;;;;8;11;0;0;0;;;;11;19
"055005";"Arrone";6;12;0;0;0;;;;12;8;0;0;0;;;;8;20
"055005";"Arrone";7;13;0;0;0;;;;13;9;0;0;0;;;;9;22
"055005";"Arrone";8;6;0;0;0;;;;6;10;0;0;0;;;;10;16
"055005";"Arrone";9;7;0;0;0;;;;7;10;0;0;0;;;;10;17
"055005";"Arrone";10;6;0;0;0;;;;6;7;0;0;0;;;;7;13
"055005";"Arrone";11;12;0;0;0;;;;12;5;0;0;0;;;;5;17
"055005";"Arrone";12;13;0;0;0;;;;13;6;0;0;0;;;;6;19
"055005";"Arrone";13;9;0;0;0;;;;9;9;0;0;0;;;;9;18
"055005";"Arrone";14;16;0;0;0;;;;16;14;0;0;0;;;;14;30
"055005";"Arrone";15;10;0;0;0;;;;10;8;0;0;0;;;;8;18
"055005";"Arrone";16;12;0;0;0;;;;12;16;0;0;0;;;;16;28
"055005";"Arrone";17;7;0;0;0;;;;7;11;0;0;0;;;;11;18
"055005";"Arrone";18;10;0;0;0;;;;10;11;0;0;0;;;;11;21
"055005";"Arrone";19;11;0;0;0;;;;11;17;0;0;0;;;;17;28
"055005";"Arrone";20;12;0;0;0;;;;12;9;1;0;0;;;;10;22
"055005";"Arrone";21;14;0;0;0;;;;14;9;0;0;0;;;;9;23
"055005";"Arrone";22;8;0;0;0;;;;8;11;1;0;0;;;;12;20
"055005";"Arrone";23;12;0;0;0;;;;12;10;0;0;0;;;;10;22
"055005";"Arrone";24;13;1;0;0;;;;14;10;1;0;0;;;;11;25
"055005";"Arrone";25;13;2;0;0;;;;15;10;2;0;0;;;;12;27
"055005";"Arrone";26;13;0;0;0;;;;13;10;0;0;0;;;;10;23
"055005";"Arrone";27;15;1;0;0;;;;16;11;1;0;0;;;;12;28
"055005";"Arrone";28;15;1;0;0;;;;16;12;1;0;0;;;;13;29
"055005";"Arrone";29;11;0;0;0;;;;11;5;3;0;0;;;;8;19
"055005";"Arrone";30;14;2;0;0;;;;16;4;2;0;0;;;;6;22
"055005";"Arrone";31;7;2;0;0;;;;9;6;2;0;0;;;;8;17
"055005";"Arrone";32;10;3;0;0;;;;13;11;4;0;0;;;;15;28
"055005";"Arrone";33;8;1;0;0;;;;9;7;2;1;0;;;;10;19
"055005";"Arrone";34;8;2;0;0;;;;10;8;6;0;0;;;;14;24
"055005";"Arrone";35;11;4;1;0;;;;16;8;9;0;0;;;;17;33
"055005";"Arrone";36;10;3;0;0;;;;13;4;3;0;0;;;;7;20
"055005";"Arrone";37;9;4;0;0;;;;13;7;7;0;0;;;;14;27
"055005";"Arrone";38;5;3;0;0;;;;8;6;7;0;0;;;;13;21
"055005";"Arrone";39;7;3;1;1;;;;12;4;3;1;0;;;;8;20
"055005";"Arrone";40;4;6;0;0;;;;10;6;6;1;0;;;;13;23
"055005";"Arrone";41;5;14;0;0;;;;19;4;8;0;0;;;;12;31
"055005";"Arrone";42;7;15;0;0;;;;22;7;10;1;0;;;;18;40
"055005";"Arrone";43;14;8;0;0;;;;22;5;6;1;0;;;;12;34
"055005";"Arrone";44;8;6;0;0;;;;14;4;9;0;0;;;;13;27
"055005";"Arrone";45;3;11;0;0;;;;14;3;13;1;0;;;;17;31
"055005";"Arrone";46;5;10;0;0;;;;15;7;16;2;0;;;;25;40
"055005";"Arrone";47;6;7;0;0;;;;13;4;14;3;0;;;;21;34
"055005";"Arrone";48;3;15;1;0;;;;19;1;18;3;0;;;;22;41
"055005";"Arrone";49;8;6;1;0;;;;15;3;7;1;0;;;;11;26
"055005";"Arrone";50;7;14;2;0;;;;23;4;19;2;0;;;;25;48
"055005";"Arrone";51;4;13;0;0;;;;17;7;11;0;2;;;;20;37
"055005";"Arrone";52;3;11;0;0;;;;14;8;15;3;0;;;;26;40
"055005";"Arrone";53;6;10;1;0;;;;17;6;15;3;1;;;;25;42
"055005";"Arrone";54;5;11;1;0;;;;17;3;15;2;1;;;;21;38
"055005";"Arrone";55;5;13;1;0;;;;19;3;22;4;0;;;;29;48
"055005";"Arrone";56;3;14;0;0;;;;17;2;13;2;3;;;;20;37
"055005";"Arrone";57;2;13;3;0;;;;18;5;20;3;1;;;;29;47
"055005";"Arrone";58;3;27;3;0;;;;33;4;14;1;2;;;;21;54
"055005";"Arrone";59;3;14;1;0;;;;18;1;16;1;3;;;;21;39
"055005";"Arrone";60;2;20;1;1;;;;24;0;12;1;0;;;;13;37
"055005";"Arrone";61;3;14;2;0;;;;19;4;18;1;3;;;;26;45
"055005";"Arrone";62;2;18;0;0;;;;20;0;15;0;0;;;;15;35
"055005";"Arrone";63;1;17;0;1;;;;19;1;12;1;0;;;;14;33
"055005";"Arrone";64;1;16;0;0;;;;17;1;16;1;2;;;;20;37
"055005";"Arrone";65;1;13;0;1;;;;15;0;17;4;6;;;;27;42
"055005";"Arrone";66;2;16;1;0;;;;19;2;9;0;3;;;;14;33
"055005";"Arrone";67;0;16;0;0;;;;16;1;13;2;5;;;;21;37
"055005";"Arrone";68;2;10;1;0;;;;13;4;7;1;3;;;;15;28
"055005";"Arrone";69;3;10;2;2;;;;17;1;14;1;0;;;;16;33
"055005";"Arrone";70;0;17;0;0;;;;17;1;9;1;1;;;;12;29
"055005";"Arrone";71;1;10;2;1;;;;14;1;12;2;3;;;;18;32
"055005";"Arrone";72;0;10;0;1;;;;11;1;9;2;1;;;;13;24
"055005";"Arrone";73;3;9;2;0;;;;14;2;11;2;7;;;;22;36
"055005";"Arrone";74;1;15;1;4;;;;21;1;6;0;5;;;;12;33
"055005";"Arrone";75;2;12;1;2;;;;17;4;17;0;7;;;;28;45
"055005";"Arrone";76;1;16;0;1;;;;18;0;6;0;7;;;;13;31
"055005";"Arrone";77;0;15;1;0;;;;16;0;12;0;8;;;;20;36
"055005";"Arrone";78;0;7;0;1;;;;8;1;9;2;2;;;;14;22
"055005";"Arrone";79;1;5;1;1;;;;8;3;8;0;3;;;;14;22
"055005";"Arrone";80;2;16;0;1;;;;19;1;8;1;7;;;;17;36
"055005";"Arrone";81;0;13;0;0;;;;13;0;5;0;3;;;;8;21
"055005";"Arrone";82;1;11;0;1;;;;13;3;8;0;5;;;;16;29
"055005";"Arrone";83;1;7;0;3;;;;11;0;6;0;8;;;;14;25
"055005";"Arrone";84;0;2;0;1;;;;3;0;9;0;10;;;;19;22
"055005";"Arrone";85;0;2;0;2;;;;4;1;2;0;8;;;;11;15
"055005";"Arrone";86;0;2;0;1;;;;3;1;1;0;10;;;;12;15
"055005";"Arrone";87;1;4;2;0;;;;7;0;1;0;5;;;;6;13
"055005";"Arrone";88;0;5;0;3;;;;8;0;3;0;10;;;;13;21
"055005";"Arrone";89;1;2;0;0;;;;3;0;1;0;7;;;;8;11
"055005";"Arrone";90;0;3;0;1;;;;4;1;0;0;6;;;;7;11
"055005";"Arrone";91;0;4;0;1;;;;5;0;0;0;7;;;;7;12
"055005";"Arrone";92;0;2;0;0;;;;2;1;0;0;2;;;;3;5
"055005";"Arrone";93;0;0;0;2;;;;2;0;1;0;3;;;;4;6
"055005";"Arrone";94;0;0;0;0;;;;0;1;0;0;2;;;;3;3
"055005";"Arrone";95;0;0;0;1;;;;1;0;0;0;5;;;;5;6
"055005";"Arrone";96;1;0;0;1;;;;2;0;0;0;2;;;;2;4
"055005";"Arrone";97;0;0;0;0;;;;0;0;0;0;1;;;;1;1
"055005";"Arrone";98;0;0;0;0;;;;0;0;0;0;2;;;;2;2
"055005";"Arrone";99;0;0;0;0;;;;0;0;0;0;0;;;;0;0
"055005";"Arrone";100;0;0;0;0;;;;0;0;0;0;0;;;;0;0
"055005";"Arrone";999;530;609;33;35;;;;1207;480;599;58;182;;;;1319;2526
"055006";"Attigliano";0;4;0;0;0;;;;4;2;0;0;0;;;;2;6
"055006";"Attigliano";1;7;0;0;0;;;;7;5;0;0;0;;;;5;12
"055006";"Attigliano";2;6;0;0;0;;;;6;8;0;0;0;;;;8;14
"055006";"Attigliano";3;8;0;0;0;;;;8;11;0;0;0;;;;11;19
"055006";"Attigliano";4;10;0;0;0;;;;10;8;0;0;0;;;;8;18
"055006";"Attigliano";5;8;0;0;0;;;;8;10;0;0;0;;;;10;18
"055006";"Attigliano";6;4;0;0;0;;;;4;10;0;0;0;;;;10;14
"055006";"Attigliano";7;8;0;0;0;;;;8;4;0;0;0;;;;4;12
"055006";"Attigliano";8;4;0;0;0;;;;4;5;0;0;0;;;;5;9
"055006";"Attigliano";9;10;0;0;0;;;;10;6;0;0;0;;;;6;16
"055006";"Attigliano";10;9;0;0;0;;;;9;6;0;0;0;;;;6;15
"055006";"Attigliano";11;10;0;0;0;;;;10;10;0;0;0;;;;10;20
"055006";"Attigliano";12;12;0;0;0;;;;12;10;0;0;0;;;;10;22
"055006";"Attigliano";13;9;0;0;0;;;;9;6;0;0;0;;;;6;15
"055006";"Attigliano";14;6;0;0;0;;;;6;5;0;0;0;;;;5;11
"055006";"Attigliano";15;13;0;0;0;;;;13;11;0;0;0;;;;11;24
"055006";"Attigliano";16;9;0;0;0;;;;9;11;0;0;0;;;;11;20
"055006";"Attigliano";17;7;0;0;0;;;;7;5;0;0;0;;;;5;12
"055006";"Attigliano";18;12;0;0;0;;;;12;5;0;0;0;;;;5;17
"055006";"Attigliano";19;8;0;0;0;;;;8;6;0;0;0;;;;6;14
"055006";"Attigliano";20;11;0;0;0;;;;11;5;0;0;0;;;;5;16
"055006";"Attigliano";21;9;0;0;0;;;;9;10;0;0;0;;;;10;19
"055006";"Attigliano";22;10;0;0;0;;;;10;15;0;0;0;;;;15;25
"055006";"Attigliano";23;13;0;0;0;;;;13;11;0;0;0;;;;11;24
"055006";"Attigliano";24;6;1;0;0;;;;7;6;0;0;0;;;;6;13
"055006";"Attigliano";25;14;0;0;0;;;;14;9;0;0;0;;;;9;23
"055006";"Attigliano";26;11;0;0;0;;;;11;7;2;0;0;;;;9;20
"055006";"Attigliano";27;8;0;0;0;;;;8;6;0;0;0;;;;6;14
"055006";"Attigliano";28;8;0;0;0;;;;8;9;1;0;0;;;;10;18
"055006";"Attigliano";29;11;1;0;0;;;;12;4;1;0;0;;;;5;17
"055006";"Attigliano";30;8;1;0;0;;;;9;8;4;0;0;;;;12;21
"055006";"Attigliano";31;7;1;0;0;;;;8;3;3;0;0;;;;6;14
"055006";"Attigliano";32;8;0;0;0;;;;8;8;4;0;0;;;;12;20
"055006";"Attigliano";33;4;2;0;0;;;;6;4;3;0;0;;;;7;13
"055006";"Attigliano";34;7;6;0;0;;;;13;8;3;0;0;;;;11;24
"055006";"Attigliano";35;9;3;0;0;;;;12;2;4;0;0;;;;6;18
"055006";"Attigliano";36;6;1;0;0;;;;7;3;2;0;0;;;;5;12
"055006";"Attigliano";37;9;6;0;0;;;;15;7;11;0;0;;;;18;33
"055006";"Attigliano";38;10;1;0;0;;;;11;5;6;0;0;;;;11;22
"055006";"Attigliano";39;5;1;0;0;;;;6;6;7;0;0;;;;13;19
"055006";"Attigliano";40;11;9;0;0;;;;20;12;6;0;0;;;;18;38
"055006";"Attigliano";41;12;8;0;0;;;;20;7;9;0;0;;;;16;36
"055006";"Attigliano";42;9;1;0;0;;;;10;8;9;1;0;;;;18;28
"055006";"Attigliano";43;9;8;0;0;;;;17;3;6;1;0;;;;10;27
"055006";"Attigliano";44;8;4;1;0;;;;13;4;9;1;0;;;;14;27
"055006";"Attigliano";45;10;12;0;0;;;;22;4;8;3;0;;;;15;37
"055006";"Attigliano";46;7;11;4;0;;;;22;2;5;0;0;;;;7;29
"055006";"Attigliano";47;10;7;1;0;;;;18;6;9;1;0;;;;16;34
"055006";"Attigliano";48;6;11;0;1;;;;18;3;9;1;0;;;;13;31
"055006";"Attigliano";49;3;7;2;0;;;;12;7;9;0;0;;;;16;28
"055006";"Attigliano";50;12;9;0;0;;;;21;4;15;1;2;;;;22;43
"055006";"Attigliano";51;3;5;0;0;;;;8;4;8;2;0;;;;14;22
"055006";"Attigliano";52;2;14;0;0;;;;16;3;8;2;0;;;;13;29
"055006";"Attigliano";53;4;6;0;0;;;;10;5;6;3;2;;;;16;26
"055006";"Attigliano";54;6;11;0;0;;;;17;2;10;1;0;;;;13;30
"055006";"Attigliano";55;2;10;2;0;;;;14;0;17;2;1;;;;20;34
"055006";"Attigliano";56;0;8;0;0;;;;8;4;13;2;1;;;;20;28
"055006";"Attigliano";57;6;10;3;0;;;;19;3;14;1;1;;;;19;38
"055006";"Attigliano";58;4;18;1;1;;;;24;2;18;0;0;;;;20;44
"055006";"Attigliano";59;1;11;1;0;;;;13;1;13;3;0;;;;17;30
"055006";"Attigliano";60;0;20;3;0;;;;23;2;15;0;2;;;;19;42
"055006";"Attigliano";61;0;9;1;0;;;;10;2;9;2;1;;;;14;24
"055006";"Attigliano";62;2;13;0;0;;;;15;0;12;0;4;;;;16;31
"055006";"Attigliano";63;2;14;1;1;;;;18;2;11;1;1;;;;15;33
"055006";"Attigliano";64;3;8;0;1;;;;12;1;9;1;0;;;;11;23
"055006";"Attigliano";65;3;10;0;0;;;;13;3;13;1;3;;;;20;33
"055006";"Attigliano";66;3;8;0;0;;;;11;0;6;0;0;;;;6;17
"055006";"Attigliano";67;1;9;1;0;;;;11;0;7;2;5;;;;14;25
"055006";"Attigliano";68;1;10;0;0;;;;11;2;8;1;1;;;;12;23
"055006";"Attigliano";69;4;9;0;1;;;;14;0;7;1;8;;;;16;30
"055006";"Attigliano";70;1;6;0;0;;;;7;0;11;3;4;;;;18;25
"055006";"Attigliano";71;1;11;1;0;;;;13;2;8;1;2;;;;13;26
"055006";"Attigliano";72;2;7;1;0;;;;10;1;6;0;1;;;;8;18
"055006";"Attigliano";73;1;9;0;0;;;;10;0;5;0;3;;;;8;18
"055006";"Attigliano";74;1;11;1;1;;;;14;0;6;0;4;;;;10;24
"055006";"Attigliano";75;1;14;0;0;;;;15;1;8;0;3;;;;12;27
"055006";"Attigliano";76;1;6;0;0;;;;7;0;5;1;6;;;;12;19
"055006";"Attigliano";77;0;9;0;1;;;;10;0;5;0;1;;;;6;16
"055006";"Attigliano";78;0;10;1;0;;;;11;0;9;0;4;;;;13;24
"055006";"Attigliano";79;1;1;0;0;;;;2;0;1;0;5;;;;6;8
"055006";"Attigliano";80;1;4;0;1;;;;6;2;1;0;1;;;;4;10
"055006";"Attigliano";81;0;3;0;0;;;;3;0;3;0;3;;;;6;9
"055006";"Attigliano";82;0;11;0;2;;;;13;1;5;0;10;;;;16;29
"055006";"Attigliano";83;0;3;0;0;;;;3;0;2;0;5;;;;7;10
"055006";"Attigliano";84;0;3;0;2;;;;5;1;3;0;7;;;;11;16
"055006";"Attigliano";85;0;5;0;2;;;;7;0;3;0;4;;;;7;14
"055006";"Attigliano";86;0;4;0;0;;;;4;0;0;1;7;;;;8;12
"055006";"Attigliano";87;2;4;1;0;;;;7;0;3;0;2;;;;5;12
"055006";"Attigliano";88;0;2;0;1;;;;3;0;1;0;4;;;;5;8
"055006";"Attigliano";89;0;1;0;2;;;;3;0;1;0;7;;;;8;11
"055006";"Attigliano";90;0;1;0;1;;;;2;0;2;0;5;;;;7;9
"055006";"Attigliano";91;0;1;0;0;;;;1;0;0;0;2;;;;2;3
"055006";"Attigliano";92;1;0;0;0;;;;1;0;0;0;1;;;;1;2
"055006";"Attigliano";93;0;0;0;1;;;;1;0;0;0;1;;;;1;2
"055006";"Attigliano";94;0;0;0;0;;;;0;0;0;0;2;;;;2;2
"055006";"Attigliano";95;0;0;0;1;;;;1;0;0;0;3;;;;3;4
"055006";"Attigliano";96;0;0;0;0;;;;0;0;0;0;0;;;;0;0
"055006";"Attigliano";97;0;1;0;0;;;;1;0;0;0;1;;;;1;2
"055006";"Attigliano";98;0;0;0;0;;;;0;0;0;0;1;;;;1;1
"055006";"Attigliano";99;0;0;0;0;;;;0;0;0;0;0;;;;0;0
"055006";"Attigliano";100;0;0;0;0;;;;0;0;0;0;0;;;;0;0
"055006";"Attigliano";999;495;441;26;20;;;;982;384;437;40;131;;;;992;1974
"055033";"Avigliano Umbro";0;4;0;0;0;;;;4;8;0;0;0;;;;8;12
"055033";"Avigliano Umbro";1;4;0;0;0;;;;4;9;0;0;0;;;;9;13
"055033";"Avigliano Umbro";2;8;0;0;0;;;;8;6;0;0;0;;;;6;14
"055033";"Avigliano Umbro";3;10;0;0;0;;;;10;3;0;0;0;;;;3;13
"055033";"Avigliano Umbro";4;5;0;0;0;;;;5;4;0;0;0;;;;4;9
"055033";"Avigliano Umbro";5;12;0;0;0;;;;12;8;0;0;0;;;;8;20
"055033";"Avigliano Umbro";6;9;0;0;0;;;;9;10;0;0;0;;;;10;19
"055033";"Avigliano Umbro";7;18;0;0;0;;;;18;1;0;0;0;;;;1;19
"055033";"Avigliano Umbro";8;12;0;0;0;;;;12;5;0;0;0;;;;5;17
"055033";"Avigliano Umbro";9;13;0;0;0;;;;13;11;0;0;0;;;;11;24
"055033";"Avigliano Umbro";10;14;0;0;0;;;;14;8;0;0;0;;;;8;22
"055033";"Avigliano Umbro";11;12;0;0;0;;;;12;9;0;0;0;;;;9;21
"055033";"Avigliano Umbro";12;7;0;0;0;;;;7;10;0;0;0;;;;10;17
"055033";"Avigliano Umbro";13;14;0;0;0;;;;14;8;0;0;0;;;;8;22
"055033";"Avigliano Umbro";14;10;0;0;0;;;;10;5;0;0;0;;;;5;15
"055033";"Avigliano Umbro";15;12;0;0;0;;;;12;14;0;0;0;;;;14;26
"055033";"Avigliano Umbro";16;11;0;0;0;;;;11;12;0;0;0;;;;12;23
"055033";"Avigliano Umbro";17;11;0;0;0;;;;11;8;0;0;0;;;;8;19
"055033";"Avigliano Umbro";18;13;0;0;0;;;;13;10;0;0;0;;;;10;23
"055033";"Avigliano Umbro";19;15;0;0;0;;;;15;7;0;0;0;;;;7;22
"055033";"Avigliano Umbro";20;15;0;0;0;;;;15;9;0;0;0;;;;9;24
"055033";"Avigliano Umbro";21;10;0;0;0;;;;10;11;0;0;0;;;;11;21
"055033";"Avigliano Umbro";22;13;0;0;0;;;;13;13;0;0;0;;;;13;26
"055033";"Avigliano Umbro";23;9;0;0;0;;;;9;7;0;0;0;;;;7;16
"055033";"Avigliano Umbro";24;15;0;0;0;;;;15;19;0;0;0;;;;19;34
"055033";"Avigliano Umbro";25;8;0;0;0;;;;8;7;0;0;0;;;;7;15
"055033";"Avigliano Umbro";26;21;0;0;0;;;;21;5;1;0;0;;;;6;27
"055033";"Avigliano Umbro";27;6;0;0;0;;;;6;8;1;0;0;;;;9;15
"055033";"Avigliano Umbro";28;14;0;0;0;;;;14;8;0;0;0;;;;8;22
"055033";"Avigliano Umbro";29;8;0;0;0;;;;8;3;0;1;0;;;;4;12
"055033";"Avigliano Umbro";30;6;2;0;0;;;;8;3;2;0;0;;;;5;13
"055033";"Avigliano Umbro";31;10;2;0;0;;;;12;5;2;0;0;;;;7;19
"055033";"Avigliano Umbro";32;7;2;0;0;;;;9;4;2;0;0;;;;6;15
"055033";"Avigliano Umbro";33;9;1;0;0;;;;10;5;6;0;0;;;;11;21
"055033";"Avigliano Umbro";34;3;0;0;0;;;;3;9;5;0;0;;;;14;17
"055033";"Avigliano Umbro";35;6;1;0;0;;;;7;6;6;0;0;;;;12;19
"055033";"Avigliano Umbro";36;7;5;0;0;;;;12;5;2;0;0;;;;7;19
"055033";"Avigliano Umbro";37;10;4;0;0;;;;14;7;12;1;0;;;;20;34
"055033";"Avigliano Umbro";38;9;4;0;0;;;;13;7;7;0;0;;;;14;27
"055033";"Avigliano Umbro";39;9;9;0;0;;;;18;2;9;0;0;;;;11;29
"055033";"Avigliano Umbro";40;10;6;0;0;;;;16;8;10;0;0;;;;18;34
"055033";"Avigliano Umbro";41;5;9;0;0;;;;14;1;12;0;0;;;;13;27
"055033";"Avigliano Umbro";42;6;7;0;0;;;;13;2;10;1;0;;;;13;26
"055033";"Avigliano Umbro";43;8;13;0;0;;;;21;1;14;0;0;;;;15;36
"055033";"Avigliano Umbro";44;5;9;0;0;;;;14;6;10;1;0;;;;17;31
"055033";"Avigliano Umbro";45;8;5;0;0;;;;13;6;4;1;0;;;;11;24
"055033";"Avigliano Umbro";46;12;14;1;0;;;;27;4;7;0;1;;;;12;39
"055033";"Avigliano Umbro";47;6;7;1;0;;;;14;1;14;0;0;;;;15;29
"055033";"Avigliano Umbro";48;4;7;0;0;;;;11;2;18;0;0;;;;20;31
"055033";"Avigliano Umbro";49;0;22;0;0;;;;22;2;12;1;0;;;;15;37
"055033";"Avigliano Umbro";50;4;12;1;0;;;;17;2;22;1;0;;;;25;42
"055033";"Avigliano Umbro";51;8;7;0;0;;;;15;1;17;2;1;;;;21;36
"055033";"Avigliano Umbro";52;3;21;2;0;;;;26;2;5;0;1;;;;8;34
"055033";"Avigliano Umbro";53;6;15;0;0;;;;21;2;11;1;1;;;;15;36
"055033";"Avigliano Umbro";54;2;10;3;0;;;;15;2;20;0;0;;;;22;37
"055033";"Avigliano Umbro";55;1;26;0;1;;;;28;2;14;3;0;;;;19;47
"055033";"Avigliano Umbro";56;6;7;3;0;;;;16;1;14;2;0;;;;17;33
"055033";"Avigliano Umbro";57;2;11;0;0;;;;13;1;20;0;3;;;;24;37
"055033";"Avigliano Umbro";58;3;13;0;1;;;;17;2;16;1;3;;;;22;39
"055033";"Avigliano Umbro";59;2;14;1;0;;;;17;4;20;2;1;;;;27;44
"055033";"Avigliano Umbro";60;4;14;1;0;;;;19;0;15;0;2;;;;17;36
"055033";"Avigliano Umbro";61;1;11;1;0;;;;13;1;16;0;1;;;;18;31
"055033";"Avigliano Umbro";62;3;14;0;0;;;;17;0;19;0;1;;;;20;37
"055033";"Avigliano Umbro";63;2;18;0;0;;;;20;0;12;1;1;;;;14;34
"055033";"Avigliano Umbro";64;0;23;0;0;;;;23;0;12;0;3;;;;15;38
"055033";"Avigliano Umbro";65;1;17;0;0;;;;18;1;21;0;1;;;;23;41
"055033";"Avigliano Umbro";66;1;14;0;0;;;;15;0;7;1;1;;;;9;24
"055033";"Avigliano Umbro";67;1;9;1;0;;;;11;3;19;1;2;;;;25;36
"055033";"Avigliano Umbro";68;2;11;2;1;;;;16;1;19;0;4;;;;24;40
"055033";"Avigliano Umbro";69;0;15;0;1;;;;16;0;12;0;1;;;;13;29
"055033";"Avigliano Umbro";70;2;21;0;1;;;;24;2;2;0;2;;;;6;30
"055033";"Avigliano Umbro";71;0;8;0;1;;;;9;0;17;2;2;;;;21;30
"055033";"Avigliano Umbro";72;1;12;0;1;;;;14;1;19;0;2;;;;22;36
"055033";"Avigliano Umbro";73;0;16;0;0;;;;16;0;5;0;3;;;;8;24
"055033";"Avigliano Umbro";74;0;8;0;3;;;;11;1;12;1;5;;;;19;30
"055033";"Avigliano Umbro";75;0;11;0;2;;;;13;0;17;0;5;;;;22;35
"055033";"Avigliano Umbro";76;0;13;0;0;;;;13;0;10;1;4;;;;15;28
"055033";"Avigliano Umbro";77;4;15;0;3;;;;22;0;11;0;7;;;;18;40
"055033";"Avigliano Umbro";78;1;11;0;1;;;;13;0;4;0;6;;;;10;23
"055033";"Avigliano Umbro";79;1;14;0;1;;;;16;1;8;0;7;;;;16;32
"055033";"Avigliano Umbro";80;3;12;0;1;;;;16;0;5;0;4;;;;9;25
"055033";"Avigliano Umbro";81;1;9;1;1;;;;12;0;0;1;5;;;;6;18
"055033";"Avigliano Umbro";82;0;5;0;3;;;;8;0;3;0;6;;;;9;17
"055033";"Avigliano Umbro";83;1;1;1;0;;;;3;0;3;0;6;;;;9;12
"055033";"Avigliano Umbro";84;0;7;0;2;;;;9;0;2;0;7;;;;9;18
"055033";"Avigliano Umbro";85;1;6;0;1;;;;8;0;1;0;7;;;;8;16
"055033";"Avigliano Umbro";86;0;4;1;2;;;;7;0;2;0;8;;;;10;17
"055033";"Avigliano Umbro";87;1;1;0;2;;;;4;0;2;0;11;;;;13;17
"055033";"Avigliano Umbro";88;0;2;0;0;;;;2;0;0;0;10;;;;10;12
"055033";"Avigliano Umbro";89;1;3;0;1;;;;5;0;1;0;6;;;;7;12
"055033";"Avigliano Umbro";90;1;2;0;1;;;;4;0;0;0;0;;;;0;4
"055033";"Avigliano Umbro";91;0;1;0;0;;;;1;0;0;0;6;;;;6;7
"055033";"Avigliano Umbro";92;0;0;0;1;;;;1;0;0;0;2;;;;2;3
"055033";"Avigliano Umbro";93;0;2;0;0;;;;2;0;1;0;4;;;;5;7
"055033";"Avigliano Umbro";94;0;0;0;2;;;;2;0;0;0;3;;;;3;5
"055033";"Avigliano Umbro";95;0;0;0;0;;;;0;0;0;0;4;;;;4;4
"055033";"Avigliano Umbro";96;0;1;0;0;;;;1;0;0;0;2;;;;2;3
"055033";"Avigliano Umbro";97;0;0;0;0;;;;0;0;0;0;1;;;;1;1
"055033";"Avigliano Umbro";98;0;0;0;0;;;;0;0;0;0;1;;;;1;1
"055033";"Avigliano Umbro";99;0;0;0;0;;;;0;0;0;0;0;;;;0;0
"055033";"Avigliano Umbro";100;0;0;0;0;;;;0;0;0;0;0;;;;0;0
"055033";"Avigliano Umbro";999;543;596;20;34;;;;1193;362;602;26;164;;;;1154;2347
"055007";"Baschi";0;7;0;0;0;;;;7;3;0;0;0;;;;3;10
"055007";"Baschi";1;4;0;0;0;;;;4;6;0;0;0;;;;6;10
"055007";"Baschi";2;4;0;0;0;;;;4;9;0;0;0;;;;9;13
"055007";"Baschi";3;7;0;0;0;;;;7;9;0;0;0;;;;9;16
"055007";"Baschi";4;5;0;0;0;;;;5;10;0;0;0;;;;10;15
"055007";"Baschi";5;8;0;0;0;;;;8;10;0;0;0;;;;10;18
"055007";"Baschi";6;11;0;0;0;;;;11;12;0;0;0;;;;12;23
"055007";"Baschi";7;11;0;0;0;;;;11;14;0;0;0;;;;14;25
"055007";"Baschi";8;8;0;0;0;;;;8;10;0;0;0;;;;10;18
"055007";"Baschi";9;7;0;0;0;;;;7;7;0;0;0;;;;7;14
"055007";"Baschi";10;9;0;0;0;;;;9;6;0;0;0;;;;6;15
"055007";"Baschi";11;12;0;0;0;;;;12;6;0;0;0;;;;6;18
"055007";"Baschi";12;14;0;0;0;;;;14;12;0;0;0;;;;12;26
"055007";"Baschi";13;20;0;0;0;;;;20;10;0;0;0;;;;10;30
"055007";"Baschi";14;10;0;0;0;;;;10;9;0;0;0;;;;9;19
"055007";"Baschi";15;8;0;0;0;;;;8;12;0;0;0;;;;12;20
"055007";"Baschi";16;14;0;0;0;;;;14;13;0;0;0;;;;13;27
"055007";"Baschi";17;18;0;0;0;;;;18;17;0;0;0;;;;17;35
"055007";"Baschi";18;11;0;0;0;;;;11;12;0;0;0;;;;12;23
"055007";"Baschi";19;9;0;0;0;;;;9;8;0;0;0;;;;8;17
"055007";"Baschi";20;10;0;0;0;;;;10;8;0;0;0;;;;8;18
"055007";"Baschi";21;19;0;0;0;;;;19;8;0;0;0;;;;8;27
"055007";"Baschi";22;12;0;0;0;;;;12;11;1;0;0;;;;12;24
"055007";"Baschi";23;10;0;0;0;;;;10;12;0;0;0;;;;12;22
"055007";"Baschi";24;13;1;0;0;;;;14;7;2;0;0;;;;9;23
"055007";"Baschi";25;12;0;0;0;;;;12;4;0;0;0;;;;4;16
"055007";"Baschi";26;14;0;0;0;;;;14;6;1;0;0;;;;7;21
"055007";"Baschi";27;7;0;0;0;;;;7;7;2;0;0;;;;9;16
"055007";"Baschi";28;8;0;0;0;;;;8;4;0;0;0;;;;4;12
"055007";"Baschi";29;6;0;0;0;;;;6;8;2;0;0;;;;10;16
"055007";"Baschi";30;10;0;0;0;;;;10;10;2;0;0;;;;12;22
"055007";"Baschi";31;7;2;0;0;;;;9;10;4;0;0;;;;14;23
"055007";"Baschi";32;6;1;0;0;;;;7;5;3;0;0;;;;8;15
"055007";"Baschi";33;7;3;0;0;;;;10;8;2;0;0;;;;10;20
"055007";"Baschi";34;13;1;0;0;;;;14;11;5;0;0;;;;16;30
"055007";"Baschi";35;8;5;0;0;;;;13;7;4;0;0;;;;11;24
"055007";"Baschi";36;9;2;0;0;;;;11;2;4;1;0;;;;7;18
"055007";"Baschi";37;8;3;0;0;;;;11;6;7;0;0;;;;13;24
"055007";"Baschi";38;13;6;0;0;;;;19;7;6;0;0;;;;13;32
"055007";"Baschi";39;7;3;0;0;;;;10;4;6;1;0;;;;11;21
"055007";"Baschi";40;7;7;0;0;;;;14;9;10;1;0;;;;20;34
"055007";"Baschi";41;5;4;0;0;;;;9;8;11;1;0;;;;20;29
"055007";"Baschi";42;4;4;0;0;;;;8;8;7;1;0;;;;16;24
"055007";"Baschi";43;8;6;0;0;;;;14;5;10;0;0;;;;15;29
"055007";"Baschi";44;8;13;1;0;;;;22;5;12;0;0;;;;17;39
"055007";"Baschi";45;2;8;0;0;;;;10;3;13;2;1;;;;19;29
"055007";"Baschi";46;9;9;1;0;;;;19;3;16;0;0;;;;19;38
"055007";"Baschi";47;9;9;1;0;;;;19;3;8;1;0;;;;12;31
"055007";"Baschi";48;6;10;0;0;;;;16;5;7;2;0;;;;14;30
"055007";"Baschi";49;10;10;0;0;;;;20;4;11;1;1;;;;17;37
"055007";"Baschi";50;6;13;2;0;;;;21;0;14;3;0;;;;17;38
"055007";"Baschi";51;9;15;1;1;;;;26;4;10;3;0;;;;17;43
"055007";"Baschi";52;9;11;0;0;;;;20;10;10;0;0;;;;20;40
"055007";"Baschi";53;10;12;2;1;;;;25;2;13;1;0;;;;16;41
"055007";"Baschi";54;7;20;3;0;;;;30;5;19;0;2;;;;26;56
"055007";"Baschi";55;6;20;1;1;;;;28;3;15;0;0;;;;18;46
"055007";"Baschi";56;6;8;1;1;;;;16;6;14;0;0;;;;20;36
"055007";"Baschi";57;6;10;4;1;;;;21;2;23;1;1;;;;27;48
"055007";"Baschi";58;3;14;2;0;;;;19;4;16;3;1;;;;24;43
"055007";"Baschi";59;5;4;0;0;;;;9;3;9;3;2;;;;17;26
"055007";"Baschi";60;2;18;3;0;;;;23;3;12;1;1;;;;17;40
"055007";"Baschi";61;4;9;3;0;;;;16;2;17;0;2;;;;21;37
"055007";"Baschi";62;5;13;1;0;;;;19;2;16;2;3;;;;23;42
"055007";"Baschi";63;1;21;1;2;;;;25;2;16;1;0;;;;19;44
"055007";"Baschi";64;3;20;2;1;;;;26;1;12;0;3;;;;16;42
"055007";"Baschi";65;6;6;1;0;;;;13;1;9;2;4;;;;16;29
"055007";"Baschi";66;2;13;1;0;;;;16;1;10;1;4;;;;16;32
"055007";"Baschi";67;4;22;2;0;;;;28;0;15;0;2;;;;17;45
"055007";"Baschi";68;3;11;0;0;;;;14;3;19;1;6;;;;29;43
"055007";"Baschi";69;5;8;3;0;;;;16;2;11;2;2;;;;17;33
"055007";"Baschi";70;2;11;0;0;;;;13;1;13;2;3;;;;19;32
"055007";"Baschi";71;2;10;3;1;;;;16;1;10;0;3;;;;14;30
"055007";"Baschi";72;2;15;2;0;;;;19;1;17;0;6;;;;24;43
"055007";"Baschi";73;1;13;1;1;;;;16;1;11;1;3;;;;16;32
"055007";"Baschi";74;1;16;5;1;;;;23;5;9;1;4;;;;19;42
"055007";"Baschi";75;1;20;1;0;;;;22;2;11;0;6;;;;19;41
"055007";"Baschi";76;3;14;0;2;;;;19;0;10;0;2;;;;12;31
"055007";"Baschi";77;2;12;1;0;;;;15;0;11;1;7;;;;19;34
"055007";"Baschi";78;2;7;0;0;;;;9;1;7;1;7;;;;16;25
"055007";"Baschi";79;1;6;0;2;;;;9;2;4;1;5;;;;12;21
"055007";"Baschi";80;1;10;0;2;;;;13;1;5;1;6;;;;13;26
"055007";"Baschi";81;1;9;1;1;;;;12;0;11;0;5;;;;16;28
"055007";"Baschi";82;2;7;0;1;;;;10;2;2;1;7;;;;12;22
"055007";"Baschi";83;2;3;0;1;;;;6;0;4;0;13;;;;17;23
"055007";"Baschi";84;0;12;0;2;;;;14;2;4;0;13;;;;19;33
"055007";"Baschi";85;1;8;0;0;;;;9;1;5;0;8;;;;14;23
"055007";"Baschi";86;1;4;1;3;;;;9;2;1;0;7;;;;10;19
"055007";"Baschi";87;2;5;0;2;;;;9;2;2;0;4;;;;8;17
"055007";"Baschi";88;0;4;0;2;;;;6;0;3;0;8;;;;11;17
"055007";"Baschi";89;2;6;0;3;;;;11;0;1;0;7;;;;8;19
"055007";"Baschi";90;0;3;0;0;;;;3;0;2;0;3;;;;5;8
"055007";"Baschi";91;0;3;0;0;;;;3;0;0;0;3;;;;3;6
"055007";"Baschi";92;1;2;0;2;;;;5;0;0;1;3;;;;4;9
"055007";"Baschi";93;0;2;0;1;;;;3;0;0;0;6;;;;6;9
"055007";"Baschi";94;0;1;0;1;;;;2;0;0;1;4;;;;5;7
"055007";"Baschi";95;0;1;0;0;;;;1;0;1;0;6;;;;7;8
"055007";"Baschi";96;0;1;0;0;;;;1;0;0;0;4;;;;4;5
"055007";"Baschi";97;0;0;0;1;;;;1;0;0;0;0;;;;0;1
"055007";"Baschi";98;0;1;0;0;;;;1;0;0;0;2;;;;2;3
"055007";"Baschi";99;0;0;0;0;;;;0;0;0;0;0;;;;0;0
"055007";"Baschi";100;0;1;0;0;;;;1;0;0;0;0;;;;0;1
"055007";"Baschi";999;596;582;51;37;;;;1266;473;580;46;190;;;;1289;2555
"055008";"Calvi dell'Umbria";0;2;0;0;0;;;;2;5;0;0;0;;;;5;7
"055008";"Calvi dell'Umbria";1;1;0;0;0;;;;1;3;0;0;0;;;;3;4
"055008";"Calvi dell'Umbria";2;7;0;0;0;;;;7;5;0;0;0;;;;5;12
"055008";"Calvi dell'Umbria";3;5;0;0;0;;;;5;3;0;0;0;;;;3;8
"055008";"Calvi dell'Umbria";4;2;0;0;0;;;;2;5;0;0;0;;;;5;7
"055008";"Calvi dell'Umbria";5;0;0;0;0;;;;0;2;0;0;0;;;;2;2
"055008";"Calvi dell'Umbria";6;5;0;0;0;;;;5;2;0;0;0;;;;2;7
"055008";"Calvi dell'Umbria";7;4;0;0;0;;;;4;7;0;0;0;;;;7;11
"055008";"Calvi dell'Umbria";8;5;0;0;0;;;;5;1;0;0;0;;;;1;6
"055008";"Calvi dell'Umbria";9;4;0;0;0;;;;4;4;0;0;0;;;;4;8
"055008";"Calvi dell'Umbria";10;6;0;0;0;;;;6;12;0;0;0;;;;12;18
"055008";"Calvi dell'Umbria";11;3;0;0;0;;;;3;5;0;0;0;;;;5;8
"055008";"Calvi dell'Umbria";12;9;0;0;0;;;;9;7;0;0;0;;;;7;16
"055008";"Calvi dell'Umbria";13;2;0;0;0;;;;2;6;0;0;0;;;;6;8
"055008";"Calvi dell'Umbria";14;7;0;0;0;;;;7;5;0;0;0;;;;5;12
"055008";"Calvi dell'Umbria";15;6;0;0;0;;;;6;9;0;0;0;;;;9;15
"055008";"Calvi dell'Umbria";16;9;0;0;0;;;;9;7;0;0;0;;;;7;16
"055008";"Calvi dell'Umbria";17;6;0;0;0;;;;6;7;0;0;0;;;;7;13
"055008";"Calvi dell'Umbria";18;7;0;0;0;;;;7;5;0;0;0;;;;5;12
"055008";"Calvi dell'Umbria";19;2;0;0;0;;;;2;6;0;0;0;;;;6;8
"055008";"Calvi dell'Umbria";20;3;0;0;0;;;;3;5;0;0;0;;;;5;8
"055008";"Calvi dell'Umbria";21;8;0;0;0;;;;8;3;0;0;0;;;;3;11
"055008";"Calvi dell'Umbria";22;6;0;0;0;;;;6;8;0;0;0;;;;8;14
"055008";"Calvi dell'Umbria";23;3;0;0;0;;;;3;13;1;0;0;;;;14;17
"055008";"Calvi dell'Umbria";24;11;0;0;0;;;;11;7;0;0;0;;;;7;18
"055008";"Calvi dell'Umbria";25;2;0;0;0;;;;2;5;0;0;0;;;;5;7
"055008";"Calvi dell'Umbria";26;10;0;0;0;;;;10;8;0;0;0;;;;8;18
"055008";"Calvi dell'Umbria";27;12;0;0;0;;;;12;2;0;0;0;;;;2;14
"055008";"Calvi dell'Umbria";28;3;0;0;0;;;;3;8;1;0;0;;;;9;12
"055008";"Calvi dell'Umbria";29;10;1;0;0;;;;11;4;2;0;0;;;;6;17
"055008";"Calvi dell'Umbria";30;8;1;0;0;;;;9;6;5;0;0;;;;11;20
"055008";"Calvi dell'Umbria";31;7;1;0;0;;;;8;8;0;0;0;;;;8;16
"055008";"Calvi dell'Umbria";32;10;0;0;0;;;;10;6;3;0;0;;;;9;19
"055008";"Calvi dell'Umbria";33;4;2;0;0;;;;6;6;1;0;0;;;;7;13
"055008";"Calvi dell'Umbria";34;10;2;0;0;;;;12;9;1;0;0;;;;10;22
"055008";"Calvi dell'Umbria";35;7;3;0;0;;;;10;2;4;0;0;;;;6;16
"055008";"Calvi dell'Umbria";36;4;3;1;0;;;;8;3;4;2;0;;;;9;17
"055008";"Calvi dell'Umbria";37;6;1;0;0;;;;7;6;6;0;0;;;;12;19
"055008";"Calvi dell'Umbria";38;6;3;0;0;;;;9;2;5;0;0;;;;7;16
"055008";"Calvi dell'Umbria";39;3;2;0;0;;;;5;1;5;1;0;;;;7;12
"055008";"Calvi dell'Umbria";40;4;3;0;0;;;;7;4;6;0;0;;;;10;17
"055008";"Calvi dell'Umbria";41;4;8;0;0;;;;12;3;5;0;0;;;;8;20
"055008";"Calvi dell'Umbria";42;4;6;0;0;;;;10;4;4;0;0;;;;8;18
"055008";"Calvi dell'Umbria";43;2;6;0;0;;;;8;1;4;2;0;;;;7;15
"055008";"Calvi dell'Umbria";44;2;8;0;0;;;;10;2;6;0;0;;;;8;18
"055008";"Calvi dell'Umbria";45;3;6;1;0;;;;10;4;7;0;0;;;;11;21
"055008";"Calvi dell'Umbria";46;7;3;1;0;;;;11;1;6;0;0;;;;7;18
"055008";"Calvi dell'Umbria";47;4;9;0;0;;;;13;4;5;0;0;;;;9;22
"055008";"Calvi dell'Umbria";48;3;8;2;0;;;;13;2;11;0;0;;;;13;26
"055008";"Calvi dell'Umbria";49;2;7;0;0;;;;9;3;11;1;0;;;;15;24
"055008";"Calvi dell'Umbria";50;6;10;0;0;;;;16;4;8;0;2;;;;14;30
"055008";"Calvi dell'Umbria";51;1;3;0;0;;;;4;4;8;0;0;;;;12;16
"055008";"Calvi dell'Umbria";52;3;8;0;0;;;;11;1;10;2;0;;;;13;24
"055008";"Calvi dell'Umbria";53;4;10;3;0;;;;17;2;11;0;0;;;;13;30
"055008";"Calvi dell'Umbria";54;2;6;0;0;;;;8;2;13;2;0;;;;17;25
"055008";"Calvi dell'Umbria";55;4;12;0;0;;;;16;5;9;1;0;;;;15;31
"055008";"Calvi dell'Umbria";56;1;9;1;0;;;;11;1;10;0;0;;;;11;22
"055008";"Calvi dell'Umbria";57;2;12;2;1;;;;17;3;4;3;0;;;;10;27
"055008";"Calvi dell'Umbria";58;2;14;1;0;;;;17;4;13;2;1;;;;20;37
"055008";"Calvi dell'Umbria";59;3;9;0;0;;;;12;1;14;2;0;;;;17;29
"055008";"Calvi dell'Umbria";60;1;12;0;0;;;;13;3;9;0;0;;;;12;25
"055008";"Calvi dell'Umbria";61;6;14;0;0;;;;20;2;14;1;1;;;;18;38
"055008";"Calvi dell'Umbria";62;1;11;1;1;;;;14;3;14;1;1;;;;19;33
"055008";"Calvi dell'Umbria";63;1;13;2;0;;;;16;3;13;0;1;;;;17;33
"055008";"Calvi dell'Umbria";64;0;13;0;0;;;;13;3;12;0;1;;;;16;29
"055008";"Calvi dell'Umbria";65;1;7;1;2;;;;11;0;8;0;2;;;;10;21
"055008";"Calvi dell'Umbria";66;3;14;1;1;;;;19;1;8;0;1;;;;10;29
"055008";"Calvi dell'Umbria";67;1;5;0;0;;;;6;1;8;0;2;;;;11;17
"055008";"Calvi dell'Umbria";68;2;15;0;0;;;;17;0;7;1;2;;;;10;27
"055008";"Calvi dell'Umbria";69;1;9;0;0;;;;10;0;10;0;4;;;;14;24
"055008";"Calvi dell'Umbria";70;2;13;0;0;;;;15;1;7;0;1;;;;9;24
"055008";"Calvi dell'Umbria";71;1;11;0;0;;;;12;0;5;2;3;;;;10;22
"055008";"Calvi dell'Umbria";72;1;7;0;0;;;;8;3;13;0;5;;;;21;29
"055008";"Calvi dell'Umbria";73;1;7;3;1;;;;12;1;5;0;6;;;;12;24
"055008";"Calvi dell'Umbria";74;0;10;1;1;;;;12;0;7;0;3;;;;10;22
"055008";"Calvi dell'Umbria";75;5;11;2;1;;;;19;0;5;0;4;;;;9;28
"055008";"Calvi dell'Umbria";76;2;9;1;0;;;;12;0;6;0;4;;;;10;22
"055008";"Calvi dell'Umbria";77;1;9;0;0;;;;10;1;8;0;1;;;;10;20
"055008";"Calvi dell'Umbria";78;0;8;0;3;;;;11;0;6;1;5;;;;12;23
"055008";"Calvi dell'Umbria";79;0;4;0;1;;;;5;1;4;0;1;;;;6;11
"055008";"Calvi dell'Umbria";80;0;5;0;1;;;;6;0;6;0;4;;;;10;16
"055008";"Calvi dell'Umbria";81;0;8;1;1;;;;10;0;3;2;2;;;;7;17
"055008";"Calvi dell'Umbria";82;0;5;0;0;;;;5;0;3;0;5;;;;8;13
"055008";"Calvi dell'Umbria";83;1;5;0;2;;;;8;2;4;0;2;;;;8;16
"055008";"Calvi dell'Umbria";84;0;5;0;2;;;;7;1;5;0;3;;;;9;16
"055008";"Calvi dell'Umbria";85;1;4;2;2;;;;9;2;2;1;3;;;;8;17
"055008";"Calvi dell'Umbria";86;2;5;1;1;;;;9;0;2;0;7;;;;9;18
"055008";"Calvi dell'Umbria";87;1;7;0;0;;;;8;0;1;0;10;;;;11;19
"055008";"Calvi dell'Umbria";88;0;5;0;0;;;;5;0;2;1;9;;;;12;17
"055008";"Calvi dell'Umbria";89;0;2;0;2;;;;4;0;0;0;3;;;;3;7
"055008";"Calvi dell'Umbria";90;0;1;0;1;;;;2;0;2;0;6;;;;8;10
"055008";"Calvi dell'Umbria";91;0;1;0;2;;;;3;0;1;0;3;;;;4;7
"055008";"Calvi dell'Umbria";92;0;3;0;1;;;;4;0;0;0;3;;;;3;7
"055008";"Calvi dell'Umbria";93;0;0;0;2;;;;2;0;1;0;5;;;;6;8
"055008";"Calvi dell'Umbria";94;0;0;0;1;;;;1;0;0;0;1;;;;1;2
"055008";"Calvi dell'Umbria";95;0;0;0;0;;;;0;0;0;0;3;;;;3;3
"055008";"Calvi dell'Umbria";96;0;1;0;0;;;;1;0;0;0;1;;;;1;2
"055008";"Calvi dell'Umbria";97;0;0;0;0;;;;0;0;0;0;0;;;;0;0
"055008";"Calvi dell'Umbria";98;0;0;0;0;;;;0;0;0;0;0;;;;0;0
"055008";"Calvi dell'Umbria";99;0;0;0;0;;;;0;0;0;0;1;;;;1;1
"055008";"Calvi dell'Umbria";100;0;0;0;0;;;;0;0;0;0;0;;;;0;0
"055008";"Calvi dell'Umbria";999;323;435;28;30;;;;816;301;404;28;122;;;;855;1671
"055009";"Castel Giorgio";0;2;0;0;0;;;;2;6;0;0;0;;;;6;8
"055009";"Castel Giorgio";1;7;0;0;0;;;;7;7;0;0;0;;;;7;14
"055009";"Castel Giorgio";2;3;0;0;0;;;;3;3;0;0;0;;;;3;6
"055009";"Castel Giorgio";3;10;0;0;0;;;;10;1;0;0;0;;;;1;11
"055009";"Castel Giorgio";4;5;0;0;0;;;;5;10;0;0;0;;;;10;15
"055009";"Castel Giorgio";5;7;0;0;0;;;;7;8;0;0;0;;;;8;15
"055009";"Castel Giorgio";6;5;0;0;0;;;;5;5;0;0;0;;;;5;10
"055009";"Castel Giorgio";7;10;0;0;0;;;;10;6;0;0;0;;;;6;16
"055009";"Castel Giorgio";8;2;0;0;0;;;;2;6;0;0;0;;;;6;8
"055009";"Castel Giorgio";9;5;0;0;0;;;;5;7;0;0;0;;;;7;12
"055009";"Castel Giorgio";10;12;0;0;0;;;;12;5;0;0;0;;;;5;17
"055009";"Castel Giorgio";11;6;0;0;0;;;;6;3;0;0;0;;;;3;9
"055009";"Castel Giorgio";12;7;0;0;0;;;;7;8;0;0;0;;;;8;15
"055009";"Castel Giorgio";13;9;0;0;0;;;;9;8;0;0;0;;;;8;17
"055009";"Castel Giorgio";14;4;0;0;0;;;;4;6;0;0;0;;;;6;10
"055009";"Castel Giorgio";15;8;0;0;0;;;;8;4;0;0;0;;;;4;12
"055009";"Castel Giorgio";16;3;0;0;0;;;;3;9;0;0;0;;;;9;12
"055009";"Castel Giorgio";17;6;0;0;0;;;;6;6;0;0;0;;;;6;12
"055009";"Castel Giorgio";18;7;0;0;0;;;;7;10;0;0;0;;;;10;17
"055009";"Castel Giorgio";19;9;0;0;0;;;;9;7;0;0;0;;;;7;16
"055009";"Castel Giorgio";20;11;0;0;0;;;;11;7;0;0;0;;;;7;18
"055009";"Castel Giorgio";21;3;0;0;0;;;;3;9;0;0;0;;;;9;12
"055009";"Castel Giorgio";22;6;0;0;0;;;;6;10;0;0;0;;;;10;16
"055009";"Castel Giorgio";23;9;0;0;0;;;;9;5;0;0;0;;;;5;14
"055009";"Castel Giorgio";24;9;0;0;0;;;;9;11;0;0;0;;;;11;20
"055009";"Castel Giorgio";25;6;0;0;0;;;;6;5;0;0;0;;;;5;11
"055009";"Castel Giorgio";26;7;0;0;0;;;;7;7;0;0;0;;;;7;14
"055009";"Castel Giorgio";27;5;0;0;0;;;;5;9;0;0;0;;;;9;14
"055009";"Castel Giorgio";28;6;1;0;0;;;;7;6;1;0;0;;;;7;14
"055009";"Castel Giorgio";29;4;0;0;0;;;;4;9;1;1;0;;;;11;15
"055009";"Castel Giorgio";30;6;0;0;0;;;;6;5;2;0;0;;;;7;13
"055009";"Castel Giorgio";31;12;0;0;0;;;;12;5;1;0;0;;;;6;18
"055009";"Castel Giorgio";32;10;1;0;0;;;;11;6;0;0;0;;;;6;17
"055009";"Castel Giorgio";33;8;0;0;0;;;;8;6;2;0;0;;;;8;16
"055009";"Castel Giorgio";34;6;0;0;0;;;;6;6;3;0;0;;;;9;15
"055009";"Castel Giorgio";35;10;4;0;0;;;;14;4;5;0;0;;;;9;23
"055009";"Castel Giorgio";36;9;5;1;0;;;;15;0;1;0;0;;;;1;16
"055009";"Castel Giorgio";37;11;2;0;0;;;;13;2;12;1;0;;;;15;28
"055009";"Castel Giorgio";38;4;7;1;0;;;;12;8;9;0;0;;;;17;29
"055009";"Castel Giorgio";39;5;6;0;0;;;;11;2;8;0;0;;;;10;21
"055009";"Castel Giorgio";40;4;7;0;0;;;;11;5;7;0;0;;;;12;23
"055009";"Castel Giorgio";41;6;5;0;0;;;;11;1;7;0;0;;;;8;19
"055009";"Castel Giorgio";42;2;4;1;0;;;;7;4;6;0;0;;;;10;17
"055009";"Castel Giorgio";43;4;6;0;0;;;;10;1;8;0;0;;;;9;19
"055009";"Castel Giorgio";44;5;9;0;0;;;;14;3;6;0;0;;;;9;23
"055009";"Castel Giorgio";45;7;6;0;0;;;;13;10;7;0;0;;;;17;30
"055009";"Castel Giorgio";46;6;9;0;0;;;;15;7;7;0;0;;;;14;29
"055009";"Castel Giorgio";47;6;8;0;0;;;;14;6;9;0;0;;;;15;29
"055009";"Castel Giorgio";48;6;6;0;0;;;;12;7;9;1;0;;;;17;29
"055009";"Castel Giorgio";49;4;5;0;0;;;;9;2;11;0;0;;;;13;22
"055009";"Castel Giorgio";50;5;12;1;0;;;;18;1;13;0;0;;;;14;32
"055009";"Castel Giorgio";51;3;6;1;1;;;;11;4;13;2;0;;;;19;30
"055009";"Castel Giorgio";52;9;10;0;0;;;;19;3;9;3;0;;;;15;34
"055009";"Castel Giorgio";53;4;13;0;0;;;;17;1;9;1;1;;;;12;29
"055009";"Castel Giorgio";54;2;10;1;0;;;;13;2;13;1;0;;;;16;29
"055009";"Castel Giorgio";55;3;9;1;0;;;;13;6;4;1;0;;;;11;24
"055009";"Castel Giorgio";56;2;7;0;0;;;;9;1;12;3;0;;;;16;25
"055009";"Castel Giorgio";57;4;11;0;0;;;;15;5;11;0;1;;;;17;32
"055009";"Castel Giorgio";58;3;9;0;0;;;;12;1;6;1;0;;;;8;20
"055009";"Castel Giorgio";59;2;8;0;0;;;;10;1;15;1;0;;;;17;27
"055009";"Castel Giorgio";60;3;8;0;0;;;;11;2;14;4;2;;;;22;33
"055009";"Castel Giorgio";61;2;9;0;0;;;;11;4;11;0;0;;;;15;26
"055009";"Castel Giorgio";62;4;16;0;0;;;;20;0;12;0;3;;;;15;35
"055009";"Castel Giorgio";63;2;9;0;0;;;;11;1;19;0;0;;;;20;31
"055009";"Castel Giorgio";64;3;7;0;0;;;;10;1;16;0;1;;;;18;28
"055009";"Castel Giorgio";65;3;12;2;1;;;;18;0;11;0;1;;;;12;30
"055009";"Castel Giorgio";66;3;16;2;1;;;;22;1;9;1;4;;;;15;37
"055009";"Castel Giorgio";67;0;16;0;0;;;;16;3;4;3;3;;;;13;29
"055009";"Castel Giorgio";68;0;7;0;1;;;;8;0;16;0;6;;;;22;30
"055009";"Castel Giorgio";69;2;15;3;1;;;;21;1;16;0;2;;;;19;40
"055009";"Castel Giorgio";70;4;12;0;0;;;;16;1;9;2;3;;;;15;31
"055009";"Castel Giorgio";71;3;10;0;0;;;;13;1;12;0;5;;;;18;31
"055009";"Castel Giorgio";72;3;15;0;0;;;;18;0;8;0;3;;;;11;29
"055009";"Castel Giorgio";73;3;8;4;0;;;;15;0;5;0;7;;;;12;27
"055009";"Castel Giorgio";74;3;10;0;2;;;;15;1;10;1;7;;;;19;34
"055009";"Castel Giorgio";75;4;21;0;0;;;;25;0;12;1;4;;;;17;42
"055009";"Castel Giorgio";76;0;8;0;3;;;;11;0;11;1;9;;;;21;32
"055009";"Castel Giorgio";77;0;8;1;0;;;;9;1;9;0;4;;;;14;23
"055009";"Castel Giorgio";78;1;10;0;0;;;;11;0;12;0;3;;;;15;26
"055009";"Castel Giorgio";79;0;8;0;2;;;;10;0;6;0;9;;;;15;25
"055009";"Castel Giorgio";80;0;8;0;0;;;;8;0;6;0;7;;;;13;21
"055009";"Castel Giorgio";81;0;8;1;2;;;;11;0;6;0;6;;;;12;23
"055009";"Castel Giorgio";82;1;10;0;0;;;;11;2;5;0;7;;;;14;25
"055009";"Castel Giorgio";83;3;5;0;2;;;;10;0;4;0;4;;;;8;18
"055009";"Castel Giorgio";84;0;7;0;2;;;;9;0;2;0;2;;;;4;13
"055009";"Castel Giorgio";85;0;4;0;2;;;;6;0;2;0;4;;;;6;12
"055009";"Castel Giorgio";86;1;7;0;0;;;;8;0;5;0;6;;;;11;19
"055009";"Castel Giorgio";87;0;3;0;1;;;;4;0;3;0;12;;;;15;19
"055009";"Castel Giorgio";88;0;4;0;4;;;;8;0;0;0;7;;;;7;15
"055009";"Castel Giorgio";89;0;4;0;0;;;;4;0;2;0;11;;;;13;17
"055009";"Castel Giorgio";90;0;4;0;1;;;;5;1;3;0;12;;;;16;21
"055009";"Castel Giorgio";91;1;3;0;1;;;;5;0;3;0;6;;;;9;14
"055009";"Castel Giorgio";92;1;2;0;0;;;;3;1;0;0;13;;;;14;17
"055009";"Castel Giorgio";93;0;0;0;0;;;;0;0;0;0;3;;;;3;3
"055009";"Castel Giorgio";94;0;0;0;0;;;;0;0;0;0;5;;;;5;5
"055009";"Castel Giorgio";95;0;0;0;0;;;;0;0;0;0;4;;;;4;4
"055009";"Castel Giorgio";96;0;0;0;0;;;;0;0;0;0;2;;;;2;2
"055009";"Castel Giorgio";97;0;1;0;0;;;;1;0;0;0;0;;;;0;1
"055009";"Castel Giorgio";98;0;0;0;0;;;;0;0;0;0;1;;;;1;1
"055009";"Castel Giorgio";99;0;0;0;0;;;;0;0;0;0;1;;;;1;1
"055009";"Castel Giorgio";100;0;0;0;0;;;;0;0;0;0;1;;;;1;1
"055009";"Castel Giorgio";999;411;481;20;27;;;;939;339;490;29;192;;;;1050;1989
"055010";"Castel Viscardo";0;4;0;0;0;;;;4;7;0;0;0;;;;7;11
"055010";"Castel Viscardo";1;5;0;0;0;;;;5;12;0;0;0;;;;12;17
"055010";"Castel Viscardo";2;9;0;0;0;;;;9;3;0;0;0;;;;3;12
"055010";"Castel Viscardo";3;6;0;0;0;;;;6;8;0;0;0;;;;8;14
"055010";"Castel Viscardo";4;8;0;0;0;;;;8;9;0;0;0;;;;9;17
"055010";"Castel Viscardo";5;9;0;0;0;;;;9;11;0;0;0;;;;11;20
"055010";"Castel Viscardo";6;8;0;0;0;;;;8;4;0;0;0;;;;4;12
"055010";"Castel Viscardo";7;4;0;0;0;;;;4;9;0;0;0;;;;9;13
"055010";"Castel Viscardo";8;5;0;0;0;;;;5;10;0;0;0;;;;10;15
"055010";"Castel Viscardo";9;10;0;0;0;;;;10;7;0;0;0;;;;7;17
"055010";"Castel Viscardo";10;11;0;0;0;;;;11;7;0;0;0;;;;7;18
"055010";"Castel Viscardo";11;6;0;0;0;;;;6;8;0;0;0;;;;8;14
"055010";"Castel Viscardo";12;9;0;0;0;;;;9;4;0;0;0;;;;4;13
"055010";"Castel Viscardo";13;7;0;0;0;;;;7;15;0;0;0;;;;15;22
"055010";"Castel Viscardo";14;15;0;0;0;;;;15;7;0;0;0;;;;7;22
"055010";"Castel Viscardo";15;10;0;0;0;;;;10;13;0;0;0;;;;13;23
"055010";"Castel Viscardo";16;9;0;0;0;;;;9;10;0;0;0;;;;10;19
"055010";"Castel Viscardo";17;10;0;0;0;;;;10;7;0;0;0;;;;7;17
"055010";"Castel Viscardo";18;12;0;0;0;;;;12;10;0;0;0;;;;10;22
"055010";"Castel Viscardo";19;14;0;0;0;;;;14;8;0;0;0;;;;8;22
"055010";"Castel Viscardo";20;10;0;0;0;;;;10;6;0;0;0;;;;6;16
"055010";"Castel Viscardo";21;12;0;0;0;;;;12;9;0;0;0;;;;9;21
"055010";"Castel Viscardo";22;13;0;0;0;;;;13;14;0;0;0;;;;14;27
"055010";"Castel Viscardo";23;11;0;0;0;;;;11;14;0;0;0;;;;14;25
"055010";"Castel Viscardo";24;14;0;0;0;;;;14;12;0;0;0;;;;12;26
"055010";"Castel Viscardo";25;14;1;0;0;;;;15;6;0;0;0;;;;6;21
"055010";"Castel Viscardo";26;13;0;0;0;;;;13;11;0;0;0;;;;11;24
"055010";"Castel Viscardo";27;8;1;0;0;;;;9;7;0;0;0;;;;7;16
"055010";"Castel Viscardo";28;15;1;0;0;;;;16;6;3;0;0;;;;9;25
"055010";"Castel Viscardo";29;7;0;0;0;;;;7;11;3;0;1;;;;15;22
"055010";"Castel Viscardo";30;13;2;0;0;;;;15;12;2;0;0;;;;14;29
"055010";"Castel Viscardo";31;11;0;0;0;;;;11;11;2;0;0;;;;13;24
"055010";"Castel Viscardo";32;5;1;0;0;;;;6;7;3;0;0;;;;10;16
"055010";"Castel Viscardo";33;12;2;0;0;;;;14;6;1;0;0;;;;7;21
"055010";"Castel Viscardo";34;10;2;0;0;;;;12;6;6;0;0;;;;12;24
"055010";"Castel Viscardo";35;14;3;0;0;;;;17;6;5;1;0;;;;12;29
"055010";"Castel Viscardo";36;7;5;0;0;;;;12;5;5;0;0;;;;10;22
"055010";"Castel Viscardo";37;11;4;1;0;;;;16;4;6;0;0;;;;10;26
"055010";"Castel Viscardo";38;12;2;1;0;;;;15;3;10;1;0;;;;14;29
"055010";"Castel Viscardo";39;6;1;0;0;;;;7;6;10;0;0;;;;16;23
"055010";"Castel Viscardo";40;11;7;1;0;;;;19;5;9;0;0;;;;14;33
"055010";"Castel Viscardo";41;7;10;0;0;;;;17;4;12;0;0;;;;16;33
"055010";"Castel Viscardo";42;8;7;0;0;;;;15;7;6;0;0;;;;13;28
"055010";"Castel Viscardo";43;4;11;0;0;;;;15;4;9;0;0;;;;13;28
"055010";"Castel Viscardo";44;7;11;1;0;;;;19;5;5;2;0;;;;12;31
"055010";"Castel Viscardo";45;10;13;1;0;;;;24;4;7;2;0;;;;13;37
"055010";"Castel Viscardo";46;4;10;0;0;;;;14;1;12;1;0;;;;14;28
"055010";"Castel Viscardo";47;8;10;1;0;;;;19;5;13;0;0;;;;18;37
"055010";"Castel Viscardo";48;4;17;0;0;;;;21;4;16;1;0;;;;21;42
"055010";"Castel Viscardo";49;3;7;2;0;;;;12;3;17;0;1;;;;21;33
"055010";"Castel Viscardo";50;12;11;1;0;;;;24;4;9;0;0;;;;13;37
"055010";"Castel Viscardo";51;9;9;1;1;;;;20;3;22;0;0;;;;25;45
"055010";"Castel Viscardo";52;5;11;0;0;;;;16;4;11;0;2;;;;17;33
"055010";"Castel Viscardo";53;3;13;0;0;;;;16;1;9;0;1;;;;11;27
"055010";"Castel Viscardo";54;5;14;1;0;;;;20;4;22;0;1;;;;27;47
"055010";"Castel Viscardo";55;7;10;1;0;;;;18;1;19;3;1;;;;24;42
"055010";"Castel Viscardo";56;4;13;1;0;;;;18;3;21;2;5;;;;31;49
"055010";"Castel Viscardo";57;5;17;0;1;;;;23;4;9;2;2;;;;17;40
"055010";"Castel Viscardo";58;7;6;2;1;;;;16;4;12;2;0;;;;18;34
"055010";"Castel Viscardo";59;5;14;2;0;;;;21;1;17;0;2;;;;20;41
"055010";"Castel Viscardo";60;2;13;2;0;;;;17;2;16;2;2;;;;22;39
"055010";"Castel Viscardo";61;2;22;1;1;;;;26;2;22;3;2;;;;29;55
"055010";"Castel Viscardo";62;3;17;1;0;;;;21;1;16;0;1;;;;18;39
"055010";"Castel Viscardo";63;1;25;3;0;;;;29;2;10;3;2;;;;17;46
"055010";"Castel Viscardo";64;3;13;1;0;;;;17;3;12;2;5;;;;22;39
"055010";"Castel Viscardo";65;5;16;2;1;;;;24;0;14;2;1;;;;17;41
"055010";"Castel Viscardo";66;1;18;2;0;;;;21;3;16;0;3;;;;22;43
"055010";"Castel Viscardo";67;3;17;1;1;;;;22;0;17;1;3;;;;21;43
"055010";"Castel Viscardo";68;5;13;0;1;;;;19;1;12;3;4;;;;20;39
"055010";"Castel Viscardo";69;4;14;1;0;;;;19;2;22;2;0;;;;26;45
"055010";"Castel Viscardo";70;0;5;2;3;;;;10;3;11;3;4;;;;21;31
"055010";"Castel Viscardo";71;1;19;3;2;;;;25;4;13;2;6;;;;25;50
"055010";"Castel Viscardo";72;1;13;0;0;;;;14;0;17;3;6;;;;26;40
"055010";"Castel Viscardo";73;1;21;1;3;;;;26;2;11;0;4;;;;17;43
"055010";"Castel Viscardo";74;2;18;1;0;;;;21;2;14;2;9;;;;27;48
"055010";"Castel Viscardo";75;0;19;0;0;;;;19;0;14;0;5;;;;19;38
"055010";"Castel Viscardo";76;4;14;1;0;;;;19;0;14;1;8;;;;23;42
"055010";"Castel Viscardo";77;1;15;0;1;;;;17;1;11;1;6;;;;19;36
"055010";"Castel Viscardo";78;1;13;0;1;;;;15;0;11;0;8;;;;19;34
"055010";"Castel Viscardo";79;1;6;0;0;;;;7;0;4;0;4;;;;8;15
"055010";"Castel Viscardo";80;0;15;1;2;;;;18;1;4;0;8;;;;13;31
"055010";"Castel Viscardo";81;0;6;0;2;;;;8;2;5;1;6;;;;14;22
"055010";"Castel Viscardo";82;0;5;0;2;;;;7;1;7;0;12;;;;20;27
"055010";"Castel Viscardo";83;1;8;0;3;;;;12;4;3;0;8;;;;15;27
"055010";"Castel Viscardo";84;1;10;0;3;;;;14;1;6;0;7;;;;14;28
"055010";"Castel Viscardo";85;0;12;0;7;;;;19;0;1;1;6;;;;8;27
"055010";"Castel Viscardo";86;0;5;0;3;;;;8;0;4;0;15;;;;19;27
"055010";"Castel Viscardo";87;1;5;0;2;;;;8;0;1;0;13;;;;14;22
"055010";"Castel Viscardo";88;1;5;0;3;;;;9;3;1;0;10;;;;14;23
"055010";"Castel Viscardo";89;0;2;0;3;;;;5;1;0;0;4;;;;5;10
"055010";"Castel Viscardo";90;1;4;1;4;;;;10;0;1;0;10;;;;11;21
"055010";"Castel Viscardo";91;0;1;0;0;;;;1;1;1;0;6;;;;8;9
"055010";"Castel Viscardo";92;0;0;0;1;;;;1;2;0;0;8;;;;10;11
"055010";"Castel Viscardo";93;0;2;0;1;;;;3;0;0;1;7;;;;8;11
"055010";"Castel Viscardo";94;0;1;0;1;;;;2;0;0;0;3;;;;3;5
"055010";"Castel Viscardo";95;0;0;0;0;;;;0;0;0;0;2;;;;2;2
"055010";"Castel Viscardo";96;0;0;0;0;;;;0;0;0;0;1;;;;1;1
"055010";"Castel Viscardo";97;0;0;0;0;;;;0;1;0;0;5;;;;6;6
"055010";"Castel Viscardo";98;0;0;0;0;;;;0;0;0;0;0;;;;0;0
"055010";"Castel Viscardo";99;0;0;0;0;;;;0;0;0;0;1;;;;1;1
"055010";"Castel Viscardo";100;0;0;0;0;;;;0;0;0;0;0;;;;0;0
"055010";"Castel Viscardo";999;563;638;41;54;;;;1296;447;624;50;231;;;;1352;2648
"055011";"Fabro";0;4;0;0;0;;;;4;12;0;0;0;;;;12;16
"055011";"Fabro";1;3;0;0;0;;;;3;6;0;0;0;;;;6;9
"055011";"Fabro";2;8;0;0;0;;;;8;4;0;0;0;;;;4;12
"055011";"Fabro";3;10;0;0;0;;;;10;7;0;0;0;;;;7;17
"055011";"Fabro";4;6;0;0;0;;;;6;10;0;0;0;;;;10;16
"055011";"Fabro";5;5;0;0;0;;;;5;5;0;0;0;;;;5;10
"055011";"Fabro";6;3;0;0;0;;;;3;7;0;0;0;;;;7;10
"055011";"Fabro";7;7;0;0;0;;;;7;7;0;0;0;;;;7;14
"055011";"Fabro";8;3;0;0;0;;;;3;7;0;0;0;;;;7;10
"055011";"Fabro";9;7;0;0;0;;;;7;8;0;0;0;;;;8;15
"055011";"Fabro";10;13;0;0;0;;;;13;11;0;0;0;;;;11;24
"055011";"Fabro";11;6;0;0;0;;;;6;5;0;0;0;;;;5;11
"055011";"Fabro";12;11;0;0;0;;;;11;16;0;0;0;;;;16;27
"055011";"Fabro";13;15;0;0;0;;;;15;22;0;0;0;;;;22;37
"055011";"Fabro";14;13;0;0;0;;;;13;14;0;0;0;;;;14;27
"055011";"Fabro";15;5;0;0;0;;;;5;5;0;0;0;;;;5;10
"055011";"Fabro";16;15;0;0;0;;;;15;13;0;0;0;;;;13;28
"055011";"Fabro";17;13;0;0;0;;;;13;14;0;0;0;;;;14;27
"055011";"Fabro";18;10;0;0;0;;;;10;10;0;0;0;;;;10;20
"055011";"Fabro";19;21;0;0;0;;;;21;10;0;0;0;;;;10;31
"055011";"Fabro";20;8;0;0;0;;;;8;7;0;0;0;;;;7;15
"055011";"Fabro";21;21;0;0;0;;;;21;12;0;0;0;;;;12;33
"055011";"Fabro";22;10;0;0;0;;;;10;13;0;0;0;;;;13;23
"055011";"Fabro";23;8;1;0;0;;;;9;12;2;0;0;;;;14;23
"055011";"Fabro";24;15;0;0;0;;;;15;8;1;0;0;;;;9;24
"055011";"Fabro";25;13;0;0;0;;;;13;11;0;0;0;;;;11;24
"055011";"Fabro";26;14;0;0;0;;;;14;10;1;0;0;;;;11;25
"055011";"Fabro";27;14;1;0;0;;;;15;10;2;0;0;;;;12;27
"055011";"Fabro";28;8;1;0;0;;;;9;4;1;0;0;;;;5;14
"055011";"Fabro";29;10;1;0;0;;;;11;14;3;0;0;;;;17;28
"055011";"Fabro";30;8;0;0;0;;;;8;8;1;0;0;;;;9;17
"055011";"Fabro";31;10;3;0;0;;;;13;11;3;0;0;;;;14;27
"055011";"Fabro";32;9;2;0;0;;;;11;8;3;0;0;;;;11;22
"055011";"Fabro";33;10;3;0;0;;;;13;12;5;0;0;;;;17;30
"055011";"Fabro";34;13;1;0;0;;;;14;5;5;1;0;;;;11;25
"055011";"Fabro";35;9;5;0;0;;;;14;5;2;0;0;;;;7;21
"055011";"Fabro";36;16;2;0;0;;;;18;11;4;0;0;;;;15;33
"055011";"Fabro";37;13;1;1;0;;;;15;6;5;0;0;;;;11;26
"055011";"Fabro";38;8;4;0;0;;;;12;12;8;0;0;;;;20;32
"055011";"Fabro";39;8;6;0;0;;;;14;7;10;1;0;;;;18;32
"055011";"Fabro";40;9;8;1;0;;;;18;9;8;0;0;;;;17;35
"055011";"Fabro";41;14;8;1;0;;;;23;6;8;1;0;;;;15;38
"055011";"Fabro";42;13;6;0;0;;;;19;4;7;1;0;;;;12;31
"055011";"Fabro";43;5;4;1;0;;;;10;5;7;3;0;;;;15;25
"055011";"Fabro";44;8;6;0;0;;;;14;5;11;2;1;;;;19;33
"055011";"Fabro";45;10;5;1;0;;;;16;7;6;2;1;;;;16;32
"055011";"Fabro";46;5;10;0;0;;;;15;5;15;2;0;;;;22;37
"055011";"Fabro";47;3;6;1;0;;;;10;5;14;1;0;;;;20;30
"055011";"Fabro";48;13;12;1;0;;;;26;3;8;0;2;;;;13;39
"055011";"Fabro";49;11;15;1;0;;;;27;6;12;2;0;;;;20;47
"055011";"Fabro";50;4;16;0;0;;;;20;6;16;1;0;;;;23;43
"055011";"Fabro";51;5;17;0;0;;;;22;2;18;0;1;;;;21;43
"055011";"Fabro";52;5;19;2;0;;;;26;3;19;2;1;;;;25;51
"055011";"Fabro";53;4;11;4;0;;;;19;9;18;0;0;;;;27;46
"055011";"Fabro";54;8;9;1;0;;;;18;3;21;1;0;;;;25;43
"055011";"Fabro";55;12;12;1;0;;;;25;2;11;3;1;;;;17;42
"055011";"Fabro";56;3;15;1;0;;;;19;1;13;1;0;;;;15;34
"055011";"Fabro";57;3;10;3;0;;;;16;4;12;3;2;;;;21;37
"055011";"Fabro";58;2;15;2;0;;;;19;2;13;2;1;;;;18;37
"055011";"Fabro";59;1;12;2;0;;;;15;3;18;1;2;;;;24;39
"055011";"Fabro";60;6;13;0;3;;;;22;5;18;2;1;;;;26;48
"055011";"Fabro";61;3;11;2;0;;;;16;1;11;3;1;;;;16;32
"055011";"Fabro";62;4;11;0;0;;;;15;2;23;0;5;;;;30;45
"055011";"Fabro";63;1;12;1;0;;;;14;2;13;0;3;;;;18;32
"055011";"Fabro";64;0;15;3;0;;;;18;1;15;1;3;;;;20;38
"055011";"Fabro";65;6;21;2;1;;;;30;1;9;1;3;;;;14;44
"055011";"Fabro";66;1;11;0;0;;;;12;1;5;1;3;;;;10;22
"055011";"Fabro";67;0;19;0;1;;;;20;1;14;1;3;;;;19;39
"055011";"Fabro";68;2;22;0;1;;;;25;1;14;0;3;;;;18;43
"055011";"Fabro";69;0;12;5;0;;;;17;0;11;1;7;;;;19;36
"055011";"Fabro";70;1;7;0;1;;;;9;1;9;0;5;;;;15;24
"055011";"Fabro";71;3;7;0;3;;;;13;0;20;2;8;;;;30;43
"055011";"Fabro";72;0;17;0;0;;;;17;0;10;0;3;;;;13;30
"055011";"Fabro";73;1;13;0;1;;;;15;3;17;0;5;;;;25;40
"055011";"Fabro";74;1;18;1;1;;;;21;0;12;0;8;;;;20;41
"055011";"Fabro";75;1;12;0;0;;;;13;0;9;1;6;;;;16;29
"055011";"Fabro";76;1;14;0;1;;;;16;0;13;0;7;;;;20;36
"055011";"Fabro";77;2;14;0;1;;;;17;0;10;0;5;;;;15;32
"055011";"Fabro";78;1;9;0;0;;;;10;0;7;2;0;;;;9;19
"055011";"Fabro";79;1;8;0;0;;;;9;2;7;0;7;;;;16;25
"055011";"Fabro";80;0;7;0;3;;;;10;0;3;0;8;;;;11;21
"055011";"Fabro";81;0;10;0;3;;;;13;0;2;0;5;;;;7;20
"055011";"Fabro";82;1;9;0;0;;;;10;0;7;0;6;;;;13;23
"055011";"Fabro";83;0;12;0;3;;;;15;0;6;0;3;;;;9;24
"055011";"Fabro";84;0;7;0;4;;;;11;0;6;0;6;;;;12;23
"055011";"Fabro";85;0;9;0;1;;;;10;0;1;0;11;;;;12;22
"055011";"Fabro";86;0;7;0;0;;;;7;0;1;0;12;;;;13;20
"055011";"Fabro";87;1;2;0;3;;;;6;0;1;0;5;;;;6;12
"055011";"Fabro";88;0;1;0;3;;;;4;0;4;0;7;;;;11;15
"055011";"Fabro";89;1;5;0;1;;;;7;0;2;0;3;;;;5;12
"055011";"Fabro";90;0;2;0;2;;;;4;1;2;0;7;;;;10;14
"055011";"Fabro";91;0;1;0;2;;;;3;0;0;0;5;;;;5;8
"055011";"Fabro";92;1;3;0;1;;;;5;0;0;0;6;;;;6;11
"055011";"Fabro";93;0;2;0;0;;;;2;1;0;0;7;;;;8;10
"055011";"Fabro";94;0;0;0;0;;;;0;0;0;1;5;;;;6;6
"055011";"Fabro";95;0;0;0;0;;;;0;0;0;0;3;;;;3;3
"055011";"Fabro";96;0;1;0;0;;;;1;0;0;0;1;;;;1;2
"055011";"Fabro";97;0;0;0;0;;;;0;0;0;0;0;;;;0;0
"055011";"Fabro";98;0;0;0;0;;;;0;0;0;0;1;;;;1;1
"055011";"Fabro";99;0;0;0;0;;;;0;0;0;0;0;;;;0;0
"055011";"Fabro";100;0;0;0;0;;;;0;0;0;0;1;;;;1;1
"055011";"Fabro";999;580;591;38;40;;;;1249;492;593;46;200;;;;1331;2580
"055012";"Ferentillo";0;7;0;0;0;;;;7;4;0;0;0;;;;4;11
"055012";"Ferentillo";1;5;0;0;0;;;;5;6;0;0;0;;;;6;11
"055012";"Ferentillo";2;5;0;0;0;;;;5;3;0;0;0;;;;3;8
"055012";"Ferentillo";3;10;0;0;0;;;;10;7;0;0;0;;;;7;17
"055012";"Ferentillo";4;6;0;0;0;;;;6;8;0;0;0;;;;8;14
"055012";"Ferentillo";5;11;0;0;0;;;;11;8;0;0;0;;;;8;19
"055012";"Ferentillo";6;5;0;0;0;;;;5;7;0;0;0;;;;7;12
"055012";"Ferentillo";7;3;0;0;0;;;;3;7;0;0;0;;;;7;10
"055012";"Ferentillo";8;10;0;0;0;;;;10;10;0;0;0;;;;10;20
"055012";"Ferentillo";9;4;0;0;0;;;;4;4;0;0;0;;;;4;8
"055012";"Ferentillo";10;6;0;0;0;;;;6;5;0;0;0;;;;5;11
"055012";"Ferentillo";11;13;0;0;0;;;;13;6;0;0;0;;;;6;19
"055012";"Ferentillo";12;9;0;0;0;;;;9;16;0;0;0;;;;16;25
"055012";"Ferentillo";13;7;0;0;0;;;;7;5;0;0;0;;;;5;12
"055012";"Ferentillo";14;8;0;0;0;;;;8;6;0;0;0;;;;6;14
"055012";"Ferentillo";15;8;0;0;0;;;;8;18;0;0;0;;;;18;26
"055012";"Ferentillo";16;12;0;0;0;;;;12;6;0;0;0;;;;6;18
"055012";"Ferentillo";17;11;0;0;0;;;;11;5;0;0;0;;;;5;16
"055012";"Ferentillo";18;8;0;0;0;;;;8;4;0;0;0;;;;4;12
"055012";"Ferentillo";19;6;0;0;0;;;;6;8;0;0;0;;;;8;14
"055012";"Ferentillo";20;14;0;0;0;;;;14;7;0;0;0;;;;7;21
"055012";"Ferentillo";21;15;0;0;0;;;;15;6;0;0;0;;;;6;21
"055012";"Ferentillo";22;5;0;0;0;;;;5;6;0;0;0;;;;6;11
"055012";"Ferentillo";23;8;0;0;0;;;;8;2;0;0;0;;;;2;10
"055012";"Ferentillo";24;3;0;0;0;;;;3;13;1;0;0;;;;14;17
"055012";"Ferentillo";25;7;0;0;0;;;;7;4;0;0;0;;;;4;11
"055012";"Ferentillo";26;11;1;0;0;;;;12;4;0;0;0;;;;4;16
"055012";"Ferentillo";27;10;0;0;0;;;;10;5;1;0;0;;;;6;16
"055012";"Ferentillo";28;7;0;0;0;;;;7;5;0;0;0;;;;5;12
"055012";"Ferentillo";29;6;0;0;0;;;;6;2;1;0;0;;;;3;9
"055012";"Ferentillo";30;2;0;0;0;;;;2;5;1;0;0;;;;6;8
"055012";"Ferentillo";31;5;1;0;0;;;;6;10;2;0;0;;;;12;18
"055012";"Ferentillo";32;3;2;0;0;;;;5;6;3;0;0;;;;9;14
"055012";"Ferentillo";33;9;1;0;0;;;;10;6;3;0;0;;;;9;19
"055012";"Ferentillo";34;3;1;0;0;;;;4;6;4;0;0;;;;10;14
"055012";"Ferentillo";35;3;1;1;0;;;;5;6;4;0;0;;;;10;15
"055012";"Ferentillo";36;8;5;0;0;;;;13;6;7;0;0;;;;13;26
"055012";"Ferentillo";37;8;1;0;0;;;;9;2;5;1;0;;;;8;17
"055012";"Ferentillo";38;5;6;0;0;;;;11;8;6;0;0;;;;14;25
"055012";"Ferentillo";39;4;3;0;0;;;;7;3;5;0;0;;;;8;15
"055012";"Ferentillo";40;6;5;0;0;;;;11;4;5;1;0;;;;10;21
"055012";"Ferentillo";41;3;4;1;1;;;;9;8;5;0;0;;;;13;22
"055012";"Ferentillo";42;4;7;0;0;;;;11;6;5;1;0;;;;12;23
"055012";"Ferentillo";43;3;5;2;0;;;;10;4;6;1;0;;;;11;21
"055012";"Ferentillo";44;5;6;1;0;;;;12;3;10;0;0;;;;13;25
"055012";"Ferentillo";45;2;6;1;0;;;;9;4;12;1;0;;;;17;26
"055012";"Ferentillo";46;6;6;1;0;;;;13;4;12;1;0;;;;17;30
"055012";"Ferentillo";47;2;15;0;0;;;;17;0;7;1;0;;;;8;25
"055012";"Ferentillo";48;7;10;0;0;;;;17;8;5;1;1;;;;15;32
"055012";"Ferentillo";49;8;14;1;0;;;;23;3;7;0;0;;;;10;33
"055012";"Ferentillo";50;9;5;2;0;;;;16;2;8;1;1;;;;12;28
"055012";"Ferentillo";51;0;7;1;0;;;;8;6;8;1;2;;;;17;25
"055012";"Ferentillo";52;6;9;0;0;;;;15;1;11;1;1;;;;14;29
"055012";"Ferentillo";53;4;7;1;0;;;;12;2;6;1;0;;;;9;21
"055012";"Ferentillo";54;3;11;2;0;;;;16;1;8;0;0;;;;9;25
"055012";"Ferentillo";55;3;9;1;0;;;;13;4;15;2;1;;;;22;35
"055012";"Ferentillo";56;1;5;0;0;;;;6;1;6;0;2;;;;9;15
"055012";"Ferentillo";57;6;14;3;0;;;;23;3;12;0;0;;;;15;38
"055012";"Ferentillo";58;2;13;1;0;;;;16;2;9;1;1;;;;13;29
"055012";"Ferentillo";59;1;9;0;0;;;;10;1;12;1;1;;;;15;25
"055012";"Ferentillo";60;0;8;2;2;;;;12;1;11;1;1;;;;14;26
"055012";"Ferentillo";61;3;6;0;0;;;;9;0;10;0;1;;;;11;20
"055012";"Ferentillo";62;4;5;2;0;;;;11;0;9;2;3;;;;14;25
"055012";"Ferentillo";63;3;5;1;0;;;;9;1;8;0;0;;;;9;18
"055012";"Ferentillo";64;2;10;0;1;;;;13;1;8;1;0;;;;10;23
"055012";"Ferentillo";65;2;11;1;0;;;;14;2;8;1;0;;;;11;25
"055012";"Ferentillo";66;2;12;1;0;;;;15;2;6;0;2;;;;10;25
"055012";"Ferentillo";67;0;9;1;0;;;;10;0;11;2;2;;;;15;25
"055012";"Ferentillo";68;1;9;0;0;;;;10;1;3;0;4;;;;8;18
"055012";"Ferentillo";69;1;10;2;0;;;;13;1;8;0;1;;;;10;23
"055012";"Ferentillo";70;0;9;0;0;;;;9;0;7;2;5;;;;14;23
"055012";"Ferentillo";71;0;9;1;0;;;;10;0;8;2;1;;;;11;21
"055012";"Ferentillo";72;3;9;0;2;;;;14;2;6;0;4;;;;12;26
"055012";"Ferentillo";73;1;12;0;0;;;;13;0;5;0;3;;;;8;21
"055012";"Ferentillo";74;2;2;0;3;;;;7;1;11;0;3;;;;15;22
"055012";"Ferentillo";75;0;17;0;1;;;;18;0;8;0;3;;;;11;29
"055012";"Ferentillo";76;2;5;1;1;;;;9;0;7;2;6;;;;15;24
"055012";"Ferentillo";77;4;5;0;1;;;;10;0;10;0;4;;;;14;24
"055012";"Ferentillo";78;0;7;0;0;;;;7;1;5;0;2;;;;8;15
"055012";"Ferentillo";79;0;7;0;1;;;;8;1;4;0;6;;;;11;19
"055012";"Ferentillo";80;0;10;0;0;;;;10;0;3;0;4;;;;7;17
"055012";"Ferentillo";81;0;10;1;1;;;;12;1;1;0;6;;;;8;20
"055012";"Ferentillo";82;1;7;0;0;;;;8;0;2;0;2;;;;4;12
"055012";"Ferentillo";83;0;5;0;4;;;;9;0;4;0;5;;;;9;18
"055012";"Ferentillo";84;1;3;0;1;;;;5;0;1;0;4;;;;5;10
"055012";"Ferentillo";85;1;2;0;3;;;;6;1;2;0;8;;;;11;17
"055012";"Ferentillo";86;0;3;0;0;;;;3;0;1;0;6;;;;7;10
"055012";"Ferentillo";87;1;2;1;2;;;;6;0;2;0;7;;;;9;15
"055012";"Ferentillo";88;1;5;0;1;;;;7;2;2;1;4;;;;9;16
"055012";"Ferentillo";89;0;3;0;1;;;;4;0;1;0;7;;;;8;12
"055012";"Ferentillo";90;0;2;0;2;;;;4;0;0;0;7;;;;7;11
"055012";"Ferentillo";91;0;0;0;0;;;;0;0;0;0;7;;;;7;7
"055012";"Ferentillo";92;0;0;0;0;;;;0;0;0;0;3;;;;3;3
"055012";"Ferentillo";93;1;0;0;1;;;;2;0;1;0;2;;;;3;5
"055012";"Ferentillo";94;0;2;0;1;;;;3;0;1;0;0;;;;1;4
"055012";"Ferentillo";95;1;0;0;0;;;;1;0;0;0;0;;;;0;1
"055012";"Ferentillo";96;0;0;0;2;;;;2;0;0;0;1;;;;1;3
"055012";"Ferentillo";97;0;0;0;0;;;;0;0;0;0;2;;;;2;2
"055012";"Ferentillo";98;0;0;0;0;;;;0;0;0;0;0;;;;0;0
"055012";"Ferentillo";99;0;0;0;2;;;;2;0;0;0;0;;;;0;2
"055012";"Ferentillo";100;0;0;0;0;;;;0;0;0;0;0;;;;0;0
"055012";"Ferentillo";999;408;410;33;34;;;;885;340;386;30;136;;;;892;1777
"055013";"Ficulle";0;4;0;0;0;;;;4;4;0;0;0;;;;4;8
"055013";"Ficulle";1;5;0;0;0;;;;5;1;0;0;0;;;;1;6
"055013";"Ficulle";2;4;0;0;0;;;;4;3;0;0;0;;;;3;7
"055013";"Ficulle";3;1;0;0;0;;;;1;5;0;0;0;;;;5;6
"055013";"Ficulle";4;6;0;0;0;;;;6;5;0;0;0;;;;5;11
"055013";"Ficulle";5;4;0;0;0;;;;4;7;0;0;0;;;;7;11
"055013";"Ficulle";6;5;0;0;0;;;;5;4;0;0;0;;;;4;9
"055013";"Ficulle";7;9;0;0;0;;;;9;9;0;0;0;;;;9;18
"055013";"Ficulle";8;1;0;0;0;;;;1;5;0;0;0;;;;5;6
"055013";"Ficulle";9;5;0;0;0;;;;5;3;0;0;0;;;;3;8
"055013";"Ficulle";10;5;0;0;0;;;;5;13;0;0;0;;;;13;18
"055013";"Ficulle";11;6;0;0;0;;;;6;13;0;0;0;;;;13;19
"055013";"Ficulle";12;5;0;0;0;;;;5;5;0;0;0;;;;5;10
"055013";"Ficulle";13;6;0;0;0;;;;6;3;0;0;0;;;;3;9
"055013";"Ficulle";14;7;0;0;0;;;;7;6;0;0;0;;;;6;13
"055013";"Ficulle";15;6;0;0;0;;;;6;5;0;0;0;;;;5;11
"055013";"Ficulle";16;6;0;0;0;;;;6;6;0;0;0;;;;6;12
"055013";"Ficulle";17;5;0;0;0;;;;5;8;0;0;0;;;;8;13
"055013";"Ficulle";18;5;0;0;0;;;;5;4;0;0;0;;;;4;9
"055013";"Ficulle";19;5;0;0;0;;;;5;5;0;0;0;;;;5;10
"055013";"Ficulle";20;4;0;0;0;;;;4;2;0;0;0;;;;2;6
"055013";"Ficulle";21;5;0;0;0;;;;5;6;0;0;0;;;;6;11
"055013";"Ficulle";22;5;0;0;0;;;;5;7;0;0;0;;;;7;12
"055013";"Ficulle";23;4;0;0;0;;;;4;5;0;0;0;;;;5;9
"055013";"Ficulle";24;5;0;0;0;;;;5;4;0;0;0;;;;4;9
"055013";"Ficulle";25;10;0;0;0;;;;10;8;0;0;0;;;;8;18
"055013";"Ficulle";26;10;0;0;0;;;;10;4;1;0;1;;;;6;16
"055013";"Ficulle";27;13;0;0;0;;;;13;5;0;0;0;;;;5;18
"055013";"Ficulle";28;9;1;0;0;;;;10;2;0;0;0;;;;2;12
"055013";"Ficulle";29;5;1;0;0;;;;6;5;3;0;0;;;;8;14
"055013";"Ficulle";30;5;0;0;0;;;;5;5;0;0;0;;;;5;10
"055013";"Ficulle";31;7;1;0;0;;;;8;8;2;0;0;;;;10;18
"055013";"Ficulle";32;2;1;0;0;;;;3;3;1;0;0;;;;4;7
"055013";"Ficulle";33;6;1;0;0;;;;7;5;0;0;0;;;;5;12
"055013";"Ficulle";34;7;0;0;0;;;;7;1;4;0;0;;;;5;12
"055013";"Ficulle";35;4;2;0;0;;;;6;3;1;1;0;;;;5;11
"055013";"Ficulle";36;5;2;0;0;;;;7;3;4;0;0;;;;7;14
"055013";"Ficulle";37;5;3;0;0;;;;8;3;3;0;0;;;;6;14
"055013";"Ficulle";38;5;1;0;0;;;;6;3;4;0;0;;;;7;13
"055013";"Ficulle";39;8;4;0;0;;;;12;1;5;1;0;;;;7;19
"055013";"Ficulle";40;5;2;0;0;;;;7;3;2;2;0;;;;7;14
"055013";"Ficulle";41;9;1;1;0;;;;11;5;8;1;0;;;;14;25
"055013";"Ficulle";42;4;7;0;0;;;;11;7;4;3;0;;;;14;25
"055013";"Ficulle";43;2;8;0;0;;;;10;4;1;0;0;;;;5;15
"055013";"Ficulle";44;4;8;1;0;;;;13;2;5;1;0;;;;8;21
"055013";"Ficulle";45;6;4;0;0;;;;10;2;4;0;0;;;;6;16
"055013";"Ficulle";46;5;8;0;0;;;;13;3;5;1;0;;;;9;22
"055013";"Ficulle";47;2;1;0;0;;;;3;7;8;1;1;;;;17;20
"055013";"Ficulle";48;6;6;1;0;;;;13;3;3;0;0;;;;6;19
"055013";"Ficulle";49;4;5;0;0;;;;9;3;7;1;2;;;;13;22
"055013";"Ficulle";50;4;5;2;0;;;;11;4;6;2;0;;;;12;23
"055013";"Ficulle";51;7;6;1;0;;;;14;3;9;0;0;;;;12;26
"055013";"Ficulle";52;4;4;0;0;;;;8;1;12;2;0;;;;15;23
"055013";"Ficulle";53;2;6;0;0;;;;8;1;8;1;0;;;;10;18
"055013";"Ficulle";54;1;7;2;0;;;;10;2;9;1;0;;;;12;22
"055013";"Ficulle";55;7;12;3;0;;;;22;2;9;0;0;;;;11;33
"055013";"Ficulle";56;2;6;1;0;;;;9;2;13;1;0;;;;16;25
"055013";"Ficulle";57;1;11;0;0;;;;12;3;13;1;0;;;;17;29
"055013";"Ficulle";58;4;10;0;1;;;;15;2;10;0;1;;;;13;28
"055013";"Ficulle";59;2;12;2;0;;;;16;0;5;1;1;;;;7;23
"055013";"Ficulle";60;2;12;0;0;;;;14;1;11;0;2;;;;14;28
"055013";"Ficulle";61;1;8;3;0;;;;12;1;11;3;1;;;;16;28
"055013";"Ficulle";62;2;12;1;0;;;;15;1;11;1;3;;;;16;31
"055013";"Ficulle";63;5;11;0;0;;;;16;2;10;0;1;;;;13;29
"055013";"Ficulle";64;1;8;0;0;;;;9;1;5;2;0;;;;8;17
"055013";"Ficulle";65;1;8;0;1;;;;10;2;12;0;1;;;;15;25
"055013";"Ficulle";66;1;8;1;0;;;;10;2;13;2;0;;;;17;27
"055013";"Ficulle";67;1;8;1;0;;;;10;0;6;1;2;;;;9;19
"055013";"Ficulle";68;1;10;1;1;;;;13;1;7;0;1;;;;9;22
"055013";"Ficulle";69;0;8;1;0;;;;9;1;9;0;1;;;;11;20
"055013";"Ficulle";70;1;12;0;0;;;;13;0;6;0;0;;;;6;19
"055013";"Ficulle";71;1;10;0;1;;;;12;3;9;1;1;;;;14;26
"055013";"Ficulle";72;0;13;1;0;;;;14;0;7;0;1;;;;8;22
"055013";"Ficulle";73;4;7;0;2;;;;13;1;8;1;5;;;;15;28
"055013";"Ficulle";74;3;9;1;0;;;;13;0;9;0;2;;;;11;24
"055013";"Ficulle";75;2;9;0;0;;;;11;1;10;1;4;;;;16;27
"055013";"Ficulle";76;1;10;0;2;;;;13;0;7;0;4;;;;11;24
"055013";"Ficulle";77;1;3;0;0;;;;4;1;2;0;0;;;;3;7
"055013";"Ficulle";78;0;9;0;0;;;;9;0;2;0;2;;;;4;13
"055013";"Ficulle";79;0;8;0;1;;;;9;1;4;0;2;;;;7;16
"055013";"Ficulle";80;0;7;0;1;;;;8;0;2;0;5;;;;7;15
"055013";"Ficulle";81;0;4;0;4;;;;8;0;7;0;1;;;;8;16
"055013";"Ficulle";82;0;5;0;2;;;;7;0;3;0;4;;;;7;14
"055013";"Ficulle";83;2;6;0;2;;;;10;0;4;1;3;;;;8;18
"055013";"Ficulle";84;2;4;0;1;;;;7;0;2;0;7;;;;9;16
"055013";"Ficulle";85;2;3;0;1;;;;6;0;2;0;4;;;;6;12
"055013";"Ficulle";86;1;3;0;1;;;;5;2;2;0;6;;;;10;15
"055013";"Ficulle";87;0;4;0;0;;;;4;0;0;0;9;;;;9;13
"055013";"Ficulle";88;0;3;0;0;;;;3;0;1;0;1;;;;2;5
"055013";"Ficulle";89;0;1;0;2;;;;3;0;3;0;6;;;;9;12
"055013";"Ficulle";90;0;2;0;1;;;;3;0;1;0;5;;;;6;9
"055013";"Ficulle";91;0;2;0;0;;;;2;0;0;0;3;;;;3;5
"055013";"Ficulle";92;0;2;0;2;;;;4;0;0;0;1;;;;1;5
"055013";"Ficulle";93;0;2;0;0;;;;2;0;0;0;6;;;;6;8
"055013";"Ficulle";94;0;2;0;1;;;;3;0;0;0;2;;;;2;5
"055013";"Ficulle";95;0;1;0;0;;;;1;0;0;0;1;;;;1;2
"055013";"Ficulle";96;0;0;0;0;;;;0;1;0;0;2;;;;3;3
"055013";"Ficulle";97;0;0;0;0;;;;0;1;0;0;0;;;;1;1
"055013";"Ficulle";98;0;0;0;0;;;;0;0;0;0;1;;;;1;1
"055013";"Ficulle";99;0;0;0;0;;;;0;0;0;0;0;;;;0;0
"055013";"Ficulle";100;0;0;0;0;;;;0;0;0;0;2;;;;2;2
"055013";"Ficulle";999;340;380;24;27;;;;771;279;355;34;108;;;;776;1547
"055014";"Giove";0;3;0;0;0;;;;3;6;0;0;0;;;;6;9
"055014";"Giove";1;5;0;0;0;;;;5;6;0;0;0;;;;6;11
"055014";"Giove";2;4;0;0;0;;;;4;4;0;0;0;;;;4;8
"055014";"Giove";3;7;0;0;0;;;;7;1;0;0;0;;;;1;8
"055014";"Giove";4;4;0;0;0;;;;4;5;0;0;0;;;;5;9
"055014";"Giove";5;5;0;0;0;;;;5;4;0;0;0;;;;4;9
"055014";"Giove";6;8;0;0;0;;;;8;4;0;0;0;;;;4;12
"055014";"Giove";7;5;0;0;0;;;;5;8;0;0;0;;;;8;13
"055014";"Giove";8;3;0;0;0;;;;3;1;0;0;0;;;;1;4
"055014";"Giove";9;14;0;0;0;;;;14;3;0;0;0;;;;3;17
"055014";"Giove";10;11;0;0;0;;;;11;7;0;0;0;;;;7;18
"055014";"Giove";11;6;0;0;0;;;;6;10;0;0;0;;;;10;16
"055014";"Giove";12;9;0;0;0;;;;9;8;0;0;0;;;;8;17
"055014";"Giove";13;6;0;0;0;;;;6;11;0;0;0;;;;11;17
"055014";"Giove";14;2;0;0;0;;;;2;5;0;0;0;;;;5;7
"055014";"Giove";15;9;0;0;0;;;;9;10;0;0;0;;;;10;19
"055014";"Giove";16;10;0;0;0;;;;10;9;0;0;0;;;;9;19
"055014";"Giove";17;11;0;0;0;;;;11;14;0;0;0;;;;14;25
"055014";"Giove";18;6;0;0;0;;;;6;8;0;0;0;;;;8;14
"055014";"Giove";19;7;0;0;0;;;;7;5;0;0;0;;;;5;12
"055014";"Giove";20;10;0;0;0;;;;10;8;0;0;0;;;;8;18
"055014";"Giove";21;9;0;0;0;;;;9;9;0;0;0;;;;9;18
"055014";"Giove";22;11;0;0;0;;;;11;13;0;0;0;;;;13;24
"055014";"Giove";23;4;0;0;0;;;;4;9;0;0;0;;;;9;13
"055014";"Giove";24;8;0;0;0;;;;8;3;0;0;0;;;;3;11
"055014";"Giove";25;7;0;0;0;;;;7;10;0;0;0;;;;10;17
"055014";"Giove";26;8;0;0;0;;;;8;12;0;0;0;;;;12;20
"055014";"Giove";27;4;0;0;0;;;;4;4;1;0;0;;;;5;9
"055014";"Giove";28;4;0;0;0;;;;4;7;0;0;0;;;;7;11
"055014";"Giove";29;6;0;0;0;;;;6;2;0;0;0;;;;2;8
"055014";"Giove";30;6;0;0;0;;;;6;8;1;0;0;;;;9;15
"055014";"Giove";31;2;0;0;0;;;;2;6;0;0;0;;;;6;8
"055014";"Giove";32;8;1;0;0;;;;9;7;1;0;0;;;;8;17
"055014";"Giove";33;5;2;0;0;;;;7;2;2;0;0;;;;4;11
"055014";"Giove";34;7;2;0;0;;;;9;4;3;0;1;;;;8;17
"055014";"Giove";35;10;1;0;0;;;;11;5;1;0;0;;;;6;17
"055014";"Giove";36;6;3;0;0;;;;9;4;5;0;0;;;;9;18
"055014";"Giove";37;12;0;1;0;;;;13;7;2;0;0;;;;9;22
"055014";"Giove";38;6;1;0;0;;;;7;8;4;1;0;;;;13;20
"055014";"Giove";39;3;3;0;0;;;;6;3;7;1;0;;;;11;17
"055014";"Giove";40;3;7;1;0;;;;11;2;7;0;0;;;;9;20
"055014";"Giove";41;6;7;0;0;;;;13;2;4;1;0;;;;7;20
"055014";"Giove";42;8;3;0;0;;;;11;7;9;1;0;;;;17;28
"055014";"Giove";43;6;3;0;0;;;;9;4;4;1;0;;;;9;18
"055014";"Giove";44;8;4;0;0;;;;12;6;2;1;0;;;;9;21
"055014";"Giove";45;12;5;0;0;;;;17;5;7;1;0;;;;13;30
"055014";"Giove";46;10;4;1;0;;;;15;7;9;0;0;;;;16;31
"055014";"Giove";47;5;6;0;0;;;;11;2;9;1;0;;;;12;23
"055014";"Giove";48;9;6;1;0;;;;16;2;7;1;0;;;;10;26
"055014";"Giove";49;5;5;1;1;;;;12;3;11;0;0;;;;14;26
"055014";"Giove";50;5;8;0;0;;;;13;3;10;0;0;;;;13;26
"055014";"Giove";51;3;11;1;0;;;;15;5;19;1;0;;;;25;40
"055014";"Giove";52;7;10;1;0;;;;18;4;10;1;0;;;;15;33
"055014";"Giove";53;2;8;0;0;;;;10;2;11;1;1;;;;15;25
"055014";"Giove";54;5;13;2;1;;;;21;1;9;0;1;;;;11;32
"055014";"Giove";55;3;10;3;0;;;;16;3;10;1;1;;;;15;31
"055014";"Giove";56;4;13;2;0;;;;19;2;12;1;1;;;;16;35
"055014";"Giove";57;4;8;0;1;;;;13;0;12;0;1;;;;13;26
"055014";"Giove";58;3;11;0;0;;;;14;2;15;1;1;;;;19;33
"055014";"Giove";59;3;6;1;0;;;;10;1;17;0;1;;;;19;29
"055014";"Giove";60;3;9;0;0;;;;12;1;9;0;2;;;;12;24
"055014";"Giove";61;1;13;3;1;;;;18;2;6;0;2;;;;10;28
"055014";"Giove";62;3;10;1;0;;;;14;0;4;0;2;;;;6;20
"055014";"Giove";63;2;8;1;0;;;;11;1;13;2;1;;;;17;28
"055014";"Giove";64;3;6;1;0;;;;10;1;13;0;2;;;;16;26
"055014";"Giove";65;4;12;2;0;;;;18;1;13;1;3;;;;18;36
"055014";"Giove";66;2;15;1;0;;;;18;0;9;0;2;;;;11;29
"055014";"Giove";67;1;12;0;0;;;;13;2;13;4;1;;;;20;33
"055014";"Giove";68;1;15;1;0;;;;17;0;10;1;1;;;;12;29
"055014";"Giove";69;2;8;0;0;;;;10;1;9;0;6;;;;16;26
"055014";"Giove";70;0;13;1;0;;;;14;2;13;1;0;;;;16;30
"055014";"Giove";71;0;18;0;1;;;;19;1;11;3;1;;;;16;35
"055014";"Giove";72;0;10;1;0;;;;11;0;8;1;2;;;;11;22
"055014";"Giove";73;2;8;4;1;;;;15;2;6;0;4;;;;12;27
"055014";"Giove";74;3;7;0;0;;;;10;0;6;0;4;;;;10;20
"055014";"Giove";75;0;16;0;2;;;;18;0;5;2;4;;;;11;29
"055014";"Giove";76;1;11;3;0;;;;15;0;2;2;3;;;;7;22
"055014";"Giove";77;0;8;0;1;;;;9;1;9;0;4;;;;14;23
"055014";"Giove";78;0;9;0;1;;;;10;0;5;1;6;;;;12;22
"055014";"Giove";79;0;5;0;1;;;;6;1;9;0;4;;;;14;20
"055014";"Giove";80;0;7;0;0;;;;7;0;4;0;3;;;;7;14
"055014";"Giove";81;1;5;0;2;;;;8;0;3;0;4;;;;7;15
"055014";"Giove";82;0;5;0;2;;;;7;0;2;0;4;;;;6;13
"055014";"Giove";83;0;1;0;3;;;;4;0;6;0;11;;;;17;21
"055014";"Giove";84;0;3;1;0;;;;4;1;2;0;4;;;;7;11
"055014";"Giove";85;1;9;0;0;;;;10;1;6;0;6;;;;13;23
"055014";"Giove";86;1;5;0;1;;;;7;0;0;0;4;;;;4;11
"055014";"Giove";87;0;3;0;0;;;;3;1;2;0;6;;;;9;12
"055014";"Giove";88;1;1;0;1;;;;3;0;0;0;2;;;;2;5
"055014";"Giove";89;0;1;0;2;;;;3;0;1;0;3;;;;4;7
"055014";"Giove";90;0;2;0;1;;;;3;1;1;0;9;;;;11;14
"055014";"Giove";91;0;1;0;2;;;;3;0;0;0;2;;;;2;5
"055014";"Giove";92;0;2;0;1;;;;3;0;0;0;1;;;;1;4
"055014";"Giove";93;0;1;0;0;;;;1;0;0;0;3;;;;3;4
"055014";"Giove";94;0;1;0;0;;;;1;0;0;0;3;;;;3;4
"055014";"Giove";95;0;0;0;0;;;;0;0;0;0;1;;;;1;1
"055014";"Giove";96;0;0;0;1;;;;1;0;1;0;0;;;;1;2
"055014";"Giove";97;0;0;0;1;;;;1;0;0;0;2;;;;2;3
"055014";"Giove";98;0;0;0;0;;;;0;0;0;0;1;;;;1;1
"055014";"Giove";99;0;1;0;0;;;;1;0;0;0;1;;;;1;2
"055014";"Giove";100;0;0;0;0;;;;0;0;0;0;1;;;;1;1
"055014";"Giove";999;414;422;35;28;;;;899;343;422;33;133;;;;931;1830
"055015";"Guardea";0;2;0;0;0;;;;2;5;0;0;0;;;;5;7
"055015";"Guardea";1;3;0;0;0;;;;3;3;0;0;0;;;;3;6
"055015";"Guardea";2;10;0;0;0;;;;10;3;0;0;0;;;;3;13
"055015";"Guardea";3;6;0;0;0;;;;6;8;0;0;0;;;;8;14
"055015";"Guardea";4;7;0;0;0;;;;7;5;0;0;0;;;;5;12
"055015";"Guardea";5;5;0;0;0;;;;5;5;0;0;0;;;;5;10
"055015";"Guardea";6;3;0;0;0;;;;3;8;0;0;0;;;;8;11
"055015";"Guardea";7;8;0;0;0;;;;8;6;0;0;0;;;;6;14
"055015";"Guardea";8;7;0;0;0;;;;7;4;0;0;0;;;;4;11
"055015";"Guardea";9;4;0;0;0;;;;4;9;0;0;0;;;;9;13
"055015";"Guardea";10;3;0;0;0;;;;3;6;0;0;0;;;;6;9
"055015";"Guardea";11;9;0;0;0;;;;9;2;0;0;0;;;;2;11
"055015";"Guardea";12;9;0;0;0;;;;9;9;0;0;0;;;;9;18
"055015";"Guardea";13;6;0;0;0;;;;6;8;0;0;0;;;;8;14
"055015";"Guardea";14;8;0;0;0;;;;8;5;0;0;0;;;;5;13
"055015";"Guardea";15;10;0;0;0;;;;10;5;0;0;0;;;;5;15
"055015";"Guardea";16;4;0;0;0;;;;4;3;0;0;0;;;;3;7
"055015";"Guardea";17;15;0;0;0;;;;15;7;0;0;0;;;;7;22
"055015";"Guardea";18;13;0;0;0;;;;13;7;0;0;0;;;;7;20
"055015";"Guardea";19;13;0;0;0;;;;13;9;0;0;0;;;;9;22
"055015";"Guardea";20;7;0;0;0;;;;7;4;0;0;0;;;;4;11
"055015";"Guardea";21;6;0;0;0;;;;6;9;0;0;0;;;;9;15
"055015";"Guardea";22;8;0;0;0;;;;8;7;0;0;0;;;;7;15
"055015";"Guardea";23;2;0;0;0;;;;2;5;0;0;0;;;;5;7
"055015";"Guardea";24;4;0;0;0;;;;4;8;0;0;0;;;;8;12
"055015";"Guardea";25;9;0;0;0;;;;9;7;1;0;0;;;;8;17
"055015";"Guardea";26;16;0;0;0;;;;16;11;1;0;0;;;;12;28
"055015";"Guardea";27;6;0;0;0;;;;6;6;1;0;0;;;;7;13
"055015";"Guardea";28;6;1;0;0;;;;7;5;0;0;0;;;;5;12
"055015";"Guardea";29;8;0;0;0;;;;8;4;0;0;0;;;;4;12
"055015";"Guardea";30;3;0;0;0;;;;3;2;0;0;0;;;;2;5
"055015";"Guardea";31;11;1;0;0;;;;12;5;1;0;0;;;;6;18
"055015";"Guardea";32;6;0;0;0;;;;6;10;2;0;0;;;;12;18
"055015";"Guardea";33;7;2;0;0;;;;9;5;2;0;0;;;;7;16
"055015";"Guardea";34;4;2;0;0;;;;6;4;3;0;0;;;;7;13
"055015";"Guardea";35;2;1;0;0;;;;3;5;4;0;0;;;;9;12
"055015";"Guardea";36;7;2;0;0;;;;9;6;9;0;0;;;;15;24
"055015";"Guardea";37;2;4;0;0;;;;6;4;6;1;0;;;;11;17
"055015";"Guardea";38;5;4;0;0;;;;9;2;8;0;0;;;;10;19
"055015";"Guardea";39;6;3;0;0;;;;9;2;6;0;0;;;;8;17
"055015";"Guardea";40;7;9;0;0;;;;16;1;3;1;0;;;;5;21
"055015";"Guardea";41;8;4;0;0;;;;12;3;9;0;0;;;;12;24
"055015";"Guardea";42;4;9;0;0;;;;13;1;6;1;0;;;;8;21
"055015";"Guardea";43;4;5;0;0;;;;9;3;3;0;0;;;;6;15
"055015";"Guardea";44;7;7;0;0;;;;14;1;6;0;0;;;;7;21
"055015";"Guardea";45;5;9;0;0;;;;14;2;8;2;0;;;;12;26
"055015";"Guardea";46;4;4;0;0;;;;8;2;5;3;0;;;;10;18
"055015";"Guardea";47;6;9;1;0;;;;16;4;11;0;0;;;;15;31
"055015";"Guardea";48;3;3;0;0;;;;6;2;5;1;0;;;;8;14
"055015";"Guardea";49;2;5;1;0;;;;8;5;14;0;0;;;;19;27
"055015";"Guardea";50;4;7;1;0;;;;12;0;13;1;0;;;;14;26
"055015";"Guardea";51;3;9;1;0;;;;13;2;9;2;0;;;;13;26
"055015";"Guardea";52;1;10;1;0;;;;12;4;16;0;2;;;;22;34
"055015";"Guardea";53;4;5;2;0;;;;11;0;10;2;0;;;;12;23
"055015";"Guardea";54;2;11;0;1;;;;14;1;11;2;0;;;;14;28
"055015";"Guardea";55;4;10;1;0;;;;15;1;10;1;0;;;;12;27
"055015";"Guardea";56;5;15;2;0;;;;22;1;6;1;0;;;;8;30
"055015";"Guardea";57;2;10;1;0;;;;13;3;8;1;0;;;;12;25
"055015";"Guardea";58;1;14;2;0;;;;17;0;9;1;1;;;;11;28
"055015";"Guardea";59;4;7;2;0;;;;13;4;9;0;1;;;;14;27
"055015";"Guardea";60;4;15;0;0;;;;19;1;11;1;1;;;;14;33
"055015";"Guardea";61;1;14;0;0;;;;15;0;11;0;0;;;;11;26
"055015";"Guardea";62;3;9;2;1;;;;15;1;8;1;3;;;;13;28
"055015";"Guardea";63;1;4;1;0;;;;6;1;11;0;1;;;;13;19
"055015";"Guardea";64;1;11;3;0;;;;15;1;11;1;0;;;;13;28
"055015";"Guardea";65;2;9;2;0;;;;13;0;12;2;2;;;;16;29
"055015";"Guardea";66;1;7;0;0;;;;8;0;13;1;1;;;;15;23
"055015";"Guardea";67;2;10;2;0;;;;14;0;12;1;3;;;;16;30
"055015";"Guardea";68;0;10;0;1;;;;11;0;11;0;0;;;;11;22
"055015";"Guardea";69;1;9;0;1;;;;11;2;12;1;1;;;;16;27
"055015";"Guardea";70;2;13;0;0;;;;15;0;5;2;2;;;;9;24
"055015";"Guardea";71;0;9;0;0;;;;9;2;9;0;2;;;;13;22
"055015";"Guardea";72;1;15;0;0;;;;16;0;9;0;4;;;;13;29
"055015";"Guardea";73;0;14;0;2;;;;16;1;7;2;7;;;;17;33
"055015";"Guardea";74;0;5;0;2;;;;7;1;7;0;4;;;;12;19
"055015";"Guardea";75;2;10;0;0;;;;12;0;7;0;3;;;;10;22
"055015";"Guardea";76;2;6;1;0;;;;9;1;8;1;4;;;;14;23
"055015";"Guardea";77;0;6;0;1;;;;7;0;6;0;4;;;;10;17
"055015";"Guardea";78;0;7;0;1;;;;8;0;10;1;4;;;;15;23
"055015";"Guardea";79;0;9;0;0;;;;9;0;5;0;4;;;;9;18
"055015";"Guardea";80;0;6;1;2;;;;9;1;0;1;4;;;;6;15
"055015";"Guardea";81;2;8;0;0;;;;10;0;4;0;4;;;;8;18
"055015";"Guardea";82;0;3;0;1;;;;4;0;2;0;6;;;;8;12
"055015";"Guardea";83;1;10;0;3;;;;14;1;2;0;6;;;;9;23
"055015";"Guardea";84;1;2;0;1;;;;4;2;4;0;3;;;;9;13
"055015";"Guardea";85;0;2;0;2;;;;4;1;2;0;8;;;;11;15
"055015";"Guardea";86;0;3;0;0;;;;3;0;2;0;9;;;;11;14
"055015";"Guardea";87;0;2;0;1;;;;3;0;1;0;4;;;;5;8
"055015";"Guardea";88;0;3;1;2;;;;6;0;2;0;3;;;;5;11
"055015";"Guardea";89;0;1;0;2;;;;3;0;0;0;6;;;;6;9
"055015";"Guardea";90;0;2;0;3;;;;5;1;0;0;1;;;;2;7
"055015";"Guardea";91;0;2;0;0;;;;2;0;0;0;3;;;;3;5
"055015";"Guardea";92;0;1;0;0;;;;1;0;0;0;4;;;;4;5
"055015";"Guardea";93;0;1;0;0;;;;1;1;0;0;4;;;;5;6
"055015";"Guardea";94;0;0;0;1;;;;1;0;0;0;1;;;;1;2
"055015";"Guardea";95;0;0;0;2;;;;2;0;0;0;5;;;;5;7
"055015";"Guardea";96;0;0;0;2;;;;2;0;0;0;2;;;;2;4
"055015";"Guardea";97;0;0;0;0;;;;0;1;0;0;0;;;;1;1
"055015";"Guardea";98;0;0;0;0;;;;0;0;0;0;0;;;;0;0
"055015";"Guardea";99;0;1;0;0;;;;1;0;0;0;0;;;;0;1
"055015";"Guardea";100;0;0;0;0;;;;0;0;0;1;1;;;;2;2
"055015";"Guardea";999;377;421;28;32;;;;858;287;419;36;128;;;;870;1728
"055016";"Lugnano in Teverina";0;0;0;0;0;;;;0;2;0;0;0;;;;2;2
"055016";"Lugnano in Teverina";1;6;0;0;0;;;;6;6;0;0;0;;;;6;12
"055016";"Lugnano in Teverina";2;3;0;0;0;;;;3;5;0;0;0;;;;5;8
"055016";"Lugnano in Teverina";3;7;0;0;0;;;;7;2;0;0;0;;;;2;9
"055016";"Lugnano in Teverina";4;10;0;0;0;;;;10;1;0;0;0;;;;1;11
"055016";"Lugnano in Teverina";5;2;0;0;0;;;;2;4;0;0;0;;;;4;6
"055016";"Lugnano in Teverina";6;4;0;0;0;;;;4;1;0;0;0;;;;1;5
"055016";"Lugnano in Teverina";7;3;0;0;0;;;;3;5;0;0;0;;;;5;8
"055016";"Lugnano in Teverina";8;6;0;0;0;;;;6;1;0;0;0;;;;1;7
"055016";"Lugnano in Teverina";9;3;0;0;0;;;;3;7;0;0;0;;;;7;10
"055016";"Lugnano in Teverina";10;4;0;0;0;;;;4;5;0;0;0;;;;5;9
"055016";"Lugnano in Teverina";11;11;0;0;0;;;;11;3;0;0;0;;;;3;14
"055016";"Lugnano in Teverina";12;5;0;0;0;;;;5;3;0;0;0;;;;3;8
"055016";"Lugnano in Teverina";13;10;0;0;0;;;;10;5;0;0;0;;;;5;15
"055016";"Lugnano in Teverina";14;6;0;0;0;;;;6;3;0;0;0;;;;3;9
"055016";"Lugnano in Teverina";15;5;0;0;0;;;;5;3;0;0;0;;;;3;8
"055016";"Lugnano in Teverina";16;6;0;0;0;;;;6;8;0;0;0;;;;8;14
"055016";"Lugnano in Teverina";17;4;0;0;0;;;;4;11;0;0;0;;;;11;15
"055016";"Lugnano in Teverina";18;5;0;0;0;;;;5;5;0;0;0;;;;5;10
"055016";"Lugnano in Teverina";19;4;0;0;0;;;;4;9;0;0;0;;;;9;13
"055016";"Lugnano in Teverina";20;4;0;0;0;;;;4;3;0;0;0;;;;3;7
"055016";"Lugnano in Teverina";21;1;0;0;0;;;;1;4;0;0;0;;;;4;5
"055016";"Lugnano in Teverina";22;6;0;0;0;;;;6;2;0;0;0;;;;2;8
"055016";"Lugnano in Teverina";23;9;0;0;0;;;;9;9;0;0;0;;;;9;18
"055016";"Lugnano in Teverina";24;3;0;0;0;;;;3;3;0;0;0;;;;3;6
"055016";"Lugnano in Teverina";25;9;0;0;0;;;;9;4;0;0;0;;;;4;13
"055016";"Lugnano in Teverina";26;6;0;0;0;;;;6;6;1;0;0;;;;7;13
"055016";"Lugnano in Teverina";27;4;1;0;0;;;;5;4;0;0;0;;;;4;9
"055016";"Lugnano in Teverina";28;9;0;0;0;;;;9;8;1;0;0;;;;9;18
"055016";"Lugnano in Teverina";29;5;0;0;0;;;;5;3;1;0;0;;;;4;9
"055016";"Lugnano in Teverina";30;4;0;0;0;;;;4;2;0;0;0;;;;2;6
"055016";"Lugnano in Teverina";31;6;1;0;0;;;;7;7;1;0;0;;;;8;15
"055016";"Lugnano in Teverina";32;6;2;0;0;;;;8;4;2;0;0;;;;6;14
"055016";"Lugnano in Teverina";33;9;1;0;0;;;;10;4;1;0;0;;;;5;15
"055016";"Lugnano in Teverina";34;4;1;0;0;;;;5;6;6;0;0;;;;12;17
"055016";"Lugnano in Teverina";35;4;0;0;0;;;;4;2;6;0;0;;;;8;12
"055016";"Lugnano in Teverina";36;6;3;0;0;;;;9;5;2;0;0;;;;7;16
"055016";"Lugnano in Teverina";37;2;2;0;0;;;;4;4;2;0;0;;;;6;10
"055016";"Lugnano in Teverina";38;5;9;0;0;;;;14;5;3;0;0;;;;8;22
"055016";"Lugnano in Teverina";39;8;3;0;0;;;;11;4;1;0;0;;;;5;16
"055016";"Lugnano in Teverina";40;4;0;0;0;;;;4;3;5;1;0;;;;9;13
"055016";"Lugnano in Teverina";41;5;1;0;0;;;;6;3;6;0;0;;;;9;15
"055016";"Lugnano in Teverina";42;7;5;0;0;;;;12;0;6;0;0;;;;6;18
"055016";"Lugnano in Teverina";43;5;3;0;0;;;;8;1;3;1;0;;;;5;13
"055016";"Lugnano in Teverina";44;5;6;0;0;;;;11;4;6;0;1;;;;11;22
"055016";"Lugnano in Teverina";45;2;4;0;0;;;;6;3;8;0;0;;;;11;17
"055016";"Lugnano in Teverina";46;5;1;1;0;;;;7;2;5;1;0;;;;8;15
"055016";"Lugnano in Teverina";47;4;5;1;0;;;;10;2;8;1;1;;;;12;22
"055016";"Lugnano in Teverina";48;4;8;1;0;;;;13;2;6;0;0;;;;8;21
"055016";"Lugnano in Teverina";49;4;10;1;0;;;;15;2;10;0;0;;;;12;27
"055016";"Lugnano in Teverina";50;1;7;0;0;;;;8;3;3;0;0;;;;6;14
"055016";"Lugnano in Teverina";51;1;4;0;0;;;;5;2;7;1;0;;;;10;15
"055016";"Lugnano in Teverina";52;1;7;1;0;;;;9;2;3;0;1;;;;6;15
"055016";"Lugnano in Teverina";53;4;7;0;0;;;;11;1;5;0;0;;;;6;17
"055016";"Lugnano in Teverina";54;1;6;0;0;;;;7;4;8;0;0;;;;12;19
"055016";"Lugnano in Teverina";55;3;5;0;0;;;;8;2;8;1;0;;;;11;19
"055016";"Lugnano in Teverina";56;3;6;1;0;;;;10;1;8;1;0;;;;10;20
"055016";"Lugnano in Teverina";57;4;6;0;1;;;;11;2;9;0;1;;;;12;23
"055016";"Lugnano in Teverina";58;2;8;2;0;;;;12;3;5;2;0;;;;10;22
"055016";"Lugnano in Teverina";59;6;5;0;1;;;;12;1;12;0;1;;;;14;26
"055016";"Lugnano in Teverina";60;3;6;0;0;;;;9;0;7;1;0;;;;8;17
"055016";"Lugnano in Teverina";61;3;16;1;0;;;;20;1;3;1;3;;;;8;28
"055016";"Lugnano in Teverina";62;2;6;0;0;;;;8;1;8;2;0;;;;11;19
"055016";"Lugnano in Teverina";63;2;6;1;1;;;;10;0;7;1;1;;;;9;19
"055016";"Lugnano in Teverina";64;0;6;3;1;;;;10;2;12;0;4;;;;18;28
"055016";"Lugnano in Teverina";65;2;6;0;0;;;;8;1;13;0;1;;;;15;23
"055016";"Lugnano in Teverina";66;1;10;0;0;;;;11;0;12;0;2;;;;14;25
"055016";"Lugnano in Teverina";67;3;9;1;2;;;;15;0;9;1;0;;;;10;25
"055016";"Lugnano in Teverina";68;3;8;0;0;;;;11;0;10;0;2;;;;12;23
"055016";"Lugnano in Teverina";69;2;13;1;0;;;;16;1;8;1;1;;;;11;27
"055016";"Lugnano in Teverina";70;0;6;1;0;;;;7;0;9;0;6;;;;15;22
"055016";"Lugnano in Teverina";71;1;9;0;1;;;;11;0;12;1;2;;;;15;26
"055016";"Lugnano in Teverina";72;0;14;0;0;;;;14;0;6;0;0;;;;6;20
"055016";"Lugnano in Teverina";73;0;9;0;0;;;;9;1;4;0;4;;;;9;18
"055016";"Lugnano in Teverina";74;1;10;2;1;;;;14;1;5;0;0;;;;6;20
"055016";"Lugnano in Teverina";75;1;8;0;0;;;;9;1;7;0;1;;;;9;18
"055016";"Lugnano in Teverina";76;1;9;0;0;;;;10;0;8;1;4;;;;13;23
"055016";"Lugnano in Teverina";77;1;9;0;0;;;;10;0;7;1;1;;;;9;19
"055016";"Lugnano in Teverina";78;1;12;1;2;;;;16;1;4;0;6;;;;11;27
"055016";"Lugnano in Teverina";79;0;6;0;1;;;;7;0;4;0;5;;;;9;16
"055016";"Lugnano in Teverina";80;1;8;0;0;;;;9;1;2;0;3;;;;6;15
"055016";"Lugnano in Teverina";81;0;3;0;0;;;;3;1;7;1;1;;;;10;13
"055016";"Lugnano in Teverina";82;1;2;0;0;;;;3;0;4;0;7;;;;11;14
"055016";"Lugnano in Teverina";83;1;4;0;3;;;;8;0;5;0;3;;;;8;16
"055016";"Lugnano in Teverina";84;1;3;0;0;;;;4;1;4;0;3;;;;8;12
"055016";"Lugnano in Teverina";85;0;7;0;0;;;;7;0;0;0;4;;;;4;11
"055016";"Lugnano in Teverina";86;1;2;0;0;;;;3;0;3;0;4;;;;7;10
"055016";"Lugnano in Teverina";87;0;5;0;1;;;;6;0;1;0;6;;;;7;13
"055016";"Lugnano in Teverina";88;0;1;0;3;;;;4;0;1;0;2;;;;3;7
"055016";"Lugnano in Teverina";89;1;3;0;1;;;;5;0;0;0;5;;;;5;10
"055016";"Lugnano in Teverina";90;1;3;0;1;;;;5;0;0;0;3;;;;3;8
"055016";"Lugnano in Teverina";91;0;1;0;0;;;;1;0;0;0;1;;;;1;2
"055016";"Lugnano in Teverina";92;0;0;0;0;;;;0;0;0;0;2;;;;2;2
"055016";"Lugnano in Teverina";93;0;1;0;0;;;;1;0;0;0;3;;;;3;4
"055016";"Lugnano in Teverina";94;0;0;0;0;;;;0;0;1;0;2;;;;3;3
"055016";"Lugnano in Teverina";95;0;0;0;0;;;;0;0;1;0;1;;;;2;2
"055016";"Lugnano in Teverina";96;0;1;0;0;;;;1;0;0;0;0;;;;0;1
"055016";"Lugnano in Teverina";97;0;0;0;0;;;;0;0;0;1;1;;;;2;2
"055016";"Lugnano in Teverina";98;0;1;0;0;;;;1;0;0;0;0;;;;0;1
"055016";"Lugnano in Teverina";99;0;0;0;0;;;;0;0;0;0;0;;;;0;0
"055016";"Lugnano in Teverina";100;0;0;0;0;;;;0;0;0;0;0;;;;0;0
"055016";"Lugnano in Teverina";999;319;350;19;20;;;;708;234;342;21;99;;;;696;1404
"055017";"Montecastrilli";0;16;0;0;0;;;;16;18;0;0;0;;;;18;34
"055017";"Montecastrilli";1;17;0;0;0;;;;17;11;0;0;0;;;;11;28
"055017";"Montecastrilli";2;10;0;0;0;;;;10;13;0;0;0;;;;13;23
"055017";"Montecastrilli";3;14;0;0;0;;;;14;13;0;0;0;;;;13;27
"055017";"Montecastrilli";4;15;0;0;0;;;;15;15;0;0;0;;;;15;30
"055017";"Montecastrilli";5;10;0;0;0;;;;10;17;0;0;0;;;;17;27
"055017";"Montecastrilli";6;15;0;0;0;;;;15;18;0;0;0;;;;18;33
"055017";"Montecastrilli";7;23;0;0;0;;;;23;18;0;0;0;;;;18;41
"055017";"Montecastrilli";8;15;0;0;0;;;;15;18;0;0;0;;;;18;33
"055017";"Montecastrilli";9;16;0;0;0;;;;16;18;0;0;0;;;;18;34
"055017";"Montecastrilli";10;16;0;0;0;;;;16;23;0;0;0;;;;23;39
"055017";"Montecastrilli";11;25;0;0;0;;;;25;30;0;0;0;;;;30;55
"055017";"Montecastrilli";12;28;0;0;0;;;;28;28;0;0;0;;;;28;56
"055017";"Montecastrilli";13;21;0;0;0;;;;21;33;0;0;0;;;;33;54
"055017";"Montecastrilli";14;22;0;0;0;;;;22;19;0;0;0;;;;19;41
"055017";"Montecastrilli";15;26;0;0;0;;;;26;22;0;0;0;;;;22;48
"055017";"Montecastrilli";16;30;0;0;0;;;;30;20;0;0;0;;;;20;50
"055017";"Montecastrilli";17;28;0;0;0;;;;28;20;0;0;0;;;;20;48
"055017";"Montecastrilli";18;27;0;0;0;;;;27;20;0;0;0;;;;20;47
"055017";"Montecastrilli";19;17;1;0;0;;;;18;27;0;0;0;;;;27;45
"055017";"Montecastrilli";20;26;0;0;0;;;;26;22;0;0;0;;;;22;48
"055017";"Montecastrilli";21;19;0;0;0;;;;19;13;0;0;0;;;;13;32
"055017";"Montecastrilli";22;20;0;0;0;;;;20;23;0;0;0;;;;23;43
"055017";"Montecastrilli";23;26;0;0;0;;;;26;25;0;0;0;;;;25;51
"055017";"Montecastrilli";24;22;0;0;0;;;;22;20;1;0;0;;;;21;43
"055017";"Montecastrilli";25;14;0;0;0;;;;14;21;2;0;0;;;;23;37
"055017";"Montecastrilli";26;16;0;0;0;;;;16;18;2;0;0;;;;20;36
"055017";"Montecastrilli";27;22;0;0;0;;;;22;11;1;0;0;;;;12;34
"055017";"Montecastrilli";28;27;0;1;0;;;;28;11;2;0;0;;;;13;41
"055017";"Montecastrilli";29;13;3;0;0;;;;16;17;6;0;0;;;;23;39
"055017";"Montecastrilli";30;19;2;0;0;;;;21;22;5;0;0;;;;27;48
"055017";"Montecastrilli";31;22;3;0;0;;;;25;12;7;0;0;;;;19;44
"055017";"Montecastrilli";32;17;5;0;0;;;;22;16;10;1;0;;;;27;49
"055017";"Montecastrilli";33;30;5;0;0;;;;35;14;12;0;0;;;;26;61
"055017";"Montecastrilli";34;18;2;0;0;;;;20;15;5;1;0;;;;21;41
"055017";"Montecastrilli";35;20;9;0;0;;;;29;10;9;1;0;;;;20;49
"055017";"Montecastrilli";36;20;7;0;0;;;;27;12;14;0;0;;;;26;53
"055017";"Montecastrilli";37;16;6;0;0;;;;22;8;8;0;0;;;;16;38
"055017";"Montecastrilli";38;20;10;0;0;;;;30;8;22;1;0;;;;31;61
"055017";"Montecastrilli";39;12;13;0;0;;;;25;6;14;0;0;;;;20;45
"055017";"Montecastrilli";40;15;21;0;0;;;;36;11;17;2;0;;;;30;66
"055017";"Montecastrilli";41;16;16;1;0;;;;33;6;11;1;0;;;;18;51
"055017";"Montecastrilli";42;11;17;0;0;;;;28;5;22;2;1;;;;30;58
"055017";"Montecastrilli";43;11;19;0;0;;;;30;10;16;1;0;;;;27;57
"055017";"Montecastrilli";44;8;14;1;0;;;;23;5;20;1;0;;;;26;49
"055017";"Montecastrilli";45;6;27;0;0;;;;33;6;23;4;0;;;;33;66
"055017";"Montecastrilli";46;11;22;1;1;;;;35;7;29;5;0;;;;41;76
"055017";"Montecastrilli";47;9;18;4;0;;;;31;4;28;3;0;;;;35;66
"055017";"Montecastrilli";48;7;19;2;0;;;;28;9;26;2;0;;;;37;65
"055017";"Montecastrilli";49;5;34;1;1;;;;41;8;21;1;1;;;;31;72
"055017";"Montecastrilli";50;9;26;1;0;;;;36;3;24;0;0;;;;27;63
"055017";"Montecastrilli";51;6;28;2;1;;;;37;2;27;2;0;;;;31;68
"055017";"Montecastrilli";52;5;29;2;0;;;;36;4;33;4;1;;;;42;78
"055017";"Montecastrilli";53;3;30;4;1;;;;38;2;32;3;3;;;;40;78
"055017";"Montecastrilli";54;11;29;4;1;;;;45;2;40;4;2;;;;48;93
"055017";"Montecastrilli";55;11;24;4;1;;;;40;5;34;3;2;;;;44;84
"055017";"Montecastrilli";56;10;30;1;0;;;;41;4;29;5;2;;;;40;81
"055017";"Montecastrilli";57;5;25;2;0;;;;32;9;32;3;2;;;;46;78
"055017";"Montecastrilli";58;0;37;2;0;;;;39;3;45;3;2;;;;53;92
"055017";"Montecastrilli";59;4;26;3;2;;;;35;4;26;0;1;;;;31;66
"055017";"Montecastrilli";60;3;27;4;1;;;;35;2;32;3;2;;;;39;74
"055017";"Montecastrilli";61;3;27;1;0;;;;31;4;29;3;4;;;;40;71
"055017";"Montecastrilli";62;4;34;5;0;;;;43;1;36;5;4;;;;46;89
"055017";"Montecastrilli";63;3;25;0;1;;;;29;2;26;3;5;;;;36;65
"055017";"Montecastrilli";64;1;33;2;2;;;;38;2;30;3;5;;;;40;78
"055017";"Montecastrilli";65;2;34;2;0;;;;38;5;30;1;5;;;;41;79
"055017";"Montecastrilli";66;4;18;1;1;;;;24;1;25;3;4;;;;33;57
"055017";"Montecastrilli";67;2;24;3;0;;;;29;3;22;3;3;;;;31;60
"055017";"Montecastrilli";68;3;31;1;0;;;;35;0;26;4;7;;;;37;72
"055017";"Montecastrilli";69;1;31;0;0;;;;32;1;16;1;10;;;;28;60
"055017";"Montecastrilli";70;2;27;2;1;;;;32;2;20;3;6;;;;31;63
"055017";"Montecastrilli";71;4;26;4;0;;;;34;1;25;2;6;;;;34;68
"055017";"Montecastrilli";72;1;24;1;1;;;;27;0;15;0;1;;;;16;43
"055017";"Montecastrilli";73;1;20;0;4;;;;25;2;25;1;7;;;;35;60
"055017";"Montecastrilli";74;2;15;0;1;;;;18;2;17;0;9;;;;28;46
"055017";"Montecastrilli";75;4;28;3;1;;;;36;2;16;1;8;;;;27;63
"055017";"Montecastrilli";76;5;25;1;1;;;;32;1;20;0;10;;;;31;63
"055017";"Montecastrilli";77;1;21;0;1;;;;23;0;25;1;7;;;;33;56
"055017";"Montecastrilli";78;2;18;2;2;;;;24;1;13;0;9;;;;23;47
"055017";"Montecastrilli";79;0;23;0;5;;;;28;1;13;1;11;;;;26;54
"055017";"Montecastrilli";80;2;16;0;2;;;;20;3;12;2;9;;;;26;46
"055017";"Montecastrilli";81;1;17;0;3;;;;21;2;14;0;10;;;;26;47
"055017";"Montecastrilli";82;1;15;0;1;;;;17;1;11;0;6;;;;18;35
"055017";"Montecastrilli";83;1;12;0;4;;;;17;5;4;1;16;;;;26;43
"055017";"Montecastrilli";84;2;10;0;4;;;;16;3;7;0;11;;;;21;37
"055017";"Montecastrilli";85;0;15;0;1;;;;16;0;4;0;12;;;;16;32
"055017";"Montecastrilli";86;0;11;0;4;;;;15;1;9;0;11;;;;21;36
"055017";"Montecastrilli";87;2;1;0;2;;;;5;0;1;0;8;;;;9;14
"055017";"Montecastrilli";88;0;6;1;4;;;;11;0;1;0;13;;;;14;25
"055017";"Montecastrilli";89;0;7;0;5;;;;12;1;0;0;14;;;;15;27
"055017";"Montecastrilli";90;1;5;0;1;;;;7;0;2;0;10;;;;12;19
"055017";"Montecastrilli";91;0;4;0;2;;;;6;0;0;0;8;;;;8;14
"055017";"Montecastrilli";92;0;3;0;1;;;;4;0;1;0;7;;;;8;12
"055017";"Montecastrilli";93;0;2;0;0;;;;2;0;0;0;9;;;;9;11
"055017";"Montecastrilli";94;0;1;0;0;;;;1;0;1;0;2;;;;3;4
"055017";"Montecastrilli";95;0;0;0;0;;;;0;0;0;0;6;;;;6;6
"055017";"Montecastrilli";96;0;0;0;0;;;;0;0;0;0;2;;;;2;2
"055017";"Montecastrilli";97;0;1;0;0;;;;1;1;0;0;1;;;;2;3
"055017";"Montecastrilli";98;0;0;0;0;;;;0;0;0;0;1;;;;1;1
"055017";"Montecastrilli";99;0;0;0;0;;;;0;0;0;0;1;;;;1;1
"055017";"Montecastrilli";100;0;0;0;1;;;;1;0;0;0;3;;;;3;4
"055017";"Montecastrilli";999;1011;1194;69;65;;;;2339;864;1183;94;300;;;;2441;4780
"055018";"Montecchio";0;1;0;0;0;;;;1;2;0;0;0;;;;2;3
"055018";"Montecchio";1;4;0;0;0;;;;4;1;0;0;0;;;;1;5
"055018";"Montecchio";2;2;0;0;0;;;;2;3;0;0;0;;;;3;5
"055018";"Montecchio";3;0;0;0;0;;;;0;3;0;0;0;;;;3;3
"055018";"Montecchio";4;11;0;0;0;;;;11;2;0;0;0;;;;2;13
"055018";"Montecchio";5;2;0;0;0;;;;2;2;0;0;0;;;;2;4
"055018";"Montecchio";6;5;0;0;0;;;;5;5;0;0;0;;;;5;10
"055018";"Montecchio";7;7;0;0;0;;;;7;2;0;0;0;;;;2;9
"055018";"Montecchio";8;1;0;0;0;;;;1;5;0;0;0;;;;5;6
"055018";"Montecchio";9;5;0;0;0;;;;5;5;0;0;0;;;;5;10
"055018";"Montecchio";10;4;0;0;0;;;;4;9;0;0;0;;;;9;13
"055018";"Montecchio";11;3;0;0;0;;;;3;2;0;0;0;;;;2;5
"055018";"Montecchio";12;3;0;0;0;;;;3;3;0;0;0;;;;3;6
"055018";"Montecchio";13;5;0;0;0;;;;5;3;0;0;0;;;;3;8
"055018";"Montecchio";14;5;0;0;0;;;;5;3;0;0;0;;;;3;8
"055018";"Montecchio";15;5;0;0;0;;;;5;4;0;0;0;;;;4;9
"055018";"Montecchio";16;2;0;0;0;;;;2;4;0;0;0;;;;4;6
"055018";"Montecchio";17;3;0;0;0;;;;3;5;0;0;0;;;;5;8
"055018";"Montecchio";18;7;0;0;0;;;;7;5;0;0;0;;;;5;12
"055018";"Montecchio";19;6;0;0;0;;;;6;5;0;0;0;;;;5;11
"055018";"Montecchio";20;6;0;0;0;;;;6;5;0;0;0;;;;5;11
"055018";"Montecchio";21;7;0;0;0;;;;7;3;0;0;0;;;;3;10
"055018";"Montecchio";22;5;0;0;0;;;;5;7;0;0;0;;;;7;12
"055018";"Montecchio";23;7;0;0;0;;;;7;6;0;0;0;;;;6;13
"055018";"Montecchio";24;5;0;0;0;;;;5;9;1;0;0;;;;10;15
"055018";"Montecchio";25;9;1;0;0;;;;10;4;0;0;0;;;;4;14
"055018";"Montecchio";26;12;0;0;0;;;;12;6;0;0;0;;;;6;18
"055018";"Montecchio";27;5;0;0;0;;;;5;3;0;0;0;;;;3;8
"055018";"Montecchio";28;7;1;0;0;;;;8;7;1;0;0;;;;8;16
"055018";"Montecchio";29;7;1;0;0;;;;8;8;1;0;0;;;;9;17
"055018";"Montecchio";30;10;2;0;0;;;;12;6;2;0;0;;;;8;20
"055018";"Montecchio";31;4;1;0;0;;;;5;6;6;0;0;;;;12;17
"055018";"Montecchio";32;6;1;0;0;;;;7;4;3;0;0;;;;7;14
"055018";"Montecchio";33;8;3;0;0;;;;11;4;1;0;0;;;;5;16
"055018";"Montecchio";34;1;1;0;0;;;;2;3;1;0;0;;;;4;6
"055018";"Montecchio";35;10;3;0;0;;;;13;3;0;0;0;;;;3;16
"055018";"Montecchio";36;5;1;0;0;;;;6;5;3;0;0;;;;8;14
"055018";"Montecchio";37;2;0;0;0;;;;2;1;3;0;0;;;;4;6
"055018";"Montecchio";38;1;1;0;0;;;;2;1;4;0;0;;;;5;7
"055018";"Montecchio";39;6;3;1;0;;;;10;2;3;0;0;;;;5;15
"055018";"Montecchio";40;4;2;1;0;;;;7;2;1;0;0;;;;3;10
"055018";"Montecchio";41;4;6;0;0;;;;10;4;4;0;0;;;;8;18
"055018";"Montecchio";42;3;4;0;0;;;;7;1;3;0;0;;;;4;11
"055018";"Montecchio";43;6;4;1;0;;;;11;3;2;0;0;;;;5;16
"055018";"Montecchio";44;1;2;1;0;;;;4;3;7;0;0;;;;10;14
"055018";"Montecchio";45;4;3;0;0;;;;7;3;7;0;0;;;;10;17
"055018";"Montecchio";46;7;9;1;0;;;;17;2;6;2;2;;;;12;29
"055018";"Montecchio";47;3;6;2;0;;;;11;2;5;0;0;;;;7;18
"055018";"Montecchio";48;2;5;0;0;;;;7;9;9;0;0;;;;18;25
"055018";"Montecchio";49;7;3;0;0;;;;10;1;0;1;0;;;;2;12
"055018";"Montecchio";50;8;9;0;0;;;;17;1;8;2;0;;;;11;28
"055018";"Montecchio";51;3;5;1;0;;;;9;0;8;1;0;;;;9;18
"055018";"Montecchio";52;3;8;1;0;;;;12;2;3;0;0;;;;5;17
"055018";"Montecchio";53;7;8;1;0;;;;16;1;11;1;1;;;;14;30
"055018";"Montecchio";54;1;9;1;0;;;;11;1;9;2;0;;;;12;23
"055018";"Montecchio";55;4;6;2;1;;;;13;1;7;2;0;;;;10;23
"055018";"Montecchio";56;3;14;1;1;;;;19;0;10;1;0;;;;11;30
"055018";"Montecchio";57;5;11;2;0;;;;18;1;14;2;1;;;;18;36
"055018";"Montecchio";58;2;16;2;0;;;;20;2;14;2;0;;;;18;38
"055018";"Montecchio";59;2;9;1;0;;;;12;6;9;0;3;;;;18;30
"055018";"Montecchio";60;2;10;2;0;;;;14;1;13;0;0;;;;14;28
"055018";"Montecchio";61;2;13;3;0;;;;18;3;15;1;0;;;;19;37
"055018";"Montecchio";62;0;7;1;0;;;;8;1;11;0;1;;;;13;21
"055018";"Montecchio";63;2;13;0;0;;;;15;1;11;0;3;;;;15;30
"055018";"Montecchio";64;2;8;0;1;;;;11;2;6;1;2;;;;11;22
"055018";"Montecchio";65;1;13;1;0;;;;15;2;5;1;2;;;;10;25
"055018";"Montecchio";66;2;7;0;0;;;;9;2;1;1;0;;;;4;13
"055018";"Montecchio";67;2;5;0;1;;;;8;1;14;0;1;;;;16;24
"055018";"Montecchio";68;4;7;0;1;;;;12;0;8;2;0;;;;10;22
"055018";"Montecchio";69;0;13;0;1;;;;14;1;8;0;6;;;;15;29
"055018";"Montecchio";70;1;7;1;0;;;;9;1;3;0;3;;;;7;16
"055018";"Montecchio";71;0;7;1;1;;;;9;0;5;0;1;;;;6;15
"055018";"Montecchio";72;1;6;0;1;;;;8;1;11;1;3;;;;16;24
"055018";"Montecchio";73;0;9;1;1;;;;11;1;9;0;1;;;;11;22
"055018";"Montecchio";74;1;5;2;0;;;;8;0;5;0;2;;;;7;15
"055018";"Montecchio";75;0;7;1;0;;;;8;2;10;1;4;;;;17;25
"055018";"Montecchio";76;0;5;1;0;;;;6;0;9;0;7;;;;16;22
"055018";"Montecchio";77;1;15;0;0;;;;16;0;5;0;3;;;;8;24
"055018";"Montecchio";78;0;6;0;2;;;;8;1;7;1;4;;;;13;21
"055018";"Montecchio";79;0;7;0;1;;;;8;1;5;0;0;;;;6;14
"055018";"Montecchio";80;1;11;0;2;;;;14;0;2;0;1;;;;3;17
"055018";"Montecchio";81;1;5;1;2;;;;9;1;3;0;3;;;;7;16
"055018";"Montecchio";82;0;7;0;1;;;;8;0;0;0;5;;;;5;13
"055018";"Montecchio";83;0;5;0;1;;;;6;0;3;1;6;;;;10;16
"055018";"Montecchio";84;0;4;1;2;;;;7;1;3;1;7;;;;12;19
"055018";"Montecchio";85;2;5;1;1;;;;9;1;1;0;5;;;;7;16
"055018";"Montecchio";86;0;1;0;0;;;;1;1;3;0;5;;;;9;10
"055018";"Montecchio";87;1;3;0;1;;;;5;1;2;0;5;;;;8;13
"055018";"Montecchio";88;0;3;1;0;;;;4;1;0;0;10;;;;11;15
"055018";"Montecchio";89;0;3;0;2;;;;5;0;0;0;7;;;;7;12
"055018";"Montecchio";90;0;1;1;3;;;;5;0;0;0;5;;;;5;10
"055018";"Montecchio";91;0;0;0;1;;;;1;0;1;0;2;;;;3;4
"055018";"Montecchio";92;0;2;0;0;;;;2;0;0;0;2;;;;2;4
"055018";"Montecchio";93;0;0;0;0;;;;0;0;0;0;6;;;;6;6
"055018";"Montecchio";94;1;1;0;0;;;;2;0;0;0;3;;;;3;5
"055018";"Montecchio";95;0;0;0;0;;;;0;0;0;0;1;;;;1;1
"055018";"Montecchio";96;0;0;0;2;;;;2;0;0;0;2;;;;2;4
"055018";"Montecchio";97;0;0;0;0;;;;0;0;0;0;0;;;;0;0
"055018";"Montecchio";98;0;0;0;0;;;;0;0;0;0;0;;;;0;0
"055018";"Montecchio";99;0;0;0;0;;;;0;0;0;0;1;;;;1;1
"055018";"Montecchio";100;0;0;0;0;;;;0;0;0;0;0;;;;0;0
"055018";"Montecchio";999;310;379;38;30;;;;757;238;345;27;126;;;;736;1493
"055019";"Montefranco";0;1;0;0;0;;;;1;3;0;0;0;;;;3;4
"055019";"Montefranco";1;4;0;0;0;;;;4;4;0;0;0;;;;4;8
"055019";"Montefranco";2;4;0;0;0;;;;4;6;0;0;0;;;;6;10
"055019";"Montefranco";3;7;0;0;0;;;;7;0;0;0;0;;;;0;7
"055019";"Montefranco";4;3;0;0;0;;;;3;4;0;0;0;;;;4;7
"055019";"Montefranco";5;6;0;0;0;;;;6;6;0;0;0;;;;6;12
"055019";"Montefranco";6;6;0;0;0;;;;6;7;0;0;0;;;;7;13
"055019";"Montefranco";7;6;0;0;0;;;;6;4;0;0;0;;;;4;10
"055019";"Montefranco";8;3;0;0;0;;;;3;5;0;0;0;;;;5;8
"055019";"Montefranco";9;9;0;0;0;;;;9;5;0;0;0;;;;5;14
"055019";"Montefranco";10;4;0;0;0;;;;4;5;0;0;0;;;;5;9
"055019";"Montefranco";11;3;0;0;0;;;;3;9;0;0;0;;;;9;12
"055019";"Montefranco";12;11;0;0;0;;;;11;7;0;0;0;;;;7;18
"055019";"Montefranco";13;7;0;0;0;;;;7;5;0;0;0;;;;5;12
"055019";"Montefranco";14;7;0;0;0;;;;7;3;0;0;0;;;;3;10
"055019";"Montefranco";15;6;0;0;0;;;;6;4;0;0;0;;;;4;10
"055019";"Montefranco";16;9;0;0;0;;;;9;8;0;0;0;;;;8;17
"055019";"Montefranco";17;11;0;0;0;;;;11;5;0;0;0;;;;5;16
"055019";"Montefranco";18;4;0;0;0;;;;4;6;0;0;0;;;;6;10
"055019";"Montefranco";19;7;0;0;0;;;;7;4;0;0;0;;;;4;11
"055019";"Montefranco";20;7;0;0;0;;;;7;5;0;0;0;;;;5;12
"055019";"Montefranco";21;4;0;0;0;;;;4;7;0;0;0;;;;7;11
"055019";"Montefranco";22;11;0;0;0;;;;11;4;0;0;0;;;;4;15
"055019";"Montefranco";23;4;0;0;0;;;;4;7;0;0;0;;;;7;11
"055019";"Montefranco";24;7;0;0;0;;;;7;1;0;0;0;;;;1;8
"055019";"Montefranco";25;4;0;0;0;;;;4;2;0;0;0;;;;2;6
"055019";"Montefranco";26;3;0;0;0;;;;3;6;0;0;0;;;;6;9
"055019";"Montefranco";27;5;0;0;0;;;;5;7;0;0;0;;;;7;12
"055019";"Montefranco";28;5;2;0;0;;;;7;3;1;0;0;;;;4;11
"055019";"Montefranco";29;5;0;0;0;;;;5;6;2;0;0;;;;8;13
"055019";"Montefranco";30;4;0;0;0;;;;4;5;1;0;0;;;;6;10
"055019";"Montefranco";31;4;1;0;0;;;;5;4;2;0;0;;;;6;11
"055019";"Montefranco";32;4;0;0;0;;;;4;4;4;0;0;;;;8;12
"055019";"Montefranco";33;5;2;0;0;;;;7;2;3;0;0;;;;5;12
"055019";"Montefranco";34;3;3;0;0;;;;6;0;1;0;0;;;;1;7
"055019";"Montefranco";35;4;4;0;0;;;;8;1;4;0;0;;;;5;13
"055019";"Montefranco";36;6;4;0;0;;;;10;1;6;0;0;;;;7;17
"055019";"Montefranco";37;3;0;0;0;;;;3;3;3;0;0;;;;6;9
"055019";"Montefranco";38;8;2;0;0;;;;10;7;5;0;0;;;;12;22
"055019";"Montefranco";39;7;3;0;0;;;;10;5;2;0;0;;;;7;17
"055019";"Montefranco";40;3;4;0;0;;;;7;6;5;0;0;;;;11;18
"055019";"Montefranco";41;1;5;0;0;;;;6;4;4;0;0;;;;8;14
"055019";"Montefranco";42;5;8;0;0;;;;13;3;8;2;0;;;;13;26
"055019";"Montefranco";43;6;2;1;0;;;;9;5;3;0;0;;;;8;17
"055019";"Montefranco";44;6;2;0;0;;;;8;2;7;0;0;;;;9;17
"055019";"Montefranco";45;7;2;2;0;;;;11;1;9;1;0;;;;11;22
"055019";"Montefranco";46;1;1;1;0;;;;3;2;9;0;0;;;;11;14
"055019";"Montefranco";47;4;8;2;0;;;;14;4;4;0;0;;;;8;22
"055019";"Montefranco";48;2;11;2;0;;;;15;2;4;1;0;;;;7;22
"055019";"Montefranco";49;3;8;0;0;;;;11;2;11;0;0;;;;13;24
"055019";"Montefranco";50;2;8;0;0;;;;10;4;7;1;0;;;;12;22
"055019";"Montefranco";51;1;7;1;0;;;;9;2;7;0;0;;;;9;18
"055019";"Montefranco";52;5;6;1;0;;;;12;1;11;0;0;;;;12;24
"055019";"Montefranco";53;1;12;1;0;;;;14;0;5;1;0;;;;6;20
"055019";"Montefranco";54;2;11;1;0;;;;14;0;4;1;0;;;;5;19
"055019";"Montefranco";55;0;7;0;0;;;;7;2;6;1;0;;;;9;16
"055019";"Montefranco";56;2;5;1;0;;;;8;0;6;0;0;;;;6;14
"055019";"Montefranco";57;2;9;0;0;;;;11;0;6;1;1;;;;8;19
"055019";"Montefranco";58;1;5;1;0;;;;7;3;5;1;1;;;;10;17
"055019";"Montefranco";59;1;8;1;1;;;;11;1;8;0;1;;;;10;21
"055019";"Montefranco";60;2;9;0;0;;;;11;1;11;1;1;;;;14;25
"055019";"Montefranco";61;1;4;3;0;;;;8;0;10;1;0;;;;11;19
"055019";"Montefranco";62;1;6;1;0;;;;8;1;11;0;1;;;;13;21
"055019";"Montefranco";63;0;7;1;1;;;;9;0;6;2;0;;;;8;17
"055019";"Montefranco";64;0;4;2;0;;;;6;0;6;0;0;;;;6;12
"055019";"Montefranco";65;0;13;0;0;;;;13;0;4;2;3;;;;9;22
"055019";"Montefranco";66;0;7;1;0;;;;8;0;8;0;1;;;;9;17
"055019";"Montefranco";67;1;7;2;0;;;;10;0;3;0;4;;;;7;17
"055019";"Montefranco";68;2;1;1;1;;;;5;0;7;1;1;;;;9;14
"055019";"Montefranco";69;0;6;0;1;;;;7;0;6;1;1;;;;8;15
"055019";"Montefranco";70;0;6;1;0;;;;7;0;7;1;2;;;;10;17
"055019";"Montefranco";71;1;5;0;1;;;;7;0;9;0;2;;;;11;18
"055019";"Montefranco";72;2;9;0;1;;;;12;0;7;0;1;;;;8;20
"055019";"Montefranco";73;1;8;1;0;;;;10;0;6;0;1;;;;7;17
"055019";"Montefranco";74;0;2;0;0;;;;2;0;5;0;3;;;;8;10
"055019";"Montefranco";75;0;6;0;1;;;;7;1;4;0;5;;;;10;17
"055019";"Montefranco";76;0;11;0;2;;;;13;0;6;0;2;;;;8;21
"055019";"Montefranco";77;0;6;0;1;;;;7;0;3;0;7;;;;10;17
"055019";"Montefranco";78;0;5;1;1;;;;7;1;2;0;1;;;;4;11
"055019";"Montefranco";79;0;1;1;1;;;;3;1;1;0;3;;;;5;8
"055019";"Montefranco";80;0;7;0;1;;;;8;0;3;0;3;;;;6;14
"055019";"Montefranco";81;0;5;0;0;;;;5;0;5;1;2;;;;8;13
"055019";"Montefranco";82;0;1;0;1;;;;2;0;0;0;4;;;;4;6
"055019";"Montefranco";83;2;3;0;1;;;;6;1;2;0;1;;;;4;10
"055019";"Montefranco";84;0;4;0;0;;;;4;0;0;0;6;;;;6;10
"055019";"Montefranco";85;1;1;0;1;;;;3;0;1;1;4;;;;6;9
"055019";"Montefranco";86;0;3;0;0;;;;3;0;1;1;6;;;;8;11
"055019";"Montefranco";87;0;0;0;0;;;;0;0;1;0;4;;;;5;5
"055019";"Montefranco";88;0;1;0;0;;;;1;0;1;0;4;;;;5;6
"055019";"Montefranco";89;0;1;0;0;;;;1;0;0;0;0;;;;0;1
"055019";"Montefranco";90;0;0;0;0;;;;0;0;0;0;2;;;;2;2
"055019";"Montefranco";91;0;0;0;2;;;;2;0;0;0;4;;;;4;6
"055019";"Montefranco";92;0;2;0;1;;;;3;0;0;0;2;;;;2;5
"055019";"Montefranco";93;0;0;0;0;;;;0;0;0;0;1;;;;1;1
"055019";"Montefranco";94;0;0;0;0;;;;0;0;1;0;1;;;;2;2
"055019";"Montefranco";95;0;1;0;0;;;;1;0;0;0;1;;;;1;2
"055019";"Montefranco";96;0;0;0;0;;;;0;1;0;0;3;;;;4;4
"055019";"Montefranco";97;0;0;0;0;;;;0;0;0;0;0;;;;0;0
"055019";"Montefranco";98;0;0;0;0;;;;0;0;0;0;1;;;;1;1
"055019";"Montefranco";99;0;0;0;0;;;;0;0;0;0;0;;;;0;0
"055019";"Montefranco";100;0;0;0;0;;;;0;0;0;0;0;;;;0;0
"055019";"Montefranco";999;290;302;30;19;;;;641;231;300;22;91;;;;644;1285
"055020";"Montegabbione";0;6;0;0;0;;;;6;4;0;0;0;;;;4;10
"055020";"Montegabbione";1;3;0;0;0;;;;3;0;0;0;0;;;;0;3
"055020";"Montegabbione";2;6;0;0;0;;;;6;1;0;0;0;;;;1;7
"055020";"Montegabbione";3;1;0;0;0;;;;1;5;0;0;0;;;;5;6
"055020";"Montegabbione";4;1;0;0;0;;;;1;2;0;0;0;;;;2;3
"055020";"Montegabbione";5;2;0;0;0;;;;2;1;0;0;0;;;;1;3
"055020";"Montegabbione";6;1;0;0;0;;;;1;1;0;0;0;;;;1;2
"055020";"Montegabbione";7;6;0;0;0;;;;6;3;0;0;0;;;;3;9
"055020";"Montegabbione";8;4;0;0;0;;;;4;1;0;0;0;;;;1;5
"055020";"Montegabbione";9;6;0;0;0;;;;6;6;0;0;0;;;;6;12
"055020";"Montegabbione";10;2;0;0;0;;;;2;7;0;0;0;;;;7;9
"055020";"Montegabbione";11;8;0;0;0;;;;8;4;0;0;0;;;;4;12
"055020";"Montegabbione";12;4;0;0;0;;;;4;9;0;0;0;;;;9;13
"055020";"Montegabbione";13;1;0;0;0;;;;1;7;0;0;0;;;;7;8
"055020";"Montegabbione";14;1;0;0;0;;;;1;5;0;0;0;;;;5;6
"055020";"Montegabbione";15;5;0;0;0;;;;5;6;0;0;0;;;;6;11
"055020";"Montegabbione";16;6;0;0;0;;;;6;6;0;0;0;;;;6;12
"055020";"Montegabbione";17;6;0;0;0;;;;6;3;0;0;0;;;;3;9
"055020";"Montegabbione";18;4;0;0;0;;;;4;0;0;0;0;;;;0;4
"055020";"Montegabbione";19;4;0;0;0;;;;4;7;0;0;0;;;;7;11
"055020";"Montegabbione";20;1;0;0;0;;;;1;2;0;0;0;;;;2;3
"055020";"Montegabbione";21;5;0;0;0;;;;5;6;0;0;0;;;;6;11
"055020";"Montegabbione";22;2;0;0;0;;;;2;2;0;0;0;;;;2;4
"055020";"Montegabbione";23;8;0;0;0;;;;8;4;0;0;0;;;;4;12
"055020";"Montegabbione";24;4;0;0;0;;;;4;5;0;0;0;;;;5;9
"055020";"Montegabbione";25;8;0;0;0;;;;8;5;1;0;0;;;;6;14
"055020";"Montegabbione";26;5;1;0;0;;;;6;3;0;0;0;;;;3;9
"055020";"Montegabbione";27;6;1;0;0;;;;7;3;3;0;0;;;;6;13
"055020";"Montegabbione";28;2;0;0;0;;;;2;4;1;0;0;;;;5;7
"055020";"Montegabbione";29;6;0;0;0;;;;6;2;1;0;0;;;;3;9
"055020";"Montegabbione";30;4;1;0;0;;;;5;2;2;0;0;;;;4;9
"055020";"Montegabbione";31;1;0;0;0;;;;1;2;0;0;0;;;;2;3
"055020";"Montegabbione";32;7;1;0;0;;;;8;4;2;0;0;;;;6;14
"055020";"Montegabbione";33;3;0;1;0;;;;4;1;0;0;0;;;;1;5
"055020";"Montegabbione";34;1;1;0;0;;;;2;6;3;0;0;;;;9;11
"055020";"Montegabbione";35;3;1;0;0;;;;4;2;4;0;0;;;;6;10
"055020";"Montegabbione";36;5;2;0;0;;;;7;2;4;0;0;;;;6;13
"055020";"Montegabbione";37;4;1;0;0;;;;5;3;4;0;0;;;;7;12
"055020";"Montegabbione";38;4;2;0;0;;;;6;1;5;0;0;;;;6;12
"055020";"Montegabbione";39;3;2;0;0;;;;5;3;7;0;0;;;;10;15
"055020";"Montegabbione";40;6;4;0;0;;;;10;4;3;0;0;;;;7;17
"055020";"Montegabbione";41;2;2;0;0;;;;4;2;3;0;0;;;;5;9
"055020";"Montegabbione";42;3;3;0;0;;;;6;3;2;0;0;;;;5;11
"055020";"Montegabbione";43;5;4;1;0;;;;10;3;4;0;0;;;;7;17
"055020";"Montegabbione";44;1;3;0;0;;;;4;0;1;0;0;;;;1;5
"055020";"Montegabbione";45;3;7;0;0;;;;10;2;7;1;0;;;;10;20
"055020";"Montegabbione";46;3;5;0;0;;;;8;2;4;0;0;;;;6;14
"055020";"Montegabbione";47;1;7;1;0;;;;9;1;3;0;0;;;;4;13
"055020";"Montegabbione";48;2;6;1;0;;;;9;0;7;0;0;;;;7;16
"055020";"Montegabbione";49;5;3;0;0;;;;8;1;6;0;0;;;;7;15
"055020";"Montegabbione";50;3;2;0;0;;;;5;4;4;0;0;;;;8;13
"055020";"Montegabbione";51;3;2;0;0;;;;5;1;4;1;0;;;;6;11
"055020";"Montegabbione";52;3;8;0;0;;;;11;1;4;2;0;;;;7;18
"055020";"Montegabbione";53;2;5;1;0;;;;8;0;2;0;0;;;;2;10
"055020";"Montegabbione";54;1;7;0;0;;;;8;1;8;0;0;;;;9;17
"055020";"Montegabbione";55;3;5;0;0;;;;8;0;10;0;0;;;;10;18
"055020";"Montegabbione";56;2;10;1;0;;;;13;0;7;0;0;;;;7;20
"055020";"Montegabbione";57;2;6;0;0;;;;8;2;6;0;0;;;;8;16
"055020";"Montegabbione";58;1;4;0;0;;;;5;1;8;0;0;;;;9;14
"055020";"Montegabbione";59;1;2;0;0;;;;3;1;6;1;0;;;;8;11
"055020";"Montegabbione";60;2;8;0;0;;;;10;1;4;1;0;;;;6;16
"055020";"Montegabbione";61;1;11;0;0;;;;12;1;7;1;1;;;;10;22
"055020";"Montegabbione";62;3;4;1;0;;;;8;1;8;0;0;;;;9;17
"055020";"Montegabbione";63;0;9;0;0;;;;9;3;4;1;1;;;;9;18
"055020";"Montegabbione";64;3;6;0;0;;;;9;0;5;1;0;;;;6;15
"055020";"Montegabbione";65;1;3;0;1;;;;5;0;7;0;1;;;;8;13
"055020";"Montegabbione";66;1;2;1;1;;;;5;0;8;0;2;;;;10;15
"055020";"Montegabbione";67;0;6;1;0;;;;7;0;6;0;2;;;;8;15
"055020";"Montegabbione";68;2;4;0;0;;;;6;2;5;1;0;;;;8;14
"055020";"Montegabbione";69;1;12;1;0;;;;14;1;9;1;1;;;;12;26
"055020";"Montegabbione";70;1;7;0;0;;;;8;2;3;1;1;;;;7;15
"055020";"Montegabbione";71;0;8;0;0;;;;8;0;3;1;1;;;;5;13
"055020";"Montegabbione";72;3;6;1;0;;;;10;1;10;0;0;;;;11;21
"055020";"Montegabbione";73;0;7;0;0;;;;7;0;5;1;3;;;;9;16
"055020";"Montegabbione";74;3;6;0;1;;;;10;1;9;1;3;;;;14;24
"055020";"Montegabbione";75;0;9;0;0;;;;9;1;5;0;0;;;;6;15
"055020";"Montegabbione";76;2;5;0;0;;;;7;0;8;0;3;;;;11;18
"055020";"Montegabbione";77;1;5;0;0;;;;6;1;2;0;1;;;;4;10
"055020";"Montegabbione";78;0;5;0;0;;;;5;0;3;0;1;;;;4;9
"055020";"Montegabbione";79;0;7;0;2;;;;9;2;4;0;2;;;;8;17
"055020";"Montegabbione";80;1;4;0;0;;;;5;0;4;0;6;;;;10;15
"055020";"Montegabbione";81;1;6;0;0;;;;7;0;6;0;5;;;;11;18
"055020";"Montegabbione";82;1;2;0;2;;;;5;1;2;0;3;;;;6;11
"055020";"Montegabbione";83;0;5;0;0;;;;5;0;3;0;5;;;;8;13
"055020";"Montegabbione";84;0;3;0;0;;;;3;0;3;0;3;;;;6;9
"055020";"Montegabbione";85;2;3;0;0;;;;5;1;4;0;4;;;;9;14
"055020";"Montegabbione";86;0;5;0;0;;;;5;1;1;0;1;;;;3;8
"055020";"Montegabbione";87;1;1;0;0;;;;2;0;0;0;2;;;;2;4
"055020";"Montegabbione";88;1;2;0;6;;;;9;0;1;0;3;;;;4;13
"055020";"Montegabbione";89;3;5;0;0;;;;8;0;1;0;6;;;;7;15
"055020";"Montegabbione";90;0;3;0;0;;;;3;1;0;0;2;;;;3;6
"055020";"Montegabbione";91;0;1;0;0;;;;1;0;1;0;4;;;;5;6
"055020";"Montegabbione";92;0;2;0;1;;;;3;0;0;0;2;;;;2;5
"055020";"Montegabbione";93;0;0;0;0;;;;0;0;0;0;2;;;;2;2
"055020";"Montegabbione";94;0;1;0;3;;;;4;0;0;0;1;;;;1;5
"055020";"Montegabbione";95;0;1;0;0;;;;1;0;0;0;2;;;;2;3
"055020";"Montegabbione";96;0;0;0;0;;;;0;0;0;0;0;;;;0;0
"055020";"Montegabbione";97;0;0;0;0;;;;0;0;0;0;1;;;;1;1
"055020";"Montegabbione";98;0;0;0;1;;;;1;0;0;0;0;;;;0;1
"055020";"Montegabbione";99;0;0;0;0;;;;0;0;0;0;0;;;;0;0
"055020";"Montegabbione";100;0;0;0;0;;;;0;0;0;0;1;;;;1;1
"055020";"Montegabbione";999;245;282;11;18;;;;556;190;277;15;76;;;;558;1114
"055021";"Monteleone d'Orvieto";0;0;0;0;0;;;;0;2;0;0;0;;;;2;2
"055021";"Monteleone d'Orvieto";1;5;0;0;0;;;;5;4;0;0;0;;;;4;9
"055021";"Monteleone d'Orvieto";2;7;0;0;0;;;;7;6;0;0;0;;;;6;13
"055021";"Monteleone d'Orvieto";3;4;0;0;0;;;;4;1;0;0;0;;;;1;5
"055021";"Monteleone d'Orvieto";4;6;0;0;0;;;;6;3;0;0;0;;;;3;9
"055021";"Monteleone d'Orvieto";5;4;0;0;0;;;;4;4;0;0;0;;;;4;8
"055021";"Monteleone d'Orvieto";6;2;0;0;0;;;;2;2;0;0;0;;;;2;4
"055021";"Monteleone d'Orvieto";7;5;0;0;0;;;;5;3;0;0;0;;;;3;8
"055021";"Monteleone d'Orvieto";8;6;0;0;0;;;;6;6;0;0;0;;;;6;12
"055021";"Monteleone d'Orvieto";9;6;0;0;0;;;;6;7;0;0;0;;;;7;13
"055021";"Monteleone d'Orvieto";10;1;0;0;0;;;;1;4;0;0;0;;;;4;5
"055021";"Monteleone d'Orvieto";11;3;0;0;0;;;;3;6;0;0;0;;;;6;9
"055021";"Monteleone d'Orvieto";12;6;0;0;0;;;;6;5;0;0;0;;;;5;11
"055021";"Monteleone d'Orvieto";13;2;0;0;0;;;;2;8;0;0;0;;;;8;10
"055021";"Monteleone d'Orvieto";14;2;0;0;0;;;;2;4;0;0;0;;;;4;6
"055021";"Monteleone d'Orvieto";15;6;0;0;0;;;;6;5;0;0;0;;;;5;11
"055021";"Monteleone d'Orvieto";16;4;0;0;0;;;;4;11;0;0;0;;;;11;15
"055021";"Monteleone d'Orvieto";17;10;0;0;0;;;;10;5;0;0;0;;;;5;15
"055021";"Monteleone d'Orvieto";18;3;0;0;0;;;;3;6;0;0;0;;;;6;9
"055021";"Monteleone d'Orvieto";19;5;0;0;0;;;;5;6;0;0;0;;;;6;11
"055021";"Monteleone d'Orvieto";20;9;0;0;0;;;;9;4;0;0;0;;;;4;13
"055021";"Monteleone d'Orvieto";21;5;0;0;0;;;;5;5;0;0;0;;;;5;10
"055021";"Monteleone d'Orvieto";22;3;0;0;0;;;;3;4;0;0;0;;;;4;7
"055021";"Monteleone d'Orvieto";23;2;0;0;0;;;;2;5;0;0;0;;;;5;7
"055021";"Monteleone d'Orvieto";24;6;0;0;0;;;;6;6;1;0;0;;;;7;13
"055021";"Monteleone d'Orvieto";25;5;1;0;0;;;;6;5;1;0;0;;;;6;12
"055021";"Monteleone d'Orvieto";26;3;1;0;0;;;;4;3;0;0;0;;;;3;7
"055021";"Monteleone d'Orvieto";27;3;0;0;0;;;;3;6;1;0;0;;;;7;10
"055021";"Monteleone d'Orvieto";28;6;1;0;0;;;;7;4;0;0;0;;;;4;11
"055021";"Monteleone d'Orvieto";29;5;1;0;0;;;;6;8;2;0;0;;;;10;16
"055021";"Monteleone d'Orvieto";30;5;1;0;0;;;;6;5;1;0;0;;;;6;12
"055021";"Monteleone d'Orvieto";31;9;0;0;0;;;;9;2;2;0;0;;;;4;13
"055021";"Monteleone d'Orvieto";32;6;1;0;0;;;;7;6;2;0;0;;;;8;15
"055021";"Monteleone d'Orvieto";33;2;2;0;0;;;;4;2;2;0;0;;;;4;8
"055021";"Monteleone d'Orvieto";34;6;0;0;0;;;;6;6;1;0;0;;;;7;13
"055021";"Monteleone d'Orvieto";35;7;3;0;0;;;;10;6;3;0;0;;;;9;19
"055021";"Monteleone d'Orvieto";36;4;2;0;0;;;;6;0;7;0;0;;;;7;13
"055021";"Monteleone d'Orvieto";37;3;2;0;0;;;;5;6;5;0;0;;;;11;16
"055021";"Monteleone d'Orvieto";38;2;4;1;0;;;;7;5;2;1;0;;;;8;15
"055021";"Monteleone d'Orvieto";39;3;4;0;0;;;;7;2;8;0;0;;;;10;17
"055021";"Monteleone d'Orvieto";40;8;4;0;0;;;;12;8;5;0;0;;;;13;25
"055021";"Monteleone d'Orvieto";41;4;6;0;0;;;;10;4;2;0;0;;;;6;16
"055021";"Monteleone d'Orvieto";42;4;2;0;0;;;;6;1;3;0;0;;;;4;10
"055021";"Monteleone d'Orvieto";43;2;6;0;0;;;;8;2;3;0;0;;;;5;13
"055021";"Monteleone d'Orvieto";44;4;3;0;0;;;;7;2;3;0;0;;;;5;12
"055021";"Monteleone d'Orvieto";45;6;3;0;0;;;;9;4;3;0;0;;;;7;16
"055021";"Monteleone d'Orvieto";46;4;3;0;0;;;;7;5;7;2;0;;;;14;21
"055021";"Monteleone d'Orvieto";47;1;6;1;0;;;;8;1;4;0;0;;;;5;13
"055021";"Monteleone d'Orvieto";48;8;11;1;0;;;;20;4;6;1;0;;;;11;31
"055021";"Monteleone d'Orvieto";49;1;4;0;0;;;;5;4;9;0;0;;;;13;18
"055021";"Monteleone d'Orvieto";50;2;4;0;0;;;;6;3;10;1;0;;;;14;20
"055021";"Monteleone d'Orvieto";51;3;8;0;0;;;;11;2;4;1;0;;;;7;18
"055021";"Monteleone d'Orvieto";52;0;8;1;0;;;;9;1;14;1;1;;;;17;26
"055021";"Monteleone d'Orvieto";53;4;5;2;0;;;;11;1;9;0;0;;;;10;21
"055021";"Monteleone d'Orvieto";54;2;11;0;0;;;;13;1;4;0;1;;;;6;19
"055021";"Monteleone d'Orvieto";55;0;5;0;0;;;;5;0;5;1;1;;;;7;12
"055021";"Monteleone d'Orvieto";56;2;9;2;0;;;;13;1;10;2;1;;;;14;27
"055021";"Monteleone d'Orvieto";57;1;9;2;0;;;;12;0;6;0;0;;;;6;18
"055021";"Monteleone d'Orvieto";58;3;6;0;0;;;;9;1;9;1;0;;;;11;20
"055021";"Monteleone d'Orvieto";59;0;6;0;0;;;;6;0;8;0;0;;;;8;14
"055021";"Monteleone d'Orvieto";60;0;11;0;0;;;;11;1;9;0;0;;;;10;21
"055021";"Monteleone d'Orvieto";61;3;5;0;1;;;;9;1;8;1;0;;;;10;19
"055021";"Monteleone d'Orvieto";62;3;11;0;0;;;;14;2;7;1;1;;;;11;25
"055021";"Monteleone d'Orvieto";63;2;9;0;0;;;;11;0;9;1;1;;;;11;22
"055021";"Monteleone d'Orvieto";64;0;7;1;0;;;;8;2;8;1;1;;;;12;20
"055021";"Monteleone d'Orvieto";65;1;7;0;0;;;;8;0;12;0;0;;;;12;20
"055021";"Monteleone d'Orvieto";66;0;8;0;0;;;;8;3;7;0;2;;;;12;20
"055021";"Monteleone d'Orvieto";67;2;9;1;0;;;;12;1;9;0;0;;;;10;22
"055021";"Monteleone d'Orvieto";68;2;6;0;0;;;;8;0;4;3;1;;;;8;16
"055021";"Monteleone d'Orvieto";69;2;6;0;0;;;;8;0;14;0;1;;;;15;23
"055021";"Monteleone d'Orvieto";70;1;14;0;0;;;;15;1;11;0;0;;;;12;27
"055021";"Monteleone d'Orvieto";71;2;5;0;1;;;;8;1;12;1;2;;;;16;24
"055021";"Monteleone d'Orvieto";72;0;11;0;0;;;;11;0;6;0;1;;;;7;18
"055021";"Monteleone d'Orvieto";73;0;9;1;1;;;;11;1;3;1;3;;;;8;19
"055021";"Monteleone d'Orvieto";74;1;10;1;0;;;;12;2;11;0;2;;;;15;27
"055021";"Monteleone d'Orvieto";75;1;12;0;0;;;;13;1;9;0;1;;;;11;24
"055021";"Monteleone d'Orvieto";76;1;9;1;1;;;;12;1;6;0;1;;;;8;20
"055021";"Monteleone d'Orvieto";77;1;5;0;0;;;;6;0;7;0;2;;;;9;15
"055021";"Monteleone d'Orvieto";78;1;7;0;0;;;;8;0;8;0;2;;;;10;18
"055021";"Monteleone d'Orvieto";79;0;5;0;0;;;;5;0;3;1;6;;;;10;15
"055021";"Monteleone d'Orvieto";80;0;7;0;0;;;;7;0;2;0;2;;;;4;11
"055021";"Monteleone d'Orvieto";81;1;4;0;0;;;;5;0;2;0;7;;;;9;14
"055021";"Monteleone d'Orvieto";82;0;4;0;0;;;;4;1;2;0;0;;;;3;7
"055021";"Monteleone d'Orvieto";83;0;7;0;0;;;;7;1;4;0;5;;;;10;17
"055021";"Monteleone d'Orvieto";84;0;1;0;2;;;;3;0;4;0;2;;;;6;9
"055021";"Monteleone d'Orvieto";85;0;1;0;0;;;;1;0;5;0;6;;;;11;12
"055021";"Monteleone d'Orvieto";86;0;3;0;0;;;;3;0;4;2;9;;;;15;18
"055021";"Monteleone d'Orvieto";87;0;3;0;2;;;;5;0;1;0;4;;;;5;10
"055021";"Monteleone d'Orvieto";88;0;0;0;1;;;;1;0;3;0;3;;;;6;7
"055021";"Monteleone d'Orvieto";89;0;5;0;0;;;;5;0;1;0;1;;;;2;7
"055021";"Monteleone d'Orvieto";90;0;2;0;0;;;;2;0;2;0;4;;;;6;8
"055021";"Monteleone d'Orvieto";91;0;1;0;0;;;;1;0;0;0;0;;;;0;1
"055021";"Monteleone d'Orvieto";92;0;1;0;0;;;;1;0;0;0;2;;;;2;3
"055021";"Monteleone d'Orvieto";93;0;1;0;1;;;;2;1;2;0;4;;;;7;9
"055021";"Monteleone d'Orvieto";94;0;1;0;0;;;;1;0;0;0;1;;;;1;2
"055021";"Monteleone d'Orvieto";95;0;0;0;1;;;;1;0;0;0;3;;;;3;4
"055021";"Monteleone d'Orvieto";96;0;1;0;0;;;;1;0;0;0;0;;;;0;1
"055021";"Monteleone d'Orvieto";97;0;0;0;0;;;;0;0;0;0;0;;;;0;0
"055021";"Monteleone d'Orvieto";98;0;1;0;0;;;;1;0;0;0;1;;;;1;2
"055021";"Monteleone d'Orvieto";99;0;1;0;0;;;;1;0;0;0;0;;;;0;1
"055021";"Monteleone d'Orvieto";100;0;0;0;0;;;;0;0;0;0;1;;;;1;1
"055021";"Monteleone d'Orvieto";999;264;352;15;11;;;;642;253;357;23;86;;;;719;1361
"055022";"Narni";0;49;0;0;0;;;;49;42;0;0;0;;;;42;91
"055022";"Narni";1;29;0;0;0;;;;29;55;0;0;0;;;;55;84
"055022";"Narni";2;44;0;0;0;;;;44;43;0;0;0;;;;43;87
"055022";"Narni";3;57;0;0;0;;;;57;50;0;0;0;;;;50;107
"055022";"Narni";4;54;0;0;0;;;;54;47;0;0;0;;;;47;101
"055022";"Narni";5;56;0;0;0;;;;56;54;0;0;0;;;;54;110
"055022";"Narni";6;57;0;0;0;;;;57;55;0;0;0;;;;55;112
"055022";"Narni";7;55;0;0;0;;;;55;33;0;0;0;;;;33;88
"055022";"Narni";8;73;0;0;0;;;;73;54;0;0;0;;;;54;127
"055022";"Narni";9;66;0;0;0;;;;66;54;0;0;0;;;;54;120
"055022";"Narni";10;84;0;0;0;;;;84;63;0;0;0;;;;63;147
"055022";"Narni";11;61;0;0;0;;;;61;76;0;0;0;;;;76;137
"055022";"Narni";12;71;0;0;0;;;;71;69;0;0;0;;;;69;140
"055022";"Narni";13;74;0;0;0;;;;74;78;0;0;0;;;;78;152
"055022";"Narni";14;65;0;0;0;;;;65;53;0;0;0;;;;53;118
"055022";"Narni";15;83;0;0;0;;;;83;81;0;0;0;;;;81;164
"055022";"Narni";16;84;0;0;0;;;;84;93;0;0;0;;;;93;177
"055022";"Narni";17;92;0;0;0;;;;92;79;0;0;0;;;;79;171
"055022";"Narni";18;77;0;0;0;;;;77;71;0;0;0;;;;71;148
"055022";"Narni";19;94;0;0;0;;;;94;89;1;0;0;;;;90;184
"055022";"Narni";20;73;0;0;0;;;;73;76;0;0;0;;;;76;149
"055022";"Narni";21;79;0;0;0;;;;79;96;0;0;0;;;;96;175
"055022";"Narni";22;80;0;0;0;;;;80;83;1;0;0;;;;84;164
"055022";"Narni";23;86;0;0;0;;;;86;64;1;0;0;;;;65;151
"055022";"Narni";24;99;0;0;0;;;;99;80;4;0;0;;;;84;183
"055022";"Narni";25;107;3;1;0;;;;111;84;2;0;0;;;;86;197
"055022";"Narni";26;88;3;0;0;;;;91;67;6;0;0;;;;73;164
"055022";"Narni";27;71;5;0;0;;;;76;69;9;1;0;;;;79;155
"055022";"Narni";28;76;5;0;0;;;;81;60;6;0;0;;;;66;147
"055022";"Narni";29;68;9;0;0;;;;77;72;16;0;0;;;;88;165
"055022";"Narni";30;69;10;0;0;;;;79;73;22;0;0;;;;95;174
"055022";"Narni";31;57;6;0;0;;;;63;62;20;1;0;;;;83;146
"055022";"Narni";32;66;13;0;1;;;;80;50;19;1;1;;;;71;151
"055022";"Narni";33;73;16;0;0;;;;89;57;25;4;0;;;;86;175
"055022";"Narni";34;60;20;0;0;;;;80;40;36;0;0;;;;76;156
"055022";"Narni";35;51;17;1;0;;;;69;36;36;2;0;;;;74;143
"055022";"Narni";36;45;26;0;0;;;;71;53;24;1;0;;;;78;149
"055022";"Narni";37;53;31;0;0;;;;84;51;30;5;0;;;;86;170
"055022";"Narni";38;58;31;2;0;;;;91;40;45;2;0;;;;87;178
"055022";"Narni";39;44;36;0;0;;;;80;47;33;7;0;;;;87;167
"055022";"Narni";40;59;30;2;0;;;;91;35;50;3;0;;;;88;179
"055022";"Narni";41;50;52;5;0;;;;107;42;66;2;0;;;;110;217
"055022";"Narni";42;51;50;2;0;;;;103;25;59;6;1;;;;91;194
"055022";"Narni";43;44;49;2;0;;;;95;34;54;4;1;;;;93;188
"055022";"Narni";44;43;52;2;0;;;;97;45;73;3;1;;;;122;219
"055022";"Narni";45;49;50;5;0;;;;104;33;67;4;4;;;;108;212
"055022";"Narni";46;44;62;2;0;;;;108;36;78;6;0;;;;120;228
"055022";"Narni";47;43;58;3;0;;;;104;38;64;8;1;;;;111;215
"055022";"Narni";48;25;89;3;0;;;;117;27;103;9;3;;;;142;259
"055022";"Narni";49;38;85;9;0;;;;132;31;103;19;4;;;;157;289
"055022";"Narni";50;38;83;10;5;;;;136;28;100;12;2;;;;142;278
"055022";"Narni";51;35;95;10;2;;;;142;16;113;17;4;;;;150;292
"055022";"Narni";52;36;96;12;3;;;;147;24;103;16;3;;;;146;293
"055022";"Narni";53;34;83;10;0;;;;127;29;110;11;2;;;;152;279
"055022";"Narni";54;39;106;16;2;;;;163;15;118;8;9;;;;150;313
"055022";"Narni";55;21;103;6;1;;;;131;20;121;14;4;;;;159;290
"055022";"Narni";56;33;114;11;4;;;;162;21;106;14;5;;;;146;308
"055022";"Narni";57;23;96;12;4;;;;135;17;90;12;6;;;;125;260
"055022";"Narni";58;38;107;15;2;;;;162;15;128;16;8;;;;167;329
"055022";"Narni";59;21;106;12;4;;;;143;13;118;22;9;;;;162;305
"055022";"Narni";60;19;121;11;1;;;;152;13;99;9;10;;;;131;283
"055022";"Narni";61;21;119;7;3;;;;150;13;114;15;9;;;;151;301
"055022";"Narni";62;18;99;9;3;;;;129;19;126;5;12;;;;162;291
"055022";"Narni";63;15;96;8;2;;;;121;13;117;12;10;;;;152;273
"055022";"Narni";64;10;114;6;2;;;;132;9;95;3;15;;;;122;254
"055022";"Narni";65;14;99;6;6;;;;125;8;113;6;16;;;;143;268
"055022";"Narni";66;15;98;7;2;;;;122;12;88;7;15;;;;122;244
"055022";"Narni";67;13;117;8;5;;;;143;13;95;5;19;;;;132;275
"055022";"Narni";68;15;96;5;3;;;;119;6;99;10;22;;;;137;256
"055022";"Narni";69;9;86;3;7;;;;105;7;102;5;20;;;;134;239
"055022";"Narni";70;7;98;4;5;;;;114;7;94;3;23;;;;127;241
"055022";"Narni";71;7;85;9;5;;;;106;9;81;7;26;;;;123;229
"055022";"Narni";72;10;106;6;5;;;;127;6;99;5;28;;;;138;265
"055022";"Narni";73;8;86;2;10;;;;106;5;83;4;32;;;;124;230
"055022";"Narni";74;7;93;3;7;;;;110;9;86;2;39;;;;136;246
"055022";"Narni";75;10;96;4;12;;;;122;3;96;8;42;;;;149;271
"055022";"Narni";76;11;89;7;7;;;;114;3;93;5;31;;;;132;246
"055022";"Narni";77;9;97;3;11;;;;120;2;84;5;53;;;;144;264
"055022";"Narni";78;7;80;1;10;;;;98;2;47;6;35;;;;90;188
"055022";"Narni";79;3;69;3;10;;;;85;4;55;3;39;;;;101;186
"055022";"Narni";80;4;69;1;12;;;;86;4;47;2;52;;;;105;191
"055022";"Narni";81;3;62;0;9;;;;74;3;34;0;46;;;;83;157
"055022";"Narni";82;2;55;0;8;;;;65;2;36;2;51;;;;91;156
"055022";"Narni";83;6;69;1;13;;;;89;7;27;1;53;;;;88;177
"055022";"Narni";84;5;58;1;13;;;;77;5;39;1;62;;;;107;184
"055022";"Narni";85;4;56;1;16;;;;77;3;28;1;73;;;;105;182
"055022";"Narni";86;1;34;0;15;;;;50;3;12;0;52;;;;67;117
"055022";"Narni";87;2;32;1;9;;;;44;2;18;0;57;;;;77;121
"055022";"Narni";88;1;30;0;12;;;;43;3;10;0;52;;;;65;108
"055022";"Narni";89;1;16;2;18;;;;37;2;7;1;50;;;;60;97
"055022";"Narni";90;1;21;0;6;;;;28;3;3;0;39;;;;45;73
"055022";"Narni";91;0;12;0;9;;;;21;1;8;1;38;;;;48;69
"055022";"Narni";92;1;9;0;2;;;;12;2;0;0;41;;;;43;55
"055022";"Narni";93;1;7;0;10;;;;18;1;2;0;27;;;;30;48
"055022";"Narni";94;0;4;0;3;;;;7;0;1;0;25;;;;26;33
"055022";"Narni";95;0;0;0;4;;;;4;0;1;0;18;;;;19;23
"055022";"Narni";96;0;1;0;3;;;;4;1;0;0;6;;;;7;11
"055022";"Narni";97;0;1;0;3;;;;4;0;0;0;10;;;;10;14
"055022";"Narni";98;0;1;0;1;;;;2;0;0;0;5;;;;5;7
"055022";"Narni";99;0;0;0;3;;;;3;0;0;0;6;;;;6;9
"055022";"Narni";100;0;0;0;0;;;;0;0;0;0;8;;;;8;8
"055022";"Narni";999;3752;4278;272;313;;;;8615;3248;4299;364;1335;;;;9246;17861
"055023";"Orvieto";0;45;0;0;0;;;;45;44;0;0;0;;;;44;89
"055023";"Orvieto";1;45;0;0;0;;;;45;48;0;0;0;;;;48;93
"055023";"Orvieto";2;50;0;0;0;;;;50;74;0;0;0;;;;74;124
"055023";"Orvieto";3;50;0;0;0;;;;50;50;0;0;0;;;;50;100
"055023";"Orvieto";4;63;0;0;0;;;;63;53;0;0;0;;;;53;116
"055023";"Orvieto";5;61;0;0;0;;;;61;46;0;0;0;;;;46;107
"055023";"Orvieto";6;65;0;0;0;;;;65;56;0;0;0;;;;56;121
"055023";"Orvieto";7;70;0;0;0;;;;70;76;0;0;0;;;;76;146
"055023";"Orvieto";8;60;0;0;0;;;;60;69;0;0;0;;;;69;129
"055023";"Orvieto";9;78;0;0;0;;;;78;74;0;0;0;;;;74;152
"055023";"Orvieto";10;77;0;0;0;;;;77;80;0;0;0;;;;80;157
"055023";"Orvieto";11;91;0;0;0;;;;91;90;0;0;0;;;;90;181
"055023";"Orvieto";12;73;0;0;0;;;;73;71;0;0;0;;;;71;144
"055023";"Orvieto";13;90;0;0;0;;;;90;91;0;0;0;;;;91;181
"055023";"Orvieto";14;80;0;0;0;;;;80;84;0;0;0;;;;84;164
"055023";"Orvieto";15;118;0;0;0;;;;118;84;0;0;0;;;;84;202
"055023";"Orvieto";16;90;0;0;0;;;;90;105;0;0;0;;;;105;195
"055023";"Orvieto";17;94;0;0;0;;;;94;77;0;0;0;;;;77;171
"055023";"Orvieto";18;100;0;0;0;;;;100;85;0;0;0;;;;85;185
"055023";"Orvieto";19;91;0;0;0;;;;91;74;0;0;0;;;;74;165
"055023";"Orvieto";20;83;0;0;0;;;;83;66;0;0;0;;;;66;149
"055023";"Orvieto";21;73;0;0;0;;;;73;76;0;0;0;;;;76;149
"055023";"Orvieto";22;91;0;0;0;;;;91;88;1;0;0;;;;89;180
"055023";"Orvieto";23;92;0;0;0;;;;92;72;2;0;0;;;;74;166
"055023";"Orvieto";24;94;0;0;0;;;;94;71;2;0;0;;;;73;167
"055023";"Orvieto";25;87;1;0;0;;;;88;76;4;0;0;;;;80;168
"055023";"Orvieto";26;78;2;0;0;;;;80;84;4;0;0;;;;88;168
"055023";"Orvieto";27;76;1;0;0;;;;77;74;6;0;0;;;;80;157
"055023";"Orvieto";28;89;7;0;0;;;;96;61;11;1;0;;;;73;169
"055023";"Orvieto";29;82;3;0;0;;;;85;50;14;0;0;;;;64;149
"055023";"Orvieto";30;89;9;0;0;;;;98;66;13;0;0;;;;79;177
"055023";"Orvieto";31;83;13;0;0;;;;96;59;15;0;0;;;;74;170
"055023";"Orvieto";32;73;11;0;0;;;;84;56;28;1;1;;;;86;170
"055023";"Orvieto";33;65;20;1;0;;;;86;60;28;0;0;;;;88;174
"055023";"Orvieto";34;62;26;0;0;;;;88;43;40;0;1;;;;84;172
"055023";"Orvieto";35;88;25;1;0;;;;114;50;38;0;0;;;;88;202
"055023";"Orvieto";36;75;44;1;0;;;;120;47;49;2;2;;;;100;220
"055023";"Orvieto";37;61;36;1;0;;;;98;55;55;3;1;;;;114;212
"055023";"Orvieto";38;69;38;4;0;;;;111;50;45;4;0;;;;99;210
"055023";"Orvieto";39;52;37;1;0;;;;90;30;54;4;0;;;;88;178
"055023";"Orvieto";40;42;41;2;0;;;;85;50;56;0;0;;;;106;191
"055023";"Orvieto";41;59;45;1;1;;;;106;56;52;4;0;;;;112;218
"055023";"Orvieto";42;44;48;5;1;;;;98;57;69;7;1;;;;134;232
"055023";"Orvieto";43;48;64;3;1;;;;116;40;73;8;2;;;;123;239
"055023";"Orvieto";44;52;49;1;0;;;;102;35;71;6;3;;;;115;217
"055023";"Orvieto";45;46;67;2;0;;;;115;43;71;8;2;;;;124;239
"055023";"Orvieto";46;48;68;8;0;;;;124;40;89;11;2;;;;142;266
"055023";"Orvieto";47;57;84;8;1;;;;150;32;95;15;2;;;;144;294
"055023";"Orvieto";48;37;74;5;0;;;;116;32;96;2;5;;;;135;251
"055023";"Orvieto";49;45;87;8;0;;;;140;43;112;13;3;;;;171;311
"055023";"Orvieto";50;36;100;9;1;;;;146;44;92;16;2;;;;154;300
"055023";"Orvieto";51;34;95;8;1;;;;138;38;95;21;5;;;;159;297
"055023";"Orvieto";52;39;82;6;0;;;;127;39;110;17;3;;;;169;296
"055023";"Orvieto";53;33;94;12;0;;;;139;28;104;14;2;;;;148;287
"055023";"Orvieto";54;37;89;8;1;;;;135;36;100;16;7;;;;159;294
"055023";"Orvieto";55;27;110;6;1;;;;144;32;129;20;8;;;;189;333
"055023";"Orvieto";56;37;96;13;1;;;;147;26;112;11;5;;;;154;301
"055023";"Orvieto";57;36;95;13;3;;;;147;28;121;17;7;;;;173;320
"055023";"Orvieto";58;29;110;9;3;;;;151;19;122;16;12;;;;169;320
"055023";"Orvieto";59;23;105;15;2;;;;145;24;139;27;9;;;;199;344
"055023";"Orvieto";60;15;128;12;1;;;;156;24;125;19;14;;;;182;338
"055023";"Orvieto";61;27;122;8;3;;;;160;19;115;21;19;;;;174;334
"055023";"Orvieto";62;18;114;16;1;;;;149;18;125;13;8;;;;164;313
"055023";"Orvieto";63;14;110;7;1;;;;132;15;125;12;19;;;;171;303
"055023";"Orvieto";64;18;105;12;5;;;;140;20;100;13;14;;;;147;287
"055023";"Orvieto";65;23;97;9;2;;;;131;6;109;6;16;;;;137;268
"055023";"Orvieto";66;9;90;7;3;;;;109;7;90;16;15;;;;128;237
"055023";"Orvieto";67;17;99;7;5;;;;128;19;107;4;24;;;;154;282
"055023";"Orvieto";68;6;113;7;8;;;;134;7;96;15;27;;;;145;279
"055023";"Orvieto";69;5;94;7;8;;;;114;10;97;11;33;;;;151;265
"055023";"Orvieto";70;11;86;8;9;;;;114;14;92;11;28;;;;145;259
"055023";"Orvieto";71;10;90;9;4;;;;113;5;96;8;26;;;;135;248
"055023";"Orvieto";72;17;91;3;6;;;;117;7;79;7;30;;;;123;240
"055023";"Orvieto";73;15;93;3;7;;;;118;6;91;6;33;;;;136;254
"055023";"Orvieto";74;8;112;6;9;;;;135;8;88;4;38;;;;138;273
"055023";"Orvieto";75;5;109;5;6;;;;125;8;86;4;46;;;;144;269
"055023";"Orvieto";76;10;117;1;10;;;;138;9;77;4;50;;;;140;278
"055023";"Orvieto";77;12;82;4;13;;;;111;7;63;3;57;;;;130;241
"055023";"Orvieto";78;6;71;3;4;;;;84;2;58;4;42;;;;106;190
"055023";"Orvieto";79;13;68;3;7;;;;91;4;44;2;44;;;;94;185
"055023";"Orvieto";80;3;61;5;8;;;;77;6;55;2;45;;;;108;185
"055023";"Orvieto";81;8;63;1;12;;;;84;7;45;9;51;;;;112;196
"055023";"Orvieto";82;6;77;3;16;;;;102;3;53;1;60;;;;117;219
"055023";"Orvieto";83;2;71;0;9;;;;82;3;32;1;86;;;;122;204
"055023";"Orvieto";84;5;45;1;17;;;;68;7;20;1;90;;;;118;186
"055023";"Orvieto";85;2;50;0;13;;;;65;3;23;2;73;;;;101;166
"055023";"Orvieto";86;3;35;1;13;;;;52;5;14;0;70;;;;89;141
"055023";"Orvieto";87;2;28;0;14;;;;44;0;9;1;42;;;;52;96
"055023";"Orvieto";88;3;23;0;12;;;;38;5;13;2;54;;;;74;112
"055023";"Orvieto";89;3;18;1;16;;;;38;3;11;0;54;;;;68;106
"055023";"Orvieto";90;4;20;1;6;;;;31;1;3;2;52;;;;58;89
"055023";"Orvieto";91;0;6;1;1;;;;8;1;5;0;44;;;;50;58
"055023";"Orvieto";92;2;6;0;4;;;;12;0;1;0;37;;;;38;50
"055023";"Orvieto";93;0;7;2;4;;;;13;0;2;1;41;;;;44;57
"055023";"Orvieto";94;0;5;0;8;;;;13;3;1;1;32;;;;37;50
"055023";"Orvieto";95;0;6;0;3;;;;9;0;1;0;18;;;;19;28
"055023";"Orvieto";96;0;0;0;3;;;;3;1;0;0;15;;;;16;19
"055023";"Orvieto";97;0;0;0;0;;;;0;0;0;0;11;;;;11;11
"055023";"Orvieto";98;0;1;0;1;;;;2;0;0;0;10;;;;10;12
"055023";"Orvieto";99;0;1;0;2;;;;3;0;0;0;3;;;;3;6
"055023";"Orvieto";100;0;0;0;1;;;;1;1;0;0;4;;;;5;6
"055023";"Orvieto";999;4164;4390;304;292;;;;9150;3671;4468;470;1560;;;;10169;19319
"055024";"Otricoli";0;4;0;0;0;;;;4;4;0;0;0;;;;4;8
"055024";"Otricoli";1;2;0;0;0;;;;2;5;0;0;0;;;;5;7
"055024";"Otricoli";2;1;0;0;0;;;;1;6;0;0;0;;;;6;7
"055024";"Otricoli";3;5;0;0;0;;;;5;6;0;0;0;;;;6;11
"055024";"Otricoli";4;5;0;0;0;;;;5;8;0;0;0;;;;8;13
"055024";"Otricoli";5;5;0;0;0;;;;5;6;0;0;0;;;;6;11
"055024";"Otricoli";6;5;0;0;0;;;;5;6;0;0;0;;;;6;11
"055024";"Otricoli";7;2;0;0;0;;;;2;11;0;0;0;;;;11;13
"055024";"Otricoli";8;8;0;0;0;;;;8;7;0;0;0;;;;7;15
"055024";"Otricoli";9;1;0;0;0;;;;1;6;0;0;0;;;;6;7
"055024";"Otricoli";10;6;0;0;0;;;;6;5;0;0;0;;;;5;11
"055024";"Otricoli";11;9;0;0;0;;;;9;5;0;0;0;;;;5;14
"055024";"Otricoli";12;4;0;0;0;;;;4;9;0;0;0;;;;9;13
"055024";"Otricoli";13;5;0;0;0;;;;5;9;0;0;0;;;;9;14
"055024";"Otricoli";14;7;0;0;0;;;;7;11;0;0;0;;;;11;18
"055024";"Otricoli";15;4;0;0;0;;;;4;6;0;0;0;;;;6;10
"055024";"Otricoli";16;12;0;0;0;;;;12;1;0;0;0;;;;1;13
"055024";"Otricoli";17;10;0;0;0;;;;10;9;0;0;0;;;;9;19
"055024";"Otricoli";18;7;0;0;0;;;;7;9;0;0;0;;;;9;16
"055024";"Otricoli";19;12;0;0;0;;;;12;5;0;0;0;;;;5;17
"055024";"Otricoli";20;5;0;0;0;;;;5;6;0;0;0;;;;6;11
"055024";"Otricoli";21;11;0;0;0;;;;11;3;0;0;0;;;;3;14
"055024";"Otricoli";22;6;0;0;0;;;;6;4;0;0;0;;;;4;10
"055024";"Otricoli";23;8;0;0;0;;;;8;9;0;0;0;;;;9;17
"055024";"Otricoli";24;12;0;0;0;;;;12;7;0;0;0;;;;7;19
"055024";"Otricoli";25;4;0;0;0;;;;4;8;0;0;0;;;;8;12
"055024";"Otricoli";26;3;1;0;0;;;;4;7;0;0;0;;;;7;11
"055024";"Otricoli";27;6;0;0;0;;;;6;4;0;0;0;;;;4;10
"055024";"Otricoli";28;4;2;0;0;;;;6;4;1;0;0;;;;5;11
"055024";"Otricoli";29;5;1;0;0;;;;6;6;1;0;0;;;;7;13
"055024";"Otricoli";30;8;0;0;0;;;;8;6;2;0;0;;;;8;16
"055024";"Otricoli";31;7;0;0;0;;;;7;7;2;0;0;;;;9;16
"055024";"Otricoli";32;8;1;0;0;;;;9;8;7;0;0;;;;15;24
"055024";"Otricoli";33;7;0;0;0;;;;7;3;6;0;0;;;;9;16
"055024";"Otricoli";34;8;0;0;0;;;;8;7;2;0;0;;;;9;17
"055024";"Otricoli";35;8;1;0;0;;;;9;1;4;0;0;;;;5;14
"055024";"Otricoli";36;3;5;0;0;;;;8;3;5;0;0;;;;8;16
"055024";"Otricoli";37;4;7;0;0;;;;11;8;5;0;0;;;;13;24
"055024";"Otricoli";38;7;3;0;0;;;;10;2;4;0;0;;;;6;16
"055024";"Otricoli";39;1;7;0;0;;;;8;3;4;0;0;;;;7;15
"055024";"Otricoli";40;8;3;0;0;;;;11;4;5;0;0;;;;9;20
"055024";"Otricoli";41;3;7;0;0;;;;10;3;2;0;0;;;;5;15
"055024";"Otricoli";42;5;0;0;0;;;;5;1;7;0;0;;;;8;13
"055024";"Otricoli";43;5;5;0;0;;;;10;1;4;0;0;;;;5;15
"055024";"Otricoli";44;7;5;0;0;;;;12;2;3;0;0;;;;5;17
"055024";"Otricoli";45;5;5;0;0;;;;10;3;5;0;0;;;;8;18
"055024";"Otricoli";46;7;6;0;0;;;;13;3;7;0;0;;;;10;23
"055024";"Otricoli";47;7;5;0;0;;;;12;2;4;0;1;;;;7;19
"055024";"Otricoli";48;9;6;1;0;;;;16;1;11;0;0;;;;12;28
"055024";"Otricoli";49;5;6;0;0;;;;11;2;10;0;0;;;;12;23
"055024";"Otricoli";50;3;10;0;0;;;;13;0;20;0;1;;;;21;34
"055024";"Otricoli";51;3;9;0;0;;;;12;2;12;2;0;;;;16;28
"055024";"Otricoli";52;4;6;1;1;;;;12;2;8;0;1;;;;11;23
"055024";"Otricoli";53;4;12;2;0;;;;18;4;9;0;0;;;;13;31
"055024";"Otricoli";54;2;10;0;0;;;;12;1;4;1;0;;;;6;18
"055024";"Otricoli";55;1;12;2;0;;;;15;2;10;0;0;;;;12;27
"055024";"Otricoli";56;1;8;3;0;;;;12;4;8;1;2;;;;15;27
"055024";"Otricoli";57;3;5;1;0;;;;9;3;10;1;0;;;;14;23
"055024";"Otricoli";58;4;7;1;1;;;;13;3;12;0;1;;;;16;29
"055024";"Otricoli";59;1;17;2;0;;;;20;0;15;1;0;;;;16;36
"055024";"Otricoli";60;1;8;4;1;;;;14;2;8;0;3;;;;13;27
"055024";"Otricoli";61;4;11;1;0;;;;16;3;7;2;0;;;;12;28
"055024";"Otricoli";62;2;12;0;0;;;;14;3;14;0;2;;;;19;33
"055024";"Otricoli";63;0;8;1;0;;;;9;0;12;0;0;;;;12;21
"055024";"Otricoli";64;1;13;0;1;;;;15;1;13;1;0;;;;15;30
"055024";"Otricoli";65;1;10;0;0;;;;11;2;9;1;1;;;;13;24
"055024";"Otricoli";66;2;9;2;0;;;;13;2;6;0;1;;;;9;22
"055024";"Otricoli";67;0;6;1;0;;;;7;3;10;1;3;;;;17;24
"055024";"Otricoli";68;3;12;0;1;;;;16;1;8;0;1;;;;10;26
"055024";"Otricoli";69;0;7;1;0;;;;8;1;12;0;1;;;;14;22
"055024";"Otricoli";70;1;11;1;1;;;;14;1;5;0;2;;;;8;22
"055024";"Otricoli";71;0;10;1;4;;;;15;2;10;1;3;;;;16;31
"055024";"Otricoli";72;2;7;0;1;;;;10;1;6;0;6;;;;13;23
"055024";"Otricoli";73;0;12;1;0;;;;13;0;4;0;3;;;;7;20
"055024";"Otricoli";74;2;9;1;1;;;;13;0;11;1;3;;;;15;28
"055024";"Otricoli";75;0;12;0;1;;;;13;0;8;0;3;;;;11;24
"055024";"Otricoli";76;1;6;0;2;;;;9;2;7;0;7;;;;16;25
"055024";"Otricoli";77;1;10;1;0;;;;12;0;3;1;6;;;;10;22
"055024";"Otricoli";78;1;5;1;1;;;;8;1;7;0;2;;;;10;18
"055024";"Otricoli";79;0;2;0;0;;;;2;0;4;0;4;;;;8;10
"055024";"Otricoli";80;0;6;0;2;;;;8;0;3;0;6;;;;9;17
"055024";"Otricoli";81;0;5;0;0;;;;5;1;6;0;4;;;;11;16
"055024";"Otricoli";82;0;3;0;1;;;;4;0;4;0;6;;;;10;14
"055024";"Otricoli";83;2;7;0;2;;;;11;1;2;1;5;;;;9;20
"055024";"Otricoli";84;0;6;0;2;;;;8;1;3;0;11;;;;15;23
"055024";"Otricoli";85;2;7;0;1;;;;10;0;0;0;1;;;;1;11
"055024";"Otricoli";86;0;0;0;0;;;;0;1;2;0;5;;;;8;8
"055024";"Otricoli";87;0;6;0;1;;;;7;0;1;0;5;;;;6;13
"055024";"Otricoli";88;1;3;0;1;;;;5;0;2;0;9;;;;11;16
"055024";"Otricoli";89;0;0;0;3;;;;3;0;2;0;1;;;;3;6
"055024";"Otricoli";90;1;1;0;3;;;;5;0;0;0;6;;;;6;11
"055024";"Otricoli";91;0;0;0;0;;;;0;0;0;0;5;;;;5;5
"055024";"Otricoli";92;1;0;0;1;;;;2;0;0;0;2;;;;2;4
"055024";"Otricoli";93;0;2;0;0;;;;2;0;0;0;3;;;;3;5
"055024";"Otricoli";94;0;0;0;0;;;;0;0;1;0;0;;;;1;1
"055024";"Otricoli";95;0;0;0;1;;;;1;0;0;0;0;;;;0;1
"055024";"Otricoli";96;0;0;0;0;;;;0;0;0;0;2;;;;2;2
"055024";"Otricoli";97;0;1;0;1;;;;2;0;0;0;2;;;;2;4
"055024";"Otricoli";98;0;0;0;0;;;;0;0;0;0;2;;;;2;2
"055024";"Otricoli";99;0;0;0;0;;;;0;0;0;0;0;;;;0;0
"055024";"Otricoli";100;0;0;0;0;;;;0;0;0;0;0;;;;0;0
"055024";"Otricoli";999;355;399;29;35;;;;818;312;399;15;132;;;;858;1676
"055025";"Parrano";0;0;0;0;0;;;;0;0;0;0;0;;;;0;0
"055025";"Parrano";1;0;0;0;0;;;;0;0;0;0;0;;;;0;0
"055025";"Parrano";2;1;0;0;0;;;;1;1;0;0;0;;;;1;2
"055025";"Parrano";3;0;0;0;0;;;;0;2;0;0;0;;;;2;2
"055025";"Parrano";4;1;0;0;0;;;;1;1;0;0;0;;;;1;2
"055025";"Parrano";5;1;0;0;0;;;;1;0;0;0;0;;;;0;1
"055025";"Parrano";6;1;0;0;0;;;;1;2;0;0;0;;;;2;3
"055025";"Parrano";7;3;0;0;0;;;;3;2;0;0;0;;;;2;5
"055025";"Parrano";8;0;0;0;0;;;;0;1;0;0;0;;;;1;1
"055025";"Parrano";9;1;0;0;0;;;;1;3;0;0;0;;;;3;4
"055025";"Parrano";10;1;0;0;0;;;;1;2;0;0;0;;;;2;3
"055025";"Parrano";11;2;0;0;0;;;;2;3;0;0;0;;;;3;5
"055025";"Parrano";12;1;0;0;0;;;;1;2;0;0;0;;;;2;3
"055025";"Parrano";13;3;0;0;0;;;;3;3;0;0;0;;;;3;6
"055025";"Parrano";14;2;0;0;0;;;;2;0;0;0;0;;;;0;2
"055025";"Parrano";15;1;0;0;0;;;;1;1;0;0;0;;;;1;2
"055025";"Parrano";16;1;0;0;0;;;;1;0;0;0;0;;;;0;1
"055025";"Parrano";17;1;0;0;0;;;;1;0;0;0;0;;;;0;1
"055025";"Parrano";18;4;0;0;0;;;;4;1;0;0;0;;;;1;5
"055025";"Parrano";19;0;0;0;0;;;;0;2;0;0;0;;;;2;2
"055025";"Parrano";20;0;0;0;0;;;;0;1;0;0;0;;;;1;1
"055025";"Parrano";21;5;0;0;0;;;;5;1;0;0;0;;;;1;6
"055025";"Parrano";22;3;0;0;0;;;;3;2;0;0;0;;;;2;5
"055025";"Parrano";23;1;0;0;0;;;;1;1;0;0;0;;;;1;2
"055025";"Parrano";24;1;0;0;0;;;;1;2;0;0;0;;;;2;3
"055025";"Parrano";25;0;0;0;0;;;;0;1;0;0;0;;;;1;1
"055025";"Parrano";26;0;0;0;0;;;;0;2;0;0;0;;;;2;2
"055025";"Parrano";27;2;0;0;0;;;;2;0;0;0;0;;;;0;2
"055025";"Parrano";28;2;0;0;0;;;;2;2;1;0;0;;;;3;5
"055025";"Parrano";29;2;0;0;0;;;;2;2;0;0;0;;;;2;4
"055025";"Parrano";30;2;0;0;0;;;;2;0;0;0;0;;;;0;2
"055025";"Parrano";31;0;0;0;0;;;;0;0;0;0;0;;;;0;0
"055025";"Parrano";32;2;0;0;0;;;;2;1;0;0;0;;;;1;3
"055025";"Parrano";33;0;0;0;0;;;;0;2;1;0;0;;;;3;3
"055025";"Parrano";34;4;0;0;0;;;;4;1;1;0;0;;;;2;6
"055025";"Parrano";35;2;1;0;0;;;;3;0;0;0;0;;;;0;3
"055025";"Parrano";36;3;0;0;0;;;;3;0;0;0;0;;;;0;3
"055025";"Parrano";37;2;2;0;0;;;;4;2;1;0;0;;;;3;7
"055025";"Parrano";38;1;0;0;0;;;;1;3;0;0;0;;;;3;4
"055025";"Parrano";39;0;0;0;0;;;;0;0;1;0;0;;;;1;1
"055025";"Parrano";40;2;0;0;0;;;;2;1;1;0;0;;;;2;4
"055025";"Parrano";41;0;0;0;0;;;;0;1;0;0;0;;;;1;1
"055025";"Parrano";42;1;3;0;0;;;;4;0;1;0;0;;;;1;5
"055025";"Parrano";43;0;1;0;0;;;;1;3;0;0;0;;;;3;4
"055025";"Parrano";44;1;0;0;0;;;;1;0;1;0;0;;;;1;2
"055025";"Parrano";45;1;1;0;0;;;;2;0;3;0;0;;;;3;5
"055025";"Parrano";46;1;3;0;0;;;;4;0;3;0;0;;;;3;7
"055025";"Parrano";47;0;1;0;0;;;;1;1;3;0;0;;;;4;5
"055025";"Parrano";48;0;3;0;0;;;;3;0;4;0;0;;;;4;7
"055025";"Parrano";49;0;3;0;0;;;;3;0;3;0;0;;;;3;6
"055025";"Parrano";50;5;0;0;0;;;;5;0;5;0;0;;;;5;10
"055025";"Parrano";51;1;0;1;0;;;;2;0;3;0;0;;;;3;5
"055025";"Parrano";52;2;2;0;0;;;;4;0;3;0;0;;;;3;7
"055025";"Parrano";53;3;3;0;0;;;;6;1;3;0;1;;;;5;11
"055025";"Parrano";54;0;3;1;0;;;;4;1;4;0;0;;;;5;9
"055025";"Parrano";55;0;7;0;0;;;;7;1;2;0;0;;;;3;10
"055025";"Parrano";56;0;1;0;1;;;;2;0;6;0;0;;;;6;8
"055025";"Parrano";57;1;6;0;0;;;;7;1;5;0;0;;;;6;13
"055025";"Parrano";58;0;1;0;0;;;;1;0;4;1;0;;;;5;6
"055025";"Parrano";59;1;6;0;0;;;;7;2;4;0;0;;;;6;13
"055025";"Parrano";60;0;7;0;0;;;;7;0;2;0;0;;;;2;9
"055025";"Parrano";61;0;5;0;0;;;;5;1;7;0;2;;;;10;15
"055025";"Parrano";62;0;3;0;0;;;;3;0;3;0;0;;;;3;6
"055025";"Parrano";63;0;1;0;0;;;;1;1;6;0;1;;;;8;9
"055025";"Parrano";64;0;1;0;0;;;;1;0;4;1;0;;;;5;6
"055025";"Parrano";65;2;4;0;0;;;;6;1;2;0;0;;;;3;9
"055025";"Parrano";66;2;4;0;0;;;;6;1;4;0;1;;;;6;12
"055025";"Parrano";67;1;6;0;1;;;;8;0;5;0;0;;;;5;13
"055025";"Parrano";68;0;2;0;0;;;;2;0;1;0;1;;;;2;4
"055025";"Parrano";69;2;3;0;0;;;;5;0;2;1;0;;;;3;8
"055025";"Parrano";70;0;2;1;0;;;;3;1;0;0;1;;;;2;5
"055025";"Parrano";71;0;1;0;0;;;;1;0;2;0;0;;;;2;3
"055025";"Parrano";72;1;2;0;0;;;;3;0;3;0;1;;;;4;7
"055025";"Parrano";73;1;6;0;0;;;;7;0;1;0;0;;;;1;8
"055025";"Parrano";74;1;5;0;0;;;;6;0;0;0;1;;;;1;7
"055025";"Parrano";75;0;6;0;0;;;;6;0;3;0;2;;;;5;11
"055025";"Parrano";76;0;1;0;0;;;;1;0;4;0;1;;;;5;6
"055025";"Parrano";77;0;2;0;0;;;;2;0;3;0;1;;;;4;6
"055025";"Parrano";78;0;1;0;1;;;;2;0;3;0;0;;;;3;5
"055025";"Parrano";79;0;2;0;1;;;;3;0;1;0;2;;;;3;6
"055025";"Parrano";80;0;2;0;0;;;;2;0;3;0;1;;;;4;6
"055025";"Parrano";81;0;3;0;0;;;;3;0;1;0;1;;;;2;5
"055025";"Parrano";82;0;0;0;1;;;;1;0;0;0;2;;;;2;3
"055025";"Parrano";83;0;2;0;1;;;;3;0;1;0;1;;;;2;5
"055025";"Parrano";84;0;3;0;2;;;;5;0;3;0;3;;;;6;11
"055025";"Parrano";85;0;2;0;0;;;;2;0;1;0;4;;;;5;7
"055025";"Parrano";86;0;2;0;0;;;;2;0;1;0;1;;;;2;4
"055025";"Parrano";87;0;2;0;1;;;;3;0;2;0;0;;;;2;5
"055025";"Parrano";88;1;4;0;1;;;;6;0;0;0;0;;;;0;6
"055025";"Parrano";89;0;0;0;0;;;;0;0;1;0;1;;;;2;2
"055025";"Parrano";90;0;0;0;1;;;;1;0;0;0;0;;;;0;1
"055025";"Parrano";91;0;1;0;1;;;;2;0;1;0;1;;;;2;4
"055025";"Parrano";92;0;2;0;1;;;;3;0;0;0;2;;;;2;5
"055025";"Parrano";93;0;0;0;0;;;;0;1;0;0;3;;;;4;4
"055025";"Parrano";94;0;0;0;0;;;;0;0;0;0;0;;;;0;0
"055025";"Parrano";95;0;0;0;1;;;;1;0;0;0;0;;;;0;1
"055025";"Parrano";96;0;0;0;0;;;;0;0;0;0;0;;;;0;0
"055025";"Parrano";97;0;0;0;0;;;;0;0;0;0;0;;;;0;0
"055025";"Parrano";98;0;1;0;0;;;;1;0;0;0;0;;;;0;1
"055025";"Parrano";99;0;1;0;0;;;;1;0;0;0;0;;;;0;1
"055025";"Parrano";100;0;0;0;0;;;;0;0;0;0;0;;;;0;0
"055025";"Parrano";999;86;136;3;14;;;;239;67;133;3;35;;;;238;477
"055026";"Penna in Teverina";0;2;0;0;0;;;;2;0;0;0;0;;;;0;2
"055026";"Penna in Teverina";1;1;0;0;0;;;;1;2;0;0;0;;;;2;3
"055026";"Penna in Teverina";2;2;0;0;0;;;;2;1;0;0;0;;;;1;3
"055026";"Penna in Teverina";3;3;0;0;0;;;;3;3;0;0;0;;;;3;6
"055026";"Penna in Teverina";4;3;0;0;0;;;;3;6;0;0;0;;;;6;9
"055026";"Penna in Teverina";5;4;0;0;0;;;;4;0;0;0;0;;;;0;4
"055026";"Penna in Teverina";6;2;0;0;0;;;;2;5;0;0;0;;;;5;7
"055026";"Penna in Teverina";7;2;0;0;0;;;;2;6;0;0;0;;;;6;8
"055026";"Penna in Teverina";8;3;0;0;0;;;;3;7;0;0;0;;;;7;10
"055026";"Penna in Teverina";9;2;0;0;0;;;;2;1;0;0;0;;;;1;3
"055026";"Penna in Teverina";10;7;0;0;0;;;;7;3;0;0;0;;;;3;10
"055026";"Penna in Teverina";11;3;0;0;0;;;;3;4;0;0;0;;;;4;7
"055026";"Penna in Teverina";12;3;0;0;0;;;;3;3;0;0;0;;;;3;6
"055026";"Penna in Teverina";13;0;0;0;0;;;;0;1;0;0;0;;;;1;1
"055026";"Penna in Teverina";14;4;0;0;0;;;;4;3;0;0;0;;;;3;7
"055026";"Penna in Teverina";15;4;0;0;0;;;;4;5;0;0;0;;;;5;9
"055026";"Penna in Teverina";16;4;0;0;0;;;;4;4;0;0;0;;;;4;8
"055026";"Penna in Teverina";17;1;0;0;0;;;;1;5;0;0;0;;;;5;6
"055026";"Penna in Teverina";18;5;0;0;0;;;;5;4;0;0;0;;;;4;9
"055026";"Penna in Teverina";19;7;0;0;0;;;;7;3;0;0;0;;;;3;10
"055026";"Penna in Teverina";20;3;0;0;0;;;;3;4;0;0;0;;;;4;7
"055026";"Penna in Teverina";21;2;0;0;0;;;;2;7;0;0;0;;;;7;9
"055026";"Penna in Teverina";22;6;0;0;0;;;;6;6;0;0;0;;;;6;12
"055026";"Penna in Teverina";23;4;0;0;0;;;;4;3;1;0;0;;;;4;8
"055026";"Penna in Teverina";24;5;0;0;0;;;;5;2;1;0;0;;;;3;8
"055026";"Penna in Teverina";25;4;0;0;0;;;;4;4;0;0;0;;;;4;8
"055026";"Penna in Teverina";26;5;0;0;0;;;;5;3;0;0;0;;;;3;8
"055026";"Penna in Teverina";27;6;0;0;0;;;;6;6;0;0;0;;;;6;12
"055026";"Penna in Teverina";28;2;1;0;0;;;;3;5;0;0;0;;;;5;8
"055026";"Penna in Teverina";29;4;0;0;0;;;;4;5;0;0;0;;;;5;9
"055026";"Penna in Teverina";30;2;0;0;0;;;;2;4;0;0;0;;;;4;6
"055026";"Penna in Teverina";31;6;0;0;0;;;;6;5;0;0;0;;;;5;11
"055026";"Penna in Teverina";32;4;1;0;0;;;;5;2;0;0;0;;;;2;7
"055026";"Penna in Teverina";33;3;0;0;0;;;;3;5;1;0;0;;;;6;9
"055026";"Penna in Teverina";34;3;1;0;0;;;;4;0;1;0;0;;;;1;5
"055026";"Penna in Teverina";35;6;0;0;0;;;;6;1;1;0;0;;;;2;8
"055026";"Penna in Teverina";36;1;1;0;0;;;;2;4;1;0;0;;;;5;7
"055026";"Penna in Teverina";37;2;1;0;0;;;;3;6;1;0;0;;;;7;10
"055026";"Penna in Teverina";38;2;2;0;0;;;;4;4;2;1;0;;;;7;11
"055026";"Penna in Teverina";39;2;0;0;0;;;;2;1;5;1;0;;;;7;9
"055026";"Penna in Teverina";40;6;1;0;0;;;;7;2;2;1;0;;;;5;12
"055026";"Penna in Teverina";41;4;4;0;0;;;;8;6;2;0;0;;;;8;16
"055026";"Penna in Teverina";42;7;3;0;0;;;;10;0;4;0;0;;;;4;14
"055026";"Penna in Teverina";43;4;3;0;0;;;;7;8;5;0;0;;;;13;20
"055026";"Penna in Teverina";44;1;0;2;0;;;;3;0;5;1;0;;;;6;9
"055026";"Penna in Teverina";45;5;4;0;0;;;;9;1;5;0;0;;;;6;15
"055026";"Penna in Teverina";46;1;8;0;0;;;;9;0;2;0;0;;;;2;11
"055026";"Penna in Teverina";47;4;6;0;0;;;;10;1;4;0;0;;;;5;15
"055026";"Penna in Teverina";48;6;1;1;0;;;;8;2;3;1;0;;;;6;14
"055026";"Penna in Teverina";49;6;3;1;0;;;;10;3;3;0;0;;;;6;16
"055026";"Penna in Teverina";50;4;3;0;0;;;;7;4;8;1;0;;;;13;20
"055026";"Penna in Teverina";51;3;3;0;0;;;;6;0;4;1;0;;;;5;11
"055026";"Penna in Teverina";52;5;2;0;0;;;;7;0;7;2;1;;;;10;17
"055026";"Penna in Teverina";53;2;5;0;0;;;;7;1;6;1;0;;;;8;15
"055026";"Penna in Teverina";54;5;4;1;0;;;;10;1;5;2;0;;;;8;18
"055026";"Penna in Teverina";55;2;6;0;0;;;;8;0;6;3;2;;;;11;19
"055026";"Penna in Teverina";56;0;8;0;0;;;;8;0;5;0;0;;;;5;13
"055026";"Penna in Teverina";57;1;11;0;0;;;;12;2;4;1;0;;;;7;19
"055026";"Penna in Teverina";58;1;8;2;0;;;;11;1;5;1;0;;;;7;18
"055026";"Penna in Teverina";59;2;8;0;0;;;;10;0;6;0;1;;;;7;17
"055026";"Penna in Teverina";60;3;7;0;1;;;;11;0;9;0;1;;;;10;21
"055026";"Penna in Teverina";61;3;8;0;0;;;;11;2;10;0;0;;;;12;23
"055026";"Penna in Teverina";62;2;6;0;0;;;;8;1;2;0;0;;;;3;11
"055026";"Penna in Teverina";63;0;3;0;0;;;;3;0;6;1;3;;;;10;13
"055026";"Penna in Teverina";64;1;5;1;0;;;;7;2;5;2;0;;;;9;16
"055026";"Penna in Teverina";65;1;6;1;0;;;;8;1;7;1;0;;;;9;17
"055026";"Penna in Teverina";66;1;8;3;1;;;;13;0;8;1;1;;;;10;23
"055026";"Penna in Teverina";67;1;6;0;0;;;;7;1;5;3;0;;;;9;16
"055026";"Penna in Teverina";68;1;6;2;1;;;;10;1;7;0;1;;;;9;19
"055026";"Penna in Teverina";69;0;7;0;0;;;;7;1;10;0;1;;;;12;19
"055026";"Penna in Teverina";70;1;5;0;0;;;;6;1;3;0;0;;;;4;10
"055026";"Penna in Teverina";71;2;9;0;0;;;;11;1;8;0;0;;;;9;20
"055026";"Penna in Teverina";72;0;7;1;1;;;;9;1;3;0;0;;;;4;13
"055026";"Penna in Teverina";73;0;8;1;0;;;;9;1;7;0;1;;;;9;18
"055026";"Penna in Teverina";74;1;4;1;1;;;;7;0;2;0;1;;;;3;10
"055026";"Penna in Teverina";75;0;7;0;0;;;;7;0;9;0;0;;;;9;16
"055026";"Penna in Teverina";76;1;6;0;0;;;;7;0;5;0;1;;;;6;13
"055026";"Penna in Teverina";77;1;4;0;1;;;;6;0;3;0;3;;;;6;12
"055026";"Penna in Teverina";78;0;3;0;0;;;;3;0;4;0;1;;;;5;8
"055026";"Penna in Teverina";79;0;2;0;0;;;;2;2;3;0;1;;;;6;8
"055026";"Penna in Teverina";80;0;4;0;0;;;;4;0;5;0;4;;;;9;13
"055026";"Penna in Teverina";81;0;4;1;1;;;;6;0;3;1;0;;;;4;10
"055026";"Penna in Teverina";82;0;5;0;0;;;;5;0;1;0;3;;;;4;9
"055026";"Penna in Teverina";83;0;1;0;0;;;;1;0;0;0;2;;;;2;3
"055026";"Penna in Teverina";84;1;3;0;2;;;;6;0;2;0;4;;;;6;12
"055026";"Penna in Teverina";85;0;6;0;0;;;;6;1;1;0;6;;;;8;14
"055026";"Penna in Teverina";86;0;1;1;1;;;;3;0;2;0;1;;;;3;6
"055026";"Penna in Teverina";87;0;0;0;0;;;;0;0;1;0;3;;;;4;4
"055026";"Penna in Teverina";88;0;2;0;1;;;;3;0;0;0;2;;;;2;5
"055026";"Penna in Teverina";89;0;0;0;1;;;;1;1;1;0;3;;;;5;6
"055026";"Penna in Teverina";90;0;1;0;0;;;;1;0;0;0;1;;;;1;2
"055026";"Penna in Teverina";91;0;1;0;0;;;;1;1;0;0;3;;;;4;5
"055026";"Penna in Teverina";92;0;0;0;0;;;;0;0;0;0;4;;;;4;4
"055026";"Penna in Teverina";93;0;0;0;0;;;;0;0;0;0;3;;;;3;3
"055026";"Penna in Teverina";94;0;0;0;0;;;;0;0;0;0;3;;;;3;3
"055026";"Penna in Teverina";95;0;0;0;0;;;;0;0;0;0;0;;;;0;0
"055026";"Penna in Teverina";96;0;0;0;0;;;;0;0;1;0;0;;;;1;1
"055026";"Penna in Teverina";97;0;0;0;1;;;;1;0;0;0;0;;;;0;1
"055026";"Penna in Teverina";98;0;0;0;0;;;;0;0;0;0;0;;;;0;0
"055026";"Penna in Teverina";99;0;0;0;0;;;;0;0;0;0;0;;;;0;0
"055026";"Penna in Teverina";100;0;0;0;0;;;;0;0;0;0;0;;;;0;0
"055026";"Penna in Teverina";999;223;243;19;13;;;;498;193;238;26;61;;;;518;1016
"055027";"Polino";0;0;0;0;0;;;;0;0;0;0;0;;;;0;0
"055027";"Polino";1;0;0;0;0;;;;0;0;0;0;0;;;;0;0
"055027";"Polino";2;2;0;0;0;;;;2;0;0;0;0;;;;0;2
"055027";"Polino";3;1;0;0;0;;;;1;0;0;0;0;;;;0;1
"055027";"Polino";4;1;0;0;0;;;;1;0;0;0;0;;;;0;1
"055027";"Polino";5;1;0;0;0;;;;1;0;0;0;0;;;;0;1
"055027";"Polino";6;0;0;0;0;;;;0;1;0;0;0;;;;1;1
"055027";"Polino";7;1;0;0;0;;;;1;1;0;0;0;;;;1;2
"055027";"Polino";8;3;0;0;0;;;;3;0;0;0;0;;;;0;3
"055027";"Polino";9;0;0;0;0;;;;0;0;0;0;0;;;;0;0
"055027";"Polino";10;0;0;0;0;;;;0;1;0;0;0;;;;1;1
"055027";"Polino";11;0;0;0;0;;;;0;0;0;0;0;;;;0;0
"055027";"Polino";12;2;0;0;0;;;;2;1;0;0;0;;;;1;3
"055027";"Polino";13;0;0;0;0;;;;0;1;0;0;0;;;;1;1
"055027";"Polino";14;0;0;0;0;;;;0;2;0;0;0;;;;2;2
"055027";"Polino";15;1;0;0;0;;;;1;0;0;0;0;;;;0;1
"055027";"Polino";16;1;0;0;0;;;;1;0;0;0;0;;;;0;1
"055027";"Polino";17;0;0;0;0;;;;0;1;0;0;0;;;;1;1
"055027";"Polino";18;0;0;0;0;;;;0;0;0;0;0;;;;0;0
"055027";"Polino";19;0;0;0;0;;;;0;0;0;0;0;;;;0;0
"055027";"Polino";20;0;0;0;0;;;;0;1;0;0;0;;;;1;1
"055027";"Polino";21;1;0;0;0;;;;1;2;0;0;0;;;;2;3
"055027";"Polino";22;2;0;0;0;;;;2;1;0;0;0;;;;1;3
"055027";"Polino";23;0;0;0;0;;;;0;1;0;0;0;;;;1;1
"055027";"Polino";24;0;0;0;0;;;;0;1;0;0;0;;;;1;1
"055027";"Polino";25;1;0;0;0;;;;1;0;0;0;0;;;;0;1
"055027";"Polino";26;1;0;0;0;;;;1;0;0;0;0;;;;0;1
"055027";"Polino";27;1;0;0;0;;;;1;2;0;0;0;;;;2;3
"055027";"Polino";28;0;0;0;0;;;;0;0;0;0;0;;;;0;0
"055027";"Polino";29;2;0;0;0;;;;2;1;0;0;0;;;;1;3
"055027";"Polino";30;0;0;0;0;;;;0;1;0;0;0;;;;1;1
"055027";"Polino";31;2;0;0;0;;;;2;2;0;0;0;;;;2;4
"055027";"Polino";32;3;0;0;0;;;;3;0;0;0;0;;;;0;3
"055027";"Polino";33;1;0;0;0;;;;1;0;0;0;0;;;;0;1
"055027";"Polino";34;0;0;0;0;;;;0;1;2;0;0;;;;3;3
"055027";"Polino";35;2;1;0;0;;;;3;0;0;0;0;;;;0;3
"055027";"Polino";36;0;0;0;0;;;;0;0;1;0;0;;;;1;1
"055027";"Polino";37;1;0;0;0;;;;1;0;0;0;0;;;;0;1
"055027";"Polino";38;0;0;0;0;;;;0;0;1;0;0;;;;1;1
"055027";"Polino";39;2;0;0;0;;;;2;0;0;0;0;;;;0;2
"055027";"Polino";40;1;1;0;0;;;;2;1;0;0;0;;;;1;3
"055027";"Polino";41;0;0;0;0;;;;0;1;0;0;0;;;;1;1
"055027";"Polino";42;0;0;0;0;;;;0;0;1;0;0;;;;1;1
"055027";"Polino";43;1;0;0;0;;;;1;0;0;0;0;;;;0;1
"055027";"Polino";44;0;0;0;0;;;;0;1;0;0;0;;;;1;1
"055027";"Polino";45;0;0;0;0;;;;0;0;0;0;0;;;;0;0
"055027";"Polino";46;1;0;1;0;;;;2;1;0;0;0;;;;1;3
"055027";"Polino";47;0;1;0;0;;;;1;0;2;0;0;;;;2;3
"055027";"Polino";48;0;2;0;0;;;;2;0;0;1;0;;;;1;3
"055027";"Polino";49;1;1;1;0;;;;3;3;0;0;0;;;;3;6
"055027";"Polino";50;0;0;0;0;;;;0;0;2;0;0;;;;2;2
"055027";"Polino";51;0;0;0;0;;;;0;1;3;0;0;;;;4;4
"055027";"Polino";52;1;1;0;0;;;;2;0;0;0;0;;;;0;2
"055027";"Polino";53;1;3;0;0;;;;4;3;0;0;0;;;;3;7
"055027";"Polino";54;1;1;1;0;;;;3;0;2;0;0;;;;2;5
"055027";"Polino";55;1;3;1;0;;;;5;2;0;0;0;;;;2;7
"055027";"Polino";56;1;2;0;1;;;;4;0;1;0;0;;;;1;5
"055027";"Polino";57;0;2;0;0;;;;2;0;0;0;0;;;;0;2
"055027";"Polino";58;0;0;0;0;;;;0;0;0;0;1;;;;1;1
"055027";"Polino";59;1;1;1;0;;;;3;0;0;0;1;;;;1;4
"055027";"Polino";60;0;3;0;0;;;;3;0;0;0;0;;;;0;3
"055027";"Polino";61;0;0;0;0;;;;0;0;0;0;0;;;;0;0
"055027";"Polino";62;0;1;0;0;;;;1;0;2;0;0;;;;2;3
"055027";"Polino";63;0;1;0;0;;;;1;0;1;0;0;;;;1;2
"055027";"Polino";64;0;0;1;0;;;;1;0;1;0;0;;;;1;2
"055027";"Polino";65;0;0;0;0;;;;0;0;2;0;0;;;;2;2
"055027";"Polino";66;0;3;1;0;;;;4;0;1;0;0;;;;1;5
"055027";"Polino";67;0;1;0;0;;;;1;0;0;0;0;;;;0;1
"055027";"Polino";68;0;1;0;0;;;;1;1;2;0;0;;;;3;4
"055027";"Polino";69;0;0;0;0;;;;0;0;0;0;0;;;;0;0
"055027";"Polino";70;0;1;0;0;;;;1;0;1;0;0;;;;1;2
"055027";"Polino";71;0;2;0;0;;;;2;0;0;0;0;;;;0;2
"055027";"Polino";72;0;1;1;0;;;;2;0;1;0;0;;;;1;3
"055027";"Polino";73;0;0;0;0;;;;0;0;0;0;2;;;;2;2
"055027";"Polino";74;1;1;0;0;;;;2;0;4;0;0;;;;4;6
"055027";"Polino";75;0;1;0;0;;;;1;0;0;0;1;;;;1;2
"055027";"Polino";76;0;2;0;0;;;;2;1;0;0;0;;;;1;3
"055027";"Polino";77;0;0;0;0;;;;0;1;2;0;1;;;;4;4
"055027";"Polino";78;0;0;0;0;;;;0;0;1;0;0;;;;1;1
"055027";"Polino";79;0;0;0;0;;;;0;0;0;0;0;;;;0;0
"055027";"Polino";80;0;0;0;0;;;;0;0;2;0;0;;;;2;2
"055027";"Polino";81;1;3;0;0;;;;4;0;0;0;0;;;;0;4
"055027";"Polino";82;0;1;0;0;;;;1;0;1;0;0;;;;1;2
"055027";"Polino";83;0;2;0;0;;;;2;0;1;0;1;;;;2;4
"055027";"Polino";84;0;2;0;0;;;;2;0;0;0;1;;;;1;3
"055027";"Polino";85;0;3;1;0;;;;4;0;0;0;1;;;;1;5
"055027";"Polino";86;0;0;0;1;;;;1;0;1;0;1;;;;2;3
"055027";"Polino";87;0;1;0;0;;;;1;0;0;0;0;;;;0;1
"055027";"Polino";88;0;0;0;1;;;;1;0;0;0;1;;;;1;2
"055027";"Polino";89;0;2;0;0;;;;2;0;0;0;0;;;;0;2
"055027";"Polino";90;0;1;0;1;;;;2;0;1;0;3;;;;4;6
"055027";"Polino";91;0;1;0;0;;;;1;0;0;0;0;;;;0;1
"055027";"Polino";92;0;0;0;0;;;;0;0;0;0;0;;;;0;0
"055027";"Polino";93;0;0;0;0;;;;0;0;0;0;0;;;;0;0
"055027";"Polino";94;0;0;0;0;;;;0;0;0;0;1;;;;1;1
"055027";"Polino";95;0;0;0;1;;;;1;0;0;0;1;;;;1;2
"055027";"Polino";96;0;0;0;0;;;;0;0;0;0;0;;;;0;0
"055027";"Polino";97;0;0;0;0;;;;0;0;0;0;0;;;;0;0
"055027";"Polino";98;0;0;0;0;;;;0;0;0;0;0;;;;0;0
"055027";"Polino";99;0;0;0;0;;;;0;0;0;0;0;;;;0;0
"055027";"Polino";100;0;0;0;0;;;;0;0;0;0;0;;;;0;0
"055027";"Polino";999;44;53;9;5;;;;111;37;39;1;16;;;;93;204
"055028";"Porano";0;5;0;0;0;;;;5;0;0;0;0;;;;0;5
"055028";"Porano";1;4;0;0;0;;;;4;3;0;0;0;;;;3;7
"055028";"Porano";2;3;0;0;0;;;;3;7;0;0;0;;;;7;10
"055028";"Porano";3;5;0;0;0;;;;5;6;0;0;0;;;;6;11
"055028";"Porano";4;5;0;0;0;;;;5;5;0;0;0;;;;5;10
"055028";"Porano";5;6;0;0;0;;;;6;5;0;0;0;;;;5;11
"055028";"Porano";6;6;0;0;0;;;;6;2;0;0;0;;;;2;8
"055028";"Porano";7;6;0;0;0;;;;6;5;0;0;0;;;;5;11
"055028";"Porano";8;11;0;0;0;;;;11;5;0;0;0;;;;5;16
"055028";"Porano";9;6;0;0;0;;;;6;6;0;0;0;;;;6;12
"055028";"Porano";10;8;0;0;0;;;;8;7;0;0;0;;;;7;15
"055028";"Porano";11;11;0;0;0;;;;11;7;0;0;0;;;;7;18
"055028";"Porano";12;10;0;0;0;;;;10;6;0;0;0;;;;6;16
"055028";"Porano";13;10;0;0;0;;;;10;11;0;0;0;;;;11;21
"055028";"Porano";14;10;0;0;0;;;;10;6;0;0;0;;;;6;16
"055028";"Porano";15;9;0;0;0;;;;9;7;0;0;0;;;;7;16
"055028";"Porano";16;13;0;0;0;;;;13;12;0;0;0;;;;12;25
"055028";"Porano";17;13;0;0;0;;;;13;9;0;0;0;;;;9;22
"055028";"Porano";18;5;0;0;0;;;;5;9;0;0;0;;;;9;14
"055028";"Porano";19;11;0;0;0;;;;11;13;0;0;0;;;;13;24
"055028";"Porano";20;8;0;0;0;;;;8;7;0;0;0;;;;7;15
"055028";"Porano";21;10;0;0;0;;;;10;13;0;0;0;;;;13;23
"055028";"Porano";22;11;0;0;0;;;;11;7;0;0;0;;;;7;18
"055028";"Porano";23;4;0;0;0;;;;4;11;0;0;0;;;;11;15
"055028";"Porano";24;4;0;0;0;;;;4;10;0;0;0;;;;10;14
"055028";"Porano";25;7;0;0;0;;;;7;12;0;0;0;;;;12;19
"055028";"Porano";26;7;0;0;0;;;;7;9;1;0;0;;;;10;17
"055028";"Porano";27;7;0;0;0;;;;7;5;0;0;0;;;;5;12
"055028";"Porano";28;7;0;0;0;;;;7;7;1;0;0;;;;8;15
"055028";"Porano";29;9;1;0;0;;;;10;4;1;0;0;;;;5;15
"055028";"Porano";30;10;3;0;0;;;;13;5;1;0;0;;;;6;19
"055028";"Porano";31;2;1;0;0;;;;3;8;5;0;0;;;;13;16
"055028";"Porano";32;5;0;0;0;;;;5;6;1;0;0;;;;7;12
"055028";"Porano";33;6;4;2;0;;;;12;1;1;0;0;;;;2;14
"055028";"Porano";34;7;1;0;0;;;;8;6;4;0;0;;;;10;18
"055028";"Porano";35;7;0;0;0;;;;7;2;5;1;0;;;;8;15
"055028";"Porano";36;6;1;0;0;;;;7;4;6;0;0;;;;10;17
"055028";"Porano";37;2;5;0;0;;;;7;7;4;0;0;;;;11;18
"055028";"Porano";38;8;3;0;0;;;;11;5;4;0;0;;;;9;20
"055028";"Porano";39;7;9;0;0;;;;16;4;7;0;0;;;;11;27
"055028";"Porano";40;6;2;1;0;;;;9;2;7;0;0;;;;9;18
"055028";"Porano";41;4;9;0;0;;;;13;9;7;1;0;;;;17;30
"055028";"Porano";42;3;7;2;0;;;;12;6;4;0;0;;;;10;22
"055028";"Porano";43;4;2;0;1;;;;7;8;7;0;0;;;;15;22
"055028";"Porano";44;4;6;0;0;;;;10;3;7;1;0;;;;11;21
"055028";"Porano";45;6;5;0;0;;;;11;8;15;0;0;;;;23;34
"055028";"Porano";46;2;4;1;0;;;;7;12;9;0;0;;;;21;28
"055028";"Porano";47;8;17;0;0;;;;25;2;3;1;0;;;;6;31
"055028";"Porano";48;5;10;1;0;;;;16;4;10;0;1;;;;15;31
"055028";"Porano";49;4;6;0;0;;;;10;3;9;1;0;;;;13;23
"055028";"Porano";50;5;11;1;0;;;;17;6;14;0;0;;;;20;37
"055028";"Porano";51;7;13;0;0;;;;20;4;4;0;0;;;;8;28
"055028";"Porano";52;6;4;2;0;;;;12;4;13;0;0;;;;17;29
"055028";"Porano";53;3;12;1;1;;;;17;2;11;1;0;;;;14;31
"055028";"Porano";54;2;12;0;0;;;;14;2;8;1;2;;;;13;27
"055028";"Porano";55;2;11;0;0;;;;13;2;7;0;1;;;;10;23
"055028";"Porano";56;3;11;2;0;;;;16;2;12;0;0;;;;14;30
"055028";"Porano";57;4;9;1;0;;;;14;1;12;1;0;;;;14;28
"055028";"Porano";58;3;9;1;0;;;;13;5;10;3;1;;;;19;32
"055028";"Porano";59;3;7;0;0;;;;10;2;13;1;0;;;;16;26
"055028";"Porano";60;6;18;1;0;;;;25;3;11;1;2;;;;17;42
"055028";"Porano";61;2;6;0;0;;;;8;2;15;2;0;;;;19;27
"055028";"Porano";62;1;7;1;0;;;;9;2;16;2;1;;;;21;30
"055028";"Porano";63;1;12;0;0;;;;13;1;12;0;0;;;;13;26
"055028";"Porano";64;0;10;2;2;;;;14;2;18;1;3;;;;24;38
"055028";"Porano";65;3;9;1;1;;;;14;2;5;2;3;;;;12;26
"055028";"Porano";66;0;13;2;0;;;;15;1;10;2;1;;;;14;29
"055028";"Porano";67;1;8;0;1;;;;10;1;12;0;1;;;;14;24
"055028";"Porano";68;3;9;2;0;;;;14;1;5;0;3;;;;9;23
"055028";"Porano";69;1;12;1;0;;;;14;1;14;0;4;;;;19;33
"055028";"Porano";70;0;6;0;0;;;;6;0;5;2;1;;;;8;14
"055028";"Porano";71;0;9;0;1;;;;10;0;15;0;2;;;;17;27
"055028";"Porano";72;1;16;0;0;;;;17;1;6;0;4;;;;11;28
"055028";"Porano";73;3;12;0;0;;;;15;0;5;0;6;;;;11;26
"055028";"Porano";74;3;12;0;0;;;;15;1;7;0;4;;;;12;27
"055028";"Porano";75;3;16;0;1;;;;20;0;4;1;7;;;;12;32
"055028";"Porano";76;0;10;0;0;;;;10;0;6;0;7;;;;13;23
"055028";"Porano";77;0;8;0;2;;;;10;1;4;0;5;;;;10;20
"055028";"Porano";78;1;4;0;0;;;;5;2;3;3;3;;;;11;16
"055028";"Porano";79;0;2;0;0;;;;2;3;2;0;3;;;;8;10
"055028";"Porano";80;0;4;1;1;;;;6;1;2;0;6;;;;9;15
"055028";"Porano";81;2;4;0;2;;;;8;0;3;0;2;;;;5;13
"055028";"Porano";82;0;2;0;0;;;;2;1;2;0;3;;;;6;8
"055028";"Porano";83;0;3;0;0;;;;3;0;0;2;3;;;;5;8
"055028";"Porano";84;0;4;0;1;;;;5;5;3;0;4;;;;12;17
"055028";"Porano";85;0;1;0;2;;;;3;1;2;0;3;;;;6;9
"055028";"Porano";86;1;0;1;2;;;;4;4;2;0;5;;;;11;15
"055028";"Porano";87;0;3;0;1;;;;4;1;1;0;0;;;;2;6
"055028";"Porano";88;0;1;0;1;;;;2;2;2;0;4;;;;8;10
"055028";"Porano";89;0;4;0;0;;;;4;2;2;0;2;;;;6;10
"055028";"Porano";90;0;2;0;1;;;;3;3;0;0;5;;;;8;11
"055028";"Porano";91;0;0;0;0;;;;0;3;1;0;1;;;;5;5
"055028";"Porano";92;0;1;0;0;;;;1;5;0;0;2;;;;7;8
"055028";"Porano";93;0;0;0;0;;;;0;0;0;0;2;;;;2;2
"055028";"Porano";94;0;0;0;0;;;;0;4;0;0;0;;;;4;4
"055028";"Porano";95;0;0;0;0;;;;0;0;0;0;0;;;;0;0
"055028";"Porano";96;0;0;0;0;;;;0;1;0;0;2;;;;3;3
"055028";"Porano";97;0;0;0;0;;;;0;0;0;0;0;;;;0;0
"055028";"Porano";98;0;0;0;0;;;;0;0;0;0;1;;;;1;1
"055028";"Porano";99;0;0;0;1;;;;1;0;0;0;1;;;;1;2
"055028";"Porano";100;0;0;0;0;;;;0;2;0;0;0;;;;2;2
"055028";"Porano";999;407;423;27;22;;;;879;410;418;30;111;;;;969;1848
"055029";"San Gemini";0;8;0;0;0;;;;8;12;0;0;0;;;;12;20
"055029";"San Gemini";1;9;0;0;0;;;;9;15;0;0;0;;;;15;24
"055029";"San Gemini";2;9;0;0;0;;;;9;14;0;0;0;;;;14;23
"055029";"San Gemini";3;16;0;0;0;;;;16;15;0;0;0;;;;15;31
"055029";"San Gemini";4;10;0;0;0;;;;10;11;0;0;0;;;;11;21
"055029";"San Gemini";5;12;0;0;0;;;;12;16;0;0;0;;;;16;28
"055029";"San Gemini";6;15;0;0;0;;;;15;18;0;0;0;;;;18;33
"055029";"San Gemini";7;15;0;0;0;;;;15;12;0;0;0;;;;12;27
"055029";"San Gemini";8;19;0;0;0;;;;19;17;0;0;0;;;;17;36
"055029";"San Gemini";9;25;0;0;0;;;;25;14;0;0;0;;;;14;39
"055029";"San Gemini";10;17;0;0;0;;;;17;14;0;0;0;;;;14;31
"055029";"San Gemini";11;26;0;0;0;;;;26;21;0;0;0;;;;21;47
"055029";"San Gemini";12;19;0;0;0;;;;19;22;0;0;0;;;;22;41
"055029";"San Gemini";13;35;0;0;0;;;;35;21;0;0;0;;;;21;56
"055029";"San Gemini";14;23;0;0;0;;;;23;26;0;0;0;;;;26;49
"055029";"San Gemini";15;27;0;0;0;;;;27;31;0;0;0;;;;31;58
"055029";"San Gemini";16;17;0;0;0;;;;17;24;0;0;0;;;;24;41
"055029";"San Gemini";17;18;0;0;0;;;;18;26;0;0;0;;;;26;44
"055029";"San Gemini";18;21;0;0;0;;;;21;20;0;0;0;;;;20;41
"055029";"San Gemini";19;23;0;0;0;;;;23;18;0;0;0;;;;18;41
"055029";"San Gemini";20;24;0;0;0;;;;24;22;0;0;0;;;;22;46
"055029";"San Gemini";21;22;0;0;0;;;;22;20;0;0;0;;;;20;42
"055029";"San Gemini";22;23;0;0;0;;;;23;13;0;0;0;;;;13;36
"055029";"San Gemini";23;20;0;0;0;;;;20;23;0;0;0;;;;23;43
"055029";"San Gemini";24;17;0;0;0;;;;17;22;1;0;0;;;;23;40
"055029";"San Gemini";25;26;1;0;0;;;;27;20;0;0;0;;;;20;47
"055029";"San Gemini";26;18;1;0;0;;;;19;19;1;0;0;;;;20;39
"055029";"San Gemini";27;18;0;0;0;;;;18;14;2;0;0;;;;16;34
"055029";"San Gemini";28;31;2;0;0;;;;33;9;4;0;0;;;;13;46
"055029";"San Gemini";29;20;2;0;0;;;;22;17;5;0;0;;;;22;44
"055029";"San Gemini";30;14;0;0;0;;;;14;18;1;0;0;;;;19;33
"055029";"San Gemini";31;21;2;0;0;;;;23;24;6;0;0;;;;30;53
"055029";"San Gemini";32;21;3;0;0;;;;24;14;5;0;0;;;;19;43
"055029";"San Gemini";33;18;4;0;0;;;;22;17;9;1;0;;;;27;49
"055029";"San Gemini";34;18;2;0;0;;;;20;16;4;0;0;;;;20;40
"055029";"San Gemini";35;16;9;0;0;;;;25;7;4;0;0;;;;11;36
"055029";"San Gemini";36;21;4;0;0;;;;25;15;8;0;0;;;;23;48
"055029";"San Gemini";37;17;9;0;0;;;;26;8;11;0;0;;;;19;45
"055029";"San Gemini";38;14;5;0;0;;;;19;5;13;0;0;;;;18;37
"055029";"San Gemini";39;10;9;0;0;;;;19;10;10;0;0;;;;20;39
"055029";"San Gemini";40;7;4;0;0;;;;11;19;12;1;0;;;;32;43
"055029";"San Gemini";41;12;12;1;0;;;;25;10;17;1;0;;;;28;53
"055029";"San Gemini";42;15;9;0;0;;;;24;14;20;1;1;;;;36;60
"055029";"San Gemini";43;16;15;2;1;;;;34;10;22;1;0;;;;33;67
"055029";"San Gemini";44;6;24;1;0;;;;31;10;15;2;0;;;;27;58
"055029";"San Gemini";45;10;17;2;0;;;;29;14;29;6;1;;;;50;79
"055029";"San Gemini";46;13;19;0;0;;;;32;7;37;1;0;;;;45;77
"055029";"San Gemini";47;15;15;4;0;;;;34;14;18;0;1;;;;33;67
"055029";"San Gemini";48;14;27;2;0;;;;43;13;21;4;1;;;;39;82
"055029";"San Gemini";49;9;19;0;0;;;;28;10;35;0;1;;;;46;74
"055029";"San Gemini";50;19;17;2;0;;;;38;10;22;3;1;;;;36;74
"055029";"San Gemini";51;9;24;1;1;;;;35;9;34;3;0;;;;46;81
"055029";"San Gemini";52;12;28;3;0;;;;43;6;47;4;3;;;;60;103
"055029";"San Gemini";53;6;28;7;0;;;;41;3;27;1;1;;;;32;73
"055029";"San Gemini";54;7;44;2;0;;;;53;3;32;1;1;;;;37;90
"055029";"San Gemini";55;6;29;2;1;;;;38;1;31;5;1;;;;38;76
"055029";"San Gemini";56;4;32;1;0;;;;37;4;34;2;0;;;;40;77
"055029";"San Gemini";57;5;31;5;0;;;;41;5;36;5;2;;;;48;89
"055029";"San Gemini";58;2;32;4;0;;;;38;2;27;2;2;;;;33;71
"055029";"San Gemini";59;4;32;5;0;;;;41;2;38;2;3;;;;45;86
"055029";"San Gemini";60;3;28;4;1;;;;36;3;34;3;1;;;;41;77
"055029";"San Gemini";61;4;29;4;2;;;;39;2;26;1;0;;;;29;68
"055029";"San Gemini";62;4;27;3;0;;;;34;3;27;1;1;;;;32;66
"055029";"San Gemini";63;3;29;1;2;;;;35;1;22;2;0;;;;25;60
"055029";"San Gemini";64;2;24;2;0;;;;28;0;24;3;3;;;;30;58
"055029";"San Gemini";65;3;15;1;2;;;;21;3;28;2;5;;;;38;59
"055029";"San Gemini";66;3;30;2;0;;;;35;1;24;0;5;;;;30;65
"055029";"San Gemini";67;3;24;4;1;;;;32;2;28;3;10;;;;43;75
"055029";"San Gemini";68;3;26;0;0;;;;29;1;13;0;2;;;;16;45
"055029";"San Gemini";69;2;20;1;1;;;;24;0;25;1;6;;;;32;56
"055029";"San Gemini";70;2;23;2;1;;;;28;2;25;1;5;;;;33;61
"055029";"San Gemini";71;0;24;1;1;;;;26;1;25;0;9;;;;35;61
"055029";"San Gemini";72;0;18;0;1;;;;19;0;26;1;4;;;;31;50
"055029";"San Gemini";73;3;20;0;2;;;;25;1;26;1;9;;;;37;62
"055029";"San Gemini";74;3;30;1;1;;;;35;0;25;2;5;;;;32;67
"055029";"San Gemini";75;0;25;1;5;;;;31;2;23;3;7;;;;35;66
"055029";"San Gemini";76;0;30;3;2;;;;35;2;27;2;10;;;;41;76
"055029";"San Gemini";77;1;21;0;3;;;;25;0;12;0;8;;;;20;45
"055029";"San Gemini";78;3;17;0;2;;;;22;1;17;0;12;;;;30;52
"055029";"San Gemini";79;0;18;0;0;;;;18;2;15;2;10;;;;29;47
"055029";"San Gemini";80;0;16;0;2;;;;18;1;6;0;10;;;;17;35
"055029";"San Gemini";81;0;16;0;1;;;;17;0;15;0;9;;;;24;41
"055029";"San Gemini";82;1;20;1;2;;;;24;1;7;0;9;;;;17;41
"055029";"San Gemini";83;2;12;0;0;;;;14;0;5;0;13;;;;18;32
"055029";"San Gemini";84;0;14;0;6;;;;20;0;5;0;9;;;;14;34
"055029";"San Gemini";85;0;11;0;4;;;;15;0;5;1;20;;;;26;41
"055029";"San Gemini";86;0;9;0;4;;;;13;1;8;0;13;;;;22;35
"055029";"San Gemini";87;0;8;0;1;;;;9;1;4;0;10;;;;15;24
"055029";"San Gemini";88;0;10;0;2;;;;12;0;3;0;20;;;;23;35
"055029";"San Gemini";89;2;3;0;3;;;;8;1;1;0;10;;;;12;20
"055029";"San Gemini";90;0;5;0;3;;;;8;0;5;0;10;;;;15;23
"055029";"San Gemini";91;0;3;0;1;;;;4;0;0;0;8;;;;8;12
"055029";"San Gemini";92;0;1;0;3;;;;4;0;1;0;9;;;;10;14
"055029";"San Gemini";93;0;0;0;1;;;;1;0;1;0;8;;;;9;10
"055029";"San Gemini";94;0;2;0;1;;;;3;0;0;0;2;;;;2;5
"055029";"San Gemini";95;1;0;0;2;;;;3;0;0;0;5;;;;5;8
"055029";"San Gemini";96;1;0;0;1;;;;2;0;0;0;2;;;;2;4
"055029";"San Gemini";97;0;0;0;0;;;;0;0;0;0;1;;;;1;1
"055029";"San Gemini";98;0;0;0;0;;;;0;0;0;0;4;;;;4;4
"055029";"San Gemini";99;0;0;0;0;;;;0;0;0;0;2;;;;2;2
"055029";"San Gemini";100;0;0;0;0;;;;0;0;0;0;2;;;;2;2
"055029";"San Gemini";999;993;1119;75;67;;;;2254;878;1176;75;307;;;;2436;4690
"055030";"San Venanzo";0;4;0;0;0;;;;4;4;0;0;0;;;;4;8
"055030";"San Venanzo";1;9;0;0;0;;;;9;9;0;0;0;;;;9;18
"055030";"San Venanzo";2;3;0;0;0;;;;3;2;0;0;0;;;;2;5
"055030";"San Venanzo";3;5;0;0;0;;;;5;7;0;0;0;;;;7;12
"055030";"San Venanzo";4;8;0;0;0;;;;8;4;0;0;0;;;;4;12
"055030";"San Venanzo";5;3;0;0;0;;;;3;3;0;0;0;;;;3;6
"055030";"San Venanzo";6;6;0;0;0;;;;6;5;0;0;0;;;;5;11
"055030";"San Venanzo";7;8;0;0;0;;;;8;3;0;0;0;;;;3;11
"055030";"San Venanzo";8;7;0;0;0;;;;7;9;0;0;0;;;;9;16
"055030";"San Venanzo";9;10;0;0;0;;;;10;5;0;0;0;;;;5;15
"055030";"San Venanzo";10;2;0;0;0;;;;2;2;0;0;0;;;;2;4
"055030";"San Venanzo";11;5;0;0;0;;;;5;6;0;0;0;;;;6;11
"055030";"San Venanzo";12;7;0;0;0;;;;7;7;0;0;0;;;;7;14
"055030";"San Venanzo";13;5;0;0;0;;;;5;7;0;0;0;;;;7;12
"055030";"San Venanzo";14;10;0;0;0;;;;10;6;0;0;0;;;;6;16
"055030";"San Venanzo";15;6;0;0;0;;;;6;5;0;0;0;;;;5;11
"055030";"San Venanzo";16;5;0;0;0;;;;5;3;0;0;0;;;;3;8
"055030";"San Venanzo";17;8;0;0;0;;;;8;3;0;0;0;;;;3;11
"055030";"San Venanzo";18;12;0;0;0;;;;12;9;1;0;0;;;;10;22
"055030";"San Venanzo";19;7;0;0;0;;;;7;9;0;0;0;;;;9;16
"055030";"San Venanzo";20;8;0;0;0;;;;8;7;0;0;0;;;;7;15
"055030";"San Venanzo";21;9;0;0;0;;;;9;3;0;0;0;;;;3;12
"055030";"San Venanzo";22;19;0;0;0;;;;19;7;0;0;0;;;;7;26
"055030";"San Venanzo";23;14;1;0;0;;;;15;9;0;0;0;;;;9;24
"055030";"San Venanzo";24;8;0;0;0;;;;8;9;0;0;0;;;;9;17
"055030";"San Venanzo";25;10;0;0;0;;;;10;8;2;0;0;;;;10;20
"055030";"San Venanzo";26;11;0;0;0;;;;11;7;0;0;0;;;;7;18
"055030";"San Venanzo";27;18;2;0;0;;;;20;5;0;0;0;;;;5;25
"055030";"San Venanzo";28;13;0;0;0;;;;13;5;3;0;0;;;;8;21
"055030";"San Venanzo";29;17;1;0;0;;;;18;12;2;0;0;;;;14;32
"055030";"San Venanzo";30;10;2;0;0;;;;12;5;3;0;0;;;;8;20
"055030";"San Venanzo";31;14;4;0;0;;;;18;7;6;0;0;;;;13;31
"055030";"San Venanzo";32;17;5;0;0;;;;22;8;0;0;0;;;;8;30
"055030";"San Venanzo";33;11;3;0;0;;;;14;11;2;0;0;;;;13;27
"055030";"San Venanzo";34;12;2;0;0;;;;14;10;3;0;0;;;;13;27
"055030";"San Venanzo";35;8;6;0;0;;;;14;4;3;0;0;;;;7;21
"055030";"San Venanzo";36;13;5;0;0;;;;18;4;5;0;0;;;;9;27
"055030";"San Venanzo";37;6;6;0;0;;;;12;6;9;0;0;;;;15;27
"055030";"San Venanzo";38;9;5;0;0;;;;14;3;3;0;0;;;;6;20
"055030";"San Venanzo";39;8;4;0;0;;;;12;7;3;0;0;;;;10;22
"055030";"San Venanzo";40;13;5;0;0;;;;18;3;6;1;0;;;;10;28
"055030";"San Venanzo";41;6;2;0;0;;;;8;3;8;0;0;;;;11;19
"055030";"San Venanzo";42;8;3;0;0;;;;11;7;2;0;0;;;;9;20
"055030";"San Venanzo";43;3;8;0;0;;;;11;3;6;0;1;;;;10;21
"055030";"San Venanzo";44;5;3;0;0;;;;8;1;7;0;0;;;;8;16
"055030";"San Venanzo";45;4;7;0;0;;;;11;4;6;1;0;;;;11;22
"055030";"San Venanzo";46;5;2;0;0;;;;7;2;10;1;0;;;;13;20
"055030";"San Venanzo";47;9;9;0;0;;;;18;5;12;1;2;;;;20;38
"055030";"San Venanzo";48;6;10;0;0;;;;16;4;10;2;0;;;;16;32
"055030";"San Venanzo";49;2;8;1;0;;;;11;4;15;2;0;;;;21;32
"055030";"San Venanzo";50;4;6;2;0;;;;12;0;19;0;0;;;;19;31
"055030";"San Venanzo";51;1;11;0;0;;;;12;1;7;1;0;;;;9;21
"055030";"San Venanzo";52;5;13;0;0;;;;18;5;12;0;0;;;;17;35
"055030";"San Venanzo";53;4;13;0;0;;;;17;4;12;1;0;;;;17;34
"055030";"San Venanzo";54;2;19;0;2;;;;23;6;8;0;0;;;;14;37
"055030";"San Venanzo";55;2;12;1;0;;;;15;3;8;1;1;;;;13;28
"055030";"San Venanzo";56;3;15;1;0;;;;19;4;9;0;2;;;;15;34
"055030";"San Venanzo";57;6;11;1;0;;;;18;8;13;2;0;;;;23;41
"055030";"San Venanzo";58;3;9;0;1;;;;13;1;18;2;2;;;;23;36
"055030";"San Venanzo";59;11;15;1;1;;;;28;2;25;2;0;;;;29;57
"055030";"San Venanzo";60;2;11;0;0;;;;13;2;15;2;0;;;;19;32
"055030";"San Venanzo";61;6;14;0;0;;;;20;7;15;2;0;;;;24;44
"055030";"San Venanzo";62;6;16;0;0;;;;22;5;19;1;0;;;;25;47
"055030";"San Venanzo";63;4;24;0;0;;;;28;3;14;1;3;;;;21;49
"055030";"San Venanzo";64;3;9;0;0;;;;12;2;15;0;2;;;;19;31
"055030";"San Venanzo";65;1;15;3;0;;;;19;2;12;1;3;;;;18;37
"055030";"San Venanzo";66;5;16;1;0;;;;22;1;10;0;1;;;;12;34
"055030";"San Venanzo";67;3;13;3;1;;;;20;0;14;0;2;;;;16;36
"055030";"San Venanzo";68;6;13;4;0;;;;23;0;10;1;4;;;;15;38
"055030";"San Venanzo";69;2;12;1;1;;;;16;2;10;1;3;;;;16;32
"055030";"San Venanzo";70;1;11;0;1;;;;13;3;4;0;3;;;;10;23
"055030";"San Venanzo";71;2;17;0;2;;;;21;2;8;1;1;;;;12;33
"055030";"San Venanzo";72;2;13;0;2;;;;17;4;5;2;3;;;;14;31
"055030";"San Venanzo";73;2;10;0;0;;;;12;4;9;0;2;;;;15;27
"055030";"San Venanzo";74;4;7;0;0;;;;11;1;7;1;4;;;;13;24
"055030";"San Venanzo";75;1;4;3;0;;;;8;2;11;0;3;;;;16;24
"055030";"San Venanzo";76;1;13;0;3;;;;17;0;10;0;3;;;;13;30
"055030";"San Venanzo";77;0;8;2;1;;;;11;1;7;0;8;;;;16;27
"055030";"San Venanzo";78;3;7;1;1;;;;12;0;5;0;8;;;;13;25
"055030";"San Venanzo";79;3;6;0;0;;;;9;0;3;0;3;;;;6;15
"055030";"San Venanzo";80;1;9;0;0;;;;10;0;6;0;8;;;;14;24
"055030";"San Venanzo";81;1;10;0;1;;;;12;0;0;0;6;;;;6;18
"055030";"San Venanzo";82;1;9;1;0;;;;11;0;2;0;4;;;;6;17
"055030";"San Venanzo";83;1;9;0;1;;;;11;0;9;1;7;;;;17;28
"055030";"San Venanzo";84;1;5;0;1;;;;7;2;7;0;5;;;;14;21
"055030";"San Venanzo";85;1;6;0;2;;;;9;2;5;0;7;;;;14;23
"055030";"San Venanzo";86;0;5;0;3;;;;8;0;3;0;4;;;;7;15
"055030";"San Venanzo";87;0;3;0;1;;;;4;0;3;0;4;;;;7;11
"055030";"San Venanzo";88;0;2;0;2;;;;4;0;2;0;6;;;;8;12
"055030";"San Venanzo";89;1;3;0;0;;;;4;0;1;0;6;;;;7;11
"055030";"San Venanzo";90;0;2;0;0;;;;2;1;2;0;4;;;;7;9
"055030";"San Venanzo";91;1;3;0;0;;;;4;0;0;0;3;;;;3;7
"055030";"San Venanzo";92;1;1;0;0;;;;2;0;2;0;4;;;;6;8
"055030";"San Venanzo";93;0;1;0;0;;;;1;0;0;0;1;;;;1;2
"055030";"San Venanzo";94;0;1;0;0;;;;1;1;1;0;1;;;;3;4
"055030";"San Venanzo";95;0;0;0;1;;;;1;0;0;0;2;;;;2;3
"055030";"San Venanzo";96;0;0;0;1;;;;1;0;0;0;1;;;;1;2
"055030";"San Venanzo";97;0;0;0;0;;;;0;0;0;0;0;;;;0;0
"055030";"San Venanzo";98;0;0;0;0;;;;0;0;0;0;0;;;;0;0
"055030";"San Venanzo";99;0;0;0;0;;;;0;0;0;0;2;;;;2;2
"055030";"San Venanzo";100;0;0;0;0;;;;0;0;0;0;2;;;;2;2
"055030";"San Venanzo";999;533;535;26;29;;;;1123;362;504;31;141;;;;1038;2161
"055031";"Stroncone";0;11;0;0;0;;;;11;6;0;0;0;;;;6;17
"055031";"Stroncone";1;18;0;0;0;;;;18;9;0;0;0;;;;9;27
"055031";"Stroncone";2;11;0;0;0;;;;11;14;0;0;0;;;;14;25
"055031";"Stroncone";3;16;0;0;0;;;;16;9;0;0;0;;;;9;25
"055031";"Stroncone";4;14;0;0;0;;;;14;13;0;0;0;;;;13;27
"055031";"Stroncone";5;12;0;0;0;;;;12;13;0;0;0;;;;13;25
"055031";"Stroncone";6;20;0;0;0;;;;20;11;0;0;0;;;;11;31
"055031";"Stroncone";7;20;0;0;0;;;;20;10;0;0;0;;;;10;30
"055031";"Stroncone";8;20;0;0;0;;;;20;26;0;0;0;;;;26;46
"055031";"Stroncone";9;21;0;0;0;;;;21;15;0;0;0;;;;15;36
"055031";"Stroncone";10;16;0;0;0;;;;16;23;0;0;0;;;;23;39
"055031";"Stroncone";11;31;0;0;0;;;;31;27;0;0;0;;;;27;58
"055031";"Stroncone";12;25;0;0;0;;;;25;19;0;0;0;;;;19;44
"055031";"Stroncone";13;26;0;0;0;;;;26;25;0;0;0;;;;25;51
"055031";"Stroncone";14;16;0;0;0;;;;16;22;0;0;0;;;;22;38
"055031";"Stroncone";15;24;0;0;0;;;;24;20;0;0;0;;;;20;44
"055031";"Stroncone";16;19;0;0;0;;;;19;30;0;0;0;;;;30;49
"055031";"Stroncone";17;22;0;0;0;;;;22;14;0;0;0;;;;14;36
"055031";"Stroncone";18;21;0;0;0;;;;21;21;0;0;0;;;;21;42
"055031";"Stroncone";19;22;0;0;0;;;;22;24;0;0;0;;;;24;46
"055031";"Stroncone";20;17;0;0;0;;;;17;24;0;0;0;;;;24;41
"055031";"Stroncone";21;21;0;0;0;;;;21;17;0;0;0;;;;17;38
"055031";"Stroncone";22;25;0;0;0;;;;25;16;0;0;0;;;;16;41
"055031";"Stroncone";23;26;0;0;0;;;;26;22;0;0;0;;;;22;48
"055031";"Stroncone";24;29;0;0;0;;;;29;19;0;0;0;;;;19;48
"055031";"Stroncone";25;21;0;0;0;;;;21;17;1;0;0;;;;18;39
"055031";"Stroncone";26;20;0;0;0;;;;20;18;2;0;0;;;;20;40
"055031";"Stroncone";27;20;0;0;0;;;;20;20;0;0;0;;;;20;40
"055031";"Stroncone";28;18;0;0;0;;;;18;15;2;0;0;;;;17;35
"055031";"Stroncone";29;21;1;0;0;;;;22;20;6;0;0;;;;26;48
"055031";"Stroncone";30;15;1;0;0;;;;16;13;5;0;0;;;;18;34
"055031";"Stroncone";31;20;3;0;0;;;;23;15;2;0;0;;;;17;40
"055031";"Stroncone";32;16;2;0;0;;;;18;12;4;0;0;;;;16;34
"055031";"Stroncone";33;18;1;0;0;;;;19;11;8;1;0;;;;20;39
"055031";"Stroncone";34;20;2;0;0;;;;22;15;5;0;0;;;;20;42
"055031";"Stroncone";35;15;8;0;0;;;;23;11;10;2;0;;;;23;46
"055031";"Stroncone";36;17;10;0;0;;;;27;8;6;0;0;;;;14;41
"055031";"Stroncone";37;18;6;1;0;;;;25;10;12;1;0;;;;23;48
"055031";"Stroncone";38;17;9;0;0;;;;26;13;12;0;1;;;;26;52
"055031";"Stroncone";39;14;13;1;0;;;;28;12;18;0;0;;;;30;58
"055031";"Stroncone";40;14;14;0;0;;;;28;12;21;1;0;;;;34;62
"055031";"Stroncone";41;8;16;0;0;;;;24;7;18;0;0;;;;25;49
"055031";"Stroncone";42;6;23;0;0;;;;29;9;23;1;0;;;;33;62
"055031";"Stroncone";43;13;23;1;0;;;;37;7;23;4;2;;;;36;73
"055031";"Stroncone";44;14;13;2;0;;;;29;6;31;3;0;;;;40;69
"055031";"Stroncone";45;7;26;2;1;;;;36;9;21;0;0;;;;30;66
"055031";"Stroncone";46;14;27;2;0;;;;43;5;14;5;0;;;;24;67
"055031";"Stroncone";47;11;25;1;0;;;;37;9;26;2;0;;;;37;74
"055031";"Stroncone";48;13;24;0;0;;;;37;1;25;1;0;;;;27;64
"055031";"Stroncone";49;13;28;3;0;;;;44;5;35;2;1;;;;43;87
"055031";"Stroncone";50;10;34;4;0;;;;48;7;25;1;2;;;;35;83
"055031";"Stroncone";51;5;22;2;0;;;;29;5;20;4;0;;;;29;58
"055031";"Stroncone";52;11;23;3;0;;;;37;6;32;3;0;;;;41;78
"055031";"Stroncone";53;11;23;3;0;;;;37;3;31;4;0;;;;38;75
"055031";"Stroncone";54;9;34;2;0;;;;45;6;24;1;1;;;;32;77
"055031";"Stroncone";55;9;28;2;0;;;;39;4;34;1;3;;;;42;81
"055031";"Stroncone";56;9;24;6;0;;;;39;1;33;3;1;;;;38;77
"055031";"Stroncone";57;5;33;4;0;;;;42;4;31;4;1;;;;40;82
"055031";"Stroncone";58;7;33;2;1;;;;43;1;31;7;0;;;;39;82
"055031";"Stroncone";59;5;34;0;0;;;;39;3;31;1;6;;;;41;80
"055031";"Stroncone";60;3;23;1;1;;;;28;3;31;7;3;;;;44;72
"055031";"Stroncone";61;2;24;8;0;;;;34;3;28;0;0;;;;31;65
"055031";"Stroncone";62;4;35;2;0;;;;41;0;27;2;4;;;;33;74
"055031";"Stroncone";63;5;26;2;1;;;;34;1;18;0;5;;;;24;58
"055031";"Stroncone";64;4;24;2;0;;;;30;0;25;5;4;;;;34;64
"055031";"Stroncone";65;6;25;3;0;;;;34;0;19;3;4;;;;26;60
"055031";"Stroncone";66;0;21;3;0;;;;24;1;23;1;2;;;;27;51
"055031";"Stroncone";67;2;24;1;1;;;;28;0;22;1;4;;;;27;55
"055031";"Stroncone";68;2;26;2;2;;;;32;2;20;1;7;;;;30;62
"055031";"Stroncone";69;1;26;2;1;;;;30;0;28;1;5;;;;34;64
"055031";"Stroncone";70;1;23;0;2;;;;26;2;20;1;7;;;;30;56
"055031";"Stroncone";71;1;26;3;0;;;;30;0;19;1;7;;;;27;57
"055031";"Stroncone";72;1;22;1;2;;;;26;1;18;2;6;;;;27;53
"055031";"Stroncone";73;2;22;0;3;;;;27;1;25;3;11;;;;40;67
"055031";"Stroncone";74;2;33;1;2;;;;38;0;28;0;3;;;;31;69
"055031";"Stroncone";75;2;19;0;1;;;;22;0;15;0;6;;;;21;43
"055031";"Stroncone";76;1;25;1;0;;;;27;1;17;1;9;;;;28;55
"055031";"Stroncone";77;1;16;0;4;;;;21;0;15;0;16;;;;31;52
"055031";"Stroncone";78;2;16;0;2;;;;20;0;10;0;9;;;;19;39
"055031";"Stroncone";79;0;20;0;4;;;;24;1;17;2;9;;;;29;53
"055031";"Stroncone";80;1;16;1;4;;;;22;0;18;0;10;;;;28;50
"055031";"Stroncone";81;1;12;0;1;;;;14;0;9;0;5;;;;14;28
"055031";"Stroncone";82;2;17;0;4;;;;23;2;8;0;7;;;;17;40
"055031";"Stroncone";83;0;14;0;3;;;;17;0;6;1;9;;;;16;33
"055031";"Stroncone";84;1;13;0;4;;;;18;2;7;0;11;;;;20;38
"055031";"Stroncone";85;2;10;0;3;;;;15;0;4;1;16;;;;21;36
"055031";"Stroncone";86;0;4;0;2;;;;6;1;4;0;17;;;;22;28
"055031";"Stroncone";87;0;4;1;3;;;;8;0;1;0;12;;;;13;21
"055031";"Stroncone";88;0;9;0;4;;;;13;0;0;0;11;;;;11;24
"055031";"Stroncone";89;0;4;1;4;;;;9;1;2;0;11;;;;14;23
"055031";"Stroncone";90;1;3;0;3;;;;7;0;2;0;7;;;;9;16
"055031";"Stroncone";91;1;4;0;3;;;;8;1;2;0;6;;;;9;17
"055031";"Stroncone";92;0;3;0;2;;;;5;0;0;0;10;;;;10;15
"055031";"Stroncone";93;0;1;0;1;;;;2;0;1;0;6;;;;7;9
"055031";"Stroncone";94;0;1;0;1;;;;2;0;0;0;4;;;;4;6
"055031";"Stroncone";95;0;0;0;1;;;;1;0;0;0;3;;;;3;4
"055031";"Stroncone";96;0;0;0;2;;;;2;0;0;0;2;;;;2;4
"055031";"Stroncone";97;0;0;0;1;;;;1;0;0;0;5;;;;5;6
"055031";"Stroncone";98;0;0;0;0;;;;0;0;0;0;0;;;;0;0
"055031";"Stroncone";99;0;0;0;0;;;;0;0;0;0;0;;;;0;0
"055031";"Stroncone";100;0;0;0;0;;;;0;0;0;0;3;;;;3;3
"055031";"Stroncone";999;1018;1154;76;74;;;;2322;792;1111;85;294;;;;2282;4604
"055032";"Terni";0;303;0;0;0;0;0;0;303;285;0;0;0;0;0;0;285;588
"055032";"Terni";1;295;0;0;0;0;0;0;295;283;0;0;0;0;0;0;283;578
"055032";"Terni";2;346;0;0;0;0;0;0;346;305;0;0;0;0;0;0;305;651
"055032";"Terni";3;334;0;0;0;0;0;0;334;330;0;0;0;0;0;0;330;664
"055032";"Terni";4;349;0;0;0;0;0;0;349;336;0;0;0;0;0;0;336;685
"055032";"Terni";5;345;0;0;0;0;0;0;345;357;0;0;0;0;0;0;357;702
"055032";"Terni";6;381;0;0;0;0;0;0;381;334;0;0;0;0;0;0;334;715
"055032";"Terni";7;362;0;0;0;0;0;0;362;387;0;0;0;0;0;0;387;749
"055032";"Terni";8;370;0;0;0;0;0;0;370;351;0;0;0;0;0;0;351;721
"055032";"Terni";9;456;0;0;0;0;0;0;456;411;0;0;0;0;0;0;411;867
"055032";"Terni";10;434;0;0;0;0;0;0;434;424;0;0;0;0;0;0;424;858
"055032";"Terni";11;442;0;0;0;0;0;0;442;425;0;0;0;0;0;0;425;867
"055032";"Terni";12;440;0;0;0;0;0;0;440;410;0;0;0;0;0;0;410;850
"055032";"Terni";13;492;0;0;0;0;0;0;492;443;0;0;0;0;0;0;443;935
"055032";"Terni";14;478;0;0;0;0;0;0;478;465;0;0;0;0;0;0;465;943
"055032";"Terni";15;474;0;0;0;0;0;0;474;452;0;0;0;0;0;0;452;926
"055032";"Terni";16;544;0;0;0;0;0;0;544;486;0;0;0;0;0;0;486;1030
"055032";"Terni";17;486;0;0;0;0;0;0;486;494;0;0;0;0;0;0;494;980
"055032";"Terni";18;524;0;0;0;0;0;0;524;472;0;0;0;0;0;0;472;996
"055032";"Terni";19;529;0;0;0;0;0;0;529;472;1;0;0;0;0;0;473;1002
"055032";"Terni";20;519;0;0;0;0;0;0;519;470;3;0;0;0;0;0;473;992
"055032";"Terni";21;518;0;0;0;0;0;0;518;491;9;0;0;0;0;0;500;1018
"055032";"Terni";22;493;0;1;0;0;0;0;494;430;8;1;0;0;0;0;439;933
"055032";"Terni";23;546;4;0;0;0;0;0;550;463;15;0;0;1;0;0;479;1029
"055032";"Terni";24;549;10;2;0;0;0;0;561;469;23;0;0;1;0;0;493;1054
"055032";"Terni";25;555;10;0;0;0;0;0;565;416;36;0;0;1;0;0;453;1018
"055032";"Terni";26;518;15;0;0;0;0;0;533;404;40;0;0;0;0;0;444;977
"055032";"Terni";27;520;27;1;0;0;0;0;548;408;44;0;0;0;0;0;452;1000
"055032";"Terni";28;471;29;0;0;0;0;0;500;393;60;1;1;0;0;0;455;955
"055032";"Terni";29;478;48;5;0;0;0;0;531;385;97;3;0;1;0;0;486;1017
"055032";"Terni";30;432;60;4;0;1;0;0;497;374;102;3;0;0;0;0;479;976
"055032";"Terni";31;461;79;4;0;1;0;0;545;331;159;4;0;0;0;0;494;1039
"055032";"Terni";32;457;79;0;0;0;0;0;536;341;156;7;0;1;0;0;505;1041
"055032";"Terni";33;430;114;2;1;3;1;0;551;332;176;11;0;1;1;0;521;1072
"055032";"Terni";34;387;143;5;0;0;0;0;535;306;213;10;4;0;0;0;533;1068
"055032";"Terni";35;390;172;6;1;0;0;0;569;329;224;9;2;1;0;0;565;1134
"055032";"Terni";36;341;206;13;0;1;0;0;561;288;247;20;2;1;0;0;558;1119
"055032";"Terni";37;337;184;6;4;0;0;0;531;254;269;25;2;2;0;0;552;1083
"055032";"Terni";38;324;233;16;1;0;0;0;574;253;279;32;5;1;0;0;570;1144
"055032";"Terni";39;335;234;16;0;0;0;0;585;233;291;31;6;1;0;0;562;1147
"055032";"Terni";40;324;252;12;0;1;0;0;589;237;334;25;4;0;0;0;600;1189
"055032";"Terni";41;313;272;13;2;1;0;0;601;234;358;40;8;0;0;0;640;1241
"055032";"Terni";42;284;322;22;1;0;0;0;629;230;350;40;8;2;0;0;630;1259
"055032";"Terni";43;275;339;20;3;2;0;0;639;185;334;52;15;1;0;0;587;1226
"055032";"Terni";44;268;352;33;4;1;0;0;658;215;417;58;16;1;0;0;707;1365
"055032";"Terni";45;260;359;32;6;1;0;0;658;198;471;67;6;0;0;0;742;1400
"055032";"Terni";46;290;388;37;8;0;0;0;723;186;490;73;16;0;0;0;765;1488
"055032";"Terni";47;295;464;45;6;0;0;0;810;179;486;82;21;0;0;0;768;1578
"055032";"Terni";48;281;462;47;4;0;0;0;794;185;568;106;20;0;0;0;879;1673
"055032";"Terni";49;237;506;59;3;3;0;0;808;185;636;98;21;0;0;0;940;1748
"055032";"Terni";50;258;524;52;4;0;1;0;839;190;596;103;15;2;0;0;906;1745
"055032";"Terni";51;245;487;82;2;0;0;0;816;190;625;104;24;2;0;0;945;1761
"055032";"Terni";52;223;523;83;6;0;1;0;836;173;630;113;30;0;0;0;946;1782
"055032";"Terni";53;226;560;71;13;1;0;0;871;159;571;119;40;0;0;0;889;1760
"055032";"Terni";54;177;597;73;8;1;0;0;856;161;646;139;32;1;0;0;979;1835
"055032";"Terni";55;198;604;86;5;0;0;0;893;127;669;113;43;0;0;0;952;1845
"055032";"Terni";56;175;570;86;8;1;0;0;840;135;637;126;41;0;0;0;939;1779
"055032";"Terni";57;149;562;77;18;1;0;0;807;99;700;109;48;0;0;0;956;1763
"055032";"Terni";58;146;640;99;19;0;0;0;904;125;648;116;64;0;0;0;953;1857
"055032";"Terni";59;125;676;96;11;2;0;0;910;113;640;114;59;0;0;0;926;1836
"055032";"Terni";60;99;620;68;9;3;0;0;799;91;617;99;59;0;0;0;866;1665
"055032";"Terni";61;105;537;79;16;0;0;0;737;72;586;102;56;0;0;0;816;1553
"055032";"Terni";62;93;525;80;22;0;0;0;720;61;539;97;66;0;0;0;763;1483
"055032";"Terni";63;70;549;59;20;3;0;0;701;68;559;99;86;0;0;0;812;1513
"055032";"Terni";64;83;483;57;16;1;0;0;640;58;540;82;67;0;0;0;747;1387
"055032";"Terni";65;77;499;67;17;0;0;0;660;63;482;82;78;0;0;0;705;1365
"055032";"Terni";66;57;478;52;29;1;0;0;617;66;470;72;102;0;0;0;710;1327
"055032";"Terni";67;55;485;50;28;0;0;0;618;55;522;72;110;0;0;0;759;1377
"055032";"Terni";68;46;487;45;27;0;0;0;605;47;516;79;129;0;0;0;771;1376
"055032";"Terni";69;36;464;42;22;1;0;0;565;42;485;63;94;0;0;0;684;1249
"055032";"Terni";70;43;422;43;36;1;0;0;545;41;460;54;147;0;0;0;702;1247
"055032";"Terni";71;26;444;35;37;0;0;0;542;42;457;44;136;0;0;0;679;1221
"055032";"Terni";72;32;450;40;39;0;0;0;561;37;438;56;166;0;0;0;697;1258
"055032";"Terni";73;29;422;36;38;0;0;0;525;30;444;48;170;0;0;0;692;1217
"055032";"Terni";74;31;472;38;48;0;0;0;589;33;430;52;180;0;0;0;695;1284
"055032";"Terni";75;30;574;30;51;0;0;0;685;41;479;35;228;0;0;0;783;1468
"055032";"Terni";76;26;531;23;54;0;0;0;634;38;419;32;241;0;0;0;730;1364
"055032";"Terni";77;23;470;22;62;0;0;0;577;26;431;43;247;0;0;0;747;1324
"055032";"Terni";78;20;353;22;44;0;0;0;439;24;313;31;211;0;0;0;579;1018
"055032";"Terni";79;23;345;9;52;0;0;0;429;26;317;23;238;0;0;0;604;1033
"055032";"Terni";80;17;390;10;55;0;0;0;472;24;300;19;327;0;0;0;670;1142
"055032";"Terni";81;20;348;16;57;0;0;0;441;16;275;27;323;0;0;0;641;1082
"055032";"Terni";82;21;333;6;63;0;0;0;423;25;233;20;308;0;0;0;586;1009
"055032";"Terni";83;15;370;12;69;0;0;0;466;26;228;10;346;0;0;0;610;1076
"055032";"Terni";84;13;288;5;80;0;0;0;386;20;176;19;315;0;0;0;530;916
"055032";"Terni";85;7;265;4;80;0;0;0;356;19;135;19;348;0;0;0;521;877
"055032";"Terni";86;9;213;7;81;0;0;0;310;17;113;8;338;0;0;0;476;786
"055032";"Terni";87;4;162;3;64;0;0;0;233;6;72;13;291;0;0;0;382;615
"055032";"Terni";88;5;139;3;65;0;0;0;212;19;55;4;267;0;0;0;345;557
"055032";"Terni";89;12;101;0;44;0;0;0;157;13;45;4;263;0;0;0;325;482
"055032";"Terni";90;5;87;2;58;0;0;0;152;9;27;3;228;0;0;0;267;419
"055032";"Terni";91;4;82;1;39;0;0;0;126;10;23;3;174;0;0;0;210;336
"055032";"Terni";92;1;53;1;35;0;0;0;90;5;16;6;179;0;0;0;206;296
"055032";"Terni";93;1;37;1;32;0;0;0;71;7;10;1;138;0;0;0;156;227
"055032";"Terni";94;1;23;0;16;0;0;0;40;4;5;1;137;0;0;0;147;187
"055032";"Terni";95;1;10;1;14;0;0;0;26;7;5;0;80;0;0;0;92;118
"055032";"Terni";96;0;9;3;14;0;0;0;26;3;3;1;70;0;0;0;77;103
"055032";"Terni";97;0;13;0;14;0;0;0;27;5;0;1;59;0;0;0;65;92
"055032";"Terni";98;0;5;0;7;0;0;0;12;0;1;1;48;0;0;0;50;62
"055032";"Terni";99;0;1;0;5;0;0;0;6;0;1;0;21;0;0;0;22;28
"055032";"Terni";100;0;0;0;4;0;0;0;4;3;1;0;36;0;0;0;40;44
"055032";"Terni";999;23334;23645;2178;1701;31;3;0;50892;19997;24486;3379;7660;21;1;0;55544;106436
