"Popolazione residente per età, sesso e stato civile al 1° gennaio 2025"
"Codice comune";"Comune";"Età";"Celibi";"Coniugati";"Divorziati";"Vedovi";"Uniti civilmente";"Maschi già in unione civile (per scioglimento unione)";"Maschi già in unione civile (per decesso del partner)";"Totale maschi";"Nubili";"Coniugate";"Divorziate";"Vedove";"Unite civilmente";"Femmine già in unione civile (per scioglimento unione)";"Femmine già in unione civile (per decesso del partner)";"Totale femmine";"Totale"
"055001";"Acquasparta";0;8;0;0;0;;;;8;9;0;0;0;;;;9;17
"055001";"Acquasparta";1;11;0;0;0;;;;11;12;0;0;0;;;;12;23
"055001";"Acquasparta";2;16;0;0;0;;;;16;12;0;0;0;;;;12;28
"055001";"Acquasparta";3;9;0;0;0;;;;9;17;0;0;0;;;;17;26
"055001";"Acquasparta";4;10;0;0;0;;;;10;9;0;0;0;;;;9;19
"055001";"Acquasparta";5;12;0;0;0;;;;12;11;0;0;0;;;;11;23
"055001";"Acquasparta";6;11;0;0;0;;;;11;17;0;0;0;;;;17;28
"055001";"Acquasparta";7;15;0;0;0;;;;15;7;0;0;0;;;;7;22
"055001";"Acquasparta";8;13;0;0;0;;;;13;20;0;0;0;;;;20;33
"055001";"Acquasparta";9;15;0;0;0;;;;15;18;0;0;0;;;;18;33
"055001";"Acquasparta";10;14;0;0;0;;;;14;20;0;0;0;;;;20;34
"055001";"Acquasparta";11;24;0;0;0;;;;24;18;0;0;0;;;;18;42
"055001";"Acquasparta";12;28;0;0;0;;;;28;17;0;0;0;;;;17;45
"055001";"Acquasparta";13;25;0;0;0;;;;25;16;0;0;0;;;;16;41
"055001";"Acquasparta";14;19;0;0;0;;;;19;30;0;0;0;;;;30;49
"055001";"Acquasparta";15;23;0;0;0;;;;23;17;0;0;0;;;;17;40
"055001";"Acquasparta";16;32;0;0;0;;;;32;27;0;0;0;;;;27;59
"055001";"Acquasparta";17;35;0;0;0;;;;35;22;0;0;0;;;;22;57
"055001";"Acquasparta";18;26;0;0;0;;;;26;19;0;0;0;;;;19;45
"055001";"Acquasparta";19;31;0;0;0;;;;31;17;0;0;0;;;;17;48
"055001";"Acquasparta";20;30;0;0;0;;;;30;22;0;0;0;;;;22;52
"055001";"Acquasparta";21;25;0;0;0;;;;25;15;1;0;0;;;;16;41
"055001";"Acquasparta";22;27;1;0;0;;;;28;16;0;0;0;;;;16;44
"055001";"Acquasparta";23;24;0;0;0;;;;24;23;0;0;0;;;;23;47
"055001";"Acquasparta";24;23;0;0;0;;;;23;21;2;0;0;;;;23;46
"055001";"Acquasparta";25;20;0;0;0;;;;20;15;1;0;0;;;;16;36
"055001";"Acquasparta";26;22;0;0;0;;;;22;16;1;0;0;;;;17;39
"055001";"Acquasparta";27;14;0;0;0;;;;14;9;3;1;0;;;;13;27
"055001";"Acquasparta";28;14;1;0;0;;;;15;19;3;0;0;;;;22;37
"055001";"Acquasparta";29;10;0;0;0;;;;10;12;4;0;0;;;;16;26
"055001";"Acquasparta";30;15;0;0;0;;;;15;17;3;0;0;;;;20;35
"055001";"Acquasparta";31;9;6;0;0;;;;15;16;3;0;0;;;;19;34
"055001";"Acquasparta";32;13;3;0;0;;;;16;11;3;1;0;;;;15;31
"055001";"Acquasparta";33;19;3;0;0;;;;22;8;10;0;0;;;;18;40
"055001";"Acquasparta";34;12;7;0;0;;;;19;17;10;1;0;;;;28;47
"055001";"Acquasparta";35;19;3;0;0;;;;22;12;5;0;0;;;;17;39
"055001";"Acquasparta";36;12;6;0;0;;;;18;9;13;1;0;;;;23;41
"055001";"Acquasparta";37;11;7;1;0;;;;19;12;7;0;0;;;;19;38
"055001";"Acquasparta";38;13;7;2;0;;;;22;12;15;0;0;;;;27;49
"055001";"Acquasparta";39;13;8;0;0;;;;21;5;9;1;1;;;;16;37
"055001";"Acquasparta";40;12;13;1;0;;;;26;11;7;1;0;;;;19;45
"055001";"Acquasparta";41;12;8;0;0;;;;20;7;16;0;0;;;;23;43
"055001";"Acquasparta";42;16;9;0;0;;;;25;10;14;1;0;;;;25;50
"055001";"Acquasparta";43;6;14;0;0;;;;20;8;16;3;0;;;;27;47
"055001";"Acquasparta";44;8;11;1;0;;;;20;6;20;2;0;;;;28;48
"055001";"Acquasparta";45;12;13;2;0;;;;27;9;23;0;0;;;;32;59
"055001";"Acquasparta";46;13;8;1;0;;;;22;10;15;4;1;;;;30;52
"055001";"Acquasparta";47;17;23;1;0;;;;41;9;24;1;1;;;;35;76
"055001";"Acquasparta";48;11;29;0;0;;;;40;7;20;2;2;;;;31;71
"055001";"Acquasparta";49;14;16;3;0;;;;33;9;17;1;0;;;;27;60
"055001";"Acquasparta";50;13;22;3;0;;;;38;10;34;4;0;;;;48;86
"055001";"Acquasparta";51;7;16;2;0;;;;25;6;29;2;1;;;;38;63
"055001";"Acquasparta";52;9;22;0;0;;;;31;7;16;0;2;;;;25;56
"055001";"Acquasparta";53;9;21;0;1;;;;31;4;28;5;3;;;;40;71
"055001";"Acquasparta";54;9;29;2;0;;;;40;11;28;7;0;;;;46;86
"055001";"Acquasparta";55;7;32;1;0;;;;40;10;31;1;1;;;;43;83
"055001";"Acquasparta";56;8;32;3;1;;;;44;9;29;4;2;;;;44;88
"055001";"Acquasparta";57;4;24;3;1;;;;32;6;30;1;2;;;;39;71
"055001";"Acquasparta";58;5;25;3;1;;;;34;4;31;1;1;;;;37;71
"055001";"Acquasparta";59;6;32;1;0;;;;39;5;25;3;1;;;;34;73
"055001";"Acquasparta";60;9;26;2;1;;;;38;4;20;2;2;;;;28;66
"055001";"Acquasparta";61;6;19;3;2;;;;30;2;23;2;4;;;;31;61
"055001";"Acquasparta";62;3;22;2;0;;;;27;4;17;2;3;;;;26;53
"055001";"Acquasparta";63;3;21;3;3;;;;30;4;18;2;1;;;;25;55
"055001";"Acquasparta";64;4;18;4;2;;;;28;3;26;2;2;;;;33;61
"055001";"Acquasparta";65;7;23;0;0;;;;30;2;25;0;3;;;;30;60
"055001";"Acquasparta";66;4;21;4;1;;;;30;4;19;4;4;;;;31;61
"055001";"Acquasparta";67;2;26;1;1;;;;30;3;21;4;1;;;;29;59
"055001";"Acquasparta";68;5;21;0;0;;;;26;4;25;5;5;;;;39;65
"055001";"Acquasparta";69;4;18;4;1;;;;27;3;19;4;6;;;;32;59
"055001";"Acquasparta";70;3;14;1;3;;;;21;4;11;2;2;;;;19;40
"055001";"Acquasparta";71;3;17;5;2;;;;27;4;20;2;7;;;;33;60
"055001";"Acquasparta";72;2;22;0;2;;;;26;4;15;2;5;;;;26;52
"055001";"Acquasparta";73;2;19;3;2;;;;26;3;19;1;2;;;;25;51
"055001";"Acquasparta";74;2;22;2;2;;;;28;3;20;2;7;;;;32;60
"055001";"Acquasparta";75;5;24;0;2;;;;31;1;12;1;7;;;;21;52
"055001";"Acquasparta";76;1;23;0;3;;;;27;0;16;1;9;;;;26;53
"055001";"Acquasparta";77;2;20;0;2;;;;24;1;17;1;11;;;;30;54
"055001";"Acquasparta";78;2;19;2;1;;;;24;3;17;1;4;;;;25;49
"055001";"Acquasparta";79;1;14;0;5;;;;20;1;12;0;14;;;;27;47
"055001";"Acquasparta";80;0;17;0;0;;;;17;2;11;0;9;;;;22;39
"055001";"Acquasparta";81;1;15;0;3;;;;19;1;8;0;11;;;;20;39
"055001";"Acquasparta";82;2;12;0;1;;;;15;0;8;2;12;;;;22;37
"055001";"Acquasparta";83;2;15;2;4;;;;23;0;10;0;17;;;;27;50
"055001";"Acquasparta";84;0;12;0;2;;;;14;2;10;0;20;;;;32;46
"055001";"Acquasparta";85;0;8;1;3;;;;12;1;6;0;12;;;;19;31
"055001";"Acquasparta";86;0;9;0;3;;;;12;1;4;0;16;;;;21;33
"055001";"Acquasparta";87;0;8;0;5;;;;13;0;3;0;11;;;;14;27
"055001";"Acquasparta";88;0;6;1;1;;;;8;0;0;0;18;;;;18;26
"055001";"Acquasparta";89;1;3;0;3;;;;7;2;0;0;7;;;;9;16
"055001";"Acquasparta";90;0;3;0;2;;;;5;0;1;0;13;;;;14;19
"055001";"Acquasparta";91;0;2;0;1;;;;3;2;0;0;14;;;;16;19
"055001";"Acquasparta";92;0;1;0;1;;;;2;0;1;0;4;;;;5;7
"055001";"Acquasparta";93;1;1;0;1;;;;3;1;0;0;8;;;;9;12
"055001";"Acquasparta";94;0;0;0;3;;;;3;2;0;0;8;;;;10;13
"055001";"Acquasparta";95;0;0;0;0;;;;0;1;0;0;9;;;;10;10
"055001";"Acquasparta";96;0;0;0;2;;;;2;0;0;0;0;;;;0;2
"055001";"Acquasparta";97;0;1;0;0;;;;1;1;0;0;3;;;;4;5
"055001";"Acquasparta";98;0;0;0;0;;;;0;0;0;0;2;;;;2;2
"055001";"Acquasparta";99;0;0;0;0;;;;0;0;0;0;1;;;;1;1
"055001";"Acquasparta";100;0;0;0;0;;;;0;0;0;0;2;;;;2;2
"055001";"Acquasparta";999;997;973;70;74;;;;2114;853;980;90;314;;;;2237;4351
"055002";"Allerona";0;3;0;0;0;;;;3;5;0;0;0;;;;5;8
"055002";"Allerona";1;5;0;0;0;;;;5;7;0;0;0;;;;7;12
"055002";"Allerona";2;8;0;0;0;;;;8;5;0;0;0;;;;5;13
"055002";"Allerona";3;3;0;0;0;;;;3;5;0;0;0;;;;5;8
"055002";"Allerona";4;2;0;0;0;;;;2;10;0;0;0;;;;10;12
"055002";"Allerona";5;3;0;0;0;;;;3;2;0;0;0;;;;2;5
"055002";"Allerona";6;9;0;0;0;;;;9;7;0;0;0;;;;7;16
"055002";"Allerona";7;7;0;0;0;;;;7;8;0;0;0;;;;8;15
"055002";"Allerona";8;7;0;0;0;;;;7;5;0;0;0;;;;5;12
"055002";"Allerona";9;4;0;0;0;;;;4;8;0;0;0;;;;8;12
"055002";"Allerona";10;8;0;0;0;;;;8;9;0;0;0;;;;9;17
"055002";"Allerona";11;12;0;0;0;;;;12;6;0;0;0;;;;6;18
"055002";"Allerona";12;11;0;0;0;;;;11;6;0;0;0;;;;6;17
"055002";"Allerona";13;6;0;0;0;;;;6;8;0;0;0;;;;8;14
"055002";"Allerona";14;6;0;0;0;;;;6;9;0;0;0;;;;9;15
"055002";"Allerona";15;9;0;0;0;;;;9;6;0;0;0;;;;6;15
"055002";"Allerona";16;11;0;0;0;;;;11;4;0;0;0;;;;4;15
"055002";"Allerona";17;12;0;0;0;;;;12;3;0;0;0;;;;3;15
"055002";"Allerona";18;7;0;0;0;;;;7;8;0;0;0;;;;8;15
"055002";"Allerona";19;2;0;0;0;;;;2;5;0;0;0;;;;5;7
"055002";"Allerona";20;3;0;0;0;;;;3;10;0;0;0;;;;10;13
"055002";"Allerona";21;6;0;0;0;;;;6;6;0;0;0;;;;6;12
"055002";"Allerona";22;7;0;0;0;;;;7;4;0;0;0;;;;4;11
"055002";"Allerona";23;7;0;0;0;;;;7;4;0;0;0;;;;4;11
"055002";"Allerona";24;7;0;0;0;;;;7;5;0;0;0;;;;5;12
"055002";"Allerona";25;9;0;0;0;;;;9;6;0;0;0;;;;6;15
"055002";"Allerona";26;8;0;0;0;;;;8;7;0;0;0;;;;7;15
"055002";"Allerona";27;9;0;0;0;;;;9;10;0;0;0;;;;10;19
"055002";"Allerona";28;10;0;0;0;;;;10;4;0;0;0;;;;4;14
"055002";"Allerona";29;12;1;0;0;;;;13;9;2;0;0;;;;11;24
"055002";"Allerona";30;8;0;0;0;;;;8;4;2;0;0;;;;6;14
"055002";"Allerona";31;4;0;0;0;;;;4;4;3;0;0;;;;7;11
"055002";"Allerona";32;5;1;0;0;;;;6;5;3;0;0;;;;8;14
"055002";"Allerona";33;9;0;0;0;;;;9;6;3;0;0;;;;9;18
"055002";"Allerona";34;7;1;0;0;;;;8;6;3;0;0;;;;9;17
"055002";"Allerona";35;3;3;0;0;;;;6;8;8;0;0;;;;16;22
"055002";"Allerona";36;6;2;0;0;;;;8;2;7;0;0;;;;9;17
"055002";"Allerona";37;4;6;0;0;;;;10;4;3;1;1;;;;9;19
"055002";"Allerona";38;7;4;0;0;;;;11;4;7;0;0;;;;11;22
"055002";"Allerona";39;5;4;0;0;;;;9;7;4;1;0;;;;12;21
"055002";"Allerona";40;6;6;0;0;;;;12;5;6;0;0;;;;11;23
"055002";"Allerona";41;6;2;0;0;;;;8;4;8;0;0;;;;12;20
"055002";"Allerona";42;4;8;0;0;;;;12;4;4;1;0;;;;9;21
"055002";"Allerona";43;2;9;0;0;;;;11;0;11;0;0;;;;11;22
"055002";"Allerona";44;4;8;1;0;;;;13;6;9;0;0;;;;15;28
"055002";"Allerona";45;7;6;0;0;;;;13;2;5;0;0;;;;7;20
"055002";"Allerona";46;2;7;1;0;;;;10;7;4;1;0;;;;12;22
"055002";"Allerona";47;5;7;0;0;;;;12;2;4;3;0;;;;9;21
"055002";"Allerona";48;6;3;0;0;;;;9;1;4;0;0;;;;5;14
"055002";"Allerona";49;8;5;0;0;;;;13;3;8;1;0;;;;12;25
"055002";"Allerona";50;3;9;0;0;;;;12;2;11;0;0;;;;13;25
"055002";"Allerona";51;0;10;0;0;;;;10;2;12;1;0;;;;15;25
"055002";"Allerona";52;2;11;0;0;;;;13;2;16;0;2;;;;20;33
"055002";"Allerona";53;1;12;0;0;;;;13;2;14;0;1;;;;17;30
"055002";"Allerona";54;3;6;0;0;;;;9;1;17;2;0;;;;20;29
"055002";"Allerona";55;4;12;0;0;;;;16;0;9;0;0;;;;9;25
"055002";"Allerona";56;0;13;0;0;;;;13;2;8;2;1;;;;13;26
"055002";"Allerona";57;3;12;1;0;;;;16;1;5;0;0;;;;6;22
"055002";"Allerona";58;5;9;2;0;;;;16;0;8;0;1;;;;9;25
"055002";"Allerona";59;2;8;0;0;;;;10;2;10;1;0;;;;13;23
"055002";"Allerona";60;3;9;0;0;;;;12;0;9;2;1;;;;12;24
"055002";"Allerona";61;4;8;2;1;;;;15;0;8;2;2;;;;12;27
"055002";"Allerona";62;1;12;1;0;;;;14;1;11;0;2;;;;14;28
"055002";"Allerona";63;2;10;2;0;;;;14;2;10;0;0;;;;12;26
"055002";"Allerona";64;4;11;1;0;;;;16;1;16;2;0;;;;19;35
"055002";"Allerona";65;2;9;0;0;;;;11;0;8;0;0;;;;8;19
"055002";"Allerona";66;0;12;1;1;;;;14;0;11;0;3;;;;14;28
"055002";"Allerona";67;0;9;0;1;;;;10;2;8;1;1;;;;12;22
"055002";"Allerona";68;1;8;2;1;;;;12;0;8;0;1;;;;9;21
"055002";"Allerona";69;0;11;1;0;;;;12;0;6;0;1;;;;7;19
"055002";"Allerona";70;2;8;0;1;;;;11;0;13;0;0;;;;13;24
"055002";"Allerona";71;0;11;0;1;;;;12;1;9;1;4;;;;15;27
"055002";"Allerona";72;0;9;0;2;;;;11;2;8;2;2;;;;14;25
"055002";"Allerona";73;1;15;0;0;;;;16;0;7;1;4;;;;12;28
"055002";"Allerona";74;2;11;0;0;;;;13;0;7;0;4;;;;11;24
"055002";"Allerona";75;2;6;0;0;;;;8;0;9;0;4;;;;13;21
"055002";"Allerona";76;0;12;0;1;;;;13;1;7;1;6;;;;15;28
"055002";"Allerona";77;1;7;1;0;;;;9;0;5;0;5;;;;10;19
"055002";"Allerona";78;1;8;0;0;;;;9;0;8;0;6;;;;14;23
"055002";"Allerona";79;0;5;0;0;;;;5;0;6;0;5;;;;11;16
"055002";"Allerona";80;0;5;0;0;;;;5;0;4;0;2;;;;6;11
"055002";"Allerona";81;1;7;0;1;;;;9;0;3;0;0;;;;3;12
"055002";"Allerona";82;0;3;0;1;;;;4;0;2;0;2;;;;4;8
"055002";"Allerona";83;0;5;0;0;;;;5;1;1;0;5;;;;7;12
"055002";"Allerona";84;0;3;0;2;;;;5;0;0;0;4;;;;4;9
"055002";"Allerona";85;1;6;0;2;;;;9;0;0;0;4;;;;4;13
"055002";"Allerona";86;1;3;0;2;;;;6;0;1;0;5;;;;6;12
"055002";"Allerona";87;1;2;0;1;;;;4;0;1;0;2;;;;3;7
"055002";"Allerona";88;0;1;0;0;;;;1;0;1;0;5;;;;6;7
"055002";"Allerona";89;0;2;0;0;;;;2;0;3;1;8;;;;12;14
"055002";"Allerona";90;0;3;0;0;;;;3;0;0;0;5;;;;5;8
"055002";"Allerona";91;0;2;0;0;;;;2;0;1;0;4;;;;5;7
"055002";"Allerona";92;0;0;0;0;;;;0;0;0;0;4;;;;4;4
"055002";"Allerona";93;0;0;0;2;;;;2;0;0;0;3;;;;3;5
"055002";"Allerona";94;0;0;0;0;;;;0;0;0;0;3;;;;3;3
"055002";"Allerona";95;0;1;0;0;;;;1;0;0;0;2;;;;2;3
"055002";"Allerona";96;0;0;0;1;;;;1;0;0;0;1;;;;1;2
"055002";"Allerona";97;0;0;0;1;;;;1;0;0;0;0;;;;0;1
"055002";"Allerona";98;0;0;0;1;;;;1;0;0;0;2;;;;2;3
"055002";"Allerona";99;0;0;0;0;;;;0;0;0;0;1;;;;1;1
"055002";"Allerona";100;0;0;0;0;;;;0;0;0;0;0;;;;0;0
"055002";"Allerona";999;374;419;16;23;;;;832;300;409;27;119;;;;855;1687
"055003";"Alviano";0;3;0;0;0;;;;3;4;0;0;0;;;;4;7
"055003";"Alviano";1;3;0;0;0;;;;3;3;0;0;0;;;;3;6
"055003";"Alviano";2;4;0;0;0;;;;4;2;0;0;0;;;;2;6
"055003";"Alviano";3;1;0;0;0;;;;1;3;0;0;0;;;;3;4
"055003";"Alviano";4;5;0;0;0;;;;5;1;0;0;0;;;;1;6
"055003";"Alviano";5;5;0;0;0;;;;5;9;0;0;0;;;;9;14
"055003";"Alviano";6;6;0;0;0;;;;6;5;0;0;0;;;;5;11
"055003";"Alviano";7;4;0;0;0;;;;4;6;0;0;0;;;;6;10
"055003";"Alviano";8;5;0;0;0;;;;5;8;0;0;0;;;;8;13
"055003";"Alviano";9;4;0;0;0;;;;4;3;0;0;0;;;;3;7
"055003";"Alviano";10;3;0;0;0;;;;3;8;0;0;0;;;;8;11
"055003";"Alviano";11;1;0;0;0;;;;1;1;0;0;0;;;;1;2
"055003";"Alviano";12;4;0;0;0;;;;4;3;0;0;0;;;;3;7
"055003";"Alviano";13;1;0;0;0;;;;1;1;0;0;0;;;;1;2
"055003";"Alviano";14;6;0;0;0;;;;6;4;0;0;0;;;;4;10
"055003";"Alviano";15;2;0;0;0;;;;2;9;0;0;0;;;;9;11
"055003";"Alviano";16;2;0;0;0;;;;2;2;0;0;0;;;;2;4
"055003";"Alviano";17;7;0;0;0;;;;7;9;0;0;0;;;;9;16
"055003";"Alviano";18;6;0;0;0;;;;6;3;0;0;0;;;;3;9
"055003";"Alviano";19;12;0;0;0;;;;12;6;0;0;0;;;;6;18
"055003";"Alviano";20;9;0;0;0;;;;9;5;0;0;0;;;;5;14
"055003";"Alviano";21;7;0;0;0;;;;7;6;0;0;0;;;;6;13
"055003";"Alviano";22;9;0;0;0;;;;9;7;0;0;0;;;;7;16
"055003";"Alviano";23;12;0;0;0;;;;12;6;0;0;0;;;;6;18
"055003";"Alviano";24;10;0;0;0;;;;10;10;0;0;0;;;;10;20
"055003";"Alviano";25;4;0;0;0;;;;4;7;0;0;0;;;;7;11
"055003";"Alviano";26;5;0;0;0;;;;5;11;1;0;0;;;;12;17
"055003";"Alviano";27;7;0;0;0;;;;7;6;1;0;0;;;;7;14
"055003";"Alviano";28;5;2;0;0;;;;7;10;0;0;0;;;;10;17
"055003";"Alviano";29;4;0;0;0;;;;4;6;1;1;0;;;;8;12
"055003";"Alviano";30;10;1;0;0;;;;11;6;2;0;0;;;;8;19
"055003";"Alviano";31;4;0;0;0;;;;4;5;1;0;0;;;;6;10
"055003";"Alviano";32;5;4;0;0;;;;9;6;3;0;0;;;;9;18
"055003";"Alviano";33;5;0;0;0;;;;5;3;1;0;0;;;;4;9
"055003";"Alviano";34;2;2;0;0;;;;4;3;8;0;0;;;;11;15
"055003";"Alviano";35;6;2;0;0;;;;8;1;2;0;0;;;;3;11
"055003";"Alviano";36;2;2;0;0;;;;4;4;2;0;0;;;;6;10
"055003";"Alviano";37;3;3;0;0;;;;6;2;1;0;0;;;;3;9
"055003";"Alviano";38;4;2;0;0;;;;6;1;4;0;0;;;;5;11
"055003";"Alviano";39;4;2;1;0;;;;7;2;4;0;0;;;;6;13
"055003";"Alviano";40;2;2;0;0;;;;4;0;5;0;0;;;;5;9
"055003";"Alviano";41;1;1;0;0;;;;2;3;3;0;0;;;;6;8
"055003";"Alviano";42;4;1;0;0;;;;5;2;5;2;0;;;;9;14
"055003";"Alviano";43;3;4;0;0;;;;7;3;1;0;0;;;;4;11
"055003";"Alviano";44;1;9;0;0;;;;10;1;7;0;0;;;;8;18
"055003";"Alviano";45;5;3;2;0;;;;10;3;4;0;0;;;;7;17
"055003";"Alviano";46;4;4;1;0;;;;9;2;6;0;0;;;;8;17
"055003";"Alviano";47;2;2;0;0;;;;4;1;3;1;0;;;;5;9
"055003";"Alviano";48;2;4;0;0;;;;6;1;2;0;0;;;;3;9
"055003";"Alviano";49;2;3;3;0;;;;8;0;5;1;1;;;;7;15
"055003";"Alviano";50;3;6;0;0;;;;9;2;7;2;0;;;;11;20
"055003";"Alviano";51;1;6;1;0;;;;8;3;4;0;0;;;;7;15
"055003";"Alviano";52;5;7;0;0;;;;12;1;10;0;1;;;;12;24
"055003";"Alviano";53;0;9;0;0;;;;9;1;13;0;1;;;;15;24
"055003";"Alviano";54;3;6;0;0;;;;9;2;14;1;0;;;;17;26
"055003";"Alviano";55;2;12;0;0;;;;14;5;5;0;0;;;;10;24
"055003";"Alviano";56;2;5;2;0;;;;9;1;8;2;1;;;;12;21
"055003";"Alviano";57;2;11;0;0;;;;13;0;15;0;3;;;;18;31
"055003";"Alviano";58;1;10;0;0;;;;11;2;16;0;0;;;;18;29
"055003";"Alviano";59;2;10;1;0;;;;13;0;8;0;1;;;;9;22
"055003";"Alviano";60;1;14;4;0;;;;19;0;16;0;1;;;;17;36
"055003";"Alviano";61;1;10;0;0;;;;11;1;16;0;1;;;;18;29
"055003";"Alviano";62;0;12;0;0;;;;12;0;14;3;0;;;;17;29
"055003";"Alviano";63;1;10;1;0;;;;12;0;4;0;0;;;;4;16
"055003";"Alviano";64;0;14;0;0;;;;14;0;10;0;1;;;;11;25
"055003";"Alviano";65;0;4;1;1;;;;6;0;9;0;4;;;;13;19
"055003";"Alviano";66;0;11;0;0;;;;11;1;9;1;2;;;;13;24
"055003";"Alviano";67;1;8;0;0;;;;9;1;8;1;1;;;;11;20
"055003";"Alviano";68;1;9;0;0;;;;10;2;8;0;2;;;;12;22
"055003";"Alviano";69;1;7;0;0;;;;8;1;8;0;3;;;;12;20
"055003";"Alviano";70;0;7;0;0;;;;7;0;3;1;1;;;;5;12
"055003";"Alviano";71;0;5;1;1;;;;7;0;6;1;1;;;;8;15
"055003";"Alviano";72;0;9;0;0;;;;9;0;7;0;2;;;;9;18
"055003";"Alviano";73;1;11;1;0;;;;13;0;3;0;2;;;;5;18
"055003";"Alviano";74;0;11;1;1;;;;13;0;3;1;2;;;;6;19
"055003";"Alviano";75;0;6;2;1;;;;9;0;4;0;8;;;;12;21
"055003";"Alviano";76;0;5;1;1;;;;7;0;2;0;0;;;;2;9
"055003";"Alviano";77;1;4;0;0;;;;5;0;0;0;5;;;;5;10
"055003";"Alviano";78;0;6;0;1;;;;7;0;7;0;3;;;;10;17
"055003";"Alviano";79;0;1;0;0;;;;1;0;5;0;4;;;;9;10
"055003";"Alviano";80;0;3;0;1;;;;4;0;1;0;1;;;;2;6
"055003";"Alviano";81;1;3;0;0;;;;4;0;5;1;3;;;;9;13
"055003";"Alviano";82;0;3;0;1;;;;4;0;1;0;3;;;;4;8
"055003";"Alviano";83;0;2;0;1;;;;3;0;1;0;5;;;;6;9
"055003";"Alviano";84;0;3;0;0;;;;3;0;1;0;0;;;;1;4
"055003";"Alviano";85;0;6;0;2;;;;8;0;4;0;4;;;;8;16
"055003";"Alviano";86;0;3;0;1;;;;4;0;3;0;13;;;;16;20
"055003";"Alviano";87;0;2;0;2;;;;4;0;1;0;1;;;;2;6
"055003";"Alviano";88;0;3;0;0;;;;3;0;0;0;4;;;;4;7
"055003";"Alviano";89;0;0;0;0;;;;0;0;1;0;3;;;;4;4
"055003";"Alviano";90;0;2;0;0;;;;2;1;1;1;5;;;;8;10
"055003";"Alviano";91;1;1;1;0;;;;3;1;1;0;1;;;;3;6
"055003";"Alviano";92;0;2;0;0;;;;2;0;0;0;2;;;;2;4
"055003";"Alviano";93;0;0;0;1;;;;1;0;0;0;3;;;;3;4
"055003";"Alviano";94;0;1;0;0;;;;1;0;0;0;2;;;;2;3
"055003";"Alviano";95;0;2;0;0;;;;2;0;0;0;2;;;;2;4
"055003";"Alviano";96;0;0;0;0;;;;0;0;0;0;1;;;;1;1
"055003";"Alviano";97;0;0;0;0;;;;0;0;0;0;0;;;;0;0
"055003";"Alviano";98;0;0;0;1;;;;1;0;0;0;1;;;;1;2
"055003";"Alviano";99;0;0;0;0;;;;0;0;0;0;0;;;;0;0
"055003";"Alviano";100;0;0;0;0;;;;0;0;0;0;0;;;;0;0
"055003";"Alviano";999;258;335;24;16;;;;633;238;334;20;105;;;;697;1330
"055004";"Amelia";0;29;0;0;0;;;;29;26;0;0;0;;;;26;55
"055004";"Amelia";1;34;0;0;0;;;;34;22;0;0;0;;;;22;56
"055004";"Amelia";2;35;0;0;0;;;;35;40;0;0;0;;;;40;75
"055004";"Amelia";3;41;0;0;0;;;;41;28;0;0;0;;;;28;69
"055004";"Amelia";4;42;0;0;0;;;;42;36;0;0;0;;;;36;78
"055004";"Amelia";5;30;0;0;0;;;;30;35;0;0;0;;;;35;65
"055004";"Amelia";6;36;0;0;0;;;;36;41;0;0;0;;;;41;77
"055004";"Amelia";7;38;0;0;0;;;;38;51;0;0;0;;;;51;89
"055004";"Amelia";8;42;0;0;0;;;;42;48;0;0;0;;;;48;90
"055004";"Amelia";9;45;0;0;0;;;;45;42;0;0;0;;;;42;87
"055004";"Amelia";10;43;0;0;0;;;;43;37;0;0;0;;;;37;80
"055004";"Amelia";11;52;0;0;0;;;;52;41;0;0;0;;;;41;93
"055004";"Amelia";12;54;0;0;0;;;;54;50;0;0;0;;;;50;104
"055004";"Amelia";13;46;0;0;0;;;;46;63;0;0;0;;;;63;109
"055004";"Amelia";14;53;0;0;0;;;;53;48;0;0;0;;;;48;101
"055004";"Amelia";15;58;0;0;0;;;;58;55;0;0;0;;;;55;113
"055004";"Amelia";16;52;0;0;0;;;;52;46;0;0;0;;;;46;98
"055004";"Amelia";17;57;0;0;0;;;;57;48;0;0;0;;;;48;105
"055004";"Amelia";18;66;0;0;0;;;;66;54;0;0;0;;;;54;120
"055004";"Amelia";19;55;0;0;0;;;;55;44;0;0;0;;;;44;99
"055004";"Amelia";20;37;0;0;0;;;;37;41;0;0;0;;;;41;78
"055004";"Amelia";21;60;0;0;0;;;;60;50;0;0;0;;;;50;110
"055004";"Amelia";22;63;0;0;0;;;;63;45;1;0;0;;;;46;109
"055004";"Amelia";23;37;1;0;0;;;;38;41;0;0;0;;;;41;79
"055004";"Amelia";24;56;1;0;0;;;;57;44;3;0;0;;;;47;104
"055004";"Amelia";25;42;0;0;0;;;;42;52;1;0;0;;;;53;95
"055004";"Amelia";26;50;1;0;0;;;;51;45;3;0;0;;;;48;99
"055004";"Amelia";27;47;1;0;0;;;;48;49;5;0;0;;;;54;102
"055004";"Amelia";28;58;2;0;0;;;;60;33;5;1;0;;;;39;99
"055004";"Amelia";29;52;1;0;0;;;;53;43;5;0;0;;;;48;101
"055004";"Amelia";30;50;3;0;0;;;;53;45;7;0;0;;;;52;105
"055004";"Amelia";31;45;5;0;0;;;;50;27;14;0;0;;;;41;91
"055004";"Amelia";32;54;8;0;0;;;;62;29;17;0;0;;;;46;108
"055004";"Amelia";33;40;15;0;0;;;;55;33;16;0;0;;;;49;104
"055004";"Amelia";34;47;8;1;0;;;;56;34;17;0;0;;;;51;107
"055004";"Amelia";35;43;10;0;0;;;;53;32;15;0;0;;;;47;100
"055004";"Amelia";36;34;24;0;0;;;;58;28;24;2;0;;;;54;112
"055004";"Amelia";37;43;16;0;0;;;;59;34;26;0;0;;;;60;119
"055004";"Amelia";38;45;13;1;0;;;;59;34;27;0;0;;;;61;120
"055004";"Amelia";39;43;25;1;0;;;;69;37;40;0;0;;;;77;146
"055004";"Amelia";40;39;22;1;0;;;;62;23;27;0;0;;;;50;112
"055004";"Amelia";41;43;28;2;0;;;;73;33;32;1;0;;;;66;139
"055004";"Amelia";42;31;29;0;0;;;;60;33;37;1;0;;;;71;131
"055004";"Amelia";43;31;27;1;0;;;;59;19;40;1;1;;;;61;120
"055004";"Amelia";44;35;26;4;0;;;;65;29;47;3;0;;;;79;144
"055004";"Amelia";45;34;45;0;0;;;;79;15;54;0;0;;;;69;148
"055004";"Amelia";46;40;36;2;0;;;;78;25;65;2;0;;;;92;170
"055004";"Amelia";47;28;51;2;0;;;;81;21;39;3;1;;;;64;145
"055004";"Amelia";48;42;48;5;1;;;;96;31;48;3;1;;;;83;179
"055004";"Amelia";49;35;49;2;0;;;;86;17;71;10;0;;;;98;184
"055004";"Amelia";50;33;60;3;0;;;;96;15;69;3;0;;;;87;183
"055004";"Amelia";51;24;63;5;0;;;;92;17;74;7;3;;;;101;193
"055004";"Amelia";52;37;65;8;0;;;;110;20;58;5;1;;;;84;194
"055004";"Amelia";53;23;58;2;0;;;;83;19;67;6;2;;;;94;177
"055004";"Amelia";54;21;40;5;0;;;;66;11;73;3;1;;;;88;154
"055004";"Amelia";55;25;66;12;0;;;;103;18;63;13;2;;;;96;199
"055004";"Amelia";56;29;59;5;2;;;;95;19;64;2;5;;;;90;185
"055004";"Amelia";57;23;66;8;2;;;;99;17;69;16;1;;;;103;202
"055004";"Amelia";58;25;72;7;0;;;;104;12;65;11;5;;;;93;197
"055004";"Amelia";59;23;61;8;1;;;;93;15;73;11;6;;;;105;198
"055004";"Amelia";60;18;68;8;3;;;;97;18;70;8;9;;;;105;202
"055004";"Amelia";61;11;70;9;3;;;;93;14;79;11;6;;;;110;203
"055004";"Amelia";62;12;69;12;1;;;;94;9;63;10;6;;;;88;182
"055004";"Amelia";63;9;73;9;2;;;;93;7;63;10;7;;;;87;180
"055004";"Amelia";64;13;64;9;2;;;;88;11;68;5;8;;;;92;180
"055004";"Amelia";65;9;78;10;3;;;;100;14;67;7;11;;;;99;199
"055004";"Amelia";66;4;75;4;1;;;;84;9;47;10;6;;;;72;156
"055004";"Amelia";67;8;65;5;3;;;;81;8;59;6;5;;;;78;159
"055004";"Amelia";68;10;52;8;2;;;;72;9;57;7;12;;;;85;157
"055004";"Amelia";69;10;61;4;5;;;;80;7;53;2;13;;;;75;155
"055004";"Amelia";70;6;60;3;3;;;;72;7;68;3;8;;;;86;158
"055004";"Amelia";71;3;61;4;3;;;;71;6;52;1;14;;;;73;144
"055004";"Amelia";72;9;50;5;2;;;;66;6;41;1;13;;;;61;127
"055004";"Amelia";73;6;57;3;2;;;;68;3;53;2;16;;;;74;142
"055004";"Amelia";74;8;50;3;2;;;;63;5;55;3;17;;;;80;143
"055004";"Amelia";75;5;67;2;8;;;;82;8;42;3;21;;;;74;156
"055004";"Amelia";76;8;56;5;5;;;;74;3;43;0;19;;;;65;139
"055004";"Amelia";77;9;48;6;3;;;;66;4;37;2;24;;;;67;133
"055004";"Amelia";78;4;58;1;12;;;;75;6;35;3;25;;;;69;144
"055004";"Amelia";79;2;32;0;4;;;;38;1;36;2;27;;;;66;104
"055004";"Amelia";80;4;43;3;11;;;;61;7;23;2;39;;;;71;132
"055004";"Amelia";81;4;35;2;5;;;;46;1;35;1;31;;;;68;114
"055004";"Amelia";82;1;41;0;5;;;;47;3;12;2;29;;;;46;93
"055004";"Amelia";83;2;34;0;8;;;;44;2;22;0;35;;;;59;103
"055004";"Amelia";84;2;28;1;5;;;;36;2;21;0;37;;;;60;96
"055004";"Amelia";85;6;35;1;3;;;;45;2;11;2;30;;;;45;90
"055004";"Amelia";86;2;24;1;5;;;;32;0;16;1;33;;;;50;82
"055004";"Amelia";87;2;14;0;11;;;;27;1;13;1;39;;;;54;81
"055004";"Amelia";88;0;15;0;2;;;;17;1;8;0;27;;;;36;53
"055004";"Amelia";89;2;12;0;5;;;;19;1;2;0;40;;;;43;62
"055004";"Amelia";90;1;6;0;4;;;;11;0;2;1;6;;;;9;20
"055004";"Amelia";91;0;12;0;6;;;;18;0;2;0;31;;;;33;51
"055004";"Amelia";92;1;4;1;5;;;;11;2;3;0;16;;;;21;32
"055004";"Amelia";93;0;5;0;2;;;;7;1;1;0;12;;;;14;21
"055004";"Amelia";94;0;3;0;4;;;;7;0;1;0;9;;;;10;17
"055004";"Amelia";95;0;2;0;5;;;;7;0;0;0;17;;;;17;24
"055004";"Amelia";96;0;3;0;4;;;;7;0;0;0;9;;;;9;16
"055004";"Amelia";97;0;1;0;0;;;;1;0;0;0;3;;;;3;4
"055004";"Amelia";98;0;0;0;1;;;;1;0;0;0;3;;;;3;4
"055004";"Amelia";99;0;0;0;0;;;;0;1;0;0;3;;;;4;4
"055004";"Amelia";100;0;1;0;0;;;;1;0;0;0;6;;;;6;7
"055004";"Amelia";999;2666;2637;204;166;;;;5673;2219;2621;210;751;;;;5801;11474
"055005";"Arrone";0;8;0;0;0;;;;8;6;0;0;0;;;;6;14
"055005";"Arrone";1;6;0;0;0;;;;6;10;0;0;0;;;;10;16
"055005";"Arrone";2;4;0;0;0;;;;4;7;0;0;0;;;;7;11
"055005";"Arrone";3;5;0;0;0;;;;5;13;0;0;0;;;;13;18
"055005";"Arrone";4;3;0;0;0;;;;3;4;0;0;0;;;;4;7
"055005";"Arrone";5;9;0;0;0;;;;9;9;0;0;0;;;;9;18
"055005";"Arrone";6;9;0;0;0;;;;9;11;0;0;0;;;;11;20
"055005";"Arrone";7;12;0;0;0;;;;12;9;0;0;0;;;;9;21
"055005";"Arrone";8;13;0;0;0;;;;13;9;0;0;0;;;;9;22
"055005";"Arrone";9;4;0;0;0;;;;4;10;0;0;0;;;;10;14
"055005";"Arrone";10;7;0;0;0;;;;7;10;0;0;0;;;;10;17
"055005";"Arrone";11;6;0;0;0;;;;6;7;0;0;0;;;;7;13
"055005";"Arrone";12;12;0;0;0;;;;12;5;0;0;0;;;;5;17
"055005";"Arrone";13;13;0;0;0;;;;13;5;0;0;0;;;;5;18
"055005";"Arrone";14;9;0;0;0;;;;9;9;0;0;0;;;;9;18
"055005";"Arrone";15;16;0;0;0;;;;16;14;0;0;0;;;;14;30
"055005";"Arrone";16;10;0;0;0;;;;10;10;0;0;0;;;;10;20
"055005";"Arrone";17;12;0;0;0;;;;12;13;0;0;0;;;;13;25
"055005";"Arrone";18;7;0;0;0;;;;7;12;0;0;0;;;;12;19
"055005";"Arrone";19;12;0;0;0;;;;12;11;0;0;0;;;;11;23
"055005";"Arrone";20;12;0;0;0;;;;12;18;0;0;0;;;;18;30
"055005";"Arrone";21;11;0;0;0;;;;11;8;1;0;0;;;;9;20
"055005";"Arrone";22;14;0;0;0;;;;14;7;0;0;0;;;;7;21
"055005";"Arrone";23;8;0;0;0;;;;8;12;1;0;0;;;;13;21
"055005";"Arrone";24;11;0;0;0;;;;11;9;0;0;0;;;;9;20
"055005";"Arrone";25;13;1;0;0;;;;14;10;1;0;0;;;;11;25
"055005";"Arrone";26;15;2;0;0;;;;17;9;2;0;0;;;;11;28
"055005";"Arrone";27;14;0;0;0;;;;14;6;0;0;0;;;;6;20
"055005";"Arrone";28;14;1;0;0;;;;15;12;1;0;0;;;;13;28
"055005";"Arrone";29;15;1;0;0;;;;16;10;1;0;0;;;;11;27
"055005";"Arrone";30;14;0;0;0;;;;14;5;3;0;0;;;;8;22
"055005";"Arrone";31;13;3;0;0;;;;16;4;1;0;0;;;;5;21
"055005";"Arrone";32;4;3;0;0;;;;7;7;2;0;0;;;;9;16
"055005";"Arrone";33;10;2;0;0;;;;12;10;4;0;0;;;;14;26
"055005";"Arrone";34;10;1;0;0;;;;11;8;2;1;0;;;;11;22
"055005";"Arrone";35;9;2;0;0;;;;11;8;6;0;0;;;;14;25
"055005";"Arrone";36;10;4;0;0;;;;14;8;7;0;0;;;;15;29
"055005";"Arrone";37;7;6;0;0;;;;13;3;4;0;0;;;;7;20
"055005";"Arrone";38;9;4;0;0;;;;13;8;8;1;0;;;;17;30
"055005";"Arrone";39;5;3;0;0;;;;8;4;8;0;0;;;;12;20
"055005";"Arrone";40;9;3;1;1;;;;14;4;3;2;0;;;;9;23
"055005";"Arrone";41;4;7;0;0;;;;11;6;6;1;0;;;;13;24
"055005";"Arrone";42;5;14;0;0;;;;19;4;9;0;0;;;;13;32
"055005";"Arrone";43;7;15;1;0;;;;23;6;10;1;0;;;;17;40
"055005";"Arrone";44;13;8;0;1;;;;22;4;4;1;0;;;;9;31
"055005";"Arrone";45;7;6;0;0;;;;13;4;9;0;0;;;;13;26
"055005";"Arrone";46;3;11;0;0;;;;14;3;13;1;0;;;;17;31
"055005";"Arrone";47;5;10;0;0;;;;15;8;16;3;0;;;;27;42
"055005";"Arrone";48;6;6;0;0;;;;12;3;14;3;0;;;;20;32
"055005";"Arrone";49;3;15;1;0;;;;19;1;17;3;0;;;;21;40
"055005";"Arrone";50;8;5;0;0;;;;13;3;6;1;0;;;;10;23
"055005";"Arrone";51;7;14;2;0;;;;23;4;20;2;0;;;;26;49
"055005";"Arrone";52;4;14;0;0;;;;18;6;11;0;2;;;;19;37
"055005";"Arrone";53;3;12;0;0;;;;15;8;15;3;0;;;;26;41
"055005";"Arrone";54;6;11;1;0;;;;18;6;14;2;1;;;;23;41
"055005";"Arrone";55;5;11;1;0;;;;17;2;16;2;1;;;;21;38
"055005";"Arrone";56;4;13;1;0;;;;18;3;23;4;0;;;;30;48
"055005";"Arrone";57;2;13;0;0;;;;15;2;12;2;3;;;;19;34
"055005";"Arrone";58;2;13;3;0;;;;18;5;18;3;2;;;;28;46
"055005";"Arrone";59;3;27;2;0;;;;32;4;13;1;3;;;;21;53
"055005";"Arrone";60;1;15;1;0;;;;17;0;18;1;3;;;;22;39
"055005";"Arrone";61;2;19;1;1;;;;23;0;13;1;0;;;;14;37
"055005";"Arrone";62;3;13;3;0;;;;19;1;17;0;3;;;;21;40
"055005";"Arrone";63;2;19;1;0;;;;22;0;14;0;1;;;;15;37
"055005";"Arrone";64;1;17;0;1;;;;19;1;11;1;0;;;;13;32
"055005";"Arrone";65;1;16;1;0;;;;18;1;16;0;2;;;;19;37
"055005";"Arrone";66;1;14;0;1;;;;16;0;18;4;5;;;;27;43
"055005";"Arrone";67;2;15;1;0;;;;18;1;9;0;4;;;;14;32
"055005";"Arrone";68;0;14;0;0;;;;14;1;13;2;5;;;;21;35
"055005";"Arrone";69;0;10;1;0;;;;11;4;7;1;3;;;;15;26
"055005";"Arrone";70;3;9;2;2;;;;16;1;14;1;0;;;;16;32
"055005";"Arrone";71;0;17;0;0;;;;17;1;9;1;1;;;;12;29
"055005";"Arrone";72;1;10;2;1;;;;14;1;12;2;3;;;;18;32
"055005";"Arrone";73;0;11;0;1;;;;12;1;9;2;1;;;;13;25
"055005";"Arrone";74;3;9;2;0;;;;14;2;11;2;6;;;;21;35
"055005";"Arrone";75;1;17;1;4;;;;23;1;7;0;5;;;;13;36
"055005";"Arrone";76;2;12;1;2;;;;17;4;17;0;6;;;;27;44
"055005";"Arrone";77;0;16;0;0;;;;16;0;5;0;7;;;;12;28
"055005";"Arrone";78;0;15;1;0;;;;16;0;11;0;9;;;;20;36
"055005";"Arrone";79;0;7;1;1;;;;9;1;9;2;2;;;;14;23
"055005";"Arrone";80;1;3;1;2;;;;7;3;6;0;5;;;;14;21
"055005";"Arrone";81;2;15;0;1;;;;18;1;7;2;8;;;;18;36
"055005";"Arrone";82;0;12;0;0;;;;12;0;5;0;3;;;;8;20
"055005";"Arrone";83;1;8;0;2;;;;11;3;7;0;6;;;;16;27
"055005";"Arrone";84;1;7;0;2;;;;10;0;5;0;9;;;;14;24
"055005";"Arrone";85;0;2;0;1;;;;3;0;7;0;10;;;;17;20
"055005";"Arrone";86;0;1;0;2;;;;3;1;2;0;8;;;;11;14
"055005";"Arrone";87;0;2;0;1;;;;3;1;0;0;11;;;;12;15
"055005";"Arrone";88;1;3;2;0;;;;6;0;1;0;4;;;;5;11
"055005";"Arrone";89;0;4;0;2;;;;6;0;3;0;9;;;;12;18
"055005";"Arrone";90;1;2;0;0;;;;3;0;1;0;6;;;;7;10
"055005";"Arrone";91;0;3;0;0;;;;3;0;0;0;5;;;;5;8
"055005";"Arrone";92;0;3;0;0;;;;3;0;0;0;5;;;;5;8
"055005";"Arrone";93;0;2;0;0;;;;2;0;0;0;2;;;;2;4
"055005";"Arrone";94;0;0;0;1;;;;1;0;0;0;3;;;;3;4
"055005";"Arrone";95;0;0;0;0;;;;0;1;0;0;1;;;;2;2
"055005";"Arrone";96;0;0;0;1;;;;1;0;0;0;3;;;;3;4
"055005";"Arrone";97;1;0;0;0;;;;1;0;0;0;2;;;;2;3
"055005";"Arrone";98;0;0;0;0;;;;0;0;0;0;1;;;;1;1
"055005";"Arrone";99;0;0;0;0;;;;0;0;0;0;2;;;;2;2
"055005";"Arrone";100;0;0;0;0;;;;0;0;0;0;0;;;;0;0
"055005";"Arrone";999;532;603;35;31;;;;1201;467;585;59;181;;;;1292;2493
"055006";"Attigliano";0;7;0;0;0;;;;7;3;0;0;0;;;;3;10
"055006";"Attigliano";1;5;0;0;0;;;;5;2;0;0;0;;;;2;7
"055006";"Attigliano";2;7;0;0;0;;;;7;4;0;0;0;;;;4;11
"055006";"Attigliano";3;5;0;0;0;;;;5;7;0;0;0;;;;7;12
"055006";"Attigliano";4;8;0;0;0;;;;8;10;0;0;0;;;;10;18
"055006";"Attigliano";5;9;0;0;0;;;;9;9;0;0;0;;;;9;18
"055006";"Attigliano";6;6;0;0;0;;;;6;10;0;0;0;;;;10;16
"055006";"Attigliano";7;5;0;0;0;;;;5;9;0;0;0;;;;9;14
"055006";"Attigliano";8;7;0;0;0;;;;7;4;0;0;0;;;;4;11
"055006";"Attigliano";9;4;0;0;0;;;;4;5;0;0;0;;;;5;9
"055006";"Attigliano";10;9;0;0;0;;;;9;5;0;0;0;;;;5;14
"055006";"Attigliano";11;11;0;0;0;;;;11;6;0;0;0;;;;6;17
"055006";"Attigliano";12;9;0;0;0;;;;9;8;0;0;0;;;;8;17
"055006";"Attigliano";13;13;0;0;0;;;;13;11;0;0;0;;;;11;24
"055006";"Attigliano";14;9;0;0;0;;;;9;6;0;0;0;;;;6;15
"055006";"Attigliano";15;6;0;0;0;;;;6;5;0;0;0;;;;5;11
"055006";"Attigliano";16;14;0;0;0;;;;14;11;0;0;0;;;;11;25
"055006";"Attigliano";17;9;0;0;0;;;;9;10;0;0;0;;;;10;19
"055006";"Attigliano";18;7;0;0;0;;;;7;5;0;0;0;;;;5;12
"055006";"Attigliano";19;12;0;0;0;;;;12;6;0;0;0;;;;6;18
"055006";"Attigliano";20;7;0;0;0;;;;7;6;0;0;0;;;;6;13
"055006";"Attigliano";21;11;0;0;0;;;;11;6;0;0;0;;;;6;17
"055006";"Attigliano";22;11;0;0;0;;;;11;11;0;0;0;;;;11;22
"055006";"Attigliano";23;8;0;0;0;;;;8;16;0;0;0;;;;16;24
"055006";"Attigliano";24;15;0;0;0;;;;15;12;0;0;0;;;;12;27
"055006";"Attigliano";25;6;0;0;0;;;;6;5;0;0;0;;;;5;11
"055006";"Attigliano";26;14;0;0;0;;;;14;8;0;0;0;;;;8;22
"055006";"Attigliano";27;12;0;0;0;;;;12;5;3;0;0;;;;8;20
"055006";"Attigliano";28;11;0;0;0;;;;11;6;0;0;0;;;;6;17
"055006";"Attigliano";29;8;0;0;0;;;;8;8;1;0;0;;;;9;17
"055006";"Attigliano";30;12;1;0;0;;;;13;3;1;0;0;;;;4;17
"055006";"Attigliano";31;9;1;0;0;;;;10;7;4;0;0;;;;11;21
"055006";"Attigliano";32;9;0;0;0;;;;9;2;3;0;0;;;;5;14
"055006";"Attigliano";33;9;0;0;0;;;;9;7;4;0;0;;;;11;20
"055006";"Attigliano";34;4;1;0;0;;;;5;4;2;0;0;;;;6;11
"055006";"Attigliano";35;7;5;0;0;;;;12;7;4;0;0;;;;11;23
"055006";"Attigliano";36;11;3;0;0;;;;14;2;4;0;0;;;;6;20
"055006";"Attigliano";37;4;1;0;0;;;;5;2;2;0;0;;;;4;9
"055006";"Attigliano";38;6;8;0;0;;;;14;7;13;0;0;;;;20;34
"055006";"Attigliano";39;9;1;0;0;;;;10;5;5;0;0;;;;10;20
"055006";"Attigliano";40;5;1;0;0;;;;6;7;7;0;0;;;;14;20
"055006";"Attigliano";41;10;9;0;0;;;;19;12;5;0;0;;;;17;36
"055006";"Attigliano";42;10;8;0;0;;;;18;7;9;0;0;;;;16;34
"055006";"Attigliano";43;8;3;0;0;;;;11;8;10;0;0;;;;18;29
"055006";"Attigliano";44;8;9;0;0;;;;17;3;5;1;0;;;;9;26
"055006";"Attigliano";45;8;3;1;0;;;;12;4;10;0;0;;;;14;26
"055006";"Attigliano";46;10;12;0;0;;;;22;4;8;3;0;;;;15;37
"055006";"Attigliano";47;7;10;3;0;;;;20;2;6;0;0;;;;8;28
"055006";"Attigliano";48;9;5;1;0;;;;15;4;10;1;0;;;;15;30
"055006";"Attigliano";49;6;12;0;1;;;;19;3;9;1;0;;;;13;32
"055006";"Attigliano";50;4;6;1;0;;;;11;7;9;0;0;;;;16;27
"055006";"Attigliano";51;11;11;0;0;;;;22;5;16;1;2;;;;24;46
"055006";"Attigliano";52;3;6;0;0;;;;9;4;9;2;0;;;;15;24
"055006";"Attigliano";53;2;14;0;0;;;;16;3;8;2;0;;;;13;29
"055006";"Attigliano";54;4;6;0;0;;;;10;5;5;2;3;;;;15;25
"055006";"Attigliano";55;4;11;0;0;;;;15;3;10;1;1;;;;15;30
"055006";"Attigliano";56;2;10;2;0;;;;14;0;15;2;1;;;;18;32
"055006";"Attigliano";57;0;8;1;0;;;;9;4;13;2;1;;;;20;29
"055006";"Attigliano";58;6;10;3;0;;;;19;3;14;2;1;;;;20;39
"055006";"Attigliano";59;4;18;1;1;;;;24;2;18;0;0;;;;20;44
"055006";"Attigliano";60;1;11;1;0;;;;13;1;14;3;1;;;;19;32
"055006";"Attigliano";61;0;18;3;0;;;;21;2;16;1;2;;;;21;42
"055006";"Attigliano";62;0;9;0;0;;;;9;2;9;2;2;;;;15;24
"055006";"Attigliano";63;2;13;0;0;;;;15;0;11;0;4;;;;15;30
"055006";"Attigliano";64;2;13;1;1;;;;17;2;11;1;1;;;;15;32
"055006";"Attigliano";65;3;8;0;1;;;;12;0;9;2;0;;;;11;23
"055006";"Attigliano";66;3;10;0;0;;;;13;2;13;1;4;;;;20;33
"055006";"Attigliano";67;3;7;0;0;;;;10;0;6;0;0;;;;6;16
"055006";"Attigliano";68;0;9;2;0;;;;11;0;7;1;5;;;;13;24
"055006";"Attigliano";69;1;10;0;0;;;;11;2;6;1;1;;;;10;21
"055006";"Attigliano";70;4;10;0;1;;;;15;0;7;1;6;;;;14;29
"055006";"Attigliano";71;1;5;0;0;;;;6;0;12;3;4;;;;19;25
"055006";"Attigliano";72;0;11;1;0;;;;12;2;8;1;2;;;;13;25
"055006";"Attigliano";73;2;6;2;0;;;;10;1;6;0;1;;;;8;18
"055006";"Attigliano";74;1;8;0;0;;;;9;0;5;0;2;;;;7;16
"055006";"Attigliano";75;1;11;1;1;;;;14;0;6;0;3;;;;9;23
"055006";"Attigliano";76;1;11;0;1;;;;13;2;7;0;4;;;;13;26
"055006";"Attigliano";77;1;6;0;0;;;;7;0;4;1;7;;;;12;19
"055006";"Attigliano";78;0;9;0;1;;;;10;0;4;0;2;;;;6;16
"055006";"Attigliano";79;0;9;1;0;;;;10;0;8;0;4;;;;12;22
"055006";"Attigliano";80;1;1;0;0;;;;2;0;1;0;5;;;;6;8
"055006";"Attigliano";81;1;4;0;1;;;;6;2;1;0;1;;;;4;10
"055006";"Attigliano";82;0;3;0;0;;;;3;0;3;0;3;;;;6;9
"055006";"Attigliano";83;0;10;0;2;;;;12;1;5;0;11;;;;17;29
"055006";"Attigliano";84;0;2;0;0;;;;2;0;2;0;5;;;;7;9
"055006";"Attigliano";85;0;3;0;2;;;;5;1;2;0;7;;;;10;15
"055006";"Attigliano";86;0;4;0;2;;;;6;0;3;0;4;;;;7;13
"055006";"Attigliano";87;0;4;0;0;;;;4;0;0;1;7;;;;8;12
"055006";"Attigliano";88;2;4;1;0;;;;7;0;3;0;2;;;;5;12
"055006";"Attigliano";89;0;2;0;0;;;;2;0;0;0;3;;;;3;5
"055006";"Attigliano";90;0;0;0;2;;;;2;0;1;0;5;;;;6;8
"055006";"Attigliano";91;0;1;0;1;;;;2;0;1;0;4;;;;5;7
"055006";"Attigliano";92;0;1;0;0;;;;1;0;0;0;2;;;;2;3
"055006";"Attigliano";93;1;0;0;0;;;;1;0;0;0;1;;;;1;2
"055006";"Attigliano";94;0;0;0;1;;;;1;0;0;0;1;;;;1;2
"055006";"Attigliano";95;0;0;0;0;;;;0;0;0;0;1;;;;1;1
"055006";"Attigliano";96;0;0;0;1;;;;1;0;0;0;1;;;;1;2
"055006";"Attigliano";97;0;0;0;0;;;;0;0;0;0;0;;;;0;0
"055006";"Attigliano";98;0;1;0;0;;;;1;0;0;0;1;;;;1;2
"055006";"Attigliano";99;0;0;0;0;;;;0;0;0;0;1;;;;1;1
"055006";"Attigliano";100;0;0;0;0;;;;0;0;0;0;0;;;;0;0
"055006";"Attigliano";999;497;427;26;20;;;;970;375;433;39;129;;;;976;1946
"055033";"Avigliano Umbro";0;9;0;0;0;;;;9;2;0;0;0;;;;2;11
"055033";"Avigliano Umbro";1;5;0;0;0;;;;5;8;0;0;0;;;;8;13
"055033";"Avigliano Umbro";2;4;0;0;0;;;;4;9;0;0;0;;;;9;13
"055033";"Avigliano Umbro";3;6;0;0;0;;;;6;6;0;0;0;;;;6;12
"055033";"Avigliano Umbro";4;9;0;0;0;;;;9;3;0;0;0;;;;3;12
"055033";"Avigliano Umbro";5;5;0;0;0;;;;5;4;0;0;0;;;;4;9
"055033";"Avigliano Umbro";6;12;0;0;0;;;;12;8;0;0;0;;;;8;20
"055033";"Avigliano Umbro";7;9;0;0;0;;;;9;10;0;0;0;;;;10;19
"055033";"Avigliano Umbro";8;17;0;0;0;;;;17;1;0;0;0;;;;1;18
"055033";"Avigliano Umbro";9;11;0;0;0;;;;11;5;0;0;0;;;;5;16
"055033";"Avigliano Umbro";10;13;0;0;0;;;;13;11;0;0;0;;;;11;24
"055033";"Avigliano Umbro";11;14;0;0;0;;;;14;9;0;0;0;;;;9;23
"055033";"Avigliano Umbro";12;12;0;0;0;;;;12;9;0;0;0;;;;9;21
"055033";"Avigliano Umbro";13;7;0;0;0;;;;7;10;0;0;0;;;;10;17
"055033";"Avigliano Umbro";14;13;0;0;0;;;;13;8;0;0;0;;;;8;21
"055033";"Avigliano Umbro";15;8;0;0;0;;;;8;5;0;0;0;;;;5;13
"055033";"Avigliano Umbro";16;11;0;0;0;;;;11;14;0;0;0;;;;14;25
"055033";"Avigliano Umbro";17;11;0;0;0;;;;11;12;0;0;0;;;;12;23
"055033";"Avigliano Umbro";18;12;0;0;0;;;;12;8;0;0;0;;;;8;20
"055033";"Avigliano Umbro";19;13;0;0;0;;;;13;9;0;0;0;;;;9;22
"055033";"Avigliano Umbro";20;15;0;0;0;;;;15;6;0;0;0;;;;6;21
"055033";"Avigliano Umbro";21;15;0;0;0;;;;15;9;0;0;0;;;;9;24
"055033";"Avigliano Umbro";22;10;0;0;0;;;;10;10;0;0;0;;;;10;20
"055033";"Avigliano Umbro";23;14;0;1;0;;;;15;12;0;0;0;;;;12;27
"055033";"Avigliano Umbro";24;8;0;0;0;;;;8;8;0;0;0;;;;8;16
"055033";"Avigliano Umbro";25;16;0;0;0;;;;16;20;0;0;0;;;;20;36
"055033";"Avigliano Umbro";26;8;0;0;0;;;;8;7;0;0;0;;;;7;15
"055033";"Avigliano Umbro";27;20;0;0;0;;;;20;7;1;0;0;;;;8;28
"055033";"Avigliano Umbro";28;7;0;0;0;;;;7;7;1;0;0;;;;8;15
"055033";"Avigliano Umbro";29;15;0;0;0;;;;15;8;0;0;0;;;;8;23
"055033";"Avigliano Umbro";30;7;0;0;0;;;;7;3;0;1;0;;;;4;11
"055033";"Avigliano Umbro";31;7;2;0;0;;;;9;5;2;0;0;;;;7;16
"055033";"Avigliano Umbro";32;11;2;0;0;;;;13;6;2;0;0;;;;8;21
"055033";"Avigliano Umbro";33;7;2;0;0;;;;9;5;2;0;0;;;;7;16
"055033";"Avigliano Umbro";34;7;0;0;0;;;;7;4;7;0;0;;;;11;18
"055033";"Avigliano Umbro";35;3;0;0;0;;;;3;9;5;0;0;;;;14;17
"055033";"Avigliano Umbro";36;7;1;0;0;;;;8;6;6;0;0;;;;12;20
"055033";"Avigliano Umbro";37;8;5;0;0;;;;13;5;2;0;0;;;;7;20
"055033";"Avigliano Umbro";38;10;4;0;0;;;;14;6;12;0;0;;;;18;32
"055033";"Avigliano Umbro";39;10;3;1;0;;;;14;8;7;0;0;;;;15;29
"055033";"Avigliano Umbro";40;7;13;0;0;;;;20;1;7;1;0;;;;9;29
"055033";"Avigliano Umbro";41;10;6;0;0;;;;16;8;10;0;0;;;;18;34
"055033";"Avigliano Umbro";42;5;9;0;0;;;;14;1;12;0;0;;;;13;27
"055033";"Avigliano Umbro";43;5;6;0;0;;;;11;2;9;1;0;;;;12;23
"055033";"Avigliano Umbro";44;9;13;0;0;;;;22;1;14;0;0;;;;15;37
"055033";"Avigliano Umbro";45;4;10;0;0;;;;14;4;12;1;0;;;;17;31
"055033";"Avigliano Umbro";46;8;5;1;0;;;;14;6;3;2;0;;;;11;25
"055033";"Avigliano Umbro";47;11;15;1;0;;;;27;3;7;0;0;;;;10;37
"055033";"Avigliano Umbro";48;6;7;1;0;;;;14;1;13;0;0;;;;14;28
"055033";"Avigliano Umbro";49;4;7;0;0;;;;11;2;19;0;0;;;;21;32
"055033";"Avigliano Umbro";50;0;22;0;0;;;;22;2;12;1;0;;;;15;37
"055033";"Avigliano Umbro";51;4;10;0;0;;;;14;2;22;1;0;;;;25;39
"055033";"Avigliano Umbro";52;8;7;0;0;;;;15;1;18;2;1;;;;22;37
"055033";"Avigliano Umbro";53;4;21;2;0;;;;27;2;5;0;1;;;;8;35
"055033";"Avigliano Umbro";54;6;15;0;0;;;;21;2;10;1;1;;;;14;35
"055033";"Avigliano Umbro";55;3;10;3;0;;;;16;2;20;0;0;;;;22;38
"055033";"Avigliano Umbro";56;1;26;0;1;;;;28;2;14;3;0;;;;19;47
"055033";"Avigliano Umbro";57;7;8;3;0;;;;18;1;14;2;0;;;;17;35
"055033";"Avigliano Umbro";58;2;12;0;0;;;;14;1;18;0;2;;;;21;35
"055033";"Avigliano Umbro";59;3;13;1;1;;;;18;2;14;1;3;;;;20;38
"055033";"Avigliano Umbro";60;2;14;1;0;;;;17;4;19;2;1;;;;26;43
"055033";"Avigliano Umbro";61;4;14;1;0;;;;19;0;15;0;2;;;;17;36
"055033";"Avigliano Umbro";62;1;12;1;0;;;;14;1;16;0;1;;;;18;32
"055033";"Avigliano Umbro";63;3;14;1;0;;;;18;0;19;0;1;;;;20;38
"055033";"Avigliano Umbro";64;2;18;0;0;;;;20;0;10;1;1;;;;12;32
"055033";"Avigliano Umbro";65;0;22;0;0;;;;22;1;12;0;2;;;;15;37
"055033";"Avigliano Umbro";66;1;17;0;0;;;;18;2;21;0;1;;;;24;42
"055033";"Avigliano Umbro";67;1;13;0;0;;;;14;0;7;2;1;;;;10;24
"055033";"Avigliano Umbro";68;1;8;1;0;;;;10;4;18;1;3;;;;26;36
"055033";"Avigliano Umbro";69;2;12;1;1;;;;16;1;19;0;4;;;;24;40
"055033";"Avigliano Umbro";70;0;15;0;1;;;;16;0;11;0;1;;;;12;28
"055033";"Avigliano Umbro";71;2;20;1;1;;;;24;2;2;0;2;;;;6;30
"055033";"Avigliano Umbro";72;0;8;0;1;;;;9;0;17;1;2;;;;20;29
"055033";"Avigliano Umbro";73;1;11;0;0;;;;12;1;16;0;4;;;;21;33
"055033";"Avigliano Umbro";74;0;17;0;0;;;;17;0;4;0;4;;;;8;25
"055033";"Avigliano Umbro";75;0;7;0;2;;;;9;1;11;1;5;;;;18;27
"055033";"Avigliano Umbro";76;0;12;0;1;;;;13;1;16;0;4;;;;21;34
"055033";"Avigliano Umbro";77;0;14;0;0;;;;14;0;10;1;4;;;;15;29
"055033";"Avigliano Umbro";78;4;14;0;3;;;;21;0;10;0;8;;;;18;39
"055033";"Avigliano Umbro";79;1;11;0;1;;;;13;0;3;0;6;;;;9;22
"055033";"Avigliano Umbro";80;0;14;0;1;;;;15;1;9;0;6;;;;16;31
"055033";"Avigliano Umbro";81;3;11;0;1;;;;15;0;5;0;3;;;;8;23
"055033";"Avigliano Umbro";82;1;8;1;1;;;;11;0;0;1;5;;;;6;17
"055033";"Avigliano Umbro";83;0;5;0;3;;;;8;0;3;0;6;;;;9;17
"055033";"Avigliano Umbro";84;1;1;1;0;;;;3;0;3;0;5;;;;8;11
"055033";"Avigliano Umbro";85;0;5;0;3;;;;8;0;1;0;8;;;;9;17
"055033";"Avigliano Umbro";86;0;5;0;1;;;;6;0;1;0;6;;;;7;13
"055033";"Avigliano Umbro";87;0;4;0;2;;;;6;0;2;0;7;;;;9;15
"055033";"Avigliano Umbro";88;1;1;0;2;;;;4;0;1;0;12;;;;13;17
"055033";"Avigliano Umbro";89;0;2;0;0;;;;2;0;0;0;9;;;;9;11
"055033";"Avigliano Umbro";90;0;2;0;1;;;;3;0;0;0;4;;;;4;7
"055033";"Avigliano Umbro";91;1;2;0;1;;;;4;0;0;0;0;;;;0;4
"055033";"Avigliano Umbro";92;0;1;0;0;;;;1;0;0;0;5;;;;5;6
"055033";"Avigliano Umbro";93;0;0;0;1;;;;1;0;0;0;1;;;;1;2
"055033";"Avigliano Umbro";94;0;1;0;0;;;;1;0;0;0;4;;;;4;5
"055033";"Avigliano Umbro";95;0;0;0;1;;;;1;0;0;0;3;;;;3;4
"055033";"Avigliano Umbro";96;0;0;0;0;;;;0;0;0;0;3;;;;3;3
"055033";"Avigliano Umbro";97;0;0;0;0;;;;0;0;0;0;2;;;;2;2
"055033";"Avigliano Umbro";98;0;0;0;0;;;;0;0;0;0;0;;;;0;0
"055033";"Avigliano Umbro";99;0;0;0;0;;;;0;0;0;0;0;;;;0;0
"055033";"Avigliano Umbro";100;0;0;0;0;;;;0;0;0;0;0;;;;0;0
"055033";"Avigliano Umbro";999;545;589;23;31;;;;1188;367;581;27;154;;;;1129;2317
"055007";"Baschi";0;5;0;0;0;;;;5;7;0;0;0;;;;7;12
"055007";"Baschi";1;7;0;0;0;;;;7;3;0;0;0;;;;3;10
"055007";"Baschi";2;4;0;0;0;;;;4;6;0;0;0;;;;6;10
"055007";"Baschi";3;4;0;0;0;;;;4;8;0;0;0;;;;8;12
"055007";"Baschi";4;6;0;0;0;;;;6;9;0;0;0;;;;9;15
"055007";"Baschi";5;6;0;0;0;;;;6;10;0;0;0;;;;10;16
"055007";"Baschi";6;8;0;0;0;;;;8;10;0;0;0;;;;10;18
"055007";"Baschi";7;12;0;0;0;;;;12;12;0;0;0;;;;12;24
"055007";"Baschi";8;11;0;0;0;;;;11;14;0;0;0;;;;14;25
"055007";"Baschi";9;9;0;0;0;;;;9;11;0;0;0;;;;11;20
"055007";"Baschi";10;8;0;0;0;;;;8;7;0;0;0;;;;7;15
"055007";"Baschi";11;9;0;0;0;;;;9;6;0;0;0;;;;6;15
"055007";"Baschi";12;12;0;0;0;;;;12;6;0;0;0;;;;6;18
"055007";"Baschi";13;14;0;0;0;;;;14;12;0;0;0;;;;12;26
"055007";"Baschi";14;20;0;0;0;;;;20;10;0;0;0;;;;10;30
"055007";"Baschi";15;10;0;0;0;;;;10;9;0;0;0;;;;9;19
"055007";"Baschi";16;7;0;0;0;;;;7;12;0;0;0;;;;12;19
"055007";"Baschi";17;14;0;0;0;;;;14;13;0;0;0;;;;13;27
"055007";"Baschi";18;19;0;0;0;;;;19;17;0;0;0;;;;17;36
"055007";"Baschi";19;13;0;0;0;;;;13;13;0;0;0;;;;13;26
"055007";"Baschi";20;9;0;0;0;;;;9;8;0;0;0;;;;8;17
"055007";"Baschi";21;11;0;0;0;;;;11;8;0;0;0;;;;8;19
"055007";"Baschi";22;19;0;0;0;;;;19;8;0;0;0;;;;8;27
"055007";"Baschi";23;12;0;0;0;;;;12;11;0;0;0;;;;11;23
"055007";"Baschi";24;8;0;0;0;;;;8;12;0;0;0;;;;12;20
"055007";"Baschi";25;14;1;0;0;;;;15;7;2;0;0;;;;9;24
"055007";"Baschi";26;12;0;0;0;;;;12;4;0;0;0;;;;4;16
"055007";"Baschi";27;12;0;0;0;;;;12;6;1;0;0;;;;7;19
"055007";"Baschi";28;8;0;0;0;;;;8;6;1;0;0;;;;7;15
"055007";"Baschi";29;7;0;0;0;;;;7;5;0;0;0;;;;5;12
"055007";"Baschi";30;6;0;0;0;;;;6;11;2;0;0;;;;13;19
"055007";"Baschi";31;9;1;0;0;;;;10;8;2;0;0;;;;10;20
"055007";"Baschi";32;8;2;0;0;;;;10;8;4;0;0;;;;12;22
"055007";"Baschi";33;6;1;0;0;;;;7;4;4;0;0;;;;8;15
"055007";"Baschi";34;8;3;0;0;;;;11;6;2;0;0;;;;8;19
"055007";"Baschi";35;14;1;0;0;;;;15;10;6;0;0;;;;16;31
"055007";"Baschi";36;8;4;0;0;;;;12;7;4;0;0;;;;11;23
"055007";"Baschi";37;9;2;0;0;;;;11;2;5;1;0;;;;8;19
"055007";"Baschi";38;8;4;0;0;;;;12;5;8;0;0;;;;13;25
"055007";"Baschi";39;14;6;0;0;;;;20;7;5;1;0;;;;13;33
"055007";"Baschi";40;7;3;0;0;;;;10;4;6;1;0;;;;11;21
"055007";"Baschi";41;7;7;0;0;;;;14;8;10;2;0;;;;20;34
"055007";"Baschi";42;5;4;0;0;;;;9;6;11;1;0;;;;18;27
"055007";"Baschi";43;4;4;0;0;;;;8;9;6;1;0;;;;16;24
"055007";"Baschi";44;8;6;0;0;;;;14;5;10;0;0;;;;15;29
"055007";"Baschi";45;8;13;1;0;;;;22;3;13;0;0;;;;16;38
"055007";"Baschi";46;2;8;0;0;;;;10;3;14;2;1;;;;20;30
"055007";"Baschi";47;9;9;1;0;;;;19;3;17;0;0;;;;20;39
"055007";"Baschi";48;9;9;1;0;;;;19;3;8;1;0;;;;12;31
"055007";"Baschi";49;7;10;0;0;;;;17;6;7;2;0;;;;15;32
"055007";"Baschi";50;10;9;0;0;;;;19;4;11;1;1;;;;17;36
"055007";"Baschi";51;6;13;2;0;;;;21;0;13;4;0;;;;17;38
"055007";"Baschi";52;9;15;1;1;;;;26;4;9;4;0;;;;17;43
"055007";"Baschi";53;8;12;0;0;;;;20;9;12;0;0;;;;21;41
"055007";"Baschi";54;10;12;3;1;;;;26;2;13;1;0;;;;16;42
"055007";"Baschi";55;7;19;4;0;;;;30;4;19;0;2;;;;25;55
"055007";"Baschi";56;6;19;2;1;;;;28;3;16;0;0;;;;19;47
"055007";"Baschi";57;5;9;1;1;;;;16;6;13;0;0;;;;19;35
"055007";"Baschi";58;6;10;5;1;;;;22;1;23;1;1;;;;26;48
"055007";"Baschi";59;4;13;3;0;;;;20;4;16;3;1;;;;24;44
"055007";"Baschi";60;5;4;0;0;;;;9;3;9;3;2;;;;17;26
"055007";"Baschi";61;2;18;4;0;;;;24;3;12;1;1;;;;17;41
"055007";"Baschi";62;4;9;3;0;;;;16;2;18;0;2;;;;22;38
"055007";"Baschi";63;5;13;1;0;;;;19;3;15;2;3;;;;23;42
"055007";"Baschi";64;1;22;1;2;;;;26;3;16;1;0;;;;20;46
"055007";"Baschi";65;3;20;2;1;;;;26;1;13;0;3;;;;17;43
"055007";"Baschi";66;5;6;1;0;;;;12;1;8;2;5;;;;16;28
"055007";"Baschi";67;1;14;1;0;;;;16;1;11;1;4;;;;17;33
"055007";"Baschi";68;4;18;2;0;;;;24;0;15;0;2;;;;17;41
"055007";"Baschi";69;2;12;0;0;;;;14;3;18;0;7;;;;28;42
"055007";"Baschi";70;5;8;3;0;;;;16;2;10;2;3;;;;17;33
"055007";"Baschi";71;2;12;0;0;;;;14;1;13;2;3;;;;19;33
"055007";"Baschi";72;2;10;3;1;;;;16;1;10;0;3;;;;14;30
"055007";"Baschi";73;2;15;2;0;;;;19;1;16;0;7;;;;24;43
"055007";"Baschi";74;1;13;1;1;;;;16;1;11;1;2;;;;15;31
"055007";"Baschi";75;1;18;5;0;;;;24;5;9;1;4;;;;19;43
"055007";"Baschi";76;1;17;1;0;;;;19;3;10;0;7;;;;20;39
"055007";"Baschi";77;2;14;0;2;;;;18;0;8;0;3;;;;11;29
"055007";"Baschi";78;2;11;1;0;;;;14;0;11;1;7;;;;19;33
"055007";"Baschi";79;2;7;0;0;;;;9;1;7;1;7;;;;16;25
"055007";"Baschi";80;1;6;0;2;;;;9;2;4;0;4;;;;10;19
"055007";"Baschi";81;1;10;0;2;;;;13;1;4;1;6;;;;12;25
"055007";"Baschi";82;1;8;1;2;;;;12;0;10;0;5;;;;15;27
"055007";"Baschi";83;2;6;0;2;;;;10;2;2;1;7;;;;12;22
"055007";"Baschi";84;1;2;0;1;;;;4;0;4;0;11;;;;15;19
"055007";"Baschi";85;0;12;0;2;;;;14;2;3;0;14;;;;19;33
"055007";"Baschi";86;1;8;0;0;;;;9;1;4;0;10;;;;15;24
"055007";"Baschi";87;1;3;1;3;;;;8;1;1;0;6;;;;8;16
"055007";"Baschi";88;2;4;0;1;;;;7;2;2;0;4;;;;8;15
"055007";"Baschi";89;0;4;0;2;;;;6;0;1;0;9;;;;10;16
"055007";"Baschi";90;2;6;0;3;;;;11;0;1;0;6;;;;7;18
"055007";"Baschi";91;0;3;0;0;;;;3;0;1;0;4;;;;5;8
"055007";"Baschi";92;0;2;0;0;;;;2;0;0;0;1;;;;1;3
"055007";"Baschi";93;1;3;0;1;;;;5;0;0;0;3;;;;3;8
"055007";"Baschi";94;0;0;0;3;;;;3;0;0;0;5;;;;5;8
"055007";"Baschi";95;0;1;0;0;;;;1;0;0;1;1;;;;2;3
"055007";"Baschi";96;0;0;0;0;;;;0;0;0;0;6;;;;6;6
"055007";"Baschi";97;0;1;0;0;;;;1;0;0;0;3;;;;3;4
"055007";"Baschi";98;0;0;0;1;;;;1;0;0;0;0;;;;0;1
"055007";"Baschi";99;0;1;0;0;;;;1;0;0;0;2;;;;2;3
"055007";"Baschi";100;0;0;0;0;;;;0;0;0;0;0;;;;0;0
"055007";"Baschi";999;602;570;57;37;;;;1266;471;570;47;188;;;;1276;2542
"055008";"Calvi dell'Umbria";0;6;0;0;0;;;;6;4;0;0;0;;;;4;10
"055008";"Calvi dell'Umbria";1;2;0;0;0;;;;2;5;0;0;0;;;;5;7
"055008";"Calvi dell'Umbria";2;2;0;0;0;;;;2;3;0;0;0;;;;3;5
"055008";"Calvi dell'Umbria";3;7;0;0;0;;;;7;5;0;0;0;;;;5;12
"055008";"Calvi dell'Umbria";4;6;0;0;0;;;;6;4;0;0;0;;;;4;10
"055008";"Calvi dell'Umbria";5;2;0;0;0;;;;2;6;0;0;0;;;;6;8
"055008";"Calvi dell'Umbria";6;0;0;0;0;;;;0;2;0;0;0;;;;2;2
"055008";"Calvi dell'Umbria";7;5;0;0;0;;;;5;2;0;0;0;;;;2;7
"055008";"Calvi dell'Umbria";8;4;0;0;0;;;;4;6;0;0;0;;;;6;10
"055008";"Calvi dell'Umbria";9;6;0;0;0;;;;6;1;0;0;0;;;;1;7
"055008";"Calvi dell'Umbria";10;3;0;0;0;;;;3;4;0;0;0;;;;4;7
"055008";"Calvi dell'Umbria";11;5;0;0;0;;;;5;13;0;0;0;;;;13;18
"055008";"Calvi dell'Umbria";12;3;0;0;0;;;;3;5;0;0;0;;;;5;8
"055008";"Calvi dell'Umbria";13;9;0;0;0;;;;9;7;0;0;0;;;;7;16
"055008";"Calvi dell'Umbria";14;2;0;0;0;;;;2;6;0;0;0;;;;6;8
"055008";"Calvi dell'Umbria";15;6;0;0;0;;;;6;6;0;0;0;;;;6;12
"055008";"Calvi dell'Umbria";16;6;0;0;0;;;;6;8;0;0;0;;;;8;14
"055008";"Calvi dell'Umbria";17;9;0;0;0;;;;9;6;0;0;0;;;;6;15
"055008";"Calvi dell'Umbria";18;5;0;0;0;;;;5;6;0;0;0;;;;6;11
"055008";"Calvi dell'Umbria";19;7;0;0;0;;;;7;7;0;0;0;;;;7;14
"055008";"Calvi dell'Umbria";20;2;0;0;0;;;;2;7;0;0;0;;;;7;9
"055008";"Calvi dell'Umbria";21;2;0;0;0;;;;2;7;0;0;0;;;;7;9
"055008";"Calvi dell'Umbria";22;8;0;0;0;;;;8;2;0;0;0;;;;2;10
"055008";"Calvi dell'Umbria";23;7;0;0;0;;;;7;8;0;0;0;;;;8;15
"055008";"Calvi dell'Umbria";24;3;0;0;0;;;;3;13;1;0;0;;;;14;17
"055008";"Calvi dell'Umbria";25;10;0;0;0;;;;10;6;1;0;0;;;;7;17
"055008";"Calvi dell'Umbria";26;1;0;0;0;;;;1;4;0;0;0;;;;4;5
"055008";"Calvi dell'Umbria";27;9;0;0;0;;;;9;7;0;0;0;;;;7;16
"055008";"Calvi dell'Umbria";28;13;0;0;0;;;;13;2;0;0;0;;;;2;15
"055008";"Calvi dell'Umbria";29;3;0;0;0;;;;3;7;1;0;0;;;;8;11
"055008";"Calvi dell'Umbria";30;9;1;0;0;;;;10;4;2;0;0;;;;6;16
"055008";"Calvi dell'Umbria";31;10;1;0;0;;;;11;7;4;0;0;;;;11;22
"055008";"Calvi dell'Umbria";32;5;1;0;0;;;;6;7;0;0;0;;;;7;13
"055008";"Calvi dell'Umbria";33;9;1;0;0;;;;10;6;3;0;0;;;;9;19
"055008";"Calvi dell'Umbria";34;5;2;0;0;;;;7;6;2;0;0;;;;8;15
"055008";"Calvi dell'Umbria";35;11;2;0;0;;;;13;8;2;0;0;;;;10;23
"055008";"Calvi dell'Umbria";36;6;4;0;0;;;;10;1;4;0;0;;;;5;15
"055008";"Calvi dell'Umbria";37;4;3;1;0;;;;8;3;4;2;0;;;;9;17
"055008";"Calvi dell'Umbria";38;6;1;1;0;;;;8;7;6;0;0;;;;13;21
"055008";"Calvi dell'Umbria";39;5;3;0;0;;;;8;2;5;0;0;;;;7;15
"055008";"Calvi dell'Umbria";40;3;2;0;0;;;;5;1;5;0;0;;;;6;11
"055008";"Calvi dell'Umbria";41;4;3;0;0;;;;7;4;6;0;0;;;;10;17
"055008";"Calvi dell'Umbria";42;4;7;0;0;;;;11;3;5;0;0;;;;8;19
"055008";"Calvi dell'Umbria";43;6;6;0;0;;;;12;3;3;0;0;;;;6;18
"055008";"Calvi dell'Umbria";44;2;4;0;0;;;;6;0;5;2;0;;;;7;13
"055008";"Calvi dell'Umbria";45;2;8;0;0;;;;10;1;5;0;0;;;;6;16
"055008";"Calvi dell'Umbria";46;3;5;2;0;;;;10;4;8;0;0;;;;12;22
"055008";"Calvi dell'Umbria";47;6;3;2;0;;;;11;1;5;0;0;;;;6;17
"055008";"Calvi dell'Umbria";48;4;9;0;0;;;;13;4;5;0;0;;;;9;22
"055008";"Calvi dell'Umbria";49;3;7;3;0;;;;13;2;12;0;0;;;;14;27
"055008";"Calvi dell'Umbria";50;2;7;0;0;;;;9;2;12;1;0;;;;15;24
"055008";"Calvi dell'Umbria";51;7;10;0;0;;;;17;3;10;0;2;;;;15;32
"055008";"Calvi dell'Umbria";52;1;6;0;0;;;;7;4;8;0;0;;;;12;19
"055008";"Calvi dell'Umbria";53;3;8;0;0;;;;11;1;9;1;0;;;;11;22
"055008";"Calvi dell'Umbria";54;4;11;2;0;;;;17;2;11;1;0;;;;14;31
"055008";"Calvi dell'Umbria";55;2;6;0;0;;;;8;3;15;3;0;;;;21;29
"055008";"Calvi dell'Umbria";56;4;13;0;0;;;;17;5;9;1;0;;;;15;32
"055008";"Calvi dell'Umbria";57;1;9;0;0;;;;10;1;8;0;0;;;;9;19
"055008";"Calvi dell'Umbria";58;2;12;2;2;;;;18;2;4;2;0;;;;8;26
"055008";"Calvi dell'Umbria";59;2;14;1;0;;;;17;4;13;2;1;;;;20;37
"055008";"Calvi dell'Umbria";60;3;10;0;0;;;;13;1;14;2;0;;;;17;30
"055008";"Calvi dell'Umbria";61;1;12;0;0;;;;13;3;9;0;0;;;;12;25
"055008";"Calvi dell'Umbria";62;5;12;0;0;;;;17;2;14;1;1;;;;18;35
"055008";"Calvi dell'Umbria";63;2;12;1;1;;;;16;3;13;2;2;;;;20;36
"055008";"Calvi dell'Umbria";64;1;14;2;0;;;;17;3;13;0;1;;;;17;34
"055008";"Calvi dell'Umbria";65;1;13;0;0;;;;14;3;12;0;1;;;;16;30
"055008";"Calvi dell'Umbria";66;1;7;1;2;;;;11;0;9;0;2;;;;11;22
"055008";"Calvi dell'Umbria";67;2;14;1;1;;;;18;1;8;0;2;;;;11;29
"055008";"Calvi dell'Umbria";68;2;5;0;0;;;;7;1;8;0;2;;;;11;18
"055008";"Calvi dell'Umbria";69;2;16;0;0;;;;18;0;8;1;2;;;;11;29
"055008";"Calvi dell'Umbria";70;1;9;0;0;;;;10;0;9;0;6;;;;15;25
"055008";"Calvi dell'Umbria";71;2;14;0;0;;;;16;1;6;0;3;;;;10;26
"055008";"Calvi dell'Umbria";72;1;10;1;0;;;;12;0;6;2;3;;;;11;23
"055008";"Calvi dell'Umbria";73;1;7;0;0;;;;8;3;12;0;5;;;;20;28
"055008";"Calvi dell'Umbria";74;1;7;3;1;;;;12;1;4;0;7;;;;12;24
"055008";"Calvi dell'Umbria";75;0;10;1;1;;;;12;0;6;0;4;;;;10;22
"055008";"Calvi dell'Umbria";76;4;11;1;2;;;;18;0;5;0;4;;;;9;27
"055008";"Calvi dell'Umbria";77;2;9;1;0;;;;12;0;6;0;4;;;;10;22
"055008";"Calvi dell'Umbria";78;1;8;0;1;;;;10;1;9;0;1;;;;11;21
"055008";"Calvi dell'Umbria";79;0;7;0;4;;;;11;0;6;1;5;;;;12;23
"055008";"Calvi dell'Umbria";80;0;3;0;2;;;;5;1;4;0;1;;;;6;11
"055008";"Calvi dell'Umbria";81;0;4;0;1;;;;5;0;6;0;4;;;;10;15
"055008";"Calvi dell'Umbria";82;0;7;1;1;;;;9;0;3;1;2;;;;6;15
"055008";"Calvi dell'Umbria";83;0;4;0;0;;;;4;0;3;0;4;;;;7;11
"055008";"Calvi dell'Umbria";84;1;6;0;1;;;;8;2;3;0;2;;;;7;15
"055008";"Calvi dell'Umbria";85;0;5;0;1;;;;6;0;4;0;3;;;;7;13
"055008";"Calvi dell'Umbria";86;1;3;2;2;;;;8;2;2;1;3;;;;8;16
"055008";"Calvi dell'Umbria";87;2;6;1;1;;;;10;0;2;0;7;;;;9;19
"055008";"Calvi dell'Umbria";88;1;7;0;0;;;;8;0;1;0;9;;;;10;18
"055008";"Calvi dell'Umbria";89;0;3;0;2;;;;5;0;2;1;9;;;;12;17
"055008";"Calvi dell'Umbria";90;0;2;0;2;;;;4;0;0;0;4;;;;4;8
"055008";"Calvi dell'Umbria";91;0;1;0;1;;;;2;0;2;0;5;;;;7;9
"055008";"Calvi dell'Umbria";92;0;1;0;2;;;;3;0;1;0;3;;;;4;7
"055008";"Calvi dell'Umbria";93;0;2;0;1;;;;3;0;0;0;3;;;;3;6
"055008";"Calvi dell'Umbria";94;0;0;0;2;;;;2;0;1;0;4;;;;5;7
"055008";"Calvi dell'Umbria";95;0;0;0;1;;;;1;0;0;0;1;;;;1;2
"055008";"Calvi dell'Umbria";96;0;0;0;0;;;;0;0;0;0;2;;;;2;2
"055008";"Calvi dell'Umbria";97;0;1;0;0;;;;1;0;0;0;1;;;;1;2
"055008";"Calvi dell'Umbria";98;0;0;0;0;;;;0;0;0;0;0;;;;0;0
"055008";"Calvi dell'Umbria";99;0;0;0;0;;;;0;0;0;0;0;;;;0;0
"055008";"Calvi dell'Umbria";100;0;0;0;0;;;;0;0;0;0;0;;;;0;0
"055008";"Calvi dell'Umbria";999;326;431;30;35;;;;822;298;404;27;125;;;;854;1676
"055009";"Castel Giorgio";0;7;0;0;0;;;;7;8;0;0;0;;;;8;15
"055009";"Castel Giorgio";1;1;0;0;0;;;;1;6;0;0;0;;;;6;7
"055009";"Castel Giorgio";2;7;0;0;0;;;;7;8;0;0;0;;;;8;15
"055009";"Castel Giorgio";3;3;0;0;0;;;;3;3;0;0;0;;;;3;6
"055009";"Castel Giorgio";4;10;0;0;0;;;;10;1;0;0;0;;;;1;11
"055009";"Castel Giorgio";5;5;0;0;0;;;;5;10;0;0;0;;;;10;15
"055009";"Castel Giorgio";6;7;0;0;0;;;;7;8;0;0;0;;;;8;15
"055009";"Castel Giorgio";7;5;0;0;0;;;;5;5;0;0;0;;;;5;10
"055009";"Castel Giorgio";8;10;0;0;0;;;;10;6;0;0;0;;;;6;16
"055009";"Castel Giorgio";9;3;0;0;0;;;;3;6;0;0;0;;;;6;9
"055009";"Castel Giorgio";10;6;0;0;0;;;;6;7;0;0;0;;;;7;13
"055009";"Castel Giorgio";11;12;0;0;0;;;;12;5;0;0;0;;;;5;17
"055009";"Castel Giorgio";12;6;0;0;0;;;;6;3;0;0;0;;;;3;9
"055009";"Castel Giorgio";13;7;0;0;0;;;;7;8;0;0;0;;;;8;15
"055009";"Castel Giorgio";14;9;0;0;0;;;;9;9;0;0;0;;;;9;18
"055009";"Castel Giorgio";15;4;0;0;0;;;;4;6;0;0;0;;;;6;10
"055009";"Castel Giorgio";16;8;0;0;0;;;;8;4;0;0;0;;;;4;12
"055009";"Castel Giorgio";17;4;0;0;0;;;;4;9;0;0;0;;;;9;13
"055009";"Castel Giorgio";18;6;0;0;0;;;;6;6;0;0;0;;;;6;12
"055009";"Castel Giorgio";19;7;0;0;0;;;;7;9;0;0;0;;;;9;16
"055009";"Castel Giorgio";20;9;0;0;0;;;;9;7;0;0;0;;;;7;16
"055009";"Castel Giorgio";21;11;0;0;0;;;;11;7;0;0;0;;;;7;18
"055009";"Castel Giorgio";22;3;0;0;0;;;;3;9;0;0;0;;;;9;12
"055009";"Castel Giorgio";23;6;0;0;0;;;;6;10;0;0;0;;;;10;16
"055009";"Castel Giorgio";24;9;0;0;0;;;;9;5;0;0;0;;;;5;14
"055009";"Castel Giorgio";25;9;0;0;0;;;;9;8;0;0;0;;;;8;17
"055009";"Castel Giorgio";26;6;0;0;0;;;;6;5;0;0;0;;;;5;11
"055009";"Castel Giorgio";27;8;0;0;0;;;;8;8;0;0;0;;;;8;16
"055009";"Castel Giorgio";28;5;0;0;0;;;;5;7;1;0;0;;;;8;13
"055009";"Castel Giorgio";29;5;1;0;0;;;;6;7;2;0;0;;;;9;15
"055009";"Castel Giorgio";30;5;0;0;0;;;;5;9;2;1;0;;;;12;17
"055009";"Castel Giorgio";31;5;0;0;0;;;;5;4;2;0;0;;;;6;11
"055009";"Castel Giorgio";32;12;1;0;0;;;;13;5;2;0;0;;;;7;20
"055009";"Castel Giorgio";33;9;2;0;0;;;;11;5;0;0;0;;;;5;16
"055009";"Castel Giorgio";34;8;0;0;0;;;;8;8;2;0;0;;;;10;18
"055009";"Castel Giorgio";35;5;0;0;0;;;;5;6;3;0;0;;;;9;14
"055009";"Castel Giorgio";36;10;5;0;0;;;;15;3;4;0;0;;;;7;22
"055009";"Castel Giorgio";37;9;6;1;0;;;;16;0;2;0;0;;;;2;18
"055009";"Castel Giorgio";38;11;2;0;0;;;;13;2;12;1;0;;;;15;28
"055009";"Castel Giorgio";39;4;7;1;0;;;;12;8;9;0;0;;;;17;29
"055009";"Castel Giorgio";40;5;7;0;0;;;;12;2;7;0;0;;;;9;21
"055009";"Castel Giorgio";41;4;8;0;0;;;;12;4;8;1;0;;;;13;25
"055009";"Castel Giorgio";42;5;4;0;0;;;;9;1;7;0;0;;;;8;17
"055009";"Castel Giorgio";43;2;4;1;0;;;;7;4;6;0;0;;;;10;17
"055009";"Castel Giorgio";44;3;7;0;0;;;;10;1;8;0;0;;;;9;19
"055009";"Castel Giorgio";45;4;10;0;0;;;;14;3;5;0;0;;;;8;22
"055009";"Castel Giorgio";46;9;8;0;0;;;;17;9;9;0;0;;;;18;35
"055009";"Castel Giorgio";47;4;10;0;0;;;;14;7;8;0;0;;;;15;29
"055009";"Castel Giorgio";48;5;9;0;0;;;;14;6;9;0;0;;;;15;29
"055009";"Castel Giorgio";49;5;6;0;0;;;;11;7;10;1;0;;;;18;29
"055009";"Castel Giorgio";50;4;5;0;0;;;;9;1;12;0;0;;;;13;22
"055009";"Castel Giorgio";51;4;14;1;0;;;;19;1;13;1;0;;;;15;34
"055009";"Castel Giorgio";52;3;6;1;1;;;;11;2;16;2;0;;;;20;31
"055009";"Castel Giorgio";53;9;10;0;0;;;;19;3;10;4;0;;;;17;36
"055009";"Castel Giorgio";54;4;13;0;0;;;;17;0;9;1;1;;;;11;28
"055009";"Castel Giorgio";55;2;11;1;0;;;;14;2;14;0;0;;;;16;30
"055009";"Castel Giorgio";56;3;9;1;0;;;;13;6;4;1;0;;;;11;24
"055009";"Castel Giorgio";57;2;6;1;0;;;;9;1;12;2;1;;;;16;25
"055009";"Castel Giorgio";58;4;11;0;0;;;;15;5;10;0;1;;;;16;31
"055009";"Castel Giorgio";59;4;10;0;0;;;;14;1;6;1;0;;;;8;22
"055009";"Castel Giorgio";60;2;8;0;0;;;;10;1;14;2;0;;;;17;27
"055009";"Castel Giorgio";61;3;8;0;0;;;;11;2;14;4;2;;;;22;33
"055009";"Castel Giorgio";62;2;11;0;0;;;;13;4;11;0;0;;;;15;28
"055009";"Castel Giorgio";63;4;16;0;0;;;;20;0;11;0;3;;;;14;34
"055009";"Castel Giorgio";64;2;11;0;0;;;;13;0;19;0;0;;;;19;32
"055009";"Castel Giorgio";65;3;8;0;0;;;;11;1;16;0;1;;;;18;29
"055009";"Castel Giorgio";66;3;12;2;1;;;;18;1;11;0;1;;;;13;31
"055009";"Castel Giorgio";67;3;17;2;1;;;;23;1;9;1;4;;;;15;38
"055009";"Castel Giorgio";68;0;15;0;0;;;;15;2;4;3;2;;;;11;26
"055009";"Castel Giorgio";69;0;7;0;1;;;;8;0;15;0;6;;;;21;29
"055009";"Castel Giorgio";70;1;14;3;2;;;;20;1;15;0;3;;;;19;39
"055009";"Castel Giorgio";71;4;12;0;0;;;;16;1;10;1;3;;;;15;31
"055009";"Castel Giorgio";72;3;10;0;0;;;;13;1;12;0;6;;;;19;32
"055009";"Castel Giorgio";73;3;15;0;0;;;;18;0;8;0;3;;;;11;29
"055009";"Castel Giorgio";74;3;9;3;0;;;;15;0;4;0;8;;;;12;27
"055009";"Castel Giorgio";75;3;10;0;2;;;;15;1;10;1;7;;;;19;34
"055009";"Castel Giorgio";76;4;21;0;1;;;;26;0;12;1;4;;;;17;43
"055009";"Castel Giorgio";77;0;7;0;4;;;;11;0;11;1;9;;;;21;32
"055009";"Castel Giorgio";78;0;9;1;0;;;;10;2;9;0;6;;;;17;27
"055009";"Castel Giorgio";79;1;10;0;0;;;;11;0;11;0;3;;;;14;25
"055009";"Castel Giorgio";80;0;8;0;2;;;;10;0;6;0;8;;;;14;24
"055009";"Castel Giorgio";81;0;8;0;0;;;;8;0;5;0;7;;;;12;20
"055009";"Castel Giorgio";82;0;7;1;5;;;;13;0;5;0;6;;;;11;24
"055009";"Castel Giorgio";83;1;10;0;0;;;;11;1;4;0;7;;;;12;23
"055009";"Castel Giorgio";84;2;3;0;3;;;;8;0;4;0;5;;;;9;17
"055009";"Castel Giorgio";85;1;8;0;2;;;;11;0;1;0;2;;;;3;14
"055009";"Castel Giorgio";86;0;4;0;2;;;;6;0;2;0;4;;;;6;12
"055009";"Castel Giorgio";87;1;6;0;0;;;;7;0;4;0;9;;;;13;20
"055009";"Castel Giorgio";88;0;3;0;1;;;;4;0;1;0;8;;;;9;13
"055009";"Castel Giorgio";89;0;3;0;4;;;;7;0;0;0;7;;;;7;14
"055009";"Castel Giorgio";90;0;2;0;3;;;;5;0;2;0;12;;;;14;19
"055009";"Castel Giorgio";91;0;3;0;1;;;;4;0;2;0;10;;;;12;16
"055009";"Castel Giorgio";92;1;2;0;2;;;;5;0;2;0;6;;;;8;13
"055009";"Castel Giorgio";93;0;1;0;1;;;;2;1;0;0;7;;;;8;10
"055009";"Castel Giorgio";94;0;0;0;0;;;;0;0;0;0;5;;;;5;5
"055009";"Castel Giorgio";95;0;0;0;0;;;;0;0;0;0;3;;;;3;3
"055009";"Castel Giorgio";96;0;0;0;0;;;;0;0;0;0;1;;;;1;1
"055009";"Castel Giorgio";97;0;0;0;0;;;;0;0;0;0;2;;;;2;2
"055009";"Castel Giorgio";98;0;1;0;0;;;;1;0;0;0;0;;;;0;1
"055009";"Castel Giorgio";99;0;0;0;0;;;;0;0;0;0;2;;;;2;2
"055009";"Castel Giorgio";100;0;0;0;0;;;;0;0;0;0;2;;;;2;2
"055009";"Castel Giorgio";999;411;491;20;39;;;;961;336;488;30;187;;;;1041;2002
"055010";"Castel Viscardo";0;11;0;0;0;;;;11;11;0;0;0;;;;11;22
"055010";"Castel Viscardo";1;4;0;0;0;;;;4;8;0;0;0;;;;8;12
"055010";"Castel Viscardo";2;5;0;0;0;;;;5;13;0;0;0;;;;13;18
"055010";"Castel Viscardo";3;9;0;0;0;;;;9;4;0;0;0;;;;4;13
"055010";"Castel Viscardo";4;5;0;0;0;;;;5;8;0;0;0;;;;8;13
"055010";"Castel Viscardo";5;8;0;0;0;;;;8;10;0;0;0;;;;10;18
"055010";"Castel Viscardo";6;9;0;0;0;;;;9;11;0;0;0;;;;11;20
"055010";"Castel Viscardo";7;8;0;0;0;;;;8;4;0;0;0;;;;4;12
"055010";"Castel Viscardo";8;4;0;0;0;;;;4;8;0;0;0;;;;8;12
"055010";"Castel Viscardo";9;5;0;0;0;;;;5;10;0;0;0;;;;10;15
"055010";"Castel Viscardo";10;10;0;0;0;;;;10;7;0;0;0;;;;7;17
"055010";"Castel Viscardo";11;11;0;0;0;;;;11;9;0;0;0;;;;9;20
"055010";"Castel Viscardo";12;6;0;0;0;;;;6;8;0;0;0;;;;8;14
"055010";"Castel Viscardo";13;9;0;0;0;;;;9;4;0;0;0;;;;4;13
"055010";"Castel Viscardo";14;8;0;0;0;;;;8;15;0;0;0;;;;15;23
"055010";"Castel Viscardo";15;15;0;0;0;;;;15;7;0;0;0;;;;7;22
"055010";"Castel Viscardo";16;10;0;0;0;;;;10;14;0;0;0;;;;14;24
"055010";"Castel Viscardo";17;8;0;0;0;;;;8;10;0;0;0;;;;10;18
"055010";"Castel Viscardo";18;10;0;0;0;;;;10;7;0;0;0;;;;7;17
"055010";"Castel Viscardo";19;13;0;0;0;;;;13;10;0;0;0;;;;10;23
"055010";"Castel Viscardo";20;15;0;0;0;;;;15;9;0;0;0;;;;9;24
"055010";"Castel Viscardo";21;11;0;0;0;;;;11;6;0;0;0;;;;6;17
"055010";"Castel Viscardo";22;11;0;0;0;;;;11;10;0;0;0;;;;10;21
"055010";"Castel Viscardo";23;12;0;0;0;;;;12;14;0;0;0;;;;14;26
"055010";"Castel Viscardo";24;12;0;0;0;;;;12;14;0;0;0;;;;14;26
"055010";"Castel Viscardo";25;13;0;0;0;;;;13;13;0;0;0;;;;13;26
"055010";"Castel Viscardo";26;13;1;0;0;;;;14;7;1;0;0;;;;8;22
"055010";"Castel Viscardo";27;11;1;0;0;;;;12;14;0;0;0;;;;14;26
"055010";"Castel Viscardo";28;10;1;0;0;;;;11;6;1;0;0;;;;7;18
"055010";"Castel Viscardo";29;16;1;0;0;;;;17;6;4;0;0;;;;10;27
"055010";"Castel Viscardo";30;7;0;0;0;;;;7;12;4;0;1;;;;17;24
"055010";"Castel Viscardo";31;12;3;0;0;;;;15;14;2;0;0;;;;16;31
"055010";"Castel Viscardo";32;12;2;0;0;;;;14;11;3;0;0;;;;14;28
"055010";"Castel Viscardo";33;5;1;0;0;;;;6;8;3;0;0;;;;11;17
"055010";"Castel Viscardo";34;12;2;0;0;;;;14;7;1;0;0;;;;8;22
"055010";"Castel Viscardo";35;10;2;0;0;;;;12;6;6;0;0;;;;12;24
"055010";"Castel Viscardo";36;13;5;0;0;;;;18;7;6;1;0;;;;14;32
"055010";"Castel Viscardo";37;9;6;0;0;;;;15;6;5;0;0;;;;11;26
"055010";"Castel Viscardo";38;9;6;2;0;;;;17;5;6;0;0;;;;11;28
"055010";"Castel Viscardo";39;12;2;1;0;;;;15;4;11;0;0;;;;15;30
"055010";"Castel Viscardo";40;6;1;0;0;;;;7;5;9;1;0;;;;15;22
"055010";"Castel Viscardo";41;10;7;1;0;;;;18;5;10;0;0;;;;15;33
"055010";"Castel Viscardo";42;7;10;0;0;;;;17;4;12;0;0;;;;16;33
"055010";"Castel Viscardo";43;7;8;0;0;;;;15;8;6;0;0;;;;14;29
"055010";"Castel Viscardo";44;4;10;0;0;;;;14;5;10;0;0;;;;15;29
"055010";"Castel Viscardo";45;8;12;1;0;;;;21;5;6;1;0;;;;12;33
"055010";"Castel Viscardo";46;9;14;1;0;;;;24;5;8;3;0;;;;16;40
"055010";"Castel Viscardo";47;3;10;0;0;;;;13;1;13;0;0;;;;14;27
"055010";"Castel Viscardo";48;8;9;1;0;;;;18;5;14;0;0;;;;19;37
"055010";"Castel Viscardo";49;4;16;0;0;;;;20;4;16;1;0;;;;21;41
"055010";"Castel Viscardo";50;3;8;2;0;;;;13;2;15;0;1;;;;18;31
"055010";"Castel Viscardo";51;12;11;0;0;;;;23;3;9;0;0;;;;12;35
"055010";"Castel Viscardo";52;9;9;1;1;;;;20;3;21;0;0;;;;24;44
"055010";"Castel Viscardo";53;4;12;0;0;;;;16;4;10;1;2;;;;17;33
"055010";"Castel Viscardo";54;4;14;0;0;;;;18;1;9;0;2;;;;12;30
"055010";"Castel Viscardo";55;5;15;1;0;;;;21;5;21;0;1;;;;27;48
"055010";"Castel Viscardo";56;7;10;1;0;;;;18;1;19;3;1;;;;24;42
"055010";"Castel Viscardo";57;4;13;2;0;;;;19;3;21;1;5;;;;30;49
"055010";"Castel Viscardo";58;5;16;0;1;;;;22;4;9;2;2;;;;17;39
"055010";"Castel Viscardo";59;6;8;1;1;;;;16;4;12;3;0;;;;19;35
"055010";"Castel Viscardo";60;5;14;2;0;;;;21;1;17;0;1;;;;19;40
"055010";"Castel Viscardo";61;2;12;2;0;;;;16;1;16;2;2;;;;21;37
"055010";"Castel Viscardo";62;1;23;1;1;;;;26;2;22;3;1;;;;28;54
"055010";"Castel Viscardo";63;3;17;1;0;;;;21;1;16;0;1;;;;18;39
"055010";"Castel Viscardo";64;1;25;3;0;;;;29;3;10;2;2;;;;17;46
"055010";"Castel Viscardo";65;3;13;1;0;;;;17;3;12;2;5;;;;22;39
"055010";"Castel Viscardo";66;5;16;2;1;;;;24;0;14;2;1;;;;17;41
"055010";"Castel Viscardo";67;1;17;2;0;;;;20;3;16;0;3;;;;22;42
"055010";"Castel Viscardo";68;1;16;1;1;;;;19;0;18;1;3;;;;22;41
"055010";"Castel Viscardo";69;5;13;0;1;;;;19;1;12;3;4;;;;20;39
"055010";"Castel Viscardo";70;4;14;1;0;;;;19;2;21;2;1;;;;26;45
"055010";"Castel Viscardo";71;0;5;2;2;;;;9;3;11;2;4;;;;20;29
"055010";"Castel Viscardo";72;1;19;2;2;;;;24;4;13;2;5;;;;24;48
"055010";"Castel Viscardo";73;3;13;0;0;;;;16;0;14;3;9;;;;26;42
"055010";"Castel Viscardo";74;1;21;1;3;;;;26;2;11;0;5;;;;18;44
"055010";"Castel Viscardo";75;2;18;2;0;;;;22;3;14;2;9;;;;28;50
"055010";"Castel Viscardo";76;0;18;1;0;;;;19;0;14;0;5;;;;19;38
"055010";"Castel Viscardo";77;3;14;1;0;;;;18;0;14;1;7;;;;22;40
"055010";"Castel Viscardo";78;1;14;0;1;;;;16;1;10;1;6;;;;18;34
"055010";"Castel Viscardo";79;1;12;0;1;;;;14;0;10;0;8;;;;18;32
"055010";"Castel Viscardo";80;1;6;0;0;;;;7;0;4;0;4;;;;8;15
"055010";"Castel Viscardo";81;0;13;1;2;;;;16;1;4;0;8;;;;13;29
"055010";"Castel Viscardo";82;0;5;0;2;;;;7;1;3;1;7;;;;12;19
"055010";"Castel Viscardo";83;0;5;0;2;;;;7;0;6;0;10;;;;16;23
"055010";"Castel Viscardo";84;2;7;0;3;;;;12;4;1;0;7;;;;12;24
"055010";"Castel Viscardo";85;1;8;0;5;;;;14;2;5;0;6;;;;13;27
"055010";"Castel Viscardo";86;0;10;0;8;;;;18;0;1;1;4;;;;6;24
"055010";"Castel Viscardo";87;0;4;0;3;;;;7;0;2;0;13;;;;15;22
"055010";"Castel Viscardo";88;1;5;0;2;;;;8;1;0;0;13;;;;14;22
"055010";"Castel Viscardo";89;1;6;0;4;;;;11;3;1;0;6;;;;10;21
"055010";"Castel Viscardo";90;0;1;0;2;;;;3;1;0;0;4;;;;5;8
"055010";"Castel Viscardo";91;0;1;1;3;;;;5;0;1;0;6;;;;7;12
"055010";"Castel Viscardo";92;0;1;0;0;;;;1;1;0;0;6;;;;7;8
"055010";"Castel Viscardo";93;0;0;0;1;;;;1;1;0;0;6;;;;7;8
"055010";"Castel Viscardo";94;0;2;0;0;;;;2;0;0;1;4;;;;5;7
"055010";"Castel Viscardo";95;0;0;0;0;;;;0;0;0;0;3;;;;3;3
"055010";"Castel Viscardo";96;0;0;0;0;;;;0;0;0;0;2;;;;2;2
"055010";"Castel Viscardo";97;0;0;0;0;;;;0;0;0;0;1;;;;1;1
"055010";"Castel Viscardo";98;0;0;0;0;;;;0;0;0;0;2;;;;2;2
"055010";"Castel Viscardo";99;0;0;0;0;;;;0;0;0;0;0;;;;0;0
"055010";"Castel Viscardo";100;0;0;0;0;;;;0;0;0;0;1;;;;1;1
"055010";"Castel Viscardo";999;567;634;42;53;;;;1296;479;616;48;210;;;;1353;2649
"055011";"Fabro";0;8;0;0;0;;;;8;10;0;0;0;;;;10;18
"055011";"Fabro";1;4;0;0;0;;;;4;12;0;0;0;;;;12;16
"055011";"Fabro";2;4;0;0;0;;;;4;5;0;0;0;;;;5;9
"055011";"Fabro";3;8;0;0;0;;;;8;4;0;0;0;;;;4;12
"055011";"Fabro";4;10;0;0;0;;;;10;7;0;0;0;;;;7;17
"055011";"Fabro";5;6;0;0;0;;;;6;10;0;0;0;;;;10;16
"055011";"Fabro";6;5;0;0;0;;;;5;6;0;0;0;;;;6;11
"055011";"Fabro";7;3;0;0;0;;;;3;7;0;0;0;;;;7;10
"055011";"Fabro";8;7;0;0;0;;;;7;7;0;0;0;;;;7;14
"055011";"Fabro";9;3;0;0;0;;;;3;7;0;0;0;;;;7;10
"055011";"Fabro";10;7;0;0;0;;;;7;8;0;0;0;;;;8;15
"055011";"Fabro";11;14;0;0;0;;;;14;11;0;0;0;;;;11;25
"055011";"Fabro";12;7;0;0;0;;;;7;5;0;0;0;;;;5;12
"055011";"Fabro";13;12;0;0;0;;;;12;16;0;0;0;;;;16;28
"055011";"Fabro";14;15;0;0;0;;;;15;22;0;0;0;;;;22;37
"055011";"Fabro";15;13;0;0;0;;;;13;15;0;0;0;;;;15;28
"055011";"Fabro";16;5;0;0;0;;;;5;5;0;0;0;;;;5;10
"055011";"Fabro";17;15;0;0;0;;;;15;13;0;0;0;;;;13;28
"055011";"Fabro";18;14;0;0;0;;;;14;15;0;0;0;;;;15;29
"055011";"Fabro";19;10;0;0;0;;;;10;10;0;0;0;;;;10;20
"055011";"Fabro";20;21;0;0;0;;;;21;10;0;0;0;;;;10;31
"055011";"Fabro";21;7;0;0;0;;;;7;8;0;0;0;;;;8;15
"055011";"Fabro";22;21;1;0;0;;;;22;12;0;0;0;;;;12;34
"055011";"Fabro";23;10;0;0;0;;;;10;13;0;0;0;;;;13;23
"055011";"Fabro";24;9;1;0;0;;;;10;12;2;0;0;;;;14;24
"055011";"Fabro";25;17;0;0;0;;;;17;8;1;0;0;;;;9;26
"055011";"Fabro";26;14;0;0;0;;;;14;13;0;0;0;;;;13;27
"055011";"Fabro";27;14;0;0;0;;;;14;11;1;0;0;;;;12;26
"055011";"Fabro";28;15;1;0;0;;;;16;10;2;0;0;;;;12;28
"055011";"Fabro";29;6;1;0;0;;;;7;4;1;0;0;;;;5;12
"055011";"Fabro";30;9;2;0;0;;;;11;12;2;0;0;;;;14;25
"055011";"Fabro";31;9;0;0;0;;;;9;8;1;0;0;;;;9;18
"055011";"Fabro";32;7;3;0;0;;;;10;11;4;0;0;;;;15;25
"055011";"Fabro";33;9;2;0;0;;;;11;8;4;0;0;;;;12;23
"055011";"Fabro";34;10;3;0;0;;;;13;11;5;0;0;;;;16;29
"055011";"Fabro";35;12;3;0;0;;;;15;7;5;1;0;;;;13;28
"055011";"Fabro";36;9;5;0;0;;;;14;5;3;0;0;;;;8;22
"055011";"Fabro";37;15;2;0;0;;;;17;10;4;0;0;;;;14;31
"055011";"Fabro";38;14;1;1;0;;;;16;6;5;0;0;;;;11;27
"055011";"Fabro";39;9;4;0;0;;;;13;13;8;0;0;;;;21;34
"055011";"Fabro";40;7;6;0;0;;;;13;9;9;1;0;;;;19;32
"055011";"Fabro";41;9;7;1;0;;;;17;10;7;1;0;;;;18;35
"055011";"Fabro";42;12;8;1;0;;;;21;7;8;1;0;;;;16;37
"055011";"Fabro";43;14;5;2;0;;;;21;4;7;1;0;;;;12;33
"055011";"Fabro";44;5;4;1;0;;;;10;4;8;3;0;;;;15;25
"055011";"Fabro";45;9;6;0;0;;;;15;6;11;2;0;;;;19;34
"055011";"Fabro";46;10;5;1;0;;;;16;7;6;2;1;;;;16;32
"055011";"Fabro";47;5;10;0;0;;;;15;5;15;2;0;;;;22;37
"055011";"Fabro";48;3;6;1;0;;;;10;5;13;1;0;;;;19;29
"055011";"Fabro";49;13;12;1;0;;;;26;3;6;3;2;;;;14;40
"055011";"Fabro";50;11;16;1;0;;;;28;4;13;3;0;;;;20;48
"055011";"Fabro";51;4;15;0;0;;;;19;4;18;1;0;;;;23;42
"055011";"Fabro";52;6;16;1;0;;;;23;2;17;0;1;;;;20;43
"055011";"Fabro";53;4;19;3;0;;;;26;4;18;3;1;;;;26;52
"055011";"Fabro";54;3;10;4;0;;;;17;9;18;0;0;;;;27;44
"055011";"Fabro";55;6;9;1;0;;;;16;4;21;1;0;;;;26;42
"055011";"Fabro";56;12;12;1;0;;;;25;2;11;3;1;;;;17;42
"055011";"Fabro";57;3;13;1;0;;;;17;1;13;1;0;;;;15;32
"055011";"Fabro";58;3;11;1;0;;;;15;3;11;4;2;;;;20;35
"055011";"Fabro";59;2;15;2;0;;;;19;2;13;2;1;;;;18;37
"055011";"Fabro";60;1;13;2;0;;;;16;3;18;1;2;;;;24;40
"055011";"Fabro";61;6;13;0;3;;;;22;5;19;2;1;;;;27;49
"055011";"Fabro";62;3;11;2;0;;;;16;1;12;2;1;;;;16;32
"055011";"Fabro";63;3;12;0;0;;;;15;2;23;0;5;;;;30;45
"055011";"Fabro";64;1;13;1;0;;;;15;2;12;1;3;;;;18;33
"055011";"Fabro";65;1;16;3;0;;;;20;1;13;1;3;;;;18;38
"055011";"Fabro";66;6;21;2;1;;;;30;1;10;1;3;;;;15;45
"055011";"Fabro";67;1;11;0;0;;;;12;1;5;1;3;;;;10;22
"055011";"Fabro";68;0;19;0;1;;;;20;1;13;1;5;;;;20;40
"055011";"Fabro";69;2;23;0;1;;;;26;1;12;1;3;;;;17;43
"055011";"Fabro";70;0;11;5;0;;;;16;0;12;1;7;;;;20;36
"055011";"Fabro";71;1;7;0;1;;;;9;1;9;0;5;;;;15;24
"055011";"Fabro";72;3;9;0;2;;;;14;0;20;2;8;;;;30;44
"055011";"Fabro";73;0;16;0;1;;;;17;0;9;0;4;;;;13;30
"055011";"Fabro";74;1;11;1;2;;;;15;3;17;0;5;;;;25;40
"055011";"Fabro";75;1;18;1;1;;;;21;0;12;0;8;;;;20;41
"055011";"Fabro";76;1;11;0;0;;;;12;0;9;1;7;;;;17;29
"055011";"Fabro";77;1;14;0;2;;;;17;1;13;0;6;;;;20;37
"055011";"Fabro";78;2;13;0;1;;;;16;0;7;0;7;;;;14;30
"055011";"Fabro";79;1;9;0;0;;;;10;0;7;2;0;;;;9;19
"055011";"Fabro";80;1;8;0;0;;;;9;1;6;0;7;;;;14;23
"055011";"Fabro";81;0;4;0;4;;;;8;0;2;0;8;;;;10;18
"055011";"Fabro";82;0;9;0;3;;;;12;0;2;0;5;;;;7;19
"055011";"Fabro";83;1;8;0;0;;;;9;0;6;0;7;;;;13;22
"055011";"Fabro";84;0;12;0;3;;;;15;0;4;0;4;;;;8;23
"055011";"Fabro";85;0;6;0;4;;;;10;0;4;0;7;;;;11;21
"055011";"Fabro";86;0;7;0;2;;;;9;0;1;0;10;;;;11;20
"055011";"Fabro";87;0;7;0;0;;;;7;0;0;0;11;;;;11;18
"055011";"Fabro";88;1;1;0;1;;;;3;0;1;0;5;;;;6;9
"055011";"Fabro";89;0;0;0;4;;;;4;0;3;0;8;;;;11;15
"055011";"Fabro";90;1;4;0;1;;;;6;0;0;0;5;;;;5;11
"055011";"Fabro";91;0;1;0;2;;;;3;1;1;0;3;;;;5;8
"055011";"Fabro";92;0;1;0;0;;;;1;0;0;0;4;;;;4;5
"055011";"Fabro";93;1;1;0;1;;;;3;0;0;0;5;;;;5;8
"055011";"Fabro";94;0;1;0;0;;;;1;1;0;0;4;;;;5;6
"055011";"Fabro";95;0;0;0;1;;;;1;0;0;1;4;;;;5;6
"055011";"Fabro";96;0;0;0;0;;;;0;0;0;0;2;;;;2;2
"055011";"Fabro";97;0;1;0;0;;;;1;0;0;0;1;;;;1;2
"055011";"Fabro";98;0;0;0;0;;;;0;0;0;0;0;;;;0;0
"055011";"Fabro";99;0;0;0;0;;;;0;0;0;0;1;;;;1;1
"055011";"Fabro";100;0;0;0;0;;;;0;0;0;0;1;;;;1;1
"055011";"Fabro";999;588;576;41;42;;;;1247;508;573;54;197;;;;1332;2579
"055012";"Ferentillo";0;6;0;0;0;;;;6;0;0;0;0;;;;0;6
"055012";"Ferentillo";1;9;0;0;0;;;;9;5;0;0;0;;;;5;14
"055012";"Ferentillo";2;5;0;0;0;;;;5;6;0;0;0;;;;6;11
"055012";"Ferentillo";3;5;0;0;0;;;;5;3;0;0;0;;;;3;8
"055012";"Ferentillo";4;11;0;0;0;;;;11;7;0;0;0;;;;7;18
"055012";"Ferentillo";5;6;0;0;0;;;;6;7;0;0;0;;;;7;13
"055012";"Ferentillo";6;10;0;0;0;;;;10;9;0;0;0;;;;9;19
"055012";"Ferentillo";7;6;0;0;0;;;;6;6;0;0;0;;;;6;12
"055012";"Ferentillo";8;3;0;0;0;;;;3;7;0;0;0;;;;7;10
"055012";"Ferentillo";9;10;0;0;0;;;;10;10;0;0;0;;;;10;20
"055012";"Ferentillo";10;4;0;0;0;;;;4;4;0;0;0;;;;4;8
"055012";"Ferentillo";11;6;0;0;0;;;;6;5;0;0;0;;;;5;11
"055012";"Ferentillo";12;13;0;0;0;;;;13;6;0;0;0;;;;6;19
"055012";"Ferentillo";13;9;0;0;0;;;;9;16;0;0;0;;;;16;25
"055012";"Ferentillo";14;8;0;0;0;;;;8;5;0;0;0;;;;5;13
"055012";"Ferentillo";15;8;0;0;0;;;;8;6;0;0;0;;;;6;14
"055012";"Ferentillo";16;10;0;0;0;;;;10;16;0;0;0;;;;16;26
"055012";"Ferentillo";17;13;0;0;0;;;;13;6;0;0;0;;;;6;19
"055012";"Ferentillo";18;11;0;0;0;;;;11;4;0;0;0;;;;4;15
"055012";"Ferentillo";19;7;0;0;0;;;;7;4;0;0;0;;;;4;11
"055012";"Ferentillo";20;6;0;0;0;;;;6;8;0;0;0;;;;8;14
"055012";"Ferentillo";21;12;0;0;0;;;;12;8;0;0;0;;;;8;20
"055012";"Ferentillo";22;16;0;0;0;;;;16;6;0;0;0;;;;6;22
"055012";"Ferentillo";23;6;0;0;0;;;;6;8;0;0;0;;;;8;14
"055012";"Ferentillo";24;11;0;0;0;;;;11;3;0;0;0;;;;3;14
"055012";"Ferentillo";25;4;0;0;0;;;;4;13;1;0;0;;;;14;18
"055012";"Ferentillo";26;6;0;0;0;;;;6;4;0;0;0;;;;4;10
"055012";"Ferentillo";27;12;1;0;0;;;;13;6;0;0;0;;;;6;19
"055012";"Ferentillo";28;14;0;0;0;;;;14;5;2;0;0;;;;7;21
"055012";"Ferentillo";29;6;0;0;0;;;;6;5;0;0;0;;;;5;11
"055012";"Ferentillo";30;7;0;0;0;;;;7;3;1;0;0;;;;4;11
"055012";"Ferentillo";31;3;0;0;0;;;;3;5;1;0;0;;;;6;9
"055012";"Ferentillo";32;5;1;0;0;;;;6;10;2;0;0;;;;12;18
"055012";"Ferentillo";33;3;2;0;0;;;;5;7;3;0;0;;;;10;15
"055012";"Ferentillo";34;8;2;0;0;;;;10;6;4;0;0;;;;10;20
"055012";"Ferentillo";35;4;1;0;0;;;;5;7;4;0;0;;;;11;16
"055012";"Ferentillo";36;4;1;1;0;;;;6;5;3;0;0;;;;8;14
"055012";"Ferentillo";37;7;5;0;0;;;;12;5;8;0;0;;;;13;25
"055012";"Ferentillo";38;8;2;0;0;;;;10;2;5;1;0;;;;8;18
"055012";"Ferentillo";39;5;4;1;0;;;;10;8;6;0;0;;;;14;24
"055012";"Ferentillo";40;4;3;0;0;;;;7;2;6;0;0;;;;8;15
"055012";"Ferentillo";41;6;4;1;0;;;;11;4;5;1;0;;;;10;21
"055012";"Ferentillo";42;3;4;1;1;;;;9;8;4;0;0;;;;12;21
"055012";"Ferentillo";43;4;6;0;0;;;;10;5;5;1;0;;;;11;21
"055012";"Ferentillo";44;4;5;2;0;;;;11;4;6;1;0;;;;11;22
"055012";"Ferentillo";45;5;6;1;0;;;;12;2;11;0;0;;;;13;25
"055012";"Ferentillo";46;2;6;1;0;;;;9;3;10;2;0;;;;15;24
"055012";"Ferentillo";47;6;6;1;0;;;;13;4;11;2;1;;;;18;31
"055012";"Ferentillo";48;2;15;0;0;;;;17;0;7;1;0;;;;8;25
"055012";"Ferentillo";49;6;10;0;0;;;;16;8;5;1;1;;;;15;31
"055012";"Ferentillo";50;7;14;1;0;;;;22;4;9;0;0;;;;13;35
"055012";"Ferentillo";51;9;5;2;0;;;;16;2;7;2;0;;;;11;27
"055012";"Ferentillo";52;0;6;0;0;;;;6;6;8;1;2;;;;17;23
"055012";"Ferentillo";53;6;9;0;0;;;;15;1;9;1;1;;;;12;27
"055012";"Ferentillo";54;4;7;1;0;;;;12;1;7;1;0;;;;9;21
"055012";"Ferentillo";55;4;11;2;0;;;;17;1;8;0;0;;;;9;26
"055012";"Ferentillo";56;3;9;1;0;;;;13;3;15;2;1;;;;21;34
"055012";"Ferentillo";57;1;4;0;1;;;;6;1;6;0;2;;;;9;15
"055012";"Ferentillo";58;6;15;3;0;;;;24;3;12;0;0;;;;15;39
"055012";"Ferentillo";59;2;13;3;0;;;;18;1;9;2;1;;;;13;31
"055012";"Ferentillo";60;1;9;0;0;;;;10;1;12;1;1;;;;15;25
"055012";"Ferentillo";61;0;10;2;2;;;;14;1;10;2;1;;;;14;28
"055012";"Ferentillo";62;3;7;0;0;;;;10;1;10;0;1;;;;12;22
"055012";"Ferentillo";63;4;5;2;0;;;;11;0;8;2;4;;;;14;25
"055012";"Ferentillo";64;3;5;1;0;;;;9;1;9;0;0;;;;10;19
"055012";"Ferentillo";65;2;10;1;1;;;;14;1;8;0;0;;;;9;23
"055012";"Ferentillo";66;2;11;2;0;;;;15;2;8;1;0;;;;11;26
"055012";"Ferentillo";67;2;12;1;0;;;;15;2;6;0;2;;;;10;25
"055012";"Ferentillo";68;0;9;1;0;;;;10;0;11;2;2;;;;15;25
"055012";"Ferentillo";69;1;9;0;0;;;;10;1;3;0;4;;;;8;18
"055012";"Ferentillo";70;1;11;2;0;;;;14;1;8;0;1;;;;10;24
"055012";"Ferentillo";71;0;9;0;0;;;;9;0;7;2;5;;;;14;23
"055012";"Ferentillo";72;0;9;1;0;;;;10;1;8;2;1;;;;12;22
"055012";"Ferentillo";73;3;8;0;2;;;;13;2;6;0;4;;;;12;25
"055012";"Ferentillo";74;1;12;0;0;;;;13;0;5;0;3;;;;8;21
"055012";"Ferentillo";75;2;1;0;3;;;;6;0;10;1;4;;;;15;21
"055012";"Ferentillo";76;0;17;0;1;;;;18;0;8;0;3;;;;11;29
"055012";"Ferentillo";77;2;5;1;1;;;;9;0;6;2;7;;;;15;24
"055012";"Ferentillo";78;4;5;0;1;;;;10;0;10;0;4;;;;14;24
"055012";"Ferentillo";79;0;6;0;0;;;;6;1;4;0;3;;;;8;14
"055012";"Ferentillo";80;0;7;0;1;;;;8;1;4;0;6;;;;11;19
"055012";"Ferentillo";81;0;10;0;0;;;;10;0;3;0;4;;;;7;17
"055012";"Ferentillo";82;0;10;1;1;;;;12;0;0;0;7;;;;7;19
"055012";"Ferentillo";83;1;5;0;0;;;;6;0;2;0;1;;;;3;9
"055012";"Ferentillo";84;0;4;0;4;;;;8;0;4;0;5;;;;9;17
"055012";"Ferentillo";85;1;3;0;1;;;;5;0;1;0;4;;;;5;10
"055012";"Ferentillo";86;1;2;0;3;;;;6;1;2;0;9;;;;12;18
"055012";"Ferentillo";87;0;3;0;0;;;;3;0;1;0;6;;;;7;10
"055012";"Ferentillo";88;1;2;1;1;;;;5;0;1;0;6;;;;7;12
"055012";"Ferentillo";89;1;5;0;1;;;;7;2;2;1;3;;;;8;15
"055012";"Ferentillo";90;0;3;0;1;;;;4;0;1;0;6;;;;7;11
"055012";"Ferentillo";91;0;2;0;2;;;;4;0;0;0;6;;;;6;10
"055012";"Ferentillo";92;0;0;0;0;;;;0;0;0;0;7;;;;7;7
"055012";"Ferentillo";93;0;0;0;0;;;;0;0;0;0;2;;;;2;2
"055012";"Ferentillo";94;1;0;0;1;;;;2;0;1;0;1;;;;2;4
"055012";"Ferentillo";95;0;1;0;0;;;;1;0;0;0;0;;;;0;1
"055012";"Ferentillo";96;1;0;0;0;;;;1;0;0;0;0;;;;0;1
"055012";"Ferentillo";97;0;0;0;1;;;;1;0;0;0;1;;;;1;2
"055012";"Ferentillo";98;0;0;0;0;;;;0;0;0;0;1;;;;1;1
"055012";"Ferentillo";99;0;0;0;0;;;;0;0;0;0;0;;;;0;0
"055012";"Ferentillo";100;0;0;0;1;;;;1;0;0;0;0;;;;0;1
"055012";"Ferentillo";999;429;404;38;31;;;;902;338;379;35;134;;;;886;1788
"055013";"Ficulle";0;6;0;0;0;;;;6;2;0;0;0;;;;2;8
"055013";"Ficulle";1;4;0;0;0;;;;4;4;0;0;0;;;;4;8
"055013";"Ficulle";2;5;0;0;0;;;;5;1;0;0;0;;;;1;6
"055013";"Ficulle";3;4;0;0;0;;;;4;3;0;0;0;;;;3;7
"055013";"Ficulle";4;2;0;0;0;;;;2;4;0;0;0;;;;4;6
"055013";"Ficulle";5;6;0;0;0;;;;6;5;0;0;0;;;;5;11
"055013";"Ficulle";6;2;0;0;0;;;;2;6;0;0;0;;;;6;8
"055013";"Ficulle";7;5;0;0;0;;;;5;4;0;0;0;;;;4;9
"055013";"Ficulle";8;9;0;0;0;;;;9;10;0;0;0;;;;10;19
"055013";"Ficulle";9;1;0;0;0;;;;1;5;0;0;0;;;;5;6
"055013";"Ficulle";10;4;0;0;0;;;;4;3;0;0;0;;;;3;7
"055013";"Ficulle";11;5;0;0;0;;;;5;12;0;0;0;;;;12;17
"055013";"Ficulle";12;6;0;0;0;;;;6;14;0;0;0;;;;14;20
"055013";"Ficulle";13;5;0;0;0;;;;5;5;0;0;0;;;;5;10
"055013";"Ficulle";14;6;0;0;0;;;;6;3;0;0;0;;;;3;9
"055013";"Ficulle";15;7;0;0;0;;;;7;6;0;0;0;;;;6;13
"055013";"Ficulle";16;7;0;0;0;;;;7;5;0;0;0;;;;5;12
"055013";"Ficulle";17;7;0;0;0;;;;7;6;0;0;0;;;;6;13
"055013";"Ficulle";18;5;0;0;0;;;;5;8;0;0;0;;;;8;13
"055013";"Ficulle";19;6;0;0;0;;;;6;5;0;0;0;;;;5;11
"055013";"Ficulle";20;6;0;0;0;;;;6;5;0;0;0;;;;5;11
"055013";"Ficulle";21;5;0;0;0;;;;5;2;0;0;0;;;;2;7
"055013";"Ficulle";22;5;0;0;0;;;;5;5;0;0;0;;;;5;10
"055013";"Ficulle";23;5;0;0;0;;;;5;7;0;0;0;;;;7;12
"055013";"Ficulle";24;5;0;0;0;;;;5;5;0;0;0;;;;5;10
"055013";"Ficulle";25;5;0;0;0;;;;5;5;0;0;0;;;;5;10
"055013";"Ficulle";26;11;0;0;0;;;;11;8;0;0;0;;;;8;19
"055013";"Ficulle";27;9;0;0;0;;;;9;3;1;0;1;;;;5;14
"055013";"Ficulle";28;13;0;0;0;;;;13;5;0;0;0;;;;5;18
"055013";"Ficulle";29;10;1;0;0;;;;11;3;0;0;0;;;;3;14
"055013";"Ficulle";30;7;1;0;0;;;;8;6;2;0;0;;;;8;16
"055013";"Ficulle";31;4;0;0;0;;;;4;5;0;0;0;;;;5;9
"055013";"Ficulle";32;8;1;0;0;;;;9;8;2;0;0;;;;10;19
"055013";"Ficulle";33;3;1;0;0;;;;4;5;1;0;0;;;;6;10
"055013";"Ficulle";34;6;1;0;0;;;;7;4;0;1;0;;;;5;12
"055013";"Ficulle";35;6;1;0;0;;;;7;1;5;0;0;;;;6;13
"055013";"Ficulle";36;4;2;0;0;;;;6;3;1;1;0;;;;5;11
"055013";"Ficulle";37;5;2;0;0;;;;7;3;6;0;0;;;;9;16
"055013";"Ficulle";38;6;3;0;0;;;;9;4;4;0;0;;;;8;17
"055013";"Ficulle";39;5;1;0;0;;;;6;3;4;0;0;;;;7;13
"055013";"Ficulle";40;9;4;0;0;;;;13;1;5;1;0;;;;7;20
"055013";"Ficulle";41;6;2;0;0;;;;8;3;2;2;0;;;;7;15
"055013";"Ficulle";42;9;2;1;0;;;;12;5;9;1;0;;;;15;27
"055013";"Ficulle";43;4;7;0;0;;;;11;7;4;3;0;;;;14;25
"055013";"Ficulle";44;2;10;0;0;;;;12;4;1;0;0;;;;5;17
"055013";"Ficulle";45;4;8;1;0;;;;13;2;4;1;0;;;;7;20
"055013";"Ficulle";46;8;2;1;0;;;;11;3;4;0;0;;;;7;18
"055013";"Ficulle";47;5;8;0;0;;;;13;3;5;1;0;;;;9;22
"055013";"Ficulle";48;2;1;0;0;;;;3;7;8;1;1;;;;17;20
"055013";"Ficulle";49;7;6;1;0;;;;14;3;4;1;0;;;;8;22
"055013";"Ficulle";50;4;5;0;0;;;;9;3;6;1;2;;;;12;21
"055013";"Ficulle";51;5;5;2;0;;;;12;4;4;2;0;;;;10;22
"055013";"Ficulle";52;7;6;1;0;;;;14;2;9;0;0;;;;11;25
"055013";"Ficulle";53;4;5;0;0;;;;9;1;12;3;0;;;;16;25
"055013";"Ficulle";54;2;5;0;1;;;;8;1;8;1;0;;;;10;18
"055013";"Ficulle";55;1;8;2;0;;;;11;2;8;1;0;;;;11;22
"055013";"Ficulle";56;7;11;3;0;;;;21;2;9;0;0;;;;11;32
"055013";"Ficulle";57;2;6;1;0;;;;9;2;13;1;0;;;;16;25
"055013";"Ficulle";58;1;11;0;0;;;;12;3;12;1;1;;;;17;29
"055013";"Ficulle";59;4;10;0;1;;;;15;2;10;0;1;;;;13;28
"055013";"Ficulle";60;2;10;2;0;;;;14;0;4;1;1;;;;6;20
"055013";"Ficulle";61;1;13;0;0;;;;14;1;10;0;2;;;;13;27
"055013";"Ficulle";62;1;7;3;0;;;;11;1;12;3;1;;;;17;28
"055013";"Ficulle";63;2;12;0;0;;;;14;1;12;1;4;;;;18;32
"055013";"Ficulle";64;5;11;0;0;;;;16;2;11;0;1;;;;14;30
"055013";"Ficulle";65;1;7;0;0;;;;8;1;5;2;1;;;;9;17
"055013";"Ficulle";66;1;8;0;1;;;;10;2;11;0;1;;;;14;24
"055013";"Ficulle";67;1;7;1;0;;;;9;2;12;2;1;;;;17;26
"055013";"Ficulle";68;1;9;0;0;;;;10;0;6;1;3;;;;10;20
"055013";"Ficulle";69;1;8;1;2;;;;12;1;7;0;1;;;;9;21
"055013";"Ficulle";70;0;9;2;0;;;;11;2;10;1;1;;;;14;25
"055013";"Ficulle";71;1;15;0;0;;;;16;1;6;0;0;;;;7;23
"055013";"Ficulle";72;1;9;0;1;;;;11;3;9;1;1;;;;14;25
"055013";"Ficulle";73;0;12;1;0;;;;13;0;6;0;3;;;;9;22
"055013";"Ficulle";74;5;7;0;2;;;;14;1;7;1;6;;;;15;29
"055013";"Ficulle";75;3;8;1;0;;;;12;0;8;0;3;;;;11;23
"055013";"Ficulle";76;1;8;1;0;;;;10;1;11;1;4;;;;17;27
"055013";"Ficulle";77;1;11;0;2;;;;14;0;5;0;5;;;;10;24
"055013";"Ficulle";78;0;3;0;0;;;;3;1;2;0;0;;;;3;6
"055013";"Ficulle";79;0;9;0;0;;;;9;0;2;0;2;;;;4;13
"055013";"Ficulle";80;0;7;0;2;;;;9;1;3;0;4;;;;8;17
"055013";"Ficulle";81;0;6;0;1;;;;7;0;2;0;5;;;;7;14
"055013";"Ficulle";82;0;3;1;4;;;;8;0;6;0;1;;;;7;15
"055013";"Ficulle";83;0;5;0;2;;;;7;0;3;0;5;;;;8;15
"055013";"Ficulle";84;2;5;0;2;;;;9;0;2;1;5;;;;8;17
"055013";"Ficulle";85;1;3;0;1;;;;5;0;1;0;7;;;;8;13
"055013";"Ficulle";86;2;3;0;1;;;;6;0;2;0;3;;;;5;11
"055013";"Ficulle";87;1;2;0;0;;;;3;1;2;0;6;;;;9;12
"055013";"Ficulle";88;0;4;0;0;;;;4;0;0;0;8;;;;8;12
"055013";"Ficulle";89;0;2;0;0;;;;2;0;1;0;1;;;;2;4
"055013";"Ficulle";90;0;1;0;2;;;;3;0;2;0;6;;;;8;11
"055013";"Ficulle";91;0;1;0;1;;;;2;0;1;0;5;;;;6;8
"055013";"Ficulle";92;0;2;0;0;;;;2;0;1;0;2;;;;3;5
"055013";"Ficulle";93;0;0;0;2;;;;2;0;0;0;1;;;;1;3
"055013";"Ficulle";94;0;2;0;0;;;;2;0;0;0;6;;;;6;8
"055013";"Ficulle";95;0;2;0;0;;;;2;0;0;0;2;;;;2;4
"055013";"Ficulle";96;0;1;0;0;;;;1;0;0;0;0;;;;0;1
"055013";"Ficulle";97;0;0;0;0;;;;0;1;0;0;0;;;;1;1
"055013";"Ficulle";98;0;0;0;0;;;;0;1;0;0;0;;;;1;1
"055013";"Ficulle";99;0;0;0;0;;;;0;0;0;0;0;;;;0;0
"055013";"Ficulle";100;0;0;0;0;;;;0;0;0;0;1;;;;1;1
"055013";"Ficulle";999;357;368;26;28;;;;779;285;345;38;115;;;;783;1562
"055014";"Giove";0;4;0;0;0;;;;4;5;0;0;0;;;;5;9
"055014";"Giove";1;4;0;0;0;;;;4;6;0;0;0;;;;6;10
"055014";"Giove";2;6;0;0;0;;;;6;7;0;0;0;;;;7;13
"055014";"Giove";3;4;0;0;0;;;;4;4;0;0;0;;;;4;8
"055014";"Giove";4;8;0;0;0;;;;8;1;0;0;0;;;;1;9
"055014";"Giove";5;4;0;0;0;;;;4;6;0;0;0;;;;6;10
"055014";"Giove";6;6;0;0;0;;;;6;4;0;0;0;;;;4;10
"055014";"Giove";7;8;0;0;0;;;;8;4;0;0;0;;;;4;12
"055014";"Giove";8;5;0;0;0;;;;5;8;0;0;0;;;;8;13
"055014";"Giove";9;3;0;0;0;;;;3;1;0;0;0;;;;1;4
"055014";"Giove";10;14;0;0;0;;;;14;3;0;0;0;;;;3;17
"055014";"Giove";11;12;0;0;0;;;;12;7;0;0;0;;;;7;19
"055014";"Giove";12;6;0;0;0;;;;6;11;0;0;0;;;;11;17
"055014";"Giove";13;9;0;0;0;;;;9;8;0;0;0;;;;8;17
"055014";"Giove";14;6;0;0;0;;;;6;11;0;0;0;;;;11;17
"055014";"Giove";15;2;0;0;0;;;;2;5;0;0;0;;;;5;7
"055014";"Giove";16;9;0;0;0;;;;9;10;0;0;0;;;;10;19
"055014";"Giove";17;10;0;0;0;;;;10;9;0;0;0;;;;9;19
"055014";"Giove";18;11;0;0;0;;;;11;14;0;0;0;;;;14;25
"055014";"Giove";19;6;0;0;0;;;;6;8;0;0;0;;;;8;14
"055014";"Giove";20;7;0;0;0;;;;7;5;0;0;0;;;;5;12
"055014";"Giove";21;10;0;0;0;;;;10;8;0;0;0;;;;8;18
"055014";"Giove";22;9;0;0;0;;;;9;7;0;0;0;;;;7;16
"055014";"Giove";23;13;0;0;0;;;;13;13;0;0;0;;;;13;26
"055014";"Giove";24;5;0;0;0;;;;5;9;0;0;0;;;;9;14
"055014";"Giove";25;8;0;0;0;;;;8;3;0;0;0;;;;3;11
"055014";"Giove";26;7;0;0;0;;;;7;10;0;0;0;;;;10;17
"055014";"Giove";27;8;0;0;0;;;;8;11;0;0;0;;;;11;19
"055014";"Giove";28;4;0;0;0;;;;4;4;1;0;0;;;;5;9
"055014";"Giove";29;4;0;0;0;;;;4;7;0;0;0;;;;7;11
"055014";"Giove";30;6;0;0;0;;;;6;2;1;0;0;;;;3;9
"055014";"Giove";31;6;0;0;0;;;;6;7;2;0;0;;;;9;15
"055014";"Giove";32;3;0;0;0;;;;3;5;0;0;0;;;;5;8
"055014";"Giove";33;10;1;0;0;;;;11;8;1;0;0;;;;9;20
"055014";"Giove";34;8;2;0;0;;;;10;3;2;0;0;;;;5;15
"055014";"Giove";35;6;3;0;0;;;;9;3;6;0;1;;;;10;19
"055014";"Giove";36;10;0;0;0;;;;10;5;1;0;0;;;;6;16
"055014";"Giove";37;6;4;0;0;;;;10;4;5;0;0;;;;9;19
"055014";"Giove";38;11;1;1;0;;;;13;6;4;0;0;;;;10;23
"055014";"Giove";39;6;1;0;0;;;;7;8;3;1;0;;;;12;19
"055014";"Giove";40;4;3;0;0;;;;7;3;6;1;0;;;;10;17
"055014";"Giove";41;2;8;1;0;;;;11;2;7;0;0;;;;9;20
"055014";"Giove";42;6;7;0;0;;;;13;2;4;1;0;;;;7;20
"055014";"Giove";43;9;3;0;0;;;;12;7;10;1;0;;;;18;30
"055014";"Giove";44;5;3;0;0;;;;8;5;4;1;0;;;;10;18
"055014";"Giove";45;8;4;0;0;;;;12;7;2;1;0;;;;10;22
"055014";"Giove";46;12;5;0;0;;;;17;5;7;1;0;;;;13;30
"055014";"Giove";47;10;4;1;0;;;;15;7;9;0;0;;;;16;31
"055014";"Giove";48;4;6;0;0;;;;10;2;10;1;0;;;;13;23
"055014";"Giove";49;9;6;1;0;;;;16;2;7;1;0;;;;10;26
"055014";"Giove";50;4;7;1;1;;;;13;3;12;0;0;;;;15;28
"055014";"Giove";51;5;8;1;0;;;;14;3;10;0;0;;;;13;27
"055014";"Giove";52;3;11;1;0;;;;15;5;18;1;0;;;;24;39
"055014";"Giove";53;7;10;1;0;;;;18;4;10;1;0;;;;15;33
"055014";"Giove";54;2;8;0;0;;;;10;2;10;1;1;;;;14;24
"055014";"Giove";55;5;13;2;1;;;;21;1;9;0;1;;;;11;32
"055014";"Giove";56;2;10;3;0;;;;15;3;9;1;1;;;;14;29
"055014";"Giove";57;4;13;2;0;;;;19;2;12;1;1;;;;16;35
"055014";"Giove";58;2;9;0;1;;;;12;2;13;0;1;;;;16;28
"055014";"Giove";59;3;10;1;0;;;;14;2;15;1;1;;;;19;33
"055014";"Giove";60;3;6;0;0;;;;9;1;17;0;1;;;;19;28
"055014";"Giove";61;3;8;1;0;;;;12;1;9;0;2;;;;12;24
"055014";"Giove";62;0;13;3;1;;;;17;1;6;0;2;;;;9;26
"055014";"Giove";63;3;11;1;0;;;;15;0;3;0;3;;;;6;21
"055014";"Giove";64;2;8;1;0;;;;11;1;13;2;2;;;;18;29
"055014";"Giove";65;3;4;1;0;;;;8;1;13;0;2;;;;16;24
"055014";"Giove";66;4;12;2;0;;;;18;1;11;1;5;;;;18;36
"055014";"Giove";67;2;15;1;0;;;;18;0;8;0;2;;;;10;28
"055014";"Giove";68;1;13;0;0;;;;14;2;13;4;1;;;;20;34
"055014";"Giove";69;1;14;1;0;;;;16;0;10;1;2;;;;13;29
"055014";"Giove";70;2;8;0;0;;;;10;1;8;0;6;;;;15;25
"055014";"Giove";71;0;11;1;1;;;;13;2;13;1;0;;;;16;29
"055014";"Giove";72;0;18;0;1;;;;19;1;11;3;1;;;;16;35
"055014";"Giove";73;0;10;1;0;;;;11;0;8;1;2;;;;11;22
"055014";"Giove";74;2;8;3;1;;;;14;2;6;0;4;;;;12;26
"055014";"Giove";75;3;7;0;0;;;;10;0;5;0;5;;;;10;20
"055014";"Giove";76;0;16;0;2;;;;18;0;5;2;4;;;;11;29
"055014";"Giove";77;1;11;3;0;;;;15;1;2;2;3;;;;8;23
"055014";"Giove";78;0;7;0;1;;;;8;2;9;0;4;;;;15;23
"055014";"Giove";79;0;9;0;1;;;;10;0;5;1;6;;;;12;22
"055014";"Giove";80;0;5;0;0;;;;5;1;7;0;5;;;;13;18
"055014";"Giove";81;0;7;0;0;;;;7;0;4;0;3;;;;7;14
"055014";"Giove";82;1;5;0;2;;;;8;0;2;0;5;;;;7;15
"055014";"Giove";83;0;5;0;2;;;;7;0;1;0;4;;;;5;12
"055014";"Giove";84;0;1;0;3;;;;4;0;5;0;12;;;;17;21
"055014";"Giove";85;0;3;1;0;;;;4;1;2;0;4;;;;7;11
"055014";"Giove";86;1;6;0;2;;;;9;1;6;0;4;;;;11;20
"055014";"Giove";87;1;3;0;2;;;;6;0;0;0;3;;;;3;9
"055014";"Giove";88;0;3;0;0;;;;3;1;1;0;5;;;;7;10
"055014";"Giove";89;1;1;0;1;;;;3;0;0;0;1;;;;1;4
"055014";"Giove";90;0;1;0;2;;;;3;0;1;0;3;;;;4;7
"055014";"Giove";91;0;2;0;1;;;;3;1;1;0;8;;;;10;13
"055014";"Giove";92;0;0;0;2;;;;2;0;0;0;2;;;;2;4
"055014";"Giove";93;0;2;0;1;;;;3;0;0;0;1;;;;1;4
"055014";"Giove";94;0;1;0;0;;;;1;0;0;0;3;;;;3;4
"055014";"Giove";95;0;1;0;0;;;;1;0;0;0;3;;;;3;4
"055014";"Giove";96;0;0;0;0;;;;0;0;0;0;1;;;;1;1
"055014";"Giove";97;0;0;0;1;;;;1;0;1;0;0;;;;1;2
"055014";"Giove";98;0;0;0;1;;;;1;0;0;0;2;;;;2;3
"055014";"Giove";99;0;0;0;0;;;;0;0;0;0;0;;;;0;0
"055014";"Giove";100;0;1;0;0;;;;1;0;0;0;2;;;;2;3
"055014";"Giove";999;424;416;36;31;;;;907;351;416;33;135;;;;935;1842
"055015";"Guardea";0;5;0;0;0;;;;5;4;0;0;0;;;;4;9
"055015";"Guardea";1;3;0;0;0;;;;3;5;0;0;0;;;;5;8
"055015";"Guardea";2;3;0;0;0;;;;3;4;0;0;0;;;;4;7
"055015";"Guardea";3;10;0;0;0;;;;10;3;0;0;0;;;;3;13
"055015";"Guardea";4;7;0;0;0;;;;7;8;0;0;0;;;;8;15
"055015";"Guardea";5;7;0;0;0;;;;7;5;0;0;0;;;;5;12
"055015";"Guardea";6;5;0;0;0;;;;5;5;0;0;0;;;;5;10
"055015";"Guardea";7;3;0;0;0;;;;3;9;0;0;0;;;;9;12
"055015";"Guardea";8;8;0;0;0;;;;8;6;0;0;0;;;;6;14
"055015";"Guardea";9;7;0;0;0;;;;7;4;0;0;0;;;;4;11
"055015";"Guardea";10;4;0;0;0;;;;4;8;0;0;0;;;;8;12
"055015";"Guardea";11;3;0;0;0;;;;3;7;0;0;0;;;;7;10
"055015";"Guardea";12;9;0;0;0;;;;9;2;0;0;0;;;;2;11
"055015";"Guardea";13;9;0;0;0;;;;9;9;0;0;0;;;;9;18
"055015";"Guardea";14;6;0;0;0;;;;6;8;0;0;0;;;;8;14
"055015";"Guardea";15;8;0;0;0;;;;8;5;0;0;0;;;;5;13
"055015";"Guardea";16;10;0;0;0;;;;10;6;0;0;0;;;;6;16
"055015";"Guardea";17;5;0;0;0;;;;5;3;0;0;0;;;;3;8
"055015";"Guardea";18;22;0;0;0;;;;22;7;0;0;0;;;;7;29
"055015";"Guardea";19;14;0;0;0;;;;14;8;0;0;0;;;;8;22
"055015";"Guardea";20;12;0;0;0;;;;12;8;0;0;0;;;;8;20
"055015";"Guardea";21;6;0;0;0;;;;6;4;0;0;0;;;;4;10
"055015";"Guardea";22;6;0;0;0;;;;6;9;0;0;0;;;;9;15
"055015";"Guardea";23;5;0;0;0;;;;5;7;0;0;0;;;;7;12
"055015";"Guardea";24;2;0;0;0;;;;2;5;0;0;0;;;;5;7
"055015";"Guardea";25;4;0;0;0;;;;4;7;0;0;0;;;;7;11
"055015";"Guardea";26;7;0;0;0;;;;7;6;1;0;0;;;;7;14
"055015";"Guardea";27;15;0;0;0;;;;15;11;1;0;0;;;;12;27
"055015";"Guardea";28;7;0;0;0;;;;7;6;1;0;0;;;;7;14
"055015";"Guardea";29;5;1;0;0;;;;6;5;0;0;0;;;;5;11
"055015";"Guardea";30;8;0;0;0;;;;8;4;2;0;0;;;;6;14
"055015";"Guardea";31;3;0;0;0;;;;3;2;0;0;0;;;;2;5
"055015";"Guardea";32;11;1;0;0;;;;12;5;1;0;0;;;;6;18
"055015";"Guardea";33;5;1;0;0;;;;6;10;2;0;0;;;;12;18
"055015";"Guardea";34;8;2;0;0;;;;10;5;2;0;0;;;;7;17
"055015";"Guardea";35;4;2;0;0;;;;6;4;3;0;0;;;;7;13
"055015";"Guardea";36;3;2;0;0;;;;5;5;4;0;0;;;;9;14
"055015";"Guardea";37;7;2;0;0;;;;9;7;8;0;0;;;;15;24
"055015";"Guardea";38;3;4;0;0;;;;7;4;6;1;0;;;;11;18
"055015";"Guardea";39;5;3;0;0;;;;8;2;8;0;0;;;;10;18
"055015";"Guardea";40;6;4;0;0;;;;10;2;6;0;0;;;;8;18
"055015";"Guardea";41;7;9;0;0;;;;16;2;4;1;0;;;;7;23
"055015";"Guardea";42;8;5;0;0;;;;13;4;8;0;0;;;;12;25
"055015";"Guardea";43;4;9;0;0;;;;13;2;6;1;0;;;;9;22
"055015";"Guardea";44;3;5;0;0;;;;8;3;3;0;0;;;;6;14
"055015";"Guardea";45;7;8;0;0;;;;15;1;6;0;0;;;;7;22
"055015";"Guardea";46;5;8;1;0;;;;14;2;9;2;0;;;;13;27
"055015";"Guardea";47;4;3;1;0;;;;8;2;5;3;0;;;;10;18
"055015";"Guardea";48;6;8;1;0;;;;15;4;10;0;0;;;;14;29
"055015";"Guardea";49;3;3;0;0;;;;6;2;5;1;0;;;;8;14
"055015";"Guardea";50;2;4;1;0;;;;7;6;13;0;0;;;;19;26
"055015";"Guardea";51;5;7;1;0;;;;13;0;12;1;0;;;;13;26
"055015";"Guardea";52;3;9;1;0;;;;13;2;9;2;0;;;;13;26
"055015";"Guardea";53;1;10;1;0;;;;12;4;16;0;2;;;;22;34
"055015";"Guardea";54;4;5;2;0;;;;11;0;10;2;0;;;;12;23
"055015";"Guardea";55;2;11;0;1;;;;14;1;12;2;0;;;;15;29
"055015";"Guardea";56;5;10;1;0;;;;16;1;10;1;0;;;;12;28
"055015";"Guardea";57;5;15;2;0;;;;22;1;6;1;0;;;;8;30
"055015";"Guardea";58;2;10;1;0;;;;13;3;8;1;0;;;;12;25
"055015";"Guardea";59;1;15;2;0;;;;18;0;10;2;1;;;;13;31
"055015";"Guardea";60;3;8;2;0;;;;13;4;9;0;1;;;;14;27
"055015";"Guardea";61;4;16;0;0;;;;20;1;12;1;1;;;;15;35
"055015";"Guardea";62;1;14;0;0;;;;15;0;11;0;0;;;;11;26
"055015";"Guardea";63;3;9;1;1;;;;14;1;7;1;3;;;;12;26
"055015";"Guardea";64;1;4;1;0;;;;6;1;12;0;1;;;;14;20
"055015";"Guardea";65;1;11;3;0;;;;15;1;11;1;0;;;;13;28
"055015";"Guardea";66;2;9;2;0;;;;13;0;12;2;2;;;;16;29
"055015";"Guardea";67;1;7;0;0;;;;8;0;13;1;2;;;;16;24
"055015";"Guardea";68;2;11;2;0;;;;15;0;13;1;3;;;;17;32
"055015";"Guardea";69;0;10;0;0;;;;10;0;11;0;0;;;;11;21
"055015";"Guardea";70;1;8;0;1;;;;10;2;13;1;1;;;;17;27
"055015";"Guardea";71;1;14;0;0;;;;15;0;5;2;2;;;;9;24
"055015";"Guardea";72;0;10;0;0;;;;10;2;10;0;2;;;;14;24
"055015";"Guardea";73;0;16;0;0;;;;16;0;9;0;4;;;;13;29
"055015";"Guardea";74;0;14;0;1;;;;15;1;6;2;7;;;;16;31
"055015";"Guardea";75;0;5;0;2;;;;7;1;7;0;3;;;;11;18
"055015";"Guardea";76;1;10;0;0;;;;11;0;7;0;3;;;;10;21
"055015";"Guardea";77;2;7;0;0;;;;9;1;8;1;4;;;;14;23
"055015";"Guardea";78;0;6;0;1;;;;7;0;6;0;3;;;;9;16
"055015";"Guardea";79;0;7;0;1;;;;8;0;6;1;7;;;;14;22
"055015";"Guardea";80;0;8;0;0;;;;8;0;5;0;4;;;;9;17
"055015";"Guardea";81;0;6;1;1;;;;8;1;0;1;4;;;;6;14
"055015";"Guardea";82;2;8;0;0;;;;10;0;4;0;3;;;;7;17
"055015";"Guardea";83;0;3;0;0;;;;3;0;2;0;6;;;;8;11
"055015";"Guardea";84;1;9;0;4;;;;14;1;2;0;5;;;;8;22
"055015";"Guardea";85;1;2;0;1;;;;4;2;4;0;3;;;;9;13
"055015";"Guardea";86;0;2;0;2;;;;4;1;2;0;8;;;;11;15
"055015";"Guardea";87;0;3;0;0;;;;3;0;2;0;9;;;;11;14
"055015";"Guardea";88;0;1;0;2;;;;3;0;1;0;3;;;;4;7
"055015";"Guardea";89;0;3;1;2;;;;6;0;2;0;3;;;;5;11
"055015";"Guardea";90;0;1;0;2;;;;3;0;0;0;6;;;;6;9
"055015";"Guardea";91;0;2;0;1;;;;3;1;0;0;1;;;;2;5
"055015";"Guardea";92;0;2;0;0;;;;2;0;0;0;3;;;;3;5
"055015";"Guardea";93;0;1;0;0;;;;1;0;0;0;2;;;;2;3
"055015";"Guardea";94;0;0;0;0;;;;0;1;0;0;3;;;;4;4
"055015";"Guardea";95;0;0;0;1;;;;1;0;0;0;1;;;;1;2
"055015";"Guardea";96;0;0;0;1;;;;1;0;0;0;5;;;;5;6
"055015";"Guardea";97;0;0;0;2;;;;2;0;0;0;1;;;;1;3
"055015";"Guardea";98;0;0;0;0;;;;0;0;0;0;0;;;;0;0
"055015";"Guardea";99;0;0;0;0;;;;0;0;0;0;0;;;;0;0
"055015";"Guardea";100;0;0;0;0;;;;0;0;0;0;0;;;;0;0
"055015";"Guardea";999;384;423;28;27;;;;862;296;419;36;122;;;;873;1735
"055016";"Lugnano in Teverina";0;2;0;0;0;;;;2;3;0;0;0;;;;3;5
"055016";"Lugnano in Teverina";1;0;0;0;0;;;;0;3;0;0;0;;;;3;3
"055016";"Lugnano in Teverina";2;6;0;0;0;;;;6;6;0;0;0;;;;6;12
"055016";"Lugnano in Teverina";3;3;0;0;0;;;;3;5;0;0;0;;;;5;8
"055016";"Lugnano in Teverina";4;7;0;0;0;;;;7;2;0;0;0;;;;2;9
"055016";"Lugnano in Teverina";5;10;0;0;0;;;;10;1;0;0;0;;;;1;11
"055016";"Lugnano in Teverina";6;2;0;0;0;;;;2;4;0;0;0;;;;4;6
"055016";"Lugnano in Teverina";7;4;0;0;0;;;;4;1;0;0;0;;;;1;5
"055016";"Lugnano in Teverina";8;4;0;0;0;;;;4;5;0;0;0;;;;5;9
"055016";"Lugnano in Teverina";9;6;0;0;0;;;;6;1;0;0;0;;;;1;7
"055016";"Lugnano in Teverina";10;3;0;0;0;;;;3;7;0;0;0;;;;7;10
"055016";"Lugnano in Teverina";11;4;0;0;0;;;;4;5;0;0;0;;;;5;9
"055016";"Lugnano in Teverina";12;11;0;0;0;;;;11;3;0;0;0;;;;3;14
"055016";"Lugnano in Teverina";13;5;0;0;0;;;;5;4;0;0;0;;;;4;9
"055016";"Lugnano in Teverina";14;10;0;0;0;;;;10;5;0;0;0;;;;5;15
"055016";"Lugnano in Teverina";15;6;0;0;0;;;;6;3;0;0;0;;;;3;9
"055016";"Lugnano in Teverina";16;5;0;0;0;;;;5;3;0;0;0;;;;3;8
"055016";"Lugnano in Teverina";17;6;0;0;0;;;;6;8;0;0;0;;;;8;14
"055016";"Lugnano in Teverina";18;4;0;0;0;;;;4;11;0;0;0;;;;11;15
"055016";"Lugnano in Teverina";19;5;0;0;0;;;;5;5;0;0;0;;;;5;10
"055016";"Lugnano in Teverina";20;4;0;0;0;;;;4;9;0;0;0;;;;9;13
"055016";"Lugnano in Teverina";21;4;0;0;0;;;;4;3;0;0;0;;;;3;7
"055016";"Lugnano in Teverina";22;1;0;0;0;;;;1;4;0;0;0;;;;4;5
"055016";"Lugnano in Teverina";23;6;0;0;0;;;;6;2;0;0;0;;;;2;8
"055016";"Lugnano in Teverina";24;8;0;0;0;;;;8;8;0;0;0;;;;8;16
"055016";"Lugnano in Teverina";25;3;0;0;0;;;;3;3;0;0;0;;;;3;6
"055016";"Lugnano in Teverina";26;9;0;0;0;;;;9;4;0;0;0;;;;4;13
"055016";"Lugnano in Teverina";27;6;0;0;0;;;;6;6;1;0;0;;;;7;13
"055016";"Lugnano in Teverina";28;4;1;0;0;;;;5;4;0;0;0;;;;4;9
"055016";"Lugnano in Teverina";29;10;0;0;0;;;;10;8;1;0;0;;;;9;19
"055016";"Lugnano in Teverina";30;4;0;0;0;;;;4;1;1;0;0;;;;2;6
"055016";"Lugnano in Teverina";31;4;0;0;0;;;;4;2;1;0;0;;;;3;7
"055016";"Lugnano in Teverina";32;5;1;0;0;;;;6;6;1;0;0;;;;7;13
"055016";"Lugnano in Teverina";33;5;2;0;0;;;;7;4;3;0;0;;;;7;14
"055016";"Lugnano in Teverina";34;9;1;0;0;;;;10;5;1;0;0;;;;6;16
"055016";"Lugnano in Teverina";35;5;1;0;0;;;;6;5;6;0;0;;;;11;17
"055016";"Lugnano in Teverina";36;3;0;0;0;;;;3;2;6;1;0;;;;9;12
"055016";"Lugnano in Teverina";37;7;3;0;0;;;;10;6;2;0;0;;;;8;18
"055016";"Lugnano in Teverina";38;2;2;0;0;;;;4;4;2;0;0;;;;6;10
"055016";"Lugnano in Teverina";39;5;9;0;0;;;;14;5;3;0;0;;;;8;22
"055016";"Lugnano in Teverina";40;7;3;0;0;;;;10;4;1;0;0;;;;5;15
"055016";"Lugnano in Teverina";41;4;0;0;0;;;;4;3;5;1;0;;;;9;13
"055016";"Lugnano in Teverina";42;4;1;0;0;;;;5;3;5;1;0;;;;9;14
"055016";"Lugnano in Teverina";43;6;5;0;0;;;;11;0;6;0;0;;;;6;17
"055016";"Lugnano in Teverina";44;6;3;0;0;;;;9;1;3;1;0;;;;5;14
"055016";"Lugnano in Teverina";45;5;6;0;0;;;;11;4;6;1;1;;;;12;23
"055016";"Lugnano in Teverina";46;2;4;0;0;;;;6;3;8;0;0;;;;11;17
"055016";"Lugnano in Teverina";47;5;2;1;0;;;;8;2;4;2;0;;;;8;16
"055016";"Lugnano in Teverina";48;4;5;1;0;;;;10;1;7;1;1;;;;10;20
"055016";"Lugnano in Teverina";49;3;8;1;0;;;;12;2;6;0;0;;;;8;20
"055016";"Lugnano in Teverina";50;4;10;1;0;;;;15;2;10;0;0;;;;12;27
"055016";"Lugnano in Teverina";51;1;7;0;0;;;;8;3;4;1;0;;;;8;16
"055016";"Lugnano in Teverina";52;1;4;0;0;;;;5;3;7;1;0;;;;11;16
"055016";"Lugnano in Teverina";53;1;7;1;0;;;;9;2;4;0;1;;;;7;16
"055016";"Lugnano in Teverina";54;4;7;0;0;;;;11;1;4;0;0;;;;5;16
"055016";"Lugnano in Teverina";55;1;7;0;0;;;;8;4;9;0;0;;;;13;21
"055016";"Lugnano in Teverina";56;2;5;0;0;;;;7;2;9;1;0;;;;12;19
"055016";"Lugnano in Teverina";57;3;6;1;0;;;;10;2;9;2;0;;;;13;23
"055016";"Lugnano in Teverina";58;4;7;0;0;;;;11;2;8;0;1;;;;11;22
"055016";"Lugnano in Teverina";59;1;8;1;0;;;;10;2;5;2;0;;;;9;19
"055016";"Lugnano in Teverina";60;6;5;0;1;;;;12;1;12;0;1;;;;14;26
"055016";"Lugnano in Teverina";61;3;6;0;0;;;;9;1;7;1;0;;;;9;18
"055016";"Lugnano in Teverina";62;3;16;1;0;;;;20;2;3;1;3;;;;9;29
"055016";"Lugnano in Teverina";63;2;6;0;0;;;;8;1;7;2;1;;;;11;19
"055016";"Lugnano in Teverina";64;2;6;1;1;;;;10;0;6;1;1;;;;8;18
"055016";"Lugnano in Teverina";65;0;7;3;1;;;;11;1;12;1;4;;;;18;29
"055016";"Lugnano in Teverina";66;2;5;0;0;;;;7;1;13;0;1;;;;15;22
"055016";"Lugnano in Teverina";67;1;10;0;0;;;;11;0;11;0;3;;;;14;25
"055016";"Lugnano in Teverina";68;3;9;1;2;;;;15;0;9;1;0;;;;10;25
"055016";"Lugnano in Teverina";69;3;8;0;0;;;;11;0;9;0;3;;;;12;23
"055016";"Lugnano in Teverina";70;2;13;1;0;;;;16;1;8;1;1;;;;11;27
"055016";"Lugnano in Teverina";71;0;7;0;0;;;;7;0;9;0;6;;;;15;22
"055016";"Lugnano in Teverina";72;2;9;0;1;;;;12;0;12;1;2;;;;15;27
"055016";"Lugnano in Teverina";73;0;13;1;0;;;;14;0;5;0;1;;;;6;20
"055016";"Lugnano in Teverina";74;0;7;0;0;;;;7;1;4;0;4;;;;9;16
"055016";"Lugnano in Teverina";75;1;9;3;1;;;;14;1;5;0;1;;;;7;21
"055016";"Lugnano in Teverina";76;1;8;0;0;;;;9;1;7;0;1;;;;9;18
"055016";"Lugnano in Teverina";77;1;9;0;0;;;;10;0;8;1;3;;;;12;22
"055016";"Lugnano in Teverina";78;1;9;0;0;;;;10;0;7;1;1;;;;9;19
"055016";"Lugnano in Teverina";79;1;12;1;2;;;;16;1;4;0;6;;;;11;27
"055016";"Lugnano in Teverina";80;0;6;0;0;;;;6;0;3;0;4;;;;7;13
"055016";"Lugnano in Teverina";81;1;8;0;0;;;;9;1;2;0;3;;;;6;15
"055016";"Lugnano in Teverina";82;0;3;0;0;;;;3;1;7;1;1;;;;10;13
"055016";"Lugnano in Teverina";83;1;2;0;0;;;;3;0;4;0;6;;;;10;13
"055016";"Lugnano in Teverina";84;1;4;0;3;;;;8;0;4;0;4;;;;8;16
"055016";"Lugnano in Teverina";85;1;3;0;0;;;;4;1;4;0;3;;;;8;12
"055016";"Lugnano in Teverina";86;0;7;0;0;;;;7;0;0;0;4;;;;4;11
"055016";"Lugnano in Teverina";87;1;2;0;0;;;;3;0;2;0;5;;;;7;10
"055016";"Lugnano in Teverina";88;0;5;0;1;;;;6;0;1;0;6;;;;7;13
"055016";"Lugnano in Teverina";89;0;0;0;3;;;;3;0;1;0;2;;;;3;6
"055016";"Lugnano in Teverina";90;1;1;0;0;;;;2;0;0;0;4;;;;4;6
"055016";"Lugnano in Teverina";91;1;2;0;1;;;;4;0;0;0;2;;;;2;6
"055016";"Lugnano in Teverina";92;0;1;0;0;;;;1;0;0;0;1;;;;1;2
"055016";"Lugnano in Teverina";93;0;0;0;0;;;;0;0;0;0;2;;;;2;2
"055016";"Lugnano in Teverina";94;0;1;0;0;;;;1;0;0;0;3;;;;3;4
"055016";"Lugnano in Teverina";95;0;0;0;0;;;;0;0;0;0;1;;;;1;1
"055016";"Lugnano in Teverina";96;0;0;0;0;;;;0;0;1;0;1;;;;2;2
"055016";"Lugnano in Teverina";97;0;0;0;1;;;;1;0;0;0;0;;;;0;1
"055016";"Lugnano in Teverina";98;0;0;0;0;;;;0;0;0;0;0;;;;0;0
"055016";"Lugnano in Teverina";99;0;1;0;0;;;;1;0;0;0;0;;;;0;1
"055016";"Lugnano in Teverina";100;0;0;0;0;;;;0;0;0;0;0;;;;0;0
"055016";"Lugnano in Teverina";999;316;345;19;18;;;;698;237;335;27;99;;;;698;1396
"055017";"Montecastrilli";0;11;0;0;0;;;;11;15;0;0;0;;;;15;26
"055017";"Montecastrilli";1;18;0;0;0;;;;18;21;0;0;0;;;;21;39
"055017";"Montecastrilli";2;17;0;0;0;;;;17;12;0;0;0;;;;12;29
"055017";"Montecastrilli";3;12;0;0;0;;;;12;15;0;0;0;;;;15;27
"055017";"Montecastrilli";4;14;0;0;0;;;;14;14;0;0;0;;;;14;28
"055017";"Montecastrilli";5;16;0;0;0;;;;16;16;0;0;0;;;;16;32
"055017";"Montecastrilli";6;11;0;0;0;;;;11;17;0;0;0;;;;17;28
"055017";"Montecastrilli";7;17;0;0;0;;;;17;19;0;0;0;;;;19;36
"055017";"Montecastrilli";8;24;0;0;0;;;;24;19;0;0;0;;;;19;43
"055017";"Montecastrilli";9;15;0;0;0;;;;15;18;0;0;0;;;;18;33
"055017";"Montecastrilli";10;17;0;0;0;;;;17;18;0;0;0;;;;18;35
"055017";"Montecastrilli";11;16;0;0;0;;;;16;22;0;0;0;;;;22;38
"055017";"Montecastrilli";12;26;0;0;0;;;;26;32;0;0;0;;;;32;58
"055017";"Montecastrilli";13;29;0;0;0;;;;29;28;0;0;0;;;;28;57
"055017";"Montecastrilli";14;21;0;0;0;;;;21;34;0;0;0;;;;34;55
"055017";"Montecastrilli";15;22;0;0;0;;;;22;18;0;0;0;;;;18;40
"055017";"Montecastrilli";16;26;0;0;0;;;;26;22;0;0;0;;;;22;48
"055017";"Montecastrilli";17;31;0;0;0;;;;31;20;0;0;0;;;;20;51
"055017";"Montecastrilli";18;27;0;0;0;;;;27;20;0;0;0;;;;20;47
"055017";"Montecastrilli";19;28;0;0;0;;;;28;21;0;0;0;;;;21;49
"055017";"Montecastrilli";20;17;1;0;0;;;;18;28;0;0;0;;;;28;46
"055017";"Montecastrilli";21;24;0;0;0;;;;24;21;0;0;0;;;;21;45
"055017";"Montecastrilli";22;18;0;0;0;;;;18;13;0;0;0;;;;13;31
"055017";"Montecastrilli";23;19;0;0;0;;;;19;22;0;0;0;;;;22;41
"055017";"Montecastrilli";24;27;0;0;0;;;;27;24;0;0;0;;;;24;51
"055017";"Montecastrilli";25;20;1;0;0;;;;21;21;1;0;0;;;;22;43
"055017";"Montecastrilli";26;13;0;0;0;;;;13;19;1;0;0;;;;20;33
"055017";"Montecastrilli";27;14;0;0;0;;;;14;16;1;0;0;;;;17;31
"055017";"Montecastrilli";28;19;0;0;0;;;;19;11;2;0;0;;;;13;32
"055017";"Montecastrilli";29;28;0;1;0;;;;29;9;3;0;0;;;;12;41
"055017";"Montecastrilli";30;14;3;0;0;;;;17;15;5;0;0;;;;20;37
"055017";"Montecastrilli";31;18;2;0;0;;;;20;21;5;0;0;;;;26;46
"055017";"Montecastrilli";32;25;4;0;0;;;;29;12;8;0;0;;;;20;49
"055017";"Montecastrilli";33;16;5;0;0;;;;21;15;11;1;0;;;;27;48
"055017";"Montecastrilli";34;30;7;0;0;;;;37;14;13;0;0;;;;27;64
"055017";"Montecastrilli";35;16;2;0;0;;;;18;15;6;1;0;;;;22;40
"055017";"Montecastrilli";36;18;12;0;0;;;;30;7;13;1;0;;;;21;51
"055017";"Montecastrilli";37;21;7;0;0;;;;28;11;17;0;0;;;;28;56
"055017";"Montecastrilli";38;14;10;1;0;;;;25;8;9;0;0;;;;17;42
"055017";"Montecastrilli";39;17;11;0;0;;;;28;8;22;1;0;;;;31;59
"055017";"Montecastrilli";40;12;12;0;0;;;;24;9;15;0;0;;;;24;48
"055017";"Montecastrilli";41;13;23;0;0;;;;36;11;17;2;0;;;;30;66
"055017";"Montecastrilli";42;15;16;0;1;;;;32;5;13;1;0;;;;19;51
"055017";"Montecastrilli";43;9;18;0;0;;;;27;7;22;3;1;;;;33;60
"055017";"Montecastrilli";44;10;20;0;0;;;;30;9;17;1;0;;;;27;57
"055017";"Montecastrilli";45;9;14;1;0;;;;24;5;20;1;0;;;;26;50
"055017";"Montecastrilli";46;6;25;0;1;;;;32;5;22;3;1;;;;31;63
"055017";"Montecastrilli";47;11;24;1;1;;;;37;6;30;5;1;;;;42;79
"055017";"Montecastrilli";48;8;18;5;0;;;;31;4;29;2;0;;;;35;66
"055017";"Montecastrilli";49;6;19;2;0;;;;27;9;26;2;0;;;;37;64
"055017";"Montecastrilli";50;5;33;2;1;;;;41;8;21;0;1;;;;30;71
"055017";"Montecastrilli";51;9;24;3;0;;;;36;3;24;0;0;;;;27;63
"055017";"Montecastrilli";52;5;28;2;1;;;;36;2;27;1;0;;;;30;66
"055017";"Montecastrilli";53;5;29;2;0;;;;36;4;34;3;1;;;;42;78
"055017";"Montecastrilli";54;4;29;3;1;;;;37;2;35;3;3;;;;43;80
"055017";"Montecastrilli";55;9;29;4;1;;;;43;3;39;5;2;;;;49;92
"055017";"Montecastrilli";56;11;25;4;1;;;;41;5;35;3;1;;;;44;85
"055017";"Montecastrilli";57;10;32;2;0;;;;44;4;32;4;2;;;;42;86
"055017";"Montecastrilli";58;5;25;2;0;;;;32;9;32;3;2;;;;46;78
"055017";"Montecastrilli";59;0;38;2;0;;;;40;3;45;3;2;;;;53;93
"055017";"Montecastrilli";60;3;26;3;2;;;;34;4;26;0;2;;;;32;66
"055017";"Montecastrilli";61;3;27;4;1;;;;35;2;35;4;2;;;;43;78
"055017";"Montecastrilli";62;3;28;1;0;;;;32;3;28;3;4;;;;38;70
"055017";"Montecastrilli";63;4;36;6;0;;;;46;1;36;5;4;;;;46;92
"055017";"Montecastrilli";64;3;25;0;1;;;;29;1;27;3;5;;;;36;65
"055017";"Montecastrilli";65;1;34;2;2;;;;39;2;29;3;5;;;;39;78
"055017";"Montecastrilli";66;2;33;2;1;;;;38;6;31;1;5;;;;43;81
"055017";"Montecastrilli";67;4;18;1;1;;;;24;1;25;3;4;;;;33;57
"055017";"Montecastrilli";68;2;23;3;1;;;;29;3;22;3;3;;;;31;60
"055017";"Montecastrilli";69;3;30;1;0;;;;34;0;24;4;7;;;;35;69
"055017";"Montecastrilli";70;1;31;0;0;;;;32;1;16;2;11;;;;30;62
"055017";"Montecastrilli";71;2;28;2;1;;;;33;2;18;2;6;;;;28;61
"055017";"Montecastrilli";72;3;26;4;0;;;;33;1;24;2;7;;;;34;67
"055017";"Montecastrilli";73;1;24;1;1;;;;27;0;15;0;1;;;;16;43
"055017";"Montecastrilli";74;1;20;0;4;;;;25;2;23;1;6;;;;32;57
"055017";"Montecastrilli";75;2;14;0;1;;;;17;2;16;0;9;;;;27;44
"055017";"Montecastrilli";76;4;27;3;1;;;;35;2;16;1;9;;;;28;63
"055017";"Montecastrilli";77;4;24;1;1;;;;30;2;20;0;10;;;;32;62
"055017";"Montecastrilli";78;1;20;0;1;;;;22;0;24;0;9;;;;33;55
"055017";"Montecastrilli";79;2;15;2;3;;;;22;1;13;0;9;;;;23;45
"055017";"Montecastrilli";80;0;22;0;5;;;;27;1;13;1;11;;;;26;53
"055017";"Montecastrilli";81;2;15;0;2;;;;19;1;12;2;8;;;;23;42
"055017";"Montecastrilli";82;1;16;0;3;;;;20;2;13;0;11;;;;26;46
"055017";"Montecastrilli";83;1;13;0;2;;;;16;0;11;0;6;;;;17;33
"055017";"Montecastrilli";84;1;12;0;4;;;;17;5;4;1;16;;;;26;43
"055017";"Montecastrilli";85;2;7;0;5;;;;14;1;6;0;11;;;;18;32
"055017";"Montecastrilli";86;0;15;0;1;;;;16;0;3;0;12;;;;15;31
"055017";"Montecastrilli";87;0;11;0;4;;;;15;1;7;0;12;;;;20;35
"055017";"Montecastrilli";88;1;1;0;2;;;;4;0;1;0;8;;;;9;13
"055017";"Montecastrilli";89;0;5;1;4;;;;10;0;1;0;13;;;;14;24
"055017";"Montecastrilli";90;0;7;0;5;;;;12;1;0;0;13;;;;14;26
"055017";"Montecastrilli";91;1;4;0;0;;;;5;0;2;0;8;;;;10;15
"055017";"Montecastrilli";92;0;4;0;1;;;;5;0;0;0;8;;;;8;13
"055017";"Montecastrilli";93;0;3;0;1;;;;4;0;1;0;7;;;;8;12
"055017";"Montecastrilli";94;0;2;0;0;;;;2;0;0;0;5;;;;5;7
"055017";"Montecastrilli";95;0;1;0;0;;;;1;0;0;0;2;;;;2;3
"055017";"Montecastrilli";96;0;0;0;0;;;;0;0;0;0;4;;;;4;4
"055017";"Montecastrilli";97;0;0;0;0;;;;0;0;0;0;2;;;;2;2
"055017";"Montecastrilli";98;0;0;0;0;;;;0;1;0;0;1;;;;2;2
"055017";"Montecastrilli";99;0;0;0;0;;;;0;0;0;0;0;;;;0;0
"055017";"Montecastrilli";100;0;0;0;0;;;;0;0;0;0;3;;;;3;3
"055017";"Montecastrilli";999;1006;1193;74;69;;;;2342;873;1194;90;296;;;;2453;4795
"055018";"Montecchio";0;2;0;0;0;;;;2;3;0;0;0;;;;3;5
"055018";"Montecchio";1;2;0;0;0;;;;2;4;0;0;0;;;;4;6
"055018";"Montecchio";2;4;0;0;0;;;;4;1;0;0;0;;;;1;5
"055018";"Montecchio";3;2;0;0;0;;;;2;3;0;0;0;;;;3;5
"055018";"Montecchio";4;0;0;0;0;;;;0;3;0;0;0;;;;3;3
"055018";"Montecchio";5;10;0;0;0;;;;10;2;0;0;0;;;;2;12
"055018";"Montecchio";6;2;0;0;0;;;;2;2;0;0;0;;;;2;4
"055018";"Montecchio";7;5;0;0;0;;;;5;5;0;0;0;;;;5;10
"055018";"Montecchio";8;7;0;0;0;;;;7;2;0;0;0;;;;2;9
"055018";"Montecchio";9;1;0;0;0;;;;1;5;0;0;0;;;;5;6
"055018";"Montecchio";10;5;0;0;0;;;;5;6;0;0;0;;;;6;11
"055018";"Montecchio";11;4;0;0;0;;;;4;10;0;0;0;;;;10;14
"055018";"Montecchio";12;3;0;0;0;;;;3;2;0;0;0;;;;2;5
"055018";"Montecchio";13;3;0;0;0;;;;3;3;0;0;0;;;;3;6
"055018";"Montecchio";14;5;0;0;0;;;;5;3;0;0;0;;;;3;8
"055018";"Montecchio";15;5;0;0;0;;;;5;3;0;0;0;;;;3;8
"055018";"Montecchio";16;6;0;0;0;;;;6;5;0;0;0;;;;5;11
"055018";"Montecchio";17;3;0;0;0;;;;3;4;0;0;0;;;;4;7
"055018";"Montecchio";18;2;0;0;0;;;;2;5;0;0;0;;;;5;7
"055018";"Montecchio";19;6;0;0;0;;;;6;5;0;0;0;;;;5;11
"055018";"Montecchio";20;6;0;0;0;;;;6;4;0;0;0;;;;4;10
"055018";"Montecchio";21;8;0;0;0;;;;8;6;1;0;0;;;;7;15
"055018";"Montecchio";22;9;0;0;0;;;;9;3;0;0;0;;;;3;12
"055018";"Montecchio";23;5;0;0;0;;;;5;6;0;0;0;;;;6;11
"055018";"Montecchio";24;5;0;0;0;;;;5;6;0;0;0;;;;6;11
"055018";"Montecchio";25;5;0;0;0;;;;5;9;1;0;0;;;;10;15
"055018";"Montecchio";26;7;2;0;0;;;;9;3;1;0;0;;;;4;13
"055018";"Montecchio";27;13;0;0;0;;;;13;4;0;0;0;;;;4;17
"055018";"Montecchio";28;5;0;0;0;;;;5;3;0;0;0;;;;3;8
"055018";"Montecchio";29;7;2;0;0;;;;9;6;1;0;0;;;;7;16
"055018";"Montecchio";30;7;1;0;0;;;;8;7;1;0;0;;;;8;16
"055018";"Montecchio";31;10;2;0;0;;;;12;5;2;0;0;;;;7;19
"055018";"Montecchio";32;6;1;0;0;;;;7;6;5;0;0;;;;11;18
"055018";"Montecchio";33;5;0;0;0;;;;5;3;3;0;0;;;;6;11
"055018";"Montecchio";34;9;4;0;0;;;;13;4;1;0;0;;;;5;18
"055018";"Montecchio";35;2;1;0;0;;;;3;4;1;0;0;;;;5;8
"055018";"Montecchio";36;7;5;0;0;;;;12;3;0;0;0;;;;3;15
"055018";"Montecchio";37;5;1;0;0;;;;6;4;3;0;0;;;;7;13
"055018";"Montecchio";38;2;0;0;0;;;;2;0;3;0;0;;;;3;5
"055018";"Montecchio";39;1;1;0;0;;;;2;2;6;0;0;;;;8;10
"055018";"Montecchio";40;5;4;1;0;;;;10;2;3;0;0;;;;5;15
"055018";"Montecchio";41;3;3;1;0;;;;7;2;0;0;0;;;;2;9
"055018";"Montecchio";42;4;5;1;0;;;;10;3;5;0;0;;;;8;18
"055018";"Montecchio";43;3;4;0;0;;;;7;1;3;0;0;;;;4;11
"055018";"Montecchio";44;5;4;0;0;;;;9;3;2;0;0;;;;5;14
"055018";"Montecchio";45;0;2;1;0;;;;3;3;7;0;0;;;;10;13
"055018";"Montecchio";46;4;3;0;0;;;;7;3;6;0;0;;;;9;16
"055018";"Montecchio";47;6;9;1;0;;;;16;2;8;1;2;;;;13;29
"055018";"Montecchio";48;3;6;2;0;;;;11;2;5;1;0;;;;8;19
"055018";"Montecchio";49;2;5;0;0;;;;7;9;9;0;0;;;;18;25
"055018";"Montecchio";50;7;2;0;0;;;;9;1;0;1;0;;;;2;11
"055018";"Montecchio";51;8;8;0;0;;;;16;1;8;2;0;;;;11;27
"055018";"Montecchio";52;3;5;1;0;;;;9;0;7;0;1;;;;8;17
"055018";"Montecchio";53;3;7;2;0;;;;12;3;3;0;0;;;;6;18
"055018";"Montecchio";54;7;8;1;0;;;;16;1;11;1;0;;;;13;29
"055018";"Montecchio";55;1;8;1;0;;;;10;1;8;3;0;;;;12;22
"055018";"Montecchio";56;4;4;2;1;;;;11;1;7;2;0;;;;10;21
"055018";"Montecchio";57;2;15;1;1;;;;19;0;10;1;0;;;;11;30
"055018";"Montecchio";58;5;13;2;0;;;;20;1;14;3;1;;;;19;39
"055018";"Montecchio";59;2;16;2;0;;;;20;2;14;2;0;;;;18;38
"055018";"Montecchio";60;2;8;2;0;;;;12;5;9;0;3;;;;17;29
"055018";"Montecchio";61;2;10;2;0;;;;14;1;13;0;0;;;;14;28
"055018";"Montecchio";62;2;12;3;0;;;;17;3;14;1;0;;;;18;35
"055018";"Montecchio";63;0;7;1;0;;;;8;1;11;0;1;;;;13;21
"055018";"Montecchio";64;2;14;0;0;;;;16;1;11;0;3;;;;15;31
"055018";"Montecchio";65;2;8;0;1;;;;11;3;6;1;2;;;;12;23
"055018";"Montecchio";66;1;13;1;0;;;;15;2;5;1;2;;;;10;25
"055018";"Montecchio";67;2;7;0;0;;;;9;2;1;1;0;;;;4;13
"055018";"Montecchio";68;2;6;0;1;;;;9;1;14;0;1;;;;16;25
"055018";"Montecchio";69;4;7;0;1;;;;12;0;8;2;0;;;;10;22
"055018";"Montecchio";70;0;13;0;1;;;;14;1;9;0;6;;;;16;30
"055018";"Montecchio";71;1;7;1;0;;;;9;1;3;1;3;;;;8;17
"055018";"Montecchio";72;0;7;0;1;;;;8;0;4;0;1;;;;5;13
"055018";"Montecchio";73;0;6;0;1;;;;7;1;11;1;3;;;;16;23
"055018";"Montecchio";74;0;10;1;1;;;;12;1;9;0;1;;;;11;23
"055018";"Montecchio";75;1;4;2;1;;;;8;0;5;0;2;;;;7;15
"055018";"Montecchio";76;0;7;1;0;;;;8;1;8;1;4;;;;14;22
"055018";"Montecchio";77;0;5;1;0;;;;6;0;7;0;8;;;;15;21
"055018";"Montecchio";78;1;15;0;0;;;;16;0;5;0;4;;;;9;25
"055018";"Montecchio";79;0;6;0;2;;;;8;1;6;1;5;;;;13;21
"055018";"Montecchio";80;0;7;0;1;;;;8;1;5;0;0;;;;6;14
"055018";"Montecchio";81;0;10;0;2;;;;12;0;2;0;1;;;;3;15
"055018";"Montecchio";82;1;4;1;1;;;;7;1;3;0;3;;;;7;14
"055018";"Montecchio";83;0;7;0;1;;;;8;0;0;0;5;;;;5;13
"055018";"Montecchio";84;0;4;0;2;;;;6;0;3;1;6;;;;10;16
"055018";"Montecchio";85;0;4;1;1;;;;6;1;3;1;7;;;;12;18
"055018";"Montecchio";86;2;3;1;1;;;;7;1;0;0;4;;;;5;12
"055018";"Montecchio";87;0;1;0;0;;;;1;1;2;0;6;;;;9;10
"055018";"Montecchio";88;1;3;0;1;;;;5;1;1;0;5;;;;7;12
"055018";"Montecchio";89;0;1;1;0;;;;2;1;0;0;9;;;;10;12
"055018";"Montecchio";90;0;3;0;2;;;;5;0;0;0;5;;;;5;10
"055018";"Montecchio";91;0;1;0;2;;;;3;0;0;0;5;;;;5;8
"055018";"Montecchio";92;0;0;0;1;;;;1;0;0;0;3;;;;3;4
"055018";"Montecchio";93;0;2;0;0;;;;2;0;0;0;3;;;;3;5
"055018";"Montecchio";94;0;0;0;0;;;;0;0;0;0;6;;;;6;6
"055018";"Montecchio";95;1;0;0;0;;;;1;0;0;0;3;;;;3;4
"055018";"Montecchio";96;0;0;0;0;;;;0;0;0;0;1;;;;1;1
"055018";"Montecchio";97;0;0;0;2;;;;2;0;0;0;1;;;;1;3
"055018";"Montecchio";98;0;0;0;0;;;;0;0;0;0;0;;;;0;0
"055018";"Montecchio";99;0;0;0;0;;;;0;0;0;0;0;;;;0;0
"055018";"Montecchio";100;0;0;0;0;;;;0;0;0;0;1;;;;1;1
"055018";"Montecchio";999;305;373;38;29;;;;745;237;337;29;127;;;;730;1475
"055019";"Montefranco";0;2;0;0;0;;;;2;5;0;0;0;;;;5;7
"055019";"Montefranco";1;0;0;0;0;;;;0;2;0;0;0;;;;2;2
"055019";"Montefranco";2;4;0;0;0;;;;4;4;0;0;0;;;;4;8
"055019";"Montefranco";3;4;0;0;0;;;;4;6;0;0;0;;;;6;10
"055019";"Montefranco";4;6;0;0;0;;;;6;0;0;0;0;;;;0;6
"055019";"Montefranco";5;3;0;0;0;;;;3;4;0;0;0;;;;4;7
"055019";"Montefranco";6;6;0;0;0;;;;6;6;0;0;0;;;;6;12
"055019";"Montefranco";7;6;0;0;0;;;;6;7;0;0;0;;;;7;13
"055019";"Montefranco";8;6;0;0;0;;;;6;4;0;0;0;;;;4;10
"055019";"Montefranco";9;3;0;0;0;;;;3;5;0;0;0;;;;5;8
"055019";"Montefranco";10;9;0;0;0;;;;9;6;0;0;0;;;;6;15
"055019";"Montefranco";11;4;0;0;0;;;;4;5;0;0;0;;;;5;9
"055019";"Montefranco";12;3;0;0;0;;;;3;10;0;0;0;;;;10;13
"055019";"Montefranco";13;12;0;0;0;;;;12;7;0;0;0;;;;7;19
"055019";"Montefranco";14;7;0;0;0;;;;7;4;0;0;0;;;;4;11
"055019";"Montefranco";15;7;0;0;0;;;;7;3;0;0;0;;;;3;10
"055019";"Montefranco";16;6;0;0;0;;;;6;4;0;0;0;;;;4;10
"055019";"Montefranco";17;11;0;0;0;;;;11;8;0;0;0;;;;8;19
"055019";"Montefranco";18;12;0;0;0;;;;12;4;0;0;0;;;;4;16
"055019";"Montefranco";19;4;0;0;0;;;;4;6;0;0;0;;;;6;10
"055019";"Montefranco";20;7;0;0;0;;;;7;5;0;0;0;;;;5;12
"055019";"Montefranco";21;7;0;0;0;;;;7;4;0;0;0;;;;4;11
"055019";"Montefranco";22;4;0;0;0;;;;4;5;0;0;0;;;;5;9
"055019";"Montefranco";23;12;0;0;0;;;;12;3;0;0;0;;;;3;15
"055019";"Montefranco";24;3;0;0;0;;;;3;7;0;0;0;;;;7;10
"055019";"Montefranco";25;6;0;0;0;;;;6;2;0;0;0;;;;2;8
"055019";"Montefranco";26;4;0;0;0;;;;4;2;0;0;0;;;;2;6
"055019";"Montefranco";27;4;0;0;0;;;;4;6;1;0;0;;;;7;11
"055019";"Montefranco";28;4;0;0;0;;;;4;6;0;0;0;;;;6;10
"055019";"Montefranco";29;6;2;0;0;;;;8;3;1;0;0;;;;4;12
"055019";"Montefranco";30;5;0;0;0;;;;5;6;1;0;0;;;;7;12
"055019";"Montefranco";31;3;0;0;0;;;;3;5;1;0;0;;;;6;9
"055019";"Montefranco";32;4;1;0;0;;;;5;4;2;0;0;;;;6;11
"055019";"Montefranco";33;3;0;0;0;;;;3;4;4;0;0;;;;8;11
"055019";"Montefranco";34;4;2;0;0;;;;6;1;3;0;0;;;;4;10
"055019";"Montefranco";35;3;0;0;0;;;;3;0;0;0;0;;;;0;3
"055019";"Montefranco";36;4;5;0;0;;;;9;1;4;0;0;;;;5;14
"055019";"Montefranco";37;5;4;0;0;;;;9;1;6;0;0;;;;7;16
"055019";"Montefranco";38;3;0;0;0;;;;3;3;3;0;0;;;;6;9
"055019";"Montefranco";39;8;2;0;0;;;;10;6;6;0;0;;;;12;22
"055019";"Montefranco";40;7;3;0;0;;;;10;5;2;0;0;;;;7;17
"055019";"Montefranco";41;3;4;0;0;;;;7;5;4;0;0;;;;9;16
"055019";"Montefranco";42;1;6;0;0;;;;7;3;5;0;0;;;;8;15
"055019";"Montefranco";43;4;9;0;0;;;;13;3;7;1;0;;;;11;24
"055019";"Montefranco";44;5;3;1;0;;;;9;5;3;0;0;;;;8;17
"055019";"Montefranco";45;6;2;0;0;;;;8;2;7;0;0;;;;9;17
"055019";"Montefranco";46;7;2;2;0;;;;11;1;9;1;0;;;;11;22
"055019";"Montefranco";47;1;1;1;0;;;;3;2;8;0;1;;;;11;14
"055019";"Montefranco";48;2;8;2;0;;;;12;4;4;0;0;;;;8;20
"055019";"Montefranco";49;2;11;2;0;;;;15;3;4;1;0;;;;8;23
"055019";"Montefranco";50;3;7;0;0;;;;10;2;11;0;0;;;;13;23
"055019";"Montefranco";51;2;8;0;0;;;;10;4;7;1;0;;;;12;22
"055019";"Montefranco";52;1;6;1;0;;;;8;2;7;0;0;;;;9;17
"055019";"Montefranco";53;5;6;1;0;;;;12;1;10;0;0;;;;11;23
"055019";"Montefranco";54;1;10;2;0;;;;13;0;5;1;0;;;;6;19
"055019";"Montefranco";55;2;11;1;0;;;;14;0;4;1;0;;;;5;19
"055019";"Montefranco";56;0;7;0;0;;;;7;2;6;1;0;;;;9;16
"055019";"Montefranco";57;2;5;2;0;;;;9;0;6;0;0;;;;6;15
"055019";"Montefranco";58;2;8;0;0;;;;10;0;6;1;1;;;;8;18
"055019";"Montefranco";59;1;5;1;0;;;;7;3;5;1;1;;;;10;17
"055019";"Montefranco";60;1;8;1;1;;;;11;1;8;0;1;;;;10;21
"055019";"Montefranco";61;1;9;0;0;;;;10;1;11;1;1;;;;14;24
"055019";"Montefranco";62;1;4;3;0;;;;8;0;9;1;1;;;;11;19
"055019";"Montefranco";63;1;5;1;0;;;;7;1;9;0;1;;;;11;18
"055019";"Montefranco";64;0;6;1;1;;;;8;0;5;2;0;;;;7;15
"055019";"Montefranco";65;0;4;2;0;;;;6;0;6;0;0;;;;6;12
"055019";"Montefranco";66;0;13;0;0;;;;13;0;4;2;3;;;;9;22
"055019";"Montefranco";67;0;7;0;0;;;;7;0;8;0;1;;;;9;16
"055019";"Montefranco";68;1;7;1;0;;;;9;0;3;0;4;;;;7;16
"055019";"Montefranco";69;2;1;1;1;;;;5;0;8;1;1;;;;10;15
"055019";"Montefranco";70;0;6;0;1;;;;7;0;6;1;1;;;;8;15
"055019";"Montefranco";71;0;6;1;0;;;;7;0;7;1;2;;;;10;17
"055019";"Montefranco";72;1;5;0;1;;;;7;0;9;0;2;;;;11;18
"055019";"Montefranco";73;2;8;0;0;;;;10;0;7;0;1;;;;8;18
"055019";"Montefranco";74;0;8;0;0;;;;8;0;5;0;1;;;;6;14
"055019";"Montefranco";75;0;2;0;0;;;;2;0;5;0;3;;;;8;10
"055019";"Montefranco";76;0;6;0;1;;;;7;1;4;0;5;;;;10;17
"055019";"Montefranco";77;0;11;0;2;;;;13;0;6;0;2;;;;8;21
"055019";"Montefranco";78;0;6;0;2;;;;8;0;3;0;7;;;;10;18
"055019";"Montefranco";79;1;4;1;2;;;;8;1;2;0;1;;;;4;12
"055019";"Montefranco";80;0;0;1;1;;;;2;0;1;0;3;;;;4;6
"055019";"Montefranco";81;0;7;0;1;;;;8;0;3;0;3;;;;6;14
"055019";"Montefranco";82;0;5;0;0;;;;5;0;5;1;2;;;;8;13
"055019";"Montefranco";83;0;1;0;1;;;;2;0;0;0;4;;;;4;6
"055019";"Montefranco";84;2;3;0;0;;;;5;1;2;0;1;;;;4;9
"055019";"Montefranco";85;0;4;0;0;;;;4;0;0;0;6;;;;6;10
"055019";"Montefranco";86;0;1;0;1;;;;2;0;1;1;4;;;;6;8
"055019";"Montefranco";87;0;3;0;0;;;;3;0;1;1;6;;;;8;11
"055019";"Montefranco";88;0;0;0;0;;;;0;0;1;0;4;;;;5;5
"055019";"Montefranco";89;0;1;0;0;;;;1;0;0;0;6;;;;6;7
"055019";"Montefranco";90;0;1;0;0;;;;1;0;0;0;0;;;;0;1
"055019";"Montefranco";91;0;0;0;0;;;;0;0;0;0;1;;;;1;1
"055019";"Montefranco";92;0;0;0;1;;;;1;0;0;0;4;;;;4;5
"055019";"Montefranco";93;0;2;0;1;;;;3;0;0;0;2;;;;2;5
"055019";"Montefranco";94;0;0;0;0;;;;0;0;0;0;1;;;;1;1
"055019";"Montefranco";95;0;0;0;0;;;;0;0;1;0;1;;;;2;2
"055019";"Montefranco";96;0;0;0;0;;;;0;0;0;0;1;;;;1;1
"055019";"Montefranco";97;0;0;0;0;;;;0;1;0;0;0;;;;1;1
"055019";"Montefranco";98;0;0;0;0;;;;0;0;0;0;0;;;;0;0
"055019";"Montefranco";99;0;0;0;0;;;;0;0;0;0;1;;;;1;1
"055019";"Montefranco";100;0;0;0;0;;;;0;0;0;0;0;;;;0;0
"055019";"Montefranco";999;284;292;29;18;;;;623;228;292;21;91;;;;632;1255
"055020";"Montegabbione";0;1;0;0;0;;;;1;2;0;0;0;;;;2;3
"055020";"Montegabbione";1;6;0;0;0;;;;6;4;0;0;0;;;;4;10
"055020";"Montegabbione";2;3;0;0;0;;;;3;0;0;0;0;;;;0;3
"055020";"Montegabbione";3;5;0;0;0;;;;5;1;0;0;0;;;;1;6
"055020";"Montegabbione";4;1;0;0;0;;;;1;4;0;0;0;;;;4;5
"055020";"Montegabbione";5;1;0;0;0;;;;1;2;0;0;0;;;;2;3
"055020";"Montegabbione";6;2;0;0;0;;;;2;0;0;0;0;;;;0;2
"055020";"Montegabbione";7;1;0;0;0;;;;1;1;0;0;0;;;;1;2
"055020";"Montegabbione";8;6;0;0;0;;;;6;3;0;0;0;;;;3;9
"055020";"Montegabbione";9;4;0;0;0;;;;4;1;0;0;0;;;;1;5
"055020";"Montegabbione";10;6;0;0;0;;;;6;6;0;0;0;;;;6;12
"055020";"Montegabbione";11;2;0;0;0;;;;2;6;0;0;0;;;;6;8
"055020";"Montegabbione";12;8;0;0;0;;;;8;4;0;0;0;;;;4;12
"055020";"Montegabbione";13;4;0;0;0;;;;4;9;0;0;0;;;;9;13
"055020";"Montegabbione";14;1;0;0;0;;;;1;7;0;0;0;;;;7;8
"055020";"Montegabbione";15;1;0;0;0;;;;1;5;0;0;0;;;;5;6
"055020";"Montegabbione";16;5;0;0;0;;;;5;6;0;0;0;;;;6;11
"055020";"Montegabbione";17;6;0;0;0;;;;6;7;0;0;0;;;;7;13
"055020";"Montegabbione";18;6;0;0;0;;;;6;3;0;0;0;;;;3;9
"055020";"Montegabbione";19;4;0;0;0;;;;4;0;0;0;0;;;;0;4
"055020";"Montegabbione";20;3;0;0;0;;;;3;6;0;0;0;;;;6;9
"055020";"Montegabbione";21;1;0;0;0;;;;1;2;0;0;0;;;;2;3
"055020";"Montegabbione";22;4;0;0;0;;;;4;6;0;0;0;;;;6;10
"055020";"Montegabbione";23;2;0;0;0;;;;2;2;0;0;0;;;;2;4
"055020";"Montegabbione";24;9;0;0;0;;;;9;4;0;0;0;;;;4;13
"055020";"Montegabbione";25;4;0;0;0;;;;4;5;0;0;0;;;;5;9
"055020";"Montegabbione";26;9;0;0;0;;;;9;5;1;0;0;;;;6;15
"055020";"Montegabbione";27;6;1;0;0;;;;7;2;0;0;0;;;;2;9
"055020";"Montegabbione";28;5;1;0;0;;;;6;2;2;0;0;;;;4;10
"055020";"Montegabbione";29;3;0;0;0;;;;3;4;0;0;0;;;;4;7
"055020";"Montegabbione";30;5;0;0;0;;;;5;2;1;0;0;;;;3;8
"055020";"Montegabbione";31;4;1;0;0;;;;5;2;2;0;0;;;;4;9
"055020";"Montegabbione";32;1;0;0;0;;;;1;1;1;0;0;;;;2;3
"055020";"Montegabbione";33;7;1;0;0;;;;8;3;3;0;0;;;;6;14
"055020";"Montegabbione";34;3;0;1;0;;;;4;1;0;0;0;;;;1;5
"055020";"Montegabbione";35;1;2;0;0;;;;3;6;3;0;0;;;;9;12
"055020";"Montegabbione";36;3;1;0;0;;;;4;2;5;0;0;;;;7;11
"055020";"Montegabbione";37;4;3;0;0;;;;7;2;4;0;0;;;;6;13
"055020";"Montegabbione";38;4;1;0;0;;;;5;3;4;0;0;;;;7;12
"055020";"Montegabbione";39;4;2;0;0;;;;6;1;5;0;0;;;;6;12
"055020";"Montegabbione";40;2;3;0;0;;;;5;3;6;1;0;;;;10;15
"055020";"Montegabbione";41;5;4;0;0;;;;9;4;3;0;0;;;;7;16
"055020";"Montegabbione";42;3;2;0;0;;;;5;2;3;0;0;;;;5;10
"055020";"Montegabbione";43;2;3;0;0;;;;5;3;2;0;0;;;;5;10
"055020";"Montegabbione";44;5;4;1;0;;;;10;3;4;0;0;;;;7;17
"055020";"Montegabbione";45;1;3;0;0;;;;4;0;2;0;0;;;;2;6
"055020";"Montegabbione";46;3;7;0;0;;;;10;3;6;1;0;;;;10;20
"055020";"Montegabbione";47;3;6;0;0;;;;9;1;5;0;0;;;;6;15
"055020";"Montegabbione";48;2;7;1;0;;;;10;1;2;0;0;;;;3;13
"055020";"Montegabbione";49;2;6;1;0;;;;9;0;7;0;0;;;;7;16
"055020";"Montegabbione";50;5;4;0;0;;;;9;1;5;0;0;;;;6;15
"055020";"Montegabbione";51;3;2;0;0;;;;5;4;5;0;0;;;;9;14
"055020";"Montegabbione";52;3;2;0;0;;;;5;1;4;1;0;;;;6;11
"055020";"Montegabbione";53;4;7;0;0;;;;11;1;4;2;0;;;;7;18
"055020";"Montegabbione";54;3;5;1;0;;;;9;0;2;0;0;;;;2;11
"055020";"Montegabbione";55;2;7;0;0;;;;9;1;7;0;0;;;;8;17
"055020";"Montegabbione";56;4;6;0;0;;;;10;0;10;0;0;;;;10;20
"055020";"Montegabbione";57;2;11;1;0;;;;14;0;7;0;0;;;;7;21
"055020";"Montegabbione";58;2;6;0;0;;;;8;1;6;0;0;;;;7;15
"055020";"Montegabbione";59;1;4;0;0;;;;5;1;7;0;0;;;;8;13
"055020";"Montegabbione";60;1;2;0;0;;;;3;1;6;1;0;;;;8;11
"055020";"Montegabbione";61;2;9;0;0;;;;11;1;4;1;0;;;;6;17
"055020";"Montegabbione";62;1;11;0;0;;;;12;1;7;1;1;;;;10;22
"055020";"Montegabbione";63;3;4;1;0;;;;8;1;8;0;0;;;;9;17
"055020";"Montegabbione";64;0;9;0;0;;;;9;3;4;1;1;;;;9;18
"055020";"Montegabbione";65;2;6;0;0;;;;8;0;6;1;0;;;;7;15
"055020";"Montegabbione";66;1;3;0;1;;;;5;0;7;0;1;;;;8;13
"055020";"Montegabbione";67;1;2;1;1;;;;5;0;8;0;2;;;;10;15
"055020";"Montegabbione";68;0;7;0;0;;;;7;1;6;0;1;;;;8;15
"055020";"Montegabbione";69;2;4;0;0;;;;6;2;5;1;0;;;;8;14
"055020";"Montegabbione";70;1;10;1;0;;;;12;1;9;1;1;;;;12;24
"055020";"Montegabbione";71;1;7;0;0;;;;8;1;2;2;1;;;;6;14
"055020";"Montegabbione";72;0;8;0;0;;;;8;0;3;1;1;;;;5;13
"055020";"Montegabbione";73;3;6;1;0;;;;10;1;10;0;0;;;;11;21
"055020";"Montegabbione";74;0;7;0;0;;;;7;0;5;1;3;;;;9;16
"055020";"Montegabbione";75;3;7;0;1;;;;11;1;9;1;3;;;;14;25
"055020";"Montegabbione";76;0;7;0;1;;;;8;0;5;0;0;;;;5;13
"055020";"Montegabbione";77;2;5;0;0;;;;7;0;7;0;3;;;;10;17
"055020";"Montegabbione";78;1;4;0;0;;;;5;1;2;0;1;;;;4;9
"055020";"Montegabbione";79;0;5;0;0;;;;5;0;3;0;1;;;;4;9
"055020";"Montegabbione";80;0;7;0;2;;;;9;2;4;0;2;;;;8;17
"055020";"Montegabbione";81;1;4;0;0;;;;5;0;3;0;7;;;;10;15
"055020";"Montegabbione";82;1;6;0;0;;;;7;0;6;0;5;;;;11;18
"055020";"Montegabbione";83;1;2;0;2;;;;5;1;3;0;3;;;;7;12
"055020";"Montegabbione";84;0;5;0;0;;;;5;0;3;0;5;;;;8;13
"055020";"Montegabbione";85;0;3;0;0;;;;3;0;3;0;2;;;;5;8
"055020";"Montegabbione";86;2;2;0;0;;;;4;1;2;0;5;;;;8;12
"055020";"Montegabbione";87;0;5;0;0;;;;5;1;1;0;1;;;;3;8
"055020";"Montegabbione";88;0;1;0;0;;;;1;0;0;0;2;;;;2;3
"055020";"Montegabbione";89;1;2;0;6;;;;9;0;1;0;2;;;;3;12
"055020";"Montegabbione";90;3;3;0;0;;;;6;0;0;0;5;;;;5;11
"055020";"Montegabbione";91;0;3;0;0;;;;3;1;0;0;2;;;;3;6
"055020";"Montegabbione";92;0;1;0;0;;;;1;0;0;0;5;;;;5;6
"055020";"Montegabbione";93;0;2;0;2;;;;4;0;0;0;2;;;;2;6
"055020";"Montegabbione";94;0;0;0;0;;;;0;0;0;0;2;;;;2;2
"055020";"Montegabbione";95;0;0;0;1;;;;1;0;0;0;1;;;;1;2
"055020";"Montegabbione";96;0;1;0;0;;;;1;0;0;0;1;;;;1;2
"055020";"Montegabbione";97;0;0;0;0;;;;0;0;0;0;0;;;;0;0
"055020";"Montegabbione";98;0;0;0;0;;;;0;0;0;0;1;;;;1;1
"055020";"Montegabbione";99;0;0;0;0;;;;0;0;0;0;0;;;;0;0
"055020";"Montegabbione";100;0;0;0;0;;;;0;0;0;0;1;;;;1;1
"055020";"Montegabbione";999;245;282;10;17;;;;554;183;270;17;74;;;;544;1098
"055021";"Monteleone d'Orvieto";0;6;0;0;0;;;;6;6;0;0;0;;;;6;12
"055021";"Monteleone d'Orvieto";1;0;0;0;0;;;;0;2;0;0;0;;;;2;2
"055021";"Monteleone d'Orvieto";2;5;0;0;0;;;;5;4;0;0;0;;;;4;9
"055021";"Monteleone d'Orvieto";3;7;0;0;0;;;;7;5;0;0;0;;;;5;12
"055021";"Monteleone d'Orvieto";4;4;0;0;0;;;;4;1;0;0;0;;;;1;5
"055021";"Monteleone d'Orvieto";5;6;0;0;0;;;;6;3;0;0;0;;;;3;9
"055021";"Monteleone d'Orvieto";6;4;0;0;0;;;;4;4;0;0;0;;;;4;8
"055021";"Monteleone d'Orvieto";7;2;0;0;0;;;;2;2;0;0;0;;;;2;4
"055021";"Monteleone d'Orvieto";8;5;0;0;0;;;;5;3;0;0;0;;;;3;8
"055021";"Monteleone d'Orvieto";9;6;0;0;0;;;;6;6;0;0;0;;;;6;12
"055021";"Monteleone d'Orvieto";10;6;0;0;0;;;;6;7;0;0;0;;;;7;13
"055021";"Monteleone d'Orvieto";11;1;0;0;0;;;;1;5;0;0;0;;;;5;6
"055021";"Monteleone d'Orvieto";12;3;0;0;0;;;;3;6;0;0;0;;;;6;9
"055021";"Monteleone d'Orvieto";13;6;0;0;0;;;;6;5;0;0;0;;;;5;11
"055021";"Monteleone d'Orvieto";14;2;0;0;0;;;;2;8;0;0;0;;;;8;10
"055021";"Monteleone d'Orvieto";15;2;0;0;0;;;;2;4;0;0;0;;;;4;6
"055021";"Monteleone d'Orvieto";16;5;0;0;0;;;;5;5;0;0;0;;;;5;10
"055021";"Monteleone d'Orvieto";17;4;0;0;0;;;;4;11;0;0;0;;;;11;15
"055021";"Monteleone d'Orvieto";18;10;0;0;0;;;;10;5;0;0;0;;;;5;15
"055021";"Monteleone d'Orvieto";19;3;0;0;0;;;;3;6;0;0;0;;;;6;9
"055021";"Monteleone d'Orvieto";20;7;0;0;0;;;;7;7;0;0;0;;;;7;14
"055021";"Monteleone d'Orvieto";21;8;0;0;0;;;;8;3;0;0;0;;;;3;11
"055021";"Monteleone d'Orvieto";22;4;0;0;0;;;;4;6;0;0;0;;;;6;10
"055021";"Monteleone d'Orvieto";23;3;0;0;0;;;;3;5;0;0;0;;;;5;8
"055021";"Monteleone d'Orvieto";24;4;0;0;0;;;;4;4;0;0;0;;;;4;8
"055021";"Monteleone d'Orvieto";25;5;0;0;0;;;;5;6;0;0;0;;;;6;11
"055021";"Monteleone d'Orvieto";26;5;1;0;0;;;;6;6;1;0;0;;;;7;13
"055021";"Monteleone d'Orvieto";27;3;1;0;0;;;;4;3;0;0;0;;;;3;7
"055021";"Monteleone d'Orvieto";28;3;0;0;0;;;;3;6;1;0;0;;;;7;10
"055021";"Monteleone d'Orvieto";29;8;1;0;0;;;;9;4;0;0;0;;;;4;13
"055021";"Monteleone d'Orvieto";30;4;1;0;0;;;;5;8;3;0;0;;;;11;16
"055021";"Monteleone d'Orvieto";31;4;1;0;0;;;;5;4;3;0;0;;;;7;12
"055021";"Monteleone d'Orvieto";32;11;1;0;0;;;;12;2;2;0;0;;;;4;16
"055021";"Monteleone d'Orvieto";33;6;1;0;0;;;;7;5;2;0;0;;;;7;14
"055021";"Monteleone d'Orvieto";34;2;2;0;0;;;;4;3;2;0;0;;;;5;9
"055021";"Monteleone d'Orvieto";35;6;0;0;0;;;;6;6;1;0;0;;;;7;13
"055021";"Monteleone d'Orvieto";36;6;3;0;0;;;;9;6;3;0;0;;;;9;18
"055021";"Monteleone d'Orvieto";37;4;2;0;0;;;;6;0;8;0;0;;;;8;14
"055021";"Monteleone d'Orvieto";38;3;3;0;0;;;;6;6;5;0;0;;;;11;17
"055021";"Monteleone d'Orvieto";39;2;5;0;0;;;;7;5;3;0;0;;;;8;15
"055021";"Monteleone d'Orvieto";40;3;4;0;0;;;;7;2;7;0;0;;;;9;16
"055021";"Monteleone d'Orvieto";41;9;3;0;0;;;;12;9;4;0;0;;;;13;25
"055021";"Monteleone d'Orvieto";42;4;7;0;0;;;;11;4;2;0;0;;;;6;17
"055021";"Monteleone d'Orvieto";43;3;2;0;0;;;;5;1;3;0;0;;;;4;9
"055021";"Monteleone d'Orvieto";44;2;6;0;0;;;;8;3;2;0;0;;;;5;13
"055021";"Monteleone d'Orvieto";45;4;3;0;0;;;;7;2;3;0;0;;;;5;12
"055021";"Monteleone d'Orvieto";46;7;3;0;0;;;;10;3;3;0;0;;;;6;16
"055021";"Monteleone d'Orvieto";47;4;3;0;0;;;;7;7;7;0;0;;;;14;21
"055021";"Monteleone d'Orvieto";48;1;7;0;0;;;;8;2;4;0;0;;;;6;14
"055021";"Monteleone d'Orvieto";49;8;12;0;0;;;;20;3;7;0;0;;;;10;30
"055021";"Monteleone d'Orvieto";50;1;3;0;0;;;;4;5;9;0;0;;;;14;18
"055021";"Monteleone d'Orvieto";51;2;4;0;0;;;;6;4;10;0;0;;;;14;20
"055021";"Monteleone d'Orvieto";52;3;8;0;0;;;;11;2;4;1;0;;;;7;18
"055021";"Monteleone d'Orvieto";53;2;8;0;0;;;;10;1;13;0;1;;;;15;25
"055021";"Monteleone d'Orvieto";54;4;6;0;0;;;;10;1;9;0;0;;;;10;20
"055021";"Monteleone d'Orvieto";55;5;8;0;0;;;;13;2;3;0;0;;;;5;18
"055021";"Monteleone d'Orvieto";56;0;4;0;0;;;;4;0;7;0;0;;;;7;11
"055021";"Monteleone d'Orvieto";57;3;10;0;0;;;;13;0;12;1;0;;;;13;26
"055021";"Monteleone d'Orvieto";58;2;9;0;0;;;;11;1;6;0;0;;;;7;18
"055021";"Monteleone d'Orvieto";59;1;7;0;0;;;;8;1;10;0;0;;;;11;19
"055021";"Monteleone d'Orvieto";60;0;6;0;0;;;;6;0;7;0;0;;;;7;13
"055021";"Monteleone d'Orvieto";61;0;12;0;0;;;;12;1;9;0;1;;;;11;23
"055021";"Monteleone d'Orvieto";62;3;7;0;0;;;;10;1;9;0;0;;;;10;20
"055021";"Monteleone d'Orvieto";63;4;9;0;0;;;;13;3;9;0;0;;;;12;25
"055021";"Monteleone d'Orvieto";64;2;9;0;0;;;;11;0;12;0;0;;;;12;23
"055021";"Monteleone d'Orvieto";65;0;8;0;0;;;;8;2;10;0;0;;;;12;20
"055021";"Monteleone d'Orvieto";66;1;6;0;0;;;;7;0;11;0;0;;;;11;18
"055021";"Monteleone d'Orvieto";67;0;7;0;0;;;;7;3;8;0;1;;;;12;19
"055021";"Monteleone d'Orvieto";68;2;8;0;0;;;;10;1;9;0;0;;;;10;20
"055021";"Monteleone d'Orvieto";69;3;5;0;0;;;;8;0;7;2;0;;;;9;17
"055021";"Monteleone d'Orvieto";70;3;5;0;0;;;;8;0;15;0;0;;;;15;23
"055021";"Monteleone d'Orvieto";71;1;14;0;0;;;;15;0;11;0;0;;;;11;26
"055021";"Monteleone d'Orvieto";72;2;6;0;1;;;;9;1;13;1;1;;;;16;25
"055021";"Monteleone d'Orvieto";73;0;11;0;0;;;;11;0;5;0;2;;;;7;18
"055021";"Monteleone d'Orvieto";74;0;11;0;0;;;;11;2;6;0;0;;;;8;19
"055021";"Monteleone d'Orvieto";75;1;10;1;0;;;;12;3;12;0;1;;;;16;28
"055021";"Monteleone d'Orvieto";76;1;12;0;0;;;;13;2;8;0;1;;;;11;24
"055021";"Monteleone d'Orvieto";77;1;10;0;0;;;;11;1;6;0;0;;;;7;18
"055021";"Monteleone d'Orvieto";78;1;5;0;0;;;;6;0;8;0;0;;;;8;14
"055021";"Monteleone d'Orvieto";79;1;5;0;0;;;;6;0;10;0;0;;;;10;16
"055021";"Monteleone d'Orvieto";80;0;5;0;0;;;;5;0;10;0;0;;;;10;15
"055021";"Monteleone d'Orvieto";81;0;7;0;0;;;;7;0;3;0;1;;;;4;11
"055021";"Monteleone d'Orvieto";82;1;3;0;0;;;;4;1;5;0;3;;;;9;13
"055021";"Monteleone d'Orvieto";83;0;4;0;0;;;;4;1;2;0;0;;;;3;7
"055021";"Monteleone d'Orvieto";84;0;7;0;0;;;;7;2;4;0;4;;;;10;17
"055021";"Monteleone d'Orvieto";85;0;3;0;0;;;;3;0;5;0;0;;;;5;8
"055021";"Monteleone d'Orvieto";86;0;1;0;0;;;;1;0;8;0;3;;;;11;12
"055021";"Monteleone d'Orvieto";87;0;3;0;0;;;;3;0;5;0;9;;;;14;17
"055021";"Monteleone d'Orvieto";88;0;4;0;0;;;;4;0;2;0;2;;;;4;8
"055021";"Monteleone d'Orvieto";89;0;0;0;0;;;;0;0;0;0;6;;;;6;6
"055021";"Monteleone d'Orvieto";90;0;5;0;0;;;;5;0;0;0;2;;;;2;7
"055021";"Monteleone d'Orvieto";91;0;1;0;0;;;;1;0;2;0;4;;;;6;7
"055021";"Monteleone d'Orvieto";92;0;1;0;0;;;;1;0;0;0;0;;;;0;1
"055021";"Monteleone d'Orvieto";93;0;1;0;0;;;;1;1;0;0;1;;;;2;3
"055021";"Monteleone d'Orvieto";94;0;2;0;0;;;;2;2;2;0;3;;;;7;9
"055021";"Monteleone d'Orvieto";95;0;0;0;0;;;;0;0;0;0;1;;;;1;1
"055021";"Monteleone d'Orvieto";96;0;0;0;0;;;;0;0;0;0;2;;;;2;2
"055021";"Monteleone d'Orvieto";97;0;0;0;0;;;;0;0;0;0;0;;;;0;0
"055021";"Monteleone d'Orvieto";98;0;0;0;0;;;;0;0;0;0;0;;;;0;0
"055021";"Monteleone d'Orvieto";99;0;1;0;0;;;;1;0;0;0;1;;;;1;2
"055021";"Monteleone d'Orvieto";100;0;1;0;0;;;;1;0;0;0;1;;;;1;2
"055021";"Monteleone d'Orvieto";999;280;354;1;1;;;;636;273;392;5;51;;;;721;1357
"055022";"Narni";0;52;0;0;0;;;;52;43;0;0;0;;;;43;95
"055022";"Narni";1;51;0;0;0;;;;51;44;0;0;0;;;;44;95
"055022";"Narni";2;27;0;0;0;;;;27;57;0;0;0;;;;57;84
"055022";"Narni";3;45;0;0;0;;;;45;46;0;0;0;;;;46;91
"055022";"Narni";4;56;0;0;0;;;;56;51;0;0;0;;;;51;107
"055022";"Narni";5;56;0;0;0;;;;56;48;0;0;0;;;;48;104
"055022";"Narni";6;57;0;0;0;;;;57;55;0;0;0;;;;55;112
"055022";"Narni";7;58;0;0;0;;;;58;55;0;0;0;;;;55;113
"055022";"Narni";8;57;0;0;0;;;;57;33;0;0;0;;;;33;90
"055022";"Narni";9;75;0;0;0;;;;75;53;0;0;0;;;;53;128
"055022";"Narni";10;67;0;0;0;;;;67;54;0;0;0;;;;54;121
"055022";"Narni";11;84;0;0;0;;;;84;62;0;0;0;;;;62;146
"055022";"Narni";12;60;0;0;0;;;;60;74;0;0;0;;;;74;134
"055022";"Narni";13;72;0;0;0;;;;72;72;0;0;0;;;;72;144
"055022";"Narni";14;74;0;0;0;;;;74;77;0;0;0;;;;77;151
"055022";"Narni";15;66;0;0;0;;;;66;51;0;0;0;;;;51;117
"055022";"Narni";16;83;0;0;0;;;;83;81;0;0;0;;;;81;164
"055022";"Narni";17;86;0;0;0;;;;86;91;0;0;0;;;;91;177
"055022";"Narni";18;99;0;0;0;;;;99;79;0;0;0;;;;79;178
"055022";"Narni";19;79;0;0;0;;;;79;72;0;0;0;;;;72;151
"055022";"Narni";20;97;0;0;0;;;;97;90;1;0;0;;;;91;188
"055022";"Narni";21;71;0;0;0;;;;71;77;0;0;0;;;;77;148
"055022";"Narni";22;79;0;0;0;;;;79;97;0;0;0;;;;97;176
"055022";"Narni";23;83;0;0;0;;;;83;84;1;0;0;;;;85;168
"055022";"Narni";24;85;0;0;0;;;;85;69;2;0;0;;;;71;156
"055022";"Narni";25;100;0;0;0;;;;100;80;5;0;0;;;;85;185
"055022";"Narni";26;109;4;0;0;;;;113;82;4;0;0;;;;86;199
"055022";"Narni";27;88;4;0;1;;;;93;71;7;0;1;;;;79;172
"055022";"Narni";28;70;6;0;0;;;;76;69;9;1;0;;;;79;155
"055022";"Narni";29;79;6;0;0;;;;85;59;6;0;0;;;;65;150
"055022";"Narni";30;69;9;0;0;;;;78;74;15;1;0;;;;90;168
"055022";"Narni";31;65;12;0;0;;;;77;70;28;1;0;;;;99;176
"055022";"Narni";32;54;10;0;0;;;;64;59;25;1;0;;;;85;149
"055022";"Narni";33;66;12;1;0;;;;79;50;20;1;1;;;;72;151
"055022";"Narni";34;67;22;0;0;;;;89;56;29;4;1;;;;90;179
"055022";"Narni";35;58;19;0;0;;;;77;41;35;0;0;;;;76;153
"055022";"Narni";36;47;21;1;0;;;;69;32;34;2;0;;;;68;137
"055022";"Narni";37;43;24;0;0;;;;67;51;25;0;0;;;;76;143
"055022";"Narni";38;44;35;0;0;;;;79;48;32;6;0;;;;86;165
"055022";"Narni";39;55;31;2;1;;;;89;39;45;3;0;;;;87;176
"055022";"Narni";40;47;36;0;0;;;;83;48;35;6;0;;;;89;172
"055022";"Narni";41;59;33;2;0;;;;94;35;52;3;0;;;;90;184
"055022";"Narni";42;46;57;6;0;;;;109;39;68;3;0;;;;110;219
"055022";"Narni";43;51;54;2;0;;;;107;26;60;6;1;;;;93;200
"055022";"Narni";44;45;48;4;0;;;;97;31;53;5;1;;;;90;187
"055022";"Narni";45;42;52;2;0;;;;96;42;74;3;1;;;;120;216
"055022";"Narni";46;46;46;7;0;;;;99;32;67;6;4;;;;109;208
"055022";"Narni";47;42;61;4;0;;;;107;37;80;6;0;;;;123;230
"055022";"Narni";48;38;61;3;0;;;;102;35;68;9;2;;;;114;216
"055022";"Narni";49;26;88;3;0;;;;117;27;105;9;4;;;;145;262
"055022";"Narni";50;39;85;9;0;;;;133;27;104;18;4;;;;153;286
"055022";"Narni";51;38;82;12;5;;;;137;27;98;11;2;;;;138;275
"055022";"Narni";52;34;95;11;2;;;;142;15;113;19;4;;;;151;293
"055022";"Narni";53;37;96;12;3;;;;148;25;103;18;3;;;;149;297
"055022";"Narni";54;31;84;12;0;;;;127;24;110;11;2;;;;147;274
"055022";"Narni";55;37;108;17;2;;;;164;15;116;9;9;;;;149;313
"055022";"Narni";56;20;104;6;1;;;;131;20;119;16;5;;;;160;291
"055022";"Narni";57;34;109;14;4;;;;161;21;109;12;5;;;;147;308
"055022";"Narni";58;21;93;13;4;;;;131;17;91;13;6;;;;127;258
"055022";"Narni";59;36;110;13;4;;;;163;17;129;18;8;;;;172;335
"055022";"Narni";60;19;107;12;4;;;;142;11;117;20;11;;;;159;301
"055022";"Narni";61;19;120;11;3;;;;153;12;101;10;11;;;;134;287
"055022";"Narni";62;24;117;8;3;;;;152;13;113;16;10;;;;152;304
"055022";"Narni";63;16;98;9;3;;;;126;19;123;5;14;;;;161;287
"055022";"Narni";64;15;96;8;2;;;;121;14;114;11;12;;;;151;272
"055022";"Narni";65;9;111;7;3;;;;130;8;88;4;18;;;;118;248
"055022";"Narni";66;14;95;6;7;;;;122;10;108;6;15;;;;139;261
"055022";"Narni";67;15;96;9;2;;;;122;12;87;6;16;;;;121;243
"055022";"Narni";68;13;113;8;5;;;;139;13;93;6;20;;;;132;271
"055022";"Narni";69;15;94;4;5;;;;118;6;94;10;26;;;;136;254
"055022";"Narni";70;9;85;3;7;;;;104;6;99;6;19;;;;130;234
"055022";"Narni";71;6;92;4;6;;;;108;7;90;3;25;;;;125;233
"055022";"Narni";72;8;83;8;7;;;;106;9;80;6;27;;;;122;228
"055022";"Narni";73;9;104;7;6;;;;126;6;97;5;29;;;;137;263
"055022";"Narni";74;8;85;3;10;;;;106;5;79;4;35;;;;123;229
"055022";"Narni";75;6;92;3;7;;;;108;8;82;2;41;;;;133;241
"055022";"Narni";76;10;94;4;12;;;;120;3;91;8;41;;;;143;263
"055022";"Narni";77;10;88;7;7;;;;112;3;88;5;34;;;;130;242
"055022";"Narni";78;8;94;3;14;;;;119;2;78;5;58;;;;143;262
"055022";"Narni";79;6;77;0;10;;;;93;2;43;5;38;;;;88;181
"055022";"Narni";80;3;66;4;11;;;;84;4;50;3;41;;;;98;182
"055022";"Narni";81;4;63;1;12;;;;80;4;43;2;53;;;;102;182
"055022";"Narni";82;3;59;0;7;;;;69;3;31;0;45;;;;79;148
"055022";"Narni";83;2;49;0;11;;;;62;2;32;2;53;;;;89;151
"055022";"Narni";84;6;61;1;11;;;;79;7;25;1;51;;;;84;163
"055022";"Narni";85;4;57;1;13;;;;75;4;36;1;60;;;;101;176
"055022";"Narni";86;4;50;1;17;;;;72;2;25;1;73;;;;101;173
"055022";"Narni";87;0;33;0;15;;;;48;3;10;0;46;;;;59;107
"055022";"Narni";88;2;28;1;10;;;;41;2;13;0;55;;;;70;111
"055022";"Narni";89;1;27;0;11;;;;39;3;6;0;46;;;;55;94
"055022";"Narni";90;0;16;2;14;;;;32;1;7;0;44;;;;52;84
"055022";"Narni";91;0;14;0;6;;;;20;3;3;0;37;;;;43;63
"055022";"Narni";92;0;9;0;8;;;;17;1;6;1;28;;;;36;53
"055022";"Narni";93;1;8;0;3;;;;12;2;0;0;32;;;;34;46
"055022";"Narni";94;1;4;0;7;;;;12;1;2;0;20;;;;23;35
"055022";"Narni";95;0;3;0;2;;;;5;0;1;0;23;;;;24;29
"055022";"Narni";96;0;0;0;2;;;;2;0;1;0;12;;;;13;15
"055022";"Narni";97;0;1;0;3;;;;4;1;0;0;5;;;;6;10
"055022";"Narni";98;0;1;0;1;;;;2;0;0;0;6;;;;6;8
"055022";"Narni";99;0;0;0;1;;;;1;0;0;0;4;;;;4;5
"055022";"Narni";100;0;0;0;2;;;;2;0;0;0;8;;;;8;10
"055022";"Narni";999;3772;4207;291;317;;;;8587;3268;4233;375;1306;;;;9182;17769
"055023";"Orvieto";0;36;0;0;0;;;;36;37;0;0;0;;;;37;73
"055023";"Orvieto";1;48;0;0;0;;;;48;43;0;0;0;;;;43;91
"055023";"Orvieto";2;47;0;0;0;;;;47;49;0;0;0;;;;49;96
"055023";"Orvieto";3;49;0;0;0;;;;49;71;0;0;0;;;;71;120
"055023";"Orvieto";4;52;0;0;0;;;;52;50;0;0;0;;;;50;102
"055023";"Orvieto";5;64;0;0;0;;;;64;52;0;0;0;;;;52;116
"055023";"Orvieto";6;62;0;0;0;;;;62;48;0;0;0;;;;48;110
"055023";"Orvieto";7;63;0;0;0;;;;63;57;0;0;0;;;;57;120
"055023";"Orvieto";8;72;0;0;0;;;;72;78;0;0;0;;;;78;150
"055023";"Orvieto";9;60;0;0;0;;;;60;68;0;0;0;;;;68;128
"055023";"Orvieto";10;79;0;0;0;;;;79;76;0;0;0;;;;76;155
"055023";"Orvieto";11;80;0;0;0;;;;80;81;0;0;0;;;;81;161
"055023";"Orvieto";12;92;0;0;0;;;;92;89;0;0;0;;;;89;181
"055023";"Orvieto";13;75;0;0;0;;;;75;72;0;0;0;;;;72;147
"055023";"Orvieto";14;87;0;0;0;;;;87;93;0;0;0;;;;93;180
"055023";"Orvieto";15;79;0;0;0;;;;79;84;0;0;0;;;;84;163
"055023";"Orvieto";16;121;0;0;0;;;;121;83;0;0;0;;;;83;204
"055023";"Orvieto";17;94;0;0;0;;;;94;105;0;0;0;;;;105;199
"055023";"Orvieto";18;98;0;0;0;;;;98;77;0;0;0;;;;77;175
"055023";"Orvieto";19;102;0;0;0;;;;102;83;0;0;0;;;;83;185
"055023";"Orvieto";20;92;0;0;0;;;;92;71;0;0;0;;;;71;163
"055023";"Orvieto";21;89;1;0;0;;;;90;68;0;0;0;;;;68;158
"055023";"Orvieto";22;81;0;0;0;;;;81;75;1;0;0;;;;76;157
"055023";"Orvieto";23;91;0;0;0;;;;91;87;2;0;0;;;;89;180
"055023";"Orvieto";24;93;0;0;0;;;;93;71;3;0;0;;;;74;167
"055023";"Orvieto";25;98;2;0;0;;;;100;64;5;0;0;;;;69;169
"055023";"Orvieto";26;93;2;0;0;;;;95;75;3;0;0;;;;78;173
"055023";"Orvieto";27;76;2;0;0;;;;78;81;7;0;0;;;;88;166
"055023";"Orvieto";28;73;2;0;0;;;;75;73;7;0;0;;;;80;155
"055023";"Orvieto";29;92;8;0;0;;;;100;65;13;1;0;;;;79;179
"055023";"Orvieto";30;86;3;0;0;;;;89;43;15;0;0;;;;58;147
"055023";"Orvieto";31;86;9;0;0;;;;95;65;15;0;0;;;;80;175
"055023";"Orvieto";32;81;12;0;0;;;;93;54;18;0;0;;;;72;165
"055023";"Orvieto";33;67;16;0;0;;;;83;55;29;1;1;;;;86;169
"055023";"Orvieto";34;67;22;2;0;;;;91;56;28;0;0;;;;84;175
"055023";"Orvieto";35;61;29;0;0;;;;90;42;39;1;1;;;;83;173
"055023";"Orvieto";36;82;27;1;0;;;;110;49;39;0;0;;;;88;198
"055023";"Orvieto";37;79;46;1;0;;;;126;43;51;4;1;;;;99;225
"055023";"Orvieto";38;59;38;2;0;;;;99;51;57;3;1;;;;112;211
"055023";"Orvieto";39;64;45;6;0;;;;115;48;48;4;0;;;;100;215
"055023";"Orvieto";40;53;36;2;0;;;;91;28;58;4;0;;;;90;181
"055023";"Orvieto";41;42;40;4;0;;;;86;50;56;1;0;;;;107;193
"055023";"Orvieto";42;55;46;1;0;;;;102;57;57;3;0;;;;117;219
"055023";"Orvieto";43;40;52;7;0;;;;99;57;72;7;1;;;;137;236
"055023";"Orvieto";44;48;68;3;1;;;;120;40;76;8;2;;;;126;246
"055023";"Orvieto";45;51;50;1;0;;;;102;34;73;6;3;;;;116;218
"055023";"Orvieto";46;46;67;2;0;;;;115;42;71;8;2;;;;123;238
"055023";"Orvieto";47;46;69;6;0;;;;121;39;87;11;2;;;;139;260
"055023";"Orvieto";48;56;85;7;1;;;;149;32;96;16;2;;;;146;295
"055023";"Orvieto";49;37;74;5;0;;;;116;30;99;2;4;;;;135;251
"055023";"Orvieto";50;46;87;8;0;;;;141;45;110;13;4;;;;172;313
"055023";"Orvieto";51;37;96;11;0;;;;144;42;93;16;2;;;;153;297
"055023";"Orvieto";52;36;95;7;1;;;;139;37;96;21;5;;;;159;298
"055023";"Orvieto";53;37;86;6;0;;;;129;40;107;15;7;;;;169;298
"055023";"Orvieto";54;36;94;13;0;;;;143;27;104;14;2;;;;147;290
"055023";"Orvieto";55;37;88;7;0;;;;132;34;101;17;7;;;;159;291
"055023";"Orvieto";56;27;111;6;0;;;;144;31;125;20;8;;;;184;328
"055023";"Orvieto";57;35;98;15;2;;;;150;26;114;11;6;;;;157;307
"055023";"Orvieto";58;34;97;14;3;;;;148;28;120;16;7;;;;171;319
"055023";"Orvieto";59;30;110;8;3;;;;151;20;123;16;12;;;;171;322
"055023";"Orvieto";60;24;106;14;1;;;;145;24;134;28;11;;;;197;342
"055023";"Orvieto";61;15;126;15;2;;;;158;24;125;20;14;;;;183;341
"055023";"Orvieto";62;28;121;9;4;;;;162;18;118;22;20;;;;178;340
"055023";"Orvieto";63;17;114;18;1;;;;150;18;125;13;9;;;;165;315
"055023";"Orvieto";64;14;108;8;2;;;;132;14;121;13;19;;;;167;299
"055023";"Orvieto";65;17;103;12;6;;;;138;19;99;13;14;;;;145;283
"055023";"Orvieto";66;24;94;9;3;;;;130;6;104;6;18;;;;134;264
"055023";"Orvieto";67;9;87;6;4;;;;106;6;86;16;16;;;;124;230
"055023";"Orvieto";68;16;100;8;6;;;;130;18;106;4;26;;;;154;284
"055023";"Orvieto";69;6;111;6;9;;;;132;5;93;16;29;;;;143;275
"055023";"Orvieto";70;5;91;4;10;;;;110;9;91;11;36;;;;147;257
"055023";"Orvieto";71;9;85;7;9;;;;110;12;88;12;29;;;;141;251
"055023";"Orvieto";72;10;88;8;6;;;;112;6;92;7;28;;;;133;245
"055023";"Orvieto";73;14;91;3;6;;;;114;7;73;7;32;;;;119;233
"055023";"Orvieto";74;15;92;3;7;;;;117;6;85;6;36;;;;133;250
"055023";"Orvieto";75;8;107;4;10;;;;129;8;87;4;39;;;;138;267
"055023";"Orvieto";76;5;101;5;7;;;;118;8;83;4;46;;;;141;259
"055023";"Orvieto";77;9;115;1;10;;;;135;10;73;4;50;;;;137;272
"055023";"Orvieto";78;10;79;4;15;;;;108;6;61;3;56;;;;126;234
"055023";"Orvieto";79;5;70;3;4;;;;82;2;53;4;45;;;;104;186
"055023";"Orvieto";80;10;65;2;7;;;;84;3;44;2;43;;;;92;176
"055023";"Orvieto";81;2;56;5;9;;;;72;6;52;2;45;;;;105;177
"055023";"Orvieto";82;7;57;1;13;;;;78;7;42;9;55;;;;113;191
"055023";"Orvieto";83;4;73;3;18;;;;98;3;45;1;67;;;;116;214
"055023";"Orvieto";84;2;67;0;9;;;;78;3;28;1;84;;;;116;194
"055023";"Orvieto";85;5;44;1;16;;;;66;6;18;1;84;;;;109;175
"055023";"Orvieto";86;2;45;0;13;;;;60;2;21;2;64;;;;89;149
"055023";"Orvieto";87;3;33;1;13;;;;50;4;10;0;64;;;;78;128
"055023";"Orvieto";88;1;22;0;13;;;;36;0;8;1;39;;;;48;84
"055023";"Orvieto";89;2;21;0;12;;;;35;3;10;2;50;;;;65;100
"055023";"Orvieto";90;2;14;0;15;;;;31;3;10;0;45;;;;58;89
"055023";"Orvieto";91;4;15;1;6;;;;26;1;1;0;46;;;;48;74
"055023";"Orvieto";92;0;5;0;2;;;;7;1;3;0;41;;;;45;52
"055023";"Orvieto";93;2;4;0;4;;;;10;0;1;0;32;;;;33;43
"055023";"Orvieto";94;0;6;1;4;;;;11;0;2;1;35;;;;38;49
"055023";"Orvieto";95;0;1;0;6;;;;7;2;0;1;23;;;;26;33
"055023";"Orvieto";96;0;5;0;3;;;;8;0;1;0;18;;;;19;27
"055023";"Orvieto";97;0;0;0;3;;;;3;1;0;0;10;;;;11;14
"055023";"Orvieto";98;0;0;0;0;;;;0;0;0;0;7;;;;7;7
"055023";"Orvieto";99;0;0;0;0;;;;0;0;0;0;9;;;;9;9
"055023";"Orvieto";100;0;1;0;3;;;;4;1;0;0;3;;;;4;8
"055023";"Orvieto";999;4205;4336;307;302;;;;9150;3643;4411;475;1517;;;;10046;19196
"055024";"Otricoli";0;2;0;0;0;;;;2;3;0;0;0;;;;3;5
"055024";"Otricoli";1;4;0;0;0;;;;4;5;0;0;0;;;;5;9
"055024";"Otricoli";2;1;0;0;0;;;;1;5;0;0;0;;;;5;6
"055024";"Otricoli";3;1;0;0;0;;;;1;7;0;0;0;;;;7;8
"055024";"Otricoli";4;3;0;0;0;;;;3;5;0;0;0;;;;5;8
"055024";"Otricoli";5;5;0;0;0;;;;5;8;0;0;0;;;;8;13
"055024";"Otricoli";6;6;0;0;0;;;;6;6;0;0;0;;;;6;12
"055024";"Otricoli";7;5;0;0;0;;;;5;6;0;0;0;;;;6;11
"055024";"Otricoli";8;1;0;0;0;;;;1;12;0;0;0;;;;12;13
"055024";"Otricoli";9;8;0;0;0;;;;8;7;0;0;0;;;;7;15
"055024";"Otricoli";10;1;0;0;0;;;;1;6;0;0;0;;;;6;7
"055024";"Otricoli";11;6;0;0;0;;;;6;5;0;0;0;;;;5;11
"055024";"Otricoli";12;9;0;0;0;;;;9;5;0;0;0;;;;5;14
"055024";"Otricoli";13;4;0;0;0;;;;4;9;0;0;0;;;;9;13
"055024";"Otricoli";14;5;0;0;0;;;;5;9;0;0;0;;;;9;14
"055024";"Otricoli";15;8;0;0;0;;;;8;12;0;0;0;;;;12;20
"055024";"Otricoli";16;4;0;0;0;;;;4;6;0;0;0;;;;6;10
"055024";"Otricoli";17;12;0;0;0;;;;12;3;0;0;0;;;;3;15
"055024";"Otricoli";18;10;0;0;0;;;;10;11;0;0;0;;;;11;21
"055024";"Otricoli";19;7;0;0;0;;;;7;9;0;0;0;;;;9;16
"055024";"Otricoli";20;12;0;0;0;;;;12;6;0;0;0;;;;6;18
"055024";"Otricoli";21;5;0;0;0;;;;5;6;0;0;0;;;;6;11
"055024";"Otricoli";22;11;0;0;0;;;;11;3;0;0;0;;;;3;14
"055024";"Otricoli";23;6;0;0;0;;;;6;5;1;0;0;;;;6;12
"055024";"Otricoli";24;8;0;0;0;;;;8;9;0;0;0;;;;9;17
"055024";"Otricoli";25;13;0;0;0;;;;13;7;0;0;0;;;;7;20
"055024";"Otricoli";26;3;0;0;0;;;;3;7;0;0;0;;;;7;10
"055024";"Otricoli";27;4;1;0;0;;;;5;7;0;0;0;;;;7;12
"055024";"Otricoli";28;7;0;0;0;;;;7;2;1;0;0;;;;3;10
"055024";"Otricoli";29;4;2;0;0;;;;6;6;1;0;0;;;;7;13
"055024";"Otricoli";30;4;0;0;0;;;;4;4;1;0;0;;;;5;9
"055024";"Otricoli";31;9;0;0;0;;;;9;6;2;0;0;;;;8;17
"055024";"Otricoli";32;9;1;0;0;;;;10;6;3;0;0;;;;9;19
"055024";"Otricoli";33;8;1;0;0;;;;9;8;7;0;0;;;;15;24
"055024";"Otricoli";34;6;0;0;0;;;;6;3;5;0;0;;;;8;14
"055024";"Otricoli";35;8;1;0;0;;;;9;6;2;0;0;;;;8;17
"055024";"Otricoli";36;8;1;0;0;;;;9;2;5;0;0;;;;7;16
"055024";"Otricoli";37;3;5;0;0;;;;8;3;6;0;0;;;;9;17
"055024";"Otricoli";38;5;7;0;0;;;;12;8;5;0;0;;;;13;25
"055024";"Otricoli";39;6;3;0;0;;;;9;2;4;0;0;;;;6;15
"055024";"Otricoli";40;1;7;0;0;;;;8;2;5;1;0;;;;8;16
"055024";"Otricoli";41;8;3;0;0;;;;11;4;6;0;0;;;;10;21
"055024";"Otricoli";42;2;8;0;0;;;;10;3;2;0;0;;;;5;15
"055024";"Otricoli";43;5;0;0;0;;;;5;1;7;0;0;;;;8;13
"055024";"Otricoli";44;5;5;0;0;;;;10;1;4;0;0;;;;5;15
"055024";"Otricoli";45;7;5;0;0;;;;12;3;4;0;0;;;;7;19
"055024";"Otricoli";46;6;5;0;0;;;;11;3;5;1;0;;;;9;20
"055024";"Otricoli";47;7;6;0;0;;;;13;3;9;0;0;;;;12;25
"055024";"Otricoli";48;7;5;0;0;;;;12;2;4;0;1;;;;7;19
"055024";"Otricoli";49;8;7;1;0;;;;16;1;11;0;0;;;;12;28
"055024";"Otricoli";50;5;6;0;0;;;;11;3;10;0;0;;;;13;24
"055024";"Otricoli";51;3;10;0;0;;;;13;0;20;0;1;;;;21;34
"055024";"Otricoli";52;3;9;1;0;;;;13;4;12;3;0;;;;19;32
"055024";"Otricoli";53;3;7;1;1;;;;12;2;7;1;1;;;;11;23
"055024";"Otricoli";54;5;12;2;0;;;;19;4;8;1;0;;;;13;32
"055024";"Otricoli";55;2;10;0;0;;;;12;1;3;1;0;;;;5;17
"055024";"Otricoli";56;1;11;2;0;;;;14;2;10;0;0;;;;12;26
"055024";"Otricoli";57;1;10;2;0;;;;13;4;8;1;2;;;;15;28
"055024";"Otricoli";58;3;5;1;0;;;;9;3;10;1;0;;;;14;23
"055024";"Otricoli";59;4;7;1;1;;;;13;3;13;0;1;;;;17;30
"055024";"Otricoli";60;1;17;2;0;;;;20;0;15;1;0;;;;16;36
"055024";"Otricoli";61;1;8;3;1;;;;13;2;8;0;3;;;;13;26
"055024";"Otricoli";62;4;12;1;0;;;;17;3;8;2;0;;;;13;30
"055024";"Otricoli";63;2;12;0;0;;;;14;1;13;0;2;;;;16;30
"055024";"Otricoli";64;1;8;0;0;;;;9;0;12;0;0;;;;12;21
"055024";"Otricoli";65;1;13;0;1;;;;15;0;13;1;1;;;;15;30
"055024";"Otricoli";66;2;9;1;0;;;;12;2;9;1;1;;;;13;25
"055024";"Otricoli";67;2;11;1;0;;;;14;2;6;0;1;;;;9;23
"055024";"Otricoli";68;0;7;1;0;;;;8;3;10;1;2;;;;16;24
"055024";"Otricoli";69;3;11;1;1;;;;16;1;8;0;2;;;;11;27
"055024";"Otricoli";70;0;8;1;0;;;;9;1;12;0;1;;;;14;23
"055024";"Otricoli";71;1;11;0;1;;;;13;1;4;0;2;;;;7;20
"055024";"Otricoli";72;0;10;1;4;;;;15;2;9;1;3;;;;15;30
"055024";"Otricoli";73;2;7;0;1;;;;10;1;6;0;6;;;;13;23
"055024";"Otricoli";74;0;12;1;0;;;;13;0;4;0;3;;;;7;20
"055024";"Otricoli";75;2;8;0;2;;;;12;0;11;1;3;;;;15;27
"055024";"Otricoli";76;0;12;0;1;;;;13;0;8;0;3;;;;11;24
"055024";"Otricoli";77;2;6;0;2;;;;10;2;7;0;7;;;;16;26
"055024";"Otricoli";78;2;9;1;0;;;;12;0;4;1;6;;;;11;23
"055024";"Otricoli";79;1;5;1;1;;;;8;1;7;0;2;;;;10;18
"055024";"Otricoli";80;0;2;0;0;;;;2;0;4;0;4;;;;8;10
"055024";"Otricoli";81;0;6;0;1;;;;7;0;3;0;5;;;;8;15
"055024";"Otricoli";82;0;4;0;0;;;;4;1;5;1;4;;;;11;15
"055024";"Otricoli";83;0;3;0;0;;;;3;0;3;0;6;;;;9;12
"055024";"Otricoli";84;1;7;0;2;;;;10;1;2;1;6;;;;10;20
"055024";"Otricoli";85;1;5;0;3;;;;9;1;3;0;11;;;;15;24
"055024";"Otricoli";86;2;8;0;1;;;;11;0;0;0;0;;;;0;11
"055024";"Otricoli";87;0;0;0;0;;;;0;1;2;0;4;;;;7;7
"055024";"Otricoli";88;0;7;0;1;;;;8;0;1;0;6;;;;7;15
"055024";"Otricoli";89;1;2;0;1;;;;4;0;1;0;9;;;;10;14
"055024";"Otricoli";90;0;0;0;3;;;;3;0;2;0;1;;;;3;6
"055024";"Otricoli";91;1;1;0;3;;;;5;0;0;0;6;;;;6;11
"055024";"Otricoli";92;0;0;0;0;;;;0;0;0;0;5;;;;5;5
"055024";"Otricoli";93;1;1;0;1;;;;3;0;0;0;1;;;;1;4
"055024";"Otricoli";94;0;2;0;0;;;;2;0;0;0;1;;;;1;3
"055024";"Otricoli";95;0;0;0;0;;;;0;0;1;0;0;;;;1;1
"055024";"Otricoli";96;0;0;0;0;;;;0;0;0;0;0;;;;0;0
"055024";"Otricoli";97;0;0;0;0;;;;0;0;0;0;1;;;;1;1
"055024";"Otricoli";98;0;1;0;1;;;;2;0;0;0;2;;;;2;4
"055024";"Otricoli";99;0;0;0;0;;;;0;0;0;0;2;;;;2;2
"055024";"Otricoli";100;0;0;0;0;;;;0;0;0;0;0;;;;0;0
"055024";"Otricoli";999;361;405;26;34;;;;826;320;402;21;128;;;;871;1697
"055025";"Parrano";0;1;0;0;0;;;;1;2;0;0;0;;;;2;3
"055025";"Parrano";1;0;0;0;0;;;;0;0;0;0;0;;;;0;0
"055025";"Parrano";2;0;0;0;0;;;;0;0;0;0;0;;;;0;0
"055025";"Parrano";3;1;0;0;0;;;;1;1;0;0;0;;;;1;2
"055025";"Parrano";4;0;0;0;0;;;;0;2;0;0;0;;;;2;2
"055025";"Parrano";5;1;0;0;0;;;;1;1;0;0;0;;;;1;2
"055025";"Parrano";6;1;0;0;0;;;;1;0;0;0;0;;;;0;1
"055025";"Parrano";7;1;0;0;0;;;;1;2;0;0;0;;;;2;3
"055025";"Parrano";8;3;0;0;0;;;;3;2;0;0;0;;;;2;5
"055025";"Parrano";9;0;0;0;0;;;;0;1;0;0;0;;;;1;1
"055025";"Parrano";10;1;0;0;0;;;;1;3;0;0;0;;;;3;4
"055025";"Parrano";11;1;0;0;0;;;;1;2;0;0;0;;;;2;3
"055025";"Parrano";12;2;0;0;0;;;;2;3;0;0;0;;;;3;5
"055025";"Parrano";13;1;0;0;0;;;;1;2;0;0;0;;;;2;3
"055025";"Parrano";14;3;0;0;0;;;;3;3;0;0;0;;;;3;6
"055025";"Parrano";15;2;0;0;0;;;;2;0;0;0;0;;;;0;2
"055025";"Parrano";16;1;0;0;0;;;;1;1;0;0;0;;;;1;2
"055025";"Parrano";17;1;0;0;0;;;;1;0;0;0;0;;;;0;1
"055025";"Parrano";18;2;0;0;0;;;;2;0;0;0;0;;;;0;2
"055025";"Parrano";19;3;0;0;0;;;;3;1;0;0;0;;;;1;4
"055025";"Parrano";20;2;0;0;0;;;;2;3;0;0;0;;;;3;5
"055025";"Parrano";21;0;0;0;0;;;;0;0;0;0;0;;;;0;0
"055025";"Parrano";22;5;0;0;0;;;;5;1;0;0;0;;;;1;6
"055025";"Parrano";23;3;0;0;0;;;;3;2;0;0;0;;;;2;5
"055025";"Parrano";24;1;0;0;0;;;;1;2;0;0;0;;;;2;3
"055025";"Parrano";25;1;0;0;0;;;;1;2;0;0;0;;;;2;3
"055025";"Parrano";26;0;0;0;0;;;;0;1;0;0;0;;;;1;1
"055025";"Parrano";27;0;0;0;0;;;;0;1;0;0;0;;;;1;1
"055025";"Parrano";28;2;0;0;0;;;;2;0;0;0;0;;;;0;2
"055025";"Parrano";29;2;0;0;0;;;;2;2;1;0;0;;;;3;5
"055025";"Parrano";30;2;0;0;0;;;;2;2;0;0;0;;;;2;4
"055025";"Parrano";31;2;0;0;0;;;;2;0;0;0;0;;;;0;2
"055025";"Parrano";32;0;0;0;0;;;;0;0;0;0;0;;;;0;0
"055025";"Parrano";33;2;0;0;0;;;;2;1;0;0;0;;;;1;3
"055025";"Parrano";34;0;0;0;0;;;;0;3;1;0;0;;;;4;4
"055025";"Parrano";35;5;0;0;0;;;;5;1;1;0;0;;;;2;7
"055025";"Parrano";36;2;1;0;0;;;;3;0;0;0;0;;;;0;3
"055025";"Parrano";37;3;0;0;0;;;;3;1;0;0;0;;;;1;4
"055025";"Parrano";38;2;2;0;0;;;;4;2;1;0;0;;;;3;7
"055025";"Parrano";39;1;0;0;0;;;;1;3;0;0;0;;;;3;4
"055025";"Parrano";40;2;0;0;0;;;;2;0;1;0;0;;;;1;3
"055025";"Parrano";41;2;0;0;0;;;;2;1;1;0;0;;;;2;4
"055025";"Parrano";42;0;0;0;0;;;;0;1;0;0;0;;;;1;1
"055025";"Parrano";43;1;3;0;0;;;;4;0;1;0;0;;;;1;5
"055025";"Parrano";44;0;2;1;0;;;;3;4;0;0;0;;;;4;7
"055025";"Parrano";45;2;0;0;0;;;;2;0;1;0;0;;;;1;3
"055025";"Parrano";46;1;1;0;0;;;;2;1;3;0;0;;;;4;6
"055025";"Parrano";47;1;3;0;0;;;;4;0;3;0;0;;;;3;7
"055025";"Parrano";48;0;1;0;0;;;;1;1;3;0;0;;;;4;5
"055025";"Parrano";49;0;3;0;0;;;;3;0;3;0;0;;;;3;6
"055025";"Parrano";50;0;3;0;0;;;;3;0;3;0;0;;;;3;6
"055025";"Parrano";51;5;0;0;0;;;;5;0;4;0;0;;;;4;9
"055025";"Parrano";52;1;0;1;0;;;;2;0;3;0;0;;;;3;5
"055025";"Parrano";53;2;2;0;0;;;;4;0;3;0;0;;;;3;7
"055025";"Parrano";54;2;5;0;0;;;;7;1;3;0;1;;;;5;12
"055025";"Parrano";55;0;2;1;0;;;;3;1;4;0;0;;;;5;8
"055025";"Parrano";56;1;7;1;0;;;;9;1;2;0;0;;;;3;12
"055025";"Parrano";57;0;0;1;1;;;;2;0;6;1;0;;;;7;9
"055025";"Parrano";58;1;6;0;0;;;;7;1;5;0;0;;;;6;13
"055025";"Parrano";59;0;1;0;0;;;;1;0;4;1;0;;;;5;6
"055025";"Parrano";60;2;5;0;0;;;;7;3;4;0;0;;;;7;14
"055025";"Parrano";61;0;7;0;0;;;;7;0;2;0;0;;;;2;9
"055025";"Parrano";62;0;5;0;0;;;;5;1;6;0;3;;;;10;15
"055025";"Parrano";63;0;3;0;0;;;;3;0;3;0;0;;;;3;6
"055025";"Parrano";64;0;1;0;0;;;;1;2;5;0;1;;;;8;9
"055025";"Parrano";65;0;1;0;0;;;;1;0;5;1;0;;;;6;7
"055025";"Parrano";66;2;4;0;0;;;;6;1;2;0;0;;;;3;9
"055025";"Parrano";67;2;4;0;0;;;;6;1;4;0;1;;;;6;12
"055025";"Parrano";68;1;6;0;1;;;;8;0;5;0;0;;;;5;13
"055025";"Parrano";69;0;3;0;0;;;;3;0;1;0;1;;;;2;5
"055025";"Parrano";70;2;3;0;0;;;;5;0;2;0;0;;;;2;7
"055025";"Parrano";71;0;2;1;0;;;;3;1;0;0;1;;;;2;5
"055025";"Parrano";72;0;1;0;0;;;;1;0;2;0;0;;;;2;3
"055025";"Parrano";73;1;2;0;0;;;;3;0;3;0;1;;;;4;7
"055025";"Parrano";74;2;5;0;0;;;;7;0;1;0;0;;;;1;8
"055025";"Parrano";75;2;4;0;0;;;;6;0;0;0;1;;;;1;7
"055025";"Parrano";76;0;5;0;0;;;;5;0;3;0;2;;;;5;10
"055025";"Parrano";77;0;1;0;0;;;;1;0;4;0;1;;;;5;6
"055025";"Parrano";78;0;2;0;0;;;;2;0;3;0;1;;;;4;6
"055025";"Parrano";79;0;1;0;1;;;;2;0;3;0;0;;;;3;5
"055025";"Parrano";80;0;2;0;1;;;;3;0;1;0;2;;;;3;6
"055025";"Parrano";81;0;2;0;0;;;;2;0;3;0;2;;;;5;7
"055025";"Parrano";82;0;3;0;0;;;;3;0;1;0;1;;;;2;5
"055025";"Parrano";83;0;0;0;1;;;;1;0;0;0;2;;;;2;3
"055025";"Parrano";84;0;2;0;1;;;;3;0;1;0;1;;;;2;5
"055025";"Parrano";85;0;3;0;2;;;;5;0;2;0;3;;;;5;10
"055025";"Parrano";86;0;2;0;0;;;;2;0;1;0;4;;;;5;7
"055025";"Parrano";87;0;1;0;0;;;;1;0;0;0;3;;;;3;4
"055025";"Parrano";88;0;1;0;2;;;;3;0;2;0;0;;;;2;5
"055025";"Parrano";89;1;5;0;1;;;;7;0;0;0;0;;;;0;7
"055025";"Parrano";90;0;0;0;0;;;;0;0;1;0;1;;;;2;2
"055025";"Parrano";91;0;0;0;1;;;;1;0;0;0;0;;;;0;1
"055025";"Parrano";92;0;1;0;1;;;;2;0;1;0;1;;;;2;4
"055025";"Parrano";93;0;1;0;1;;;;2;0;0;0;2;;;;2;4
"055025";"Parrano";94;0;0;0;0;;;;0;1;0;0;2;;;;3;3
"055025";"Parrano";95;0;0;0;0;;;;0;0;0;0;0;;;;0;0
"055025";"Parrano";96;0;0;0;0;;;;0;0;0;0;0;;;;0;0
"055025";"Parrano";97;0;0;0;0;;;;0;0;0;0;0;;;;0;0
"055025";"Parrano";98;0;0;0;0;;;;0;0;0;0;0;;;;0;0
"055025";"Parrano";99;0;0;0;0;;;;0;0;0;0;0;;;;0;0
"055025";"Parrano";100;0;0;0;0;;;;0;0;0;0;0;;;;0;0
"055025";"Parrano";999;96;130;6;14;;;;246;75;128;3;38;;;;244;490
"055026";"Penna in Teverina";0;4;0;0;0;;;;4;1;0;0;0;;;;1;5
"055026";"Penna in Teverina";1;2;0;0;0;;;;2;0;0;0;0;;;;0;2
"055026";"Penna in Teverina";2;1;0;0;0;;;;1;2;0;0;0;;;;2;3
"055026";"Penna in Teverina";3;2;0;0;0;;;;2;1;0;0;0;;;;1;3
"055026";"Penna in Teverina";4;3;0;0;0;;;;3;3;0;0;0;;;;3;6
"055026";"Penna in Teverina";5;3;0;0;0;;;;3;6;0;0;0;;;;6;9
"055026";"Penna in Teverina";6;5;0;0;0;;;;5;0;0;0;0;;;;0;5
"055026";"Penna in Teverina";7;2;0;0;0;;;;2;5;0;0;0;;;;5;7
"055026";"Penna in Teverina";8;2;0;0;0;;;;2;6;0;0;0;;;;6;8
"055026";"Penna in Teverina";9;4;0;0;0;;;;4;7;0;0;0;;;;7;11
"055026";"Penna in Teverina";10;2;0;0;0;;;;2;1;0;0;0;;;;1;3
"055026";"Penna in Teverina";11;7;0;0;0;;;;7;3;0;0;0;;;;3;10
"055026";"Penna in Teverina";12;3;0;0;0;;;;3;5;0;0;0;;;;5;8
"055026";"Penna in Teverina";13;3;0;0;0;;;;3;3;0;0;0;;;;3;6
"055026";"Penna in Teverina";14;0;0;0;0;;;;0;1;0;0;0;;;;1;1
"055026";"Penna in Teverina";15;4;0;0;0;;;;4;3;0;0;0;;;;3;7
"055026";"Penna in Teverina";16;4;0;0;0;;;;4;5;0;0;0;;;;5;9
"055026";"Penna in Teverina";17;4;0;0;0;;;;4;4;0;0;0;;;;4;8
"055026";"Penna in Teverina";18;1;0;0;0;;;;1;5;0;0;0;;;;5;6
"055026";"Penna in Teverina";19;5;0;0;0;;;;5;4;0;0;0;;;;4;9
"055026";"Penna in Teverina";20;6;0;0;0;;;;6;3;0;0;0;;;;3;9
"055026";"Penna in Teverina";21;3;0;0;0;;;;3;4;0;0;0;;;;4;7
"055026";"Penna in Teverina";22;1;0;0;0;;;;1;6;0;0;0;;;;6;7
"055026";"Penna in Teverina";23;6;0;0;0;;;;6;6;0;0;0;;;;6;12
"055026";"Penna in Teverina";24;4;0;0;0;;;;4;4;1;0;0;;;;5;9
"055026";"Penna in Teverina";25;5;0;0;0;;;;5;2;1;0;0;;;;3;8
"055026";"Penna in Teverina";26;4;0;0;0;;;;4;3;0;0;0;;;;3;7
"055026";"Penna in Teverina";27;5;0;0;0;;;;5;4;0;0;0;;;;4;9
"055026";"Penna in Teverina";28;5;0;0;0;;;;5;6;0;0;0;;;;6;11
"055026";"Penna in Teverina";29;1;1;0;0;;;;2;6;0;0;0;;;;6;8
"055026";"Penna in Teverina";30;4;0;0;0;;;;4;5;0;0;0;;;;5;9
"055026";"Penna in Teverina";31;2;0;0;0;;;;2;3;0;0;0;;;;3;5
"055026";"Penna in Teverina";32;6;0;0;0;;;;6;4;0;0;0;;;;4;10
"055026";"Penna in Teverina";33;4;1;0;0;;;;5;2;1;0;0;;;;3;8
"055026";"Penna in Teverina";34;3;0;0;0;;;;3;5;1;0;0;;;;6;9
"055026";"Penna in Teverina";35;3;1;0;0;;;;4;1;1;0;0;;;;2;6
"055026";"Penna in Teverina";36;6;0;0;0;;;;6;1;1;0;0;;;;2;8
"055026";"Penna in Teverina";37;1;1;0;0;;;;2;4;1;0;0;;;;5;7
"055026";"Penna in Teverina";38;3;1;0;0;;;;4;6;1;0;0;;;;7;11
"055026";"Penna in Teverina";39;2;2;0;0;;;;4;4;2;1;0;;;;7;11
"055026";"Penna in Teverina";40;3;0;0;0;;;;3;1;5;0;0;;;;6;9
"055026";"Penna in Teverina";41;4;2;0;0;;;;6;2;2;1;0;;;;5;11
"055026";"Penna in Teverina";42;4;4;0;0;;;;8;6;2;0;0;;;;8;16
"055026";"Penna in Teverina";43;7;3;0;0;;;;10;0;4;0;0;;;;4;14
"055026";"Penna in Teverina";44;6;3;0;0;;;;9;8;5;0;0;;;;13;22
"055026";"Penna in Teverina";45;1;0;1;0;;;;2;0;5;1;0;;;;6;8
"055026";"Penna in Teverina";46;5;4;0;0;;;;9;1;6;0;0;;;;7;16
"055026";"Penna in Teverina";47;1;8;0;0;;;;9;0;2;0;0;;;;2;11
"055026";"Penna in Teverina";48;3;6;0;0;;;;9;1;4;0;0;;;;5;14
"055026";"Penna in Teverina";49;7;1;0;0;;;;8;3;4;1;0;;;;8;16
"055026";"Penna in Teverina";50;6;3;1;0;;;;10;4;3;0;0;;;;7;17
"055026";"Penna in Teverina";51;4;3;0;0;;;;7;4;7;1;0;;;;12;19
"055026";"Penna in Teverina";52;3;3;0;0;;;;6;0;4;1;0;;;;5;11
"055026";"Penna in Teverina";53;6;3;0;0;;;;9;0;6;2;1;;;;9;18
"055026";"Penna in Teverina";54;2;4;0;0;;;;6;1;6;1;0;;;;8;14
"055026";"Penna in Teverina";55;4;5;1;0;;;;10;1;6;2;0;;;;9;19
"055026";"Penna in Teverina";56;2;6;0;0;;;;8;0;6;3;2;;;;11;19
"055026";"Penna in Teverina";57;0;9;0;0;;;;9;0;6;0;0;;;;6;15
"055026";"Penna in Teverina";58;1;11;0;0;;;;12;1;5;1;0;;;;7;19
"055026";"Penna in Teverina";59;1;8;2;0;;;;11;1;5;0;0;;;;6;17
"055026";"Penna in Teverina";60;2;8;0;0;;;;10;0;7;1;1;;;;9;19
"055026";"Penna in Teverina";61;3;7;0;1;;;;11;0;10;0;1;;;;11;22
"055026";"Penna in Teverina";62;2;8;0;0;;;;10;2;10;0;0;;;;12;22
"055026";"Penna in Teverina";63;2;7;0;0;;;;9;2;2;0;0;;;;4;13
"055026";"Penna in Teverina";64;0;4;0;0;;;;4;1;5;1;3;;;;10;14
"055026";"Penna in Teverina";65;1;5;1;0;;;;7;2;5;2;0;;;;9;16
"055026";"Penna in Teverina";66;1;5;1;1;;;;8;1;7;1;0;;;;9;17
"055026";"Penna in Teverina";67;1;8;4;1;;;;14;0;8;1;1;;;;10;24
"055026";"Penna in Teverina";68;1;6;0;0;;;;7;1;5;2;0;;;;8;15
"055026";"Penna in Teverina";69;1;7;2;1;;;;11;1;7;0;1;;;;9;20
"055026";"Penna in Teverina";70;0;7;0;0;;;;7;1;10;0;1;;;;12;19
"055026";"Penna in Teverina";71;1;5;0;0;;;;6;1;3;0;0;;;;4;10
"055026";"Penna in Teverina";72;2;9;0;0;;;;11;1;7;0;0;;;;8;19
"055026";"Penna in Teverina";73;0;7;1;1;;;;9;1;3;0;0;;;;4;13
"055026";"Penna in Teverina";74;0;8;1;0;;;;9;1;7;0;1;;;;9;18
"055026";"Penna in Teverina";75;0;4;1;1;;;;6;0;2;0;1;;;;3;9
"055026";"Penna in Teverina";76;0;7;0;0;;;;7;0;7;0;2;;;;9;16
"055026";"Penna in Teverina";77;1;5;0;0;;;;6;0;5;0;1;;;;6;12
"055026";"Penna in Teverina";78;1;3;0;1;;;;5;0;3;0;3;;;;6;11
"055026";"Penna in Teverina";79;0;3;0;0;;;;3;0;3;0;2;;;;5;8
"055026";"Penna in Teverina";80;0;2;0;0;;;;2;1;3;0;1;;;;5;7
"055026";"Penna in Teverina";81;0;4;0;0;;;;4;0;5;0;3;;;;8;12
"055026";"Penna in Teverina";82;0;4;1;1;;;;6;0;2;1;1;;;;4;10
"055026";"Penna in Teverina";83;0;4;0;0;;;;4;0;1;0;2;;;;3;7
"055026";"Penna in Teverina";84;0;2;0;0;;;;2;0;0;0;2;;;;2;4
"055026";"Penna in Teverina";85;1;3;0;2;;;;6;0;2;0;4;;;;6;12
"055026";"Penna in Teverina";86;0;5;0;0;;;;5;1;1;0;6;;;;8;13
"055026";"Penna in Teverina";87;0;1;1;1;;;;3;0;1;0;1;;;;2;5
"055026";"Penna in Teverina";88;0;0;0;1;;;;1;0;0;0;4;;;;4;5
"055026";"Penna in Teverina";89;0;2;0;1;;;;3;0;0;0;2;;;;2;5
"055026";"Penna in Teverina";90;0;0;0;1;;;;1;1;1;0;3;;;;5;6
"055026";"Penna in Teverina";91;0;0;0;0;;;;0;0;0;0;1;;;;1;1
"055026";"Penna in Teverina";92;0;1;0;1;;;;2;1;0;0;3;;;;4;6
"055026";"Penna in Teverina";93;0;0;0;0;;;;0;0;0;0;4;;;;4;4
"055026";"Penna in Teverina";94;0;0;0;0;;;;0;0;0;0;3;;;;3;3
"055026";"Penna in Teverina";95;0;0;0;0;;;;0;0;0;0;3;;;;3;3
"055026";"Penna in Teverina";96;0;0;0;0;;;;0;0;0;0;0;;;;0;0
"055026";"Penna in Teverina";97;0;0;0;0;;;;0;0;0;0;0;;;;0;0
"055026";"Penna in Teverina";98;0;0;0;0;;;;0;0;0;0;0;;;;0;0
"055026";"Penna in Teverina";99;0;0;0;0;;;;0;0;0;0;0;;;;0;0
"055026";"Penna in Teverina";100;0;0;0;0;;;;0;0;0;0;0;;;;0;0
"055026";"Penna in Teverina";999;225;244;18;15;;;;502;197;235;24;64;;;;520;1022
"055027";"Polino";0;0;0;0;0;;;;0;1;0;0;0;;;;1;1
"055027";"Polino";1;0;0;0;0;;;;0;0;0;0;0;;;;0;0
"055027";"Polino";2;0;0;0;0;;;;0;0;0;0;0;;;;0;0
"055027";"Polino";3;2;0;0;0;;;;2;1;0;0;0;;;;1;3
"055027";"Polino";4;2;0;0;0;;;;2;0;0;0;0;;;;0;2
"055027";"Polino";5;1;0;0;0;;;;1;0;0;0;0;;;;0;1
"055027";"Polino";6;1;0;0;0;;;;1;2;0;0;0;;;;2;3
"055027";"Polino";7;0;0;0;0;;;;0;1;0;0;0;;;;1;1
"055027";"Polino";8;2;0;0;0;;;;2;1;0;0;0;;;;1;3
"055027";"Polino";9;3;0;0;0;;;;3;0;0;0;0;;;;0;3
"055027";"Polino";10;0;0;0;0;;;;0;0;0;0;0;;;;0;0
"055027";"Polino";11;0;0;0;0;;;;0;1;0;0;0;;;;1;1
"055027";"Polino";12;1;0;0;0;;;;1;0;0;0;0;;;;0;1
"055027";"Polino";13;2;0;0;0;;;;2;1;0;0;0;;;;1;3
"055027";"Polino";14;0;0;0;0;;;;0;1;0;0;0;;;;1;1
"055027";"Polino";15;0;0;0;0;;;;0;2;0;0;0;;;;2;2
"055027";"Polino";16;1;0;0;0;;;;1;0;0;0;0;;;;0;1
"055027";"Polino";17;1;0;0;0;;;;1;0;0;0;0;;;;0;1
"055027";"Polino";18;0;0;0;0;;;;0;1;0;0;0;;;;1;1
"055027";"Polino";19;0;0;0;0;;;;0;1;0;0;0;;;;1;1
"055027";"Polino";20;0;0;0;0;;;;0;1;0;0;0;;;;1;1
"055027";"Polino";21;0;0;0;0;;;;0;1;0;0;0;;;;1;1
"055027";"Polino";22;1;0;0;0;;;;1;2;0;0;0;;;;2;3
"055027";"Polino";23;2;0;0;0;;;;2;2;0;0;0;;;;2;4
"055027";"Polino";24;0;0;0;0;;;;0;1;0;0;0;;;;1;1
"055027";"Polino";25;1;0;0;0;;;;1;0;0;0;0;;;;0;1
"055027";"Polino";26;1;0;0;0;;;;1;0;0;0;0;;;;0;1
"055027";"Polino";27;1;0;0;0;;;;1;0;0;0;0;;;;0;1
"055027";"Polino";28;1;0;0;0;;;;1;2;0;0;0;;;;2;3
"055027";"Polino";29;0;0;0;0;;;;0;0;0;0;0;;;;0;0
"055027";"Polino";30;3;0;0;0;;;;3;1;0;0;0;;;;1;4
"055027";"Polino";31;1;0;0;0;;;;1;1;0;0;0;;;;1;2
"055027";"Polino";32;2;0;0;0;;;;2;2;0;0;0;;;;2;4
"055027";"Polino";33;2;0;0;0;;;;2;0;0;0;0;;;;0;2
"055027";"Polino";34;1;0;0;0;;;;1;1;0;0;0;;;;1;2
"055027";"Polino";35;0;0;0;0;;;;0;1;3;0;0;;;;4;4
"055027";"Polino";36;2;1;0;0;;;;3;0;0;0;0;;;;0;3
"055027";"Polino";37;0;1;0;0;;;;1;0;1;0;0;;;;1;2
"055027";"Polino";38;1;0;0;0;;;;1;0;0;0;0;;;;0;1
"055027";"Polino";39;0;0;0;0;;;;0;0;1;0;0;;;;1;1
"055027";"Polino";40;2;0;0;0;;;;2;0;1;0;0;;;;1;3
"055027";"Polino";41;1;1;0;0;;;;2;1;0;0;0;;;;1;3
"055027";"Polino";42;1;0;0;0;;;;1;2;0;0;0;;;;2;3
"055027";"Polino";43;0;0;0;0;;;;0;0;1;0;0;;;;1;1
"055027";"Polino";44;1;0;0;0;;;;1;0;0;0;0;;;;0;1
"055027";"Polino";45;0;0;0;0;;;;0;1;0;0;0;;;;1;1
"055027";"Polino";46;0;0;0;0;;;;0;1;0;0;0;;;;1;1
"055027";"Polino";47;1;0;1;0;;;;2;1;0;0;0;;;;1;3
"055027";"Polino";48;0;1;0;0;;;;1;0;2;0;0;;;;2;3
"055027";"Polino";49;0;2;0;0;;;;2;0;0;1;0;;;;1;3
"055027";"Polino";50;2;1;0;0;;;;3;3;0;0;0;;;;3;6
"055027";"Polino";51;0;0;0;0;;;;0;0;2;0;0;;;;2;2
"055027";"Polino";52;0;0;0;0;;;;0;1;3;0;0;;;;4;4
"055027";"Polino";53;1;1;0;0;;;;2;0;0;0;0;;;;0;2
"055027";"Polino";54;1;3;0;0;;;;4;3;0;0;0;;;;3;7
"055027";"Polino";55;1;1;1;0;;;;3;0;2;0;0;;;;2;5
"055027";"Polino";56;1;3;1;0;;;;5;2;0;0;0;;;;2;7
"055027";"Polino";57;1;1;0;1;;;;3;0;1;0;0;;;;1;4
"055027";"Polino";58;0;2;0;0;;;;2;0;0;0;0;;;;0;2
"055027";"Polino";59;0;0;0;0;;;;0;0;0;0;1;;;;1;1
"055027";"Polino";60;1;1;1;0;;;;3;0;0;0;1;;;;1;4
"055027";"Polino";61;1;4;0;0;;;;5;0;0;0;0;;;;0;5
"055027";"Polino";62;0;0;0;0;;;;0;0;0;0;0;;;;0;0
"055027";"Polino";63;0;1;0;0;;;;1;0;1;0;0;;;;1;2
"055027";"Polino";64;0;1;0;0;;;;1;0;1;0;0;;;;1;2
"055027";"Polino";65;0;0;1;0;;;;1;0;1;0;0;;;;1;2
"055027";"Polino";66;0;0;0;0;;;;0;0;3;0;0;;;;3;3
"055027";"Polino";67;0;3;1;0;;;;4;0;1;0;0;;;;1;5
"055027";"Polino";68;0;1;0;0;;;;1;0;0;0;0;;;;0;1
"055027";"Polino";69;0;1;0;0;;;;1;1;2;0;0;;;;3;4
"055027";"Polino";70;0;0;0;0;;;;0;0;0;0;0;;;;0;0
"055027";"Polino";71;0;1;0;0;;;;1;0;1;0;0;;;;1;2
"055027";"Polino";72;0;2;0;0;;;;2;0;0;0;0;;;;0;2
"055027";"Polino";73;0;1;1;0;;;;2;0;1;0;0;;;;1;3
"055027";"Polino";74;0;0;0;0;;;;0;0;0;0;2;;;;2;2
"055027";"Polino";75;1;1;0;0;;;;2;0;4;0;0;;;;4;6
"055027";"Polino";76;0;1;0;0;;;;1;0;0;0;1;;;;1;2
"055027";"Polino";77;0;2;0;0;;;;2;1;0;0;0;;;;1;3
"055027";"Polino";78;0;0;0;0;;;;0;1;2;0;1;;;;4;4
"055027";"Polino";79;0;0;0;0;;;;0;0;1;0;0;;;;1;1
"055027";"Polino";80;0;0;0;0;;;;0;0;0;0;0;;;;0;0
"055027";"Polino";81;0;0;0;0;;;;0;0;2;0;0;;;;2;2
"055027";"Polino";82;1;3;0;0;;;;4;0;0;0;0;;;;0;4
"055027";"Polino";83;0;1;0;0;;;;1;1;0;0;1;;;;2;3
"055027";"Polino";84;0;2;0;0;;;;2;0;1;0;1;;;;2;4
"055027";"Polino";85;0;2;0;0;;;;2;0;0;0;1;;;;1;3
"055027";"Polino";86;0;3;1;0;;;;4;0;0;0;1;;;;1;5
"055027";"Polino";87;0;0;0;1;;;;1;0;0;0;1;;;;1;2
"055027";"Polino";88;0;1;0;0;;;;1;0;0;0;0;;;;0;1
"055027";"Polino";89;0;0;0;1;;;;1;0;0;0;1;;;;1;2
"055027";"Polino";90;0;0;0;1;;;;1;0;0;0;0;;;;0;1
"055027";"Polino";91;0;1;0;1;;;;2;0;1;0;1;;;;2;4
"055027";"Polino";92;0;1;0;0;;;;1;0;0;0;0;;;;0;1
"055027";"Polino";93;0;0;0;0;;;;0;0;0;0;0;;;;0;0
"055027";"Polino";94;0;0;0;0;;;;0;0;0;0;0;;;;0;0
"055027";"Polino";95;0;0;0;0;;;;0;0;0;0;1;;;;1;1
"055027";"Polino";96;0;0;0;1;;;;1;0;0;0;1;;;;1;2
"055027";"Polino";97;0;0;0;0;;;;0;0;0;0;0;;;;0;0
"055027";"Polino";98;0;0;0;0;;;;0;0;0;0;0;;;;0;0
"055027";"Polino";99;0;0;0;0;;;;0;0;0;0;0;;;;0;0
"055027";"Polino";100;0;0;0;0;;;;0;0;0;0;0;;;;0;0
"055027";"Polino";999;52;52;8;6;;;;118;47;39;1;15;;;;102;220
"055028";"Porano";0;8;0;0;0;;;;8;2;0;0;0;;;;2;10
"055028";"Porano";1;5;0;0;0;;;;5;0;0;0;0;;;;0;5
"055028";"Porano";2;4;0;0;0;;;;4;3;0;0;0;;;;3;7
"055028";"Porano";3;3;0;0;0;;;;3;8;0;0;0;;;;8;11
"055028";"Porano";4;5;0;0;0;;;;5;6;0;0;0;;;;6;11
"055028";"Porano";5;6;0;0;0;;;;6;5;0;0;0;;;;5;11
"055028";"Porano";6;6;0;0;0;;;;6;5;0;0;0;;;;5;11
"055028";"Porano";7;6;0;0;0;;;;6;2;0;0;0;;;;2;8
"055028";"Porano";8;6;0;0;0;;;;6;5;0;0;0;;;;5;11
"055028";"Porano";9;12;0;0;0;;;;12;6;0;0;0;;;;6;18
"055028";"Porano";10;6;0;0;0;;;;6;6;0;0;0;;;;6;12
"055028";"Porano";11;8;0;0;0;;;;8;8;0;0;0;;;;8;16
"055028";"Porano";12;11;0;0;0;;;;11;7;0;0;0;;;;7;18
"055028";"Porano";13;10;0;0;0;;;;10;6;0;0;0;;;;6;16
"055028";"Porano";14;10;0;0;0;;;;10;10;0;0;0;;;;10;20
"055028";"Porano";15;10;0;0;0;;;;10;6;0;0;0;;;;6;16
"055028";"Porano";16;9;0;0;0;;;;9;7;0;0;0;;;;7;16
"055028";"Porano";17;13;0;0;0;;;;13;12;0;0;0;;;;12;25
"055028";"Porano";18;12;0;0;0;;;;12;9;0;0;0;;;;9;21
"055028";"Porano";19;5;0;0;0;;;;5;10;0;0;0;;;;10;15
"055028";"Porano";20;11;0;0;0;;;;11;13;0;0;0;;;;13;24
"055028";"Porano";21;9;0;0;0;;;;9;7;0;0;0;;;;7;16
"055028";"Porano";22;9;0;0;0;;;;9;12;0;0;0;;;;12;21
"055028";"Porano";23;10;0;0;0;;;;10;6;0;0;0;;;;6;16
"055028";"Porano";24;4;0;0;0;;;;4;9;0;0;0;;;;9;13
"055028";"Porano";25;4;0;0;0;;;;4;10;0;0;0;;;;10;14
"055028";"Porano";26;7;0;0;0;;;;7;11;0;0;0;;;;11;18
"055028";"Porano";27;9;0;0;0;;;;9;9;1;0;0;;;;10;19
"055028";"Porano";28;7;0;0;0;;;;7;4;0;0;0;;;;4;11
"055028";"Porano";29;7;0;0;0;;;;7;7;0;0;0;;;;7;14
"055028";"Porano";30;7;1;0;0;;;;8;4;1;0;0;;;;5;13
"055028";"Porano";31;10;2;0;0;;;;12;5;1;0;0;;;;6;18
"055028";"Porano";32;3;1;0;0;;;;4;7;6;0;0;;;;13;17
"055028";"Porano";33;5;0;0;0;;;;5;6;1;0;0;;;;7;12
"055028";"Porano";34;6;4;1;0;;;;11;1;1;0;0;;;;2;13
"055028";"Porano";35;8;1;0;0;;;;9;5;3;0;0;;;;8;17
"055028";"Porano";36;6;1;0;0;;;;7;2;4;1;0;;;;7;14
"055028";"Porano";37;6;1;0;0;;;;7;4;6;0;0;;;;10;17
"055028";"Porano";38;2;4;0;0;;;;6;6;4;0;0;;;;10;16
"055028";"Porano";39;8;4;0;0;;;;12;5;3;0;0;;;;8;20
"055028";"Porano";40;7;8;0;0;;;;15;2;8;0;0;;;;10;25
"055028";"Porano";41;7;2;1;0;;;;10;2;7;0;0;;;;9;19
"055028";"Porano";42;4;8;0;0;;;;12;9;6;1;0;;;;16;28
"055028";"Porano";43;3;7;2;0;;;;12;7;5;0;0;;;;12;24
"055028";"Porano";44;3;2;0;1;;;;6;8;7;0;0;;;;15;21
"055028";"Porano";45;4;6;0;0;;;;10;3;7;1;0;;;;11;21
"055028";"Porano";46;6;6;0;0;;;;12;8;15;0;0;;;;23;35
"055028";"Porano";47;2;4;1;0;;;;7;13;10;0;0;;;;23;30
"055028";"Porano";48;9;16;0;0;;;;25;2;3;1;0;;;;6;31
"055028";"Porano";49;6;10;1;0;;;;17;4;10;0;1;;;;15;32
"055028";"Porano";50;4;6;0;0;;;;10;3;10;1;0;;;;14;24
"055028";"Porano";51;5;11;1;0;;;;17;6;14;1;0;;;;21;38
"055028";"Porano";52;6;13;0;0;;;;19;5;5;0;0;;;;10;29
"055028";"Porano";53;7;4;2;0;;;;13;4;13;0;0;;;;17;30
"055028";"Porano";54;3;12;1;1;;;;17;3;12;0;0;;;;15;32
"055028";"Porano";55;2;13;0;0;;;;15;1;7;1;1;;;;10;25
"055028";"Porano";56;2;12;0;0;;;;14;1;7;0;1;;;;9;23
"055028";"Porano";57;3;11;3;0;;;;17;2;12;0;0;;;;14;31
"055028";"Porano";58;4;9;1;0;;;;14;1;12;1;0;;;;14;28
"055028";"Porano";59;3;7;1;0;;;;11;5;10;3;1;;;;19;30
"055028";"Porano";60;2;8;0;0;;;;10;2;13;1;0;;;;16;26
"055028";"Porano";61;6;18;0;0;;;;24;3;11;1;2;;;;17;41
"055028";"Porano";62;2;6;0;0;;;;8;2;17;2;0;;;;21;29
"055028";"Porano";63;1;8;1;0;;;;10;2;16;2;1;;;;21;31
"055028";"Porano";64;1;13;0;0;;;;14;0;12;0;0;;;;12;26
"055028";"Porano";65;0;10;2;2;;;;14;3;18;1;3;;;;25;39
"055028";"Porano";66;3;10;2;1;;;;16;1;5;1;3;;;;10;26
"055028";"Porano";67;0;12;2;0;;;;14;0;12;2;1;;;;15;29
"055028";"Porano";68;1;8;0;1;;;;10;1;12;0;1;;;;14;24
"055028";"Porano";69;3;9;2;0;;;;14;1;5;0;3;;;;9;23
"055028";"Porano";70;1;12;1;0;;;;14;1;15;0;3;;;;19;33
"055028";"Porano";71;1;6;0;0;;;;7;0;5;2;1;;;;8;15
"055028";"Porano";72;0;10;0;1;;;;11;0;15;0;2;;;;17;28
"055028";"Porano";73;1;16;0;0;;;;17;1;5;0;4;;;;10;27
"055028";"Porano";74;3;13;0;0;;;;16;0;6;0;6;;;;12;28
"055028";"Porano";75;3;12;0;0;;;;15;1;7;0;4;;;;12;27
"055028";"Porano";76;3;16;0;0;;;;19;0;4;1;6;;;;11;30
"055028";"Porano";77;0;10;0;0;;;;10;0;5;0;6;;;;11;21
"055028";"Porano";78;0;8;0;2;;;;10;1;4;0;5;;;;10;20
"055028";"Porano";79;1;2;0;0;;;;3;2;3;3;3;;;;11;14
"055028";"Porano";80;0;2;0;0;;;;2;3;1;1;4;;;;9;11
"055028";"Porano";81;0;4;1;1;;;;6;1;2;0;6;;;;9;15
"055028";"Porano";82;2;4;0;2;;;;8;0;3;0;2;;;;5;13
"055028";"Porano";83;0;2;0;0;;;;2;2;1;0;4;;;;7;9
"055028";"Porano";84;0;3;0;0;;;;3;0;0;2;3;;;;5;8
"055028";"Porano";85;0;2;0;2;;;;4;5;3;0;3;;;;11;15
"055028";"Porano";86;0;1;0;2;;;;3;1;2;0;3;;;;6;9
"055028";"Porano";87;1;0;1;2;;;;4;3;2;0;5;;;;10;14
"055028";"Porano";88;0;3;0;1;;;;4;1;0;0;1;;;;2;6
"055028";"Porano";89;0;1;0;1;;;;2;2;2;0;4;;;;8;10
"055028";"Porano";90;0;3;0;0;;;;3;2;2;0;2;;;;6;9
"055028";"Porano";91;0;2;0;0;;;;2;2;0;0;3;;;;5;7
"055028";"Porano";92;0;0;0;0;;;;0;2;1;0;0;;;;3;3
"055028";"Porano";93;0;1;0;0;;;;1;5;0;0;1;;;;6;7
"055028";"Porano";94;0;0;0;0;;;;0;0;0;0;1;;;;1;1
"055028";"Porano";95;0;0;0;0;;;;0;3;0;0;0;;;;3;3
"055028";"Porano";96;0;0;0;0;;;;0;0;0;0;0;;;;0;0
"055028";"Porano";97;0;0;0;0;;;;0;1;0;0;1;;;;2;2
"055028";"Porano";98;0;0;0;0;;;;0;0;0;0;0;;;;0;0
"055028";"Porano";99;0;0;0;0;;;;0;0;0;0;1;;;;1;1
"055028";"Porano";100;0;0;0;1;;;;1;1;0;0;1;;;;2;3
"055028";"Porano";999;418;421;27;21;;;;887;400;420;30;103;;;;953;1840
"055029";"San Gemini";0;9;0;0;0;;;;9;10;0;0;0;;;;10;19
"055029";"San Gemini";1;8;0;0;0;;;;8;16;0;0;0;;;;16;24
"055029";"San Gemini";2;10;0;0;0;;;;10;16;0;0;0;;;;16;26
"055029";"San Gemini";3;8;0;0;0;;;;8;13;0;0;0;;;;13;21
"055029";"San Gemini";4;15;0;0;0;;;;15;16;0;0;0;;;;16;31
"055029";"San Gemini";5;9;0;0;0;;;;9;11;0;0;0;;;;11;20
"055029";"San Gemini";6;12;0;0;0;;;;12;16;0;0;0;;;;16;28
"055029";"San Gemini";7;14;0;0;0;;;;14;17;0;0;0;;;;17;31
"055029";"San Gemini";8;14;0;0;0;;;;14;12;0;0;0;;;;12;26
"055029";"San Gemini";9;16;0;0;0;;;;16;17;0;0;0;;;;17;33
"055029";"San Gemini";10;25;0;0;0;;;;25;14;0;0;0;;;;14;39
"055029";"San Gemini";11;16;0;0;0;;;;16;14;0;0;0;;;;14;30
"055029";"San Gemini";12;26;0;0;0;;;;26;21;0;0;0;;;;21;47
"055029";"San Gemini";13;19;0;0;0;;;;19;21;0;0;0;;;;21;40
"055029";"San Gemini";14;34;0;0;0;;;;34;19;0;0;0;;;;19;53
"055029";"San Gemini";15;23;0;0;0;;;;23;23;0;0;0;;;;23;46
"055029";"San Gemini";16;26;0;0;0;;;;26;31;0;0;0;;;;31;57
"055029";"San Gemini";17;17;0;0;0;;;;17;23;0;0;0;;;;23;40
"055029";"San Gemini";18;18;0;0;0;;;;18;26;0;0;0;;;;26;44
"055029";"San Gemini";19;22;0;0;0;;;;22;19;0;0;0;;;;19;41
"055029";"San Gemini";20;23;0;0;0;;;;23;19;0;0;0;;;;19;42
"055029";"San Gemini";21;24;0;0;0;;;;24;23;0;0;0;;;;23;47
"055029";"San Gemini";22;25;0;0;0;;;;25;19;0;0;0;;;;19;44
"055029";"San Gemini";23;22;0;0;0;;;;22;13;0;0;0;;;;13;35
"055029";"San Gemini";24;20;0;0;0;;;;20;23;0;0;0;;;;23;43
"055029";"San Gemini";25;17;0;0;0;;;;17;21;1;0;0;;;;22;39
"055029";"San Gemini";26;26;1;0;0;;;;27;20;1;0;0;;;;21;48
"055029";"San Gemini";27;17;1;0;0;;;;18;18;2;0;0;;;;20;38
"055029";"San Gemini";28;20;0;0;0;;;;20;12;3;0;0;;;;15;35
"055029";"San Gemini";29;31;2;0;0;;;;33;7;3;0;0;;;;10;43
"055029";"San Gemini";30;22;2;0;0;;;;24;16;5;0;0;;;;21;45
"055029";"San Gemini";31;15;1;0;0;;;;16;19;0;0;0;;;;19;35
"055029";"San Gemini";32;18;2;0;0;;;;20;22;7;0;0;;;;29;49
"055029";"San Gemini";33;17;2;0;0;;;;19;12;6;0;0;;;;18;37
"055029";"San Gemini";34;19;6;0;0;;;;25;14;14;1;0;;;;29;54
"055029";"San Gemini";35;14;3;0;0;;;;17;14;6;0;0;;;;20;37
"055029";"San Gemini";36;14;8;0;0;;;;22;9;6;0;0;;;;15;37
"055029";"San Gemini";37;17;7;0;0;;;;24;15;10;0;0;;;;25;49
"055029";"San Gemini";38;16;9;0;0;;;;25;9;11;0;0;;;;20;45
"055029";"San Gemini";39;12;7;0;0;;;;19;5;14;0;0;;;;19;38
"055029";"San Gemini";40;9;10;0;0;;;;19;11;11;0;0;;;;22;41
"055029";"San Gemini";41;8;4;0;0;;;;12;18;12;1;0;;;;31;43
"055029";"San Gemini";42;11;12;1;0;;;;24;10;17;1;0;;;;28;52
"055029";"San Gemini";43;15;9;0;0;;;;24;14;21;2;1;;;;38;62
"055029";"San Gemini";44;17;15;2;1;;;;35;10;22;2;0;;;;34;69
"055029";"San Gemini";45;8;24;1;0;;;;33;10;14;2;0;;;;26;59
"055029";"San Gemini";46;11;17;1;0;;;;29;14;28;5;1;;;;48;77
"055029";"San Gemini";47;13;19;0;0;;;;32;6;37;1;0;;;;44;76
"055029";"San Gemini";48;16;15;4;0;;;;35;13;19;0;1;;;;33;68
"055029";"San Gemini";49;14;27;1;0;;;;42;12;22;4;1;;;;39;81
"055029";"San Gemini";50;8;19;1;0;;;;28;9;34;1;1;;;;45;73
"055029";"San Gemini";51;18;19;3;0;;;;40;10;21;3;1;;;;35;75
"055029";"San Gemini";52;9;24;1;1;;;;35;9;33;2;0;;;;44;79
"055029";"San Gemini";53;13;27;5;0;;;;45;7;48;4;3;;;;62;107
"055029";"San Gemini";54;6;28;7;0;;;;41;3;27;1;1;;;;32;73
"055029";"San Gemini";55;6;46;2;0;;;;54;3;32;1;1;;;;37;91
"055029";"San Gemini";56;6;30;2;1;;;;39;1;30;6;1;;;;38;77
"055029";"San Gemini";57;4;31;1;0;;;;36;4;33;2;0;;;;39;75
"055029";"San Gemini";58;6;30;5;0;;;;41;5;36;4;3;;;;48;89
"055029";"San Gemini";59;2;31;4;0;;;;37;2;27;2;2;;;;33;70
"055029";"San Gemini";60;4;31;6;0;;;;41;2;37;1;5;;;;45;86
"055029";"San Gemini";61;4;27;5;1;;;;37;3;34;2;1;;;;40;77
"055029";"San Gemini";62;4;29;3;2;;;;38;2;26;1;0;;;;29;67
"055029";"San Gemini";63;4;27;3;0;;;;34;3;27;1;2;;;;33;67
"055029";"San Gemini";64;2;30;1;2;;;;35;1;22;2;0;;;;25;60
"055029";"San Gemini";65;2;24;1;0;;;;27;0;24;2;2;;;;28;55
"055029";"San Gemini";66;2;16;1;2;;;;21;3;27;2;6;;;;38;59
"055029";"San Gemini";67;2;31;2;0;;;;35;1;24;0;6;;;;31;66
"055029";"San Gemini";68;3;23;4;1;;;;31;2;26;4;10;;;;42;73
"055029";"San Gemini";69;3;26;0;0;;;;29;1;12;0;2;;;;15;44
"055029";"San Gemini";70;2;20;2;0;;;;24;0;22;1;9;;;;32;56
"055029";"San Gemini";71;2;19;2;2;;;;25;2;23;1;5;;;;31;56
"055029";"San Gemini";72;0;20;1;2;;;;23;1;25;0;9;;;;35;58
"055029";"San Gemini";73;0;17;0;2;;;;19;0;26;1;4;;;;31;50
"055029";"San Gemini";74;3;19;0;3;;;;25;3;26;1;8;;;;38;63
"055029";"San Gemini";75;3;30;1;1;;;;35;0;23;1;6;;;;30;65
"055029";"San Gemini";76;0;25;1;5;;;;31;2;20;3;8;;;;33;64
"055029";"San Gemini";77;0;29;3;1;;;;33;2;26;1;10;;;;39;72
"055029";"San Gemini";78;1;21;0;3;;;;25;0;12;0;8;;;;20;45
"055029";"San Gemini";79;2;17;0;2;;;;21;1;16;0;13;;;;30;51
"055029";"San Gemini";80;0;16;0;0;;;;16;2;14;2;11;;;;29;45
"055029";"San Gemini";81;0;15;0;2;;;;17;1;5;0;11;;;;17;34
"055029";"San Gemini";82;0;15;0;1;;;;16;0;13;0;10;;;;23;39
"055029";"San Gemini";83;0;18;1;2;;;;21;1;6;0;9;;;;16;37
"055029";"San Gemini";84;2;12;0;0;;;;14;0;3;0;13;;;;16;30
"055029";"San Gemini";85;0;13;0;5;;;;18;0;5;0;9;;;;14;32
"055029";"San Gemini";86;0;10;0;4;;;;14;0;5;1;18;;;;24;38
"055029";"San Gemini";87;0;7;0;4;;;;11;0;6;0;14;;;;20;31
"055029";"San Gemini";88;0;7;0;2;;;;9;1;4;0;10;;;;15;24
"055029";"San Gemini";89;0;9;0;2;;;;11;0;2;0;17;;;;19;30
"055029";"San Gemini";90;1;3;0;2;;;;6;1;0;0;8;;;;9;15
"055029";"San Gemini";91;0;4;0;2;;;;6;0;4;0;10;;;;14;20
"055029";"San Gemini";92;0;2;0;2;;;;4;0;0;0;6;;;;6;10
"055029";"San Gemini";93;0;1;0;3;;;;4;0;1;0;3;;;;4;8
"055029";"San Gemini";94;0;0;0;1;;;;1;0;1;0;6;;;;7;8
"055029";"San Gemini";95;0;1;0;1;;;;2;0;0;0;2;;;;2;4
"055029";"San Gemini";96;1;0;0;1;;;;2;0;0;0;4;;;;4;6
"055029";"San Gemini";97;0;0;0;1;;;;1;0;0;0;2;;;;2;3
"055029";"San Gemini";98;0;0;0;0;;;;0;0;0;0;0;;;;0;0
"055029";"San Gemini";99;0;0;0;0;;;;0;0;0;0;4;;;;4;4
"055029";"San Gemini";100;0;0;0;0;;;;0;0;0;0;3;;;;3;3
"055029";"San Gemini";999;977;1102;78;67;;;;2224;871;1160;72;301;;;;2404;4628
"055030";"San Venanzo";0;6;0;0;0;;;;6;9;0;0;0;;;;9;15
"055030";"San Venanzo";1;5;0;0;0;;;;5;5;0;0;0;;;;5;10
"055030";"San Venanzo";2;9;0;0;0;;;;9;8;0;0;0;;;;8;17
"055030";"San Venanzo";3;3;0;0;0;;;;3;1;0;0;0;;;;1;4
"055030";"San Venanzo";4;5;0;0;0;;;;5;6;0;0;0;;;;6;11
"055030";"San Venanzo";5;7;0;0;0;;;;7;4;0;0;0;;;;4;11
"055030";"San Venanzo";6;5;0;0;0;;;;5;3;0;0;0;;;;3;8
"055030";"San Venanzo";7;7;0;0;0;;;;7;4;0;0;0;;;;4;11
"055030";"San Venanzo";8;7;0;0;0;;;;7;3;0;0;0;;;;3;10
"055030";"San Venanzo";9;8;0;0;0;;;;8;10;0;0;0;;;;10;18
"055030";"San Venanzo";10;10;0;0;0;;;;10;5;0;0;0;;;;5;15
"055030";"San Venanzo";11;2;0;0;0;;;;2;3;0;0;0;;;;3;5
"055030";"San Venanzo";12;6;0;0;0;;;;6;6;0;0;0;;;;6;12
"055030";"San Venanzo";13;7;0;0;0;;;;7;6;0;0;0;;;;6;13
"055030";"San Venanzo";14;5;0;0;0;;;;5;7;0;0;0;;;;7;12
"055030";"San Venanzo";15;8;0;0;0;;;;8;6;0;0;0;;;;6;14
"055030";"San Venanzo";16;6;0;0;0;;;;6;5;0;0;0;;;;5;11
"055030";"San Venanzo";17;6;0;0;0;;;;6;2;0;0;0;;;;2;8
"055030";"San Venanzo";18;8;0;0;0;;;;8;3;0;0;0;;;;3;11
"055030";"San Venanzo";19;14;0;0;0;;;;14;9;1;0;0;;;;10;24
"055030";"San Venanzo";20;8;0;0;0;;;;8;9;0;0;0;;;;9;17
"055030";"San Venanzo";21;10;0;0;0;;;;10;7;0;0;0;;;;7;17
"055030";"San Venanzo";22;11;0;0;0;;;;11;2;0;0;0;;;;2;13
"055030";"San Venanzo";23;17;0;0;0;;;;17;6;0;0;0;;;;6;23
"055030";"San Venanzo";24;14;1;0;0;;;;15;9;0;0;0;;;;9;24
"055030";"San Venanzo";25;7;0;0;0;;;;7;8;0;0;0;;;;8;15
"055030";"San Venanzo";26;10;0;0;0;;;;10;7;2;0;0;;;;9;19
"055030";"San Venanzo";27;8;1;0;0;;;;9;6;1;0;0;;;;7;16
"055030";"San Venanzo";28;17;2;0;0;;;;19;5;0;0;0;;;;5;24
"055030";"San Venanzo";29;12;0;0;0;;;;12;5;2;0;0;;;;7;19
"055030";"San Venanzo";30;16;0;0;0;;;;16;12;3;0;0;;;;15;31
"055030";"San Venanzo";31;14;1;0;0;;;;15;6;2;0;0;;;;8;23
"055030";"San Venanzo";32;15;4;0;0;;;;19;8;6;0;0;;;;14;33
"055030";"San Venanzo";33;17;3;0;0;;;;20;8;0;0;0;;;;8;28
"055030";"San Venanzo";34;12;3;0;0;;;;15;10;4;0;0;;;;14;29
"055030";"San Venanzo";35;12;3;0;0;;;;15;10;3;0;0;;;;13;28
"055030";"San Venanzo";36;8;5;0;0;;;;13;4;3;0;0;;;;7;20
"055030";"San Venanzo";37;11;6;0;0;;;;17;3;6;0;0;;;;9;26
"055030";"San Venanzo";38;5;7;0;0;;;;12;5;9;0;0;;;;14;26
"055030";"San Venanzo";39;9;5;0;0;;;;14;3;3;0;0;;;;6;20
"055030";"San Venanzo";40;8;4;0;0;;;;12;8;4;0;0;;;;12;24
"055030";"San Venanzo";41;12;5;0;0;;;;17;3;6;2;0;;;;11;28
"055030";"San Venanzo";42;5;2;0;0;;;;7;3;8;1;0;;;;12;19
"055030";"San Venanzo";43;10;5;0;0;;;;15;7;2;0;0;;;;9;24
"055030";"San Venanzo";44;3;8;0;0;;;;11;4;5;0;1;;;;10;21
"055030";"San Venanzo";45;5;2;1;0;;;;8;0;6;0;0;;;;6;14
"055030";"San Venanzo";46;2;7;0;0;;;;9;4;6;1;0;;;;11;20
"055030";"San Venanzo";47;6;2;0;0;;;;8;2;9;1;0;;;;12;20
"055030";"San Venanzo";48;9;9;0;0;;;;18;5;14;1;2;;;;22;40
"055030";"San Venanzo";49;5;11;0;0;;;;16;3;9;2;0;;;;14;30
"055030";"San Venanzo";50;3;7;1;0;;;;11;4;15;2;0;;;;21;32
"055030";"San Venanzo";51;3;8;2;0;;;;13;1;18;0;0;;;;19;32
"055030";"San Venanzo";52;1;10;0;0;;;;11;2;7;1;0;;;;10;21
"055030";"San Venanzo";53;5;12;0;0;;;;17;5;11;1;0;;;;17;34
"055030";"San Venanzo";54;3;13;0;0;;;;16;4;12;1;0;;;;17;33
"055030";"San Venanzo";55;3;18;0;2;;;;23;6;8;0;0;;;;14;37
"055030";"San Venanzo";56;3;13;0;0;;;;16;3;8;1;1;;;;13;29
"055030";"San Venanzo";57;3;14;2;0;;;;19;4;11;0;2;;;;17;36
"055030";"San Venanzo";58;6;12;2;0;;;;20;8;13;2;0;;;;23;43
"055030";"San Venanzo";59;3;9;0;1;;;;13;1;17;2;2;;;;22;35
"055030";"San Venanzo";60;10;15;1;0;;;;26;2;26;2;1;;;;31;57
"055030";"San Venanzo";61;2;11;0;0;;;;13;2;15;2;0;;;;19;32
"055030";"San Venanzo";62;6;14;0;0;;;;20;7;15;2;0;;;;24;44
"055030";"San Venanzo";63;7;17;0;0;;;;24;6;20;1;0;;;;27;51
"055030";"San Venanzo";64;4;22;0;0;;;;26;3;14;2;4;;;;23;49
"055030";"San Venanzo";65;3;9;0;0;;;;12;2;14;0;3;;;;19;31
"055030";"San Venanzo";66;1;13;2;1;;;;17;2;12;1;3;;;;18;35
"055030";"San Venanzo";67;4;16;1;0;;;;21;1;9;0;1;;;;11;32
"055030";"San Venanzo";68;3;14;1;1;;;;19;0;13;1;3;;;;17;36
"055030";"San Venanzo";69;6;12;3;0;;;;21;0;10;1;4;;;;15;36
"055030";"San Venanzo";70;2;12;1;1;;;;16;2;10;1;4;;;;17;33
"055030";"San Venanzo";71;1;10;0;2;;;;13;3;4;0;3;;;;10;23
"055030";"San Venanzo";72;2;16;0;2;;;;20;2;7;1;2;;;;12;32
"055030";"San Venanzo";73;2;12;0;2;;;;16;4;5;2;3;;;;14;30
"055030";"San Venanzo";74;2;11;0;0;;;;13;4;8;0;3;;;;15;28
"055030";"San Venanzo";75;4;6;0;0;;;;10;1;7;1;4;;;;13;23
"055030";"San Venanzo";76;2;4;3;0;;;;9;2;11;0;4;;;;17;26
"055030";"San Venanzo";77;1;12;0;3;;;;16;0;8;0;4;;;;12;28
"055030";"San Venanzo";78;0;7;2;1;;;;10;1;6;0;8;;;;15;25
"055030";"San Venanzo";79;2;7;1;1;;;;11;0;5;0;8;;;;13;24
"055030";"San Venanzo";80;3;6;0;0;;;;9;0;3;0;3;;;;6;15
"055030";"San Venanzo";81;1;8;0;1;;;;10;0;5;0;8;;;;13;23
"055030";"San Venanzo";82;1;10;0;1;;;;12;0;0;0;6;;;;6;18
"055030";"San Venanzo";83;1;9;1;0;;;;11;0;1;0;3;;;;4;15
"055030";"San Venanzo";84;1;9;0;1;;;;11;0;7;1;9;;;;17;28
"055030";"San Venanzo";85;1;5;0;2;;;;8;1;6;0;6;;;;13;21
"055030";"San Venanzo";86;0;4;0;0;;;;4;2;4;0;8;;;;14;18
"055030";"San Venanzo";87;0;4;0;3;;;;7;0;2;0;4;;;;6;13
"055030";"San Venanzo";88;0;3;0;1;;;;4;0;3;0;4;;;;7;11
"055030";"San Venanzo";89;0;2;0;1;;;;3;0;2;0;5;;;;7;10
"055030";"San Venanzo";90;1;1;0;0;;;;2;0;1;0;5;;;;6;8
"055030";"San Venanzo";91;0;1;0;1;;;;2;0;0;0;4;;;;4;6
"055030";"San Venanzo";92;0;1;0;1;;;;2;0;0;0;2;;;;2;4
"055030";"San Venanzo";93;1;1;0;0;;;;2;0;2;0;5;;;;7;9
"055030";"San Venanzo";94;0;0;0;1;;;;1;0;0;0;1;;;;1;2
"055030";"San Venanzo";95;0;1;0;0;;;;1;1;0;0;1;;;;2;3
"055030";"San Venanzo";96;0;0;0;1;;;;1;0;0;0;2;;;;2;3
"055030";"San Venanzo";97;0;0;0;1;;;;1;0;0;0;1;;;;1;2
"055030";"San Venanzo";98;0;0;0;0;;;;0;0;0;0;0;;;;0;0
"055030";"San Venanzo";99;0;0;0;0;;;;0;0;0;0;0;;;;0;0
"055030";"San Venanzo";100;0;0;0;0;;;;0;0;0;0;4;;;;4;4
"055030";"San Venanzo";999;539;517;24;32;;;;1112;363;489;36;151;;;;1039;2151
"055031";"Stroncone";0;7;0;0;0;;;;7;11;0;0;0;;;;11;18
"055031";"Stroncone";1;13;0;0;0;;;;13;7;0;0;0;;;;7;20
"055031";"Stroncone";2;17;0;0;0;;;;17;9;0;0;0;;;;9;26
"055031";"Stroncone";3;15;0;0;0;;;;15;12;0;0;0;;;;12;27
"055031";"Stroncone";4;19;0;0;0;;;;19;10;0;0;0;;;;10;29
"055031";"Stroncone";5;14;0;0;0;;;;14;14;0;0;0;;;;14;28
"055031";"Stroncone";6;13;0;0;0;;;;13;14;0;0;0;;;;14;27
"055031";"Stroncone";7;23;0;0;0;;;;23;13;0;0;0;;;;13;36
"055031";"Stroncone";8;21;0;0;0;;;;21;10;0;0;0;;;;10;31
"055031";"Stroncone";9;20;0;0;0;;;;20;26;0;0;0;;;;26;46
"055031";"Stroncone";10;22;0;0;0;;;;22;15;0;0;0;;;;15;37
"055031";"Stroncone";11;16;0;0;0;;;;16;24;0;0;0;;;;24;40
"055031";"Stroncone";12;30;0;0;0;;;;30;28;0;0;0;;;;28;58
"055031";"Stroncone";13;26;0;0;0;;;;26;19;0;0;0;;;;19;45
"055031";"Stroncone";14;27;0;0;0;;;;27;27;0;0;0;;;;27;54
"055031";"Stroncone";15;17;0;0;0;;;;17;24;0;0;0;;;;24;41
"055031";"Stroncone";16;23;0;0;0;;;;23;20;0;0;0;;;;20;43
"055031";"Stroncone";17;18;0;0;0;;;;18;29;0;0;0;;;;29;47
"055031";"Stroncone";18;22;0;0;0;;;;22;17;0;0;0;;;;17;39
"055031";"Stroncone";19;24;0;0;0;;;;24;21;0;0;0;;;;21;45
"055031";"Stroncone";20;24;0;0;0;;;;24;25;0;0;0;;;;25;49
"055031";"Stroncone";21;17;0;0;0;;;;17;26;1;0;0;;;;27;44
"055031";"Stroncone";22;21;0;0;0;;;;21;18;0;0;0;;;;18;39
"055031";"Stroncone";23;28;0;0;0;;;;28;18;0;0;0;;;;18;46
"055031";"Stroncone";24;27;0;0;0;;;;27;22;0;0;0;;;;22;49
"055031";"Stroncone";25;27;1;0;0;;;;28;19;0;0;0;;;;19;47
"055031";"Stroncone";26;21;0;0;0;;;;21;19;1;0;0;;;;20;41
"055031";"Stroncone";27;18;1;0;0;;;;19;17;4;0;0;;;;21;40
"055031";"Stroncone";28;21;0;0;0;;;;21;19;0;0;0;;;;19;40
"055031";"Stroncone";29;18;0;0;0;;;;18;16;2;0;0;;;;18;36
"055031";"Stroncone";30;20;2;0;0;;;;22;18;8;0;0;;;;26;48
"055031";"Stroncone";31;14;2;0;0;;;;16;13;4;0;0;;;;17;33
"055031";"Stroncone";32;20;3;0;0;;;;23;15;3;0;0;;;;18;41
"055031";"Stroncone";33;14;2;0;0;;;;16;11;8;0;0;;;;19;35
"055031";"Stroncone";34;18;2;0;0;;;;20;12;9;0;0;;;;21;41
"055031";"Stroncone";35;16;4;0;0;;;;20;14;6;0;0;;;;20;40
"055031";"Stroncone";36;16;9;0;0;;;;25;12;11;2;0;;;;25;50
"055031";"Stroncone";37;18;14;0;0;;;;32;9;9;0;0;;;;18;50
"055031";"Stroncone";38;18;6;1;0;;;;25;13;13;1;0;;;;27;52
"055031";"Stroncone";39;15;11;0;0;;;;26;12;13;0;1;;;;26;52
"055031";"Stroncone";40;11;14;1;0;;;;26;11;18;0;0;;;;29;55
"055031";"Stroncone";41;14;18;0;0;;;;32;12;21;1;0;;;;34;66
"055031";"Stroncone";42;10;16;0;0;;;;26;7;17;1;0;;;;25;51
"055031";"Stroncone";43;4;22;0;0;;;;26;8;24;2;0;;;;34;60
"055031";"Stroncone";44;13;25;1;0;;;;39;6;24;4;2;;;;36;75
"055031";"Stroncone";45;15;14;3;0;;;;32;6;28;3;0;;;;37;69
"055031";"Stroncone";46;6;27;2;1;;;;36;9;20;1;0;;;;30;66
"055031";"Stroncone";47;13;29;2;0;;;;44;5;15;5;0;;;;25;69
"055031";"Stroncone";48;9;25;0;0;;;;34;8;25;2;0;;;;35;69
"055031";"Stroncone";49;12;23;1;0;;;;36;1;25;1;0;;;;27;63
"055031";"Stroncone";50;15;27;3;0;;;;45;5;34;2;1;;;;42;87
"055031";"Stroncone";51;10;34;4;0;;;;48;7;23;3;2;;;;35;83
"055031";"Stroncone";52;5;19;2;0;;;;26;5;21;4;0;;;;30;56
"055031";"Stroncone";53;10;23;4;0;;;;37;6;29;4;0;;;;39;76
"055031";"Stroncone";54;11;23;5;0;;;;39;3;30;5;0;;;;38;77
"055031";"Stroncone";55;7;34;2;0;;;;43;5;26;1;1;;;;33;76
"055031";"Stroncone";56;8;29;1;0;;;;38;5;34;2;3;;;;44;82
"055031";"Stroncone";57;9;21;6;0;;;;36;1;31;3;1;;;;36;72
"055031";"Stroncone";58;5;32;4;0;;;;41;3;29;4;3;;;;39;80
"055031";"Stroncone";59;7;32;3;1;;;;43;1;31;7;0;;;;39;82
"055031";"Stroncone";60;3;34;0;1;;;;38;3;30;1;6;;;;40;78
"055031";"Stroncone";61;3;23;1;1;;;;28;4;30;6;3;;;;43;71
"055031";"Stroncone";62;2;24;8;1;;;;35;3;26;0;0;;;;29;64
"055031";"Stroncone";63;4;34;2;1;;;;41;0;25;2;6;;;;33;74
"055031";"Stroncone";64;5;26;2;2;;;;35;1;17;0;4;;;;22;57
"055031";"Stroncone";65;4;26;2;0;;;;32;0;26;5;4;;;;35;67
"055031";"Stroncone";66;5;25;3;0;;;;33;0;16;3;6;;;;25;58
"055031";"Stroncone";67;0;18;4;1;;;;23;1;23;1;3;;;;28;51
"055031";"Stroncone";68;2;23;2;1;;;;28;0;22;1;4;;;;27;55
"055031";"Stroncone";69;2;26;2;3;;;;33;2;21;1;7;;;;31;64
"055031";"Stroncone";70;1;26;2;1;;;;30;0;27;1;6;;;;34;64
"055031";"Stroncone";71;1;23;1;3;;;;28;2;19;1;7;;;;29;57
"055031";"Stroncone";72;1;24;3;1;;;;29;0;18;1;7;;;;26;55
"055031";"Stroncone";73;1;22;1;2;;;;26;1;17;2;7;;;;27;53
"055031";"Stroncone";74;2;23;0;3;;;;28;1;26;3;10;;;;40;68
"055031";"Stroncone";75;2;29;0;2;;;;33;0;26;0;5;;;;31;64
"055031";"Stroncone";76;2;19;0;1;;;;22;0;14;0;6;;;;20;42
"055031";"Stroncone";77;1;24;1;0;;;;26;1;18;1;9;;;;29;55
"055031";"Stroncone";78;1;16;0;4;;;;21;0;13;0;17;;;;30;51
"055031";"Stroncone";79;2;14;0;3;;;;19;0;9;0;10;;;;19;38
"055031";"Stroncone";80;1;16;0;5;;;;22;1;12;2;10;;;;25;47
"055031";"Stroncone";81;1;15;1;4;;;;21;0;17;0;11;;;;28;49
"055031";"Stroncone";82;1;11;0;1;;;;13;0;7;0;5;;;;12;25
"055031";"Stroncone";83;2;15;0;4;;;;21;2;7;0;8;;;;17;38
"055031";"Stroncone";84;0;13;0;3;;;;16;0;5;1;9;;;;15;31
"055031";"Stroncone";85;1;13;0;3;;;;17;1;4;0;14;;;;19;36
"055031";"Stroncone";86;1;7;0;4;;;;12;0;2;1;16;;;;19;31
"055031";"Stroncone";87;0;3;0;2;;;;5;1;3;0;17;;;;21;26
"055031";"Stroncone";88;0;4;1;3;;;;8;0;0;0;9;;;;9;17
"055031";"Stroncone";89;0;7;0;4;;;;11;0;0;0;9;;;;9;20
"055031";"Stroncone";90;0;3;1;5;;;;9;0;2;0;9;;;;11;20
"055031";"Stroncone";91;1;3;0;3;;;;7;0;1;0;6;;;;7;14
"055031";"Stroncone";92;1;1;0;3;;;;5;1;2;0;5;;;;8;13
"055031";"Stroncone";93;0;2;0;2;;;;4;0;0;0;8;;;;8;12
"055031";"Stroncone";94;0;1;0;1;;;;2;0;1;0;3;;;;4;6
"055031";"Stroncone";95;0;1;0;1;;;;2;0;0;0;2;;;;2;4
"055031";"Stroncone";96;0;0;0;1;;;;1;0;0;0;3;;;;3;4
"055031";"Stroncone";97;0;0;0;1;;;;1;0;0;0;2;;;;2;3
"055031";"Stroncone";98;0;0;0;1;;;;1;0;0;0;2;;;;2;3
"055031";"Stroncone";99;0;0;0;0;;;;0;0;0;0;0;;;;0;0
"055031";"Stroncone";100;0;0;0;0;;;;0;0;0;0;4;;;;4;4
"055031";"Stroncone";999;1025;1138;82;84;;;;2329;817;1083;91;293;;;;2284;4613
"055032";"Terni";0;299;0;0;0;0;0;0;299;284;0;0;0;0;0;0;284;583
"055032";"Terni";1;303;0;0;0;0;0;0;303;282;0;0;0;0;0;0;282;585
"055032";"Terni";2;304;0;0;0;0;0;0;304;293;0;0;0;0;0;0;293;597
"055032";"Terni";3;352;0;0;0;0;0;0;352;305;0;0;0;0;0;0;305;657
"055032";"Terni";4;335;0;0;0;0;0;0;335;325;0;0;0;0;0;0;325;660
"055032";"Terni";5;348;0;0;0;0;0;0;348;336;0;0;0;0;0;0;336;684
"055032";"Terni";6;352;0;0;0;0;0;0;352;358;0;0;0;0;0;0;358;710
"055032";"Terni";7;382;0;0;0;0;0;0;382;335;0;0;0;0;0;0;335;717
"055032";"Terni";8;366;0;0;0;0;0;0;366;385;0;0;0;0;0;0;385;751
"055032";"Terni";9;377;0;0;0;0;0;0;377;349;0;0;0;0;0;0;349;726
"055032";"Terni";10;462;0;0;0;0;0;0;462;414;0;0;0;0;0;0;414;876
"055032";"Terni";11;442;0;0;0;0;0;0;442;422;0;0;0;0;0;0;422;864
"055032";"Terni";12;451;0;0;0;0;0;0;451;433;0;0;0;0;0;0;433;884
"055032";"Terni";13;445;0;0;0;0;0;0;445;413;0;0;0;0;0;0;413;858
"055032";"Terni";14;498;0;0;0;0;0;0;498;448;0;0;0;0;0;0;448;946
"055032";"Terni";15;484;0;0;0;0;0;0;484;467;0;0;0;0;0;0;467;951
"055032";"Terni";16;486;0;0;0;0;0;0;486;457;0;0;0;0;0;0;457;943
"055032";"Terni";17;561;0;0;0;0;0;0;561;495;0;0;0;0;0;0;495;1056
"055032";"Terni";18;506;0;0;0;0;0;0;506;500;0;0;0;0;0;0;500;1006
"055032";"Terni";19;538;0;0;0;0;0;0;538;476;0;0;0;0;0;0;476;1014
"055032";"Terni";20;551;0;0;0;0;0;0;551;472;1;0;0;0;0;0;473;1024
"055032";"Terni";21;546;0;0;0;0;0;0;546;469;5;0;0;0;0;0;474;1020
"055032";"Terni";22;534;1;0;0;0;0;0;535;497;12;0;0;0;0;0;509;1044
"055032";"Terni";23;513;0;0;0;0;0;0;513;435;9;1;0;0;0;0;445;958
"055032";"Terni";24;558;9;0;0;1;0;0;568;448;20;1;0;1;0;0;470;1038
"055032";"Terni";25;560;11;3;0;0;0;0;574;454;34;1;0;1;0;0;490;1064
"055032";"Terni";26;551;12;0;0;0;0;0;563;408;40;1;0;1;0;0;450;1013
"055032";"Terni";27;526;28;0;0;0;0;0;554;406;48;1;0;0;0;0;455;1009
"055032";"Terni";28;525;33;1;0;0;0;0;559;401;50;2;0;0;0;0;453;1012
"055032";"Terni";29;469;42;0;0;0;0;0;511;378;80;1;1;0;0;0;460;971
"055032";"Terni";30;501;59;6;0;0;0;0;566;368;118;3;0;1;0;0;490;1056
"055032";"Terni";31;419;70;6;0;0;0;0;495;355;127;4;0;0;0;0;486;981
"055032";"Terni";32;445;96;4;0;1;0;0;546;318;172;6;0;1;0;0;497;1043
"055032";"Terni";33;444;97;2;1;0;0;0;544;330;175;10;0;1;0;0;516;1060
"055032";"Terni";34;412;136;2;1;2;1;0;554;308;189;13;0;1;0;0;511;1065
"055032";"Terni";35;377;165;3;0;0;0;0;545;293;236;8;3;0;0;0;540;1085
"055032";"Terni";36;378;199;7;1;1;0;0;586;307;253;9;2;2;0;0;573;1159
"055032";"Terni";37;325;215;11;0;1;0;0;552;277;252;18;3;1;0;0;551;1103
"055032";"Terni";38;334;193;9;4;1;0;0;541;250;275;29;2;2;0;0;558;1099
"055032";"Terni";39;317;252;17;1;1;0;0;588;240;282;35;5;1;0;0;563;1151
"055032";"Terni";40;327;256;20;0;0;0;0;603;221;304;30;6;2;0;0;563;1166
"055032";"Terni";41;309;268;14;0;2;0;0;593;229;343;27;5;0;0;0;604;1197
"055032";"Terni";42;307;286;12;1;1;0;0;607;228;368;41;7;0;0;0;644;1251
"055032";"Terni";43;278;328;23;1;0;0;0;630;230;358;42;7;2;0;0;639;1269
"055032";"Terni";44;262;350;23;2;2;0;0;639;181;339;52;15;1;0;0;588;1227
"055032";"Terni";45;256;362;35;4;1;0;0;658;214;424;58;17;1;0;0;714;1372
"055032";"Terni";46;261;366;31;6;1;0;0;665;197;473;69;7;0;0;0;746;1411
"055032";"Terni";47;283;388;43;8;0;0;0;722;187;487;77;18;0;0;0;769;1491
"055032";"Terni";48;288;468;42;6;0;0;0;804;180;487;88;21;1;0;0;777;1581
"055032";"Terni";49;275;472;51;3;0;0;0;801;184;557;111;23;1;0;0;876;1677
"055032";"Terni";50;234;504;63;3;2;0;0;806;181;641;97;22;0;0;0;941;1747
"055032";"Terni";51;253;524;50;4;1;0;0;832;187;597;115;18;2;0;0;919;1751
"055032";"Terni";52;240;494;82;3;0;0;0;819;188;626;104;26;2;0;0;946;1765
"055032";"Terni";53;210;517;87;7;1;0;0;822;168;642;115;32;0;0;0;957;1779
"055032";"Terni";54;220;555;71;15;2;0;0;863;160;578;123;42;0;0;0;903;1766
"055032";"Terni";55;177;595;77;8;2;0;0;859;158;653;137;34;1;0;0;983;1842
"055032";"Terni";56;186;605;92;5;0;0;0;888;125;671;115;46;0;0;0;957;1845
"055032";"Terni";57;172;567;83;8;2;0;0;832;131;630;134;48;0;0;0;943;1775
"055032";"Terni";58;146;570;80;19;1;0;0;816;98;689;112;49;0;0;0;948;1764
"055032";"Terni";59;142;635;99;19;0;0;0;895;126;640;119;67;0;0;0;952;1847
"055032";"Terni";60;122;676;100;12;2;0;0;912;112;631;119;65;0;0;0;927;1839
"055032";"Terni";61;99;602;71;12;3;0;0;787;93;617;98;61;0;0;0;869;1656
"055032";"Terni";62;103;535;82;14;0;0;0;734;71;576;110;57;0;0;0;814;1548
"055032";"Terni";63;89;519;75;21;0;0;0;704;62;531;97;71;0;0;0;761;1465
"055032";"Terni";64;71;543;57;20;3;0;0;694;66;552;99;92;0;0;0;809;1503
"055032";"Terni";65;79;473;59;18;0;0;0;629;58;532;85;72;0;0;0;747;1376
"055032";"Terni";66;76;501;64;17;0;0;0;658;63;480;82;81;0;0;0;706;1364
"055032";"Terni";67;54;478;50;30;1;0;0;613;67;457;72;104;0;0;0;700;1313
"055032";"Terni";68;54;476;49;31;0;0;0;610;56;514;71;115;0;0;0;756;1366
"055032";"Terni";69;44;480;48;30;0;0;0;602;49;502;85;143;0;0;0;779;1381
"055032";"Terni";70;34;462;41;22;1;0;0;560;43;469;61;100;0;0;0;673;1233
"055032";"Terni";71;40;417;42;37;2;0;0;538;42;453;59;153;0;0;0;707;1245
"055032";"Terni";72;25;437;34;36;0;0;0;532;41;444;45;146;0;0;0;676;1208
"055032";"Terni";73;29;441;43;41;0;0;0;554;35;422;56;170;0;0;0;683;1237
"055032";"Terni";74;27;408;33;37;0;0;0;505;29;425;49;182;0;0;0;685;1190
"055032";"Terni";75;29;461;40;48;0;0;0;578;31;419;55;183;0;0;0;688;1266
"055032";"Terni";76;28;564;30;54;0;0;0;676;40;459;34;238;0;0;0;771;1447
"055032";"Terni";77;23;513;21;60;0;0;0;617;39;399;33;253;0;0;0;724;1341
"055032";"Terni";78;21;456;22;61;0;0;0;560;24;400;43;258;0;0;0;725;1285
"055032";"Terni";79;20;334;20;45;0;0;0;419;24;292;31;219;0;0;0;566;985
"055032";"Terni";80;21;328;9;52;0;0;0;410;26;293;22;244;0;0;0;585;995
"055032";"Terni";81;17;366;10;64;0;0;0;457;25;272;21;341;0;0;0;659;1116
"055032";"Terni";82;20;322;17;61;0;0;0;420;15;244;29;328;0;0;0;616;1036
"055032";"Terni";83;21;309;5;68;0;0;0;403;24;209;18;318;0;0;0;569;972
"055032";"Terni";84;13;348;13;70;0;0;0;444;24;204;10;342;0;0;0;580;1024
"055032";"Terni";85;8;271;6;77;0;0;0;362;18;144;20;324;0;0;0;506;868
"055032";"Terni";86;5;227;4;81;0;0;0;317;17;109;16;337;0;0;0;479;796
"055032";"Terni";87;9;193;3;85;0;0;0;290;17;86;8;323;0;0;0;434;724
"055032";"Terni";88;4;131;2;60;0;0;0;197;5;52;11;284;0;0;0;352;549
"055032";"Terni";89;4;118;2;60;0;0;0;184;17;43;4;249;0;0;0;313;497
"055032";"Terni";90;10;81;0;44;0;0;0;135;12;33;4;251;0;0;0;300;435
"055032";"Terni";91;2;65;1;53;0;0;0;121;8;19;3;196;0;0;0;226;347
"055032";"Terni";92;2;61;0;40;0;0;0;103;9;16;2;155;0;0;0;182;285
"055032";"Terni";93;1;39;0;32;0;0;0;72;3;12;5;142;0;0;0;162;234
"055032";"Terni";94;0;26;1;27;0;0;0;54;7;8;1;113;0;0;0;129;183
"055032";"Terni";95;0;14;0;15;0;0;0;29;5;2;1;107;0;0;0;115;144
"055032";"Terni";96;1;8;0;7;0;0;0;16;3;4;0;58;0;0;0;65;81
"055032";"Terni";97;0;7;0;9;0;0;0;16;3;3;1;57;0;0;0;64;80
"055032";"Terni";98;0;7;0;10;0;0;0;17;4;0;1;37;0;0;0;42;59
"055032";"Terni";99;0;3;0;7;0;0;0;10;0;0;0;38;0;0;0;38;48
"055032";"Terni";100;0;1;0;5;0;0;0;6;1;2;0;34;0;0;0;37;43
"055032";"Terni";999;23607;23429;2203;1703;38;1;0;50981;20052;24214;3470;7567;26;0;0;55329;106310
