"Popolazione residente per età, sesso e stato civile al 1° gennaio 2021"
"Codice comune";"Comune";"Età";"Celibi";"Coniugati";"Divorziati";"Vedovi";"Uniti civilmente";"Maschi già in unione civile (per scioglimento unione)";"Maschi già in unione civile (per decesso del partner)";"Totale maschi";"Nubili";"Coniugate";"Divorziate";"Vedove";"Unite civilmente";"Femmine già in unione civile (per scioglimento unione)";"Femmine già in unione civile (per decesso del partner)";"Totale femmine";"Totale"
"055001";"Acquasparta";0;10;0;0;0;;;;10;9;0;0;0;;;;9;19
"055001";"Acquasparta";1;13;0;0;0;;;;13;9;0;0;0;;;;9;22
"055001";"Acquasparta";2;9;0;0;0;;;;9;17;0;0;0;;;;17;26
"055001";"Acquasparta";3;15;0;0;0;;;;15;7;0;0;0;;;;7;22
"055001";"Acquasparta";4;12;0;0;0;;;;12;23;0;0;0;;;;23;35
"055001";"Acquasparta";5;17;0;0;0;;;;17;17;0;0;0;;;;17;34
"055001";"Acquasparta";6;14;0;0;0;;;;14;17;0;0;0;;;;17;31
"055001";"Acquasparta";7;24;0;0;0;;;;24;22;0;0;0;;;;22;46
"055001";"Acquasparta";8;24;0;0;0;;;;24;17;0;0;0;;;;17;41
"055001";"Acquasparta";9;18;0;0;0;;;;18;17;0;0;0;;;;17;35
"055001";"Acquasparta";10;18;0;0;0;;;;18;29;0;0;0;;;;29;47
"055001";"Acquasparta";11;22;0;0;0;;;;22;15;0;0;0;;;;15;37
"055001";"Acquasparta";12;27;0;0;0;;;;27;25;0;0;0;;;;25;52
"055001";"Acquasparta";13;31;0;0;0;;;;31;22;0;0;0;;;;22;53
"055001";"Acquasparta";14;27;0;0;0;;;;27;19;0;0;0;;;;19;46
"055001";"Acquasparta";15;27;0;0;0;;;;27;19;0;0;0;;;;19;46
"055001";"Acquasparta";16;31;0;0;0;;;;31;20;0;0;0;;;;20;51
"055001";"Acquasparta";17;25;0;0;0;;;;25;16;0;0;0;;;;16;41
"055001";"Acquasparta";18;28;0;0;0;;;;28;19;0;0;0;;;;19;47
"055001";"Acquasparta";19;23;0;0;0;;;;23;24;0;0;0;;;;24;47
"055001";"Acquasparta";20;19;0;0;0;;;;19;23;0;0;0;;;;23;42
"055001";"Acquasparta";21;19;0;0;0;;;;19;18;0;0;0;;;;18;37
"055001";"Acquasparta";22;22;0;0;0;;;;22;16;0;0;0;;;;16;38
"055001";"Acquasparta";23;16;1;0;0;;;;17;12;0;0;0;;;;12;29
"055001";"Acquasparta";24;14;0;0;0;;;;14;18;2;0;0;;;;20;34
"055001";"Acquasparta";25;12;0;0;0;;;;12;15;0;0;0;;;;15;27
"055001";"Acquasparta";26;15;0;0;0;;;;15;20;2;0;0;;;;22;37
"055001";"Acquasparta";27;20;0;0;0;;;;20;19;2;0;0;;;;21;41
"055001";"Acquasparta";28;11;2;0;0;;;;13;7;4;0;0;;;;11;24
"055001";"Acquasparta";29;19;3;0;0;;;;22;10;5;0;0;;;;15;37
"055001";"Acquasparta";30;10;5;0;0;;;;15;20;8;0;0;;;;28;43
"055001";"Acquasparta";31;23;2;0;0;;;;25;7;7;0;0;;;;14;39
"055001";"Acquasparta";32;17;4;0;0;;;;21;12;12;0;0;;;;24;45
"055001";"Acquasparta";33;16;3;1;0;;;;20;13;7;0;0;;;;20;40
"055001";"Acquasparta";34;14;10;0;0;;;;24;10;15;0;0;;;;25;49
"055001";"Acquasparta";35;13;6;0;0;;;;19;6;13;0;0;;;;19;38
"055001";"Acquasparta";36;9;15;0;0;;;;24;8;7;0;0;;;;15;39
"055001";"Acquasparta";37;10;11;1;0;;;;22;6;16;0;0;;;;22;44
"055001";"Acquasparta";38;16;10;0;0;;;;26;10;14;0;0;;;;24;50
"055001";"Acquasparta";39;8;14;0;0;;;;22;5;23;1;0;;;;29;51
"055001";"Acquasparta";40;6;14;0;0;;;;20;4;25;0;0;;;;29;49
"055001";"Acquasparta";41;13;14;0;0;;;;27;10;23;1;0;;;;34;61
"055001";"Acquasparta";42;9;10;0;0;;;;19;7;16;2;1;;;;26;45
"055001";"Acquasparta";43;15;25;1;0;;;;41;6;28;1;1;;;;36;77
"055001";"Acquasparta";44;8;32;0;0;;;;40;6;19;2;1;;;;28;68
"055001";"Acquasparta";45;15;16;1;0;;;;32;9;21;0;0;;;;30;62
"055001";"Acquasparta";46;13;21;2;0;;;;36;11;34;1;0;;;;46;82
"055001";"Acquasparta";47;5;21;2;0;;;;28;4;30;2;0;;;;36;64
"055001";"Acquasparta";48;4;24;1;0;;;;29;3;14;0;2;;;;19;48
"055001";"Acquasparta";49;7;21;2;0;;;;30;4;31;4;3;;;;42;72
"055001";"Acquasparta";50;6;30;2;0;;;;38;8;34;6;0;;;;48;86
"055001";"Acquasparta";51;6;28;1;0;;;;35;6;32;1;1;;;;40;75
"055001";"Acquasparta";52;6;32;2;0;;;;40;7;33;3;1;;;;44;84
"055001";"Acquasparta";53;4;27;3;0;;;;34;4;31;0;4;;;;39;73
"055001";"Acquasparta";54;4;31;5;0;;;;40;3;33;1;0;;;;37;77
"055001";"Acquasparta";55;6;32;1;0;;;;39;2;28;3;1;;;;34;73
"055001";"Acquasparta";56;5;29;3;0;;;;37;5;21;2;3;;;;31;68
"055001";"Acquasparta";57;7;23;2;2;;;;34;0;31;0;0;;;;31;65
"055001";"Acquasparta";58;3;22;1;0;;;;26;1;20;4;2;;;;27;53
"055001";"Acquasparta";59;3;22;2;1;;;;28;2;21;3;1;;;;27;55
"055001";"Acquasparta";60;2;22;1;2;;;;27;1;30;2;0;;;;33;60
"055001";"Acquasparta";61;5;22;0;0;;;;27;3;23;0;5;;;;31;58
"055001";"Acquasparta";62;3;21;4;1;;;;29;1;26;4;3;;;;34;63
"055001";"Acquasparta";63;3;29;1;0;;;;33;3;24;1;1;;;;29;62
"055001";"Acquasparta";64;3;22;0;0;;;;25;1;28;5;5;;;;39;64
"055001";"Acquasparta";65;3;20;2;1;;;;26;4;21;5;4;;;;34;60
"055001";"Acquasparta";66;2;16;0;3;;;;21;2;14;1;2;;;;19;40
"055001";"Acquasparta";67;3;18;6;1;;;;28;2;24;2;6;;;;34;62
"055001";"Acquasparta";68;3;23;0;1;;;;27;4;16;2;5;;;;27;54
"055001";"Acquasparta";69;1;22;2;0;;;;25;2;22;1;2;;;;27;52
"055001";"Acquasparta";70;2;25;1;0;;;;28;3;23;2;5;;;;33;61
"055001";"Acquasparta";71;4;25;1;1;;;;31;1;13;1;7;;;;22;53
"055001";"Acquasparta";72;2;25;0;3;;;;30;0;21;1;8;;;;30;60
"055001";"Acquasparta";73;5;21;0;1;;;;27;1;22;1;9;;;;33;60
"055001";"Acquasparta";74;2;22;2;2;;;;28;3;19;1;9;;;;32;60
"055001";"Acquasparta";75;1;19;0;2;;;;22;0;20;0;8;;;;28;50
"055001";"Acquasparta";76;0;16;0;0;;;;16;1;15;0;8;;;;24;40
"055001";"Acquasparta";77;0;20;0;4;;;;24;1;11;0;12;;;;24;48
"055001";"Acquasparta";78;1;19;0;1;;;;21;0;11;2;10;;;;23;44
"055001";"Acquasparta";79;1;21;2;2;;;;26;0;15;0;19;;;;34;60
"055001";"Acquasparta";80;2;16;1;2;;;;21;1;12;0;21;;;;34;55
"055001";"Acquasparta";81;0;11;1;2;;;;14;0;10;1;16;;;;27;41
"055001";"Acquasparta";82;0;14;0;4;;;;18;2;6;0;19;;;;27;45
"055001";"Acquasparta";83;0;13;0;4;;;;17;0;6;0;11;;;;17;34
"055001";"Acquasparta";84;0;8;1;1;;;;10;0;1;0;23;;;;24;34
"055001";"Acquasparta";85;1;12;0;2;;;;15;3;3;0;10;;;;16;31
"055001";"Acquasparta";86;1;6;0;3;;;;10;0;4;0;14;;;;18;28
"055001";"Acquasparta";87;1;6;0;1;;;;8;2;3;0;18;;;;23;31
"055001";"Acquasparta";88;1;3;0;3;;;;7;0;3;1;7;;;;11;18
"055001";"Acquasparta";89;1;2;0;4;;;;7;1;3;0;10;;;;14;21
"055001";"Acquasparta";90;2;1;0;4;;;;7;2;3;0;16;;;;21;28
"055001";"Acquasparta";91;0;2;0;3;;;;5;1;0;0;17;;;;18;23
"055001";"Acquasparta";92;1;5;0;3;;;;9;0;1;0;8;;;;9;18
"055001";"Acquasparta";93;0;3;0;4;;;;7;1;0;0;6;;;;7;14
"055001";"Acquasparta";94;0;0;0;0;;;;0;0;0;1;4;;;;5;5
"055001";"Acquasparta";95;0;0;0;0;;;;0;0;0;0;3;;;;3;3
"055001";"Acquasparta";96;0;1;0;2;;;;3;0;0;0;3;;;;3;6
"055001";"Acquasparta";97;0;1;0;0;;;;1;2;0;0;2;;;;4;5
"055001";"Acquasparta";98;0;0;0;0;;;;0;0;0;0;1;;;;1;1
"055001";"Acquasparta";99;0;0;0;0;;;;0;0;0;0;3;;;;3;3
"055001";"Acquasparta";100;0;0;0;0;;;;0;0;0;0;2;;;;2;2
"055001";"Acquasparta";999;919;1092;58;70;;;;2139;768;1115;71;363;;;;2317;4456
"055002";"Allerona";0;1;0;0;0;;;;1;9;0;0;0;;;;9;10
"055002";"Allerona";1;3;0;0;0;;;;3;1;0;0;0;;;;1;4
"055002";"Allerona";2;10;0;0;0;;;;10;5;0;0;0;;;;5;15
"055002";"Allerona";3;6;0;0;0;;;;6;7;0;0;0;;;;7;13
"055002";"Allerona";4;7;0;0;0;;;;7;5;0;0;0;;;;5;12
"055002";"Allerona";5;3;0;0;0;;;;3;6;0;0;0;;;;6;9
"055002";"Allerona";6;8;0;0;0;;;;8;9;0;0;0;;;;9;17
"055002";"Allerona";7;11;0;0;0;;;;11;6;0;0;0;;;;6;17
"055002";"Allerona";8;9;0;0;0;;;;9;6;0;0;0;;;;6;15
"055002";"Allerona";9;5;0;0;0;;;;5;8;0;0;0;;;;8;13
"055002";"Allerona";10;4;0;0;0;;;;4;10;0;0;0;;;;10;14
"055002";"Allerona";11;9;0;0;0;;;;9;4;0;0;0;;;;4;13
"055002";"Allerona";12;9;0;0;0;;;;9;3;0;0;0;;;;3;12
"055002";"Allerona";13;12;0;0;0;;;;12;3;0;0;0;;;;3;15
"055002";"Allerona";14;5;0;0;0;;;;5;7;0;0;0;;;;7;12
"055002";"Allerona";15;2;0;0;0;;;;2;4;0;0;0;;;;4;6
"055002";"Allerona";16;3;0;0;0;;;;3;7;0;0;0;;;;7;10
"055002";"Allerona";17;8;0;0;0;;;;8;6;0;0;0;;;;6;14
"055002";"Allerona";18;7;0;0;0;;;;7;4;0;0;0;;;;4;11
"055002";"Allerona";19;6;0;0;0;;;;6;4;0;0;0;;;;4;10
"055002";"Allerona";20;7;0;0;0;;;;7;5;0;0;0;;;;5;12
"055002";"Allerona";21;8;0;0;0;;;;8;6;0;0;0;;;;6;14
"055002";"Allerona";22;7;0;0;0;;;;7;7;0;0;0;;;;7;14
"055002";"Allerona";23;8;0;0;0;;;;8;10;0;0;0;;;;10;18
"055002";"Allerona";24;10;0;0;0;;;;10;4;0;0;0;;;;4;14
"055002";"Allerona";25;11;0;0;0;;;;11;10;0;0;0;;;;10;21
"055002";"Allerona";26;11;0;0;0;;;;11;7;0;0;0;;;;7;18
"055002";"Allerona";27;5;0;0;0;;;;5;4;3;0;0;;;;7;12
"055002";"Allerona";28;6;0;0;0;;;;6;8;3;0;0;;;;11;17
"055002";"Allerona";29;7;0;0;0;;;;7;7;0;0;0;;;;7;14
"055002";"Allerona";30;8;3;0;0;;;;11;9;2;0;0;;;;11;22
"055002";"Allerona";31;5;2;0;0;;;;7;7;7;0;0;;;;14;21
"055002";"Allerona";32;7;2;0;0;;;;9;0;6;0;0;;;;6;15
"055002";"Allerona";33;4;4;0;0;;;;8;6;3;0;0;;;;9;17
"055002";"Allerona";34;8;3;0;0;;;;11;5;3;0;0;;;;8;19
"055002";"Allerona";35;7;2;0;0;;;;9;6;3;1;0;;;;10;19
"055002";"Allerona";36;7;5;0;0;;;;12;5;5;0;0;;;;10;22
"055002";"Allerona";37;6;1;0;0;;;;7;5;7;0;0;;;;12;19
"055002";"Allerona";38;7;4;0;0;;;;11;4;2;1;0;;;;7;18
"055002";"Allerona";39;4;8;1;0;;;;13;1;8;0;1;;;;10;23
"055002";"Allerona";40;7;5;1;0;;;;13;6;9;0;0;;;;15;28
"055002";"Allerona";41;9;5;1;0;;;;15;3;5;0;0;;;;8;23
"055002";"Allerona";42;5;8;0;0;;;;13;6;3;0;0;;;;9;22
"055002";"Allerona";43;6;7;0;0;;;;13;2;5;2;0;;;;9;22
"055002";"Allerona";44;6;3;0;0;;;;9;1;6;0;0;;;;7;16
"055002";"Allerona";45;9;4;0;0;;;;13;4;7;0;0;;;;11;24
"055002";"Allerona";46;1;8;0;0;;;;9;1;9;0;0;;;;10;19
"055002";"Allerona";47;2;10;0;0;;;;12;2;13;1;0;;;;16;28
"055002";"Allerona";48;1;9;0;0;;;;10;1;19;0;1;;;;21;31
"055002";"Allerona";49;1;12;1;0;;;;14;3;14;0;1;;;;18;32
"055002";"Allerona";50;3;6;0;0;;;;9;1;17;2;0;;;;20;29
"055002";"Allerona";51;4;11;0;0;;;;15;0;7;0;0;;;;7;22
"055002";"Allerona";52;1;11;0;0;;;;12;1;8;1;1;;;;11;23
"055002";"Allerona";53;3;10;1;0;;;;14;1;3;1;0;;;;5;19
"055002";"Allerona";54;5;8;2;0;;;;15;0;8;0;1;;;;9;24
"055002";"Allerona";55;3;8;0;0;;;;11;2;9;0;0;;;;11;22
"055002";"Allerona";56;2;10;0;0;;;;12;0;11;0;0;;;;11;23
"055002";"Allerona";57;4;8;1;1;;;;14;1;11;3;1;;;;16;30
"055002";"Allerona";58;1;11;1;0;;;;13;2;11;0;2;;;;15;28
"055002";"Allerona";59;2;11;1;0;;;;14;1;13;0;0;;;;14;28
"055002";"Allerona";60;5;11;0;0;;;;16;1;15;2;1;;;;19;35
"055002";"Allerona";61;1;8;0;0;;;;9;0;8;0;2;;;;10;19
"055002";"Allerona";62;0;13;1;0;;;;14;0;12;0;3;;;;15;29
"055002";"Allerona";63;0;10;0;0;;;;10;1;8;0;1;;;;10;20
"055002";"Allerona";64;1;10;2;0;;;;13;0;8;0;1;;;;9;22
"055002";"Allerona";65;0;10;1;0;;;;11;0;8;0;0;;;;8;19
"055002";"Allerona";66;2;9;0;1;;;;12;0;12;0;0;;;;12;24
"055002";"Allerona";67;0;13;0;0;;;;13;1;10;0;2;;;;13;26
"055002";"Allerona";68;0;9;0;1;;;;10;2;7;2;1;;;;12;22
"055002";"Allerona";69;0;14;1;0;;;;15;0;6;2;4;;;;12;27
"055002";"Allerona";70;2;11;0;0;;;;13;0;7;0;3;;;;10;23
"055002";"Allerona";71;2;6;0;0;;;;8;0;9;0;3;;;;12;20
"055002";"Allerona";72;0;12;0;2;;;;14;2;7;1;9;;;;19;33
"055002";"Allerona";73;1;5;2;0;;;;8;0;7;0;3;;;;10;18
"055002";"Allerona";74;1;9;0;0;;;;10;0;8;0;6;;;;14;24
"055002";"Allerona";75;0;5;0;0;;;;5;0;8;0;4;;;;12;17
"055002";"Allerona";76;1;5;0;0;;;;6;0;5;0;2;;;;7;13
"055002";"Allerona";77;1;6;0;1;;;;8;0;4;0;0;;;;4;12
"055002";"Allerona";78;0;5;0;1;;;;6;0;2;0;3;;;;5;11
"055002";"Allerona";79;0;6;0;0;;;;6;1;5;0;2;;;;8;14
"055002";"Allerona";80;0;6;0;1;;;;7;0;1;0;4;;;;5;12
"055002";"Allerona";81;2;7;1;2;;;;12;0;4;0;5;;;;9;21
"055002";"Allerona";82;1;6;0;1;;;;8;0;1;0;5;;;;6;14
"055002";"Allerona";83;1;2;0;2;;;;5;0;1;0;5;;;;6;11
"055002";"Allerona";84;1;1;0;0;;;;2;0;4;0;4;;;;8;10
"055002";"Allerona";85;1;4;0;1;;;;6;0;6;1;8;;;;15;21
"055002";"Allerona";86;0;7;0;1;;;;8;0;0;0;5;;;;5;13
"055002";"Allerona";87;0;3;0;0;;;;3;1;2;0;5;;;;8;11
"055002";"Allerona";88;0;2;0;0;;;;2;0;0;0;6;;;;6;8
"055002";"Allerona";89;0;1;0;1;;;;2;0;1;0;6;;;;7;9
"055002";"Allerona";90;0;2;0;4;;;;6;0;1;0;6;;;;7;13
"055002";"Allerona";91;0;2;0;0;;;;2;0;0;0;8;;;;8;10
"055002";"Allerona";92;0;0;0;2;;;;2;0;0;0;4;;;;4;6
"055002";"Allerona";93;0;1;0;1;;;;2;0;0;0;3;;;;3;5
"055002";"Allerona";94;0;0;0;1;;;;1;0;0;0;4;;;;4;5
"055002";"Allerona";95;0;0;0;0;;;;0;0;0;0;1;;;;1;1
"055002";"Allerona";96;0;0;0;1;;;;1;0;0;0;0;;;;0;1
"055002";"Allerona";97;0;0;0;0;;;;0;0;0;0;1;;;;1;1
"055002";"Allerona";98;0;0;0;0;;;;0;0;0;0;2;;;;2;2
"055002";"Allerona";99;0;0;0;0;;;;0;0;0;0;0;;;;0;0
"055002";"Allerona";100;0;0;0;0;;;;0;0;0;0;0;;;;0;0
"055002";"Allerona";999;369;420;18;25;;;;832;277;417;20;140;;;;854;1686
"055003";"Alviano";0;6;0;0;0;;;;6;1;0;0;0;;;;1;7
"055003";"Alviano";1;5;0;0;0;;;;5;8;0;0;0;;;;8;13
"055003";"Alviano";2;5;0;0;0;;;;5;5;0;0;0;;;;5;10
"055003";"Alviano";3;4;0;0;0;;;;4;6;0;0;0;;;;6;10
"055003";"Alviano";4;5;0;0;0;;;;5;6;0;0;0;;;;6;11
"055003";"Alviano";5;4;0;0;0;;;;4;3;0;0;0;;;;3;7
"055003";"Alviano";6;4;0;0;0;;;;4;8;0;0;0;;;;8;12
"055003";"Alviano";7;1;0;0;0;;;;1;1;0;0;0;;;;1;2
"055003";"Alviano";8;4;0;0;0;;;;4;3;0;0;0;;;;3;7
"055003";"Alviano";9;1;0;0;0;;;;1;1;0;0;0;;;;1;2
"055003";"Alviano";10;6;0;0;0;;;;6;5;0;0;0;;;;5;11
"055003";"Alviano";11;3;0;0;0;;;;3;9;0;0;0;;;;9;12
"055003";"Alviano";12;3;0;0;0;;;;3;2;0;0;0;;;;2;5
"055003";"Alviano";13;8;0;0;0;;;;8;10;0;0;0;;;;10;18
"055003";"Alviano";14;6;0;0;0;;;;6;4;0;0;0;;;;4;10
"055003";"Alviano";15;12;0;0;0;;;;12;6;0;0;0;;;;6;18
"055003";"Alviano";16;9;0;0;0;;;;9;5;0;0;0;;;;5;14
"055003";"Alviano";17;7;0;0;0;;;;7;9;0;0;0;;;;9;16
"055003";"Alviano";18;9;0;0;0;;;;9;7;0;0;0;;;;7;16
"055003";"Alviano";19;11;0;0;0;;;;11;7;0;0;0;;;;7;18
"055003";"Alviano";20;8;0;0;0;;;;8;10;0;0;0;;;;10;18
"055003";"Alviano";21;3;0;0;0;;;;3;8;0;0;0;;;;8;11
"055003";"Alviano";22;5;0;0;0;;;;5;10;1;0;0;;;;11;16
"055003";"Alviano";23;6;0;0;0;;;;6;6;0;0;0;;;;6;12
"055003";"Alviano";24;8;0;0;0;;;;8;9;0;0;0;;;;9;17
"055003";"Alviano";25;5;0;0;0;;;;5;6;0;0;0;;;;6;11
"055003";"Alviano";26;10;0;0;0;;;;10;8;1;0;0;;;;9;19
"055003";"Alviano";27;5;0;0;0;;;;5;6;1;0;0;;;;7;12
"055003";"Alviano";28;9;2;0;0;;;;11;8;2;0;0;;;;10;21
"055003";"Alviano";29;6;0;0;0;;;;6;2;0;1;0;;;;3;9
"055003";"Alviano";30;0;2;0;0;;;;2;5;8;0;0;;;;13;15
"055003";"Alviano";31;5;1;0;0;;;;6;2;2;0;0;;;;4;10
"055003";"Alviano";32;7;2;0;0;;;;9;4;3;0;0;;;;7;16
"055003";"Alviano";33;2;1;0;0;;;;3;2;2;0;0;;;;4;7
"055003";"Alviano";34;7;1;0;0;;;;8;3;4;0;0;;;;7;15
"055003";"Alviano";35;6;1;1;0;;;;8;3;4;0;0;;;;7;15
"055003";"Alviano";36;3;2;0;0;;;;5;1;5;0;0;;;;6;11
"055003";"Alviano";37;2;2;0;0;;;;4;2;1;0;0;;;;3;7
"055003";"Alviano";38;3;2;0;0;;;;5;5;5;0;0;;;;10;15
"055003";"Alviano";39;3;5;0;0;;;;8;3;1;0;0;;;;4;12
"055003";"Alviano";40;2;8;0;0;;;;10;1;6;1;0;;;;8;18
"055003";"Alviano";41;5;5;1;0;;;;11;4;4;0;0;;;;8;19
"055003";"Alviano";42;4;3;0;0;;;;7;2;7;1;0;;;;10;17
"055003";"Alviano";43;1;1;0;0;;;;2;1;5;0;0;;;;6;8
"055003";"Alviano";44;1;5;0;0;;;;6;1;2;1;0;;;;4;10
"055003";"Alviano";45;3;2;1;0;;;;6;0;7;1;0;;;;8;14
"055003";"Alviano";46;3;8;0;0;;;;11;1;6;0;0;;;;7;18
"055003";"Alviano";47;2;7;0;0;;;;9;2;4;0;0;;;;6;15
"055003";"Alviano";48;7;7;1;0;;;;15;0;9;0;1;;;;10;25
"055003";"Alviano";49;0;8;0;0;;;;8;2;14;0;0;;;;16;24
"055003";"Alviano";50;3;6;0;0;;;;9;1;15;1;0;;;;17;26
"055003";"Alviano";51;2;12;0;0;;;;14;4;6;0;0;;;;10;24
"055003";"Alviano";52;2;5;2;0;;;;9;1;8;2;0;;;;11;20
"055003";"Alviano";53;2;10;0;0;;;;12;0;14;0;2;;;;16;28
"055003";"Alviano";54;1;10;0;0;;;;11;3;15;0;0;;;;18;29
"055003";"Alviano";55;3;8;1;0;;;;12;0;10;0;0;;;;10;22
"055003";"Alviano";56;1;13;4;0;;;;18;0;16;0;1;;;;17;35
"055003";"Alviano";57;1;11;0;0;;;;12;0;13;0;0;;;;13;25
"055003";"Alviano";58;1;11;1;0;;;;13;1;15;3;0;;;;19;32
"055003";"Alviano";59;1;11;1;0;;;;13;0;3;0;0;;;;3;16
"055003";"Alviano";60;0;15;0;0;;;;15;0;11;0;1;;;;12;27
"055003";"Alviano";61;0;8;0;0;;;;8;0;10;0;3;;;;13;21
"055003";"Alviano";62;0;11;0;0;;;;11;1;10;0;2;;;;13;24
"055003";"Alviano";63;1;8;0;1;;;;10;1;9;1;0;;;;11;21
"055003";"Alviano";64;1;9;0;0;;;;10;2;9;0;3;;;;14;24
"055003";"Alviano";65;0;8;1;0;;;;9;1;8;0;2;;;;11;20
"055003";"Alviano";66;0;8;0;0;;;;8;1;4;1;1;;;;7;15
"055003";"Alviano";67;0;7;1;1;;;;9;0;7;1;2;;;;10;19
"055003";"Alviano";68;0;10;0;0;;;;10;0;9;0;1;;;;10;20
"055003";"Alviano";69;1;10;0;0;;;;11;0;3;0;2;;;;5;16
"055003";"Alviano";70;1;11;0;1;;;;13;0;2;1;4;;;;7;20
"055003";"Alviano";71;0;6;2;2;;;;10;0;7;0;6;;;;13;23
"055003";"Alviano";72;0;7;0;1;;;;8;0;2;0;1;;;;3;11
"055003";"Alviano";73;3;4;0;0;;;;7;0;1;0;6;;;;7;14
"055003";"Alviano";74;0;7;0;1;;;;8;0;7;0;2;;;;9;17
"055003";"Alviano";75;0;1;0;0;;;;1;0;5;0;3;;;;8;9
"055003";"Alviano";76;0;3;0;1;;;;4;0;2;0;2;;;;4;8
"055003";"Alviano";77;1;3;0;0;;;;4;1;7;1;3;;;;12;16
"055003";"Alviano";78;0;4;0;1;;;;5;0;2;0;3;;;;5;10
"055003";"Alviano";79;0;2;0;1;;;;3;0;1;0;6;;;;7;10
"055003";"Alviano";80;0;6;0;0;;;;6;0;1;0;1;;;;2;8
"055003";"Alviano";81;0;8;0;2;;;;10;0;7;0;7;;;;14;24
"055003";"Alviano";82;0;3;0;1;;;;4;1;6;0;12;;;;19;23
"055003";"Alviano";83;0;3;0;2;;;;5;0;1;1;1;;;;3;8
"055003";"Alviano";84;0;5;0;0;;;;5;0;1;0;5;;;;6;11
"055003";"Alviano";85;1;1;0;1;;;;3;0;2;0;4;;;;6;9
"055003";"Alviano";86;0;3;0;0;;;;3;1;1;1;7;;;;10;13
"055003";"Alviano";87;1;3;2;0;;;;6;0;1;0;4;;;;5;11
"055003";"Alviano";88;0;3;0;0;;;;3;1;0;0;3;;;;4;7
"055003";"Alviano";89;0;1;0;2;;;;3;0;1;0;3;;;;4;7
"055003";"Alviano";90;0;2;0;0;;;;2;0;0;0;3;;;;3;5
"055003";"Alviano";91;0;2;0;0;;;;2;0;2;0;3;;;;5;7
"055003";"Alviano";92;1;0;0;1;;;;2;0;0;0;1;;;;1;3
"055003";"Alviano";93;0;0;0;0;;;;0;0;0;0;2;;;;2;2
"055003";"Alviano";94;0;1;0;0;;;;1;0;0;0;3;;;;3;4
"055003";"Alviano";95;0;0;0;0;;;;0;0;0;0;1;;;;1;1
"055003";"Alviano";96;0;0;0;0;;;;0;0;0;0;0;;;;0;0
"055003";"Alviano";97;0;0;0;0;;;;0;0;0;0;1;;;;1;1
"055003";"Alviano";98;0;0;0;0;;;;0;0;0;0;0;;;;0;0
"055003";"Alviano";99;0;0;0;0;;;;0;0;0;0;1;;;;1;1
"055003";"Alviano";100;0;0;0;0;;;;0;0;0;0;0;;;;0;0
"055003";"Alviano";999;272;355;19;19;;;;665;243;358;18;119;;;;738;1403
"055004";"Amelia";0;40;0;0;0;;;;40;36;0;0;0;;;;36;76
"055004";"Amelia";1;25;0;0;0;;;;25;29;0;0;0;;;;29;54
"055004";"Amelia";2;35;0;0;0;;;;35;37;0;0;0;;;;37;72
"055004";"Amelia";3;39;0;0;0;;;;39;46;0;0;0;;;;46;85
"055004";"Amelia";4;40;0;0;0;;;;40;49;0;0;0;;;;49;89
"055004";"Amelia";5;43;0;0;0;;;;43;45;0;0;0;;;;45;88
"055004";"Amelia";6;40;0;0;0;;;;40;36;0;0;0;;;;36;76
"055004";"Amelia";7;47;0;0;0;;;;47;38;0;0;0;;;;38;85
"055004";"Amelia";8;49;0;0;0;;;;49;52;0;0;0;;;;52;101
"055004";"Amelia";9;46;0;0;0;;;;46;65;0;0;0;;;;65;111
"055004";"Amelia";10;55;0;0;0;;;;55;48;0;0;0;;;;48;103
"055004";"Amelia";11;57;0;0;0;;;;57;55;0;0;0;;;;55;112
"055004";"Amelia";12;50;0;0;0;;;;50;47;0;0;0;;;;47;97
"055004";"Amelia";13;55;0;0;0;;;;55;47;0;0;0;;;;47;102
"055004";"Amelia";14;57;0;0;0;;;;57;52;0;0;0;;;;52;109
"055004";"Amelia";15;57;0;0;0;;;;57;43;0;0;0;;;;43;100
"055004";"Amelia";16;31;0;0;0;;;;31;39;0;0;0;;;;39;70
"055004";"Amelia";17;60;0;0;0;;;;60;52;0;0;0;;;;52;112
"055004";"Amelia";18;69;0;0;0;;;;69;48;0;0;0;;;;48;117
"055004";"Amelia";19;42;0;0;0;;;;42;39;0;0;0;;;;39;81
"055004";"Amelia";20;62;0;0;0;;;;62;49;0;0;0;;;;49;111
"055004";"Amelia";21;44;0;0;0;;;;44;58;0;0;0;;;;58;102
"055004";"Amelia";22;44;1;0;0;;;;45;46;1;0;0;;;;47;92
"055004";"Amelia";23;60;0;0;0;;;;60;50;1;0;0;;;;51;111
"055004";"Amelia";24;61;1;0;0;;;;62;44;1;0;0;;;;45;107
"055004";"Amelia";25;57;0;0;0;;;;57;48;1;0;0;;;;49;106
"055004";"Amelia";26;56;0;0;0;;;;56;53;3;0;0;;;;56;112
"055004";"Amelia";27;48;3;0;0;;;;51;38;7;0;0;;;;45;96
"055004";"Amelia";28;52;4;0;0;;;;56;43;6;0;0;;;;49;105
"055004";"Amelia";29;46;6;0;0;;;;52;42;11;0;0;;;;53;105
"055004";"Amelia";30;54;4;1;0;;;;59;47;9;1;0;;;;57;116
"055004";"Amelia";31;45;6;0;0;;;;51;38;10;1;0;;;;49;100
"055004";"Amelia";32;47;11;0;0;;;;58;31;16;0;0;;;;47;105
"055004";"Amelia";33;54;11;0;0;;;;65;38;18;1;0;;;;57;122
"055004";"Amelia";34;44;8;0;0;;;;52;37;21;1;0;;;;59;111
"055004";"Amelia";35;42;21;0;0;;;;63;31;34;0;0;;;;65;128
"055004";"Amelia";36;43;14;0;0;;;;57;27;21;0;0;;;;48;105
"055004";"Amelia";37;51;22;0;0;;;;73;35;25;1;0;;;;61;134
"055004";"Amelia";38;36;24;1;0;;;;61;35;33;0;0;;;;68;129
"055004";"Amelia";39;38;24;0;0;;;;62;24;36;2;1;;;;63;125
"055004";"Amelia";40;36;21;2;0;;;;59;33;46;1;0;;;;80;139
"055004";"Amelia";41;42;44;1;0;;;;87;22;51;0;0;;;;73;160
"055004";"Amelia";42;47;33;1;0;;;;81;29;56;3;0;;;;88;169
"055004";"Amelia";43;29;51;1;0;;;;81;19;40;2;1;;;;62;143
"055004";"Amelia";44;43;47;3;0;;;;93;33;47;2;1;;;;83;176
"055004";"Amelia";45;39;42;3;0;;;;84;21;69;8;0;;;;98;182
"055004";"Amelia";46;42;56;2;1;;;;101;22;63;3;0;;;;88;189
"055004";"Amelia";47;29;60;5;0;;;;94;20;78;5;2;;;;105;199
"055004";"Amelia";48;38;65;7;0;;;;110;22;58;3;0;;;;83;193
"055004";"Amelia";49;23;63;3;0;;;;89;19;65;5;2;;;;91;180
"055004";"Amelia";50;20;41;6;1;;;;68;14;72;2;0;;;;88;156
"055004";"Amelia";51;25;66;10;0;;;;101;21;67;10;1;;;;99;200
"055004";"Amelia";52;29;56;7;1;;;;93;18;65;1;2;;;;86;179
"055004";"Amelia";53;24;65;6;1;;;;96;19;71;11;0;;;;101;197
"055004";"Amelia";54;25;74;4;0;;;;103;13;65;12;3;;;;93;196
"055004";"Amelia";55;24;57;8;0;;;;89;20;75;9;5;;;;109;198
"055004";"Amelia";56;19;70;5;1;;;;95;14;74;5;7;;;;100;195
"055004";"Amelia";57;11;71;4;1;;;;87;13;77;8;7;;;;105;192
"055004";"Amelia";58;7;74;7;0;;;;88;14;64;7;4;;;;89;177
"055004";"Amelia";59;10;66;8;2;;;;86;7;66;6;7;;;;86;172
"055004";"Amelia";60;11;65;6;2;;;;84;10;68;6;5;;;;89;173
"055004";"Amelia";61;9;76;9;2;;;;96;14;69;5;5;;;;93;189
"055004";"Amelia";62;4;74;5;0;;;;83;10;47;7;4;;;;68;151
"055004";"Amelia";63;10;63;5;3;;;;81;9;64;5;3;;;;81;162
"055004";"Amelia";64;10;55;7;2;;;;74;13;61;6;8;;;;88;162
"055004";"Amelia";65;9;67;2;3;;;;81;10;63;2;7;;;;82;163
"055004";"Amelia";66;6;62;3;2;;;;73;8;68;3;9;;;;88;161
"055004";"Amelia";67;2;60;2;2;;;;66;9;59;0;11;;;;79;145
"055004";"Amelia";68;11;54;4;1;;;;70;7;46;0;8;;;;61;131
"055004";"Amelia";69;7;54;4;1;;;;66;3;56;2;16;;;;77;143
"055004";"Amelia";70;9;54;4;1;;;;68;9;59;4;15;;;;87;155
"055004";"Amelia";71;5;68;3;7;;;;83;10;52;3;14;;;;79;162
"055004";"Amelia";72;9;62;5;5;;;;81;2;50;0;11;;;;63;144
"055004";"Amelia";73;6;52;6;3;;;;67;6;49;2;22;;;;79;146
"055004";"Amelia";74;5;68;1;8;;;;82;7;42;4;22;;;;75;157
"055004";"Amelia";75;4;41;1;2;;;;48;1;49;1;17;;;;68;116
"055004";"Amelia";76;4;47;2;10;;;;63;8;36;2;29;;;;75;138
"055004";"Amelia";77;3;45;2;5;;;;55;2;47;1;25;;;;75;130
"055004";"Amelia";78;2;50;0;4;;;;56;5;23;2;23;;;;53;109
"055004";"Amelia";79;3;42;0;7;;;;52;2;32;1;25;;;;60;112
"055004";"Amelia";80;3;42;1;4;;;;50;2;30;0;40;;;;72;122
"055004";"Amelia";81;5;43;1;6;;;;55;4;23;3;29;;;;59;114
"055004";"Amelia";82;4;40;1;4;;;;49;1;30;1;32;;;;64;113
"055004";"Amelia";83;3;25;0;13;;;;41;1;24;2;39;;;;66;107
"055004";"Amelia";84;3;29;1;2;;;;35;1;13;0;30;;;;44;79
"055004";"Amelia";85;5;16;0;9;;;;30;1;8;0;52;;;;61;91
"055004";"Amelia";86;1;15;0;4;;;;20;2;5;1;10;;;;18;38
"055004";"Amelia";87;0;24;0;10;;;;34;0;13;0;41;;;;54;88
"055004";"Amelia";88;1;16;2;5;;;;24;2;9;0;21;;;;32;56
"055004";"Amelia";89;0;18;0;7;;;;25;1;6;0;26;;;;33;58
"055004";"Amelia";90;0;12;0;5;;;;17;0;5;0;29;;;;34;51
"055004";"Amelia";91;1;8;0;4;;;;13;1;1;1;24;;;;27;40
"055004";"Amelia";92;0;8;0;5;;;;13;1;1;0;22;;;;24;37
"055004";"Amelia";93;0;6;0;2;;;;8;0;1;1;15;;;;17;25
"055004";"Amelia";94;0;4;0;4;;;;8;1;1;0;12;;;;14;22
"055004";"Amelia";95;0;1;0;0;;;;1;0;0;0;9;;;;9;10
"055004";"Amelia";96;0;2;0;1;;;;3;0;2;0;5;;;;7;10
"055004";"Amelia";97;0;0;0;1;;;;1;1;0;0;5;;;;6;7
"055004";"Amelia";98;0;0;0;2;;;;2;0;0;0;3;;;;3;5
"055004";"Amelia";99;0;0;0;0;;;;0;0;0;0;5;;;;5;5
"055004";"Amelia";100;0;0;0;0;;;;0;0;0;0;1;;;;1;1
"055004";"Amelia";999;2638;2750;172;166;;;;5726;2274;2735;175;772;;;;5956;11682
"055005";"Arrone";0;2;0;0;0;;;;2;4;0;0;0;;;;4;6
"055005";"Arrone";1;9;0;0;0;;;;9;7;0;0;0;;;;7;16
"055005";"Arrone";2;7;0;0;0;;;;7;13;0;0;0;;;;13;20
"055005";"Arrone";3;13;0;0;0;;;;13;9;0;0;0;;;;9;22
"055005";"Arrone";4;10;0;0;0;;;;10;10;0;0;0;;;;10;20
"055005";"Arrone";5;8;0;0;0;;;;8;9;0;0;0;;;;9;17
"055005";"Arrone";6;7;0;0;0;;;;7;11;0;0;0;;;;11;18
"055005";"Arrone";7;4;0;0;0;;;;4;8;0;0;0;;;;8;12
"055005";"Arrone";8;11;0;0;0;;;;11;6;0;0;0;;;;6;17
"055005";"Arrone";9;12;0;0;0;;;;12;4;0;0;0;;;;4;16
"055005";"Arrone";10;9;0;0;0;;;;9;7;0;0;0;;;;7;16
"055005";"Arrone";11;17;0;0;0;;;;17;13;0;0;0;;;;13;30
"055005";"Arrone";12;10;0;0;0;;;;10;8;0;0;0;;;;8;18
"055005";"Arrone";13;12;0;0;0;;;;12;14;0;0;0;;;;14;26
"055005";"Arrone";14;7;0;0;0;;;;7;9;0;0;0;;;;9;16
"055005";"Arrone";15;11;0;0;0;;;;11;12;0;0;0;;;;12;23
"055005";"Arrone";16;10;0;0;0;;;;10;18;0;0;0;;;;18;28
"055005";"Arrone";17;10;0;0;0;;;;10;8;0;0;0;;;;8;18
"055005";"Arrone";18;13;0;0;0;;;;13;8;0;0;0;;;;8;21
"055005";"Arrone";19;8;0;0;0;;;;8;9;0;0;0;;;;9;17
"055005";"Arrone";20;11;0;0;0;;;;11;12;0;0;0;;;;12;23
"055005";"Arrone";21;13;0;0;0;;;;13;10;0;0;0;;;;10;23
"055005";"Arrone";22;15;0;0;0;;;;15;12;2;0;0;;;;14;29
"055005";"Arrone";23;10;0;0;0;;;;10;9;0;0;0;;;;9;19
"055005";"Arrone";24;16;1;0;0;;;;17;10;0;0;0;;;;10;27
"055005";"Arrone";25;20;0;0;0;;;;20;13;0;0;0;;;;13;33
"055005";"Arrone";26;11;0;0;0;;;;11;6;2;0;0;;;;8;19
"055005";"Arrone";27;13;0;0;0;;;;13;6;1;0;0;;;;7;20
"055005";"Arrone";28;7;2;0;0;;;;9;7;1;0;0;;;;8;17
"055005";"Arrone";29;16;2;0;0;;;;18;9;5;0;0;;;;14;32
"055005";"Arrone";30;9;1;0;0;;;;10;8;2;0;0;;;;10;20
"055005";"Arrone";31;6;2;0;0;;;;8;9;5;0;0;;;;14;22
"055005";"Arrone";32;10;2;0;0;;;;12;7;9;0;0;;;;16;28
"055005";"Arrone";33;8;3;0;0;;;;11;3;2;0;0;;;;5;16
"055005";"Arrone";34;10;4;0;0;;;;14;5;6;0;0;;;;11;25
"055005";"Arrone";35;4;3;0;0;;;;7;5;8;0;0;;;;13;20
"055005";"Arrone";36;9;5;0;0;;;;14;6;3;1;0;;;;10;24
"055005";"Arrone";37;7;5;0;0;;;;12;7;4;1;0;;;;12;24
"055005";"Arrone";38;9;11;0;0;;;;20;4;11;0;0;;;;15;35
"055005";"Arrone";39;7;12;1;0;;;;20;5;11;0;0;;;;16;36
"055005";"Arrone";40;10;10;0;0;;;;20;3;6;1;0;;;;10;30
"055005";"Arrone";41;9;4;0;0;;;;13;4;9;0;0;;;;13;26
"055005";"Arrone";42;3;10;0;0;;;;13;4;15;0;0;;;;19;32
"055005";"Arrone";43;5;9;1;0;;;;15;6;17;3;0;;;;26;41
"055005";"Arrone";44;8;6;0;0;;;;14;3;16;3;0;;;;22;36
"055005";"Arrone";45;4;15;1;0;;;;20;0;21;2;0;;;;23;43
"055005";"Arrone";46;6;5;2;0;;;;13;4;6;1;0;;;;11;24
"055005";"Arrone";47;9;15;2;0;;;;26;4;17;4;0;;;;25;51
"055005";"Arrone";48;8;13;0;0;;;;21;4;13;0;2;;;;19;40
"055005";"Arrone";49;2;13;0;0;;;;15;7;16;1;0;;;;24;39
"055005";"Arrone";50;4;11;2;0;;;;17;6;18;1;1;;;;26;43
"055005";"Arrone";51;4;11;1;0;;;;16;2;18;1;1;;;;22;38
"055005";"Arrone";52;5;13;1;0;;;;19;3;21;3;0;;;;27;46
"055005";"Arrone";53;2;13;0;0;;;;15;1;15;1;2;;;;19;34
"055005";"Arrone";54;1;15;2;0;;;;18;4;19;3;1;;;;27;45
"055005";"Arrone";55;3;30;1;0;;;;34;3;18;1;1;;;;23;57
"055005";"Arrone";56;2;13;1;0;;;;16;1;19;1;3;;;;24;40
"055005";"Arrone";57;2;20;1;1;;;;24;1;14;1;0;;;;16;40
"055005";"Arrone";58;2;14;2;0;;;;18;1;20;0;2;;;;23;41
"055005";"Arrone";59;2;19;0;0;;;;21;1;14;0;0;;;;15;36
"055005";"Arrone";60;1;17;0;0;;;;18;1;12;0;0;;;;13;31
"055005";"Arrone";61;1;16;0;0;;;;17;1;15;1;2;;;;19;36
"055005";"Arrone";62;0;14;0;0;;;;14;0;18;4;5;;;;27;41
"055005";"Arrone";63;1;15;2;0;;;;18;0;12;1;1;;;;14;32
"055005";"Arrone";64;0;17;0;0;;;;17;1;15;2;6;;;;24;41
"055005";"Arrone";65;1;11;1;0;;;;13;3;10;0;3;;;;16;29
"055005";"Arrone";66;2;11;3;2;;;;18;1;14;1;0;;;;16;34
"055005";"Arrone";67;0;17;0;0;;;;17;1;11;1;1;;;;14;31
"055005";"Arrone";68;0;10;2;0;;;;12;1;13;1;1;;;;16;28
"055005";"Arrone";69;0;10;0;1;;;;11;1;11;2;1;;;;15;26
"055005";"Arrone";70;2;8;2;0;;;;12;1;13;2;5;;;;21;33
"055005";"Arrone";71;2;16;2;4;;;;24;1;7;0;3;;;;11;35
"055005";"Arrone";72;2;14;0;1;;;;17;3;17;0;6;;;;26;43
"055005";"Arrone";73;0;18;0;0;;;;18;0;7;0;6;;;;13;31
"055005";"Arrone";74;0;17;1;0;;;;18;0;15;0;8;;;;23;41
"055005";"Arrone";75;0;8;0;1;;;;9;1;9;2;1;;;;13;22
"055005";"Arrone";76;1;8;0;1;;;;10;1;8;0;7;;;;16;26
"055005";"Arrone";77;2;18;1;0;;;;21;1;11;1;4;;;;17;38
"055005";"Arrone";78;2;15;0;1;;;;18;0;6;0;3;;;;9;27
"055005";"Arrone";79;0;12;0;1;;;;13;2;10;0;5;;;;17;30
"055005";"Arrone";80;1;11;0;3;;;;15;0;9;0;5;;;;14;29
"055005";"Arrone";81;0;4;0;2;;;;6;0;11;0;10;;;;21;27
"055005";"Arrone";82;0;3;0;4;;;;7;1;3;0;9;;;;13;20
"055005";"Arrone";83;1;3;0;1;;;;5;1;4;0;9;;;;14;19
"055005";"Arrone";84;1;6;2;1;;;;10;0;3;0;6;;;;9;19
"055005";"Arrone";85;2;6;0;3;;;;11;1;4;0;12;;;;17;28
"055005";"Arrone";86;1;3;0;1;;;;5;0;1;0;10;;;;11;16
"055005";"Arrone";87;1;8;0;2;;;;11;1;1;0;7;;;;9;20
"055005";"Arrone";88;0;5;0;1;;;;6;0;2;0;8;;;;10;16
"055005";"Arrone";89;0;5;0;0;;;;5;1;0;0;2;;;;3;8
"055005";"Arrone";90;0;2;0;2;;;;4;0;1;0;5;;;;6;10
"055005";"Arrone";91;0;2;0;0;;;;2;2;0;0;6;;;;8;10
"055005";"Arrone";92;0;1;0;1;;;;2;0;2;0;6;;;;8;10
"055005";"Arrone";93;1;1;0;1;;;;3;0;0;0;3;;;;3;6
"055005";"Arrone";94;0;0;0;2;;;;2;0;0;0;3;;;;3;5
"055005";"Arrone";95;0;0;0;2;;;;2;0;0;0;2;;;;2;4
"055005";"Arrone";96;0;0;0;1;;;;1;0;0;0;2;;;;2;3
"055005";"Arrone";97;0;0;0;0;;;;0;0;0;0;1;;;;1;1
"055005";"Arrone";98;0;0;0;0;;;;0;0;0;0;0;;;;0;0
"055005";"Arrone";99;0;0;0;0;;;;0;0;0;0;1;;;;1;1
"055005";"Arrone";100;0;0;0;0;;;;0;0;0;0;0;;;;0;0
"055005";"Arrone";999;517;644;34;40;;;;1235;429;659;47;188;;;;1323;2558
"055006";"Attigliano";0;7;0;0;0;;;;7;8;0;0;0;;;;8;15
"055006";"Attigliano";1;9;0;0;0;;;;9;8;0;0;0;;;;8;17
"055006";"Attigliano";2;7;0;0;0;;;;7;9;0;0;0;;;;9;16
"055006";"Attigliano";3;3;0;0;0;;;;3;11;0;0;0;;;;11;14
"055006";"Attigliano";4;6;0;0;0;;;;6;5;0;0;0;;;;5;11
"055006";"Attigliano";5;5;0;0;0;;;;5;7;0;0;0;;;;7;12
"055006";"Attigliano";6;9;0;0;0;;;;9;6;0;0;0;;;;6;15
"055006";"Attigliano";7;8;0;0;0;;;;8;5;0;0;0;;;;5;13
"055006";"Attigliano";8;10;0;0;0;;;;10;9;0;0;0;;;;9;19
"055006";"Attigliano";9;11;0;0;0;;;;11;11;0;0;0;;;;11;22
"055006";"Attigliano";10;10;0;0;0;;;;10;6;0;0;0;;;;6;16
"055006";"Attigliano";11;7;0;0;0;;;;7;4;0;0;0;;;;4;11
"055006";"Attigliano";12;14;0;0;0;;;;14;8;0;0;0;;;;8;22
"055006";"Attigliano";13;9;0;0;0;;;;9;14;0;0;0;;;;14;23
"055006";"Attigliano";14;4;0;0;0;;;;4;5;0;0;0;;;;5;9
"055006";"Attigliano";15;11;0;0;0;;;;11;5;0;0;0;;;;5;16
"055006";"Attigliano";16;7;0;0;0;;;;7;2;0;0;0;;;;2;9
"055006";"Attigliano";17;9;0;0;0;;;;9;6;0;0;0;;;;6;15
"055006";"Attigliano";18;10;0;0;0;;;;10;8;0;0;0;;;;8;18
"055006";"Attigliano";19;10;0;0;0;;;;10;14;0;0;0;;;;14;24
"055006";"Attigliano";20;13;0;0;0;;;;13;12;0;0;0;;;;12;25
"055006";"Attigliano";21;8;0;0;0;;;;8;7;0;0;0;;;;7;15
"055006";"Attigliano";22;11;0;0;0;;;;11;10;0;0;0;;;;10;21
"055006";"Attigliano";23;10;0;0;0;;;;10;7;0;0;0;;;;7;17
"055006";"Attigliano";24;6;0;0;0;;;;6;6;0;0;0;;;;6;12
"055006";"Attigliano";25;9;0;0;0;;;;9;10;0;0;0;;;;10;19
"055006";"Attigliano";26;13;0;0;0;;;;13;4;0;0;0;;;;4;17
"055006";"Attigliano";27;7;0;0;0;;;;7;10;1;0;0;;;;11;18
"055006";"Attigliano";28;8;0;0;0;;;;8;4;0;0;0;;;;4;12
"055006";"Attigliano";29;9;0;0;0;;;;9;8;4;0;0;;;;12;21
"055006";"Attigliano";30;5;3;0;0;;;;8;3;2;0;0;;;;5;13
"055006";"Attigliano";31;7;4;0;0;;;;11;8;0;0;0;;;;8;19
"055006";"Attigliano";32;11;2;0;0;;;;13;4;3;0;0;;;;7;20
"055006";"Attigliano";33;4;0;0;0;;;;4;4;1;0;0;;;;5;9
"055006";"Attigliano";34;10;5;0;0;;;;15;8;12;0;0;;;;20;35
"055006";"Attigliano";35;9;3;0;0;;;;12;5;5;0;0;;;;10;22
"055006";"Attigliano";36;4;0;0;0;;;;4;7;7;0;1;;;;15;19
"055006";"Attigliano";37;8;6;0;0;;;;14;11;5;0;0;;;;16;30
"055006";"Attigliano";38;9;9;0;0;;;;18;7;9;0;0;;;;16;34
"055006";"Attigliano";39;11;4;0;0;;;;15;9;6;1;0;;;;16;31
"055006";"Attigliano";40;9;9;0;0;;;;18;2;8;1;0;;;;11;29
"055006";"Attigliano";41;9;4;1;0;;;;14;4;8;0;0;;;;12;26
"055006";"Attigliano";42;11;11;0;0;;;;22;3;9;2;0;;;;14;36
"055006";"Attigliano";43;11;7;1;0;;;;19;2;4;0;0;;;;6;25
"055006";"Attigliano";44;7;5;1;0;;;;13;7;8;1;0;;;;16;29
"055006";"Attigliano";45;5;12;0;0;;;;17;4;10;1;0;;;;15;32
"055006";"Attigliano";46;4;9;0;0;;;;13;6;10;0;0;;;;16;29
"055006";"Attigliano";47;12;9;0;0;;;;21;4;17;0;2;;;;23;44
"055006";"Attigliano";48;3;6;0;0;;;;9;4;8;2;0;;;;14;23
"055006";"Attigliano";49;3;13;1;0;;;;17;5;9;2;0;;;;16;33
"055006";"Attigliano";50;0;5;0;0;;;;5;5;5;1;1;;;;12;17
"055006";"Attigliano";51;5;12;0;0;;;;17;2;10;1;0;;;;13;30
"055006";"Attigliano";52;1;12;1;0;;;;14;1;19;2;0;;;;22;36
"055006";"Attigliano";53;0;7;0;0;;;;7;3;14;1;1;;;;19;26
"055006";"Attigliano";54;6;13;2;0;;;;21;3;11;4;0;;;;18;39
"055006";"Attigliano";55;4;16;1;1;;;;22;2;16;1;0;;;;19;41
"055006";"Attigliano";56;3;10;1;0;;;;14;1;13;2;0;;;;16;30
"055006";"Attigliano";57;0;21;1;0;;;;22;2;16;0;1;;;;19;41
"055006";"Attigliano";58;1;8;1;0;;;;10;1;11;1;0;;;;13;23
"055006";"Attigliano";59;1;12;1;0;;;;14;1;14;0;2;;;;17;31
"055006";"Attigliano";60;3;13;0;1;;;;17;2;10;1;1;;;;14;31
"055006";"Attigliano";61;3;8;0;1;;;;12;2;10;1;0;;;;13;25
"055006";"Attigliano";62;2;13;1;0;;;;16;2;11;1;3;;;;17;33
"055006";"Attigliano";63;3;7;0;0;;;;10;0;6;0;0;;;;6;16
"055006";"Attigliano";64;0;9;0;0;;;;9;0;7;2;4;;;;13;22
"055006";"Attigliano";65;1;9;0;0;;;;10;3;6;1;0;;;;10;20
"055006";"Attigliano";66;4;9;1;1;;;;15;1;9;1;6;;;;17;32
"055006";"Attigliano";67;2;7;0;0;;;;9;0;13;1;4;;;;18;27
"055006";"Attigliano";68;2;10;1;0;;;;13;2;6;1;2;;;;11;24
"055006";"Attigliano";69;2;7;1;0;;;;10;1;6;0;1;;;;8;18
"055006";"Attigliano";70;1;10;0;0;;;;11;0;7;0;1;;;;8;19
"055006";"Attigliano";71;2;10;1;1;;;;14;0;7;0;3;;;;10;24
"055006";"Attigliano";72;1;13;0;0;;;;14;1;8;0;5;;;;14;28
"055006";"Attigliano";73;0;5;1;0;;;;6;0;6;1;4;;;;11;17
"055006";"Attigliano";74;0;12;0;1;;;;13;0;5;0;1;;;;6;19
"055006";"Attigliano";75;1;11;1;0;;;;13;0;10;0;3;;;;13;26
"055006";"Attigliano";76;1;1;0;0;;;;2;0;1;0;5;;;;6;8
"055006";"Attigliano";77;1;4;0;1;;;;6;2;1;0;3;;;;6;12
"055006";"Attigliano";78;0;4;0;0;;;;4;0;5;0;2;;;;7;11
"055006";"Attigliano";79;0;12;0;1;;;;13;1;6;0;10;;;;17;30
"055006";"Attigliano";80;1;4;0;1;;;;6;0;4;0;5;;;;9;15
"055006";"Attigliano";81;0;5;0;1;;;;6;1;4;0;7;;;;12;18
"055006";"Attigliano";82;1;6;0;3;;;;10;0;5;0;4;;;;9;19
"055006";"Attigliano";83;0;5;0;0;;;;5;0;0;1;8;;;;9;14
"055006";"Attigliano";84;2;5;1;1;;;;9;0;4;0;2;;;;6;15
"055006";"Attigliano";85;0;4;0;0;;;;4;0;2;0;6;;;;8;12
"055006";"Attigliano";86;0;4;0;0;;;;4;0;3;0;6;;;;9;13
"055006";"Attigliano";87;1;2;0;0;;;;3;0;3;0;7;;;;10;13
"055006";"Attigliano";88;0;2;0;0;;;;2;0;0;0;3;;;;3;5
"055006";"Attigliano";89;1;0;0;0;;;;1;0;0;0;3;;;;3;4
"055006";"Attigliano";90;0;1;0;0;;;;1;1;0;0;5;;;;6;7
"055006";"Attigliano";91;0;0;0;1;;;;1;0;1;0;1;;;;2;3
"055006";"Attigliano";92;1;1;0;0;;;;2;0;1;0;4;;;;5;7
"055006";"Attigliano";93;0;1;0;1;;;;2;0;0;0;1;;;;1;3
"055006";"Attigliano";94;0;1;0;0;;;;1;0;0;0;3;;;;3;4
"055006";"Attigliano";95;0;0;0;1;;;;1;1;0;0;3;;;;4;5
"055006";"Attigliano";96;0;0;0;0;;;;0;0;0;0;2;;;;2;2
"055006";"Attigliano";97;0;0;0;0;;;;0;0;0;0;1;;;;1;1
"055006";"Attigliano";98;0;0;0;0;;;;0;0;1;0;0;;;;1;1
"055006";"Attigliano";99;0;0;0;0;;;;0;1;0;0;0;;;;1;1
"055006";"Attigliano";100;0;0;0;0;;;;0;0;0;0;0;;;;0;0
"055006";"Attigliano";999;469;452;20;17;;;;958;378;443;34;137;;;;992;1950
"055033";"Avigliano Umbro";0;9;0;0;0;;;;9;1;0;0;0;;;;1;10
"055033";"Avigliano Umbro";1;7;0;0;0;;;;7;6;0;0;0;;;;6;13
"055033";"Avigliano Umbro";2;10;0;0;0;;;;10;9;0;0;0;;;;9;19
"055033";"Avigliano Umbro";3;9;0;0;0;;;;9;11;0;0;0;;;;11;20
"055033";"Avigliano Umbro";4;17;0;0;0;;;;17;0;0;0;0;;;;0;17
"055033";"Avigliano Umbro";5;10;0;0;0;;;;10;5;0;0;0;;;;5;15
"055033";"Avigliano Umbro";6;12;0;0;0;;;;12;11;0;0;0;;;;11;23
"055033";"Avigliano Umbro";7;12;0;0;0;;;;12;8;0;0;0;;;;8;20
"055033";"Avigliano Umbro";8;12;0;0;0;;;;12;10;0;0;0;;;;10;22
"055033";"Avigliano Umbro";9;8;0;0;0;;;;8;9;0;0;0;;;;9;17
"055033";"Avigliano Umbro";10;12;0;0;0;;;;12;6;0;0;0;;;;6;18
"055033";"Avigliano Umbro";11;12;0;0;0;;;;12;5;0;0;0;;;;5;17
"055033";"Avigliano Umbro";12;13;0;0;0;;;;13;15;0;0;0;;;;15;28
"055033";"Avigliano Umbro";13;12;0;0;0;;;;12;15;0;0;0;;;;15;27
"055033";"Avigliano Umbro";14;13;0;0;0;;;;13;8;0;0;0;;;;8;21
"055033";"Avigliano Umbro";15;13;0;0;0;;;;13;10;0;0;0;;;;10;23
"055033";"Avigliano Umbro";16;14;0;0;0;;;;14;7;0;0;0;;;;7;21
"055033";"Avigliano Umbro";17;16;0;0;0;;;;16;9;0;0;0;;;;9;25
"055033";"Avigliano Umbro";18;9;0;0;0;;;;9;12;0;0;0;;;;12;21
"055033";"Avigliano Umbro";19;11;0;0;0;;;;11;12;1;0;0;;;;13;24
"055033";"Avigliano Umbro";20;9;0;0;0;;;;9;7;0;0;0;;;;7;16
"055033";"Avigliano Umbro";21;13;0;0;0;;;;13;18;0;0;0;;;;18;31
"055033";"Avigliano Umbro";22;7;0;0;0;;;;7;8;0;0;0;;;;8;15
"055033";"Avigliano Umbro";23;24;0;0;0;;;;24;9;0;0;0;;;;9;33
"055033";"Avigliano Umbro";24;9;0;0;0;;;;9;5;0;0;0;;;;5;14
"055033";"Avigliano Umbro";25;12;0;0;0;;;;12;9;1;0;0;;;;10;22
"055033";"Avigliano Umbro";26;11;0;0;0;;;;11;7;0;0;0;;;;7;18
"055033";"Avigliano Umbro";27;8;0;0;0;;;;8;7;1;0;0;;;;8;16
"055033";"Avigliano Umbro";28;12;1;0;0;;;;13;6;3;0;0;;;;9;22
"055033";"Avigliano Umbro";29;9;0;0;0;;;;9;7;1;0;0;;;;8;17
"055033";"Avigliano Umbro";30;6;0;0;0;;;;6;8;6;0;0;;;;14;20
"055033";"Avigliano Umbro";31;4;0;0;0;;;;4;13;3;0;0;;;;16;20
"055033";"Avigliano Umbro";32;6;1;0;0;;;;7;6;6;0;0;;;;12;19
"055033";"Avigliano Umbro";33;12;3;1;0;;;;16;4;2;0;0;;;;6;22
"055033";"Avigliano Umbro";34;11;3;0;0;;;;14;4;9;0;0;;;;13;27
"055033";"Avigliano Umbro";35;9;4;0;0;;;;13;8;5;1;0;;;;14;27
"055033";"Avigliano Umbro";36;11;10;0;0;;;;21;3;8;0;0;;;;11;32
"055033";"Avigliano Umbro";37;11;7;0;0;;;;18;10;7;0;0;;;;17;35
"055033";"Avigliano Umbro";38;7;7;0;0;;;;14;2;11;0;0;;;;13;27
"055033";"Avigliano Umbro";39;6;5;0;0;;;;11;2;8;1;0;;;;11;22
"055033";"Avigliano Umbro";40;8;16;0;0;;;;24;1;15;0;0;;;;16;40
"055033";"Avigliano Umbro";41;4;9;0;0;;;;13;5;11;1;0;;;;17;30
"055033";"Avigliano Umbro";42;12;3;0;0;;;;15;6;8;1;0;;;;15;30
"055033";"Avigliano Umbro";43;12;13;0;0;;;;25;3;9;0;0;;;;12;37
"055033";"Avigliano Umbro";44;5;8;2;0;;;;15;1;14;0;0;;;;15;30
"055033";"Avigliano Umbro";45;5;7;0;0;;;;12;1;17;0;0;;;;18;30
"055033";"Avigliano Umbro";46;1;23;0;0;;;;24;3;14;1;0;;;;18;42
"055033";"Avigliano Umbro";47;5;10;0;0;;;;15;2;19;2;0;;;;23;38
"055033";"Avigliano Umbro";48;8;9;0;0;;;;17;2;19;1;1;;;;23;40
"055033";"Avigliano Umbro";49;3;18;1;0;;;;22;1;7;0;1;;;;9;31
"055033";"Avigliano Umbro";50;6;14;0;0;;;;20;2;11;1;1;;;;15;35
"055033";"Avigliano Umbro";51;1;11;2;0;;;;14;2;18;0;0;;;;20;34
"055033";"Avigliano Umbro";52;1;27;0;0;;;;28;2;15;3;0;;;;20;48
"055033";"Avigliano Umbro";53;6;8;1;0;;;;15;1;14;2;0;;;;17;32
"055033";"Avigliano Umbro";54;2;11;0;0;;;;13;1;18;0;2;;;;21;34
"055033";"Avigliano Umbro";55;2;14;0;0;;;;16;2;16;0;1;;;;19;35
"055033";"Avigliano Umbro";56;2;11;1;0;;;;14;3;22;0;0;;;;25;39
"055033";"Avigliano Umbro";57;4;15;0;0;;;;19;0;14;0;1;;;;15;34
"055033";"Avigliano Umbro";58;1;12;1;0;;;;14;1;17;0;0;;;;18;32
"055033";"Avigliano Umbro";59;3;14;0;0;;;;17;0;17;0;1;;;;18;35
"055033";"Avigliano Umbro";60;2;17;0;0;;;;19;0;13;1;0;;;;14;33
"055033";"Avigliano Umbro";61;0;23;0;0;;;;23;0;15;0;4;;;;19;42
"055033";"Avigliano Umbro";62;1;17;0;0;;;;18;1;23;1;0;;;;25;43
"055033";"Avigliano Umbro";63;1;14;0;0;;;;15;0;9;0;1;;;;10;25
"055033";"Avigliano Umbro";64;1;9;0;0;;;;10;3;17;1;3;;;;24;34
"055033";"Avigliano Umbro";65;2;11;0;1;;;;14;1;21;0;2;;;;24;38
"055033";"Avigliano Umbro";66;0;15;0;0;;;;15;0;12;0;0;;;;12;27
"055033";"Avigliano Umbro";67;2;23;0;0;;;;25;2;3;0;2;;;;7;32
"055033";"Avigliano Umbro";68;0;8;0;1;;;;9;0;17;2;1;;;;20;29
"055033";"Avigliano Umbro";69;1;14;0;1;;;;16;1;19;0;2;;;;22;38
"055033";"Avigliano Umbro";70;0;17;0;0;;;;17;1;6;0;3;;;;10;27
"055033";"Avigliano Umbro";71;0;11;0;1;;;;12;1;14;1;4;;;;20;32
"055033";"Avigliano Umbro";72;0;14;0;2;;;;16;0;20;1;1;;;;22;38
"055033";"Avigliano Umbro";73;0;13;0;0;;;;13;0;11;1;5;;;;17;30
"055033";"Avigliano Umbro";74;5;16;0;3;;;;24;0;13;0;5;;;;18;42
"055033";"Avigliano Umbro";75;2;13;0;1;;;;16;0;5;0;5;;;;10;26
"055033";"Avigliano Umbro";76;1;13;0;1;;;;15;1;12;0;3;;;;16;31
"055033";"Avigliano Umbro";77;3;14;0;2;;;;19;0;5;0;4;;;;9;28
"055033";"Avigliano Umbro";78;1;13;1;0;;;;15;0;3;1;3;;;;7;22
"055033";"Avigliano Umbro";79;0;7;0;4;;;;11;0;4;0;5;;;;9;20
"055033";"Avigliano Umbro";80;2;1;1;0;;;;4;0;2;0;7;;;;9;13
"055033";"Avigliano Umbro";81;1;9;0;3;;;;13;1;3;0;7;;;;11;24
"055033";"Avigliano Umbro";82;1;7;0;1;;;;9;1;3;0;10;;;;14;23
"055033";"Avigliano Umbro";83;1;6;0;1;;;;8;0;4;0;8;;;;12;20
"055033";"Avigliano Umbro";84;1;1;0;3;;;;5;0;4;0;11;;;;15;20
"055033";"Avigliano Umbro";85;0;2;0;2;;;;4;0;3;0;8;;;;11;15
"055033";"Avigliano Umbro";86;1;8;0;2;;;;11;0;1;0;7;;;;8;19
"055033";"Avigliano Umbro";87;1;2;0;2;;;;5;0;1;0;4;;;;5;10
"055033";"Avigliano Umbro";88;0;2;0;0;;;;2;0;0;0;7;;;;7;9
"055033";"Avigliano Umbro";89;1;3;0;2;;;;6;0;0;0;5;;;;5;11
"055033";"Avigliano Umbro";90;0;3;0;0;;;;3;0;1;0;9;;;;10;13
"055033";"Avigliano Umbro";91;0;1;0;3;;;;4;0;0;0;6;;;;6;10
"055033";"Avigliano Umbro";92;0;0;0;0;;;;0;0;0;0;6;;;;6;6
"055033";"Avigliano Umbro";93;0;1;0;0;;;;1;0;0;0;4;;;;4;5
"055033";"Avigliano Umbro";94;0;0;0;0;;;;0;0;0;0;2;;;;2;2
"055033";"Avigliano Umbro";95;0;0;0;0;;;;0;0;0;0;1;;;;1;1
"055033";"Avigliano Umbro";96;0;0;0;1;;;;1;0;0;0;1;;;;1;2
"055033";"Avigliano Umbro";97;0;0;0;0;;;;0;0;0;0;1;;;;1;1
"055033";"Avigliano Umbro";98;0;0;0;0;;;;0;0;0;0;0;;;;0;0
"055033";"Avigliano Umbro";99;0;0;0;0;;;;0;0;0;0;0;;;;0;0
"055033";"Avigliano Umbro";100;0;0;0;0;;;;0;1;0;0;1;;;;2;2
"055033";"Avigliano Umbro";999;550;622;11;37;;;;1220;365;631;23;166;;;;1185;2405
"055007";"Baschi";0;8;0;0;0;;;;8;10;0;0;0;;;;10;18
"055007";"Baschi";1;5;0;0;0;;;;5;10;0;0;0;;;;10;15
"055007";"Baschi";2;9;0;0;0;;;;9;9;0;0;0;;;;9;18
"055007";"Baschi";3;9;0;0;0;;;;9;13;0;0;0;;;;13;22
"055007";"Baschi";4;13;0;0;0;;;;13;12;0;0;0;;;;12;25
"055007";"Baschi";5;9;0;0;0;;;;9;12;0;0;0;;;;12;21
"055007";"Baschi";6;8;0;0;0;;;;8;6;0;0;0;;;;6;14
"055007";"Baschi";7;8;0;0;0;;;;8;6;0;0;0;;;;6;14
"055007";"Baschi";8;13;0;0;0;;;;13;7;0;0;0;;;;7;20
"055007";"Baschi";9;14;0;0;0;;;;14;10;0;0;0;;;;10;24
"055007";"Baschi";10;20;0;0;0;;;;20;9;0;0;0;;;;9;29
"055007";"Baschi";11;12;0;0;0;;;;12;7;0;0;0;;;;7;19
"055007";"Baschi";12;9;0;0;0;;;;9;12;0;0;0;;;;12;21
"055007";"Baschi";13;13;0;0;0;;;;13;13;0;0;0;;;;13;26
"055007";"Baschi";14;18;0;0;0;;;;18;16;0;0;0;;;;16;34
"055007";"Baschi";15;13;0;0;0;;;;13;13;0;0;0;;;;13;26
"055007";"Baschi";16;8;0;0;0;;;;8;7;0;0;0;;;;7;15
"055007";"Baschi";17;9;0;0;0;;;;9;8;0;0;0;;;;8;17
"055007";"Baschi";18;15;0;0;0;;;;15;8;0;0;0;;;;8;23
"055007";"Baschi";19;11;0;0;0;;;;11;12;1;0;0;;;;13;24
"055007";"Baschi";20;10;0;0;0;;;;10;13;0;0;0;;;;13;23
"055007";"Baschi";21;12;0;0;0;;;;12;7;1;0;0;;;;8;20
"055007";"Baschi";22;12;0;0;0;;;;12;4;0;0;0;;;;4;16
"055007";"Baschi";23;15;0;0;0;;;;15;7;0;0;0;;;;7;22
"055007";"Baschi";24;7;0;0;0;;;;7;10;1;0;0;;;;11;18
"055007";"Baschi";25;9;0;0;0;;;;9;7;0;0;0;;;;7;16
"055007";"Baschi";26;5;0;0;0;;;;5;9;2;0;0;;;;11;16
"055007";"Baschi";27;10;0;0;0;;;;10;13;0;0;0;;;;13;23
"055007";"Baschi";28;10;0;0;0;;;;10;11;3;0;0;;;;14;24
"055007";"Baschi";29;7;0;0;0;;;;7;6;2;0;0;;;;8;15
"055007";"Baschi";30;7;2;0;0;;;;9;8;1;0;0;;;;9;18
"055007";"Baschi";31;11;0;0;0;;;;11;12;3;0;0;;;;15;26
"055007";"Baschi";32;8;2;0;0;;;;10;8;3;0;0;;;;11;21
"055007";"Baschi";33;6;2;0;0;;;;8;4;4;0;0;;;;8;16
"055007";"Baschi";34;6;2;0;0;;;;8;6;7;0;0;;;;13;21
"055007";"Baschi";35;11;5;0;0;;;;16;8;6;0;0;;;;14;30
"055007";"Baschi";36;6;2;0;0;;;;8;5;6;0;0;;;;11;19
"055007";"Baschi";37;10;7;0;0;;;;17;10;12;0;0;;;;22;39
"055007";"Baschi";38;7;7;0;0;;;;14;7;10;2;0;;;;19;33
"055007";"Baschi";39;6;4;0;0;;;;10;7;10;0;0;;;;17;27
"055007";"Baschi";40;8;7;0;0;;;;15;5;11;0;0;;;;16;31
"055007";"Baschi";41;7;14;0;0;;;;21;5;13;0;0;;;;18;39
"055007";"Baschi";42;2;9;0;0;;;;11;5;14;1;0;;;;20;31
"055007";"Baschi";43;8;10;1;0;;;;19;4;14;0;0;;;;18;37
"055007";"Baschi";44;7;12;1;0;;;;20;6;9;0;0;;;;15;35
"055007";"Baschi";45;6;10;0;0;;;;16;7;8;1;0;;;;16;32
"055007";"Baschi";46;8;11;0;0;;;;19;5;13;0;1;;;;19;38
"055007";"Baschi";47;6;12;1;0;;;;19;1;15;0;0;;;;16;35
"055007";"Baschi";48;8;17;0;1;;;;26;5;13;1;0;;;;19;45
"055007";"Baschi";49;7;14;0;0;;;;21;11;10;1;0;;;;22;43
"055007";"Baschi";50;10;14;0;1;;;;25;5;14;1;0;;;;20;45
"055007";"Baschi";51;7;24;0;0;;;;31;4;21;0;1;;;;26;57
"055007";"Baschi";52;6;19;0;1;;;;26;4;16;0;0;;;;20;46
"055007";"Baschi";53;7;9;2;1;;;;19;4;16;0;0;;;;20;39
"055007";"Baschi";54;8;11;1;0;;;;20;1;25;0;0;;;;26;46
"055007";"Baschi";55;3;17;0;0;;;;20;2;20;0;1;;;;23;43
"055007";"Baschi";56;6;5;0;0;;;;11;2;11;3;0;;;;16;27
"055007";"Baschi";57;2;19;1;0;;;;22;1;14;0;0;;;;15;37
"055007";"Baschi";58;4;13;0;0;;;;17;3;20;0;2;;;;25;42
"055007";"Baschi";59;4;14;1;0;;;;19;2;20;0;1;;;;23;42
"055007";"Baschi";60;2;21;0;1;;;;24;2;15;0;0;;;;17;41
"055007";"Baschi";61;2;22;1;1;;;;26;2;9;0;3;;;;14;40
"055007";"Baschi";62;5;8;0;1;;;;14;0;11;1;4;;;;16;30
"055007";"Baschi";63;2;13;1;0;;;;16;2;11;0;3;;;;16;32
"055007";"Baschi";64;4;21;0;0;;;;25;1;17;0;1;;;;19;44
"055007";"Baschi";65;3;12;0;0;;;;15;1;21;0;4;;;;26;41
"055007";"Baschi";66;4;11;0;1;;;;16;2;12;1;1;;;;16;32
"055007";"Baschi";67;2;12;0;0;;;;14;3;13;1;4;;;;21;35
"055007";"Baschi";68;2;16;1;0;;;;19;0;10;1;3;;;;14;33
"055007";"Baschi";69;1;20;0;0;;;;21;1;18;0;5;;;;24;45
"055007";"Baschi";70;1;14;0;1;;;;16;1;14;0;1;;;;16;32
"055007";"Baschi";71;0;24;1;1;;;;26;3;13;0;5;;;;21;47
"055007";"Baschi";72;1;24;0;1;;;;26;3;13;0;7;;;;23;49
"055007";"Baschi";73;1;16;0;2;;;;19;0;12;0;2;;;;14;33
"055007";"Baschi";74;2;15;0;0;;;;17;0;12;0;6;;;;18;35
"055007";"Baschi";75;2;8;0;0;;;;10;0;9;2;6;;;;17;27
"055007";"Baschi";76;1;7;0;1;;;;9;1;6;0;4;;;;11;20
"055007";"Baschi";77;1;11;0;1;;;;13;0;8;1;4;;;;13;26
"055007";"Baschi";78;1;11;0;0;;;;12;0;14;0;4;;;;18;30
"055007";"Baschi";79;3;7;0;1;;;;11;2;4;1;5;;;;12;23
"055007";"Baschi";80;2;6;0;1;;;;9;0;4;0;13;;;;17;26
"055007";"Baschi";81;0;15;0;2;;;;17;2;6;0;17;;;;25;42
"055007";"Baschi";82;1;10;0;0;;;;11;1;8;0;8;;;;17;28
"055007";"Baschi";83;2;8;0;2;;;;12;2;4;0;7;;;;13;25
"055007";"Baschi";84;2;7;0;2;;;;11;1;2;0;7;;;;10;21
"055007";"Baschi";85;1;5;0;1;;;;7;2;4;0;11;;;;17;24
"055007";"Baschi";86;2;7;0;3;;;;12;0;1;0;11;;;;12;24
"055007";"Baschi";87;0;3;0;0;;;;3;1;6;0;9;;;;16;19
"055007";"Baschi";88;0;5;0;0;;;;5;0;0;0;7;;;;7;12
"055007";"Baschi";89;0;5;0;3;;;;8;0;4;0;3;;;;7;15
"055007";"Baschi";90;0;3;0;1;;;;4;0;0;0;10;;;;10;14
"055007";"Baschi";91;0;3;0;1;;;;4;0;2;1;10;;;;13;17
"055007";"Baschi";92;0;2;0;2;;;;4;0;1;0;8;;;;9;13
"055007";"Baschi";93;0;1;0;1;;;;2;0;0;0;6;;;;6;8
"055007";"Baschi";94;0;1;0;0;;;;1;0;0;0;1;;;;1;2
"055007";"Baschi";95;0;1;0;0;;;;1;0;0;0;4;;;;4;5
"055007";"Baschi";96;0;0;0;0;;;;0;0;0;0;0;;;;0;0
"055007";"Baschi";97;0;2;0;1;;;;3;0;0;0;2;;;;2;5
"055007";"Baschi";98;0;0;0;0;;;;0;0;0;0;2;;;;2;2
"055007";"Baschi";99;0;0;0;0;;;;0;0;0;0;2;;;;2;2
"055007";"Baschi";100;0;0;0;0;;;;0;0;0;0;0;;;;0;0
"055007";"Baschi";999;573;671;12;36;;;;1292;477;653;19;216;;;;1365;2657
"055008";"Calvi dell'Umbria";0;5;0;0;0;;;;5;3;0;0;0;;;;3;8
"055008";"Calvi dell'Umbria";1;2;0;0;0;;;;2;2;0;0;0;;;;2;4
"055008";"Calvi dell'Umbria";2;0;0;0;0;;;;0;3;0;0;0;;;;3;3
"055008";"Calvi dell'Umbria";3;4;0;0;0;;;;4;1;0;0;0;;;;1;5
"055008";"Calvi dell'Umbria";4;4;0;0;0;;;;4;7;0;0;0;;;;7;11
"055008";"Calvi dell'Umbria";5;5;0;0;0;;;;5;1;0;0;0;;;;1;6
"055008";"Calvi dell'Umbria";6;3;0;0;0;;;;3;4;0;0;0;;;;4;7
"055008";"Calvi dell'Umbria";7;6;0;0;0;;;;6;12;0;0;0;;;;12;18
"055008";"Calvi dell'Umbria";8;3;0;0;0;;;;3;6;0;0;0;;;;6;9
"055008";"Calvi dell'Umbria";9;8;0;0;0;;;;8;7;0;0;0;;;;7;15
"055008";"Calvi dell'Umbria";10;3;0;0;0;;;;3;6;0;0;0;;;;6;9
"055008";"Calvi dell'Umbria";11;8;0;0;0;;;;8;4;0;0;0;;;;4;12
"055008";"Calvi dell'Umbria";12;5;0;0;0;;;;5;8;0;0;0;;;;8;13
"055008";"Calvi dell'Umbria";13;10;0;0;0;;;;10;6;0;0;0;;;;6;16
"055008";"Calvi dell'Umbria";14;6;0;0;0;;;;6;5;0;0;0;;;;5;11
"055008";"Calvi dell'Umbria";15;8;0;0;0;;;;8;6;0;0;0;;;;6;14
"055008";"Calvi dell'Umbria";16;2;0;0;0;;;;2;5;0;0;0;;;;5;7
"055008";"Calvi dell'Umbria";17;3;0;0;0;;;;3;6;0;0;0;;;;6;9
"055008";"Calvi dell'Umbria";18;7;0;0;0;;;;7;2;0;0;0;;;;2;9
"055008";"Calvi dell'Umbria";19;5;0;0;0;;;;5;7;0;0;0;;;;7;12
"055008";"Calvi dell'Umbria";20;5;0;0;0;;;;5;12;0;0;0;;;;12;17
"055008";"Calvi dell'Umbria";21;11;0;0;0;;;;11;8;0;0;0;;;;8;19
"055008";"Calvi dell'Umbria";22;1;0;0;0;;;;1;3;0;0;0;;;;3;4
"055008";"Calvi dell'Umbria";23;9;0;0;0;;;;9;6;0;0;0;;;;6;15
"055008";"Calvi dell'Umbria";24;11;0;0;0;;;;11;4;1;0;0;;;;5;16
"055008";"Calvi dell'Umbria";25;4;0;0;0;;;;4;7;0;0;0;;;;7;11
"055008";"Calvi dell'Umbria";26;9;0;0;0;;;;9;7;0;0;0;;;;7;16
"055008";"Calvi dell'Umbria";27;9;1;0;0;;;;10;10;3;0;0;;;;13;23
"055008";"Calvi dell'Umbria";28;7;0;0;0;;;;7;9;0;0;0;;;;9;16
"055008";"Calvi dell'Umbria";29;9;0;0;0;;;;9;12;0;0;0;;;;12;21
"055008";"Calvi dell'Umbria";30;5;0;0;0;;;;5;6;0;0;0;;;;6;11
"055008";"Calvi dell'Umbria";31;11;2;0;0;;;;13;12;1;0;0;;;;13;26
"055008";"Calvi dell'Umbria";32;5;5;0;0;;;;10;4;4;0;0;;;;8;18
"055008";"Calvi dell'Umbria";33;4;1;1;0;;;;6;3;3;0;0;;;;6;12
"055008";"Calvi dell'Umbria";34;6;1;0;0;;;;7;7;6;0;0;;;;13;20
"055008";"Calvi dell'Umbria";35;4;2;0;0;;;;6;3;3;0;0;;;;6;12
"055008";"Calvi dell'Umbria";36;3;2;0;0;;;;5;1;5;1;0;;;;7;12
"055008";"Calvi dell'Umbria";37;7;2;0;0;;;;9;4;6;0;0;;;;10;19
"055008";"Calvi dell'Umbria";38;3;7;0;0;;;;10;1;6;0;0;;;;7;17
"055008";"Calvi dell'Umbria";39;5;6;0;0;;;;11;3;3;0;0;;;;6;17
"055008";"Calvi dell'Umbria";40;2;4;0;0;;;;6;1;6;1;0;;;;8;14
"055008";"Calvi dell'Umbria";41;5;7;0;0;;;;12;2;6;0;0;;;;8;20
"055008";"Calvi dell'Umbria";42;3;4;0;0;;;;7;3;7;0;0;;;;10;17
"055008";"Calvi dell'Umbria";43;9;2;1;0;;;;12;1;7;0;0;;;;8;20
"055008";"Calvi dell'Umbria";44;2;8;0;0;;;;10;3;5;0;0;;;;8;18
"055008";"Calvi dell'Umbria";45;3;8;1;0;;;;12;2;10;0;0;;;;12;24
"055008";"Calvi dell'Umbria";46;1;8;0;0;;;;9;3;10;0;0;;;;13;22
"055008";"Calvi dell'Umbria";47;6;9;0;0;;;;15;2;6;0;2;;;;10;25
"055008";"Calvi dell'Umbria";48;0;4;0;0;;;;4;6;8;0;0;;;;14;18
"055008";"Calvi dell'Umbria";49;5;9;0;0;;;;14;2;11;1;0;;;;14;28
"055008";"Calvi dell'Umbria";50;4;9;2;0;;;;15;2;10;1;0;;;;13;28
"055008";"Calvi dell'Umbria";51;2;6;0;0;;;;8;2;14;1;0;;;;17;25
"055008";"Calvi dell'Umbria";52;2;12;0;0;;;;14;2;12;1;0;;;;15;29
"055008";"Calvi dell'Umbria";53;1;9;1;0;;;;11;1;10;0;0;;;;11;22
"055008";"Calvi dell'Umbria";54;2;14;1;0;;;;17;3;6;3;0;;;;12;29
"055008";"Calvi dell'Umbria";55;2;15;1;0;;;;18;3;15;0;0;;;;18;36
"055008";"Calvi dell'Umbria";56;3;11;0;0;;;;14;1;14;2;0;;;;17;31
"055008";"Calvi dell'Umbria";57;0;12;0;0;;;;12;3;9;0;0;;;;12;24
"055008";"Calvi dell'Umbria";58;6;13;0;0;;;;19;2;12;0;1;;;;15;34
"055008";"Calvi dell'Umbria";59;1;11;0;1;;;;13;3;13;1;1;;;;18;31
"055008";"Calvi dell'Umbria";60;0;14;2;0;;;;16;3;12;0;1;;;;16;32
"055008";"Calvi dell'Umbria";61;0;13;1;0;;;;14;4;12;0;0;;;;16;30
"055008";"Calvi dell'Umbria";62;3;7;1;2;;;;13;0;7;0;2;;;;9;22
"055008";"Calvi dell'Umbria";63;3;14;1;1;;;;19;1;9;0;1;;;;11;30
"055008";"Calvi dell'Umbria";64;1;4;0;0;;;;5;0;9;1;2;;;;12;17
"055008";"Calvi dell'Umbria";65;2;12;0;0;;;;14;0;7;1;1;;;;9;23
"055008";"Calvi dell'Umbria";66;1;8;0;0;;;;9;0;12;0;3;;;;15;24
"055008";"Calvi dell'Umbria";67;2;13;0;0;;;;15;1;8;0;1;;;;10;25
"055008";"Calvi dell'Umbria";68;1;11;0;0;;;;12;0;7;1;2;;;;10;22
"055008";"Calvi dell'Umbria";69;2;8;1;0;;;;11;3;15;0;2;;;;20;31
"055008";"Calvi dell'Umbria";70;1;7;3;1;;;;12;2;6;0;3;;;;11;23
"055008";"Calvi dell'Umbria";71;0;9;1;1;;;;11;0;7;0;3;;;;10;21
"055008";"Calvi dell'Umbria";72;5;13;3;0;;;;21;0;4;0;5;;;;9;30
"055008";"Calvi dell'Umbria";73;2;9;1;1;;;;13;0;7;0;2;;;;9;22
"055008";"Calvi dell'Umbria";74;1;10;0;0;;;;11;2;8;0;0;;;;10;21
"055008";"Calvi dell'Umbria";75;0;9;0;2;;;;11;0;5;1;6;;;;12;23
"055008";"Calvi dell'Umbria";76;0;6;0;0;;;;6;1;5;0;1;;;;7;13
"055008";"Calvi dell'Umbria";77;0;5;0;2;;;;7;0;7;0;5;;;;12;19
"055008";"Calvi dell'Umbria";78;0;10;1;1;;;;12;0;3;0;2;;;;5;17
"055008";"Calvi dell'Umbria";79;0;6;0;0;;;;6;0;5;0;5;;;;10;16
"055008";"Calvi dell'Umbria";80;1;6;0;3;;;;10;2;4;0;3;;;;9;19
"055008";"Calvi dell'Umbria";81;0;7;0;2;;;;9;1;5;0;3;;;;9;18
"055008";"Calvi dell'Umbria";82;1;7;2;2;;;;12;2;3;1;4;;;;10;22
"055008";"Calvi dell'Umbria";83;1;6;1;2;;;;10;0;4;0;7;;;;11;21
"055008";"Calvi dell'Umbria";84;1;7;0;1;;;;9;0;2;0;10;;;;12;21
"055008";"Calvi dell'Umbria";85;0;4;0;0;;;;4;0;2;1;11;;;;14;18
"055008";"Calvi dell'Umbria";86;0;6;0;2;;;;8;0;1;0;2;;;;3;11
"055008";"Calvi dell'Umbria";87;0;4;0;0;;;;4;0;4;0;11;;;;15;19
"055008";"Calvi dell'Umbria";88;0;4;0;2;;;;6;0;3;0;5;;;;8;14
"055008";"Calvi dell'Umbria";89;0;5;0;1;;;;6;0;0;0;3;;;;3;9
"055008";"Calvi dell'Umbria";90;1;1;0;3;;;;5;1;3;0;8;;;;12;17
"055008";"Calvi dell'Umbria";91;0;0;0;2;;;;2;0;0;0;3;;;;3;5
"055008";"Calvi dell'Umbria";92;1;0;0;1;;;;2;0;0;0;5;;;;5;7
"055008";"Calvi dell'Umbria";93;0;1;0;1;;;;2;0;0;0;2;;;;2;4
"055008";"Calvi dell'Umbria";94;0;1;0;1;;;;2;0;0;0;2;;;;2;4
"055008";"Calvi dell'Umbria";95;0;0;0;1;;;;1;0;0;0;1;;;;1;2
"055008";"Calvi dell'Umbria";96;0;0;0;1;;;;1;0;0;0;2;;;;2;3
"055008";"Calvi dell'Umbria";97;0;0;0;0;;;;0;0;0;0;1;;;;1;1
"055008";"Calvi dell'Umbria";98;0;0;0;0;;;;0;0;0;0;0;;;;0;0
"055008";"Calvi dell'Umbria";99;0;0;0;0;;;;0;0;0;0;1;;;;1;1
"055008";"Calvi dell'Umbria";100;0;0;0;0;;;;0;0;0;0;1;;;;1;1
"055008";"Calvi dell'Umbria";999;314;451;26;37;;;;828;293;418;18;136;;;;865;1693
"055009";"Castel Giorgio";0;11;0;0;0;;;;11;2;0;0;0;;;;2;13
"055009";"Castel Giorgio";1;6;0;0;0;;;;6;7;0;0;0;;;;7;13
"055009";"Castel Giorgio";2;5;0;0;0;;;;5;9;0;0;0;;;;9;14
"055009";"Castel Giorgio";3;5;0;0;0;;;;5;4;0;0;0;;;;4;9
"055009";"Castel Giorgio";4;9;0;0;0;;;;9;7;0;0;0;;;;7;16
"055009";"Castel Giorgio";5;2;0;0;0;;;;2;6;0;0;0;;;;6;8
"055009";"Castel Giorgio";6;4;0;0;0;;;;4;6;0;0;0;;;;6;10
"055009";"Castel Giorgio";7;11;0;0;0;;;;11;4;0;0;0;;;;4;15
"055009";"Castel Giorgio";8;7;0;0;0;;;;7;3;0;0;0;;;;3;10
"055009";"Castel Giorgio";9;7;0;0;0;;;;7;8;0;0;0;;;;8;15
"055009";"Castel Giorgio";10;10;0;0;0;;;;10;7;0;0;0;;;;7;17
"055009";"Castel Giorgio";11;4;0;0;0;;;;4;5;0;0;0;;;;5;9
"055009";"Castel Giorgio";12;8;0;0;0;;;;8;4;0;0;0;;;;4;12
"055009";"Castel Giorgio";13;4;0;0;0;;;;4;9;0;0;0;;;;9;13
"055009";"Castel Giorgio";14;6;0;0;0;;;;6;5;0;0;0;;;;5;11
"055009";"Castel Giorgio";15;7;0;0;0;;;;7;10;0;0;0;;;;10;17
"055009";"Castel Giorgio";16;9;0;0;0;;;;9;7;0;0;0;;;;7;16
"055009";"Castel Giorgio";17;11;0;0;0;;;;11;7;0;0;0;;;;7;18
"055009";"Castel Giorgio";18;4;0;0;0;;;;4;9;0;0;0;;;;9;13
"055009";"Castel Giorgio";19;6;0;0;0;;;;6;9;0;0;0;;;;9;15
"055009";"Castel Giorgio";20;9;0;0;0;;;;9;5;0;0;0;;;;5;14
"055009";"Castel Giorgio";21;9;0;0;0;;;;9;10;0;0;0;;;;10;19
"055009";"Castel Giorgio";22;6;0;0;0;;;;6;5;0;0;0;;;;5;11
"055009";"Castel Giorgio";23;8;0;0;0;;;;8;7;0;0;0;;;;7;15
"055009";"Castel Giorgio";24;4;0;0;0;;;;4;6;0;0;0;;;;6;10
"055009";"Castel Giorgio";25;7;0;0;0;;;;7;7;0;0;0;;;;7;14
"055009";"Castel Giorgio";26;4;0;0;0;;;;4;9;4;0;0;;;;13;17
"055009";"Castel Giorgio";27;5;0;0;0;;;;5;7;0;0;0;;;;7;12
"055009";"Castel Giorgio";28;9;0;0;0;;;;9;7;0;0;0;;;;7;16
"055009";"Castel Giorgio";29;11;1;0;0;;;;12;6;1;0;0;;;;7;19
"055009";"Castel Giorgio";30;7;1;0;0;;;;8;8;1;0;0;;;;9;17
"055009";"Castel Giorgio";31;6;1;0;0;;;;7;4;1;0;0;;;;5;12
"055009";"Castel Giorgio";32;11;2;0;0;;;;13;7;5;0;0;;;;12;25
"055009";"Castel Giorgio";33;10;4;0;0;;;;14;0;2;0;0;;;;2;16
"055009";"Castel Giorgio";34;10;2;0;0;;;;12;5;9;0;0;;;;14;26
"055009";"Castel Giorgio";35;6;3;1;0;;;;10;12;5;0;0;;;;17;27
"055009";"Castel Giorgio";36;5;5;1;0;;;;11;4;7;0;0;;;;11;22
"055009";"Castel Giorgio";37;5;4;0;0;;;;9;8;6;0;0;;;;14;23
"055009";"Castel Giorgio";38;8;5;0;0;;;;13;1;5;0;0;;;;6;19
"055009";"Castel Giorgio";39;3;3;0;0;;;;6;4;6;0;0;;;;10;16
"055009";"Castel Giorgio";40;4;6;0;0;;;;10;2;8;0;0;;;;10;20
"055009";"Castel Giorgio";41;5;8;0;0;;;;13;4;4;0;0;;;;8;21
"055009";"Castel Giorgio";42;7;4;0;0;;;;11;10;6;0;0;;;;16;27
"055009";"Castel Giorgio";43;4;8;0;0;;;;12;8;7;0;0;;;;15;27
"055009";"Castel Giorgio";44;6;5;0;1;;;;12;6;12;0;0;;;;18;30
"055009";"Castel Giorgio";45;6;6;0;0;;;;12;7;10;0;0;;;;17;29
"055009";"Castel Giorgio";46;4;5;0;0;;;;9;2;11;0;0;;;;13;22
"055009";"Castel Giorgio";47;6;13;0;0;;;;19;2;12;1;0;;;;15;34
"055009";"Castel Giorgio";48;3;6;1;1;;;;11;4;12;2;0;;;;18;29
"055009";"Castel Giorgio";49;10;10;0;0;;;;20;3;9;1;0;;;;13;33
"055009";"Castel Giorgio";50;3;14;0;0;;;;17;1;11;1;0;;;;13;30
"055009";"Castel Giorgio";51;2;10;0;1;;;;13;2;11;0;0;;;;13;26
"055009";"Castel Giorgio";52;2;8;1;0;;;;11;8;2;0;0;;;;10;21
"055009";"Castel Giorgio";53;4;6;0;0;;;;10;0;15;1;0;;;;16;26
"055009";"Castel Giorgio";54;3;12;0;0;;;;15;5;11;0;1;;;;17;32
"055009";"Castel Giorgio";55;3;10;0;0;;;;13;1;6;0;0;;;;7;20
"055009";"Castel Giorgio";56;3;8;0;0;;;;11;2;14;1;0;;;;17;28
"055009";"Castel Giorgio";57;3;8;0;0;;;;11;2;14;2;2;;;;20;31
"055009";"Castel Giorgio";58;1;9;0;0;;;;10;4;11;0;0;;;;15;25
"055009";"Castel Giorgio";59;4;15;3;1;;;;23;0;11;0;3;;;;14;37
"055009";"Castel Giorgio";60;2;11;0;0;;;;13;1;20;0;0;;;;21;34
"055009";"Castel Giorgio";61;3;7;0;0;;;;10;1;16;0;1;;;;18;28
"055009";"Castel Giorgio";62;3;13;1;1;;;;18;2;9;0;1;;;;12;30
"055009";"Castel Giorgio";63;3;16;3;1;;;;23;1;9;1;4;;;;15;38
"055009";"Castel Giorgio";64;0;16;0;0;;;;16;4;4;2;2;;;;12;28
"055009";"Castel Giorgio";65;0;9;0;1;;;;10;0;15;0;5;;;;20;30
"055009";"Castel Giorgio";66;2;14;3;1;;;;20;1;18;1;2;;;;22;42
"055009";"Castel Giorgio";67;4;12;0;0;;;;16;0;11;2;4;;;;17;33
"055009";"Castel Giorgio";68;3;11;1;0;;;;15;1;17;0;2;;;;20;35
"055009";"Castel Giorgio";69;2;15;0;1;;;;18;1;9;0;3;;;;13;31
"055009";"Castel Giorgio";70;4;9;2;0;;;;15;0;5;0;6;;;;11;26
"055009";"Castel Giorgio";71;4;14;0;1;;;;19;1;13;1;8;;;;23;42
"055009";"Castel Giorgio";72;3;20;0;0;;;;23;0;13;0;3;;;;16;39
"055009";"Castel Giorgio";73;0;10;0;2;;;;12;0;12;1;7;;;;20;32
"055009";"Castel Giorgio";74;0;10;1;0;;;;11;1;11;0;1;;;;13;24
"055009";"Castel Giorgio";75;1;11;1;0;;;;13;0;9;0;4;;;;13;26
"055009";"Castel Giorgio";76;1;7;0;2;;;;10;0;7;0;7;;;;14;24
"055009";"Castel Giorgio";77;0;9;0;1;;;;10;0;8;0;5;;;;13;23
"055009";"Castel Giorgio";78;0;8;1;2;;;;11;0;6;0;5;;;;11;22
"055009";"Castel Giorgio";79;1;10;0;0;;;;11;3;6;0;6;;;;15;26
"055009";"Castel Giorgio";80;3;9;0;1;;;;13;0;6;0;2;;;;8;21
"055009";"Castel Giorgio";81;0;8;0;1;;;;9;0;3;0;3;;;;6;15
"055009";"Castel Giorgio";82;0;8;0;2;;;;10;0;3;0;7;;;;10;20
"055009";"Castel Giorgio";83;1;7;0;0;;;;8;0;8;0;6;;;;14;22
"055009";"Castel Giorgio";84;1;4;0;1;;;;6;0;6;0;9;;;;15;21
"055009";"Castel Giorgio";85;0;5;0;4;;;;9;2;2;0;8;;;;12;21
"055009";"Castel Giorgio";86;1;5;0;2;;;;8;1;2;0;11;;;;14;22
"055009";"Castel Giorgio";87;1;6;0;0;;;;7;1;3;0;15;;;;19;26
"055009";"Castel Giorgio";88;1;5;0;1;;;;7;0;3;0;11;;;;14;21
"055009";"Castel Giorgio";89;1;3;0;0;;;;4;0;1;0;13;;;;14;18
"055009";"Castel Giorgio";90;1;1;0;0;;;;2;0;0;0;6;;;;6;8
"055009";"Castel Giorgio";91;0;0;0;0;;;;0;0;0;0;5;;;;5;5
"055009";"Castel Giorgio";92;0;1;0;1;;;;2;0;0;0;12;;;;12;14
"055009";"Castel Giorgio";93;0;1;0;0;;;;1;0;0;0;2;;;;2;3
"055009";"Castel Giorgio";94;0;1;0;1;;;;2;0;0;0;4;;;;4;6
"055009";"Castel Giorgio";95;0;0;0;0;;;;0;0;0;0;7;;;;7;7
"055009";"Castel Giorgio";96;0;0;0;0;;;;0;0;0;0;5;;;;5;5
"055009";"Castel Giorgio";97;0;0;0;0;;;;0;0;0;0;2;;;;2;2
"055009";"Castel Giorgio";98;0;0;0;0;;;;0;0;0;0;2;;;;2;2
"055009";"Castel Giorgio";99;0;0;0;1;;;;1;0;0;0;0;;;;0;1
"055009";"Castel Giorgio";100;0;0;0;1;;;;1;0;0;0;1;;;;1;2
"055009";"Castel Giorgio";999;408;498;20;33;;;;959;344;504;17;213;;;;1078;2037
"055010";"Castel Viscardo";0;7;0;0;0;;;;7;9;0;0;0;;;;9;16
"055010";"Castel Viscardo";1;8;0;0;0;;;;8;9;0;0;0;;;;9;17
"055010";"Castel Viscardo";2;9;0;0;0;;;;9;12;0;0;0;;;;12;21
"055010";"Castel Viscardo";3;6;0;0;0;;;;6;5;0;0;0;;;;5;11
"055010";"Castel Viscardo";4;5;0;0;0;;;;5;8;0;0;0;;;;8;13
"055010";"Castel Viscardo";5;6;0;0;0;;;;6;12;0;0;0;;;;12;18
"055010";"Castel Viscardo";6;9;0;0;0;;;;9;7;0;0;0;;;;7;16
"055010";"Castel Viscardo";7;12;0;0;0;;;;12;8;0;0;0;;;;8;20
"055010";"Castel Viscardo";8;9;0;0;0;;;;9;6;0;0;0;;;;6;15
"055010";"Castel Viscardo";9;12;0;0;0;;;;12;4;0;0;0;;;;4;16
"055010";"Castel Viscardo";10;7;0;0;0;;;;7;16;0;0;0;;;;16;23
"055010";"Castel Viscardo";11;17;0;0;0;;;;17;8;0;0;0;;;;8;25
"055010";"Castel Viscardo";12;12;0;0;0;;;;12;13;0;0;0;;;;13;25
"055010";"Castel Viscardo";13;9;0;0;0;;;;9;10;0;0;0;;;;10;19
"055010";"Castel Viscardo";14;12;0;0;0;;;;12;9;0;0;0;;;;9;21
"055010";"Castel Viscardo";15;11;0;0;0;;;;11;10;0;0;0;;;;10;21
"055010";"Castel Viscardo";16;11;0;0;0;;;;11;10;0;0;0;;;;10;21
"055010";"Castel Viscardo";17;10;0;0;0;;;;10;6;0;0;0;;;;6;16
"055010";"Castel Viscardo";18;10;0;0;0;;;;10;10;0;0;0;;;;10;20
"055010";"Castel Viscardo";19;13;0;0;0;;;;13;16;0;0;0;;;;16;29
"055010";"Castel Viscardo";20;11;0;0;0;;;;11;15;0;0;0;;;;15;26
"055010";"Castel Viscardo";21;16;0;0;0;;;;16;14;0;0;0;;;;14;30
"055010";"Castel Viscardo";22;16;0;0;0;;;;16;8;0;0;0;;;;8;24
"055010";"Castel Viscardo";23;13;0;0;0;;;;13;12;0;0;0;;;;12;25
"055010";"Castel Viscardo";24;9;0;0;0;;;;9;6;0;0;0;;;;6;15
"055010";"Castel Viscardo";25;15;0;0;0;;;;15;9;2;0;0;;;;11;26
"055010";"Castel Viscardo";26;6;0;0;0;;;;6;8;1;0;0;;;;9;15
"055010";"Castel Viscardo";27;13;0;0;0;;;;13;16;2;0;0;;;;18;31
"055010";"Castel Viscardo";28;17;2;0;0;;;;19;11;0;0;0;;;;11;30
"055010";"Castel Viscardo";29;7;1;0;0;;;;8;8;1;0;0;;;;9;17
"055010";"Castel Viscardo";30;10;1;0;0;;;;11;7;2;0;0;;;;9;20
"055010";"Castel Viscardo";31;10;1;0;0;;;;11;9;6;0;0;;;;15;26
"055010";"Castel Viscardo";32;18;2;0;0;;;;20;5;4;0;0;;;;9;29
"055010";"Castel Viscardo";33;9;6;0;0;;;;15;5;7;0;0;;;;12;27
"055010";"Castel Viscardo";34;10;6;0;0;;;;16;3;5;0;0;;;;8;24
"055010";"Castel Viscardo";35;11;3;0;0;;;;14;8;14;0;0;;;;22;36
"055010";"Castel Viscardo";36;7;0;0;0;;;;7;6;9;0;0;;;;15;22
"055010";"Castel Viscardo";37;9;7;0;0;;;;16;6;9;0;0;;;;15;31
"055010";"Castel Viscardo";38;8;9;0;0;;;;17;5;8;0;0;;;;13;30
"055010";"Castel Viscardo";39;8;7;0;0;;;;15;7;5;0;0;;;;12;27
"055010";"Castel Viscardo";40;5;9;0;0;;;;14;7;9;0;0;;;;16;30
"055010";"Castel Viscardo";41;8;12;0;0;;;;20;5;6;0;0;;;;11;31
"055010";"Castel Viscardo";42;11;9;1;0;;;;21;5;6;2;0;;;;13;34
"055010";"Castel Viscardo";43;6;9;0;0;;;;15;1;13;0;0;;;;14;29
"055010";"Castel Viscardo";44;8;8;0;0;;;;16;4;13;2;0;;;;19;35
"055010";"Castel Viscardo";45;3;13;1;0;;;;17;4;16;3;0;;;;23;40
"055010";"Castel Viscardo";46;2;11;1;0;;;;14;2;18;1;0;;;;21;35
"055010";"Castel Viscardo";47;12;13;1;0;;;;26;4;9;0;0;;;;13;39
"055010";"Castel Viscardo";48;9;11;1;0;;;;21;3;21;0;0;;;;24;45
"055010";"Castel Viscardo";49;4;11;0;0;;;;15;5;13;0;1;;;;19;34
"055010";"Castel Viscardo";50;5;13;1;0;;;;19;2;8;0;1;;;;11;30
"055010";"Castel Viscardo";51;5;15;1;1;;;;22;5;21;0;1;;;;27;49
"055010";"Castel Viscardo";52;6;12;1;0;;;;19;0;18;3;1;;;;22;41
"055010";"Castel Viscardo";53;5;12;1;0;;;;18;5;21;0;4;;;;30;48
"055010";"Castel Viscardo";54;6;18;0;1;;;;25;3;11;1;1;;;;16;41
"055010";"Castel Viscardo";55;7;7;1;1;;;;16;4;11;2;0;;;;17;33
"055010";"Castel Viscardo";56;4;14;2;0;;;;20;1;18;0;1;;;;20;40
"055010";"Castel Viscardo";57;2;12;2;0;;;;16;1;17;1;2;;;;21;37
"055010";"Castel Viscardo";58;1;24;2;1;;;;28;2;21;3;1;;;;27;55
"055010";"Castel Viscardo";59;3;16;1;0;;;;20;1;15;0;1;;;;17;37
"055010";"Castel Viscardo";60;2;24;2;0;;;;28;3;13;1;1;;;;18;46
"055010";"Castel Viscardo";61;3;14;1;0;;;;18;1;13;2;3;;;;19;37
"055010";"Castel Viscardo";62;7;17;1;0;;;;25;0;15;1;0;;;;16;41
"055010";"Castel Viscardo";63;1;18;2;0;;;;21;3;16;1;2;;;;22;43
"055010";"Castel Viscardo";64;3;17;1;0;;;;21;0;18;2;2;;;;22;43
"055010";"Castel Viscardo";65;6;15;0;1;;;;22;1;15;2;2;;;;20;42
"055010";"Castel Viscardo";66;4;14;1;0;;;;19;2;24;2;0;;;;28;47
"055010";"Castel Viscardo";67;0;6;1;3;;;;10;3;13;2;3;;;;21;31
"055010";"Castel Viscardo";68;1;20;2;0;;;;23;3;13;2;5;;;;23;46
"055010";"Castel Viscardo";69;2;14;0;1;;;;17;0;20;1;5;;;;26;43
"055010";"Castel Viscardo";70;1;23;1;3;;;;28;2;13;0;3;;;;18;46
"055010";"Castel Viscardo";71;2;20;1;0;;;;23;2;16;2;7;;;;27;50
"055010";"Castel Viscardo";72;1;20;0;0;;;;21;0;15;0;6;;;;21;42
"055010";"Castel Viscardo";73;4;15;1;0;;;;20;0;13;0;7;;;;20;40
"055010";"Castel Viscardo";74;1;16;0;1;;;;18;4;10;1;5;;;;20;38
"055010";"Castel Viscardo";75;1;12;0;1;;;;14;0;16;0;5;;;;21;35
"055010";"Castel Viscardo";76;1;6;0;0;;;;7;0;4;0;5;;;;9;16
"055010";"Castel Viscardo";77;0;18;1;2;;;;21;1;5;0;7;;;;13;34
"055010";"Castel Viscardo";78;1;7;0;3;;;;11;2;7;1;6;;;;16;27
"055010";"Castel Viscardo";79;0;8;0;2;;;;10;2;9;0;12;;;;23;33
"055010";"Castel Viscardo";80;2;9;0;4;;;;15;4;5;0;8;;;;17;32
"055010";"Castel Viscardo";81;1;13;0;3;;;;17;1;8;0;8;;;;17;34
"055010";"Castel Viscardo";82;0;14;0;5;;;;19;0;2;1;6;;;;9;28
"055010";"Castel Viscardo";83;0;7;0;1;;;;8;0;7;0;17;;;;24;32
"055010";"Castel Viscardo";84;1;6;0;3;;;;10;1;5;0;14;;;;20;30
"055010";"Castel Viscardo";85;1;9;0;2;;;;12;6;3;0;14;;;;23;35
"055010";"Castel Viscardo";86;0;4;0;1;;;;5;1;0;0;5;;;;6;11
"055010";"Castel Viscardo";87;1;4;1;4;;;;10;0;4;0;12;;;;16;26
"055010";"Castel Viscardo";88;0;2;0;1;;;;3;1;2;1;13;;;;17;20
"055010";"Castel Viscardo";89;0;3;0;2;;;;5;3;0;0;12;;;;15;20
"055010";"Castel Viscardo";90;0;3;0;2;;;;5;0;2;1;6;;;;9;14
"055010";"Castel Viscardo";91;0;4;0;0;;;;4;1;0;0;6;;;;7;11
"055010";"Castel Viscardo";92;0;0;0;0;;;;0;1;0;0;4;;;;5;5
"055010";"Castel Viscardo";93;0;0;0;1;;;;1;2;0;0;4;;;;6;7
"055010";"Castel Viscardo";94;0;0;0;0;;;;0;1;1;0;5;;;;7;7
"055010";"Castel Viscardo";95;1;0;0;0;;;;1;0;0;0;2;;;;2;3
"055010";"Castel Viscardo";96;0;0;0;1;;;;1;0;0;0;1;;;;1;2
"055010";"Castel Viscardo";97;0;1;0;1;;;;2;0;0;0;0;;;;0;2
"055010";"Castel Viscardo";98;0;0;0;0;;;;0;0;0;0;0;;;;0;0
"055010";"Castel Viscardo";99;0;2;0;0;;;;2;0;0;0;0;;;;0;2
"055010";"Castel Viscardo";100;0;0;0;0;;;;0;0;0;0;0;;;;0;0
"055010";"Castel Viscardo";999;578;679;33;52;;;;1342;471;667;41;237;;;;1416;2758
"055011";"Fabro";0;10;0;0;0;;;;10;6;0;0;0;;;;6;16
"055011";"Fabro";1;9;0;0;0;;;;9;9;0;0;0;;;;9;18
"055011";"Fabro";2;5;0;0;0;;;;5;7;0;0;0;;;;7;12
"055011";"Fabro";3;5;0;0;0;;;;5;8;0;0;0;;;;8;13
"055011";"Fabro";4;8;0;0;0;;;;8;7;0;0;0;;;;7;15
"055011";"Fabro";5;3;0;0;0;;;;3;8;0;0;0;;;;8;11
"055011";"Fabro";6;6;0;0;0;;;;6;9;0;0;0;;;;9;15
"055011";"Fabro";7;13;0;0;0;;;;13;11;0;0;0;;;;11;24
"055011";"Fabro";8;5;0;0;0;;;;5;5;0;0;0;;;;5;10
"055011";"Fabro";9;11;0;0;0;;;;11;16;0;0;0;;;;16;27
"055011";"Fabro";10;13;0;0;0;;;;13;22;0;0;0;;;;22;35
"055011";"Fabro";11;13;0;0;0;;;;13;11;0;0;0;;;;11;24
"055011";"Fabro";12;6;0;0;0;;;;6;3;0;0;0;;;;3;9
"055011";"Fabro";13;14;0;0;0;;;;14;13;0;0;0;;;;13;27
"055011";"Fabro";14;13;0;0;0;;;;13;11;0;0;0;;;;11;24
"055011";"Fabro";15;10;0;0;0;;;;10;11;0;0;0;;;;11;21
"055011";"Fabro";16;17;0;0;0;;;;17;10;0;0;0;;;;10;27
"055011";"Fabro";17;8;0;0;0;;;;8;7;0;0;0;;;;7;15
"055011";"Fabro";18;20;0;0;0;;;;20;11;0;0;0;;;;11;31
"055011";"Fabro";19;12;0;0;0;;;;12;12;0;0;0;;;;12;24
"055011";"Fabro";20;8;0;0;0;;;;8;13;0;0;0;;;;13;21
"055011";"Fabro";21;16;0;0;0;;;;16;7;0;0;0;;;;7;23
"055011";"Fabro";22;12;0;0;0;;;;12;14;0;0;0;;;;14;26
"055011";"Fabro";23;14;0;0;0;;;;14;13;0;0;0;;;;13;27
"055011";"Fabro";24;12;0;0;0;;;;12;8;5;0;0;;;;13;25
"055011";"Fabro";25;12;2;0;0;;;;14;6;1;0;0;;;;7;21
"055011";"Fabro";26;12;1;0;0;;;;13;16;2;0;0;;;;18;31
"055011";"Fabro";27;9;1;0;0;;;;10;7;1;0;0;;;;8;18
"055011";"Fabro";28;11;2;0;0;;;;13;12;1;0;0;;;;13;26
"055011";"Fabro";29;10;1;0;0;;;;11;8;3;0;0;;;;11;22
"055011";"Fabro";30;10;2;0;0;;;;12;9;2;0;0;;;;11;23
"055011";"Fabro";31;10;1;0;0;;;;11;7;3;0;0;;;;10;21
"055011";"Fabro";32;12;3;0;0;;;;15;8;2;0;0;;;;10;25
"055011";"Fabro";33;14;0;0;0;;;;14;8;4;0;0;;;;12;26
"055011";"Fabro";34;11;3;1;0;;;;15;10;3;0;0;;;;13;28
"055011";"Fabro";35;10;4;0;0;;;;14;11;9;0;0;;;;20;34
"055011";"Fabro";36;9;3;0;0;;;;12;9;9;0;0;;;;18;30
"055011";"Fabro";37;10;10;1;0;;;;21;8;8;1;0;;;;17;38
"055011";"Fabro";38;14;8;1;0;;;;23;8;8;1;0;;;;17;40
"055011";"Fabro";39;13;7;0;0;;;;20;4;8;0;0;;;;12;32
"055011";"Fabro";40;5;5;0;0;;;;10;4;8;2;0;;;;14;24
"055011";"Fabro";41;6;7;0;0;;;;13;5;9;3;1;;;;18;31
"055011";"Fabro";42;10;5;0;0;;;;15;8;7;0;1;;;;16;31
"055011";"Fabro";43;4;11;0;0;;;;15;6;16;0;0;;;;22;37
"055011";"Fabro";44;4;5;1;0;;;;10;5;13;1;0;;;;19;29
"055011";"Fabro";45;12;10;2;0;;;;24;4;6;1;2;;;;13;37
"055011";"Fabro";46;10;15;1;0;;;;26;8;11;1;0;;;;20;46
"055011";"Fabro";47;4;17;0;0;;;;21;5;16;1;0;;;;22;43
"055011";"Fabro";48;6;17;1;0;;;;24;2;18;0;1;;;;21;45
"055011";"Fabro";49;4;18;1;0;;;;23;3;19;1;1;;;;24;47
"055011";"Fabro";50;4;11;4;0;;;;19;8;19;1;0;;;;28;47
"055011";"Fabro";51;6;10;0;0;;;;16;2;18;2;1;;;;23;39
"055011";"Fabro";52;11;15;1;0;;;;27;2;13;2;1;;;;18;45
"055011";"Fabro";53;4;17;2;0;;;;23;1;14;2;0;;;;17;40
"055011";"Fabro";54;3;12;2;0;;;;17;3;12;2;2;;;;19;36
"055011";"Fabro";55;4;15;1;0;;;;20;2;11;2;1;;;;16;36
"055011";"Fabro";56;1;14;2;0;;;;17;3;19;1;2;;;;25;42
"055011";"Fabro";57;6;11;1;2;;;;20;5;18;3;1;;;;27;47
"055011";"Fabro";58;3;13;1;0;;;;17;1;15;2;0;;;;18;35
"055011";"Fabro";59;4;10;0;0;;;;14;2;25;0;2;;;;29;43
"055011";"Fabro";60;1;12;0;0;;;;13;2;13;0;1;;;;16;29
"055011";"Fabro";61;1;17;2;0;;;;20;0;15;2;3;;;;20;40
"055011";"Fabro";62;7;20;3;1;;;;31;1;8;1;2;;;;12;43
"055011";"Fabro";63;1;12;1;0;;;;14;1;4;1;4;;;;10;24
"055011";"Fabro";64;0;18;0;1;;;;19;1;14;2;1;;;;18;37
"055011";"Fabro";65;2;19;0;1;;;;22;0;15;0;2;;;;17;39
"055011";"Fabro";66;0;13;4;0;;;;17;0;14;1;4;;;;19;36
"055011";"Fabro";67;1;9;0;1;;;;11;1;11;0;3;;;;15;26
"055011";"Fabro";68;4;6;0;2;;;;12;0;23;2;6;;;;31;43
"055011";"Fabro";69;0;16;0;1;;;;17;0;12;0;3;;;;15;32
"055011";"Fabro";70;1;14;0;1;;;;16;3;21;0;2;;;;26;42
"055011";"Fabro";71;1;17;1;1;;;;20;0;13;0;8;;;;21;41
"055011";"Fabro";72;2;15;0;0;;;;17;0;12;1;6;;;;19;36
"055011";"Fabro";73;1;14;0;1;;;;16;0;12;0;6;;;;18;34
"055011";"Fabro";74;1;17;1;1;;;;20;1;11;0;4;;;;16;36
"055011";"Fabro";75;1;12;0;0;;;;13;0;7;2;1;;;;10;23
"055011";"Fabro";76;2;8;0;0;;;;10;2;7;0;7;;;;16;26
"055011";"Fabro";77;0;8;1;3;;;;12;0;6;0;6;;;;12;24
"055011";"Fabro";78;0;14;0;2;;;;16;0;3;0;5;;;;8;24
"055011";"Fabro";79;3;10;0;0;;;;13;0;9;0;6;;;;15;28
"055011";"Fabro";80;1;13;0;4;;;;18;0;5;0;6;;;;11;29
"055011";"Fabro";81;1;8;0;3;;;;12;0;10;0;5;;;;15;27
"055011";"Fabro";82;0;11;0;1;;;;12;1;2;0;14;;;;17;29
"055011";"Fabro";83;0;10;0;0;;;;10;0;5;0;10;;;;15;25
"055011";"Fabro";84;1;2;0;3;;;;6;0;2;0;8;;;;10;16
"055011";"Fabro";85;0;4;0;3;;;;7;0;6;0;6;;;;12;19
"055011";"Fabro";86;3;6;0;2;;;;11;0;4;0;7;;;;11;22
"055011";"Fabro";87;0;6;0;1;;;;7;1;2;0;10;;;;13;20
"055011";"Fabro";88;0;3;0;1;;;;4;0;1;0;11;;;;12;16
"055011";"Fabro";89;1;7;0;0;;;;8;0;0;0;9;;;;9;17
"055011";"Fabro";90;0;4;0;3;;;;7;1;3;0;5;;;;9;16
"055011";"Fabro";91;0;2;0;1;;;;3;0;0;1;8;;;;9;12
"055011";"Fabro";92;0;1;0;2;;;;3;0;0;0;5;;;;5;8
"055011";"Fabro";93;0;1;0;0;;;;1;0;0;0;3;;;;3;4
"055011";"Fabro";94;0;1;0;0;;;;1;0;0;0;2;;;;2;3
"055011";"Fabro";95;0;0;0;1;;;;1;1;0;0;1;;;;2;3
"055011";"Fabro";96;0;0;0;0;;;;0;0;0;0;0;;;;0;0
"055011";"Fabro";97;0;0;0;0;;;;0;0;0;0;2;;;;2;2
"055011";"Fabro";98;0;0;0;0;;;;0;0;0;0;1;;;;1;1
"055011";"Fabro";99;0;0;0;0;;;;0;0;0;0;0;;;;0;0
"055011";"Fabro";100;0;0;0;0;;;;0;1;0;0;0;;;;1;1
"055011";"Fabro";999;577;636;36;43;;;;1292;479;626;42;209;;;;1356;2648
"055012";"Ferentillo";0;10;0;0;0;;;;10;7;0;0;0;;;;7;17
"055012";"Ferentillo";1;7;0;0;0;;;;7;9;0;0;0;;;;9;16
"055012";"Ferentillo";2;10;0;0;0;;;;10;7;0;0;0;;;;7;17
"055012";"Ferentillo";3;5;0;0;0;;;;5;5;0;0;0;;;;5;10
"055012";"Ferentillo";4;4;0;0;0;;;;4;7;0;0;0;;;;7;11
"055012";"Ferentillo";5;12;0;0;0;;;;12;7;0;0;0;;;;7;19
"055012";"Ferentillo";6;5;0;0;0;;;;5;4;0;0;0;;;;4;9
"055012";"Ferentillo";7;5;0;0;0;;;;5;7;0;0;0;;;;7;12
"055012";"Ferentillo";8;12;0;0;0;;;;12;6;0;0;0;;;;6;18
"055012";"Ferentillo";9;12;0;0;0;;;;12;15;0;0;0;;;;15;27
"055012";"Ferentillo";10;7;0;0;0;;;;7;5;0;0;0;;;;5;12
"055012";"Ferentillo";11;9;0;0;0;;;;9;6;0;0;0;;;;6;15
"055012";"Ferentillo";12;7;0;0;0;;;;7;16;0;0;0;;;;16;23
"055012";"Ferentillo";13;9;0;0;0;;;;9;6;0;0;0;;;;6;15
"055012";"Ferentillo";14;10;0;0;0;;;;10;5;0;0;0;;;;5;15
"055012";"Ferentillo";15;7;0;0;0;;;;7;4;0;0;0;;;;4;11
"055012";"Ferentillo";16;6;0;0;0;;;;6;7;0;0;0;;;;7;13
"055012";"Ferentillo";17;15;0;0;0;;;;15;6;0;0;0;;;;6;21
"055012";"Ferentillo";18;16;0;0;0;;;;16;6;0;0;0;;;;6;22
"055012";"Ferentillo";19;4;0;0;0;;;;4;5;1;0;0;;;;6;10
"055012";"Ferentillo";20;9;0;0;0;;;;9;3;0;0;0;;;;3;12
"055012";"Ferentillo";21;4;0;0;0;;;;4;15;1;0;0;;;;16;20
"055012";"Ferentillo";22;10;2;0;0;;;;12;5;0;0;0;;;;5;17
"055012";"Ferentillo";23;14;0;0;0;;;;14;4;1;0;0;;;;5;19
"055012";"Ferentillo";24;9;0;0;0;;;;9;5;0;0;0;;;;5;14
"055012";"Ferentillo";25;7;0;0;0;;;;7;6;0;0;0;;;;6;13
"055012";"Ferentillo";26;6;0;0;0;;;;6;2;0;0;0;;;;2;8
"055012";"Ferentillo";27;1;0;0;0;;;;1;4;1;0;0;;;;5;6
"055012";"Ferentillo";28;8;1;0;0;;;;9;10;1;0;0;;;;11;20
"055012";"Ferentillo";29;4;1;0;0;;;;5;7;2;0;0;;;;9;14
"055012";"Ferentillo";30;9;1;0;0;;;;10;6;1;0;0;;;;7;17
"055012";"Ferentillo";31;2;1;0;0;;;;3;4;3;0;0;;;;7;10
"055012";"Ferentillo";32;1;3;1;0;;;;5;7;5;0;0;;;;12;17
"055012";"Ferentillo";33;11;4;0;0;;;;15;8;8;0;0;;;;16;31
"055012";"Ferentillo";34;9;1;0;0;;;;10;4;6;0;0;;;;10;20
"055012";"Ferentillo";35;6;5;0;0;;;;11;7;7;0;0;;;;14;25
"055012";"Ferentillo";36;4;3;0;0;;;;7;2;5;1;0;;;;8;15
"055012";"Ferentillo";37;5;3;0;0;;;;8;5;6;1;0;;;;12;20
"055012";"Ferentillo";38;2;4;1;1;;;;8;6;5;0;0;;;;11;19
"055012";"Ferentillo";39;3;7;0;0;;;;10;4;5;0;0;;;;9;19
"055012";"Ferentillo";40;2;5;2;0;;;;9;4;7;0;0;;;;11;20
"055012";"Ferentillo";41;5;6;1;0;;;;12;3;9;0;0;;;;12;24
"055012";"Ferentillo";42;2;6;0;0;;;;8;4;12;1;0;;;;17;25
"055012";"Ferentillo";43;6;7;0;0;;;;13;2;15;1;0;;;;18;31
"055012";"Ferentillo";44;2;13;0;0;;;;15;0;8;0;0;;;;8;23
"055012";"Ferentillo";45;7;10;1;0;;;;18;6;5;1;1;;;;13;31
"055012";"Ferentillo";46;7;12;2;0;;;;21;4;8;0;0;;;;12;33
"055012";"Ferentillo";47;10;5;0;0;;;;15;2;8;0;0;;;;10;25
"055012";"Ferentillo";48;0;6;1;0;;;;7;6;8;1;1;;;;16;23
"055012";"Ferentillo";49;5;9;0;1;;;;15;2;12;1;0;;;;15;30
"055012";"Ferentillo";50;5;9;0;0;;;;14;2;6;0;0;;;;8;22
"055012";"Ferentillo";51;4;11;1;0;;;;16;2;9;0;0;;;;11;27
"055012";"Ferentillo";52;3;8;1;0;;;;12;4;16;0;1;;;;21;33
"055012";"Ferentillo";53;1;5;0;0;;;;6;1;6;0;2;;;;9;15
"055012";"Ferentillo";54;4;16;2;0;;;;22;3;12;0;0;;;;15;37
"055012";"Ferentillo";55;2;14;2;0;;;;18;2;9;1;1;;;;13;31
"055012";"Ferentillo";56;0;10;0;0;;;;10;1;10;1;0;;;;12;22
"055012";"Ferentillo";57;0;5;2;2;;;;9;1;11;2;1;;;;15;24
"055012";"Ferentillo";58;4;8;0;0;;;;12;0;9;0;2;;;;11;23
"055012";"Ferentillo";59;4;5;1;0;;;;10;0;9;2;3;;;;14;24
"055012";"Ferentillo";60;2;5;1;0;;;;8;1;8;0;0;;;;9;17
"055012";"Ferentillo";61;1;9;0;1;;;;11;1;8;1;0;;;;10;21
"055012";"Ferentillo";62;2;13;1;0;;;;16;1;8;1;0;;;;10;26
"055012";"Ferentillo";63;3;13;0;0;;;;16;2;6;0;2;;;;10;26
"055012";"Ferentillo";64;0;9;1;0;;;;10;0;13;2;1;;;;16;26
"055012";"Ferentillo";65;0;7;1;0;;;;8;1;6;0;3;;;;10;18
"055012";"Ferentillo";66;1;9;3;0;;;;13;1;8;0;1;;;;10;23
"055012";"Ferentillo";67;0;9;0;0;;;;9;1;9;2;2;;;;14;23
"055012";"Ferentillo";68;0;9;2;0;;;;11;0;8;2;1;;;;11;22
"055012";"Ferentillo";69;2;11;0;2;;;;15;0;7;0;3;;;;10;25
"055012";"Ferentillo";70;1;13;0;0;;;;14;0;7;0;1;;;;8;22
"055012";"Ferentillo";71;2;3;0;3;;;;8;1;13;0;2;;;;16;24
"055012";"Ferentillo";72;1;18;0;1;;;;20;0;11;0;3;;;;14;34
"055012";"Ferentillo";73;2;6;1;0;;;;9;0;9;2;5;;;;16;25
"055012";"Ferentillo";74;4;6;0;1;;;;11;0;11;0;4;;;;15;26
"055012";"Ferentillo";75;0;6;0;0;;;;6;1;5;0;1;;;;7;13
"055012";"Ferentillo";76;1;9;0;1;;;;11;1;4;0;9;;;;14;25
"055012";"Ferentillo";77;0;10;0;0;;;;10;0;5;0;5;;;;10;20
"055012";"Ferentillo";78;0;11;1;0;;;;12;1;2;1;7;;;;11;23
"055012";"Ferentillo";79;1;7;0;0;;;;8;0;3;0;2;;;;5;13
"055012";"Ferentillo";80;0;9;0;3;;;;12;0;5;0;6;;;;11;23
"055012";"Ferentillo";81;2;4;0;0;;;;6;0;2;0;5;;;;7;13
"055012";"Ferentillo";82;1;3;0;2;;;;6;1;4;0;10;;;;15;21
"055012";"Ferentillo";83;0;3;0;1;;;;4;0;1;0;10;;;;11;15
"055012";"Ferentillo";84;2;4;1;0;;;;7;0;5;0;8;;;;13;20
"055012";"Ferentillo";85;1;6;0;2;;;;9;1;2;1;6;;;;10;19
"055012";"Ferentillo";86;0;4;0;5;;;;9;0;1;0;7;;;;8;17
"055012";"Ferentillo";87;1;3;0;2;;;;6;0;1;0;8;;;;9;15
"055012";"Ferentillo";88;0;1;0;0;;;;1;0;0;0;8;;;;8;9
"055012";"Ferentillo";89;0;0;0;1;;;;1;0;0;0;6;;;;6;7
"055012";"Ferentillo";90;2;1;0;3;;;;6;0;2;0;3;;;;5;11
"055012";"Ferentillo";91;0;2;0;2;;;;4;0;1;0;2;;;;3;7
"055012";"Ferentillo";92;1;0;0;0;;;;1;0;0;0;2;;;;2;3
"055012";"Ferentillo";93;0;0;0;2;;;;2;0;0;0;1;;;;1;3
"055012";"Ferentillo";94;0;1;0;0;;;;1;0;0;0;4;;;;4;5
"055012";"Ferentillo";95;0;0;0;1;;;;1;0;0;0;1;;;;1;2
"055012";"Ferentillo";96;0;0;0;2;;;;2;0;0;0;2;;;;2;4
"055012";"Ferentillo";97;0;0;0;0;;;;0;0;0;0;1;;;;1;1
"055012";"Ferentillo";98;0;0;0;0;;;;0;0;0;0;0;;;;0;0
"055012";"Ferentillo";99;0;0;0;0;;;;0;0;0;0;0;;;;0;0
"055012";"Ferentillo";100;0;0;0;0;;;;0;0;0;0;1;;;;1;1
"055012";"Ferentillo";999;402;430;30;39;;;;901;317;422;25;155;;;;919;1820
"055013";"Ficulle";0;3;0;0;0;;;;3;5;0;0;0;;;;5;8
"055013";"Ficulle";1;6;0;0;0;;;;6;6;0;0;0;;;;6;12
"055013";"Ficulle";2;4;0;0;0;;;;4;7;0;0;0;;;;7;11
"055013";"Ficulle";3;5;0;0;0;;;;5;3;0;0;0;;;;3;8
"055013";"Ficulle";4;8;0;0;0;;;;8;7;0;0;0;;;;7;15
"055013";"Ficulle";5;2;0;0;0;;;;2;4;0;0;0;;;;4;6
"055013";"Ficulle";6;4;0;0;0;;;;4;4;0;0;0;;;;4;8
"055013";"Ficulle";7;4;0;0;0;;;;4;13;0;0;0;;;;13;17
"055013";"Ficulle";8;4;0;0;0;;;;4;13;0;0;0;;;;13;17
"055013";"Ficulle";9;4;0;0;0;;;;4;5;0;0;0;;;;5;9
"055013";"Ficulle";10;6;0;0;0;;;;6;3;0;0;0;;;;3;9
"055013";"Ficulle";11;8;0;0;0;;;;8;6;0;0;0;;;;6;14
"055013";"Ficulle";12;4;0;0;0;;;;4;7;0;0;0;;;;7;11
"055013";"Ficulle";13;5;0;0;0;;;;5;7;0;0;0;;;;7;12
"055013";"Ficulle";14;5;0;0;0;;;;5;7;0;0;0;;;;7;12
"055013";"Ficulle";15;5;0;0;0;;;;5;4;0;0;0;;;;4;9
"055013";"Ficulle";16;5;0;0;0;;;;5;5;0;0;0;;;;5;10
"055013";"Ficulle";17;3;0;0;0;;;;3;1;0;0;0;;;;1;4
"055013";"Ficulle";18;5;0;0;0;;;;5;7;0;0;0;;;;7;12
"055013";"Ficulle";19;5;0;0;0;;;;5;8;0;0;0;;;;8;13
"055013";"Ficulle";20;5;0;0;0;;;;5;5;0;0;0;;;;5;10
"055013";"Ficulle";21;6;0;0;0;;;;6;3;0;0;0;;;;3;9
"055013";"Ficulle";22;10;0;0;0;;;;10;8;0;0;0;;;;8;18
"055013";"Ficulle";23;12;0;0;0;;;;12;7;0;0;1;;;;8;20
"055013";"Ficulle";24;16;0;0;0;;;;16;9;0;0;0;;;;9;25
"055013";"Ficulle";25;8;0;0;0;;;;8;1;0;0;0;;;;1;9
"055013";"Ficulle";26;7;0;0;0;;;;7;5;3;0;0;;;;8;15
"055013";"Ficulle";27;6;0;0;0;;;;6;5;0;0;0;;;;5;11
"055013";"Ficulle";28;10;1;0;0;;;;11;9;1;0;0;;;;10;21
"055013";"Ficulle";29;3;0;0;0;;;;3;5;0;0;0;;;;5;8
"055013";"Ficulle";30;6;1;0;0;;;;7;6;0;0;0;;;;6;13
"055013";"Ficulle";31;8;0;0;0;;;;8;1;4;0;0;;;;5;13
"055013";"Ficulle";32;2;2;0;0;;;;4;3;1;0;0;;;;4;8
"055013";"Ficulle";33;6;0;0;0;;;;6;5;4;0;0;;;;9;15
"055013";"Ficulle";34;4;3;0;0;;;;7;4;3;0;0;;;;7;14
"055013";"Ficulle";35;6;1;0;0;;;;7;3;3;0;0;;;;6;13
"055013";"Ficulle";36;9;4;0;0;;;;13;3;6;0;0;;;;9;22
"055013";"Ficulle";37;7;2;0;0;;;;9;2;2;0;0;;;;4;13
"055013";"Ficulle";38;8;3;0;0;;;;11;6;7;1;0;;;;14;25
"055013";"Ficulle";39;5;7;1;0;;;;13;5;5;1;0;;;;11;24
"055013";"Ficulle";40;4;7;0;0;;;;11;4;1;0;0;;;;5;16
"055013";"Ficulle";41;3;9;1;0;;;;13;2;5;0;0;;;;7;20
"055013";"Ficulle";42;7;5;0;0;;;;12;2;5;0;0;;;;7;19
"055013";"Ficulle";43;3;8;0;0;;;;11;3;4;1;0;;;;8;19
"055013";"Ficulle";44;2;1;0;0;;;;3;6;8;0;1;;;;15;18
"055013";"Ficulle";45;7;7;0;0;;;;14;3;3;1;0;;;;7;21
"055013";"Ficulle";46;4;5;0;0;;;;9;5;6;0;2;;;;13;22
"055013";"Ficulle";47;4;5;1;0;;;;10;4;7;2;0;;;;13;23
"055013";"Ficulle";48;6;5;1;0;;;;12;1;9;0;0;;;;10;22
"055013";"Ficulle";49;4;3;1;0;;;;8;0;11;2;0;;;;13;21
"055013";"Ficulle";50;3;5;0;0;;;;8;0;9;1;0;;;;10;18
"055013";"Ficulle";51;1;7;2;0;;;;10;2;9;1;0;;;;12;22
"055013";"Ficulle";52;6;9;3;0;;;;18;3;10;0;0;;;;13;31
"055013";"Ficulle";53;1;7;0;0;;;;8;2;14;1;0;;;;17;25
"055013";"Ficulle";54;2;10;0;0;;;;12;2;13;1;0;;;;16;28
"055013";"Ficulle";55;4;10;0;0;;;;14;2;11;1;1;;;;15;29
"055013";"Ficulle";56;2;12;1;0;;;;15;0;4;0;1;;;;5;20
"055013";"Ficulle";57;3;12;0;0;;;;15;1;14;0;0;;;;15;30
"055013";"Ficulle";58;1;10;2;0;;;;13;0;11;2;0;;;;13;26
"055013";"Ficulle";59;2;11;1;0;;;;14;1;11;1;3;;;;16;30
"055013";"Ficulle";60;4;10;0;0;;;;14;2;9;0;1;;;;12;26
"055013";"Ficulle";61;0;7;0;0;;;;7;0;6;1;0;;;;7;14
"055013";"Ficulle";62;1;9;0;1;;;;11;2;11;0;0;;;;13;24
"055013";"Ficulle";63;1;8;2;0;;;;11;1;11;2;0;;;;14;25
"055013";"Ficulle";64;1;10;0;0;;;;11;1;6;0;2;;;;9;20
"055013";"Ficulle";65;1;13;1;1;;;;16;2;8;0;0;;;;10;26
"055013";"Ficulle";66;0;8;1;0;;;;9;1;9;0;1;;;;11;20
"055013";"Ficulle";67;1;12;0;0;;;;13;0;6;0;0;;;;6;19
"055013";"Ficulle";68;1;10;0;1;;;;12;3;12;1;1;;;;17;29
"055013";"Ficulle";69;0;13;1;0;;;;14;0;8;0;1;;;;9;23
"055013";"Ficulle";70;0;8;0;2;;;;10;2;9;1;3;;;;15;25
"055013";"Ficulle";71;2;10;1;0;;;;13;0;10;1;2;;;;13;26
"055013";"Ficulle";72;2;9;0;0;;;;11;1;10;1;4;;;;16;27
"055013";"Ficulle";73;3;11;0;2;;;;16;0;8;0;5;;;;13;29
"055013";"Ficulle";74;1;3;0;0;;;;4;1;2;0;1;;;;4;8
"055013";"Ficulle";75;1;8;0;0;;;;9;0;4;0;0;;;;4;13
"055013";"Ficulle";76;0;8;0;1;;;;9;1;4;0;3;;;;8;17
"055013";"Ficulle";77;0;8;0;1;;;;9;0;5;0;2;;;;7;16
"055013";"Ficulle";78;0;5;0;4;;;;9;0;6;0;1;;;;7;16
"055013";"Ficulle";79;0;8;0;1;;;;9;0;5;0;2;;;;7;16
"055013";"Ficulle";80;2;10;0;0;;;;12;0;6;1;1;;;;8;20
"055013";"Ficulle";81;3;5;0;0;;;;8;0;3;0;8;;;;11;19
"055013";"Ficulle";82;1;6;0;1;;;;8;0;3;0;3;;;;6;14
"055013";"Ficulle";83;1;4;0;2;;;;7;2;4;0;7;;;;13;20
"055013";"Ficulle";84;1;4;0;1;;;;6;0;1;0;8;;;;9;15
"055013";"Ficulle";85;0;4;0;0;;;;4;0;0;0;3;;;;3;7
"055013";"Ficulle";86;0;3;0;3;;;;6;0;4;0;8;;;;12;18
"055013";"Ficulle";87;0;3;0;1;;;;4;0;2;0;5;;;;7;11
"055013";"Ficulle";88;0;4;0;0;;;;4;0;1;0;6;;;;7;11
"055013";"Ficulle";89;0;3;0;2;;;;5;0;0;0;3;;;;3;8
"055013";"Ficulle";90;0;3;0;0;;;;3;0;0;0;7;;;;7;10
"055013";"Ficulle";91;0;3;0;0;;;;3;0;0;0;5;;;;5;8
"055013";"Ficulle";92;0;2;0;0;;;;2;0;1;0;3;;;;4;6
"055013";"Ficulle";93;0;1;0;1;;;;2;1;0;0;2;;;;3;5
"055013";"Ficulle";94;0;0;0;0;;;;0;1;0;0;1;;;;2;2
"055013";"Ficulle";95;0;0;0;0;;;;0;0;0;0;2;;;;2;2
"055013";"Ficulle";96;0;0;0;0;;;;0;0;0;0;2;;;;2;2
"055013";"Ficulle";97;0;0;0;1;;;;1;0;0;0;2;;;;2;3
"055013";"Ficulle";98;0;0;0;0;;;;0;0;0;0;0;;;;0;0
"055013";"Ficulle";99;0;0;0;0;;;;0;0;0;0;0;;;;0;0
"055013";"Ficulle";100;0;0;0;0;;;;0;0;0;0;0;;;;0;0
"055013";"Ficulle";999;335;405;20;26;;;;786;281;378;24;114;;;;797;1583
"055014";"Giove";0;7;0;0;0;;;;7;2;0;0;0;;;;2;9
"055014";"Giove";1;5;0;0;0;;;;5;4;0;0;0;;;;4;9
"055014";"Giove";2;6;0;0;0;;;;6;1;0;0;0;;;;1;7
"055014";"Giove";3;8;0;0;0;;;;8;5;0;0;0;;;;5;13
"055014";"Giove";4;4;0;0;0;;;;4;5;0;0;0;;;;5;9
"055014";"Giove";5;4;0;0;0;;;;4;1;0;0;0;;;;1;5
"055014";"Giove";6;15;0;0;0;;;;15;5;0;0;0;;;;5;20
"055014";"Giove";7;11;0;0;0;;;;11;7;0;0;0;;;;7;18
"055014";"Giove";8;5;0;0;0;;;;5;11;0;0;0;;;;11;16
"055014";"Giove";9;8;0;0;0;;;;8;6;0;0;0;;;;6;14
"055014";"Giove";10;6;0;0;0;;;;6;11;0;0;0;;;;11;17
"055014";"Giove";11;2;0;0;0;;;;2;6;0;0;0;;;;6;8
"055014";"Giove";12;8;0;0;0;;;;8;10;0;0;0;;;;10;18
"055014";"Giove";13;10;0;0;0;;;;10;10;0;0;0;;;;10;20
"055014";"Giove";14;11;0;0;0;;;;11;14;0;0;0;;;;14;25
"055014";"Giove";15;5;0;0;0;;;;5;8;0;0;0;;;;8;13
"055014";"Giove";16;8;0;0;0;;;;8;5;0;0;0;;;;5;13
"055014";"Giove";17;11;0;0;0;;;;11;9;0;0;0;;;;9;20
"055014";"Giove";18;9;0;0;0;;;;9;7;0;0;0;;;;7;16
"055014";"Giove";19;11;0;0;0;;;;11;12;0;0;0;;;;12;23
"055014";"Giove";20;5;0;0;0;;;;5;10;0;0;0;;;;10;15
"055014";"Giove";21;7;0;0;0;;;;7;3;0;0;0;;;;3;10
"055014";"Giove";22;7;0;0;0;;;;7;10;0;0;0;;;;10;17
"055014";"Giove";23;7;0;0;0;;;;7;12;0;0;0;;;;12;19
"055014";"Giove";24;4;0;0;0;;;;4;4;0;0;0;;;;4;8
"055014";"Giove";25;3;0;0;0;;;;3;7;0;0;0;;;;7;10
"055014";"Giove";26;7;0;0;0;;;;7;3;0;0;0;;;;3;10
"055014";"Giove";27;7;0;0;0;;;;7;8;0;0;0;;;;8;15
"055014";"Giove";28;7;0;0;0;;;;7;6;1;0;0;;;;7;14
"055014";"Giove";29;9;0;0;0;;;;9;7;1;0;0;;;;8;17
"055014";"Giove";30;11;1;0;0;;;;12;5;1;0;0;;;;6;18
"055014";"Giove";31;9;0;0;0;;;;9;6;3;0;1;;;;10;19
"055014";"Giove";32;10;1;0;0;;;;11;5;1;0;0;;;;6;17
"055014";"Giove";33;6;1;0;0;;;;7;4;5;0;0;;;;9;16
"055014";"Giove";34;11;1;0;0;;;;12;8;1;0;0;;;;9;21
"055014";"Giove";35;5;2;0;0;;;;7;5;5;0;0;;;;10;17
"055014";"Giove";36;2;3;0;0;;;;5;5;6;0;0;;;;11;16
"055014";"Giove";37;3;7;0;0;;;;10;5;4;0;0;;;;9;19
"055014";"Giove";38;7;6;0;0;;;;13;3;5;0;0;;;;8;21
"055014";"Giove";39;7;3;0;0;;;;10;7;7;1;0;;;;15;25
"055014";"Giove";40;7;4;0;0;;;;11;5;5;0;1;;;;11;22
"055014";"Giove";41;6;6;0;0;;;;12;4;2;1;0;;;;7;19
"055014";"Giove";42;10;5;0;0;;;;15;5;8;0;0;;;;13;28
"055014";"Giove";43;9;5;0;0;;;;14;7;9;0;0;;;;16;30
"055014";"Giove";44;6;6;0;0;;;;12;1;9;0;0;;;;10;22
"055014";"Giove";45;10;8;0;0;;;;18;2;8;1;0;;;;11;29
"055014";"Giove";46;4;7;1;0;;;;12;4;14;0;0;;;;18;30
"055014";"Giove";47;3;10;0;0;;;;13;3;10;0;0;;;;13;26
"055014";"Giove";48;2;8;0;0;;;;10;5;21;0;0;;;;26;36
"055014";"Giove";49;6;11;1;0;;;;18;4;10;0;0;;;;14;32
"055014";"Giove";50;2;8;0;0;;;;10;2;11;1;2;;;;16;26
"055014";"Giove";51;4;16;0;0;;;;20;1;10;1;0;;;;12;32
"055014";"Giove";52;4;12;2;0;;;;18;2;8;1;1;;;;12;30
"055014";"Giove";53;4;14;1;0;;;;19;1;12;2;1;;;;16;35
"055014";"Giove";54;2;8;0;1;;;;11;0;13;0;1;;;;14;25
"055014";"Giove";55;4;10;0;0;;;;14;2;13;1;0;;;;16;30
"055014";"Giove";56;3;5;0;0;;;;8;1;16;1;1;;;;19;27
"055014";"Giove";57;3;9;1;1;;;;14;1;9;0;2;;;;12;26
"055014";"Giove";58;0;10;2;0;;;;12;2;6;1;0;;;;9;21
"055014";"Giove";59;1;13;0;0;;;;14;0;6;0;1;;;;7;21
"055014";"Giove";60;1;9;2;0;;;;12;1;14;2;1;;;;18;30
"055014";"Giove";61;4;5;1;0;;;;10;1;14;1;1;;;;17;27
"055014";"Giove";62;3;12;1;0;;;;16;1;13;1;1;;;;16;32
"055014";"Giove";63;2;13;1;0;;;;16;1;10;0;2;;;;13;29
"055014";"Giove";64;0;13;0;0;;;;13;2;14;3;0;;;;19;32
"055014";"Giove";65;0;14;0;0;;;;14;0;8;1;0;;;;9;23
"055014";"Giove";66;1;7;0;0;;;;8;1;11;0;5;;;;17;25
"055014";"Giove";67;0;14;0;0;;;;14;1;13;1;0;;;;15;29
"055014";"Giove";68;1;18;0;2;;;;21;1;13;2;1;;;;17;38
"055014";"Giove";69;0;10;0;0;;;;10;0;9;1;2;;;;12;22
"055014";"Giove";70;2;7;5;1;;;;15;2;7;0;5;;;;14;29
"055014";"Giove";71;2;7;0;0;;;;9;0;7;0;4;;;;11;20
"055014";"Giove";72;0;18;0;2;;;;20;0;8;2;1;;;;11;31
"055014";"Giove";73;1;11;2;0;;;;14;1;3;2;2;;;;8;22
"055014";"Giove";74;0;10;0;1;;;;11;1;12;0;2;;;;15;26
"055014";"Giove";75;0;9;0;1;;;;10;0;5;1;5;;;;11;21
"055014";"Giove";76;0;7;0;0;;;;7;1;10;0;3;;;;14;21
"055014";"Giove";77;0;7;0;0;;;;7;0;4;0;5;;;;9;16
"055014";"Giove";78;1;8;0;2;;;;11;0;4;0;5;;;;9;20
"055014";"Giove";79;0;7;0;3;;;;10;0;2;0;3;;;;5;15
"055014";"Giove";80;0;2;0;3;;;;5;0;8;0;10;;;;18;23
"055014";"Giove";81;1;3;1;0;;;;5;1;3;0;3;;;;7;12
"055014";"Giove";82;1;11;1;1;;;;14;1;6;0;4;;;;11;25
"055014";"Giove";83;1;6;0;1;;;;8;1;2;0;3;;;;6;14
"055014";"Giove";84;0;3;0;0;;;;3;1;6;0;10;;;;17;20
"055014";"Giove";85;1;3;0;0;;;;4;0;0;0;4;;;;4;8
"055014";"Giove";86;1;2;0;2;;;;5;0;1;0;4;;;;5;10
"055014";"Giove";87;1;2;0;2;;;;5;1;2;0;8;;;;11;16
"055014";"Giove";88;0;3;0;1;;;;4;1;1;0;3;;;;5;9
"055014";"Giove";89;0;5;0;1;;;;6;0;1;0;3;;;;4;10
"055014";"Giove";90;0;1;0;0;;;;1;0;0;0;7;;;;7;8
"055014";"Giove";91;0;2;0;0;;;;2;1;0;0;4;;;;5;7
"055014";"Giove";92;0;0;0;0;;;;0;0;0;0;1;;;;1;1
"055014";"Giove";93;0;0;0;1;;;;1;0;1;0;2;;;;3;4
"055014";"Giove";94;0;1;0;1;;;;2;1;0;0;4;;;;5;7
"055014";"Giove";95;0;1;0;0;;;;1;0;0;0;3;;;;3;4
"055014";"Giove";96;0;1;0;0;;;;1;1;1;0;2;;;;4;5
"055014";"Giove";97;0;0;0;0;;;;0;0;0;0;0;;;;0;0
"055014";"Giove";98;0;0;0;0;;;;0;0;0;0;1;;;;1;1
"055014";"Giove";99;0;0;0;0;;;;0;0;0;0;0;;;;0;0
"055014";"Giove";100;0;0;0;0;;;;0;0;0;0;1;;;;1;1
"055014";"Giove";999;402;452;22;27;;;;903;337;453;28;136;;;;954;1857
"055015";"Guardea";0;6;0;0;0;;;;6;7;0;0;0;;;;7;13
"055015";"Guardea";1;8;0;0;0;;;;8;6;0;0;0;;;;6;14
"055015";"Guardea";2;4;0;0;0;;;;4;4;0;0;0;;;;4;8
"055015";"Guardea";3;3;0;0;0;;;;3;8;0;0;0;;;;8;11
"055015";"Guardea";4;8;0;0;0;;;;8;6;0;0;0;;;;6;14
"055015";"Guardea";5;6;0;0;0;;;;6;4;0;0;0;;;;4;10
"055015";"Guardea";6;4;0;0;0;;;;4;9;0;0;0;;;;9;13
"055015";"Guardea";7;4;0;0;0;;;;4;6;0;0;0;;;;6;10
"055015";"Guardea";8;9;0;0;0;;;;9;3;0;0;0;;;;3;12
"055015";"Guardea";9;8;0;0;0;;;;8;7;0;0;0;;;;7;15
"055015";"Guardea";10;6;0;0;0;;;;6;10;0;0;0;;;;10;16
"055015";"Guardea";11;7;0;0;0;;;;7;4;0;0;0;;;;4;11
"055015";"Guardea";12;10;0;0;0;;;;10;5;0;0;0;;;;5;15
"055015";"Guardea";13;3;0;0;0;;;;3;4;0;0;0;;;;4;7
"055015";"Guardea";14;11;0;0;0;;;;11;6;0;0;0;;;;6;17
"055015";"Guardea";15;12;0;0;0;;;;12;7;0;0;0;;;;7;19
"055015";"Guardea";16;11;0;0;0;;;;11;8;0;0;0;;;;8;19
"055015";"Guardea";17;5;0;0;0;;;;5;4;0;0;0;;;;4;9
"055015";"Guardea";18;7;0;0;0;;;;7;9;0;0;0;;;;9;16
"055015";"Guardea";19;9;0;0;0;;;;9;7;0;0;0;;;;7;16
"055015";"Guardea";20;4;0;0;0;;;;4;6;0;0;0;;;;6;10
"055015";"Guardea";21;6;0;0;0;;;;6;8;0;0;0;;;;8;14
"055015";"Guardea";22;8;0;0;0;;;;8;9;0;0;0;;;;9;17
"055015";"Guardea";23;16;0;0;0;;;;16;11;0;0;0;;;;11;27
"055015";"Guardea";24;7;0;0;0;;;;7;8;0;0;0;;;;8;15
"055015";"Guardea";25;4;0;0;0;;;;4;7;0;0;0;;;;7;11
"055015";"Guardea";26;10;0;0;0;;;;10;4;0;0;0;;;;4;14
"055015";"Guardea";27;4;0;0;0;;;;4;1;1;0;0;;;;2;6
"055015";"Guardea";28;11;1;0;0;;;;12;7;1;0;0;;;;8;20
"055015";"Guardea";29;6;0;0;0;;;;6;9;1;0;0;;;;10;16
"055015";"Guardea";30;7;2;0;0;;;;9;5;1;0;0;;;;6;15
"055015";"Guardea";31;4;1;0;0;;;;5;4;3;1;0;;;;8;13
"055015";"Guardea";32;3;1;0;0;;;;4;4;4;0;0;;;;8;12
"055015";"Guardea";33;8;1;0;0;;;;9;9;5;1;0;;;;15;24
"055015";"Guardea";34;3;2;0;0;;;;5;6;4;0;0;;;;10;15
"055015";"Guardea";35;7;2;0;0;;;;9;2;7;0;0;;;;9;18
"055015";"Guardea";36;6;5;0;0;;;;11;2;6;0;0;;;;8;19
"055015";"Guardea";37;8;6;0;0;;;;14;1;6;0;0;;;;7;21
"055015";"Guardea";38;8;5;0;0;;;;13;4;8;0;0;;;;12;25
"055015";"Guardea";39;4;9;0;0;;;;13;3;5;1;0;;;;9;22
"055015";"Guardea";40;4;6;0;0;;;;10;3;3;0;0;;;;6;16
"055015";"Guardea";41;6;7;0;0;;;;13;3;5;0;0;;;;8;21
"055015";"Guardea";42;4;9;0;0;;;;13;2;8;2;0;;;;12;25
"055015";"Guardea";43;4;3;0;0;;;;7;2;5;2;0;;;;9;16
"055015";"Guardea";44;5;12;0;0;;;;17;3;12;0;0;;;;15;32
"055015";"Guardea";45;4;2;0;0;;;;6;1;7;0;0;;;;8;14
"055015";"Guardea";46;2;4;0;0;;;;6;6;13;0;0;;;;19;25
"055015";"Guardea";47;4;8;0;0;;;;12;0;12;2;0;;;;14;26
"055015";"Guardea";48;2;10;0;0;;;;12;1;9;2;0;;;;12;24
"055015";"Guardea";49;2;10;1;0;;;;13;4;17;0;1;;;;22;35
"055015";"Guardea";50;4;6;2;0;;;;12;1;9;1;0;;;;11;23
"055015";"Guardea";51;2;10;0;1;;;;13;1;13;1;0;;;;15;28
"055015";"Guardea";52;3;10;1;0;;;;14;1;10;0;0;;;;11;25
"055015";"Guardea";53;5;16;2;0;;;;23;1;5;2;0;;;;8;31
"055015";"Guardea";54;2;10;1;0;;;;13;3;7;1;0;;;;11;24
"055015";"Guardea";55;2;13;1;0;;;;16;0;11;1;0;;;;12;28
"055015";"Guardea";56;4;7;0;0;;;;11;4;9;0;1;;;;14;25
"055015";"Guardea";57;4;17;0;0;;;;21;1;11;1;1;;;;14;35
"055015";"Guardea";58;1;13;0;0;;;;14;0;12;0;0;;;;12;26
"055015";"Guardea";59;3;11;1;1;;;;16;0;7;1;3;;;;11;27
"055015";"Guardea";60;1;6;0;0;;;;7;1;11;0;2;;;;14;21
"055015";"Guardea";61;1;11;3;0;;;;15;1;12;0;0;;;;13;28
"055015";"Guardea";62;3;10;1;0;;;;14;0;12;1;2;;;;15;29
"055015";"Guardea";63;1;6;0;0;;;;7;0;13;1;1;;;;15;22
"055015";"Guardea";64;2;10;1;0;;;;13;0;12;1;1;;;;14;27
"055015";"Guardea";65;0;9;0;1;;;;10;1;11;0;0;;;;12;22
"055015";"Guardea";66;1;9;0;0;;;;10;2;13;0;0;;;;15;25
"055015";"Guardea";67;3;11;0;0;;;;14;0;5;2;2;;;;9;23
"055015";"Guardea";68;0;10;0;0;;;;10;3;8;0;3;;;;14;24
"055015";"Guardea";69;1;14;0;0;;;;15;0;10;0;3;;;;13;28
"055015";"Guardea";70;0;14;0;2;;;;16;1;8;2;7;;;;18;34
"055015";"Guardea";71;0;4;1;2;;;;7;1;7;1;3;;;;12;19
"055015";"Guardea";72;2;9;0;0;;;;11;0;7;0;3;;;;10;21
"055015";"Guardea";73;2;7;1;0;;;;10;1;8;1;4;;;;14;24
"055015";"Guardea";74;0;7;0;1;;;;8;0;8;0;1;;;;9;17
"055015";"Guardea";75;0;7;0;1;;;;8;0;10;1;3;;;;14;22
"055015";"Guardea";76;0;9;0;0;;;;9;0;7;0;2;;;;9;18
"055015";"Guardea";77;0;7;1;2;;;;10;1;2;1;4;;;;8;18
"055015";"Guardea";78;2;7;0;0;;;;9;0;4;0;5;;;;9;18
"055015";"Guardea";79;1;4;0;0;;;;5;0;3;0;5;;;;8;13
"055015";"Guardea";80;1;12;1;2;;;;16;1;5;0;4;;;;10;26
"055015";"Guardea";81;1;3;0;2;;;;6;2;5;0;3;;;;10;16
"055015";"Guardea";82;0;5;0;2;;;;7;0;3;0;8;;;;11;18
"055015";"Guardea";83;0;3;0;0;;;;3;0;3;0;10;;;;13;16
"055015";"Guardea";84;0;4;0;0;;;;4;0;1;0;5;;;;6;10
"055015";"Guardea";85;0;3;1;2;;;;6;0;5;0;0;;;;5;11
"055015";"Guardea";86;0;2;0;2;;;;4;0;2;0;8;;;;10;14
"055015";"Guardea";87;0;3;0;6;;;;9;2;0;0;2;;;;4;13
"055015";"Guardea";88;0;3;0;1;;;;4;0;1;0;4;;;;5;9
"055015";"Guardea";89;0;1;0;1;;;;2;0;0;0;9;;;;9;11
"055015";"Guardea";90;0;2;1;0;;;;3;1;0;0;4;;;;5;8
"055015";"Guardea";91;0;1;0;1;;;;2;1;0;0;5;;;;6;8
"055015";"Guardea";92;0;0;0;2;;;;2;0;0;0;5;;;;5;7
"055015";"Guardea";93;0;1;0;2;;;;3;0;0;0;3;;;;3;6
"055015";"Guardea";94;0;1;0;2;;;;3;1;0;0;2;;;;3;6
"055015";"Guardea";95;0;2;0;0;;;;2;0;0;0;2;;;;2;4
"055015";"Guardea";96;0;1;0;0;;;;1;0;0;0;2;;;;2;3
"055015";"Guardea";97;0;0;0;0;;;;0;0;0;1;2;;;;3;3
"055015";"Guardea";98;0;0;0;0;;;;0;0;0;0;0;;;;0;0
"055015";"Guardea";99;0;0;0;0;;;;0;0;0;0;2;;;;2;2
"055015";"Guardea";100;0;0;0;0;;;;0;0;0;0;0;;;;0;0
"055015";"Guardea";999;364;437;20;36;;;;857;291;433;31;137;;;;892;1749
"055016";"Lugnano in Teverina";0;7;0;0;0;;;;7;2;0;0;0;;;;2;9
"055016";"Lugnano in Teverina";1;9;0;0;0;;;;9;1;0;0;0;;;;1;10
"055016";"Lugnano in Teverina";2;2;0;0;0;;;;2;4;0;0;0;;;;4;6
"055016";"Lugnano in Teverina";3;4;0;0;0;;;;4;1;0;0;0;;;;1;5
"055016";"Lugnano in Teverina";4;3;0;0;0;;;;3;5;0;0;0;;;;5;8
"055016";"Lugnano in Teverina";5;5;0;0;0;;;;5;2;0;0;0;;;;2;7
"055016";"Lugnano in Teverina";6;3;0;0;0;;;;3;7;0;0;0;;;;7;10
"055016";"Lugnano in Teverina";7;4;0;0;0;;;;4;5;0;0;0;;;;5;9
"055016";"Lugnano in Teverina";8;10;0;0;0;;;;10;3;0;0;0;;;;3;13
"055016";"Lugnano in Teverina";9;5;0;0;0;;;;5;3;0;0;0;;;;3;8
"055016";"Lugnano in Teverina";10;9;0;0;0;;;;9;5;0;0;0;;;;5;14
"055016";"Lugnano in Teverina";11;6;0;0;0;;;;6;3;0;0;0;;;;3;9
"055016";"Lugnano in Teverina";12;6;0;0;0;;;;6;3;0;0;0;;;;3;9
"055016";"Lugnano in Teverina";13;6;0;0;0;;;;6;8;0;0;0;;;;8;14
"055016";"Lugnano in Teverina";14;4;0;0;0;;;;4;11;0;0;0;;;;11;15
"055016";"Lugnano in Teverina";15;5;0;0;0;;;;5;5;0;0;0;;;;5;10
"055016";"Lugnano in Teverina";16;4;0;0;0;;;;4;9;0;0;0;;;;9;13
"055016";"Lugnano in Teverina";17;4;0;0;0;;;;4;2;0;0;0;;;;2;6
"055016";"Lugnano in Teverina";18;1;0;0;0;;;;1;4;0;0;0;;;;4;5
"055016";"Lugnano in Teverina";19;5;0;0;0;;;;5;2;0;0;0;;;;2;7
"055016";"Lugnano in Teverina";20;9;0;0;0;;;;9;8;0;0;0;;;;8;17
"055016";"Lugnano in Teverina";21;3;0;0;0;;;;3;3;0;0;0;;;;3;6
"055016";"Lugnano in Teverina";22;11;0;0;0;;;;11;5;0;0;0;;;;5;16
"055016";"Lugnano in Teverina";23;6;0;0;0;;;;6;6;0;0;0;;;;6;12
"055016";"Lugnano in Teverina";24;4;0;0;0;;;;4;4;0;0;0;;;;4;8
"055016";"Lugnano in Teverina";25;9;0;0;0;;;;9;9;0;0;0;;;;9;18
"055016";"Lugnano in Teverina";26;3;0;0;0;;;;3;3;2;0;0;;;;5;8
"055016";"Lugnano in Teverina";27;4;0;0;0;;;;4;2;0;0;0;;;;2;6
"055016";"Lugnano in Teverina";28;6;1;0;0;;;;7;5;1;0;0;;;;6;13
"055016";"Lugnano in Teverina";29;8;1;0;0;;;;9;4;1;0;0;;;;5;14
"055016";"Lugnano in Teverina";30;9;1;0;0;;;;10;3;1;0;0;;;;4;14
"055016";"Lugnano in Teverina";31;6;0;0;0;;;;6;5;5;0;0;;;;10;16
"055016";"Lugnano in Teverina";32;3;0;0;0;;;;3;3;7;0;0;;;;10;13
"055016";"Lugnano in Teverina";33;8;2;0;0;;;;10;6;1;0;0;;;;7;17
"055016";"Lugnano in Teverina";34;3;1;0;0;;;;4;4;3;0;0;;;;7;11
"055016";"Lugnano in Teverina";35;11;6;0;0;;;;17;7;2;0;0;;;;9;26
"055016";"Lugnano in Teverina";36;9;2;0;0;;;;11;6;0;0;0;;;;6;17
"055016";"Lugnano in Teverina";37;4;0;0;0;;;;4;3;6;1;0;;;;10;14
"055016";"Lugnano in Teverina";38;6;1;0;0;;;;7;3;6;0;0;;;;9;16
"055016";"Lugnano in Teverina";39;6;4;0;0;;;;10;1;5;0;0;;;;6;16
"055016";"Lugnano in Teverina";40;5;4;0;0;;;;9;2;3;0;0;;;;5;14
"055016";"Lugnano in Teverina";41;6;6;0;0;;;;12;3;6;0;1;;;;10;22
"055016";"Lugnano in Teverina";42;2;3;0;0;;;;5;5;6;0;0;;;;11;16
"055016";"Lugnano in Teverina";43;5;3;0;0;;;;8;3;5;1;0;;;;9;17
"055016";"Lugnano in Teverina";44;5;5;1;0;;;;11;3;8;0;1;;;;12;23
"055016";"Lugnano in Teverina";45;4;9;1;0;;;;14;2;6;0;0;;;;8;22
"055016";"Lugnano in Teverina";46;4;9;1;0;;;;14;3;9;0;0;;;;12;26
"055016";"Lugnano in Teverina";47;1;7;0;0;;;;8;2;3;0;0;;;;5;13
"055016";"Lugnano in Teverina";48;1;3;0;0;;;;4;3;7;1;0;;;;11;15
"055016";"Lugnano in Teverina";49;1;8;1;0;;;;10;2;4;0;1;;;;7;17
"055016";"Lugnano in Teverina";50;3;7;0;0;;;;10;1;6;0;0;;;;7;17
"055016";"Lugnano in Teverina";51;1;7;0;0;;;;8;2;7;0;0;;;;9;17
"055016";"Lugnano in Teverina";52;1;4;0;0;;;;5;2;8;1;0;;;;11;16
"055016";"Lugnano in Teverina";53;3;6;1;0;;;;10;3;7;1;0;;;;11;21
"055016";"Lugnano in Teverina";54;4;6;0;1;;;;11;2;9;0;1;;;;12;23
"055016";"Lugnano in Teverina";55;2;8;2;0;;;;12;3;4;3;0;;;;10;22
"055016";"Lugnano in Teverina";56;5;6;0;0;;;;11;1;11;0;0;;;;12;23
"055016";"Lugnano in Teverina";57;3;6;0;0;;;;9;0;7;0;0;;;;7;16
"055016";"Lugnano in Teverina";58;4;15;1;0;;;;20;2;3;1;3;;;;9;29
"055016";"Lugnano in Teverina";59;2;5;1;0;;;;8;2;8;2;0;;;;12;20
"055016";"Lugnano in Teverina";60;2;7;0;2;;;;11;0;6;0;1;;;;7;18
"055016";"Lugnano in Teverina";61;1;7;1;1;;;;10;1;12;0;3;;;;16;26
"055016";"Lugnano in Teverina";62;1;5;0;0;;;;6;1;11;0;1;;;;13;19
"055016";"Lugnano in Teverina";63;1;9;1;0;;;;11;0;13;0;2;;;;15;26
"055016";"Lugnano in Teverina";64;3;12;0;1;;;;16;0;10;2;0;;;;12;28
"055016";"Lugnano in Teverina";65;3;8;0;0;;;;11;0;10;0;2;;;;12;23
"055016";"Lugnano in Teverina";66;2;12;0;0;;;;14;1;10;0;0;;;;11;25
"055016";"Lugnano in Teverina";67;0;6;1;0;;;;7;1;10;0;6;;;;17;24
"055016";"Lugnano in Teverina";68;1;9;0;1;;;;11;0;13;0;1;;;;14;25
"055016";"Lugnano in Teverina";69;1;12;0;0;;;;13;0;6;0;0;;;;6;19
"055016";"Lugnano in Teverina";70;0;10;0;0;;;;10;1;5;0;2;;;;8;18
"055016";"Lugnano in Teverina";71;1;11;2;1;;;;15;1;5;0;0;;;;6;21
"055016";"Lugnano in Teverina";72;1;8;0;0;;;;9;1;7;0;1;;;;9;18
"055016";"Lugnano in Teverina";73;1;9;0;1;;;;11;0;11;1;2;;;;14;25
"055016";"Lugnano in Teverina";74;1;9;0;0;;;;10;0;7;1;1;;;;9;19
"055016";"Lugnano in Teverina";75;1;11;1;2;;;;15;1;6;0;4;;;;11;26
"055016";"Lugnano in Teverina";76;0;8;0;1;;;;9;0;6;0;4;;;;10;19
"055016";"Lugnano in Teverina";77;2;8;0;1;;;;11;1;5;0;1;;;;7;18
"055016";"Lugnano in Teverina";78;0;3;0;0;;;;3;1;6;0;1;;;;8;11
"055016";"Lugnano in Teverina";79;1;5;0;0;;;;6;0;4;0;8;;;;12;18
"055016";"Lugnano in Teverina";80;2;6;0;4;;;;12;0;5;0;3;;;;8;20
"055016";"Lugnano in Teverina";81;1;5;0;0;;;;6;1;5;0;3;;;;9;15
"055016";"Lugnano in Teverina";82;0;8;0;0;;;;8;0;1;0;7;;;;8;16
"055016";"Lugnano in Teverina";83;1;3;0;0;;;;4;0;3;0;5;;;;8;12
"055016";"Lugnano in Teverina";84;0;6;0;0;;;;6;0;2;0;6;;;;8;14
"055016";"Lugnano in Teverina";85;0;1;0;3;;;;4;1;2;0;4;;;;7;11
"055016";"Lugnano in Teverina";86;1;5;0;1;;;;7;0;1;0;4;;;;5;12
"055016";"Lugnano in Teverina";87;1;3;0;1;;;;5;0;0;0;4;;;;4;9
"055016";"Lugnano in Teverina";88;0;1;0;2;;;;3;0;0;0;1;;;;1;4
"055016";"Lugnano in Teverina";89;0;1;0;1;;;;2;0;0;0;6;;;;6;8
"055016";"Lugnano in Teverina";90;0;2;0;0;;;;2;0;2;0;3;;;;5;7
"055016";"Lugnano in Teverina";91;0;1;0;1;;;;2;0;1;0;4;;;;5;7
"055016";"Lugnano in Teverina";92;0;0;0;1;;;;1;0;1;0;2;;;;3;4
"055016";"Lugnano in Teverina";93;0;2;0;1;;;;3;0;0;0;1;;;;1;4
"055016";"Lugnano in Teverina";94;0;0;0;0;;;;0;0;0;1;1;;;;2;2
"055016";"Lugnano in Teverina";95;0;1;0;0;;;;1;0;0;0;0;;;;0;1
"055016";"Lugnano in Teverina";96;0;0;0;1;;;;1;0;0;0;0;;;;0;1
"055016";"Lugnano in Teverina";97;0;0;0;0;;;;0;0;0;0;1;;;;1;1
"055016";"Lugnano in Teverina";98;0;0;0;0;;;;0;0;0;0;0;;;;0;0
"055016";"Lugnano in Teverina";99;0;0;0;1;;;;1;0;0;0;0;;;;0;1
"055016";"Lugnano in Teverina";100;0;0;0;0;;;;0;0;0;0;0;;;;0;0
"055016";"Lugnano in Teverina";999;321;360;15;29;;;;725;233;353;16;102;;;;704;1429
"055017";"Montecastrilli";0;12;0;0;0;;;;12;15;0;0;0;;;;15;27
"055017";"Montecastrilli";1;13;0;0;0;;;;13;15;0;0;0;;;;15;28
"055017";"Montecastrilli";2;12;0;0;0;;;;12;18;0;0;0;;;;18;30
"055017";"Montecastrilli";3;15;0;0;0;;;;15;18;0;0;0;;;;18;33
"055017";"Montecastrilli";4;24;0;0;0;;;;24;16;0;0;0;;;;16;40
"055017";"Montecastrilli";5;14;0;0;0;;;;14;18;0;0;0;;;;18;32
"055017";"Montecastrilli";6;15;0;0;0;;;;15;19;0;0;0;;;;19;34
"055017";"Montecastrilli";7;13;0;0;0;;;;13;22;0;0;0;;;;22;35
"055017";"Montecastrilli";8;26;0;0;0;;;;26;27;0;0;0;;;;27;53
"055017";"Montecastrilli";9;31;0;0;0;;;;31;29;0;0;0;;;;29;60
"055017";"Montecastrilli";10;22;0;0;0;;;;22;31;0;0;0;;;;31;53
"055017";"Montecastrilli";11;20;0;0;0;;;;20;22;0;0;0;;;;22;42
"055017";"Montecastrilli";12;26;0;0;0;;;;26;24;0;0;0;;;;24;50
"055017";"Montecastrilli";13;27;0;0;0;;;;27;18;0;0;0;;;;18;45
"055017";"Montecastrilli";14;27;0;0;0;;;;27;21;0;0;0;;;;21;48
"055017";"Montecastrilli";15;27;0;0;0;;;;27;20;0;0;0;;;;20;47
"055017";"Montecastrilli";16;19;0;0;0;;;;19;29;0;0;0;;;;29;48
"055017";"Montecastrilli";17;23;0;0;0;;;;23;24;0;0;0;;;;24;47
"055017";"Montecastrilli";18;19;0;0;0;;;;19;14;0;0;0;;;;14;33
"055017";"Montecastrilli";19;19;0;0;0;;;;19;20;0;0;0;;;;20;39
"055017";"Montecastrilli";20;21;0;0;0;;;;21;25;0;0;0;;;;25;46
"055017";"Montecastrilli";21;22;0;0;0;;;;22;21;1;0;0;;;;22;44
"055017";"Montecastrilli";22;13;0;0;0;;;;13;24;0;0;0;;;;24;37
"055017";"Montecastrilli";23;16;0;0;0;;;;16;17;2;0;0;;;;19;35
"055017";"Montecastrilli";24;21;0;0;0;;;;21;9;1;0;0;;;;10;31
"055017";"Montecastrilli";25;28;2;0;0;;;;30;17;1;0;0;;;;18;48
"055017";"Montecastrilli";26;20;0;0;0;;;;20;17;3;0;0;;;;20;40
"055017";"Montecastrilli";27;16;1;0;0;;;;17;24;3;0;0;;;;27;44
"055017";"Montecastrilli";28;22;3;0;0;;;;25;16;3;0;0;;;;19;44
"055017";"Montecastrilli";29;27;0;0;0;;;;27;16;9;0;0;;;;25;52
"055017";"Montecastrilli";30;29;3;0;0;;;;32;14;9;0;0;;;;23;55
"055017";"Montecastrilli";31;19;1;0;0;;;;20;20;2;1;0;;;;23;43
"055017";"Montecastrilli";32;19;7;0;0;;;;26;11;6;1;0;;;;18;44
"055017";"Montecastrilli";33;19;7;0;0;;;;26;12;14;0;0;;;;26;52
"055017";"Montecastrilli";34;18;2;1;0;;;;21;10;10;0;0;;;;20;41
"055017";"Montecastrilli";35;16;9;0;0;;;;25;10;21;0;0;;;;31;56
"055017";"Montecastrilli";36;9;11;0;0;;;;20;7;14;1;0;;;;22;42
"055017";"Montecastrilli";37;17;16;0;0;;;;33;10;17;1;0;;;;28;61
"055017";"Montecastrilli";38;15;18;0;0;;;;33;5;11;1;0;;;;17;50
"055017";"Montecastrilli";39;13;13;1;0;;;;27;6;22;1;2;;;;31;58
"055017";"Montecastrilli";40;12;17;0;0;;;;29;12;13;1;0;;;;26;55
"055017";"Montecastrilli";41;8;15;0;0;;;;23;6;18;0;0;;;;24;47
"055017";"Montecastrilli";42;11;23;0;0;;;;34;8;22;1;0;;;;31;65
"055017";"Montecastrilli";43;14;23;1;0;;;;38;5;28;4;0;;;;37;75
"055017";"Montecastrilli";44;9;22;0;0;;;;31;3;27;0;0;;;;30;61
"055017";"Montecastrilli";45;9;19;2;0;;;;30;9;26;3;0;;;;38;68
"055017";"Montecastrilli";46;4;36;0;1;;;;41;6;23;2;1;;;;32;73
"055017";"Montecastrilli";47;9;28;2;0;;;;39;2;22;0;0;;;;24;63
"055017";"Montecastrilli";48;8;25;4;0;;;;37;2;29;2;0;;;;33;70
"055017";"Montecastrilli";49;5;32;1;0;;;;38;5;33;2;1;;;;41;79
"055017";"Montecastrilli";50;3;30;0;1;;;;34;3;33;3;2;;;;41;75
"055017";"Montecastrilli";51;12;27;3;1;;;;43;2;42;1;1;;;;46;89
"055017";"Montecastrilli";52;10;27;3;0;;;;40;6;37;2;0;;;;45;85
"055017";"Montecastrilli";53;11;32;1;0;;;;44;5;33;3;2;;;;43;87
"055017";"Montecastrilli";54;5;22;2;0;;;;29;8;33;4;0;;;;45;74
"055017";"Montecastrilli";55;2;36;2;0;;;;40;2;47;2;2;;;;53;93
"055017";"Montecastrilli";56;1;30;3;1;;;;35;4;25;1;0;;;;30;65
"055017";"Montecastrilli";57;2;25;5;0;;;;32;2;32;3;2;;;;39;71
"055017";"Montecastrilli";58;3;30;2;0;;;;35;5;28;3;5;;;;41;76
"055017";"Montecastrilli";59;5;33;3;1;;;;42;2;37;5;3;;;;47;89
"055017";"Montecastrilli";60;4;26;0;1;;;;31;1;28;4;3;;;;36;67
"055017";"Montecastrilli";61;1;34;1;2;;;;38;3;29;2;3;;;;37;75
"055017";"Montecastrilli";62;3;35;2;0;;;;40;4;33;1;3;;;;41;81
"055017";"Montecastrilli";63;3;18;1;1;;;;23;2;26;2;3;;;;33;56
"055017";"Montecastrilli";64;2;24;2;0;;;;28;2;23;3;2;;;;30;58
"055017";"Montecastrilli";65;3;33;0;0;;;;36;0;30;2;4;;;;36;72
"055017";"Montecastrilli";66;2;30;0;1;;;;33;1;19;1;7;;;;28;61
"055017";"Montecastrilli";67;2;29;0;1;;;;32;3;22;3;5;;;;33;65
"055017";"Montecastrilli";68;4;25;3;1;;;;33;1;26;2;5;;;;34;67
"055017";"Montecastrilli";69;1;29;0;1;;;;31;1;15;0;1;;;;17;48
"055017";"Montecastrilli";70;1;24;0;3;;;;28;2;26;1;7;;;;36;64
"055017";"Montecastrilli";71;2;18;2;1;;;;23;1;20;0;8;;;;29;52
"055017";"Montecastrilli";72;4;31;1;0;;;;36;2;17;2;8;;;;29;65
"055017";"Montecastrilli";73;6;24;2;1;;;;33;1;23;0;6;;;;30;63
"055017";"Montecastrilli";74;1;22;0;1;;;;24;0;25;1;6;;;;32;56
"055017";"Montecastrilli";75;4;19;2;2;;;;27;1;16;0;9;;;;26;53
"055017";"Montecastrilli";76;1;25;0;5;;;;31;2;14;1;10;;;;27;58
"055017";"Montecastrilli";77;1;17;0;2;;;;20;4;14;2;8;;;;28;48
"055017";"Montecastrilli";78;2;21;0;2;;;;25;3;20;0;9;;;;32;57
"055017";"Montecastrilli";79;2;18;0;0;;;;20;1;13;0;5;;;;19;39
"055017";"Montecastrilli";80;2;17;0;4;;;;23;4;9;1;12;;;;26;49
"055017";"Montecastrilli";81;4;14;0;2;;;;20;2;9;0;12;;;;23;43
"055017";"Montecastrilli";82;1;18;0;1;;;;20;0;8;0;10;;;;18;38
"055017";"Montecastrilli";83;0;14;0;3;;;;17;1;9;0;14;;;;24;41
"055017";"Montecastrilli";84;2;3;0;6;;;;11;0;1;0;10;;;;11;22
"055017";"Montecastrilli";85;0;9;1;2;;;;12;0;5;0;11;;;;16;28
"055017";"Montecastrilli";86;1;13;0;4;;;;18;1;3;0;16;;;;20;38
"055017";"Montecastrilli";87;1;8;0;2;;;;11;1;3;0;16;;;;20;31
"055017";"Montecastrilli";88;1;8;0;6;;;;15;0;1;0;9;;;;10;25
"055017";"Montecastrilli";89;0;6;0;2;;;;8;0;3;0;10;;;;13;21
"055017";"Montecastrilli";90;0;6;0;3;;;;9;1;1;0;10;;;;12;21
"055017";"Montecastrilli";91;0;1;0;5;;;;6;0;1;0;6;;;;7;13
"055017";"Montecastrilli";92;0;1;0;0;;;;1;0;0;0;8;;;;8;9
"055017";"Montecastrilli";93;0;0;0;0;;;;0;0;0;0;3;;;;3;3
"055017";"Montecastrilli";94;0;1;0;0;;;;1;1;0;0;4;;;;5;6
"055017";"Montecastrilli";95;0;0;0;0;;;;0;1;0;0;3;;;;4;4
"055017";"Montecastrilli";96;0;0;0;0;;;;0;0;0;0;2;;;;2;2
"055017";"Montecastrilli";97;0;0;0;0;;;;0;0;0;0;8;;;;8;8
"055017";"Montecastrilli";98;0;0;0;1;;;;1;0;0;0;2;;;;2;3
"055017";"Montecastrilli";99;0;0;0;0;;;;0;0;0;0;1;;;;1;1
"055017";"Montecastrilli";100;0;0;0;0;;;;0;0;0;0;3;;;;3;3
"055017";"Montecastrilli";999;988;1246;53;71;;;;2358;855;1229;76;303;;;;2463;4821
"055018";"Montecchio";0;1;0;0;0;;;;1;4;0;0;0;;;;4;5
"055018";"Montecchio";1;8;0;0;0;;;;8;1;0;0;0;;;;1;9
"055018";"Montecchio";2;2;0;0;0;;;;2;4;0;0;0;;;;4;6
"055018";"Montecchio";3;5;0;0;0;;;;5;7;0;0;0;;;;7;12
"055018";"Montecchio";4;7;0;0;0;;;;7;2;0;0;0;;;;2;9
"055018";"Montecchio";5;1;0;0;0;;;;1;6;0;0;0;;;;6;7
"055018";"Montecchio";6;5;0;0;0;;;;5;6;0;0;0;;;;6;11
"055018";"Montecchio";7;2;0;0;0;;;;2;9;0;0;0;;;;9;11
"055018";"Montecchio";8;4;0;0;0;;;;4;2;0;0;0;;;;2;6
"055018";"Montecchio";9;3;0;0;0;;;;3;3;0;0;0;;;;3;6
"055018";"Montecchio";10;6;0;0;0;;;;6;4;0;0;0;;;;4;10
"055018";"Montecchio";11;3;0;0;0;;;;3;3;0;0;0;;;;3;6
"055018";"Montecchio";12;4;0;0;0;;;;4;4;0;0;0;;;;4;8
"055018";"Montecchio";13;2;0;0;0;;;;2;3;0;0;0;;;;3;5
"055018";"Montecchio";14;3;0;0;0;;;;3;4;0;0;0;;;;4;7
"055018";"Montecchio";15;7;0;0;0;;;;7;4;0;0;0;;;;4;11
"055018";"Montecchio";16;5;0;0;0;;;;5;6;0;0;0;;;;6;11
"055018";"Montecchio";17;5;0;0;0;;;;5;6;0;0;0;;;;6;11
"055018";"Montecchio";18;8;0;0;0;;;;8;2;0;0;0;;;;2;10
"055018";"Montecchio";19;5;0;0;0;;;;5;7;0;0;0;;;;7;12
"055018";"Montecchio";20;8;0;0;0;;;;8;6;0;0;0;;;;6;14
"055018";"Montecchio";21;9;0;0;0;;;;9;9;0;0;0;;;;9;18
"055018";"Montecchio";22;8;0;0;0;;;;8;4;0;0;0;;;;4;12
"055018";"Montecchio";23;11;0;0;0;;;;11;7;0;0;0;;;;7;18
"055018";"Montecchio";24;6;0;0;0;;;;6;5;0;0;0;;;;5;11
"055018";"Montecchio";25;12;0;0;0;;;;12;7;2;0;0;;;;9;21
"055018";"Montecchio";26;8;1;0;0;;;;9;6;1;0;0;;;;7;16
"055018";"Montecchio";27;8;3;0;0;;;;11;7;1;0;0;;;;8;19
"055018";"Montecchio";28;4;0;0;0;;;;4;7;4;0;0;;;;11;15
"055018";"Montecchio";29;6;1;0;0;;;;7;3;3;0;0;;;;6;13
"055018";"Montecchio";30;7;3;0;0;;;;10;6;0;0;0;;;;6;16
"055018";"Montecchio";31;5;1;0;0;;;;6;3;1;0;0;;;;4;10
"055018";"Montecchio";32;12;4;0;0;;;;16;4;2;0;0;;;;6;22
"055018";"Montecchio";33;4;0;0;0;;;;4;5;3;0;0;;;;8;12
"055018";"Montecchio";34;4;2;0;0;;;;6;4;3;0;0;;;;7;13
"055018";"Montecchio";35;2;2;0;0;;;;4;2;4;0;0;;;;6;10
"055018";"Montecchio";36;7;2;1;0;;;;10;1;5;0;0;;;;6;16
"055018";"Montecchio";37;3;2;0;0;;;;5;4;2;0;0;;;;6;11
"055018";"Montecchio";38;4;5;0;0;;;;9;6;4;0;0;;;;10;19
"055018";"Montecchio";39;4;5;0;0;;;;9;1;2;0;0;;;;3;12
"055018";"Montecchio";40;7;4;0;0;;;;11;3;2;0;0;;;;5;16
"055018";"Montecchio";41;1;2;1;0;;;;4;3;6;0;0;;;;9;13
"055018";"Montecchio";42;6;3;0;0;;;;9;5;6;0;0;;;;11;20
"055018";"Montecchio";43;7;11;0;0;;;;18;2;8;2;1;;;;13;31
"055018";"Montecchio";44;6;6;0;0;;;;12;2;6;0;0;;;;8;20
"055018";"Montecchio";45;3;5;0;0;;;;8;10;9;0;0;;;;19;27
"055018";"Montecchio";46;8;2;0;0;;;;10;1;0;0;0;;;;1;11
"055018";"Montecchio";47;8;10;0;0;;;;18;0;14;1;0;;;;15;33
"055018";"Montecchio";48;1;5;0;0;;;;6;0;8;2;0;;;;10;16
"055018";"Montecchio";49;3;8;0;0;;;;11;2;3;0;0;;;;5;16
"055018";"Montecchio";50;7;7;1;0;;;;15;1;13;1;0;;;;15;30
"055018";"Montecchio";51;1;11;0;0;;;;12;1;9;1;0;;;;11;23
"055018";"Montecchio";52;6;9;1;0;;;;16;2;7;3;0;;;;12;28
"055018";"Montecchio";53;3;15;0;1;;;;19;0;11;1;0;;;;12;31
"055018";"Montecchio";54;4;12;1;0;;;;17;1;13;1;1;;;;16;33
"055018";"Montecchio";55;2;16;0;0;;;;18;2;15;2;0;;;;19;37
"055018";"Montecchio";56;2;9;1;0;;;;12;6;8;2;2;;;;18;30
"055018";"Montecchio";57;2;8;2;0;;;;12;2;14;1;0;;;;17;29
"055018";"Montecchio";58;2;14;1;0;;;;17;3;15;1;0;;;;19;36
"055018";"Montecchio";59;0;8;1;0;;;;9;1;11;0;1;;;;13;22
"055018";"Montecchio";60;2;13;0;0;;;;15;1;10;0;2;;;;13;28
"055018";"Montecchio";61;2;9;0;0;;;;11;2;7;1;1;;;;11;22
"055018";"Montecchio";62;2;13;1;0;;;;16;2;5;1;3;;;;11;27
"055018";"Montecchio";63;3;7;0;0;;;;10;2;1;1;0;;;;4;14
"055018";"Montecchio";64;3;7;0;1;;;;11;1;13;0;0;;;;14;25
"055018";"Montecchio";65;3;7;0;1;;;;11;0;7;2;0;;;;9;20
"055018";"Montecchio";66;1;14;0;1;;;;16;1;9;0;5;;;;15;31
"055018";"Montecchio";67;1;7;1;0;;;;9;0;4;0;2;;;;6;15
"055018";"Montecchio";68;0;8;0;1;;;;9;0;5;0;2;;;;7;16
"055018";"Montecchio";69;1;8;0;0;;;;9;1;11;1;4;;;;17;26
"055018";"Montecchio";70;0;10;2;1;;;;13;1;9;0;1;;;;11;24
"055018";"Montecchio";71;1;5;2;0;;;;8;0;7;0;1;;;;8;16
"055018";"Montecchio";72;0;8;1;0;;;;9;2;13;0;3;;;;18;27
"055018";"Montecchio";73;0;6;2;0;;;;8;0;12;0;4;;;;16;24
"055018";"Montecchio";74;1;18;0;0;;;;19;0;6;0;4;;;;10;29
"055018";"Montecchio";75;0;6;0;1;;;;7;1;7;1;5;;;;14;21
"055018";"Montecchio";76;0;9;0;0;;;;9;1;6;0;0;;;;7;16
"055018";"Montecchio";77;1;12;0;2;;;;15;0;2;0;0;;;;2;17
"055018";"Montecchio";78;2;6;1;1;;;;10;1;2;0;4;;;;7;17
"055018";"Montecchio";79;0;8;0;2;;;;10;0;1;0;7;;;;8;18
"055018";"Montecchio";80;0;5;0;1;;;;6;0;4;1;6;;;;11;17
"055018";"Montecchio";81;1;7;0;0;;;;8;1;4;1;7;;;;13;21
"055018";"Montecchio";82;3;5;1;1;;;;10;1;1;0;7;;;;9;19
"055018";"Montecchio";83;0;2;0;2;;;;4;1;6;0;5;;;;12;16
"055018";"Montecchio";84;1;3;0;2;;;;6;1;3;0;6;;;;10;16
"055018";"Montecchio";85;1;5;1;0;;;;7;2;2;0;9;;;;13;20
"055018";"Montecchio";86;0;4;0;2;;;;6;0;2;0;5;;;;7;13
"055018";"Montecchio";87;0;1;1;3;;;;5;0;0;0;6;;;;6;11
"055018";"Montecchio";88;0;0;0;2;;;;2;0;1;0;3;;;;4;6
"055018";"Montecchio";89;0;2;0;1;;;;3;0;0;0;4;;;;4;7
"055018";"Montecchio";90;0;1;0;1;;;;2;0;0;0;7;;;;7;9
"055018";"Montecchio";91;1;1;0;1;;;;3;0;1;0;3;;;;4;7
"055018";"Montecchio";92;0;2;0;0;;;;2;0;0;0;2;;;;2;4
"055018";"Montecchio";93;0;1;0;1;;;;2;0;0;0;3;;;;3;5
"055018";"Montecchio";94;0;1;0;2;;;;3;1;0;0;2;;;;3;6
"055018";"Montecchio";95;0;1;0;0;;;;1;0;0;0;0;;;;0;1
"055018";"Montecchio";96;0;0;0;0;;;;0;1;0;0;1;;;;2;2
"055018";"Montecchio";97;0;0;0;0;;;;0;0;0;0;0;;;;0;0
"055018";"Montecchio";98;0;0;0;0;;;;0;0;0;0;1;;;;1;1
"055018";"Montecchio";99;0;0;0;0;;;;0;0;0;0;1;;;;1;1
"055018";"Montecchio";100;0;0;0;0;;;;0;0;0;0;4;;;;4;4
"055018";"Montecchio";999;327;418;23;31;;;;799;255;376;27;135;;;;793;1592
"055019";"Montefranco";0;8;0;0;0;;;;8;0;0;0;0;;;;0;8
"055019";"Montefranco";1;4;0;0;0;;;;4;4;0;0;0;;;;4;8
"055019";"Montefranco";2;5;0;0;0;;;;5;4;0;0;0;;;;4;9
"055019";"Montefranco";3;5;0;0;0;;;;5;6;0;0;0;;;;6;11
"055019";"Montefranco";4;6;0;0;0;;;;6;4;0;0;0;;;;4;10
"055019";"Montefranco";5;1;0;0;0;;;;1;4;0;0;0;;;;4;5
"055019";"Montefranco";6;7;0;0;0;;;;7;4;0;0;0;;;;4;11
"055019";"Montefranco";7;5;0;0;0;;;;5;5;0;0;0;;;;5;10
"055019";"Montefranco";8;3;0;0;0;;;;3;8;0;0;0;;;;8;11
"055019";"Montefranco";9;10;0;0;0;;;;10;8;0;0;0;;;;8;18
"055019";"Montefranco";10;5;0;0;0;;;;5;5;0;0;0;;;;5;10
"055019";"Montefranco";11;6;0;0;0;;;;6;3;0;0;0;;;;3;9
"055019";"Montefranco";12;5;0;0;0;;;;5;5;0;0;0;;;;5;10
"055019";"Montefranco";13;6;0;0;0;;;;6;9;0;0;0;;;;9;15
"055019";"Montefranco";14;10;0;0;0;;;;10;5;0;0;0;;;;5;15
"055019";"Montefranco";15;3;0;0;0;;;;3;6;0;0;0;;;;6;9
"055019";"Montefranco";16;7;0;0;0;;;;7;4;0;0;0;;;;4;11
"055019";"Montefranco";17;9;0;0;0;;;;9;6;0;0;0;;;;6;15
"055019";"Montefranco";18;4;0;0;0;;;;4;7;0;0;0;;;;7;11
"055019";"Montefranco";19;10;0;0;0;;;;10;5;0;0;0;;;;5;15
"055019";"Montefranco";20;5;0;0;0;;;;5;6;0;0;0;;;;6;11
"055019";"Montefranco";21;6;0;0;0;;;;6;0;0;0;0;;;;0;6
"055019";"Montefranco";22;4;0;0;0;;;;4;3;0;0;0;;;;3;7
"055019";"Montefranco";23;5;0;0;0;;;;5;4;0;0;0;;;;4;9
"055019";"Montefranco";24;6;0;0;0;;;;6;6;0;0;0;;;;6;12
"055019";"Montefranco";25;6;0;0;0;;;;6;2;0;0;0;;;;2;8
"055019";"Montefranco";26;3;0;0;0;;;;3;7;1;0;0;;;;8;11
"055019";"Montefranco";27;4;0;0;0;;;;4;5;0;0;0;;;;5;9
"055019";"Montefranco";28;4;0;0;0;;;;4;6;1;0;0;;;;7;11
"055019";"Montefranco";29;3;0;0;0;;;;3;5;4;0;0;;;;9;12
"055019";"Montefranco";30;5;2;0;0;;;;7;1;2;0;0;;;;3;10
"055019";"Montefranco";31;6;1;0;0;;;;7;1;0;0;0;;;;1;8
"055019";"Montefranco";32;7;0;0;0;;;;7;5;3;0;0;;;;8;15
"055019";"Montefranco";33;6;1;0;0;;;;7;4;4;0;0;;;;8;15
"055019";"Montefranco";34;3;0;0;0;;;;3;5;2;0;0;;;;7;10
"055019";"Montefranco";35;5;3;0;0;;;;8;5;3;0;0;;;;8;16
"055019";"Montefranco";36;8;2;0;0;;;;10;4;2;0;0;;;;6;16
"055019";"Montefranco";37;2;5;0;0;;;;7;4;4;0;0;;;;8;15
"055019";"Montefranco";38;1;5;0;0;;;;6;3;3;0;0;;;;6;12
"055019";"Montefranco";39;6;8;0;0;;;;14;2;8;2;0;;;;12;26
"055019";"Montefranco";40;4;2;1;0;;;;7;5;3;0;0;;;;8;15
"055019";"Montefranco";41;4;3;0;0;;;;7;2;7;0;0;;;;9;16
"055019";"Montefranco";42;6;2;2;0;;;;10;1;10;0;0;;;;11;21
"055019";"Montefranco";43;2;3;0;0;;;;5;2;9;0;0;;;;11;16
"055019";"Montefranco";44;3;8;2;0;;;;13;2;4;0;0;;;;6;19
"055019";"Montefranco";45;5;11;2;0;;;;18;2;4;1;0;;;;7;25
"055019";"Montefranco";46;5;8;0;0;;;;13;1;13;0;0;;;;14;27
"055019";"Montefranco";47;3;7;0;0;;;;10;3;8;1;0;;;;12;22
"055019";"Montefranco";48;0;7;0;0;;;;7;3;8;0;0;;;;11;18
"055019";"Montefranco";49;4;6;1;0;;;;11;0;11;0;0;;;;11;22
"055019";"Montefranco";50;1;10;1;0;;;;12;0;4;1;0;;;;5;17
"055019";"Montefranco";51;1;13;2;0;;;;16;0;4;0;0;;;;4;20
"055019";"Montefranco";52;0;6;0;0;;;;6;2;7;0;0;;;;9;15
"055019";"Montefranco";53;2;5;0;0;;;;7;0;3;0;0;;;;3;10
"055019";"Montefranco";54;2;9;0;0;;;;11;0;6;1;1;;;;8;19
"055019";"Montefranco";55;1;5;1;0;;;;7;0;4;1;1;;;;6;13
"055019";"Montefranco";56;1;8;2;1;;;;12;1;8;0;0;;;;9;21
"055019";"Montefranco";57;2;8;0;0;;;;10;0;11;1;0;;;;12;22
"055019";"Montefranco";58;0;5;3;0;;;;8;0;9;1;1;;;;11;19
"055019";"Montefranco";59;1;4;1;0;;;;6;1;10;0;1;;;;12;18
"055019";"Montefranco";60;0;7;1;1;;;;9;0;5;1;0;;;;6;15
"055019";"Montefranco";61;0;5;2;0;;;;7;0;6;0;0;;;;6;13
"055019";"Montefranco";62;0;11;0;0;;;;11;0;7;0;3;;;;10;21
"055019";"Montefranco";63;0;9;0;0;;;;9;0;10;0;0;;;;10;19
"055019";"Montefranco";64;1;8;0;0;;;;9;0;5;1;2;;;;8;17
"055019";"Montefranco";65;1;3;0;1;;;;5;2;8;1;1;;;;12;17
"055019";"Montefranco";66;0;5;0;1;;;;6;0;7;1;2;;;;10;16
"055019";"Montefranco";67;0;7;1;0;;;;8;0;7;2;1;;;;10;18
"055019";"Montefranco";68;0;8;0;0;;;;8;0;8;0;3;;;;11;19
"055019";"Montefranco";69;2;11;0;1;;;;14;0;7;0;1;;;;8;22
"055019";"Montefranco";70;2;8;0;0;;;;10;0;6;0;1;;;;7;17
"055019";"Montefranco";71;0;1;0;0;;;;1;0;4;0;3;;;;7;8
"055019";"Montefranco";72;0;6;0;1;;;;7;1;6;0;3;;;;10;17
"055019";"Montefranco";73;2;12;0;2;;;;16;0;7;0;1;;;;8;24
"055019";"Montefranco";74;0;7;0;1;;;;8;0;5;0;7;;;;12;20
"055019";"Montefranco";75;0;5;1;2;;;;8;1;2;0;1;;;;4;12
"055019";"Montefranco";76;0;2;1;1;;;;4;1;1;0;3;;;;5;9
"055019";"Montefranco";77;0;7;0;1;;;;8;0;4;0;2;;;;6;14
"055019";"Montefranco";78;0;5;0;0;;;;5;0;5;1;2;;;;8;13
"055019";"Montefranco";79;0;1;0;1;;;;2;0;0;0;6;;;;6;8
"055019";"Montefranco";80;2;3;0;1;;;;6;1;3;0;1;;;;5;11
"055019";"Montefranco";81;0;4;0;1;;;;5;0;4;0;3;;;;7;12
"055019";"Montefranco";82;1;2;0;1;;;;4;0;2;1;3;;;;6;10
"055019";"Montefranco";83;0;4;0;0;;;;4;0;4;1;5;;;;10;14
"055019";"Montefranco";84;0;0;0;1;;;;1;0;1;0;5;;;;6;7
"055019";"Montefranco";85;0;2;0;0;;;;2;0;2;0;5;;;;7;9
"055019";"Montefranco";86;0;4;0;2;;;;6;0;0;0;1;;;;1;7
"055019";"Montefranco";87;0;1;0;1;;;;2;0;0;0;2;;;;2;4
"055019";"Montefranco";88;0;0;0;2;;;;2;0;0;0;3;;;;3;5
"055019";"Montefranco";89;0;2;0;1;;;;3;0;0;0;3;;;;3;6
"055019";"Montefranco";90;0;0;0;0;;;;0;0;0;0;3;;;;3;3
"055019";"Montefranco";91;0;1;0;0;;;;1;0;1;0;1;;;;2;3
"055019";"Montefranco";92;0;1;0;0;;;;1;0;0;0;1;;;;1;2
"055019";"Montefranco";93;0;0;0;0;;;;0;1;0;0;3;;;;4;4
"055019";"Montefranco";94;0;1;0;1;;;;2;0;0;0;0;;;;0;2
"055019";"Montefranco";95;0;0;0;0;;;;0;0;0;0;1;;;;1;1
"055019";"Montefranco";96;0;0;0;0;;;;0;0;0;0;1;;;;1;1
"055019";"Montefranco";97;0;0;0;0;;;;0;0;0;0;0;;;;0;0
"055019";"Montefranco";98;0;0;0;0;;;;0;0;0;0;1;;;;1;1
"055019";"Montefranco";99;0;0;0;0;;;;0;0;0;0;0;;;;0;0
"055019";"Montefranco";100;0;0;0;0;;;;0;0;0;0;0;;;;0;0
"055019";"Montefranco";999;272;310;24;25;;;;631;212;307;18;88;;;;625;1256
"055020";"Montegabbione";0;1;0;0;0;;;;1;5;0;0;0;;;;5;6
"055020";"Montegabbione";1;1;0;0;0;;;;1;2;0;0;0;;;;2;3
"055020";"Montegabbione";2;1;0;0;0;;;;1;2;0;0;0;;;;2;3
"055020";"Montegabbione";3;1;0;0;0;;;;1;1;0;0;0;;;;1;2
"055020";"Montegabbione";4;5;0;0;0;;;;5;1;0;0;0;;;;1;6
"055020";"Montegabbione";5;4;0;0;0;;;;4;2;0;0;0;;;;2;6
"055020";"Montegabbione";6;6;0;0;0;;;;6;6;0;0;0;;;;6;12
"055020";"Montegabbione";7;2;0;0;0;;;;2;7;0;0;0;;;;7;9
"055020";"Montegabbione";8;8;0;0;0;;;;8;4;0;0;0;;;;4;12
"055020";"Montegabbione";9;4;0;0;0;;;;4;8;0;0;0;;;;8;12
"055020";"Montegabbione";10;1;0;0;0;;;;1;7;0;0;0;;;;7;8
"055020";"Montegabbione";11;0;0;0;0;;;;0;6;0;0;0;;;;6;6
"055020";"Montegabbione";12;5;0;0;0;;;;5;6;0;0;0;;;;6;11
"055020";"Montegabbione";13;6;0;0;0;;;;6;6;0;0;0;;;;6;12
"055020";"Montegabbione";14;6;0;0;0;;;;6;3;0;0;0;;;;3;9
"055020";"Montegabbione";15;4;0;0;0;;;;4;0;0;0;0;;;;0;4
"055020";"Montegabbione";16;3;0;0;0;;;;3;8;0;0;0;;;;8;11
"055020";"Montegabbione";17;1;0;0;0;;;;1;2;0;0;0;;;;2;3
"055020";"Montegabbione";18;5;0;0;0;;;;5;7;0;0;0;;;;7;12
"055020";"Montegabbione";19;2;0;0;0;;;;2;2;0;0;0;;;;2;4
"055020";"Montegabbione";20;7;0;0;0;;;;7;4;0;0;0;;;;4;11
"055020";"Montegabbione";21;2;0;0;0;;;;2;5;0;0;0;;;;5;7
"055020";"Montegabbione";22;6;0;0;0;;;;6;4;1;0;0;;;;5;11
"055020";"Montegabbione";23;4;0;0;0;;;;4;3;0;0;0;;;;3;7
"055020";"Montegabbione";24;7;0;0;0;;;;7;4;1;0;0;;;;5;12
"055020";"Montegabbione";25;1;0;0;0;;;;1;5;0;0;0;;;;5;6
"055020";"Montegabbione";26;7;0;0;0;;;;7;1;1;0;0;;;;2;9
"055020";"Montegabbione";27;5;1;0;0;;;;6;2;2;0;0;;;;4;10
"055020";"Montegabbione";28;2;0;0;0;;;;2;2;0;0;0;;;;2;4
"055020";"Montegabbione";29;5;0;0;0;;;;5;4;2;0;0;;;;6;11
"055020";"Montegabbione";30;4;0;0;0;;;;4;2;0;0;0;;;;2;6
"055020";"Montegabbione";31;1;2;0;0;;;;3;6;3;0;0;;;;9;12
"055020";"Montegabbione";32;3;1;0;0;;;;4;3;3;0;0;;;;6;10
"055020";"Montegabbione";33;3;2;0;0;;;;5;1;3;0;0;;;;4;9
"055020";"Montegabbione";34;7;1;0;0;;;;8;1;3;0;0;;;;4;12
"055020";"Montegabbione";35;5;1;0;0;;;;6;1;4;0;0;;;;5;11
"055020";"Montegabbione";36;2;2;0;0;;;;4;3;6;0;0;;;;9;13
"055020";"Montegabbione";37;6;4;0;0;;;;10;5;2;0;0;;;;7;17
"055020";"Montegabbione";38;1;2;0;0;;;;3;1;3;0;0;;;;4;7
"055020";"Montegabbione";39;4;3;0;0;;;;7;3;3;0;0;;;;6;13
"055020";"Montegabbione";40;5;5;0;0;;;;10;3;4;0;0;;;;7;17
"055020";"Montegabbione";41;0;3;0;0;;;;3;0;0;0;0;;;;0;3
"055020";"Montegabbione";42;3;7;0;0;;;;10;1;6;0;0;;;;7;17
"055020";"Montegabbione";43;3;5;0;0;;;;8;2;5;0;0;;;;7;15
"055020";"Montegabbione";44;2;5;0;0;;;;7;0;4;0;0;;;;4;11
"055020";"Montegabbione";45;1;8;0;0;;;;9;0;6;0;0;;;;6;15
"055020";"Montegabbione";46;5;3;0;0;;;;8;1;6;0;0;;;;7;15
"055020";"Montegabbione";47;4;2;0;0;;;;6;5;3;0;0;;;;8;14
"055020";"Montegabbione";48;3;3;0;0;;;;6;1;4;0;0;;;;5;11
"055020";"Montegabbione";49;4;7;0;0;;;;11;1;4;2;0;;;;7;18
"055020";"Montegabbione";50;3;4;1;0;;;;8;0;2;0;0;;;;2;10
"055020";"Montegabbione";51;1;7;0;0;;;;8;0;8;0;0;;;;8;16
"055020";"Montegabbione";52;4;5;0;1;;;;10;0;9;0;0;;;;9;19
"055020";"Montegabbione";53;1;11;1;0;;;;13;0;7;0;0;;;;7;20
"055020";"Montegabbione";54;2;6;0;0;;;;8;2;5;0;0;;;;7;15
"055020";"Montegabbione";55;0;4;0;0;;;;4;1;8;0;0;;;;9;13
"055020";"Montegabbione";56;0;2;0;0;;;;2;1;6;1;0;;;;8;10
"055020";"Montegabbione";57;2;8;0;0;;;;10;1;4;1;0;;;;6;16
"055020";"Montegabbione";58;1;10;0;0;;;;11;1;6;1;1;;;;9;20
"055020";"Montegabbione";59;3;4;2;0;;;;9;1;8;0;1;;;;10;19
"055020";"Montegabbione";60;0;9;0;0;;;;9;3;4;1;1;;;;9;18
"055020";"Montegabbione";61;2;5;0;0;;;;7;1;6;1;0;;;;8;15
"055020";"Montegabbione";62;1;4;0;0;;;;5;0;8;0;1;;;;9;14
"055020";"Montegabbione";63;2;1;1;1;;;;5;0;9;0;2;;;;11;16
"055020";"Montegabbione";64;0;7;0;0;;;;7;0;6;0;2;;;;8;15
"055020";"Montegabbione";65;2;4;0;0;;;;6;1;5;0;0;;;;6;12
"055020";"Montegabbione";66;1;11;1;0;;;;13;1;8;1;1;;;;11;24
"055020";"Montegabbione";67;1;7;1;0;;;;9;2;3;1;1;;;;7;16
"055020";"Montegabbione";68;0;7;0;0;;;;7;0;3;1;2;;;;6;13
"055020";"Montegabbione";69;4;5;1;0;;;;10;0;10;0;0;;;;10;20
"055020";"Montegabbione";70;0;6;0;0;;;;6;1;7;1;1;;;;10;16
"055020";"Montegabbione";71;3;6;0;1;;;;10;0;10;1;1;;;;12;22
"055020";"Montegabbione";72;0;9;0;0;;;;9;1;5;0;0;;;;6;15
"055020";"Montegabbione";73;2;5;0;0;;;;7;0;9;0;2;;;;11;18
"055020";"Montegabbione";74;2;7;0;0;;;;9;0;3;0;1;;;;4;13
"055020";"Montegabbione";75;0;5;0;0;;;;5;0;4;0;1;;;;5;10
"055020";"Montegabbione";76;0;8;0;1;;;;9;2;5;0;2;;;;9;18
"055020";"Montegabbione";77;1;5;0;0;;;;6;0;8;0;4;;;;12;18
"055020";"Montegabbione";78;1;6;0;0;;;;7;0;7;0;3;;;;10;17
"055020";"Montegabbione";79;1;5;0;0;;;;6;1;2;0;3;;;;6;12
"055020";"Montegabbione";80;1;7;0;0;;;;8;0;3;0;5;;;;8;16
"055020";"Montegabbione";81;0;6;0;0;;;;6;0;4;0;4;;;;8;14
"055020";"Montegabbione";82;4;3;0;1;;;;8;1;5;0;3;;;;9;17
"055020";"Montegabbione";83;0;6;0;0;;;;6;1;1;0;2;;;;4;10
"055020";"Montegabbione";84;1;1;0;0;;;;2;1;0;0;4;;;;5;7
"055020";"Montegabbione";85;1;3;0;5;;;;9;0;2;0;3;;;;5;14
"055020";"Montegabbione";86;2;6;0;0;;;;8;0;3;0;7;;;;10;18
"055020";"Montegabbione";87;0;5;0;0;;;;5;0;2;0;4;;;;6;11
"055020";"Montegabbione";88;0;3;0;0;;;;3;0;1;0;6;;;;7;10
"055020";"Montegabbione";89;0;2;0;1;;;;3;0;0;0;3;;;;3;6
"055020";"Montegabbione";90;0;2;0;0;;;;2;0;0;0;3;;;;3;5
"055020";"Montegabbione";91;0;3;0;3;;;;6;0;0;0;4;;;;4;10
"055020";"Montegabbione";92;0;1;0;1;;;;2;0;0;0;4;;;;4;6
"055020";"Montegabbione";93;0;0;0;1;;;;1;0;0;0;3;;;;3;4
"055020";"Montegabbione";94;0;0;0;0;;;;0;0;0;0;1;;;;1;1
"055020";"Montegabbione";95;0;0;0;1;;;;1;0;0;0;1;;;;1;2
"055020";"Montegabbione";96;0;0;0;0;;;;0;0;0;0;0;;;;0;0
"055020";"Montegabbione";97;0;0;0;0;;;;0;0;0;0;2;;;;2;2
"055020";"Montegabbione";98;0;0;0;0;;;;0;0;0;0;0;;;;0;0
"055020";"Montegabbione";99;0;0;0;0;;;;0;0;0;0;0;;;;0;0
"055020";"Montegabbione";100;0;0;0;0;;;;0;0;0;0;0;;;;0;0
"055020";"Montegabbione";999;227;298;8;17;;;;550;182;285;12;89;;;;568;1118
"055021";"Monteleone d'Orvieto";0;4;0;0;0;;;;4;1;0;0;0;;;;1;5
"055021";"Monteleone d'Orvieto";1;6;0;0;0;;;;6;4;0;0;0;;;;4;10
"055021";"Monteleone d'Orvieto";2;3;0;0;0;;;;3;3;0;0;0;;;;3;6
"055021";"Monteleone d'Orvieto";3;2;0;0;0;;;;2;2;0;0;0;;;;2;4
"055021";"Monteleone d'Orvieto";4;4;0;0;0;;;;4;3;0;0;0;;;;3;7
"055021";"Monteleone d'Orvieto";5;3;0;0;0;;;;3;6;0;0;0;;;;6;9
"055021";"Monteleone d'Orvieto";6;6;0;0;0;;;;6;6;0;0;0;;;;6;12
"055021";"Monteleone d'Orvieto";7;1;0;0;0;;;;1;4;0;0;0;;;;4;5
"055021";"Monteleone d'Orvieto";8;3;0;0;0;;;;3;7;0;0;0;;;;7;10
"055021";"Monteleone d'Orvieto";9;5;0;0;0;;;;5;5;0;0;0;;;;5;10
"055021";"Monteleone d'Orvieto";10;3;0;0;0;;;;3;8;0;0;0;;;;8;11
"055021";"Monteleone d'Orvieto";11;2;0;0;0;;;;2;4;0;0;0;;;;4;6
"055021";"Monteleone d'Orvieto";12;5;0;0;0;;;;5;5;0;0;0;;;;5;10
"055021";"Monteleone d'Orvieto";13;4;0;0;0;;;;4;11;0;0;0;;;;11;15
"055021";"Monteleone d'Orvieto";14;10;0;0;0;;;;10;5;0;0;0;;;;5;15
"055021";"Monteleone d'Orvieto";15;4;0;0;0;;;;4;6;0;0;0;;;;6;10
"055021";"Monteleone d'Orvieto";16;5;0;0;0;;;;5;7;0;0;0;;;;7;12
"055021";"Monteleone d'Orvieto";17;7;0;0;0;;;;7;4;0;0;0;;;;4;11
"055021";"Monteleone d'Orvieto";18;5;0;0;0;;;;5;5;0;0;0;;;;5;10
"055021";"Monteleone d'Orvieto";19;4;0;0;0;;;;4;5;0;0;0;;;;5;9
"055021";"Monteleone d'Orvieto";20;2;0;0;0;;;;2;4;0;0;0;;;;4;6
"055021";"Monteleone d'Orvieto";21;6;0;0;0;;;;6;6;0;0;0;;;;6;12
"055021";"Monteleone d'Orvieto";22;7;0;0;0;;;;7;5;0;0;0;;;;5;12
"055021";"Monteleone d'Orvieto";23;5;0;0;0;;;;5;4;0;0;0;;;;4;9
"055021";"Monteleone d'Orvieto";24;3;0;0;0;;;;3;7;0;0;0;;;;7;10
"055021";"Monteleone d'Orvieto";25;6;0;0;0;;;;6;4;0;0;0;;;;4;10
"055021";"Monteleone d'Orvieto";26;5;0;0;0;;;;5;8;0;0;0;;;;8;13
"055021";"Monteleone d'Orvieto";27;2;0;0;0;;;;2;5;0;0;0;;;;5;7
"055021";"Monteleone d'Orvieto";28;9;0;0;0;;;;9;3;2;0;0;;;;5;14
"055021";"Monteleone d'Orvieto";29;6;1;0;0;;;;7;6;2;0;0;;;;8;15
"055021";"Monteleone d'Orvieto";30;1;1;0;0;;;;2;5;0;0;0;;;;5;7
"055021";"Monteleone d'Orvieto";31;7;0;0;0;;;;7;7;0;0;0;;;;7;14
"055021";"Monteleone d'Orvieto";32;5;1;0;0;;;;6;5;2;0;0;;;;7;13
"055021";"Monteleone d'Orvieto";33;5;0;0;0;;;;5;3;4;0;0;;;;7;12
"055021";"Monteleone d'Orvieto";34;4;1;0;0;;;;5;6;5;0;0;;;;11;16
"055021";"Monteleone d'Orvieto";35;6;3;1;0;;;;10;6;1;1;0;;;;8;18
"055021";"Monteleone d'Orvieto";36;2;4;0;0;;;;6;3;7;0;0;;;;10;16
"055021";"Monteleone d'Orvieto";37;7;3;0;0;;;;10;7;5;0;1;;;;13;23
"055021";"Monteleone d'Orvieto";38;4;3;0;0;;;;7;5;2;0;0;;;;7;14
"055021";"Monteleone d'Orvieto";39;3;2;0;0;;;;5;1;3;0;0;;;;4;9
"055021";"Monteleone d'Orvieto";40;2;5;0;0;;;;7;2;4;0;0;;;;6;13
"055021";"Monteleone d'Orvieto";41;4;2;0;0;;;;6;2;4;0;0;;;;6;12
"055021";"Monteleone d'Orvieto";42;5;3;0;0;;;;8;4;4;0;0;;;;8;16
"055021";"Monteleone d'Orvieto";43;5;3;0;0;;;;8;5;7;2;0;;;;14;22
"055021";"Monteleone d'Orvieto";44;2;6;1;0;;;;9;1;3;0;0;;;;4;13
"055021";"Monteleone d'Orvieto";45;7;12;1;0;;;;20;4;6;1;0;;;;11;31
"055021";"Monteleone d'Orvieto";46;2;3;0;0;;;;5;4;10;0;0;;;;14;19
"055021";"Monteleone d'Orvieto";47;2;4;0;0;;;;6;3;11;1;0;;;;15;21
"055021";"Monteleone d'Orvieto";48;4;8;0;0;;;;12;2;3;1;0;;;;6;18
"055021";"Monteleone d'Orvieto";49;1;9;1;0;;;;11;2;16;1;0;;;;19;30
"055021";"Monteleone d'Orvieto";50;4;5;1;0;;;;10;2;9;0;0;;;;11;21
"055021";"Monteleone d'Orvieto";51;2;9;0;0;;;;11;1;4;0;1;;;;6;17
"055021";"Monteleone d'Orvieto";52;0;4;0;0;;;;4;0;3;2;2;;;;7;11
"055021";"Monteleone d'Orvieto";53;1;8;2;0;;;;11;1;9;1;1;;;;12;23
"055021";"Monteleone d'Orvieto";54;1;7;3;0;;;;11;1;5;0;0;;;;6;17
"055021";"Monteleone d'Orvieto";55;3;8;0;0;;;;11;1;8;1;1;;;;11;22
"055021";"Monteleone d'Orvieto";56;0;6;1;0;;;;7;0;10;0;0;;;;10;17
"055021";"Monteleone d'Orvieto";57;0;11;0;0;;;;11;1;8;1;0;;;;10;21
"055021";"Monteleone d'Orvieto";58;3;4;0;1;;;;8;2;8;1;0;;;;11;19
"055021";"Monteleone d'Orvieto";59;3;11;0;0;;;;14;2;6;2;1;;;;11;25
"055021";"Monteleone d'Orvieto";60;2;9;1;0;;;;12;0;9;1;1;;;;11;23
"055021";"Monteleone d'Orvieto";61;0;6;2;0;;;;8;2;8;1;1;;;;12;20
"055021";"Monteleone d'Orvieto";62;1;5;1;0;;;;7;0;10;1;2;;;;13;20
"055021";"Monteleone d'Orvieto";63;0;8;1;0;;;;9;3;7;0;2;;;;12;21
"055021";"Monteleone d'Orvieto";64;1;7;0;0;;;;8;0;8;0;1;;;;9;17
"055021";"Monteleone d'Orvieto";65;2;7;0;0;;;;9;0;4;2;1;;;;7;16
"055021";"Monteleone d'Orvieto";66;3;7;0;0;;;;10;0;13;0;2;;;;15;25
"055021";"Monteleone d'Orvieto";67;1;13;0;0;;;;14;0;11;1;0;;;;12;26
"055021";"Monteleone d'Orvieto";68;3;4;0;0;;;;7;1;12;0;1;;;;14;21
"055021";"Monteleone d'Orvieto";69;1;11;0;0;;;;12;0;4;0;2;;;;6;18
"055021";"Monteleone d'Orvieto";70;0;9;1;1;;;;11;1;4;1;3;;;;9;20
"055021";"Monteleone d'Orvieto";71;1;11;0;0;;;;12;2;11;0;2;;;;15;27
"055021";"Monteleone d'Orvieto";72;1;12;0;0;;;;13;1;8;0;1;;;;10;23
"055021";"Monteleone d'Orvieto";73;1;12;1;1;;;;15;1;6;0;2;;;;9;24
"055021";"Monteleone d'Orvieto";74;1;4;0;0;;;;5;0;6;0;2;;;;8;13
"055021";"Monteleone d'Orvieto";75;1;7;0;0;;;;8;0;7;0;2;;;;9;17
"055021";"Monteleone d'Orvieto";76;0;4;0;0;;;;4;0;3;1;6;;;;10;14
"055021";"Monteleone d'Orvieto";77;0;7;0;1;;;;8;0;2;0;2;;;;4;12
"055021";"Monteleone d'Orvieto";78;1;4;0;0;;;;5;0;3;0;7;;;;10;15
"055021";"Monteleone d'Orvieto";79;0;4;0;0;;;;4;0;2;0;0;;;;2;6
"055021";"Monteleone d'Orvieto";80;0;9;0;2;;;;11;1;5;0;6;;;;12;23
"055021";"Monteleone d'Orvieto";81;0;4;0;2;;;;6;0;6;0;2;;;;8;14
"055021";"Monteleone d'Orvieto";82;0;3;1;0;;;;4;1;6;0;6;;;;13;17
"055021";"Monteleone d'Orvieto";83;0;3;0;1;;;;4;0;3;2;11;;;;16;20
"055021";"Monteleone d'Orvieto";84;0;5;0;3;;;;8;0;1;0;5;;;;6;14
"055021";"Monteleone d'Orvieto";85;0;2;0;1;;;;3;0;4;0;3;;;;7;10
"055021";"Monteleone d'Orvieto";86;0;8;0;0;;;;8;0;1;0;4;;;;5;13
"055021";"Monteleone d'Orvieto";87;0;3;0;2;;;;5;0;3;0;7;;;;10;15
"055021";"Monteleone d'Orvieto";88;0;2;0;0;;;;2;0;1;0;3;;;;4;6
"055021";"Monteleone d'Orvieto";89;0;3;0;1;;;;4;1;0;0;2;;;;3;7
"055021";"Monteleone d'Orvieto";90;0;1;0;1;;;;2;2;2;0;6;;;;10;12
"055021";"Monteleone d'Orvieto";91;0;1;0;0;;;;1;0;0;0;3;;;;3;4
"055021";"Monteleone d'Orvieto";92;0;1;0;3;;;;4;0;0;0;3;;;;3;7
"055021";"Monteleone d'Orvieto";93;0;1;0;0;;;;1;0;0;0;1;;;;1;2
"055021";"Monteleone d'Orvieto";94;0;0;0;0;;;;0;0;0;0;0;;;;0;0
"055021";"Monteleone d'Orvieto";95;0;1;0;0;;;;1;0;0;0;1;;;;1;2
"055021";"Monteleone d'Orvieto";96;0;1;0;0;;;;1;0;0;0;0;;;;0;1
"055021";"Monteleone d'Orvieto";97;0;0;0;1;;;;1;0;0;0;1;;;;1;2
"055021";"Monteleone d'Orvieto";98;0;0;0;0;;;;0;0;0;0;1;;;;1;1
"055021";"Monteleone d'Orvieto";99;0;0;0;1;;;;1;0;0;0;0;;;;0;1
"055021";"Monteleone d'Orvieto";100;0;0;0;1;;;;1;0;0;0;1;;;;1;2
"055021";"Monteleone d'Orvieto";999;252;346;19;23;;;;640;257;341;25;113;;;;736;1376
"055022";"Narni";0;57;0;0;0;;;;57;47;0;0;0;;;;47;104
"055022";"Narni";1;57;0;0;0;;;;57;43;0;0;0;;;;43;100
"055022";"Narni";2;56;0;0;0;;;;56;48;0;0;0;;;;48;104
"055022";"Narni";3;55;0;0;0;;;;55;52;0;0;0;;;;52;107
"055022";"Narni";4;60;0;0;0;;;;60;36;0;0;0;;;;36;96
"055022";"Narni";5;64;0;0;0;;;;64;52;0;0;0;;;;52;116
"055022";"Narni";6;66;0;0;0;;;;66;51;0;0;0;;;;51;117
"055022";"Narni";7;81;0;0;0;;;;81;63;0;0;0;;;;63;144
"055022";"Narni";8;58;0;0;0;;;;58;75;0;0;0;;;;75;133
"055022";"Narni";9;74;0;0;0;;;;74;69;0;0;0;;;;69;143
"055022";"Narni";10;69;0;0;0;;;;69;74;0;0;0;;;;74;143
"055022";"Narni";11;68;0;0;0;;;;68;51;0;0;0;;;;51;119
"055022";"Narni";12;83;0;0;0;;;;83;80;0;0;0;;;;80;163
"055022";"Narni";13;84;0;0;0;;;;84;93;0;0;0;;;;93;177
"055022";"Narni";14;93;0;0;0;;;;93;78;0;0;0;;;;78;171
"055022";"Narni";15;80;0;0;0;;;;80;68;0;0;0;;;;68;148
"055022";"Narni";16;91;0;0;0;;;;91;89;0;0;0;;;;89;180
"055022";"Narni";17;68;0;0;0;;;;68;73;0;0;0;;;;73;141
"055022";"Narni";18;81;0;0;0;;;;81;93;0;0;0;;;;93;174
"055022";"Narni";19;73;0;0;0;;;;73;83;0;0;0;;;;83;156
"055022";"Narni";20;81;0;0;0;;;;81;69;0;0;0;;;;69;150
"055022";"Narni";21;98;0;0;0;;;;98;82;2;0;0;;;;84;182
"055022";"Narni";22;114;0;0;0;;;;114;89;3;0;0;;;;92;206
"055022";"Narni";23;92;0;0;0;;;;92;72;3;0;0;;;;75;167
"055022";"Narni";24;75;1;0;0;;;;76;79;5;0;0;;;;84;160
"055022";"Narni";25;84;2;0;0;;;;86;68;1;0;0;;;;69;155
"055022";"Narni";26;80;6;0;0;;;;86;68;9;1;0;;;;78;164
"055022";"Narni";27;73;3;0;0;;;;76;69;9;0;0;;;;78;154
"055022";"Narni";28;68;4;0;0;;;;72;65;10;0;0;;;;75;147
"055022";"Narni";29;82;6;0;0;;;;88;59;11;0;1;;;;71;159
"055022";"Narni";30;72;5;1;0;;;;78;62;12;1;0;;;;75;153
"055022";"Narni";31;64;12;0;0;;;;76;52;20;0;0;;;;72;148
"055022";"Narni";32;59;15;0;0;;;;74;49;22;1;0;;;;72;146
"055022";"Narni";33;56;22;0;0;;;;78;59;24;0;0;;;;83;161
"055022";"Narni";34;65;25;0;0;;;;90;52;32;3;0;;;;87;177
"055022";"Narni";35;69;28;1;0;;;;98;45;40;3;0;;;;88;186
"055022";"Narni";36;58;26;0;0;;;;84;52;30;5;1;;;;88;172
"055022";"Narni";37;66;22;2;0;;;;90;35;49;3;0;;;;87;177
"055022";"Narni";38;58;51;3;0;;;;112;48;58;2;0;;;;108;220
"055022";"Narni";39;58;43;2;0;;;;103;30;53;3;1;;;;87;190
"055022";"Narni";40;48;43;1;0;;;;92;35;61;2;0;;;;98;190
"055022";"Narni";41;48;51;2;0;;;;101;42;74;2;1;;;;119;220
"055022";"Narni";42;50;47;3;0;;;;100;37;73;1;2;;;;113;213
"055022";"Narni";43;46;60;2;0;;;;108;37;80;4;0;;;;121;229
"055022";"Narni";44;48;53;2;0;;;;103;37;66;7;1;;;;111;214
"055022";"Narni";45;30;91;2;0;;;;123;26;108;6;1;;;;141;264
"055022";"Narni";46;37;87;5;0;;;;129;29;104;16;1;;;;150;279
"055022";"Narni";47;38;82;9;2;;;;131;34;97;12;1;;;;144;275
"055022";"Narni";48;37;98;10;1;;;;146;18;110;14;4;;;;146;292
"055022";"Narni";49;42;106;7;0;;;;155;26;114;16;2;;;;158;313
"055022";"Narni";50;37;85;8;0;;;;130;28;113;9;2;;;;152;282
"055022";"Narni";51;39;107;13;1;;;;160;18;128;7;5;;;;158;318
"055022";"Narni";52;28;111;8;1;;;;148;24;122;13;3;;;;162;310
"055022";"Narni";53;35;114;8;2;;;;159;25;113;9;4;;;;151;310
"055022";"Narni";54;25;93;14;2;;;;134;16;99;11;4;;;;130;264
"055022";"Narni";55;34;114;14;0;;;;162;18;129;15;7;;;;169;331
"055022";"Narni";56;22;106;12;4;;;;144;13;123;15;6;;;;157;301
"055022";"Narni";57;23;123;10;1;;;;157;13;101;12;8;;;;134;291
"055022";"Narni";58;20;121;4;4;;;;149;12;122;12;6;;;;152;301
"055022";"Narni";59;16;105;4;4;;;;129;21;129;5;10;;;;165;294
"055022";"Narni";60;17;100;6;2;;;;125;12;116;13;8;;;;149;274
"055022";"Narni";61;9;114;7;1;;;;131;8;99;4;11;;;;122;253
"055022";"Narni";62;13;99;6;4;;;;122;9;117;7;14;;;;147;269
"055022";"Narni";63;15;101;5;2;;;;123;11;95;8;11;;;;125;248
"055022";"Narni";64;17;122;7;4;;;;150;15;101;4;14;;;;134;284
"055022";"Narni";65;16;99;5;2;;;;122;7;109;11;14;;;;141;263
"055022";"Narni";66;12;86;4;7;;;;109;9;109;5;16;;;;139;248
"055022";"Narni";67;8;106;5;3;;;;122;8;98;4;18;;;;128;250
"055022";"Narni";68;8;92;7;4;;;;111;9;93;7;23;;;;132;243
"055022";"Narni";69;11;112;8;4;;;;135;7;110;4;24;;;;145;280
"055022";"Narni";70;10;92;2;4;;;;108;5;94;4;27;;;;130;238
"055022";"Narni";71;8;99;4;6;;;;117;9;98;2;33;;;;142;259
"055022";"Narni";72;11;103;4;12;;;;130;4;112;6;34;;;;156;286
"055022";"Narni";73;11;94;6;8;;;;119;3;105;3;32;;;;143;262
"055022";"Narni";74;9;111;3;8;;;;131;3;101;4;44;;;;152;283
"055022";"Narni";75;9;90;0;9;;;;108;2;57;7;36;;;;102;210
"055022";"Narni";76;4;77;2;11;;;;94;4;68;4;36;;;;112;206
"055022";"Narni";77;5;82;2;11;;;;100;4;62;0;40;;;;106;206
"055022";"Narni";78;3;72;1;8;;;;84;3;54;1;43;;;;101;185
"055022";"Narni";79;3;70;1;4;;;;78;2;52;2;41;;;;97;175
"055022";"Narni";80;10;85;1;12;;;;108;6;44;1;54;;;;105;213
"055022";"Narni";81;7;77;1;12;;;;97;5;55;1;59;;;;120;217
"055022";"Narni";82;4;70;1;13;;;;88;3;39;1;82;;;;125;213
"055022";"Narni";83;0;59;1;10;;;;70;3;31;1;49;;;;84;154
"055022";"Narni";84;2;43;1;12;;;;58;2;28;0;70;;;;100;158
"055022";"Narni";85;2;49;0;10;;;;61;5;17;0;61;;;;83;144
"055022";"Narni";86;3;39;2;17;;;;61;3;20;1;61;;;;85;146
"055022";"Narni";87;2;33;0;6;;;;41;4;11;1;54;;;;70;111
"055022";"Narni";88;1;22;0;10;;;;33;1;14;2;48;;;;65;98
"055022";"Narni";89;1;19;0;6;;;;26;2;7;0;52;;;;61;87
"055022";"Narni";90;1;20;0;14;;;;35;3;5;0;48;;;;56;91
"055022";"Narni";91;0;9;0;5;;;;14;0;3;0;46;;;;49;63
"055022";"Narni";92;0;4;0;8;;;;12;3;3;0;24;;;;30;42
"055022";"Narni";93;1;4;0;3;;;;8;2;0;1;19;;;;22;30
"055022";"Narni";94;0;3;0;6;;;;9;1;0;0;21;;;;22;31
"055022";"Narni";95;0;4;0;4;;;;8;0;2;0;14;;;;16;24
"055022";"Narni";96;0;1;0;7;;;;8;0;1;0;13;;;;14;22
"055022";"Narni";97;0;2;0;3;;;;5;1;0;0;9;;;;10;15
"055022";"Narni";98;0;1;0;0;;;;1;0;0;0;5;;;;5;6
"055022";"Narni";99;0;0;0;0;;;;0;1;0;0;8;;;;9;9
"055022";"Narni";100;0;0;0;1;;;;1;1;0;0;6;;;;7;8
"055022";"Narni";999;3826;4533;239;295;;;;8893;3211;4589;319;1393;;;;9512;18405
"055023";"Orvieto";0;55;0;0;0;;;;55;40;0;0;0;;;;40;95
"055023";"Orvieto";1;62;0;0;0;;;;62;53;0;0;0;;;;53;115
"055023";"Orvieto";2;60;0;0;0;;;;60;45;0;0;0;;;;45;105
"055023";"Orvieto";3;63;0;0;0;;;;63;60;0;0;0;;;;60;123
"055023";"Orvieto";4;66;0;0;0;;;;66;75;0;0;0;;;;75;141
"055023";"Orvieto";5;59;0;0;0;;;;59;69;0;0;0;;;;69;128
"055023";"Orvieto";6;74;0;0;0;;;;74;72;0;0;0;;;;72;146
"055023";"Orvieto";7;77;0;0;0;;;;77;78;0;0;0;;;;78;155
"055023";"Orvieto";8;83;0;0;0;;;;83;88;0;0;0;;;;88;171
"055023";"Orvieto";9;67;0;0;0;;;;67;72;0;0;0;;;;72;139
"055023";"Orvieto";10;90;0;0;0;;;;90;91;0;0;0;;;;91;181
"055023";"Orvieto";11;75;0;0;0;;;;75;83;0;0;0;;;;83;158
"055023";"Orvieto";12;116;0;0;0;;;;116;84;0;0;0;;;;84;200
"055023";"Orvieto";13;86;0;0;0;;;;86;103;0;0;0;;;;103;189
"055023";"Orvieto";14;92;0;0;0;;;;92;72;0;0;0;;;;72;164
"055023";"Orvieto";15;91;0;0;0;;;;91;85;0;0;0;;;;85;176
"055023";"Orvieto";16;93;0;0;0;;;;93;76;0;0;0;;;;76;169
"055023";"Orvieto";17;78;0;0;0;;;;78;71;0;0;0;;;;71;149
"055023";"Orvieto";18;80;0;0;0;;;;80;76;0;0;0;;;;76;156
"055023";"Orvieto";19;96;0;0;0;;;;96;84;0;0;0;;;;84;180
"055023";"Orvieto";20;89;0;0;0;;;;89;67;0;0;0;;;;67;156
"055023";"Orvieto";21;94;0;0;0;;;;94;70;2;0;0;;;;72;166
"055023";"Orvieto";22;90;0;0;0;;;;90;74;2;0;0;;;;76;166
"055023";"Orvieto";23;84;2;0;0;;;;86;75;2;0;0;;;;77;163
"055023";"Orvieto";24;83;0;0;0;;;;83;87;1;0;0;;;;88;171
"055023";"Orvieto";25;103;4;0;0;;;;107;70;8;0;0;;;;78;185
"055023";"Orvieto";26;94;1;0;0;;;;95;70;11;0;0;;;;81;176
"055023";"Orvieto";27;106;5;0;0;;;;111;71;8;0;0;;;;79;190
"055023";"Orvieto";28;98;4;0;0;;;;102;75;8;0;0;;;;83;185
"055023";"Orvieto";29;79;7;0;0;;;;86;70;26;0;0;;;;96;182
"055023";"Orvieto";30;82;14;0;0;;;;96;70;26;0;0;;;;96;192
"055023";"Orvieto";31;74;19;0;0;;;;93;53;26;1;0;;;;80;173
"055023";"Orvieto";32;106;13;0;0;;;;119;60;31;0;0;;;;91;210
"055023";"Orvieto";33;87;39;1;0;;;;127;49;41;2;1;;;;93;220
"055023";"Orvieto";34;68;30;0;0;;;;98;64;48;1;1;;;;114;212
"055023";"Orvieto";35;78;35;1;0;;;;114;46;45;2;0;;;;93;207
"055023";"Orvieto";36;61;36;0;0;;;;97;40;49;2;0;;;;91;188
"055023";"Orvieto";37;51;34;0;0;;;;85;44;54;2;0;;;;100;185
"055023";"Orvieto";38;57;54;1;0;;;;112;58;59;2;0;;;;119;231
"055023";"Orvieto";39;52;42;3;0;;;;97;53;73;5;0;;;;131;228
"055023";"Orvieto";40;51;65;2;0;;;;118;41;68;4;1;;;;114;232
"055023";"Orvieto";41;50;48;0;0;;;;98;39;63;3;0;;;;105;203
"055023";"Orvieto";42;47;68;1;0;;;;116;49;71;5;2;;;;127;243
"055023";"Orvieto";43;55;71;5;0;;;;131;37;96;6;1;;;;140;271
"055023";"Orvieto";44;61;90;4;1;;;;156;29;96;10;2;;;;137;293
"055023";"Orvieto";45;36;76;3;0;;;;115;31;97;1;4;;;;133;248
"055023";"Orvieto";46;48;88;3;0;;;;139;42;121;6;2;;;;171;310
"055023";"Orvieto";47;36;96;5;0;;;;137;45;93;12;1;;;;151;288
"055023";"Orvieto";48;36;97;7;0;;;;140;36;103;13;3;;;;155;295
"055023";"Orvieto";49;43;85;4;0;;;;132;41;113;15;2;;;;171;303
"055023";"Orvieto";50;36;95;9;0;;;;140;25;108;14;1;;;;148;288
"055023";"Orvieto";51;37;91;5;1;;;;134;36;109;11;10;;;;166;300
"055023";"Orvieto";52;27;110;8;1;;;;146;29;127;15;6;;;;177;323
"055023";"Orvieto";53;36;97;10;1;;;;144;25;112;11;5;;;;153;297
"055023";"Orvieto";54;36;99;10;2;;;;147;26;127;14;7;;;;174;321
"055023";"Orvieto";55;29;105;11;3;;;;148;19;126;14;10;;;;169;317
"055023";"Orvieto";56;25;110;12;1;;;;148;22;145;25;8;;;;200;348
"055023";"Orvieto";57;18;132;11;0;;;;161;26;129;17;11;;;;183;344
"055023";"Orvieto";58;27;130;8;3;;;;168;23;126;17;11;;;;177;345
"055023";"Orvieto";59;19;117;12;1;;;;149;18;131;15;5;;;;169;318
"055023";"Orvieto";60;15;112;9;0;;;;136;14;132;12;15;;;;173;309
"055023";"Orvieto";61;21;106;12;5;;;;144;23;110;12;13;;;;158;302
"055023";"Orvieto";62;20;95;7;3;;;;125;7;115;6;12;;;;140;265
"055023";"Orvieto";63;10;90;7;3;;;;110;8;101;14;11;;;;134;244
"055023";"Orvieto";64;17;108;6;6;;;;137;20;113;5;18;;;;156;293
"055023";"Orvieto";65;4;116;6;5;;;;131;8;106;15;18;;;;147;278
"055023";"Orvieto";66;8;99;7;4;;;;118;12;104;10;26;;;;152;270
"055023";"Orvieto";67;15;90;10;8;;;;123;15;103;11;20;;;;149;272
"055023";"Orvieto";68;10;96;7;5;;;;118;7;103;8;19;;;;137;255
"055023";"Orvieto";69;19;94;4;4;;;;121;8;90;7;18;;;;123;244
"055023";"Orvieto";70;18;94;3;8;;;;123;7;98;5;27;;;;137;260
"055023";"Orvieto";71;10;131;6;9;;;;156;12;99;4;35;;;;150;306
"055023";"Orvieto";72;6;123;5;7;;;;141;8;100;3;37;;;;148;289
"055023";"Orvieto";73;11;120;1;9;;;;141;7;96;5;42;;;;150;291
"055023";"Orvieto";74;11;97;3;8;;;;119;10;77;3;47;;;;137;256
"055023";"Orvieto";75;6;79;2;4;;;;91;3;71;2;34;;;;110;201
"055023";"Orvieto";76;12;74;4;7;;;;97;5;59;2;42;;;;108;205
"055023";"Orvieto";77;6;73;4;6;;;;89;7;71;2;38;;;;118;207
"055023";"Orvieto";78;9;75;1;13;;;;98;6;63;9;45;;;;123;221
"055023";"Orvieto";79;8;89;4;12;;;;113;3;69;1;54;;;;127;240
"055023";"Orvieto";80;3;90;1;5;;;;99;5;51;1;88;;;;145;244
"055023";"Orvieto";81;8;61;2;20;;;;91;8;43;3;81;;;;135;226
"055023";"Orvieto";82;4;70;0;9;;;;83;4;36;2;75;;;;117;200
"055023";"Orvieto";83;3;55;1;17;;;;76;5;28;0;77;;;;110;186
"055023";"Orvieto";84;3;55;0;10;;;;68;1;20;1;50;;;;72;140
"055023";"Orvieto";85;2;42;0;8;;;;52;7;25;2;59;;;;93;145
"055023";"Orvieto";86;5;30;0;14;;;;49;3;23;0;63;;;;89;138
"055023";"Orvieto";87;5;35;1;8;;;;49;3;10;3;74;;;;90;139
"055023";"Orvieto";88;1;13;2;10;;;;26;1;11;0;56;;;;68;94
"055023";"Orvieto";89;4;11;0;7;;;;22;3;5;0;50;;;;58;80
"055023";"Orvieto";90;1;15;2;10;;;;28;1;3;1;62;;;;67;95
"055023";"Orvieto";91;1;12;0;14;;;;27;3;2;1;44;;;;50;77
"055023";"Orvieto";92;0;11;0;6;;;;17;0;7;0;38;;;;45;62
"055023";"Orvieto";93;1;0;0;5;;;;6;2;2;0;41;;;;45;51
"055023";"Orvieto";94;1;4;0;5;;;;10;2;1;0;21;;;;24;34
"055023";"Orvieto";95;0;6;0;3;;;;9;1;0;0;24;;;;25;34
"055023";"Orvieto";96;0;3;0;6;;;;9;0;0;0;13;;;;13;22
"055023";"Orvieto";97;0;1;0;1;;;;2;1;0;0;15;;;;16;18
"055023";"Orvieto";98;0;2;0;0;;;;2;0;0;0;6;;;;6;8
"055023";"Orvieto";99;0;0;0;3;;;;3;2;0;0;4;;;;6;9
"055023";"Orvieto";100;0;0;0;1;;;;1;0;1;0;6;;;;7;8
"055023";"Orvieto";999;4230;4686;253;302;;;;9471;3624;4829;395;1612;;;;10460;19931
"055024";"Otricoli";0;5;0;0;0;;;;5;6;0;0;0;;;;6;11
"055024";"Otricoli";1;7;0;0;0;;;;7;10;0;0;0;;;;10;17
"055024";"Otricoli";2;5;0;0;0;;;;5;5;0;0;0;;;;5;10
"055024";"Otricoli";3;6;0;0;0;;;;6;6;0;0;0;;;;6;12
"055024";"Otricoli";4;3;0;0;0;;;;3;10;0;0;0;;;;10;13
"055024";"Otricoli";5;8;0;0;0;;;;8;6;0;0;0;;;;6;14
"055024";"Otricoli";6;1;0;0;0;;;;1;7;0;0;0;;;;7;8
"055024";"Otricoli";7;6;0;0;0;;;;6;5;0;0;0;;;;5;11
"055024";"Otricoli";8;9;0;0;0;;;;9;5;0;0;0;;;;5;14
"055024";"Otricoli";9;5;0;0;0;;;;5;8;0;0;0;;;;8;13
"055024";"Otricoli";10;5;0;0;0;;;;5;7;0;0;0;;;;7;12
"055024";"Otricoli";11;6;0;0;0;;;;6;12;0;0;0;;;;12;18
"055024";"Otricoli";12;5;0;0;0;;;;5;7;0;0;0;;;;7;12
"055024";"Otricoli";13;12;0;0;0;;;;12;1;0;0;0;;;;1;13
"055024";"Otricoli";14;10;0;0;0;;;;10;9;0;0;0;;;;9;19
"055024";"Otricoli";15;7;0;0;0;;;;7;8;0;0;0;;;;8;15
"055024";"Otricoli";16;11;0;0;0;;;;11;5;0;0;0;;;;5;16
"055024";"Otricoli";17;4;0;0;0;;;;4;6;0;0;0;;;;6;10
"055024";"Otricoli";18;11;0;0;0;;;;11;2;0;0;0;;;;2;13
"055024";"Otricoli";19;7;0;0;0;;;;7;4;0;0;0;;;;4;11
"055024";"Otricoli";20;7;0;0;0;;;;7;7;0;0;0;;;;7;14
"055024";"Otricoli";21;12;0;0;0;;;;12;6;0;0;0;;;;6;18
"055024";"Otricoli";22;5;0;0;0;;;;5;7;0;0;0;;;;7;12
"055024";"Otricoli";23;6;0;0;0;;;;6;10;0;0;0;;;;10;16
"055024";"Otricoli";24;6;0;0;0;;;;6;4;0;0;0;;;;4;10
"055024";"Otricoli";25;5;1;0;0;;;;6;6;1;0;0;;;;7;13
"055024";"Otricoli";26;5;2;0;0;;;;7;7;0;0;0;;;;7;14
"055024";"Otricoli";27;8;0;0;0;;;;8;6;2;0;0;;;;8;16
"055024";"Otricoli";28;7;0;0;0;;;;7;7;1;0;0;;;;8;15
"055024";"Otricoli";29;7;0;0;0;;;;7;8;6;0;0;;;;14;21
"055024";"Otricoli";30;5;0;0;0;;;;5;6;2;0;0;;;;8;13
"055024";"Otricoli";31;9;1;0;0;;;;10;6;3;0;0;;;;9;19
"055024";"Otricoli";32;7;1;0;0;;;;8;2;3;0;0;;;;5;13
"055024";"Otricoli";33;6;2;0;0;;;;8;4;4;0;0;;;;8;16
"055024";"Otricoli";34;8;5;0;0;;;;13;8;3;0;0;;;;11;24
"055024";"Otricoli";35;4;2;0;0;;;;6;3;4;0;0;;;;7;13
"055024";"Otricoli";36;3;5;0;0;;;;8;4;4;0;0;;;;8;16
"055024";"Otricoli";37;10;1;0;0;;;;11;4;5;0;0;;;;9;20
"055024";"Otricoli";38;4;6;0;0;;;;10;3;2;0;1;;;;6;16
"055024";"Otricoli";39;6;2;0;0;;;;8;1;7;0;0;;;;8;16
"055024";"Otricoli";40;5;6;0;0;;;;11;1;4;0;0;;;;5;16
"055024";"Otricoli";41;8;6;0;0;;;;14;3;3;0;0;;;;6;20
"055024";"Otricoli";42;6;6;0;0;;;;12;5;5;0;0;;;;10;22
"055024";"Otricoli";43;8;7;0;0;;;;15;4;7;0;0;;;;11;26
"055024";"Otricoli";44;4;7;0;0;;;;11;2;3;0;1;;;;6;17
"055024";"Otricoli";45;10;6;1;0;;;;17;1;10;0;0;;;;11;28
"055024";"Otricoli";46;6;7;1;0;;;;14;1;11;0;0;;;;12;26
"055024";"Otricoli";47;3;9;0;0;;;;12;2;20;0;0;;;;22;34
"055024";"Otricoli";48;5;9;0;0;;;;14;2;12;1;0;;;;15;29
"055024";"Otricoli";49;4;9;1;1;;;;15;2;8;0;1;;;;11;26
"055024";"Otricoli";50;4;12;2;0;;;;18;2;9;0;1;;;;12;30
"055024";"Otricoli";51;3;10;0;0;;;;13;1;3;0;0;;;;4;17
"055024";"Otricoli";52;1;12;2;0;;;;15;2;9;0;0;;;;11;26
"055024";"Otricoli";53;2;7;1;0;;;;10;2;10;1;2;;;;15;25
"055024";"Otricoli";54;2;7;1;0;;;;10;3;9;1;0;;;;13;23
"055024";"Otricoli";55;4;11;0;0;;;;15;4;14;0;1;;;;19;34
"055024";"Otricoli";56;2;16;2;0;;;;20;1;12;1;0;;;;14;34
"055024";"Otricoli";57;1;11;0;0;;;;12;2;9;0;2;;;;13;25
"055024";"Otricoli";58;3;11;1;0;;;;15;2;7;2;0;;;;11;26
"055024";"Otricoli";59;2;12;0;0;;;;14;3;15;0;2;;;;20;34
"055024";"Otricoli";60;1;6;1;0;;;;8;0;12;0;0;;;;12;20
"055024";"Otricoli";61;1;12;0;1;;;;14;2;12;0;1;;;;15;29
"055024";"Otricoli";62;1;9;0;0;;;;10;1;8;1;1;;;;11;21
"055024";"Otricoli";63;2;9;1;0;;;;12;2;7;0;2;;;;11;23
"055024";"Otricoli";64;0;7;1;0;;;;8;3;10;2;2;;;;17;25
"055024";"Otricoli";65;1;12;0;1;;;;14;1;9;0;1;;;;11;25
"055024";"Otricoli";66;0;6;1;0;;;;7;1;10;1;1;;;;13;20
"055024";"Otricoli";67;1;11;1;1;;;;14;1;6;0;1;;;;8;22
"055024";"Otricoli";68;0;9;1;4;;;;14;1;9;0;2;;;;12;26
"055024";"Otricoli";69;2;7;0;1;;;;10;1;8;0;3;;;;12;22
"055024";"Otricoli";70;0;12;1;0;;;;13;0;7;0;2;;;;9;22
"055024";"Otricoli";71;2;13;1;0;;;;16;0;11;1;3;;;;15;31
"055024";"Otricoli";72;0;12;0;1;;;;13;0;10;0;1;;;;11;24
"055024";"Otricoli";73;1;6;0;2;;;;9;2;10;0;5;;;;17;26
"055024";"Otricoli";74;1;10;1;0;;;;12;0;5;1;4;;;;10;22
"055024";"Otricoli";75;0;7;1;1;;;;9;1;7;0;3;;;;11;20
"055024";"Otricoli";76;1;4;0;0;;;;5;1;5;0;3;;;;9;14
"055024";"Otricoli";77;0;9;0;3;;;;12;0;3;0;6;;;;9;21
"055024";"Otricoli";78;0;5;0;1;;;;6;1;8;0;4;;;;13;19
"055024";"Otricoli";79;0;4;0;1;;;;5;0;4;0;5;;;;9;14
"055024";"Otricoli";80;2;9;0;4;;;;15;1;3;1;5;;;;10;25
"055024";"Otricoli";81;0;8;0;1;;;;9;0;3;0;11;;;;14;23
"055024";"Otricoli";82;2;10;0;2;;;;14;0;1;0;2;;;;3;17
"055024";"Otricoli";83;0;0;0;0;;;;0;1;3;0;6;;;;10;10
"055024";"Otricoli";84;0;6;1;1;;;;8;1;2;0;8;;;;11;19
"055024";"Otricoli";85;1;5;0;2;;;;8;0;3;0;10;;;;13;21
"055024";"Otricoli";86;0;3;0;1;;;;4;0;2;0;3;;;;5;9
"055024";"Otricoli";87;2;1;0;3;;;;6;0;2;0;6;;;;8;14
"055024";"Otricoli";88;0;1;0;0;;;;1;0;0;0;6;;;;6;7
"055024";"Otricoli";89;1;1;0;3;;;;5;0;0;0;3;;;;3;8
"055024";"Otricoli";90;0;2;0;0;;;;2;0;0;0;7;;;;7;9
"055024";"Otricoli";91;0;1;0;0;;;;1;0;2;0;0;;;;2;3
"055024";"Otricoli";92;0;1;0;2;;;;3;0;0;0;4;;;;4;7
"055024";"Otricoli";93;0;0;0;0;;;;0;0;0;0;5;;;;5;5
"055024";"Otricoli";94;0;2;0;1;;;;3;0;0;0;4;;;;4;7
"055024";"Otricoli";95;0;0;0;0;;;;0;0;0;0;5;;;;5;5
"055024";"Otricoli";96;0;0;0;0;;;;0;0;0;0;0;;;;0;0
"055024";"Otricoli";97;0;0;0;0;;;;0;0;0;0;1;;;;1;1
"055024";"Otricoli";98;0;0;0;0;;;;0;0;0;0;0;;;;0;0
"055024";"Otricoli";99;0;0;0;1;;;;1;0;0;0;0;;;;0;1
"055024";"Otricoli";100;0;0;0;0;;;;0;0;0;0;3;;;;3;3
"055024";"Otricoli";999;368;429;23;39;;;;859;304;409;13;150;;;;876;1735
"055025";"Parrano";0;0;0;0;0;;;;0;1;0;0;0;;;;1;1
"055025";"Parrano";1;1;0;0;0;;;;1;0;0;0;0;;;;0;1
"055025";"Parrano";2;1;0;0;0;;;;1;0;0;0;0;;;;0;1
"055025";"Parrano";3;0;0;0;0;;;;0;2;0;0;0;;;;2;2
"055025";"Parrano";4;1;0;0;0;;;;1;3;0;0;0;;;;3;4
"055025";"Parrano";5;0;0;0;0;;;;0;1;0;0;0;;;;1;1
"055025";"Parrano";6;1;0;0;0;;;;1;1;0;0;0;;;;1;2
"055025";"Parrano";7;1;0;0;0;;;;1;2;0;0;0;;;;2;3
"055025";"Parrano";8;3;0;0;0;;;;3;3;0;0;0;;;;3;6
"055025";"Parrano";9;1;0;0;0;;;;1;2;0;0;0;;;;2;3
"055025";"Parrano";10;2;0;0;0;;;;2;1;0;0;0;;;;1;3
"055025";"Parrano";11;2;0;0;0;;;;2;0;0;0;0;;;;0;2
"055025";"Parrano";12;0;0;0;0;;;;0;1;0;0;0;;;;1;1
"055025";"Parrano";13;1;0;0;0;;;;1;0;0;0;0;;;;0;1
"055025";"Parrano";14;0;0;0;0;;;;0;1;0;0;0;;;;1;1
"055025";"Parrano";15;3;0;0;0;;;;3;1;0;0;0;;;;1;4
"055025";"Parrano";16;0;0;0;0;;;;0;1;1;0;0;;;;2;2
"055025";"Parrano";17;0;0;0;0;;;;0;3;0;0;0;;;;3;3
"055025";"Parrano";18;5;0;0;0;;;;5;1;0;0;0;;;;1;6
"055025";"Parrano";19;3;0;0;0;;;;3;3;0;0;0;;;;3;6
"055025";"Parrano";20;1;0;0;0;;;;1;1;0;0;0;;;;1;2
"055025";"Parrano";21;1;0;0;0;;;;1;3;0;0;0;;;;3;4
"055025";"Parrano";22;0;0;0;0;;;;0;1;0;0;0;;;;1;1
"055025";"Parrano";23;0;0;0;0;;;;0;2;0;0;0;;;;2;2
"055025";"Parrano";24;2;0;0;0;;;;2;1;0;0;0;;;;1;3
"055025";"Parrano";25;2;0;0;0;;;;2;2;1;0;0;;;;3;5
"055025";"Parrano";26;2;0;0;0;;;;2;3;0;0;0;;;;3;5
"055025";"Parrano";27;2;0;0;0;;;;2;0;0;0;0;;;;0;2
"055025";"Parrano";28;0;0;0;0;;;;0;0;0;0;0;;;;0;0
"055025";"Parrano";29;2;0;0;0;;;;2;1;0;0;0;;;;1;3
"055025";"Parrano";30;0;0;0;0;;;;0;1;1;0;0;;;;2;2
"055025";"Parrano";31;2;1;0;0;;;;3;1;1;0;0;;;;2;5
"055025";"Parrano";32;3;0;0;0;;;;3;0;0;0;0;;;;0;3
"055025";"Parrano";33;3;0;0;0;;;;3;0;0;0;0;;;;0;3
"055025";"Parrano";34;2;1;0;0;;;;3;2;0;0;0;;;;2;5
"055025";"Parrano";35;1;0;0;0;;;;1;3;0;0;0;;;;3;4
"055025";"Parrano";36;1;1;0;0;;;;2;0;0;0;0;;;;0;2
"055025";"Parrano";37;1;0;0;0;;;;1;1;2;0;0;;;;3;4
"055025";"Parrano";38;0;0;0;0;;;;0;1;0;0;0;;;;1;1
"055025";"Parrano";39;1;3;0;0;;;;4;0;2;0;0;;;;2;6
"055025";"Parrano";40;0;0;0;0;;;;0;2;1;0;0;;;;3;3
"055025";"Parrano";41;1;1;0;0;;;;2;0;3;0;0;;;;3;5
"055025";"Parrano";42;1;1;0;0;;;;2;1;2;0;0;;;;3;5
"055025";"Parrano";43;1;5;0;0;;;;6;0;4;0;0;;;;4;10
"055025";"Parrano";44;0;2;0;0;;;;2;2;3;0;0;;;;5;7
"055025";"Parrano";45;0;2;1;0;;;;3;0;3;2;0;;;;5;8
"055025";"Parrano";46;0;4;0;0;;;;4;0;3;0;0;;;;3;7
"055025";"Parrano";47;4;1;0;0;;;;5;0;3;1;0;;;;4;9
"055025";"Parrano";48;1;0;0;0;;;;1;1;2;2;0;;;;5;6
"055025";"Parrano";49;2;2;0;0;;;;4;0;3;1;0;;;;4;8
"055025";"Parrano";50;2;3;1;0;;;;6;1;2;0;1;;;;4;10
"055025";"Parrano";51;0;3;0;0;;;;3;2;2;1;0;;;;5;8
"055025";"Parrano";52;0;7;0;0;;;;7;1;2;0;0;;;;3;10
"055025";"Parrano";53;0;1;0;1;;;;2;0;4;1;0;;;;5;7
"055025";"Parrano";54;0;4;0;0;;;;4;1;3;1;0;;;;5;9
"055025";"Parrano";55;0;1;0;0;;;;1;0;3;2;0;;;;5;6
"055025";"Parrano";56;1;4;0;0;;;;5;1;4;1;0;;;;6;11
"055025";"Parrano";57;0;6;0;0;;;;6;0;1;0;0;;;;1;7
"055025";"Parrano";58;0;4;0;0;;;;4;1;8;0;1;;;;10;14
"055025";"Parrano";59;0;3;0;0;;;;3;0;2;0;0;;;;2;5
"055025";"Parrano";60;1;1;0;0;;;;2;1;4;1;1;;;;7;9
"055025";"Parrano";61;1;1;0;0;;;;2;0;3;1;0;;;;4;6
"055025";"Parrano";62;2;5;0;0;;;;7;1;3;0;0;;;;4;11
"055025";"Parrano";63;2;3;0;0;;;;5;0;4;0;0;;;;4;9
"055025";"Parrano";64;0;7;0;0;;;;7;0;3;1;0;;;;4;11
"055025";"Parrano";65;0;3;0;0;;;;3;0;1;0;1;;;;2;5
"055025";"Parrano";66;2;3;0;0;;;;5;0;3;0;0;;;;3;8
"055025";"Parrano";67;1;2;0;0;;;;3;0;2;0;0;;;;2;5
"055025";"Parrano";68;0;3;0;0;;;;3;0;2;0;0;;;;2;5
"055025";"Parrano";69;1;4;0;0;;;;5;0;4;0;1;;;;5;10
"055025";"Parrano";70;1;6;1;0;;;;8;0;1;0;0;;;;1;9
"055025";"Parrano";71;1;3;0;1;;;;5;0;0;1;0;;;;1;6
"055025";"Parrano";72;0;5;0;0;;;;5;0;4;0;2;;;;6;11
"055025";"Parrano";73;0;2;0;0;;;;2;1;3;0;0;;;;4;6
"055025";"Parrano";74;0;2;0;0;;;;2;0;3;1;1;;;;5;7
"055025";"Parrano";75;0;0;0;2;;;;2;0;2;1;0;;;;3;5
"055025";"Parrano";76;0;4;0;0;;;;4;0;1;0;1;;;;2;6
"055025";"Parrano";77;0;2;0;0;;;;2;1;4;0;1;;;;6;8
"055025";"Parrano";78;0;4;0;0;;;;4;0;3;0;0;;;;3;7
"055025";"Parrano";79;0;1;0;0;;;;1;0;2;0;0;;;;2;3
"055025";"Parrano";80;0;4;0;1;;;;5;0;1;0;1;;;;2;7
"055025";"Parrano";81;0;4;0;2;;;;6;0;4;0;3;;;;7;13
"055025";"Parrano";82;0;2;0;0;;;;2;0;2;0;3;;;;5;7
"055025";"Parrano";83;0;3;0;0;;;;3;0;1;0;1;;;;2;5
"055025";"Parrano";84;0;2;0;1;;;;3;0;2;1;0;;;;3;6
"055025";"Parrano";85;1;6;0;0;;;;7;0;2;0;0;;;;2;9
"055025";"Parrano";86;0;1;0;0;;;;1;0;1;0;1;;;;2;3
"055025";"Parrano";87;0;2;0;0;;;;2;0;0;0;2;;;;2;4
"055025";"Parrano";88;0;1;0;1;;;;2;0;1;0;1;;;;2;4
"055025";"Parrano";89;0;3;0;1;;;;4;0;0;0;1;;;;1;5
"055025";"Parrano";90;0;0;0;0;;;;0;1;0;0;3;;;;4;4
"055025";"Parrano";91;1;0;0;0;;;;1;0;0;0;0;;;;0;1
"055025";"Parrano";92;0;1;0;1;;;;2;0;0;0;1;;;;1;3
"055025";"Parrano";93;0;0;0;1;;;;1;0;0;0;2;;;;2;3
"055025";"Parrano";94;0;0;0;0;;;;0;0;0;0;0;;;;0;0
"055025";"Parrano";95;0;0;0;1;;;;1;0;0;0;1;;;;1;2
"055025";"Parrano";96;0;1;0;0;;;;1;1;0;0;0;;;;1;2
"055025";"Parrano";97;0;0;0;1;;;;1;0;0;0;0;;;;0;1
"055025";"Parrano";98;0;0;0;0;;;;0;0;0;0;1;;;;1;1
"055025";"Parrano";99;0;0;0;0;;;;0;0;0;0;0;;;;0;0
"055025";"Parrano";100;0;0;0;0;;;;0;0;0;0;1;;;;1;1
"055025";"Parrano";999;78;151;3;14;;;;246;69;132;19;32;;;;252;498
"055026";"Penna in Teverina";0;4;0;0;0;;;;4;2;0;0;0;;;;2;6
"055026";"Penna in Teverina";1;4;0;0;0;;;;4;4;0;0;0;;;;4;8
"055026";"Penna in Teverina";2;3;0;0;0;;;;3;0;0;0;0;;;;0;3
"055026";"Penna in Teverina";3;1;0;0;0;;;;1;5;0;0;0;;;;5;6
"055026";"Penna in Teverina";4;2;0;0;0;;;;2;7;0;0;0;;;;7;9
"055026";"Penna in Teverina";5;3;0;0;0;;;;3;6;0;0;0;;;;6;9
"055026";"Penna in Teverina";6;2;0;0;0;;;;2;2;0;0;0;;;;2;4
"055026";"Penna in Teverina";7;6;0;0;0;;;;6;3;0;0;0;;;;3;9
"055026";"Penna in Teverina";8;4;0;0;0;;;;4;3;0;0;0;;;;3;7
"055026";"Penna in Teverina";9;3;0;0;0;;;;3;4;0;0;0;;;;4;7
"055026";"Penna in Teverina";10;0;0;0;0;;;;0;1;0;0;0;;;;1;1
"055026";"Penna in Teverina";11;5;0;0;0;;;;5;2;0;0;0;;;;2;7
"055026";"Penna in Teverina";12;4;0;0;0;;;;4;4;0;0;0;;;;4;8
"055026";"Penna in Teverina";13;5;0;0;0;;;;5;5;0;0;0;;;;5;10
"055026";"Penna in Teverina";14;3;0;0;0;;;;3;8;0;0;0;;;;8;11
"055026";"Penna in Teverina";15;5;0;0;0;;;;5;4;0;0;0;;;;4;9
"055026";"Penna in Teverina";16;7;0;0;0;;;;7;3;0;0;0;;;;3;10
"055026";"Penna in Teverina";17;4;0;0;0;;;;4;5;0;0;0;;;;5;9
"055026";"Penna in Teverina";18;2;0;0;0;;;;2;7;0;0;0;;;;7;9
"055026";"Penna in Teverina";19;6;0;0;0;;;;6;6;0;0;0;;;;6;12
"055026";"Penna in Teverina";20;3;0;0;0;;;;3;3;0;0;0;;;;3;6
"055026";"Penna in Teverina";21;5;0;0;0;;;;5;2;0;0;0;;;;2;7
"055026";"Penna in Teverina";22;4;0;0;0;;;;4;4;0;0;0;;;;4;8
"055026";"Penna in Teverina";23;5;0;0;0;;;;5;3;0;0;0;;;;3;8
"055026";"Penna in Teverina";24;6;0;0;0;;;;6;7;0;0;0;;;;7;13
"055026";"Penna in Teverina";25;2;0;0;0;;;;2;3;1;0;0;;;;4;6
"055026";"Penna in Teverina";26;5;0;0;0;;;;5;6;0;0;0;;;;6;11
"055026";"Penna in Teverina";27;3;1;0;0;;;;4;5;0;0;0;;;;5;9
"055026";"Penna in Teverina";28;5;0;0;0;;;;5;4;0;0;0;;;;4;9
"055026";"Penna in Teverina";29;8;0;0;0;;;;8;2;0;0;0;;;;2;10
"055026";"Penna in Teverina";30;4;0;0;0;;;;4;8;0;0;0;;;;8;12
"055026";"Penna in Teverina";31;4;0;0;0;;;;4;3;1;0;0;;;;4;8
"055026";"Penna in Teverina";32;6;0;0;0;;;;6;1;0;0;0;;;;1;7
"055026";"Penna in Teverina";33;1;1;0;0;;;;2;3;1;0;0;;;;4;6
"055026";"Penna in Teverina";34;2;1;0;0;;;;3;6;2;0;0;;;;8;11
"055026";"Penna in Teverina";35;3;1;0;0;;;;4;5;2;1;0;;;;8;12
"055026";"Penna in Teverina";36;4;0;0;0;;;;4;0;5;0;0;;;;5;9
"055026";"Penna in Teverina";37;6;2;0;0;;;;8;1;2;0;0;;;;3;11
"055026";"Penna in Teverina";38;5;4;0;0;;;;9;6;2;0;0;;;;8;17
"055026";"Penna in Teverina";39;9;1;0;0;;;;10;0;4;0;0;;;;4;14
"055026";"Penna in Teverina";40;7;4;0;0;;;;11;8;3;0;0;;;;11;22
"055026";"Penna in Teverina";41;1;1;1;0;;;;3;0;5;1;0;;;;6;9
"055026";"Penna in Teverina";42;6;2;0;0;;;;8;1;4;0;0;;;;5;13
"055026";"Penna in Teverina";43;1;7;0;0;;;;8;0;2;0;0;;;;2;10
"055026";"Penna in Teverina";44;2;7;0;0;;;;9;1;3;0;0;;;;4;13
"055026";"Penna in Teverina";45;5;1;0;0;;;;6;0;6;1;0;;;;7;13
"055026";"Penna in Teverina";46;6;2;1;0;;;;9;3;4;0;1;;;;8;17
"055026";"Penna in Teverina";47;3;3;0;0;;;;6;4;7;2;0;;;;13;19
"055026";"Penna in Teverina";48;2;4;0;0;;;;6;0;4;1;0;;;;5;11
"055026";"Penna in Teverina";49;5;2;0;0;;;;7;0;7;2;1;;;;10;17
"055026";"Penna in Teverina";50;2;4;0;0;;;;6;0;7;1;0;;;;8;14
"055026";"Penna in Teverina";51;5;4;1;0;;;;10;2;5;2;0;;;;9;19
"055026";"Penna in Teverina";52;2;5;0;0;;;;7;0;5;2;2;;;;9;16
"055026";"Penna in Teverina";53;1;6;0;0;;;;7;0;4;0;0;;;;4;11
"055026";"Penna in Teverina";54;1;10;0;0;;;;11;3;3;0;0;;;;6;17
"055026";"Penna in Teverina";55;1;6;1;0;;;;8;1;5;1;0;;;;7;15
"055026";"Penna in Teverina";56;2;8;0;0;;;;10;0;6;0;1;;;;7;17
"055026";"Penna in Teverina";57;4;7;0;1;;;;12;0;10;0;1;;;;11;23
"055026";"Penna in Teverina";58;3;8;0;0;;;;11;1;9;0;1;;;;11;22
"055026";"Penna in Teverina";59;2;6;0;0;;;;8;1;2;0;0;;;;3;11
"055026";"Penna in Teverina";60;0;3;0;0;;;;3;2;8;1;1;;;;12;15
"055026";"Penna in Teverina";61;1;7;1;0;;;;9;1;4;2;0;;;;7;16
"055026";"Penna in Teverina";62;1;7;1;0;;;;9;1;6;1;0;;;;8;17
"055026";"Penna in Teverina";63;1;11;0;1;;;;13;0;7;1;1;;;;9;22
"055026";"Penna in Teverina";64;1;6;0;0;;;;7;1;4;3;0;;;;8;15
"055026";"Penna in Teverina";65;0;7;1;0;;;;8;1;8;0;1;;;;10;18
"055026";"Penna in Teverina";66;0;7;0;0;;;;7;1;10;0;1;;;;12;19
"055026";"Penna in Teverina";67;1;5;0;0;;;;6;1;3;1;0;;;;5;11
"055026";"Penna in Teverina";68;2;12;0;1;;;;15;1;8;0;0;;;;9;24
"055026";"Penna in Teverina";69;0;8;1;0;;;;9;1;3;0;0;;;;4;13
"055026";"Penna in Teverina";70;0;8;0;0;;;;8;1;8;0;0;;;;9;17
"055026";"Penna in Teverina";71;1;5;1;1;;;;8;1;2;0;1;;;;4;12
"055026";"Penna in Teverina";72;0;6;0;0;;;;6;0;9;0;0;;;;9;15
"055026";"Penna in Teverina";73;1;7;0;0;;;;8;0;5;0;1;;;;6;14
"055026";"Penna in Teverina";74;1;5;0;1;;;;7;0;4;1;1;;;;6;13
"055026";"Penna in Teverina";75;0;4;0;0;;;;4;0;5;0;0;;;;5;9
"055026";"Penna in Teverina";76;0;2;0;0;;;;2;2;5;0;0;;;;7;9
"055026";"Penna in Teverina";77;0;4;0;0;;;;4;0;4;0;5;;;;9;13
"055026";"Penna in Teverina";78;0;3;1;1;;;;5;0;3;0;0;;;;3;8
"055026";"Penna in Teverina";79;0;5;0;0;;;;5;0;2;0;2;;;;4;9
"055026";"Penna in Teverina";80;0;2;0;1;;;;3;0;1;0;2;;;;3;6
"055026";"Penna in Teverina";81;0;5;0;1;;;;6;0;2;0;4;;;;6;12
"055026";"Penna in Teverina";82;0;7;0;0;;;;7;1;1;0;9;;;;11;18
"055026";"Penna in Teverina";83;1;3;1;1;;;;6;0;2;0;1;;;;3;9
"055026";"Penna in Teverina";84;0;1;0;0;;;;1;0;1;0;4;;;;5;6
"055026";"Penna in Teverina";85;0;1;0;2;;;;3;1;1;0;2;;;;4;7
"055026";"Penna in Teverina";86;0;0;0;1;;;;1;1;1;0;4;;;;6;7
"055026";"Penna in Teverina";87;0;2;0;1;;;;3;0;0;0;3;;;;3;6
"055026";"Penna in Teverina";88;1;1;0;0;;;;2;1;0;0;3;;;;4;6
"055026";"Penna in Teverina";89;0;0;0;0;;;;0;0;0;0;6;;;;6;6
"055026";"Penna in Teverina";90;0;0;0;0;;;;0;0;0;0;3;;;;3;3
"055026";"Penna in Teverina";91;0;0;0;0;;;;0;0;0;0;5;;;;5;5
"055026";"Penna in Teverina";92;0;0;0;1;;;;1;0;0;0;2;;;;2;3
"055026";"Penna in Teverina";93;0;0;0;1;;;;1;0;1;0;1;;;;2;3
"055026";"Penna in Teverina";94;0;0;0;1;;;;1;0;0;0;1;;;;1;2
"055026";"Penna in Teverina";95;0;0;0;0;;;;0;0;0;0;0;;;;0;0
"055026";"Penna in Teverina";96;0;0;0;1;;;;1;0;0;0;0;;;;0;1
"055026";"Penna in Teverina";97;0;0;0;0;;;;0;1;0;0;1;;;;2;2
"055026";"Penna in Teverina";98;0;0;0;0;;;;0;0;0;0;1;;;;1;1
"055026";"Penna in Teverina";99;0;0;0;0;;;;0;0;0;0;2;;;;2;2
"055026";"Penna in Teverina";100;0;0;0;0;;;;0;0;0;0;0;;;;0;0
"055026";"Penna in Teverina";999;236;252;11;17;;;;516;197;239;24;75;;;;535;1051
"055027";"Polino";0;1;0;0;0;;;;1;0;0;0;0;;;;0;1
"055027";"Polino";1;1;0;0;0;;;;1;1;0;0;0;;;;1;2
"055027";"Polino";2;1;0;0;0;;;;1;0;0;0;0;;;;0;1
"055027";"Polino";3;1;0;0;0;;;;1;1;0;0;0;;;;1;2
"055027";"Polino";4;0;0;0;0;;;;0;1;0;0;0;;;;1;1
"055027";"Polino";5;2;0;0;0;;;;2;0;0;0;0;;;;0;2
"055027";"Polino";6;0;0;0;0;;;;0;0;0;0;0;;;;0;0
"055027";"Polino";7;0;0;0;0;;;;0;1;0;0;0;;;;1;1
"055027";"Polino";8;0;0;0;0;;;;0;0;0;0;0;;;;0;0
"055027";"Polino";9;2;0;0;0;;;;2;1;0;0;0;;;;1;3
"055027";"Polino";10;0;0;0;0;;;;0;1;0;0;0;;;;1;1
"055027";"Polino";11;0;0;0;0;;;;0;2;0;0;0;;;;2;2
"055027";"Polino";12;1;0;0;0;;;;1;0;0;0;0;;;;0;1
"055027";"Polino";13;1;0;0;0;;;;1;0;0;0;0;;;;0;1
"055027";"Polino";14;0;0;0;0;;;;0;1;0;0;0;;;;1;1
"055027";"Polino";15;0;0;0;0;;;;0;0;0;0;0;;;;0;0
"055027";"Polino";16;0;0;0;0;;;;0;0;0;0;0;;;;0;0
"055027";"Polino";17;0;0;0;0;;;;0;0;0;0;0;;;;0;0
"055027";"Polino";18;1;0;0;0;;;;1;2;0;0;0;;;;2;3
"055027";"Polino";19;1;0;0;0;;;;1;1;0;0;0;;;;1;2
"055027";"Polino";20;1;0;0;0;;;;1;1;0;0;0;;;;1;2
"055027";"Polino";21;1;0;0;0;;;;1;1;0;0;0;;;;1;2
"055027";"Polino";22;0;0;0;0;;;;0;1;0;0;0;;;;1;1
"055027";"Polino";23;1;0;0;0;;;;1;0;0;0;0;;;;0;1
"055027";"Polino";24;1;0;0;0;;;;1;2;0;0;0;;;;2;3
"055027";"Polino";25;0;0;0;0;;;;0;0;0;0;0;;;;0;0
"055027";"Polino";26;2;0;0;0;;;;2;1;0;0;0;;;;1;3
"055027";"Polino";27;0;0;0;0;;;;0;0;0;0;0;;;;0;0
"055027";"Polino";28;2;0;0;0;;;;2;2;0;0;0;;;;2;4
"055027";"Polino";29;3;0;0;0;;;;3;0;0;0;0;;;;0;3
"055027";"Polino";30;1;0;0;0;;;;1;0;0;0;0;;;;0;1
"055027";"Polino";31;0;0;0;0;;;;0;2;2;0;0;;;;4;4
"055027";"Polino";32;2;1;0;0;;;;3;0;0;0;0;;;;0;3
"055027";"Polino";33;0;0;0;0;;;;0;0;0;0;0;;;;0;0
"055027";"Polino";34;0;0;0;0;;;;0;0;0;0;0;;;;0;0
"055027";"Polino";35;0;0;0;0;;;;0;0;1;0;0;;;;1;1
"055027";"Polino";36;1;0;0;0;;;;1;0;0;0;0;;;;0;1
"055027";"Polino";37;1;0;0;0;;;;1;1;0;0;0;;;;1;2
"055027";"Polino";38;0;0;0;0;;;;0;1;0;0;0;;;;1;1
"055027";"Polino";39;0;0;0;0;;;;0;0;1;0;0;;;;1;1
"055027";"Polino";40;1;0;0;0;;;;1;0;0;0;0;;;;0;1
"055027";"Polino";41;0;0;0;0;;;;0;1;0;0;0;;;;1;1
"055027";"Polino";42;0;0;0;0;;;;0;0;0;0;0;;;;0;0
"055027";"Polino";43;1;0;1;0;;;;2;0;1;0;0;;;;1;3
"055027";"Polino";44;0;2;0;0;;;;2;0;2;0;0;;;;2;4
"055027";"Polino";45;0;2;0;0;;;;2;0;1;1;0;;;;2;4
"055027";"Polino";46;2;0;0;0;;;;2;2;0;0;0;;;;2;4
"055027";"Polino";47;0;1;0;0;;;;1;0;2;0;0;;;;2;3
"055027";"Polino";48;0;1;0;0;;;;1;1;3;0;0;;;;4;5
"055027";"Polino";49;1;1;0;0;;;;2;0;0;0;0;;;;0;2
"055027";"Polino";50;1;3;0;0;;;;4;2;0;0;0;;;;2;6
"055027";"Polino";51;1;2;2;0;;;;5;0;2;0;0;;;;2;7
"055027";"Polino";52;1;3;1;0;;;;5;1;0;0;0;;;;1;6
"055027";"Polino";53;1;0;0;1;;;;2;0;1;0;0;;;;1;3
"055027";"Polino";54;0;2;0;0;;;;2;0;0;0;0;;;;0;2
"055027";"Polino";55;0;0;0;0;;;;0;0;0;0;1;;;;1;1
"055027";"Polino";56;1;1;1;0;;;;3;0;1;0;1;;;;2;5
"055027";"Polino";57;0;3;0;0;;;;3;0;0;0;0;;;;0;3
"055027";"Polino";58;0;0;0;0;;;;0;0;0;0;0;;;;0;0
"055027";"Polino";59;0;1;0;0;;;;1;0;2;1;0;;;;3;4
"055027";"Polino";60;0;1;0;0;;;;1;0;1;0;0;;;;1;2
"055027";"Polino";61;0;0;1;0;;;;1;0;1;0;0;;;;1;2
"055027";"Polino";62;0;0;0;0;;;;0;0;0;0;0;;;;0;0
"055027";"Polino";63;0;3;1;0;;;;4;0;1;0;0;;;;1;5
"055027";"Polino";64;0;0;0;0;;;;0;0;1;0;0;;;;1;1
"055027";"Polino";65;0;1;0;0;;;;1;1;2;0;0;;;;3;4
"055027";"Polino";66;0;0;0;0;;;;0;0;1;0;0;;;;1;1
"055027";"Polino";67;0;1;0;0;;;;1;0;1;0;0;;;;1;2
"055027";"Polino";68;0;0;0;0;;;;0;0;0;0;1;;;;1;1
"055027";"Polino";69;0;1;1;0;;;;2;0;1;0;0;;;;1;3
"055027";"Polino";70;0;0;0;0;;;;0;0;2;0;1;;;;3;3
"055027";"Polino";71;1;1;0;0;;;;2;0;4;0;0;;;;4;6
"055027";"Polino";72;0;1;0;0;;;;1;0;0;0;1;;;;1;2
"055027";"Polino";73;0;3;0;0;;;;3;1;1;0;0;;;;2;5
"055027";"Polino";74;0;0;0;0;;;;0;1;2;0;1;;;;4;4
"055027";"Polino";75;0;0;0;0;;;;0;0;1;0;0;;;;1;1
"055027";"Polino";76;0;0;0;0;;;;0;0;0;0;0;;;;0;0
"055027";"Polino";77;0;0;0;0;;;;0;0;2;0;0;;;;2;2
"055027";"Polino";78;1;4;0;0;;;;5;0;0;0;0;;;;0;5
"055027";"Polino";79;0;1;0;0;;;;1;0;1;0;1;;;;2;3
"055027";"Polino";80;0;2;0;0;;;;2;0;1;0;1;;;;2;4
"055027";"Polino";81;0;3;0;0;;;;3;0;1;0;1;;;;2;5
"055027";"Polino";82;0;3;1;0;;;;4;0;0;0;1;;;;1;5
"055027";"Polino";83;0;0;0;2;;;;2;0;1;0;1;;;;2;4
"055027";"Polino";84;1;2;0;0;;;;3;0;0;0;0;;;;0;3
"055027";"Polino";85;0;0;0;1;;;;1;0;1;0;0;;;;1;2
"055027";"Polino";86;0;2;0;0;;;;2;0;0;0;1;;;;1;3
"055027";"Polino";87;0;1;1;1;;;;3;0;2;0;3;;;;5;8
"055027";"Polino";88;0;1;0;0;;;;1;0;0;0;0;;;;0;1
"055027";"Polino";89;0;1;0;0;;;;1;0;0;0;0;;;;0;1
"055027";"Polino";90;0;1;0;0;;;;1;0;0;0;1;;;;1;2
"055027";"Polino";91;0;0;0;1;;;;1;0;1;0;1;;;;2;3
"055027";"Polino";92;0;0;0;1;;;;1;0;0;0;2;;;;2;3
"055027";"Polino";93;0;0;0;0;;;;0;0;0;0;0;;;;0;0
"055027";"Polino";94;0;0;0;0;;;;0;0;0;0;0;;;;0;0
"055027";"Polino";95;0;0;0;0;;;;0;0;0;0;1;;;;1;1
"055027";"Polino";96;0;0;0;0;;;;0;0;0;0;0;;;;0;0
"055027";"Polino";97;0;0;0;0;;;;0;0;0;0;0;;;;0;0
"055027";"Polino";98;0;0;0;0;;;;0;0;0;0;0;;;;0;0
"055027";"Polino";99;0;0;0;0;;;;0;0;0;0;0;;;;0;0
"055027";"Polino";100;0;0;0;0;;;;0;0;0;0;1;;;;1;1
"055027";"Polino";999;41;56;10;7;;;;114;34;48;2;21;;;;105;219
"055028";"Porano";0;4;0;0;0;;;;4;7;0;0;0;;;;7;11
"055028";"Porano";1;4;0;0;0;;;;4;3;0;0;0;;;;3;7
"055028";"Porano";2;7;0;0;0;;;;7;6;0;0;0;;;;6;13
"055028";"Porano";3;6;0;0;0;;;;6;2;0;0;0;;;;2;8
"055028";"Porano";4;4;0;0;0;;;;4;6;0;0;0;;;;6;10
"055028";"Porano";5;9;0;0;0;;;;9;7;0;0;0;;;;7;16
"055028";"Porano";6;8;0;0;0;;;;8;6;0;0;0;;;;6;14
"055028";"Porano";7;9;0;0;0;;;;9;7;0;0;0;;;;7;16
"055028";"Porano";8;13;0;0;0;;;;13;7;0;0;0;;;;7;20
"055028";"Porano";9;12;0;0;0;;;;12;6;0;0;0;;;;6;18
"055028";"Porano";10;11;0;0;0;;;;11;11;0;0;0;;;;11;22
"055028";"Porano";11;9;0;0;0;;;;9;7;0;0;0;;;;7;16
"055028";"Porano";12;10;0;0;0;;;;10;6;0;0;0;;;;6;16
"055028";"Porano";13;13;0;0;0;;;;13;11;0;0;0;;;;11;24
"055028";"Porano";14;10;0;0;0;;;;10;11;0;0;0;;;;11;21
"055028";"Porano";15;6;0;0;0;;;;6;8;0;0;0;;;;8;14
"055028";"Porano";16;13;0;0;0;;;;13;12;0;0;0;;;;12;25
"055028";"Porano";17;7;0;0;0;;;;7;8;0;0;0;;;;8;15
"055028";"Porano";18;10;0;0;0;;;;10;13;0;0;0;;;;13;23
"055028";"Porano";19;11;0;0;0;;;;11;4;0;0;0;;;;4;15
"055028";"Porano";20;5;0;0;0;;;;5;13;0;0;0;;;;13;18
"055028";"Porano";21;4;0;0;0;;;;4;10;0;0;0;;;;10;14
"055028";"Porano";22;6;0;0;0;;;;6;15;0;0;0;;;;15;21
"055028";"Porano";23;6;0;0;0;;;;6;10;0;0;0;;;;10;16
"055028";"Porano";24;7;0;0;0;;;;7;6;0;0;0;;;;6;13
"055028";"Porano";25;6;0;0;0;;;;6;10;0;0;0;;;;10;16
"055028";"Porano";26;9;0;0;0;;;;9;5;1;0;0;;;;6;15
"055028";"Porano";27;12;0;0;0;;;;12;5;0;0;0;;;;5;17
"055028";"Porano";28;2;0;0;0;;;;2;8;2;0;0;;;;10;12
"055028";"Porano";29;5;0;0;0;;;;5;5;2;0;0;;;;7;12
"055028";"Porano";30;7;3;2;0;;;;12;5;0;0;0;;;;5;17
"055028";"Porano";31;7;1;0;0;;;;8;8;3;0;0;;;;11;19
"055028";"Porano";32;8;1;0;0;;;;9;2;5;0;0;;;;7;16
"055028";"Porano";33;10;0;0;0;;;;10;4;6;0;0;;;;10;20
"055028";"Porano";34;5;1;0;0;;;;6;5;2;0;0;;;;7;13
"055028";"Porano";35;9;2;0;0;;;;11;5;3;0;0;;;;8;19
"055028";"Porano";36;8;8;0;0;;;;16;3;5;0;0;;;;8;24
"055028";"Porano";37;5;3;0;0;;;;8;5;6;0;0;;;;11;19
"055028";"Porano";38;4;6;0;0;;;;10;10;6;0;0;;;;16;26
"055028";"Porano";39;3;5;3;0;;;;11;5;4;0;0;;;;9;20
"055028";"Porano";40;4;3;0;0;;;;7;7;8;0;0;;;;15;22
"055028";"Porano";41;5;6;0;0;;;;11;4;9;1;0;;;;14;25
"055028";"Porano";42;8;6;0;0;;;;14;8;16;0;0;;;;24;38
"055028";"Porano";43;3;6;1;0;;;;10;12;9;0;0;;;;21;31
"055028";"Porano";44;10;16;0;0;;;;26;2;4;0;0;;;;6;32
"055028";"Porano";45;6;12;1;0;;;;19;5;15;0;0;;;;20;39
"055028";"Porano";46;3;8;0;0;;;;11;4;8;1;0;;;;13;24
"055028";"Porano";47;5;9;0;0;;;;14;6;13;1;0;;;;20;34
"055028";"Porano";48;6;13;1;0;;;;20;5;4;0;0;;;;9;29
"055028";"Porano";49;5;4;2;0;;;;11;4;14;1;0;;;;19;30
"055028";"Porano";50;2;14;0;1;;;;17;3;11;0;0;;;;14;31
"055028";"Porano";51;2;12;0;0;;;;14;1;7;0;1;;;;9;23
"055028";"Porano";52;3;9;0;0;;;;12;1;9;0;0;;;;10;22
"055028";"Porano";53;4;12;1;0;;;;17;2;11;0;0;;;;13;30
"055028";"Porano";54;3;10;1;0;;;;14;1;14;0;0;;;;15;29
"055028";"Porano";55;3;11;0;0;;;;14;5;12;3;0;;;;20;34
"055028";"Porano";56;2;7;0;0;;;;9;2;12;0;0;;;;14;23
"055028";"Porano";57;6;20;0;0;;;;26;4;12;0;1;;;;17;43
"055028";"Porano";58;2;6;0;0;;;;8;1;16;2;0;;;;19;27
"055028";"Porano";59;2;7;1;0;;;;10;1;17;2;0;;;;20;30
"055028";"Porano";60;1;13;0;0;;;;14;1;11;2;0;;;;14;28
"055028";"Porano";61;0;11;2;2;;;;15;1;17;0;3;;;;21;36
"055028";"Porano";62;3;9;3;1;;;;16;1;5;2;3;;;;11;27
"055028";"Porano";63;0;11;2;0;;;;13;1;10;2;1;;;;14;27
"055028";"Porano";64;0;8;1;1;;;;10;1;12;0;1;;;;14;24
"055028";"Porano";65;3;10;1;0;;;;14;1;5;0;3;;;;9;23
"055028";"Porano";66;1;12;1;0;;;;14;2;16;0;3;;;;21;35
"055028";"Porano";67;0;6;0;0;;;;6;0;5;2;1;;;;8;14
"055028";"Porano";68;0;9;0;1;;;;10;0;16;0;3;;;;19;29
"055028";"Porano";69;1;17;0;0;;;;18;0;6;0;4;;;;10;28
"055028";"Porano";70;2;13;1;0;;;;16;0;5;0;6;;;;11;27
"055028";"Porano";71;3;13;0;0;;;;16;1;8;0;4;;;;13;29
"055028";"Porano";72;3;18;0;0;;;;21;0;6;1;5;;;;12;33
"055028";"Porano";73;0;12;0;0;;;;12;1;10;0;4;;;;15;27
"055028";"Porano";74;0;8;0;2;;;;10;1;6;0;3;;;;10;20
"055028";"Porano";75;0;6;0;1;;;;7;1;4;2;3;;;;10;17
"055028";"Porano";76;0;2;0;1;;;;3;2;5;0;1;;;;8;11
"055028";"Porano";77;0;4;1;1;;;;6;1;4;0;6;;;;11;17
"055028";"Porano";78;2;4;0;2;;;;8;0;4;0;3;;;;7;15
"055028";"Porano";79;0;5;0;0;;;;5;2;2;0;3;;;;7;12
"055028";"Porano";80;0;4;0;0;;;;4;1;2;2;5;;;;10;14
"055028";"Porano";81;0;5;0;1;;;;6;3;4;0;4;;;;11;17
"055028";"Porano";82;0;6;0;1;;;;7;3;3;0;3;;;;9;16
"055028";"Porano";83;1;3;1;3;;;;8;3;5;0;5;;;;13;21
"055028";"Porano";84;0;5;1;1;;;;7;2;1;0;2;;;;5;12
"055028";"Porano";85;0;4;0;0;;;;4;1;2;0;6;;;;9;13
"055028";"Porano";86;0;5;0;0;;;;5;1;2;0;5;;;;8;13
"055028";"Porano";87;0;2;0;1;;;;3;2;1;0;7;;;;10;13
"055028";"Porano";88;0;1;0;1;;;;2;4;1;0;4;;;;9;11
"055028";"Porano";89;0;1;0;0;;;;1;2;0;0;3;;;;5;6
"055028";"Porano";90;0;0;0;2;;;;2;1;0;0;2;;;;3;5
"055028";"Porano";91;0;0;0;1;;;;1;4;0;0;3;;;;7;8
"055028";"Porano";92;0;0;0;0;;;;0;0;0;0;1;;;;1;1
"055028";"Porano";93;0;0;0;0;;;;0;1;0;0;2;;;;3;3
"055028";"Porano";94;0;0;0;1;;;;1;1;0;0;1;;;;2;3
"055028";"Porano";95;0;0;0;0;;;;0;0;0;0;3;;;;3;3
"055028";"Porano";96;0;0;0;1;;;;1;1;0;0;2;;;;3;4
"055028";"Porano";97;0;0;0;0;;;;0;1;0;0;0;;;;1;1
"055028";"Porano";98;0;0;0;0;;;;0;1;0;0;0;;;;1;1
"055028";"Porano";99;0;0;0;0;;;;0;1;0;0;1;;;;2;2
"055028";"Porano";100;0;0;0;0;;;;0;0;0;0;0;;;;0;0
"055028";"Porano";999;408;448;27;26;;;;909;415;444;24;121;;;;1004;1913
"055029";"San Gemini";0;12;0;0;0;;;;12;17;0;0;0;;;;17;29
"055029";"San Gemini";1;11;0;0;0;;;;11;8;0;0;0;;;;8;19
"055029";"San Gemini";2;13;0;0;0;;;;13;19;0;0;0;;;;19;32
"055029";"San Gemini";3;12;0;0;0;;;;12;18;0;0;0;;;;18;30
"055029";"San Gemini";4;16;0;0;0;;;;16;15;0;0;0;;;;15;31
"055029";"San Gemini";5;18;0;0;0;;;;18;16;0;0;0;;;;16;34
"055029";"San Gemini";6;23;0;0;0;;;;23;16;0;0;0;;;;16;39
"055029";"San Gemini";7;19;0;0;0;;;;19;12;0;0;0;;;;12;31
"055029";"San Gemini";8;26;0;0;0;;;;26;22;0;0;0;;;;22;48
"055029";"San Gemini";9;20;0;0;0;;;;20;23;0;0;0;;;;23;43
"055029";"San Gemini";10;32;0;0;0;;;;32;21;0;0;0;;;;21;53
"055029";"San Gemini";11;21;0;0;0;;;;21;28;0;0;0;;;;28;49
"055029";"San Gemini";12;27;0;0;0;;;;27;31;0;0;0;;;;31;58
"055029";"San Gemini";13;20;0;0;0;;;;20;21;0;0;0;;;;21;41
"055029";"San Gemini";14;20;0;0;0;;;;20;25;0;0;0;;;;25;45
"055029";"San Gemini";15;21;0;0;0;;;;21;18;0;0;0;;;;18;39
"055029";"San Gemini";16;22;0;0;0;;;;22;16;0;0;0;;;;16;38
"055029";"San Gemini";17;23;0;0;0;;;;23;21;0;0;0;;;;21;44
"055029";"San Gemini";18;27;0;0;0;;;;27;23;0;0;0;;;;23;50
"055029";"San Gemini";19;21;0;0;0;;;;21;14;0;0;0;;;;14;35
"055029";"San Gemini";20;18;0;0;0;;;;18;27;0;0;0;;;;27;45
"055029";"San Gemini";21;20;0;0;0;;;;20;21;0;0;0;;;;21;41
"055029";"San Gemini";22;29;0;0;0;;;;29;23;0;0;0;;;;23;52
"055029";"San Gemini";23;18;0;0;0;;;;18;22;0;0;0;;;;22;40
"055029";"San Gemini";24;19;0;0;0;;;;19;16;0;0;0;;;;16;35
"055029";"San Gemini";25;31;0;0;0;;;;31;16;1;0;0;;;;17;48
"055029";"San Gemini";26;21;0;0;0;;;;21;20;2;0;0;;;;22;43
"055029";"San Gemini";27;21;0;0;0;;;;21;17;0;0;0;;;;17;38
"055029";"San Gemini";28;24;0;0;0;;;;24;21;3;0;0;;;;24;48
"055029";"San Gemini";29;19;0;0;0;;;;19;25;4;0;0;;;;29;48
"055029";"San Gemini";30;22;1;0;0;;;;23;18;9;0;0;;;;27;50
"055029";"San Gemini";31;18;0;0;0;;;;18;16;3;0;0;;;;19;37
"055029";"San Gemini";32;22;5;0;0;;;;27;6;3;0;0;;;;9;36
"055029";"San Gemini";33;21;4;0;0;;;;25;14;5;0;0;;;;19;44
"055029";"San Gemini";34;20;6;0;0;;;;26;16;6;0;0;;;;22;48
"055029";"San Gemini";35;18;4;0;0;;;;22;9;13;0;0;;;;22;44
"055029";"San Gemini";36;15;6;0;0;;;;21;12;12;0;0;;;;24;45
"055029";"San Gemini";37;7;6;0;0;;;;13;15;15;0;0;;;;30;43
"055029";"San Gemini";38;11;11;1;0;;;;23;11;17;2;0;;;;30;53
"055029";"San Gemini";39;16;11;0;0;;;;27;14;17;1;0;;;;32;59
"055029";"San Gemini";40;14;17;2;0;;;;33;11;22;1;0;;;;34;67
"055029";"San Gemini";41;7;26;2;0;;;;35;13;16;1;0;;;;30;65
"055029";"San Gemini";42;11;16;0;0;;;;27;15;35;3;1;;;;54;81
"055029";"San Gemini";43;14;20;0;0;;;;34;5;35;2;0;;;;42;76
"055029";"San Gemini";44;18;20;1;0;;;;39;13;18;1;0;;;;32;71
"055029";"San Gemini";45;15;25;1;0;;;;41;18;19;2;1;;;;40;81
"055029";"San Gemini";46;12;19;1;0;;;;32;8;34;0;1;;;;43;75
"055029";"San Gemini";47;18;19;2;0;;;;39;10;25;1;1;;;;37;76
"055029";"San Gemini";48;11;23;1;1;;;;36;8;34;2;0;;;;44;80
"055029";"San Gemini";49;10;29;2;0;;;;41;8;45;2;2;;;;57;98
"055029";"San Gemini";50;5;30;4;0;;;;39;2;27;1;1;;;;31;70
"055029";"San Gemini";51;9;44;1;0;;;;54;4;31;1;1;;;;37;91
"055029";"San Gemini";52;7;32;1;0;;;;40;1;30;4;0;;;;35;75
"055029";"San Gemini";53;4;32;1;0;;;;37;4;35;4;0;;;;43;80
"055029";"San Gemini";54;5;27;5;0;;;;37;5;36;5;2;;;;48;85
"055029";"San Gemini";55;2;32;4;0;;;;38;2;24;4;3;;;;33;71
"055029";"San Gemini";56;4;33;3;0;;;;40;2;38;2;2;;;;44;84
"055029";"San Gemini";57;2;33;5;0;;;;40;3;34;3;0;;;;40;80
"055029";"San Gemini";58;5;31;2;1;;;;39;2;28;0;0;;;;30;69
"055029";"San Gemini";59;4;28;1;0;;;;33;3;28;1;2;;;;34;67
"055029";"San Gemini";60;3;32;1;1;;;;37;0;23;4;1;;;;28;65
"055029";"San Gemini";61;3;23;2;0;;;;28;0;26;2;2;;;;30;58
"055029";"San Gemini";62;4;15;1;3;;;;23;3;26;2;5;;;;36;59
"055029";"San Gemini";63;3;30;2;0;;;;35;1;28;1;4;;;;34;69
"055029";"San Gemini";64;3;24;4;1;;;;32;3;32;2;9;;;;46;78
"055029";"San Gemini";65;3;27;1;0;;;;31;1;16;1;3;;;;21;52
"055029";"San Gemini";66;3;23;0;1;;;;27;0;27;1;4;;;;32;59
"055029";"San Gemini";67;2;24;3;1;;;;30;1;31;0;5;;;;37;67
"055029";"San Gemini";68;0;30;1;0;;;;31;1;29;0;6;;;;36;67
"055029";"San Gemini";69;0;18;0;1;;;;19;0;26;1;2;;;;29;48
"055029";"San Gemini";70;3;22;0;2;;;;27;1;26;2;7;;;;36;63
"055029";"San Gemini";71;3;32;1;1;;;;37;0;28;2;3;;;;33;70
"055029";"San Gemini";72;0;30;1;3;;;;34;2;24;2;8;;;;36;70
"055029";"San Gemini";73;0;30;2;2;;;;34;2;31;1;7;;;;41;75
"055029";"San Gemini";74;1;20;0;3;;;;24;0;14;0;7;;;;21;45
"055029";"San Gemini";75;3;20;0;1;;;;24;1;19;0;12;;;;32;56
"055029";"San Gemini";76;0;20;0;0;;;;20;2;17;2;9;;;;30;50
"055029";"San Gemini";77;0;19;0;1;;;;20;1;8;0;8;;;;17;37
"055029";"San Gemini";78;0;17;0;1;;;;18;0;19;0;7;;;;26;44
"055029";"San Gemini";79;1;24;0;3;;;;28;2;10;0;8;;;;20;48
"055029";"San Gemini";80;2;16;0;0;;;;18;0;10;0;8;;;;18;36
"055029";"San Gemini";81;0;17;0;3;;;;20;0;8;0;10;;;;18;38
"055029";"San Gemini";82;1;13;0;4;;;;18;0;11;1;18;;;;30;48
"055029";"San Gemini";83;0;13;0;3;;;;16;1;9;0;18;;;;28;44
"055029";"San Gemini";84;1;11;0;1;;;;13;1;5;0;10;;;;16;29
"055029";"San Gemini";85;1;14;0;4;;;;19;0;8;0;19;;;;27;46
"055029";"San Gemini";86;2;7;0;0;;;;9;1;2;0;14;;;;17;26
"055029";"San Gemini";87;0;11;0;3;;;;14;0;6;0;11;;;;17;31
"055029";"San Gemini";88;0;6;0;2;;;;8;1;2;0;9;;;;12;20
"055029";"San Gemini";89;0;3;0;3;;;;6;0;3;0;14;;;;17;23
"055029";"San Gemini";90;0;3;0;1;;;;4;0;3;0;13;;;;16;20
"055029";"San Gemini";91;0;5;0;3;;;;8;0;1;0;8;;;;9;17
"055029";"San Gemini";92;1;0;0;2;;;;3;1;0;0;10;;;;11;14
"055029";"San Gemini";93;1;3;0;1;;;;5;0;0;0;7;;;;7;12
"055029";"San Gemini";94;0;0;0;0;;;;0;0;1;0;3;;;;4;4
"055029";"San Gemini";95;0;0;0;3;;;;3;0;0;0;5;;;;5;8
"055029";"San Gemini";96;1;0;0;0;;;;1;0;0;0;4;;;;4;5
"055029";"San Gemini";97;1;0;0;0;;;;1;0;0;0;2;;;;2;3
"055029";"San Gemini";98;0;0;0;1;;;;1;0;0;0;2;;;;2;3
"055029";"San Gemini";99;0;0;0;0;;;;0;0;0;0;1;;;;1;1
"055029";"San Gemini";100;0;0;0;0;;;;0;0;0;0;1;;;;1;1
"055029";"San Gemini";999;1017;1192;59;61;;;;2329;886;1233;67;321;;;;2507;4836
"055030";"San Venanzo";0;6;0;0;0;;;;6;7;0;0;0;;;;7;13
"055030";"San Venanzo";1;7;0;0;0;;;;7;4;0;0;0;;;;4;11
"055030";"San Venanzo";2;3;0;0;0;;;;3;3;0;0;0;;;;3;6
"055030";"San Venanzo";3;7;0;0;0;;;;7;3;0;0;0;;;;3;10
"055030";"San Venanzo";4;4;0;0;0;;;;4;5;0;0;0;;;;5;9
"055030";"San Venanzo";5;5;0;0;0;;;;5;9;0;0;0;;;;9;14
"055030";"San Venanzo";6;8;0;0;0;;;;8;4;0;0;0;;;;4;12
"055030";"San Venanzo";7;2;0;0;0;;;;2;2;0;0;0;;;;2;4
"055030";"San Venanzo";8;4;0;0;0;;;;4;5;0;0;0;;;;5;9
"055030";"San Venanzo";9;9;0;0;0;;;;9;6;0;0;0;;;;6;15
"055030";"San Venanzo";10;5;0;0;0;;;;5;6;0;0;0;;;;6;11
"055030";"San Venanzo";11;11;0;0;0;;;;11;5;0;0;0;;;;5;16
"055030";"San Venanzo";12;6;0;0;0;;;;6;7;0;0;0;;;;7;13
"055030";"San Venanzo";13;7;0;0;0;;;;7;3;0;0;0;;;;3;10
"055030";"San Venanzo";14;8;0;0;0;;;;8;2;0;0;0;;;;2;10
"055030";"San Venanzo";15;12;0;0;0;;;;12;11;0;0;0;;;;11;23
"055030";"San Venanzo";16;8;0;0;0;;;;8;11;0;0;0;;;;11;19
"055030";"San Venanzo";17;7;0;0;0;;;;7;5;0;0;0;;;;5;12
"055030";"San Venanzo";18;5;0;0;0;;;;5;4;0;0;0;;;;4;9
"055030";"San Venanzo";19;12;0;0;0;;;;12;10;0;0;0;;;;10;22
"055030";"San Venanzo";20;12;0;0;0;;;;12;9;0;0;0;;;;9;21
"055030";"San Venanzo";21;6;0;0;0;;;;6;8;0;0;0;;;;8;14
"055030";"San Venanzo";22;10;0;0;0;;;;10;9;0;0;0;;;;9;19
"055030";"San Venanzo";23;10;0;0;0;;;;10;9;0;0;0;;;;9;19
"055030";"San Venanzo";24;16;1;0;0;;;;17;5;0;0;0;;;;5;22
"055030";"San Venanzo";25;10;0;0;0;;;;10;4;1;0;0;;;;5;15
"055030";"San Venanzo";26;16;1;0;0;;;;17;12;2;0;0;;;;14;31
"055030";"San Venanzo";27;13;0;0;0;;;;13;3;1;0;0;;;;4;17
"055030";"San Venanzo";28;14;2;0;0;;;;16;10;3;0;0;;;;13;29
"055030";"San Venanzo";29;18;5;0;0;;;;23;8;1;0;0;;;;9;32
"055030";"San Venanzo";30;12;1;0;0;;;;13;11;1;0;0;;;;12;25
"055030";"San Venanzo";31;14;1;0;0;;;;15;10;1;0;0;;;;11;26
"055030";"San Venanzo";32;10;8;0;0;;;;18;6;4;0;0;;;;10;28
"055030";"San Venanzo";33;12;7;0;0;;;;19;5;3;0;0;;;;8;27
"055030";"San Venanzo";34;9;5;0;0;;;;14;6;7;0;0;;;;13;27
"055030";"San Venanzo";35;5;4;0;0;;;;9;4;3;1;0;;;;8;17
"055030";"San Venanzo";36;6;7;0;0;;;;13;8;4;0;0;;;;12;25
"055030";"San Venanzo";37;14;5;0;0;;;;19;5;9;0;0;;;;14;33
"055030";"San Venanzo";38;7;4;0;0;;;;11;3;7;0;0;;;;10;21
"055030";"San Venanzo";39;6;3;0;0;;;;9;6;2;1;0;;;;9;18
"055030";"San Venanzo";40;3;7;0;0;;;;10;3;5;0;1;;;;9;19
"055030";"San Venanzo";41;6;2;0;0;;;;8;1;6;0;0;;;;7;15
"055030";"San Venanzo";42;4;7;0;0;;;;11;4;6;0;0;;;;10;21
"055030";"San Venanzo";43;6;2;0;0;;;;8;2;9;1;0;;;;12;20
"055030";"San Venanzo";44;7;8;0;0;;;;15;3;12;1;1;;;;17;32
"055030";"San Venanzo";45;7;9;1;0;;;;17;5;9;0;0;;;;14;31
"055030";"San Venanzo";46;1;8;0;0;;;;9;5;12;1;0;;;;18;27
"055030";"San Venanzo";47;3;7;1;0;;;;11;0;17;0;0;;;;17;28
"055030";"San Venanzo";48;3;11;0;0;;;;14;1;9;0;0;;;;10;24
"055030";"San Venanzo";49;5;11;0;0;;;;16;5;12;0;0;;;;17;33
"055030";"San Venanzo";50;3;13;0;0;;;;16;3;9;2;0;;;;14;30
"055030";"San Venanzo";51;1;19;1;2;;;;23;4;8;0;1;;;;13;36
"055030";"San Venanzo";52;2;12;0;0;;;;14;3;9;1;0;;;;13;27
"055030";"San Venanzo";53;3;15;0;0;;;;18;3;12;0;2;;;;17;35
"055030";"San Venanzo";54;6;11;1;0;;;;18;8;12;2;1;;;;23;41
"055030";"San Venanzo";55;3;12;0;0;;;;15;1;19;1;2;;;;23;38
"055030";"San Venanzo";56;10;15;0;0;;;;25;2;27;0;0;;;;29;54
"055030";"San Venanzo";57;2;13;0;0;;;;15;1;17;1;0;;;;19;34
"055030";"San Venanzo";58;5;11;0;1;;;;17;5;14;2;0;;;;21;38
"055030";"San Venanzo";59;6;13;0;0;;;;19;5;19;0;0;;;;24;43
"055030";"San Venanzo";60;4;24;1;0;;;;29;3;16;3;3;;;;25;54
"055030";"San Venanzo";61;3;10;0;0;;;;13;2;16;0;2;;;;20;33
"055030";"San Venanzo";62;2;17;0;0;;;;19;2;12;1;3;;;;18;37
"055030";"San Venanzo";63;6;14;1;0;;;;21;1;10;0;1;;;;12;33
"055030";"San Venanzo";64;3;13;1;1;;;;18;0;13;0;2;;;;15;33
"055030";"San Venanzo";65;4;14;3;0;;;;21;0;11;1;3;;;;15;36
"055030";"San Venanzo";66;3;12;0;1;;;;16;2;12;1;3;;;;18;34
"055030";"San Venanzo";67;1;13;0;1;;;;15;3;6;0;2;;;;11;26
"055030";"San Venanzo";68;1;18;0;2;;;;21;2;8;1;1;;;;12;33
"055030";"San Venanzo";69;2;14;0;0;;;;16;4;5;3;4;;;;16;32
"055030";"San Venanzo";70;2;11;0;0;;;;13;4;9;0;2;;;;15;28
"055030";"San Venanzo";71;6;7;0;0;;;;13;1;8;0;4;;;;13;26
"055030";"San Venanzo";72;2;8;2;0;;;;12;1;11;1;4;;;;17;29
"055030";"San Venanzo";73;1;13;0;2;;;;16;1;11;0;3;;;;15;31
"055030";"San Venanzo";74;0;8;2;0;;;;10;1;6;0;7;;;;14;24
"055030";"San Venanzo";75;3;7;1;1;;;;12;0;5;0;9;;;;14;26
"055030";"San Venanzo";76;3;7;0;0;;;;10;0;4;1;3;;;;8;18
"055030";"San Venanzo";77;1;11;0;0;;;;12;0;7;0;7;;;;14;26
"055030";"San Venanzo";78;2;12;0;0;;;;14;0;0;0;5;;;;5;19
"055030";"San Venanzo";79;2;10;0;0;;;;12;0;4;0;1;;;;5;17
"055030";"San Venanzo";80;1;11;0;0;;;;12;0;10;1;7;;;;18;30
"055030";"San Venanzo";81;0;6;0;2;;;;8;2;9;1;4;;;;16;24
"055030";"San Venanzo";82;1;7;0;3;;;;11;3;5;0;6;;;;14;25
"055030";"San Venanzo";83;1;6;0;3;;;;10;0;3;0;5;;;;8;18
"055030";"San Venanzo";84;0;5;0;2;;;;7;0;3;0;6;;;;9;16
"055030";"San Venanzo";85;0;3;0;3;;;;6;0;2;0;10;;;;12;18
"055030";"San Venanzo";86;1;4;0;1;;;;6;0;1;0;7;;;;8;14
"055030";"San Venanzo";87;0;2;0;1;;;;3;1;4;0;6;;;;11;14
"055030";"San Venanzo";88;1;7;0;1;;;;9;0;2;0;4;;;;6;15
"055030";"San Venanzo";89;1;2;0;0;;;;3;0;2;0;5;;;;7;10
"055030";"San Venanzo";90;0;2;0;1;;;;3;1;0;0;2;;;;3;6
"055030";"San Venanzo";91;0;2;0;1;;;;3;1;1;0;2;;;;4;7
"055030";"San Venanzo";92;0;0;0;2;;;;2;0;0;0;4;;;;4;6
"055030";"San Venanzo";93;0;1;0;1;;;;2;0;0;0;4;;;;4;6
"055030";"San Venanzo";94;0;0;0;2;;;;2;1;0;0;2;;;;3;5
"055030";"San Venanzo";95;0;0;0;0;;;;0;0;0;0;0;;;;0;0
"055030";"San Venanzo";96;0;1;0;0;;;;1;0;0;0;3;;;;3;4
"055030";"San Venanzo";97;0;0;0;0;;;;0;0;1;0;1;;;;2;2
"055030";"San Venanzo";98;0;0;0;0;;;;0;0;0;0;0;;;;0;0
"055030";"San Venanzo";99;0;0;0;0;;;;0;0;0;0;0;;;;0;0
"055030";"San Venanzo";100;0;0;0;0;;;;0;0;0;0;2;;;;2;2
"055030";"San Venanzo";999;499;562;15;34;;;;1110;353;509;28;157;;;;1047;2157
"055031";"Stroncone";0;18;0;0;0;;;;18;9;0;0;0;;;;9;27
"055031";"Stroncone";1;12;0;0;0;;;;12;13;0;0;0;;;;13;25
"055031";"Stroncone";2;13;0;0;0;;;;13;14;0;0;0;;;;14;27
"055031";"Stroncone";3;20;0;0;0;;;;20;10;0;0;0;;;;10;30
"055031";"Stroncone";4;18;0;0;0;;;;18;14;0;0;0;;;;14;32
"055031";"Stroncone";5;20;0;0;0;;;;20;27;0;0;0;;;;27;47
"055031";"Stroncone";6;22;0;0;0;;;;22;13;0;0;0;;;;13;35
"055031";"Stroncone";7;17;0;0;0;;;;17;24;0;0;0;;;;24;41
"055031";"Stroncone";8;30;0;0;0;;;;30;21;0;0;0;;;;21;51
"055031";"Stroncone";9;26;0;0;0;;;;26;16;0;0;0;;;;16;42
"055031";"Stroncone";10;26;0;0;0;;;;26;26;0;0;0;;;;26;52
"055031";"Stroncone";11;17;0;0;0;;;;17;23;0;0;0;;;;23;40
"055031";"Stroncone";12;27;0;0;0;;;;27;17;0;0;0;;;;17;44
"055031";"Stroncone";13;19;0;0;0;;;;19;30;0;0;0;;;;30;49
"055031";"Stroncone";14;19;0;0;0;;;;19;15;0;0;0;;;;15;34
"055031";"Stroncone";15;19;0;0;0;;;;19;20;0;0;0;;;;20;39
"055031";"Stroncone";16;22;0;0;0;;;;22;23;0;0;0;;;;23;45
"055031";"Stroncone";17;15;0;0;0;;;;15;24;0;0;0;;;;24;39
"055031";"Stroncone";18;18;0;0;0;;;;18;19;0;0;0;;;;19;37
"055031";"Stroncone";19;24;0;0;0;;;;24;17;0;0;0;;;;17;41
"055031";"Stroncone";20;27;0;0;0;;;;27;22;0;0;0;;;;22;49
"055031";"Stroncone";21;28;0;0;0;;;;28;18;0;0;0;;;;18;46
"055031";"Stroncone";22;19;0;0;0;;;;19;18;0;0;0;;;;18;37
"055031";"Stroncone";23;22;0;0;0;;;;22;21;0;0;0;;;;21;43
"055031";"Stroncone";24;20;0;0;0;;;;20;22;1;0;0;;;;23;43
"055031";"Stroncone";25;21;0;0;0;;;;21;18;1;0;0;;;;19;40
"055031";"Stroncone";26;22;0;0;0;;;;22;21;3;0;0;;;;24;46
"055031";"Stroncone";27;11;1;0;0;;;;12;16;2;0;0;;;;18;30
"055031";"Stroncone";28;22;0;0;0;;;;22;19;0;0;0;;;;19;41
"055031";"Stroncone";29;18;2;0;0;;;;20;16;4;0;0;;;;20;40
"055031";"Stroncone";30;18;0;0;0;;;;18;13;5;0;0;;;;18;36
"055031";"Stroncone";31;24;3;0;0;;;;27;12;6;0;0;;;;18;45
"055031";"Stroncone";32;15;8;0;0;;;;23;10;13;0;0;;;;23;46
"055031";"Stroncone";33;21;4;0;0;;;;25;4;5;0;0;;;;9;34
"055031";"Stroncone";34;21;7;0;0;;;;28;9;12;1;0;;;;22;50
"055031";"Stroncone";35;16;6;0;0;;;;22;9;13;0;0;;;;22;44
"055031";"Stroncone";36;17;10;0;0;;;;27;7;22;0;0;;;;29;56
"055031";"Stroncone";37;15;10;0;0;;;;25;14;20;1;0;;;;35;60
"055031";"Stroncone";38;9;15;1;0;;;;25;6;16;2;0;;;;24;49
"055031";"Stroncone";39;10;24;0;0;;;;34;9;23;1;0;;;;33;67
"055031";"Stroncone";40;18;25;0;0;;;;43;8;26;3;1;;;;38;81
"055031";"Stroncone";41;15;14;2;0;;;;31;7;31;2;0;;;;40;71
"055031";"Stroncone";42;8;30;2;0;;;;40;6;21;0;0;;;;27;67
"055031";"Stroncone";43;12;28;1;1;;;;42;6;14;3;0;;;;23;65
"055031";"Stroncone";44;16;27;1;0;;;;44;10;25;1;0;;;;36;80
"055031";"Stroncone";45;16;26;1;0;;;;43;3;25;1;0;;;;29;72
"055031";"Stroncone";46;14;30;3;0;;;;47;6;35;1;1;;;;43;90
"055031";"Stroncone";47;8;30;4;1;;;;43;6;26;1;1;;;;34;77
"055031";"Stroncone";48;11;23;1;0;;;;35;6;21;5;0;;;;32;67
"055031";"Stroncone";49;7;21;3;0;;;;31;5;31;3;0;;;;39;70
"055031";"Stroncone";50;12;21;3;0;;;;36;2;33;4;0;;;;39;75
"055031";"Stroncone";51;7;32;2;0;;;;41;5;26;0;0;;;;31;72
"055031";"Stroncone";52;8;26;2;0;;;;36;4;35;0;2;;;;41;77
"055031";"Stroncone";53;8;24;5;1;;;;38;3;37;4;0;;;;44;82
"055031";"Stroncone";54;7;34;4;0;;;;45;3;34;4;1;;;;42;87
"055031";"Stroncone";55;8;40;1;0;;;;49;1;31;6;1;;;;39;88
"055031";"Stroncone";56;5;35;0;0;;;;40;2;30;1;4;;;;37;77
"055031";"Stroncone";57;3;22;3;1;;;;29;3;31;6;2;;;;42;71
"055031";"Stroncone";58;2;19;6;1;;;;28;3;24;2;0;;;;29;57
"055031";"Stroncone";59;4;38;2;0;;;;44;0;26;2;4;;;;32;76
"055031";"Stroncone";60;5;24;2;0;;;;31;1;20;0;2;;;;23;54
"055031";"Stroncone";61;4;28;2;0;;;;34;1;25;5;4;;;;35;69
"055031";"Stroncone";62;6;29;4;0;;;;39;0;20;4;3;;;;27;66
"055031";"Stroncone";63;0;21;3;0;;;;24;0;25;1;1;;;;27;51
"055031";"Stroncone";64;3;25;2;1;;;;31;0;22;1;2;;;;25;56
"055031";"Stroncone";65;1;27;1;2;;;;31;1;21;2;4;;;;28;59
"055031";"Stroncone";66;1;28;2;0;;;;31;0;28;0;6;;;;34;65
"055031";"Stroncone";67;1;26;0;2;;;;29;2;21;1;6;;;;30;59
"055031";"Stroncone";68;1;25;3;0;;;;29;0;24;1;4;;;;29;58
"055031";"Stroncone";69;2;23;1;0;;;;26;1;19;3;7;;;;30;56
"055031";"Stroncone";70;2;21;0;4;;;;27;1;26;3;9;;;;39;66
"055031";"Stroncone";71;1;32;2;2;;;;37;0;29;0;4;;;;33;70
"055031";"Stroncone";72;2;23;0;1;;;;26;0;16;1;4;;;;21;47
"055031";"Stroncone";73;1;25;1;0;;;;27;1;25;1;4;;;;31;58
"055031";"Stroncone";74;1;18;0;3;;;;22;0;19;0;12;;;;31;53
"055031";"Stroncone";75;3;17;0;3;;;;23;0;12;0;6;;;;18;41
"055031";"Stroncone";76;0;22;0;3;;;;25;1;18;2;7;;;;28;53
"055031";"Stroncone";77;1;24;1;1;;;;27;0;20;0;12;;;;32;59
"055031";"Stroncone";78;1;14;0;1;;;;16;1;10;0;4;;;;15;31
"055031";"Stroncone";79;2;18;0;4;;;;24;2;11;0;6;;;;19;43
"055031";"Stroncone";80;0;19;0;0;;;;19;0;7;1;7;;;;15;34
"055031";"Stroncone";81;2;14;0;5;;;;21;1;8;0;12;;;;21;42
"055031";"Stroncone";82;2;12;0;4;;;;18;0;6;1;16;;;;23;41
"055031";"Stroncone";83;1;6;0;2;;;;9;2;8;0;18;;;;28;37
"055031";"Stroncone";84;0;10;1;3;;;;14;0;3;0;16;;;;19;33
"055031";"Stroncone";85;0;14;0;3;;;;17;0;3;1;10;;;;14;31
"055031";"Stroncone";86;1;8;1;4;;;;14;1;5;0;12;;;;18;32
"055031";"Stroncone";87;1;6;0;3;;;;10;0;4;0;11;;;;15;25
"055031";"Stroncone";88;1;8;0;4;;;;13;3;3;0;7;;;;13;26
"055031";"Stroncone";89;0;3;0;4;;;;7;0;5;0;15;;;;20;27
"055031";"Stroncone";90;0;2;0;0;;;;2;0;2;0;9;;;;11;13
"055031";"Stroncone";91;0;3;0;1;;;;4;0;1;0;5;;;;6;10
"055031";"Stroncone";92;0;0;0;2;;;;2;0;0;0;3;;;;3;5
"055031";"Stroncone";93;0;4;2;0;;;;6;1;0;0;6;;;;7;13
"055031";"Stroncone";94;0;1;0;0;;;;1;0;0;0;7;;;;7;8
"055031";"Stroncone";95;0;0;0;0;;;;0;0;0;0;2;;;;2;2
"055031";"Stroncone";96;0;0;0;0;;;;0;0;0;0;0;;;;0;0
"055031";"Stroncone";97;0;0;0;0;;;;0;0;1;0;3;;;;4;4
"055031";"Stroncone";98;0;1;0;2;;;;3;0;0;0;4;;;;4;7
"055031";"Stroncone";99;0;0;0;0;;;;0;0;0;0;0;;;;0;0
"055031";"Stroncone";100;0;0;0;0;;;;0;0;0;0;0;;;;0;0
"055031";"Stroncone";999;1013;1216;75;69;;;;2373;768;1175;82;287;;;;2312;4685
"055032";"Terni";0;323;0;0;0;0;0;0;323;309;0;0;0;0;0;0;309;632
"055032";"Terni";1;338;0;0;0;0;0;0;338;326;0;0;0;0;0;0;326;664
"055032";"Terni";2;340;0;0;0;0;0;0;340;353;0;0;0;0;0;0;353;693
"055032";"Terni";3;364;0;0;0;0;0;0;364;343;0;0;0;0;0;0;343;707
"055032";"Terni";4;354;0;0;0;0;0;0;354;376;0;0;0;0;0;0;376;730
"055032";"Terni";5;375;0;0;0;0;0;0;375;357;0;0;0;0;0;0;357;732
"055032";"Terni";6;444;0;0;0;0;0;0;444;390;0;0;0;0;0;0;390;834
"055032";"Terni";7;430;0;0;0;0;0;0;430;409;0;0;0;0;0;0;409;839
"055032";"Terni";8;434;0;0;0;0;0;0;434;417;0;0;0;0;0;0;417;851
"055032";"Terni";9;427;0;0;0;0;0;0;427;401;0;0;0;0;0;0;401;828
"055032";"Terni";10;489;0;0;0;0;0;0;489;437;0;0;0;0;0;0;437;926
"055032";"Terni";11;457;0;0;0;0;0;0;457;455;0;0;0;0;0;0;455;912
"055032";"Terni";12;463;0;0;0;0;0;0;463;429;0;0;0;0;0;0;429;892
"055032";"Terni";13;528;0;0;0;0;0;0;528;472;0;0;0;0;0;0;472;1000
"055032";"Terni";14;476;0;0;0;0;0;0;476;480;0;0;0;0;0;0;480;956
"055032";"Terni";15;509;0;0;0;0;0;0;509;455;0;0;0;0;0;0;455;964
"055032";"Terni";16;493;0;0;0;0;0;0;493;474;0;0;0;0;0;0;474;967
"055032";"Terni";17;496;0;0;0;0;0;0;496;465;0;0;0;0;0;0;465;961
"055032";"Terni";18;483;0;0;0;0;0;0;483;488;0;0;0;0;0;0;488;971
"055032";"Terni";19;471;0;0;0;0;0;0;471;426;2;0;0;0;0;0;428;899
"055032";"Terni";20;517;1;0;0;0;0;0;518;455;3;0;0;0;0;0;458;976
"055032";"Terni";21;531;4;0;0;0;0;0;535;460;8;0;0;0;0;0;468;1003
"055032";"Terni";22;531;4;0;0;0;0;0;535;424;12;0;0;0;0;0;436;971
"055032";"Terni";23;515;2;0;0;0;0;0;517;418;17;0;0;0;0;0;435;952
"055032";"Terni";24;525;8;1;0;0;0;0;534;427;26;0;0;0;0;0;453;987
"055032";"Terni";25;478;12;0;0;0;0;0;490;409;39;0;0;0;0;0;448;938
"055032";"Terni";26;516;12;0;0;0;0;0;528;435;56;0;1;0;0;0;492;1020
"055032";"Terni";27;436;24;2;0;0;0;0;462;432;56;0;0;0;0;0;488;950
"055032";"Terni";28;488;34;1;0;1;0;0;524;380;96;3;0;0;0;0;479;1003
"055032";"Terni";29;480;51;0;0;0;0;0;531;373;118;2;0;0;0;0;493;1024
"055032";"Terni";30;453;74;0;0;1;0;0;528;379;134;3;0;0;0;0;516;1044
"055032";"Terni";31;423;91;3;0;0;0;0;517;342;180;1;1;0;0;0;524;1041
"055032";"Terni";32;429;131;0;0;0;0;0;560;356;184;3;2;0;0;0;545;1105
"055032";"Terni";33;369;169;6;0;1;0;0;545;306;221;15;0;0;0;0;542;1087
"055032";"Terni";34;388;157;6;0;1;0;0;552;280;249;14;1;2;0;0;546;1098
"055032";"Terni";35;374;179;11;0;0;0;0;564;248;272;12;1;1;0;0;534;1098
"055032";"Terni";36;346;213;13;0;0;0;0;572;258;282;17;1;0;0;0;558;1130
"055032";"Terni";37;329;238;5;0;1;0;0;573;254;310;17;3;1;0;0;585;1158
"055032";"Terni";38;340;251;9;3;1;0;0;604;250;370;26;2;0;0;0;648;1252
"055032";"Terni";39;303;319;19;0;0;0;0;641;259;353;27;0;1;0;0;640;1281
"055032";"Terni";40;292;332;15;0;1;0;0;640;198;347;30;9;0;0;0;584;1224
"055032";"Terni";41;288;355;15;0;0;0;0;658;238;425;35;6;1;0;0;705;1363
"055032";"Terni";42;276;374;20;4;0;0;0;674;206;485;41;4;1;0;0;737;1411
"055032";"Terni";43;302;375;27;3;0;0;0;707;185;510;57;10;0;0;0;762;1469
"055032";"Terni";44;305;458;34;2;0;0;0;799;193;502;65;5;0;0;0;765;1564
"055032";"Terni";45;277;471;40;1;0;0;0;789;197;579;76;15;0;0;0;867;1656
"055032";"Terni";46;247;504;41;1;2;0;0;795;186;659;77;13;0;0;0;935;1730
"055032";"Terni";47;269;535;37;0;1;0;0;842;189;620;83;7;0;0;0;899;1741
"055032";"Terni";48;249;491;68;1;0;0;0;809;185;667;88;11;1;0;0;952;1761
"055032";"Terni";49;220;546;65;1;1;0;0;833;178;668;94;13;0;0;0;953;1786
"055032";"Terni";50;218;584;61;11;1;0;0;875;153;613;99;21;0;0;0;886;1761
"055032";"Terni";51;175;626;52;6;0;0;0;859;149;692;112;17;1;0;0;971;1830
"055032";"Terni";52;200;623;65;3;0;0;0;891;127;699;101;24;0;0;0;951;1842
"055032";"Terni";53;160;612;69;8;1;0;0;850;136;676;112;26;0;0;0;950;1800
"055032";"Terni";54;150;586;50;14;1;0;0;801;103;737;90;30;0;0;0;960;1761
"055032";"Terni";55;147;680;72;11;0;0;0;910;128;691;102;35;0;0;0;956;1866
"055032";"Terni";56;125;701;77;9;0;0;0;912;109;686;98;43;0;0;0;936;1848
"055032";"Terni";57;90;634;60;10;2;0;0;796;100;665;90;35;0;0;0;890;1686
"055032";"Terni";58;99;566;73;13;0;0;0;751;74;620;97;38;0;0;0;829;1580
"055032";"Terni";59;95;538;79;14;0;0;0;726;61;588;90;51;0;0;0;790;1516
"055032";"Terni";60;77;571;57;13;1;0;0;719;72;591;98;57;0;0;0;818;1537
"055032";"Terni";61;85;506;46;12;1;0;0;650;64;575;76;52;0;0;0;767;1417
"055032";"Terni";62;80;532;56;11;0;0;0;679;58;518;83;61;0;0;0;720;1399
"055032";"Terni";63;64;497;48;22;1;0;0;632;67;513;69;75;0;0;0;724;1356
"055032";"Terni";64;60;510;46;17;0;0;0;633;53;565;69;82;0;0;0;769;1402
"055032";"Terni";65;52;509;49;21;0;0;0;631;52;556;73;101;0;0;0;782;1413
"055032";"Terni";66;37;492;39;19;1;0;0;588;39;525;64;68;0;0;0;696;1284
"055032";"Terni";67;48;460;37;26;0;0;0;571;40;504;55;114;0;0;0;713;1284
"055032";"Terni";68;31;473;34;31;0;0;0;569;42;506;42;110;0;0;0;700;1269
"055032";"Terni";69;33;482;38;35;0;0;0;588;45;487;56;122;0;0;0;710;1298
"055032";"Terni";70;34;453;41;28;0;0;0;556;32;506;52;141;0;0;0;731;1287
"055032";"Terni";71;34;524;35;35;0;0;0;628;40;501;54;145;0;0;0;740;1368
"055032";"Terni";72;35;614;35;43;0;0;0;727;46;550;42;186;0;0;0;824;1551
"055032";"Terni";73;28;581;20;47;0;0;0;676;42;485;34;195;0;0;0;756;1432
"055032";"Terni";74;25;517;25;52;0;0;0;619;28;505;42;202;0;0;0;777;1396
"055032";"Terni";75;24;398;20;38;0;0;0;480;27;378;34;181;0;0;0;620;1100
"055032";"Terni";76;29;409;9;45;0;0;0;492;32;383;25;205;0;0;0;645;1137
"055032";"Terni";77;21;446;15;45;0;0;0;527;32;391;22;295;0;0;0;740;1267
"055032";"Terni";78;27;405;14;50;0;0;0;496;20;368;31;270;0;0;0;689;1185
"055032";"Terni";79;28;404;10;53;0;0;0;495;27;319;21;287;0;0;0;654;1149
"055032";"Terni";80;17;471;16;64;0;0;0;568;31;322;14;321;0;0;0;688;1256
"055032";"Terni";81;20;387;6;61;0;0;0;474;24;263;21;300;0;0;0;608;1082
"055032";"Terni";82;10;346;3;78;0;0;0;437;23;220;19;357;0;0;0;619;1056
"055032";"Terni";83;11;307;5;68;0;0;0;391;25;188;9;363;0;0;0;585;976
"055032";"Terni";84;7;249;2;62;0;0;0;320;12;141;15;315;0;0;0;483;803
"055032";"Terni";85;8;217;6;69;0;0;0;300;27;109;6;313;0;0;0;455;755
"055032";"Terni";86;17;166;2;47;0;0;0;232;23;94;6;320;0;0;0;443;675
"055032";"Terni";87;7;155;4;73;0;0;0;239;19;59;4;296;0;0;0;378;617
"055032";"Terni";88;6;144;2;56;0;0;0;208;17;42;6;258;0;0;0;323;531
"055032";"Terni";89;3;117;2;48;0;0;0;170;9;39;7;277;0;0;0;332;502
"055032";"Terni";90;1;83;3;47;0;0;0;134;13;34;4;241;0;0;0;292;426
"055032";"Terni";91;2;50;0;36;0;0;0;88;6;27;2;230;0;0;0;265;353
"055032";"Terni";92;2;30;2;40;0;0;0;74;12;8;1;167;0;0;0;188;262
"055032";"Terni";93;1;22;3;32;0;0;0;58;9;13;2;172;0;0;0;196;254
"055032";"Terni";94;0;28;0;20;0;0;0;48;6;3;1;129;0;0;0;139;187
"055032";"Terni";95;1;20;0;24;0;0;0;45;1;5;1;103;0;0;0;110;155
"055032";"Terni";96;2;8;0;14;0;0;0;24;2;3;0;75;0;0;0;80;104
"055032";"Terni";97;0;5;0;11;0;0;0;16;5;3;0;51;0;0;0;59;75
"055032";"Terni";98;0;1;0;9;0;0;0;10;1;0;0;37;0;0;0;38;48
"055032";"Terni";99;0;2;0;3;0;0;0;5;1;0;0;19;0;0;0;20;25
"055032";"Terni";100;0;3;0;5;0;0;0;8;0;1;0;29;0;0;0;30;38
"055032";"Terni";999;22616;25159;1826;1625;20;0;0;51246;19626;26417;2937;7747;9;0;0;56736;107982
