"Popolazione residente per età, sesso e stato civile al 1° gennaio 2023"
"Codice comune";"Comune";"Età";"Celibi";"Coniugati";"Divorziati";"Vedovi";"Uniti civilmente";"Maschi già in unione civile (per scioglimento unione)";"Maschi già in unione civile (per decesso del partner)";"Totale maschi";"Nubili";"Coniugate";"Divorziate";"Vedove";"Unite civilmente";"Femmine già in unione civile (per scioglimento unione)";"Femmine già in unione civile (per decesso del partner)";"Totale femmine";"Totale"
"055001";"Acquasparta";0;15;0;0;0;;;;15;11;0;0;0;;;;11;26
"055001";"Acquasparta";1;12;0;0;0;;;;12;15;0;0;0;;;;15;27
"055001";"Acquasparta";2;11;0;0;0;;;;11;9;0;0;0;;;;9;20
"055001";"Acquasparta";3;12;0;0;0;;;;12;8;0;0;0;;;;8;20
"055001";"Acquasparta";4;11;0;0;0;;;;11;17;0;0;0;;;;17;28
"055001";"Acquasparta";5;15;0;0;0;;;;15;6;0;0;0;;;;6;21
"055001";"Acquasparta";6;13;0;0;0;;;;13;22;0;0;0;;;;22;35
"055001";"Acquasparta";7;16;0;0;0;;;;16;18;0;0;0;;;;18;34
"055001";"Acquasparta";8;15;0;0;0;;;;15;17;0;0;0;;;;17;32
"055001";"Acquasparta";9;27;0;0;0;;;;27;19;0;0;0;;;;19;46
"055001";"Acquasparta";10;28;0;0;0;;;;28;17;0;0;0;;;;17;45
"055001";"Acquasparta";11;21;0;0;0;;;;21;16;0;0;0;;;;16;37
"055001";"Acquasparta";12;19;0;0;0;;;;19;31;0;0;0;;;;31;50
"055001";"Acquasparta";13;22;0;0;0;;;;22;16;0;0;0;;;;16;38
"055001";"Acquasparta";14;32;0;0;0;;;;32;27;0;0;0;;;;27;59
"055001";"Acquasparta";15;36;0;0;0;;;;36;22;0;0;0;;;;22;58
"055001";"Acquasparta";16;28;0;0;0;;;;28;20;0;0;0;;;;20;48
"055001";"Acquasparta";17;30;0;0;0;;;;30;19;0;0;0;;;;19;49
"055001";"Acquasparta";18;30;0;0;0;;;;30;22;0;0;0;;;;22;52
"055001";"Acquasparta";19;26;0;0;0;;;;26;15;0;0;0;;;;15;41
"055001";"Acquasparta";20;29;0;0;0;;;;29;17;0;0;0;;;;17;46
"055001";"Acquasparta";21;22;0;0;0;;;;22;25;0;0;0;;;;25;47
"055001";"Acquasparta";22;18;0;0;0;;;;18;22;1;0;0;;;;23;41
"055001";"Acquasparta";23;20;0;0;0;;;;20;17;0;0;0;;;;17;37
"055001";"Acquasparta";24;24;1;0;0;;;;25;16;0;0;0;;;;16;41
"055001";"Acquasparta";25;14;0;0;0;;;;14;12;2;0;0;;;;14;28
"055001";"Acquasparta";26;14;1;0;0;;;;15;18;3;0;0;;;;21;36
"055001";"Acquasparta";27;11;0;0;0;;;;11;16;1;0;0;;;;17;28
"055001";"Acquasparta";28;17;0;0;0;;;;17;18;2;0;0;;;;20;37
"055001";"Acquasparta";29;16;2;0;0;;;;18;17;2;0;0;;;;19;37
"055001";"Acquasparta";30;14;2;0;0;;;;16;7;4;0;0;;;;11;27
"055001";"Acquasparta";31;21;1;0;0;;;;22;10;6;0;0;;;;16;38
"055001";"Acquasparta";32;13;4;0;0;;;;17;19;6;2;0;;;;27;44
"055001";"Acquasparta";33;22;3;0;0;;;;25;14;3;0;0;;;;17;42
"055001";"Acquasparta";34;14;3;0;0;;;;17;10;13;0;0;;;;23;40
"055001";"Acquasparta";35;14;4;1;0;;;;19;13;6;0;0;;;;19;38
"055001";"Acquasparta";36;15;6;2;0;;;;23;13;14;0;0;;;;27;50
"055001";"Acquasparta";37;15;4;0;0;;;;19;6;11;1;0;;;;18;37
"055001";"Acquasparta";38;13;13;0;0;;;;26;9;7;0;0;;;;16;42
"055001";"Acquasparta";39;15;6;0;0;;;;21;11;11;0;0;;;;22;43
"055001";"Acquasparta";40;17;9;0;0;;;;26;14;11;0;0;;;;25;51
"055001";"Acquasparta";41;12;12;0;0;;;;24;10;14;2;0;;;;26;50
"055001";"Acquasparta";42;12;10;0;0;;;;22;7;19;2;0;;;;28;50
"055001";"Acquasparta";43;16;12;1;0;;;;29;13;21;0;0;;;;34;63
"055001";"Acquasparta";44;12;7;0;0;;;;19;11;14;2;1;;;;28;47
"055001";"Acquasparta";45;20;18;2;0;;;;40;12;22;0;1;;;;35;75
"055001";"Acquasparta";46;17;21;0;0;;;;38;8;18;1;2;;;;29;67
"055001";"Acquasparta";47;15;15;0;0;;;;30;12;15;1;0;;;;28;58
"055001";"Acquasparta";48;15;17;3;1;;;;36;11;34;3;0;;;;48;84
"055001";"Acquasparta";49;9;18;2;0;;;;29;8;28;2;0;;;;38;67
"055001";"Acquasparta";50;7;22;0;0;;;;29;5;15;0;2;;;;22;51
"055001";"Acquasparta";51;9;22;1;0;;;;32;7;28;4;3;;;;42;74
"055001";"Acquasparta";52;9;30;2;0;;;;41;11;27;6;0;;;;44;85
"055001";"Acquasparta";53;11;27;0;0;;;;38;9;30;1;1;;;;41;79
"055001";"Acquasparta";54;11;28;2;1;;;;42;9;29;3;2;;;;43;85
"055001";"Acquasparta";55;5;25;4;0;;;;34;6;31;0;2;;;;39;73
"055001";"Acquasparta";56;6;25;4;0;;;;35;5;30;1;0;;;;36;71
"055001";"Acquasparta";57;7;31;1;0;;;;39;4;24;3;1;;;;32;71
"055001";"Acquasparta";58;9;24;2;1;;;;36;8;18;2;2;;;;30;66
"055001";"Acquasparta";59;8;20;3;2;;;;33;2;24;1;1;;;;28;61
"055001";"Acquasparta";60;4;22;1;0;;;;27;4;16;2;3;;;;25;52
"055001";"Acquasparta";61;4;21;3;2;;;;30;4;19;2;1;;;;26;56
"055001";"Acquasparta";62;4;19;3;2;;;;28;4;26;2;1;;;;33;61
"055001";"Acquasparta";63;7;22;0;0;;;;29;5;23;0;3;;;;31;60
"055001";"Acquasparta";64;4;20;4;1;;;;29;6;20;4;3;;;;33;62
"055001";"Acquasparta";65;3;24;1;0;;;;28;3;22;3;1;;;;29;57
"055001";"Acquasparta";66;5;22;0;0;;;;27;6;23;5;5;;;;39;66
"055001";"Acquasparta";67;4;17;4;1;;;;26;3;19;4;6;;;;32;58
"055001";"Acquasparta";68;3;14;1;3;;;;21;5;10;2;2;;;;19;40
"055001";"Acquasparta";69;3;16;4;2;;;;25;4;21;2;6;;;;33;58
"055001";"Acquasparta";70;3;22;0;2;;;;27;4;15;2;6;;;;27;54
"055001";"Acquasparta";71;2;20;3;2;;;;27;4;19;1;2;;;;26;53
"055001";"Acquasparta";72;3;23;2;1;;;;29;4;23;2;5;;;;34;63
"055001";"Acquasparta";73;5;25;0;1;;;;31;1;13;1;7;;;;22;53
"055001";"Acquasparta";74;2;23;0;3;;;;28;0;20;1;8;;;;29;57
"055001";"Acquasparta";75;4;20;0;1;;;;25;1;20;1;10;;;;32;57
"055001";"Acquasparta";76;2;20;2;1;;;;25;3;17;1;6;;;;27;52
"055001";"Acquasparta";77;1;16;0;4;;;;21;1;15;0;11;;;;27;48
"055001";"Acquasparta";78;0;17;0;0;;;;17;1;15;0;7;;;;23;40
"055001";"Acquasparta";79;1;19;0;4;;;;24;0;10;0;13;;;;23;47
"055001";"Acquasparta";80;3;16;0;1;;;;20;0;11;2;10;;;;23;43
"055001";"Acquasparta";81;2;18;2;2;;;;24;0;13;0;19;;;;32;56
"055001";"Acquasparta";82;1;14;0;2;;;;17;2;11;0;22;;;;35;52
"055001";"Acquasparta";83;0;9;0;3;;;;12;1;8;0;12;;;;21;33
"055001";"Acquasparta";84;0;11;0;3;;;;14;2;4;0;19;;;;25;39
"055001";"Acquasparta";85;0;12;0;4;;;;16;0;5;0;10;;;;15;31
"055001";"Acquasparta";86;0;8;1;1;;;;10;0;0;0;22;;;;22;32
"055001";"Acquasparta";87;1;7;0;3;;;;11;2;2;0;8;;;;12;23
"055001";"Acquasparta";88;1;4;0;3;;;;8;0;2;0;15;;;;17;25
"055001";"Acquasparta";89;1;2;0;1;;;;4;2;1;0;16;;;;19;23
"055001";"Acquasparta";90;0;2;0;1;;;;3;0;2;1;6;;;;9;12
"055001";"Acquasparta";91;1;2;0;3;;;;6;1;0;0;10;;;;11;17
"055001";"Acquasparta";92;1;1;0;3;;;;5;2;1;0;8;;;;11;16
"055001";"Acquasparta";93;0;2;0;0;;;;2;1;0;0;15;;;;16;18
"055001";"Acquasparta";94;0;3;0;3;;;;6;0;0;0;4;;;;4;10
"055001";"Acquasparta";95;0;2;0;1;;;;3;1;0;0;5;;;;6;9
"055001";"Acquasparta";96;0;0;0;0;;;;0;0;0;0;1;;;;1;1
"055001";"Acquasparta";97;0;0;0;0;;;;0;0;0;0;2;;;;2;2
"055001";"Acquasparta";98;0;0;0;0;;;;0;0;0;0;1;;;;1;1
"055001";"Acquasparta";99;0;0;0;0;;;;0;1;0;0;0;;;;1;1
"055001";"Acquasparta";100;0;0;0;0;;;;0;0;0;0;4;;;;4;4
"055001";"Acquasparta";999;1062;958;61;69;;;;2150;887;970;75;333;;;;2265;4415
"055002";"Allerona";0;8;0;0;0;;;;8;5;0;0;0;;;;5;13
"055002";"Allerona";1;2;0;0;0;;;;2;3;0;0;0;;;;3;5
"055002";"Allerona";2;1;0;0;0;;;;1;10;0;0;0;;;;10;11
"055002";"Allerona";3;2;0;0;0;;;;2;1;0;0;0;;;;1;3
"055002";"Allerona";4;9;0;0;0;;;;9;5;0;0;0;;;;5;14
"055002";"Allerona";5;6;0;0;0;;;;6;7;0;0;0;;;;7;13
"055002";"Allerona";6;7;0;0;0;;;;7;5;0;0;0;;;;5;12
"055002";"Allerona";7;4;0;0;0;;;;4;7;0;0;0;;;;7;11
"055002";"Allerona";8;8;0;0;0;;;;8;10;0;0;0;;;;10;18
"055002";"Allerona";9;11;0;0;0;;;;11;6;0;0;0;;;;6;17
"055002";"Allerona";10;10;0;0;0;;;;10;6;0;0;0;;;;6;16
"055002";"Allerona";11;6;0;0;0;;;;6;8;0;0;0;;;;8;14
"055002";"Allerona";12;4;0;0;0;;;;4;9;0;0;0;;;;9;13
"055002";"Allerona";13;9;0;0;0;;;;9;4;0;0;0;;;;4;13
"055002";"Allerona";14;9;0;0;0;;;;9;4;0;0;0;;;;4;13
"055002";"Allerona";15;12;0;0;0;;;;12;3;0;0;0;;;;3;15
"055002";"Allerona";16;7;0;0;0;;;;7;8;0;0;0;;;;8;15
"055002";"Allerona";17;2;0;0;0;;;;2;5;0;0;0;;;;5;7
"055002";"Allerona";18;3;0;0;0;;;;3;8;0;0;0;;;;8;11
"055002";"Allerona";19;7;0;0;0;;;;7;7;0;0;0;;;;7;14
"055002";"Allerona";20;7;0;0;0;;;;7;4;0;0;0;;;;4;11
"055002";"Allerona";21;7;0;0;0;;;;7;4;0;0;0;;;;4;11
"055002";"Allerona";22;8;0;0;0;;;;8;6;0;0;0;;;;6;14
"055002";"Allerona";23;8;0;0;0;;;;8;7;0;0;0;;;;7;15
"055002";"Allerona";24;7;0;0;0;;;;7;7;0;0;0;;;;7;14
"055002";"Allerona";25;8;0;0;0;;;;8;10;0;0;0;;;;10;18
"055002";"Allerona";26;11;0;0;0;;;;11;5;0;0;0;;;;5;16
"055002";"Allerona";27;11;0;0;0;;;;11;9;0;0;0;;;;9;20
"055002";"Allerona";28;9;0;0;0;;;;9;7;1;0;0;;;;8;17
"055002";"Allerona";29;5;0;0;0;;;;5;3;3;0;0;;;;6;11
"055002";"Allerona";30;5;1;0;0;;;;6;4;4;0;0;;;;8;14
"055002";"Allerona";31;6;0;0;0;;;;6;6;2;0;0;;;;8;14
"055002";"Allerona";32;6;1;0;0;;;;7;6;3;0;0;;;;9;16
"055002";"Allerona";33;4;3;0;0;;;;7;5;8;0;0;;;;13;20
"055002";"Allerona";34;6;2;0;0;;;;8;2;7;0;0;;;;9;17
"055002";"Allerona";35;4;6;0;0;;;;10;7;2;1;0;;;;10;20
"055002";"Allerona";36;8;4;0;0;;;;12;6;5;0;0;;;;11;23
"055002";"Allerona";37;6;3;0;0;;;;9;6;4;1;0;;;;11;20
"055002";"Allerona";38;7;5;0;0;;;;12;4;6;0;0;;;;10;22
"055002";"Allerona";39;6;2;0;0;;;;8;4;8;0;0;;;;12;20
"055002";"Allerona";40;5;7;0;0;;;;12;4;3;1;0;;;;8;20
"055002";"Allerona";41;2;8;0;0;;;;10;0;9;0;1;;;;10;20
"055002";"Allerona";42;4;7;1;0;;;;12;7;8;1;0;;;;16;28
"055002";"Allerona";43;8;5;0;0;;;;13;2;5;0;0;;;;7;20
"055002";"Allerona";44;4;7;0;0;;;;11;7;4;0;0;;;;11;22
"055002";"Allerona";45;5;6;0;0;;;;11;2;5;2;0;;;;9;20
"055002";"Allerona";46;5;3;0;0;;;;8;1;6;0;0;;;;7;15
"055002";"Allerona";47;9;4;0;0;;;;13;4;8;0;0;;;;12;25
"055002";"Allerona";48;1;8;0;0;;;;9;2;10;0;0;;;;12;21
"055002";"Allerona";49;1;11;0;0;;;;12;2;13;1;0;;;;16;28
"055002";"Allerona";50;2;9;0;0;;;;11;2;19;0;1;;;;22;33
"055002";"Allerona";51;1;12;1;0;;;;14;3;13;0;1;;;;17;31
"055002";"Allerona";52;3;6;0;0;;;;9;1;17;2;0;;;;20;29
"055002";"Allerona";53;4;12;0;0;;;;16;1;8;0;1;;;;10;26
"055002";"Allerona";54;0;11;0;0;;;;11;1;8;2;1;;;;12;23
"055002";"Allerona";55;3;12;1;0;;;;16;1;4;0;0;;;;5;21
"055002";"Allerona";56;5;8;2;0;;;;15;0;8;0;1;;;;9;24
"055002";"Allerona";57;4;7;0;0;;;;11;2;10;1;0;;;;13;24
"055002";"Allerona";58;3;9;0;0;;;;12;0;10;2;0;;;;12;24
"055002";"Allerona";59;4;8;2;1;;;;15;1;11;3;1;;;;16;31
"055002";"Allerona";60;1;13;1;0;;;;15;2;11;0;2;;;;15;30
"055002";"Allerona";61;2;11;1;0;;;;14;2;12;0;0;;;;14;28
"055002";"Allerona";62;4;12;0;0;;;;16;1;15;2;1;;;;19;35
"055002";"Allerona";63;2;9;0;0;;;;11;0;7;0;0;;;;7;18
"055002";"Allerona";64;0;13;1;0;;;;14;0;12;0;3;;;;15;29
"055002";"Allerona";65;0;9;0;1;;;;10;1;8;1;1;;;;11;21
"055002";"Allerona";66;1;10;2;1;;;;14;0;9;0;1;;;;10;24
"055002";"Allerona";67;0;11;1;0;;;;12;0;8;0;0;;;;8;20
"055002";"Allerona";68;2;8;0;1;;;;11;1;13;0;0;;;;14;25
"055002";"Allerona";69;0;13;0;0;;;;13;1;10;0;3;;;;14;27
"055002";"Allerona";70;0;9;0;1;;;;10;2;7;2;2;;;;13;23
"055002";"Allerona";71;1;14;0;0;;;;15;0;7;1;4;;;;12;27
"055002";"Allerona";72;2;11;0;0;;;;13;0;8;0;3;;;;11;24
"055002";"Allerona";73;2;6;0;0;;;;8;0;9;0;4;;;;13;21
"055002";"Allerona";74;0;11;0;2;;;;13;1;7;1;7;;;;16;29
"055002";"Allerona";75;1;7;1;0;;;;9;0;7;0;4;;;;11;20
"055002";"Allerona";76;1;9;0;0;;;;10;0;8;0;6;;;;14;24
"055002";"Allerona";77;0;5;0;0;;;;5;0;7;0;5;;;;12;17
"055002";"Allerona";78;1;5;0;0;;;;6;0;4;0;2;;;;6;12
"055002";"Allerona";79;1;6;0;1;;;;8;0;3;0;0;;;;3;11
"055002";"Allerona";80;0;3;0;1;;;;4;0;2;0;2;;;;4;8
"055002";"Allerona";81;0;5;0;0;;;;5;1;1;0;5;;;;7;12
"055002";"Allerona";82;0;4;0;2;;;;6;0;1;0;3;;;;4;10
"055002";"Allerona";83;2;7;1;2;;;;12;0;2;0;5;;;;7;19
"055002";"Allerona";84;1;4;0;2;;;;7;0;1;0;5;;;;6;13
"055002";"Allerona";85;1;2;0;2;;;;5;0;1;0;2;;;;3;8
"055002";"Allerona";86;1;1;0;0;;;;2;0;4;0;4;;;;8;10
"055002";"Allerona";87;1;2;0;0;;;;3;0;4;1;9;;;;14;17
"055002";"Allerona";88;0;6;0;1;;;;7;0;0;0;5;;;;5;12
"055002";"Allerona";89;0;3;0;0;;;;3;1;1;0;6;;;;8;11
"055002";"Allerona";90;0;1;0;0;;;;1;0;0;0;6;;;;6;7
"055002";"Allerona";91;0;0;0;2;;;;2;0;0;0;6;;;;6;8
"055002";"Allerona";92;0;1;0;0;;;;1;0;0;0;4;;;;4;5
"055002";"Allerona";93;0;2;0;0;;;;2;0;0;0;2;;;;2;4
"055002";"Allerona";94;0;0;0;1;;;;1;0;0;0;2;;;;2;3
"055002";"Allerona";95;0;0;0;1;;;;1;0;0;0;2;;;;2;3
"055002";"Allerona";96;0;0;0;1;;;;1;0;0;0;2;;;;2;3
"055002";"Allerona";97;0;0;0;0;;;;0;0;0;0;1;;;;1;1
"055002";"Allerona";98;0;0;0;0;;;;0;0;0;0;0;;;;0;0
"055002";"Allerona";99;0;0;0;0;;;;0;0;0;0;1;;;;1;1
"055002";"Allerona";100;0;0;0;0;;;;0;0;0;0;1;;;;1;1
"055002";"Allerona";999;366;420;15;23;;;;824;289;421;25;128;;;;863;1687
"055003";"Alviano";0;5;0;0;0;;;;5;3;0;0;0;;;;3;8
"055003";"Alviano";1;1;0;0;0;;;;1;3;0;0;0;;;;3;4
"055003";"Alviano";2;6;0;0;0;;;;6;1;0;0;0;;;;1;7
"055003";"Alviano";3;5;0;0;0;;;;5;8;0;0;0;;;;8;13
"055003";"Alviano";4;6;0;0;0;;;;6;5;0;0;0;;;;5;11
"055003";"Alviano";5;4;0;0;0;;;;4;7;0;0;0;;;;7;11
"055003";"Alviano";6;5;0;0;0;;;;5;7;0;0;0;;;;7;12
"055003";"Alviano";7;4;0;0;0;;;;4;3;0;0;0;;;;3;7
"055003";"Alviano";8;4;0;0;0;;;;4;8;0;0;0;;;;8;12
"055003";"Alviano";9;1;0;0;0;;;;1;1;0;0;0;;;;1;2
"055003";"Alviano";10;4;0;0;0;;;;4;3;0;0;0;;;;3;7
"055003";"Alviano";11;1;0;0;0;;;;1;1;0;0;0;;;;1;2
"055003";"Alviano";12;6;0;0;0;;;;6;4;0;0;0;;;;4;10
"055003";"Alviano";13;3;0;0;0;;;;3;9;0;0;0;;;;9;12
"055003";"Alviano";14;3;0;0;0;;;;3;2;0;0;0;;;;2;5
"055003";"Alviano";15;7;0;0;0;;;;7;11;0;0;0;;;;11;18
"055003";"Alviano";16;6;0;0;0;;;;6;3;0;0;0;;;;3;9
"055003";"Alviano";17;12;0;0;0;;;;12;6;0;0;0;;;;6;18
"055003";"Alviano";18;10;0;0;0;;;;10;4;0;0;0;;;;4;14
"055003";"Alviano";19;7;0;0;0;;;;7;7;0;0;0;;;;7;14
"055003";"Alviano";20;9;0;0;0;;;;9;7;0;0;0;;;;7;16
"055003";"Alviano";21;12;0;0;0;;;;12;7;0;0;0;;;;7;19
"055003";"Alviano";22;9;0;0;0;;;;9;10;0;0;0;;;;10;19
"055003";"Alviano";23;3;0;0;0;;;;3;7;0;0;0;;;;7;10
"055003";"Alviano";24;5;0;0;0;;;;5;10;1;0;0;;;;11;16
"055003";"Alviano";25;6;0;0;0;;;;6;6;1;0;0;;;;7;13
"055003";"Alviano";26;6;1;0;0;;;;7;9;0;0;0;;;;9;16
"055003";"Alviano";27;4;0;0;0;;;;4;5;1;1;0;;;;7;11
"055003";"Alviano";28;10;0;0;0;;;;10;8;1;0;0;;;;9;19
"055003";"Alviano";29;6;0;0;0;;;;6;4;1;0;0;;;;5;11
"055003";"Alviano";30;8;3;0;0;;;;11;6;4;0;0;;;;10;21
"055003";"Alviano";31;5;0;0;0;;;;5;1;1;0;0;;;;2;7
"055003";"Alviano";32;0;2;0;0;;;;2;4;7;0;0;;;;11;13
"055003";"Alviano";33;6;1;0;0;;;;7;1;2;0;0;;;;3;10
"055003";"Alviano";34;5;2;0;0;;;;7;4;3;0;0;;;;7;14
"055003";"Alviano";35;3;2;0;0;;;;5;2;1;0;0;;;;3;8
"055003";"Alviano";36;4;2;0;0;;;;6;3;3;0;0;;;;6;12
"055003";"Alviano";37;5;2;1;0;;;;8;2;4;0;0;;;;6;14
"055003";"Alviano";38;1;3;0;0;;;;4;0;5;0;0;;;;5;9
"055003";"Alviano";39;1;1;0;0;;;;2;3;1;0;0;;;;4;6
"055003";"Alviano";40;4;1;0;0;;;;5;3;5;2;0;;;;10;15
"055003";"Alviano";41;3;4;0;0;;;;7;3;1;0;0;;;;4;11
"055003";"Alviano";42;1;9;0;0;;;;10;1;7;0;0;;;;8;18
"055003";"Alviano";43;6;4;1;0;;;;11;4;4;0;0;;;;8;19
"055003";"Alviano";44;4;4;0;0;;;;8;2;7;0;0;;;;9;17
"055003";"Alviano";45;3;1;0;0;;;;4;1;3;1;0;;;;5;9
"055003";"Alviano";46;2;5;0;0;;;;7;1;2;1;0;;;;4;11
"055003";"Alviano";47;3;4;2;0;;;;9;0;5;1;1;;;;7;16
"055003";"Alviano";48;3;6;0;0;;;;9;1;6;1;0;;;;8;17
"055003";"Alviano";49;2;7;0;0;;;;9;2;2;0;0;;;;4;13
"055003";"Alviano";50;6;8;0;0;;;;14;1;9;0;1;;;;11;25
"055003";"Alviano";51;0;9;0;0;;;;9;2;14;0;0;;;;16;25
"055003";"Alviano";52;3;6;0;0;;;;9;1;15;1;0;;;;17;26
"055003";"Alviano";53;2;12;0;0;;;;14;5;5;0;0;;;;10;24
"055003";"Alviano";54;2;5;2;0;;;;9;1;10;2;0;;;;13;22
"055003";"Alviano";55;2;10;0;0;;;;12;0;15;0;3;;;;18;30
"055003";"Alviano";56;1;10;0;0;;;;11;2;15;0;0;;;;17;28
"055003";"Alviano";57;3;8;1;0;;;;12;0;9;0;0;;;;9;21
"055003";"Alviano";58;1;13;4;0;;;;18;0;17;0;1;;;;18;36
"055003";"Alviano";59;1;11;0;0;;;;12;0;15;0;0;;;;15;27
"055003";"Alviano";60;1;14;0;0;;;;15;0;15;3;1;;;;19;34
"055003";"Alviano";61;1;10;1;0;;;;12;0;4;0;0;;;;4;16
"055003";"Alviano";62;0;14;0;0;;;;14;0;11;0;1;;;;12;26
"055003";"Alviano";63;0;7;1;0;;;;8;0;10;0;3;;;;13;21
"055003";"Alviano";64;0;11;0;0;;;;11;1;10;0;2;;;;13;24
"055003";"Alviano";65;1;8;0;0;;;;9;1;9;1;0;;;;11;20
"055003";"Alviano";66;1;9;0;0;;;;10;2;9;0;3;;;;14;24
"055003";"Alviano";67;0;8;0;0;;;;8;1;7;0;3;;;;11;19
"055003";"Alviano";68;0;7;0;0;;;;7;0;4;1;1;;;;6;13
"055003";"Alviano";69;0;7;1;1;;;;9;0;7;1;2;;;;10;19
"055003";"Alviano";70;0;10;0;0;;;;10;0;8;0;1;;;;9;19
"055003";"Alviano";71;1;9;1;0;;;;11;0;3;0;2;;;;5;16
"055003";"Alviano";72;0;11;1;1;;;;13;0;2;1;2;;;;5;18
"055003";"Alviano";73;1;6;2;1;;;;10;0;6;0;6;;;;12;22
"055003";"Alviano";74;0;6;0;0;;;;6;0;2;0;1;;;;3;9
"055003";"Alviano";75;2;4;0;0;;;;6;0;1;0;5;;;;6;12
"055003";"Alviano";76;0;7;0;1;;;;8;0;7;0;3;;;;10;18
"055003";"Alviano";77;0;1;0;0;;;;1;0;4;0;4;;;;8;9
"055003";"Alviano";78;0;3;0;1;;;;4;0;2;0;1;;;;3;7
"055003";"Alviano";79;1;3;0;0;;;;4;0;6;1;4;;;;11;15
"055003";"Alviano";80;0;3;0;1;;;;4;0;1;0;3;;;;4;8
"055003";"Alviano";81;0;2;0;1;;;;3;0;1;0;5;;;;6;9
"055003";"Alviano";82;0;4;0;0;;;;4;0;2;0;0;;;;2;6
"055003";"Alviano";83;0;7;0;2;;;;9;0;6;0;5;;;;11;20
"055003";"Alviano";84;0;3;0;1;;;;4;0;6;0;12;;;;18;22
"055003";"Alviano";85;0;2;0;2;;;;4;0;1;1;1;;;;3;7
"055003";"Alviano";86;0;5;0;0;;;;5;0;1;0;3;;;;4;9
"055003";"Alviano";87;0;1;0;0;;;;1;0;1;0;4;;;;5;6
"055003";"Alviano";88;0;3;0;0;;;;3;1;1;1;7;;;;10;13
"055003";"Alviano";89;1;2;1;0;;;;4;1;1;0;3;;;;5;9
"055003";"Alviano";90;0;3;0;0;;;;3;0;0;0;3;;;;3;6
"055003";"Alviano";91;0;1;0;2;;;;3;0;0;0;4;;;;4;7
"055003";"Alviano";92;0;1;0;0;;;;1;0;0;0;3;;;;3;4
"055003";"Alviano";93;0;2;0;0;;;;2;0;2;0;2;;;;4;6
"055003";"Alviano";94;1;0;0;0;;;;1;0;0;0;1;;;;1;2
"055003";"Alviano";95;0;0;0;0;;;;0;0;0;0;0;;;;0;0
"055003";"Alviano";96;0;1;0;0;;;;1;0;0;0;2;;;;2;3
"055003";"Alviano";97;0;0;0;0;;;;0;0;0;0;0;;;;0;0
"055003";"Alviano";98;0;0;0;0;;;;0;0;0;0;0;;;;0;0
"055003";"Alviano";99;0;0;0;0;;;;0;0;0;0;0;;;;0;0
"055003";"Alviano";100;0;0;0;0;;;;0;0;0;0;0;;;;0;0
"055003";"Alviano";999;271;351;19;14;;;;655;232;352;20;109;;;;713;1368
"055004";"Amelia";0;35;0;0;0;;;;35;39;0;0;0;;;;39;74
"055004";"Amelia";1;40;0;0;0;;;;40;29;0;0;0;;;;29;69
"055004";"Amelia";2;40;0;0;0;;;;40;36;0;0;0;;;;36;76
"055004";"Amelia";3;30;0;0;0;;;;30;34;0;0;0;;;;34;64
"055004";"Amelia";4;36;0;0;0;;;;36;41;0;0;0;;;;41;77
"055004";"Amelia";5;38;0;0;0;;;;38;47;0;0;0;;;;47;85
"055004";"Amelia";6;42;0;0;0;;;;42;47;0;0;0;;;;47;89
"055004";"Amelia";7;43;0;0;0;;;;43;43;0;0;0;;;;43;86
"055004";"Amelia";8;42;0;0;0;;;;42;35;0;0;0;;;;35;77
"055004";"Amelia";9;50;0;0;0;;;;50;39;0;0;0;;;;39;89
"055004";"Amelia";10;52;0;0;0;;;;52;51;0;0;0;;;;51;103
"055004";"Amelia";11;44;0;0;0;;;;44;64;0;0;0;;;;64;108
"055004";"Amelia";12;53;0;0;0;;;;53;47;0;0;0;;;;47;100
"055004";"Amelia";13;57;0;0;0;;;;57;54;0;0;0;;;;54;111
"055004";"Amelia";14;53;0;0;0;;;;53;46;0;0;0;;;;46;99
"055004";"Amelia";15;53;0;0;0;;;;53;47;0;0;0;;;;47;100
"055004";"Amelia";16;55;0;0;0;;;;55;52;0;0;0;;;;52;107
"055004";"Amelia";17;58;0;0;0;;;;58;44;0;0;0;;;;44;102
"055004";"Amelia";18;41;0;0;0;;;;41;40;0;0;0;;;;40;81
"055004";"Amelia";19;59;0;0;0;;;;59;52;0;0;0;;;;52;111
"055004";"Amelia";20;68;0;0;0;;;;68;48;0;0;0;;;;48;116
"055004";"Amelia";21;39;0;0;0;;;;39;41;0;0;0;;;;41;80
"055004";"Amelia";22;60;0;0;0;;;;60;49;0;0;0;;;;49;109
"055004";"Amelia";23;40;0;0;0;;;;40;51;0;0;0;;;;51;91
"055004";"Amelia";24;47;1;0;0;;;;48;49;2;0;0;;;;51;99
"055004";"Amelia";25;54;1;0;0;;;;55;49;4;0;0;;;;53;108
"055004";"Amelia";26;63;1;0;0;;;;64;38;2;0;0;;;;40;104
"055004";"Amelia";27;51;0;0;0;;;;51;47;6;0;0;;;;53;104
"055004";"Amelia";28;54;0;0;0;;;;54;51;4;0;0;;;;55;109
"055004";"Amelia";29;44;3;0;0;;;;47;34;12;0;0;;;;46;93
"055004";"Amelia";30;50;7;0;0;;;;57;33;14;0;0;;;;47;104
"055004";"Amelia";31;44;13;0;0;;;;57;37;12;0;0;;;;49;106
"055004";"Amelia";32;53;5;1;0;;;;59;45;12;0;0;;;;57;116
"055004";"Amelia";33;44;8;0;0;;;;52;35;14;0;0;;;;49;101
"055004";"Amelia";34;43;13;0;0;;;;56;33;18;2;0;;;;53;109
"055004";"Amelia";35;48;11;0;0;;;;59;37;21;1;0;;;;59;118
"055004";"Amelia";36;46;11;0;0;;;;57;36;23;0;0;;;;59;116
"055004";"Amelia";37;45;21;1;0;;;;67;35;36;0;0;;;;71;138
"055004";"Amelia";38;43;19;0;0;;;;62;25;26;0;0;;;;51;113
"055004";"Amelia";39;47;25;1;0;;;;73;35;28;1;0;;;;64;137
"055004";"Amelia";40;32;28;1;0;;;;61;32;36;0;0;;;;68;129
"055004";"Amelia";41;34;28;1;0;;;;63;23;38;1;1;;;;63;126
"055004";"Amelia";42;36;26;3;0;;;;65;32;47;2;0;;;;81;146
"055004";"Amelia";43;38;46;0;0;;;;84;17;51;0;0;;;;68;152
"055004";"Amelia";44;43;35;3;0;;;;81;29;57;2;0;;;;88;169
"055004";"Amelia";45;28;53;1;0;;;;82;19;37;3;1;;;;60;142
"055004";"Amelia";46;44;49;3;0;;;;96;30;51;3;1;;;;85;181
"055004";"Amelia";47;37;45;3;0;;;;85;19;70;8;0;;;;97;182
"055004";"Amelia";48;36;55;3;0;;;;94;18;64;4;0;;;;86;180
"055004";"Amelia";49;28;61;5;0;;;;94;18;79;5;2;;;;104;198
"055004";"Amelia";50;38;66;9;0;;;;113;21;60;3;0;;;;84;197
"055004";"Amelia";51;22;61;4;0;;;;87;21;64;6;2;;;;93;180
"055004";"Amelia";52;20;42;4;0;;;;66;12;73;4;0;;;;89;155
"055004";"Amelia";53;25;65;12;0;;;;102;18;66;12;2;;;;98;200
"055004";"Amelia";54;29;57;5;1;;;;92;19;64;2;5;;;;90;182
"055004";"Amelia";55;23;64;8;1;;;;96;19;68;14;0;;;;101;197
"055004";"Amelia";56;25;73;6;0;;;;104;15;65;12;3;;;;95;199
"055004";"Amelia";57;25;58;7;1;;;;91;16;72;12;5;;;;105;196
"055004";"Amelia";58;18;67;8;2;;;;95;15;72;7;7;;;;101;196
"055004";"Amelia";59;11;72;6;1;;;;90;13;79;8;8;;;;108;198
"055004";"Amelia";60;9;69;12;0;;;;90;13;63;9;5;;;;90;180
"055004";"Amelia";61;11;70;7;2;;;;90;6;64;8;7;;;;85;175
"055004";"Amelia";62;11;66;7;2;;;;86;9;67;5;8;;;;89;175
"055004";"Amelia";63;9;78;10;3;;;;100;13;70;6;8;;;;97;197
"055004";"Amelia";64;4;73;4;0;;;;81;9;46;7;6;;;;68;149
"055004";"Amelia";65;9;64;5;3;;;;81;9;60;6;4;;;;79;160
"055004";"Amelia";66;10;51;9;2;;;;72;13;57;7;11;;;;88;160
"055004";"Amelia";67;9;61;3;4;;;;77;7;59;2;10;;;;78;155
"055004";"Amelia";68;6;60;4;2;;;;72;8;65;4;9;;;;86;158
"055004";"Amelia";69;2;62;4;3;;;;71;8;57;1;13;;;;79;150
"055004";"Amelia";70;9;52;4;2;;;;67;8;41;1;12;;;;62;129
"055004";"Amelia";71;6;55;4;1;;;;66;2;56;2;16;;;;76;142
"055004";"Amelia";72;10;49;4;2;;;;65;7;59;3;14;;;;83;148
"055004";"Amelia";73;5;68;2;8;;;;83;11;45;2;17;;;;75;158
"055004";"Amelia";74;9;58;5;5;;;;77;3;50;0;13;;;;66;143
"055004";"Amelia";75;6;51;5;3;;;;65;5;40;2;26;;;;73;138
"055004";"Amelia";76;5;61;1;13;;;;80;7;37;3;24;;;;71;151
"055004";"Amelia";77;2;36;0;4;;;;42;1;41;1;22;;;;65;107
"055004";"Amelia";78;4;44;3;11;;;;62;7;29;2;35;;;;73;135
"055004";"Amelia";79;3;39;2;5;;;;49;2;45;1;26;;;;74;123
"055004";"Amelia";80;2;43;0;5;;;;50;3;16;2;28;;;;49;99
"055004";"Amelia";81;3;36;0;7;;;;46;2;26;0;33;;;;61;107
"055004";"Amelia";82;2;32;1;5;;;;40;2;24;0;40;;;;66;106
"055004";"Amelia";83;5;41;1;4;;;;51;2;20;2;30;;;;54;105
"055004";"Amelia";84;4;34;1;5;;;;44;0;25;1;30;;;;56;100
"055004";"Amelia";85;3;19;0;9;;;;31;1;19;1;39;;;;60;91
"055004";"Amelia";86;0;23;0;2;;;;25;1;9;0;33;;;;43;68
"055004";"Amelia";87;3;13;0;5;;;;21;1;3;0;46;;;;50;71
"055004";"Amelia";88;1;10;0;5;;;;16;0;3;1;8;;;;12;28
"055004";"Amelia";89;0;17;0;6;;;;23;0;6;0;34;;;;40;63
"055004";"Amelia";90;1;12;1;4;;;;18;2;7;0;20;;;;29;47
"055004";"Amelia";91;0;12;0;6;;;;18;1;2;0;17;;;;20;38
"055004";"Amelia";92;0;8;0;5;;;;13;0;2;0;19;;;;21;34
"055004";"Amelia";93;1;5;0;4;;;;10;1;0;0;19;;;;20;30
"055004";"Amelia";94;0;5;0;5;;;;10;0;0;0;14;;;;14;24
"055004";"Amelia";95;0;1;0;2;;;;3;0;0;0;7;;;;7;10
"055004";"Amelia";96;0;2;0;2;;;;4;1;0;0;8;;;;9;13
"055004";"Amelia";97;0;0;0;0;;;;0;0;0;0;4;;;;4;4
"055004";"Amelia";98;0;1;0;0;;;;1;0;0;0;3;;;;3;4
"055004";"Amelia";99;0;0;0;0;;;;0;0;0;0;2;;;;2;2
"055004";"Amelia";100;0;0;0;0;;;;0;0;0;0;3;;;;3;3
"055004";"Amelia";999;2660;2671;194;162;;;;5687;2266;2660;191;760;;;;5877;11564
"055005";"Arrone";0;3;0;0;0;;;;3;8;0;0;0;;;;8;11
"055005";"Arrone";1;6;0;0;0;;;;6;11;0;0;0;;;;11;17
"055005";"Arrone";2;2;0;0;0;;;;2;4;0;0;0;;;;4;6
"055005";"Arrone";3;8;0;0;0;;;;8;8;0;0;0;;;;8;16
"055005";"Arrone";4;8;0;0;0;;;;8;11;0;0;0;;;;11;19
"055005";"Arrone";5;12;0;0;0;;;;12;8;0;0;0;;;;8;20
"055005";"Arrone";6;12;0;0;0;;;;12;9;0;0;0;;;;9;21
"055005";"Arrone";7;7;0;0;0;;;;7;10;0;0;0;;;;10;17
"055005";"Arrone";8;7;0;0;0;;;;7;11;0;0;0;;;;11;18
"055005";"Arrone";9;5;0;0;0;;;;5;7;0;0;0;;;;7;12
"055005";"Arrone";10;12;0;0;0;;;;12;5;0;0;0;;;;5;17
"055005";"Arrone";11;13;0;0;0;;;;13;4;0;0;0;;;;4;17
"055005";"Arrone";12;9;0;0;0;;;;9;9;0;0;0;;;;9;18
"055005";"Arrone";13;15;0;0;0;;;;15;13;0;0;0;;;;13;28
"055005";"Arrone";14;10;0;0;0;;;;10;8;0;0;0;;;;8;18
"055005";"Arrone";15;13;0;0;0;;;;13;15;0;0;0;;;;15;28
"055005";"Arrone";16;9;0;0;0;;;;9;10;0;0;0;;;;10;19
"055005";"Arrone";17;11;0;0;0;;;;11;10;0;0;0;;;;10;21
"055005";"Arrone";18;11;0;0;0;;;;11;17;0;0;0;;;;17;28
"055005";"Arrone";19;13;0;0;0;;;;13;9;1;0;0;;;;10;23
"055005";"Arrone";20;14;0;0;0;;;;14;9;0;0;0;;;;9;23
"055005";"Arrone";21;8;0;0;0;;;;8;11;0;0;0;;;;11;19
"055005";"Arrone";22;13;0;0;0;;;;13;11;0;0;0;;;;11;24
"055005";"Arrone";23;13;1;0;0;;;;14;9;0;0;0;;;;9;23
"055005";"Arrone";24;14;0;0;0;;;;14;9;2;0;0;;;;11;25
"055005";"Arrone";25;13;0;0;0;;;;13;11;0;0;0;;;;11;24
"055005";"Arrone";26;14;1;0;0;;;;15;13;1;0;0;;;;14;29
"055005";"Arrone";27;17;0;0;0;;;;17;16;0;0;0;;;;16;33
"055005";"Arrone";28;12;0;0;0;;;;12;6;2;0;0;;;;8;20
"055005";"Arrone";29;12;2;0;0;;;;14;3;2;0;0;;;;5;19
"055005";"Arrone";30;9;2;0;0;;;;11;7;1;0;0;;;;8;19
"055005";"Arrone";31;11;3;0;0;;;;14;12;4;0;0;;;;16;30
"055005";"Arrone";32;8;1;0;0;;;;9;8;2;0;0;;;;10;19
"055005";"Arrone";33;8;2;0;0;;;;10;8;6;0;0;;;;14;24
"055005";"Arrone";34;11;4;0;0;;;;15;8;9;0;0;;;;17;32
"055005";"Arrone";35;10;3;0;0;;;;13;4;3;0;0;;;;7;20
"055005";"Arrone";36;10;4;0;0;;;;14;6;6;0;0;;;;12;26
"055005";"Arrone";37;5;3;0;0;;;;8;6;7;0;0;;;;13;21
"055005";"Arrone";38;7;3;1;1;;;;12;5;3;1;0;;;;9;21
"055005";"Arrone";39;4;6;0;0;;;;10;8;7;1;0;;;;16;26
"055005";"Arrone";40;8;15;1;0;;;;24;4;7;0;0;;;;11;35
"055005";"Arrone";41;8;12;0;0;;;;20;7;10;1;0;;;;18;38
"055005";"Arrone";42;13;9;0;0;;;;22;5;6;1;0;;;;12;34
"055005";"Arrone";43;9;6;0;0;;;;15;5;9;0;0;;;;14;29
"055005";"Arrone";44;3;11;0;0;;;;14;4;13;1;0;;;;18;32
"055005";"Arrone";45;6;9;1;0;;;;16;6;18;2;0;;;;26;42
"055005";"Arrone";46;7;7;0;0;;;;14;4;14;3;0;;;;21;35
"055005";"Arrone";47;3;15;1;0;;;;19;1;18;3;0;;;;22;41
"055005";"Arrone";48;7;6;3;0;;;;16;3;6;1;0;;;;10;26
"055005";"Arrone";49;8;15;2;0;;;;25;4;17;5;0;;;;26;51
"055005";"Arrone";50;7;12;0;0;;;;19;7;12;0;2;;;;21;40
"055005";"Arrone";51;3;11;0;0;;;;14;9;14;3;0;;;;26;40
"055005";"Arrone";52;5;10;2;0;;;;17;5;14;2;1;;;;22;39
"055005";"Arrone";53;5;10;1;0;;;;16;4;16;2;1;;;;23;39
"055005";"Arrone";54;6;13;0;0;;;;19;2;22;4;0;;;;28;47
"055005";"Arrone";55;3;15;0;0;;;;18;2;13;3;3;;;;21;39
"055005";"Arrone";56;1;14;2;0;;;;17;5;19;3;1;;;;28;45
"055005";"Arrone";57;3;26;2;0;;;;31;4;15;1;1;;;;21;52
"055005";"Arrone";58;3;14;1;0;;;;18;2;17;1;4;;;;24;42
"055005";"Arrone";59;2;20;1;1;;;;24;0;13;1;0;;;;14;38
"055005";"Arrone";60;2;14;2;0;;;;18;3;18;0;3;;;;24;42
"055005";"Arrone";61;2;18;0;0;;;;20;0;14;0;0;;;;14;34
"055005";"Arrone";62;1;17;0;1;;;;19;1;11;0;0;;;;12;31
"055005";"Arrone";63;1;16;0;0;;;;17;1;15;1;2;;;;19;36
"055005";"Arrone";64;1;13;0;1;;;;15;0;17;4;6;;;;27;42
"055005";"Arrone";65;2;15;1;0;;;;18;2;9;0;3;;;;14;32
"055005";"Arrone";66;0;15;1;0;;;;16;2;13;2;5;;;;22;38
"055005";"Arrone";67;1;10;1;0;;;;12;3;8;0;3;;;;14;26
"055005";"Arrone";68;3;11;2;2;;;;18;1;14;1;0;;;;16;34
"055005";"Arrone";69;0;18;0;0;;;;18;3;10;1;1;;;;15;33
"055005";"Arrone";70;0;10;2;1;;;;13;1;13;1;2;;;;17;30
"055005";"Arrone";71;0;10;0;1;;;;11;1;9;2;1;;;;13;24
"055005";"Arrone";72;3;9;2;0;;;;14;2;12;2;5;;;;21;35
"055005";"Arrone";73;1;16;2;4;;;;23;1;7;0;3;;;;11;34
"055005";"Arrone";74;2;14;0;2;;;;18;4;17;0;6;;;;27;45
"055005";"Arrone";75;1;16;0;0;;;;17;0;6;0;7;;;;13;30
"055005";"Arrone";76;0;15;0;0;;;;15;0;13;0;7;;;;20;35
"055005";"Arrone";77;0;8;0;1;;;;9;1;9;2;2;;;;14;23
"055005";"Arrone";78;1;5;1;1;;;;8;3;8;0;5;;;;16;24
"055005";"Arrone";79;2;17;0;1;;;;20;1;8;1;7;;;;17;37
"055005";"Arrone";80;1;14;0;0;;;;15;0;5;0;3;;;;8;23
"055005";"Arrone";81;0;11;0;1;;;;12;3;10;0;5;;;;18;30
"055005";"Arrone";82;1;8;0;3;;;;12;0;9;0;5;;;;14;26
"055005";"Arrone";83;0;2;0;2;;;;4;0;10;0;10;;;;20;24
"055005";"Arrone";84;0;2;0;4;;;;6;1;2;0;9;;;;12;18
"055005";"Arrone";85;1;3;0;1;;;;5;1;2;0;10;;;;13;18
"055005";"Arrone";86;1;5;2;0;;;;8;0;2;0;5;;;;7;15
"055005";"Arrone";87;1;6;0;3;;;;10;1;4;0;11;;;;16;26
"055005";"Arrone";88;1;3;0;1;;;;5;0;1;0;8;;;;9;14
"055005";"Arrone";89;0;3;0;2;;;;5;1;0;0;7;;;;8;13
"055005";"Arrone";90;0;5;0;1;;;;6;0;0;0;7;;;;7;13
"055005";"Arrone";91;0;4;0;0;;;;4;1;0;0;3;;;;4;8
"055005";"Arrone";92;0;0;0;2;;;;2;0;1;0;4;;;;5;7
"055005";"Arrone";93;0;0;0;0;;;;0;2;0;0;2;;;;4;4
"055005";"Arrone";94;0;0;0;1;;;;1;0;0;0;6;;;;6;7
"055005";"Arrone";95;1;0;0;1;;;;2;0;0;0;2;;;;2;4
"055005";"Arrone";96;0;0;0;1;;;;1;0;0;0;2;;;;2;3
"055005";"Arrone";97;0;0;0;1;;;;1;0;0;0;3;;;;3;4
"055005";"Arrone";98;0;0;0;0;;;;0;0;0;0;0;;;;0;0
"055005";"Arrone";99;0;0;0;0;;;;0;0;0;0;0;;;;0;0
"055005";"Arrone";100;0;0;0;0;;;;0;0;0;0;0;;;;0;0
"055005";"Arrone";999;539;618;34;41;;;;1232;480;606;56;183;;;;1325;2557
"055006";"Attigliano";0;6;0;0;0;;;;6;5;0;0;0;;;;5;11
"055006";"Attigliano";1;6;0;0;0;;;;6;8;0;0;0;;;;8;14
"055006";"Attigliano";2;9;0;0;0;;;;9;10;0;0;0;;;;10;19
"055006";"Attigliano";3;8;0;0;0;;;;8;8;0;0;0;;;;8;16
"055006";"Attigliano";4;8;0;0;0;;;;8;11;0;0;0;;;;11;19
"055006";"Attigliano";5;3;0;0;0;;;;3;10;0;0;0;;;;10;13
"055006";"Attigliano";6;7;0;0;0;;;;7;4;0;0;0;;;;4;11
"055006";"Attigliano";7;5;0;0;0;;;;5;5;0;0;0;;;;5;10
"055006";"Attigliano";8;10;0;0;0;;;;10;8;0;0;0;;;;8;18
"055006";"Attigliano";9;8;0;0;0;;;;8;6;0;0;0;;;;6;14
"055006";"Attigliano";10;10;0;0;0;;;;10;10;0;0;0;;;;10;20
"055006";"Attigliano";11;11;0;0;0;;;;11;11;0;0;0;;;;11;22
"055006";"Attigliano";12;9;0;0;0;;;;9;6;0;0;0;;;;6;15
"055006";"Attigliano";13;7;0;0;0;;;;7;5;0;0;0;;;;5;12
"055006";"Attigliano";14;13;0;0;0;;;;13;9;0;0;0;;;;9;22
"055006";"Attigliano";15;9;0;0;0;;;;9;11;0;0;0;;;;11;20
"055006";"Attigliano";16;6;0;0;0;;;;6;5;0;0;0;;;;5;11
"055006";"Attigliano";17;11;0;0;0;;;;11;5;0;0;0;;;;5;16
"055006";"Attigliano";18;6;0;0;0;;;;6;5;0;0;0;;;;5;11
"055006";"Attigliano";19;10;0;0;0;;;;10;5;0;0;0;;;;5;15
"055006";"Attigliano";20;7;0;0;0;;;;7;9;0;0;0;;;;9;16
"055006";"Attigliano";21;10;0;0;0;;;;10;15;0;0;0;;;;15;25
"055006";"Attigliano";22;13;0;0;0;;;;13;11;0;0;0;;;;11;24
"055006";"Attigliano";23;7;1;0;0;;;;8;6;0;0;0;;;;6;14
"055006";"Attigliano";24;14;0;0;0;;;;14;9;0;0;0;;;;9;23
"055006";"Attigliano";25;11;0;0;0;;;;11;7;2;0;0;;;;9;20
"055006";"Attigliano";26;7;0;0;0;;;;7;5;0;0;0;;;;5;12
"055006";"Attigliano";27;8;0;0;0;;;;8;11;0;0;0;;;;11;19
"055006";"Attigliano";28;10;1;0;0;;;;11;4;0;0;0;;;;4;15
"055006";"Attigliano";29;7;0;0;0;;;;7;8;3;0;0;;;;11;18
"055006";"Attigliano";30;8;1;0;0;;;;9;3;3;0;0;;;;6;15
"055006";"Attigliano";31;7;0;0;0;;;;7;10;4;0;0;;;;14;21
"055006";"Attigliano";32;3;2;0;0;;;;5;5;2;0;0;;;;7;12
"055006";"Attigliano";33;7;4;0;0;;;;11;10;2;0;0;;;;12;23
"055006";"Attigliano";34;11;3;0;0;;;;14;3;3;0;0;;;;6;20
"055006";"Attigliano";35;7;0;0;0;;;;7;3;3;0;0;;;;6;13
"055006";"Attigliano";36;10;6;0;0;;;;16;7;11;0;0;;;;18;34
"055006";"Attigliano";37;10;1;0;0;;;;11;5;6;0;0;;;;11;22
"055006";"Attigliano";38;4;1;0;0;;;;5;7;7;0;0;;;;14;19
"055006";"Attigliano";39;9;7;0;0;;;;16;12;7;0;0;;;;19;35
"055006";"Attigliano";40;12;8;0;0;;;;20;7;10;0;0;;;;17;37
"055006";"Attigliano";41;10;1;0;0;;;;11;7;8;1;0;;;;16;27
"055006";"Attigliano";42;10;8;0;0;;;;18;3;8;1;0;;;;12;30
"055006";"Attigliano";43;8;4;1;0;;;;13;5;9;0;0;;;;14;27
"055006";"Attigliano";44;11;11;0;0;;;;22;3;9;3;0;;;;15;37
"055006";"Attigliano";45;8;10;3;0;;;;21;3;5;0;0;;;;8;29
"055006";"Attigliano";46;9;6;1;0;;;;16;6;8;1;0;;;;15;31
"055006";"Attigliano";47;6;11;0;0;;;;17;3;9;1;0;;;;13;30
"055006";"Attigliano";48;4;9;1;0;;;;14;7;9;0;0;;;;16;30
"055006";"Attigliano";49;11;9;0;0;;;;20;4;15;1;2;;;;22;42
"055006";"Attigliano";50;3;5;0;0;;;;8;4;8;2;0;;;;14;22
"055006";"Attigliano";51;2;13;1;0;;;;16;4;9;2;0;;;;15;31
"055006";"Attigliano";52;3;6;0;0;;;;9;4;4;2;2;;;;12;21
"055006";"Attigliano";53;6;12;0;0;;;;18;2;10;1;0;;;;13;31
"055006";"Attigliano";54;2;11;1;0;;;;14;0;19;2;0;;;;21;35
"055006";"Attigliano";55;0;6;0;0;;;;6;4;12;2;1;;;;19;25
"055006";"Attigliano";56;6;10;3;0;;;;19;3;14;1;1;;;;19;38
"055006";"Attigliano";57;5;17;1;1;;;;24;2;18;0;0;;;;20;44
"055006";"Attigliano";58;2;11;1;0;;;;14;1;13;3;0;;;;17;31
"055006";"Attigliano";59;0;20;2;0;;;;22;2;15;0;2;;;;19;41
"055006";"Attigliano";60;1;8;1;0;;;;10;2;9;2;1;;;;14;24
"055006";"Attigliano";61;2;13;0;0;;;;15;1;12;0;4;;;;17;32
"055006";"Attigliano";62;2;13;1;1;;;;17;2;10;1;1;;;;14;31
"055006";"Attigliano";63;3;8;0;1;;;;12;1;9;1;0;;;;11;23
"055006";"Attigliano";64;2;10;0;0;;;;12;3;13;1;3;;;;20;32
"055006";"Attigliano";65;3;7;0;0;;;;10;0;6;0;0;;;;6;16
"055006";"Attigliano";66;1;8;1;0;;;;10;0;7;2;4;;;;13;23
"055006";"Attigliano";67;1;10;0;0;;;;11;2;7;1;1;;;;11;22
"055006";"Attigliano";68;4;9;0;1;;;;14;0;8;1;7;;;;16;30
"055006";"Attigliano";69;2;6;0;0;;;;8;0;13;2;4;;;;19;27
"055006";"Attigliano";70;1;10;1;0;;;;12;2;7;1;2;;;;12;24
"055006";"Attigliano";71;2;8;1;0;;;;11;1;6;0;1;;;;8;19
"055006";"Attigliano";72;1;8;0;0;;;;9;0;6;0;3;;;;9;18
"055006";"Attigliano";73;1;11;1;1;;;;14;0;6;0;3;;;;9;23
"055006";"Attigliano";74;1;14;0;0;;;;15;1;8;0;4;;;;13;28
"055006";"Attigliano";75;1;6;0;0;;;;7;0;5;1;5;;;;11;18
"055006";"Attigliano";76;0;9;0;1;;;;10;0;5;0;1;;;;6;16
"055006";"Attigliano";77;0;10;1;0;;;;11;0;9;0;4;;;;13;24
"055006";"Attigliano";78;1;1;0;0;;;;2;0;1;0;5;;;;6;8
"055006";"Attigliano";79;1;4;0;1;;;;6;2;1;0;2;;;;5;11
"055006";"Attigliano";80;0;4;0;0;;;;4;0;3;0;3;;;;6;10
"055006";"Attigliano";81;0;11;0;2;;;;13;1;6;0;10;;;;17;30
"055006";"Attigliano";82;1;3;0;1;;;;5;0;2;0;5;;;;7;12
"055006";"Attigliano";83;0;4;0;1;;;;5;1;4;0;7;;;;12;17
"055006";"Attigliano";84;0;5;0;3;;;;8;0;5;0;4;;;;9;17
"055006";"Attigliano";85;0;4;0;0;;;;4;0;0;1;7;;;;8;12
"055006";"Attigliano";86;2;4;1;0;;;;7;0;3;0;2;;;;5;12
"055006";"Attigliano";87;0;4;0;1;;;;5;0;1;0;4;;;;5;10
"055006";"Attigliano";88;0;3;0;1;;;;4;0;2;0;6;;;;8;12
"055006";"Attigliano";89;0;1;0;1;;;;2;0;2;0;7;;;;9;11
"055006";"Attigliano";90;0;2;0;0;;;;2;0;0;0;2;;;;2;4
"055006";"Attigliano";91;1;0;0;0;;;;1;0;0;0;2;;;;2;3
"055006";"Attigliano";92;0;0;0;1;;;;1;0;0;0;3;;;;3;4
"055006";"Attigliano";93;0;0;0;1;;;;1;0;0;0;2;;;;2;3
"055006";"Attigliano";94;0;0;0;1;;;;1;0;0;0;3;;;;3;4
"055006";"Attigliano";95;0;0;0;0;;;;0;0;0;0;0;;;;0;0
"055006";"Attigliano";96;0;1;0;0;;;;1;0;0;0;2;;;;2;3
"055006";"Attigliano";97;0;0;0;0;;;;0;0;0;0;1;;;;1;1
"055006";"Attigliano";98;0;0;0;0;;;;0;0;0;0;1;;;;1;1
"055006";"Attigliano";99;0;0;0;0;;;;0;0;0;0;0;;;;0;0
"055006";"Attigliano";100;0;0;0;0;;;;0;0;0;0;0;;;;0;0
"055006";"Attigliano";999;484;434;23;20;;;;961;390;441;37;134;;;;1002;1963
"055033";"Avigliano Umbro";0;4;0;0;0;;;;4;9;0;0;0;;;;9;13
"055033";"Avigliano Umbro";1;6;0;0;0;;;;6;6;0;0;0;;;;6;12
"055033";"Avigliano Umbro";2;9;0;0;0;;;;9;3;0;0;0;;;;3;12
"055033";"Avigliano Umbro";3;5;0;0;0;;;;5;4;0;0;0;;;;4;9
"055033";"Avigliano Umbro";4;11;0;0;0;;;;11;9;0;0;0;;;;9;20
"055033";"Avigliano Umbro";5;8;0;0;0;;;;8;10;0;0;0;;;;10;18
"055033";"Avigliano Umbro";6;17;0;0;0;;;;17;1;0;0;0;;;;1;18
"055033";"Avigliano Umbro";7;11;0;0;0;;;;11;5;0;0;0;;;;5;16
"055033";"Avigliano Umbro";8;13;0;0;0;;;;13;12;0;0;0;;;;12;25
"055033";"Avigliano Umbro";9;14;0;0;0;;;;14;7;0;0;0;;;;7;21
"055033";"Avigliano Umbro";10;12;0;0;0;;;;12;11;0;0;0;;;;11;23
"055033";"Avigliano Umbro";11;7;0;0;0;;;;7;10;0;0;0;;;;10;17
"055033";"Avigliano Umbro";12;14;0;0;0;;;;14;8;0;0;0;;;;8;22
"055033";"Avigliano Umbro";13;12;0;0;0;;;;12;6;0;0;0;;;;6;18
"055033";"Avigliano Umbro";14;12;0;0;0;;;;12;14;0;0;0;;;;14;26
"055033";"Avigliano Umbro";15;11;0;0;0;;;;11;14;0;0;0;;;;14;25
"055033";"Avigliano Umbro";16;11;0;0;0;;;;11;8;0;0;0;;;;8;19
"055033";"Avigliano Umbro";17;13;0;0;0;;;;13;10;0;0;0;;;;10;23
"055033";"Avigliano Umbro";18;14;0;0;0;;;;14;7;0;0;0;;;;7;21
"055033";"Avigliano Umbro";19;15;0;0;0;;;;15;9;0;0;0;;;;9;24
"055033";"Avigliano Umbro";20;10;0;0;0;;;;10;11;0;0;0;;;;11;21
"055033";"Avigliano Umbro";21;11;0;0;0;;;;11;13;0;0;0;;;;13;24
"055033";"Avigliano Umbro";22;8;0;0;0;;;;8;7;0;0;0;;;;7;15
"055033";"Avigliano Umbro";23;15;0;0;0;;;;15;18;0;0;0;;;;18;33
"055033";"Avigliano Umbro";24;8;0;0;0;;;;8;7;0;0;0;;;;7;15
"055033";"Avigliano Umbro";25;22;0;0;0;;;;22;7;1;0;0;;;;8;30
"055033";"Avigliano Umbro";26;7;0;0;0;;;;7;6;1;0;0;;;;7;14
"055033";"Avigliano Umbro";27;14;0;0;0;;;;14;6;0;0;0;;;;6;20
"055033";"Avigliano Umbro";28;10;0;0;0;;;;10;4;0;0;0;;;;4;14
"055033";"Avigliano Umbro";29;6;1;0;0;;;;7;4;2;0;0;;;;6;13
"055033";"Avigliano Umbro";30;12;1;0;0;;;;13;6;2;0;0;;;;8;21
"055033";"Avigliano Umbro";31;7;1;0;0;;;;8;5;2;0;0;;;;7;15
"055033";"Avigliano Umbro";32;9;1;0;0;;;;10;7;7;0;0;;;;14;24
"055033";"Avigliano Umbro";33;3;0;0;0;;;;3;9;5;0;0;;;;14;17
"055033";"Avigliano Umbro";34;7;1;0;0;;;;8;6;6;0;0;;;;12;20
"055033";"Avigliano Umbro";35;7;6;0;0;;;;13;4;2;0;0;;;;6;19
"055033";"Avigliano Umbro";36;11;3;0;0;;;;14;7;9;1;0;;;;17;31
"055033";"Avigliano Umbro";37;9;4;0;0;;;;13;7;7;0;0;;;;14;27
"055033";"Avigliano Umbro";38;10;11;0;0;;;;21;2;10;0;0;;;;12;33
"055033";"Avigliano Umbro";39;9;6;0;0;;;;15;8;10;0;0;;;;18;33
"055033";"Avigliano Umbro";40;5;9;0;0;;;;14;1;12;0;0;;;;13;27
"055033";"Avigliano Umbro";41;5;7;0;0;;;;12;3;9;1;0;;;;13;25
"055033";"Avigliano Umbro";42;8;13;0;0;;;;21;1;14;0;0;;;;15;36
"055033";"Avigliano Umbro";43;5;10;0;0;;;;15;7;11;1;0;;;;19;34
"055033";"Avigliano Umbro";44;10;5;0;0;;;;15;6;6;0;0;;;;12;27
"055033";"Avigliano Umbro";45;13;13;0;0;;;;26;4;7;0;1;;;;12;38
"055033";"Avigliano Umbro";46;6;6;1;0;;;;13;1;13;1;0;;;;15;28
"055033";"Avigliano Umbro";47;4;7;0;0;;;;11;2;17;0;0;;;;19;30
"055033";"Avigliano Umbro";48;0;22;1;0;;;;23;3;12;1;0;;;;16;39
"055033";"Avigliano Umbro";49;4;11;1;0;;;;16;2;22;1;0;;;;25;41
"055033";"Avigliano Umbro";50;7;7;0;0;;;;14;1;17;2;1;;;;21;35
"055033";"Avigliano Umbro";51;3;20;1;0;;;;24;1;6;0;1;;;;8;32
"055033";"Avigliano Umbro";52;6;14;0;0;;;;20;2;12;1;1;;;;16;36
"055033";"Avigliano Umbro";53;2;11;2;0;;;;15;2;19;0;0;;;;21;36
"055033";"Avigliano Umbro";54;1;25;0;1;;;;27;2;14;3;0;;;;19;46
"055033";"Avigliano Umbro";55;6;6;3;0;;;;15;1;14;2;0;;;;17;32
"055033";"Avigliano Umbro";56;2;11;0;0;;;;13;1;17;0;3;;;;21;34
"055033";"Avigliano Umbro";57;3;13;0;1;;;;17;2;16;1;2;;;;21;38
"055033";"Avigliano Umbro";58;2;12;1;0;;;;15;3;21;2;0;;;;26;41
"055033";"Avigliano Umbro";59;4;14;0;0;;;;18;0;15;0;2;;;;17;35
"055033";"Avigliano Umbro";60;1;12;1;0;;;;14;1;16;0;1;;;;18;32
"055033";"Avigliano Umbro";61;3;13;0;0;;;;16;0;20;0;1;;;;21;37
"055033";"Avigliano Umbro";62;2;18;0;0;;;;20;0;12;1;1;;;;14;34
"055033";"Avigliano Umbro";63;0;23;0;0;;;;23;0;13;0;4;;;;17;40
"055033";"Avigliano Umbro";64;1;17;0;0;;;;18;1;23;0;0;;;;24;42
"055033";"Avigliano Umbro";65;1;13;0;0;;;;14;0;8;0;1;;;;9;23
"055033";"Avigliano Umbro";66;1;9;1;0;;;;11;3;18;1;2;;;;24;35
"055033";"Avigliano Umbro";67;2;11;1;1;;;;15;1;20;0;3;;;;24;39
"055033";"Avigliano Umbro";68;0;14;0;1;;;;15;0;13;0;0;;;;13;28
"055033";"Avigliano Umbro";69;2;23;1;0;;;;26;2;3;0;2;;;;7;33
"055033";"Avigliano Umbro";70;0;8;0;1;;;;9;0;17;2;2;;;;21;30
"055033";"Avigliano Umbro";71;1;13;0;1;;;;15;1;20;0;2;;;;23;38
"055033";"Avigliano Umbro";72;0;16;0;0;;;;16;0;6;0;3;;;;9;25
"055033";"Avigliano Umbro";73;0;9;0;2;;;;11;1;12;1;5;;;;19;30
"055033";"Avigliano Umbro";74;0;13;0;2;;;;15;0;18;0;5;;;;23;38
"055033";"Avigliano Umbro";75;0;13;0;0;;;;13;0;10;1;5;;;;16;29
"055033";"Avigliano Umbro";76;4;16;0;3;;;;23;0;11;0;7;;;;18;41
"055033";"Avigliano Umbro";77;2;12;0;1;;;;15;0;4;0;6;;;;10;25
"055033";"Avigliano Umbro";78;0;14;0;1;;;;15;1;10;0;5;;;;16;31
"055033";"Avigliano Umbro";79;3;12;0;1;;;;16;0;5;0;4;;;;9;25
"055033";"Avigliano Umbro";80;1;11;1;1;;;;14;0;0;1;5;;;;6;20
"055033";"Avigliano Umbro";81;0;7;0;4;;;;11;0;3;0;6;;;;9;20
"055033";"Avigliano Umbro";82;1;1;1;0;;;;3;0;3;0;6;;;;9;12
"055033";"Avigliano Umbro";83;0;8;0;2;;;;10;0;2;0;7;;;;9;19
"055033";"Avigliano Umbro";84;1;6;0;1;;;;8;0;2;0;8;;;;10;18
"055033";"Avigliano Umbro";85;1;5;1;2;;;;9;0;3;0;7;;;;10;19
"055033";"Avigliano Umbro";86;1;1;0;2;;;;4;0;3;0;10;;;;13;17
"055033";"Avigliano Umbro";87;0;2;0;1;;;;3;0;0;0;9;;;;9;12
"055033";"Avigliano Umbro";88;1;3;0;1;;;;5;0;1;0;7;;;;8;13
"055033";"Avigliano Umbro";89;1;2;0;1;;;;4;0;0;0;2;;;;2;6
"055033";"Avigliano Umbro";90;0;1;0;0;;;;1;0;0;0;6;;;;6;7
"055033";"Avigliano Umbro";91;0;0;0;1;;;;1;0;0;0;4;;;;4;5
"055033";"Avigliano Umbro";92;0;3;0;0;;;;3;0;1;0;7;;;;8;11
"055033";"Avigliano Umbro";93;0;0;0;3;;;;3;0;0;0;4;;;;4;7
"055033";"Avigliano Umbro";94;0;0;0;0;;;;0;0;0;0;5;;;;5;5
"055033";"Avigliano Umbro";95;0;1;0;0;;;;1;0;0;0;2;;;;2;3
"055033";"Avigliano Umbro";96;0;0;0;1;;;;1;0;0;0;1;;;;1;2
"055033";"Avigliano Umbro";97;0;0;0;0;;;;0;0;0;0;1;;;;1;1
"055033";"Avigliano Umbro";98;0;0;0;0;;;;0;0;0;0;0;;;;0;0
"055033";"Avigliano Umbro";99;0;0;0;0;;;;0;0;0;0;0;;;;0;0
"055033";"Avigliano Umbro";100;0;0;0;0;;;;0;0;0;0;0;;;;0;0
"055033";"Avigliano Umbro";999;540;601;17;36;;;;1194;363;615;24;167;;;;1169;2363
"055007";"Baschi";0;4;0;0;0;;;;4;4;0;0;0;;;;4;8
"055007";"Baschi";1;4;0;0;0;;;;4;8;0;0;0;;;;8;12
"055007";"Baschi";2;7;0;0;0;;;;7;9;0;0;0;;;;9;16
"055007";"Baschi";3;4;0;0;0;;;;4;10;0;0;0;;;;10;14
"055007";"Baschi";4;8;0;0;0;;;;8;9;0;0;0;;;;9;17
"055007";"Baschi";5;10;0;0;0;;;;10;12;0;0;0;;;;12;22
"055007";"Baschi";6;11;0;0;0;;;;11;14;0;0;0;;;;14;25
"055007";"Baschi";7;8;0;0;0;;;;8;11;0;0;0;;;;11;19
"055007";"Baschi";8;7;0;0;0;;;;7;6;0;0;0;;;;6;13
"055007";"Baschi";9;8;0;0;0;;;;8;6;0;0;0;;;;6;14
"055007";"Baschi";10;12;0;0;0;;;;12;6;0;0;0;;;;6;18
"055007";"Baschi";11;14;0;0;0;;;;14;12;0;0;0;;;;12;26
"055007";"Baschi";12;20;0;0;0;;;;20;10;0;0;0;;;;10;30
"055007";"Baschi";13;10;0;0;0;;;;10;9;0;0;0;;;;9;19
"055007";"Baschi";14;9;0;0;0;;;;9;12;0;0;0;;;;12;21
"055007";"Baschi";15;13;0;0;0;;;;13;13;0;0;0;;;;13;26
"055007";"Baschi";16;17;0;0;0;;;;17;17;0;0;0;;;;17;34
"055007";"Baschi";17;12;0;0;0;;;;12;12;0;0;0;;;;12;24
"055007";"Baschi";18;9;0;0;0;;;;9;7;0;0;0;;;;7;16
"055007";"Baschi";19;9;0;0;0;;;;9;8;0;0;0;;;;8;17
"055007";"Baschi";20;18;0;0;0;;;;18;8;0;0;0;;;;8;26
"055007";"Baschi";21;12;0;0;0;;;;12;11;1;0;0;;;;12;24
"055007";"Baschi";22;12;0;0;0;;;;12;12;0;0;0;;;;12;24
"055007";"Baschi";23;12;0;0;0;;;;12;7;2;0;0;;;;9;21
"055007";"Baschi";24;11;0;0;0;;;;11;4;0;0;0;;;;4;15
"055007";"Baschi";25;14;0;0;0;;;;14;7;0;0;0;;;;7;21
"055007";"Baschi";26;8;0;0;0;;;;8;8;1;0;0;;;;9;17
"055007";"Baschi";27;10;0;0;0;;;;10;6;0;0;0;;;;6;16
"055007";"Baschi";28;5;0;0;0;;;;5;10;1;0;0;;;;11;16
"055007";"Baschi";29;9;0;0;0;;;;9;10;2;0;0;;;;12;21
"055007";"Baschi";30;7;2;0;0;;;;9;8;3;0;0;;;;11;20
"055007";"Baschi";31;6;0;0;0;;;;6;3;3;0;0;;;;6;12
"055007";"Baschi";32;7;3;0;0;;;;10;9;2;0;0;;;;11;21
"055007";"Baschi";33;13;0;0;0;;;;13;11;4;0;0;;;;15;28
"055007";"Baschi";34;8;4;0;0;;;;12;7;4;0;0;;;;11;23
"055007";"Baschi";35;6;2;0;0;;;;8;3;4;1;0;;;;8;16
"055007";"Baschi";36;6;3;0;0;;;;9;6;7;0;0;;;;13;22
"055007";"Baschi";37;12;6;0;0;;;;18;7;6;0;0;;;;13;31
"055007";"Baschi";38;7;3;0;0;;;;10;4;6;1;0;;;;11;21
"055007";"Baschi";39;8;7;0;0;;;;15;9;12;0;0;;;;21;36
"055007";"Baschi";40;6;4;0;0;;;;10;7;11;1;0;;;;19;29
"055007";"Baschi";41;4;4;0;0;;;;8;7;8;0;0;;;;15;23
"055007";"Baschi";42;8;6;0;0;;;;14;4;10;0;0;;;;14;28
"055007";"Baschi";43;8;13;1;0;;;;22;5;13;0;0;;;;18;40
"055007";"Baschi";44;2;8;0;0;;;;10;3;14;1;1;;;;19;29
"055007";"Baschi";45;9;10;1;0;;;;20;4;14;0;0;;;;18;38
"055007";"Baschi";46;9;10;1;0;;;;20;3;8;1;0;;;;12;32
"055007";"Baschi";47;6;9;0;0;;;;15;6;8;2;0;;;;16;31
"055007";"Baschi";48;10;10;0;0;;;;20;4;13;0;1;;;;18;38
"055007";"Baschi";49;6;13;2;0;;;;21;1;14;3;0;;;;18;39
"055007";"Baschi";50;9;16;0;1;;;;26;4;10;3;0;;;;17;43
"055007";"Baschi";51;8;12;0;0;;;;20;10;10;0;0;;;;20;40
"055007";"Baschi";52;10;12;2;1;;;;25;3;13;1;0;;;;17;42
"055007";"Baschi";53;7;20;3;0;;;;30;4;18;0;2;;;;24;54
"055007";"Baschi";54;6;20;1;1;;;;28;4;15;0;0;;;;19;47
"055007";"Baschi";55;7;8;1;1;;;;17;6;14;0;0;;;;20;37
"055007";"Baschi";56;8;8;4;0;;;;20;2;23;1;1;;;;27;47
"055007";"Baschi";57;3;14;2;0;;;;19;4;18;2;1;;;;25;44
"055007";"Baschi";58;6;4;0;0;;;;10;3;10;2;1;;;;16;26
"055007";"Baschi";59;2;19;3;0;;;;24;3;12;1;1;;;;17;41
"055007";"Baschi";60;5;10;2;0;;;;17;2;17;0;2;;;;21;38
"055007";"Baschi";61;5;12;1;0;;;;18;2;18;2;2;;;;24;42
"055007";"Baschi";62;2;21;1;1;;;;25;3;15;0;0;;;;18;43
"055007";"Baschi";63;2;20;3;1;;;;26;1;12;0;3;;;;16;42
"055007";"Baschi";64;5;6;1;0;;;;12;1;9;2;3;;;;15;27
"055007";"Baschi";65;2;13;1;0;;;;16;1;10;1;4;;;;16;32
"055007";"Baschi";66;4;22;2;0;;;;28;1;17;0;1;;;;19;47
"055007";"Baschi";67;2;11;0;0;;;;13;3;19;1;5;;;;28;41
"055007";"Baschi";68;5;8;3;0;;;;16;2;13;1;1;;;;17;33
"055007";"Baschi";69;2;11;0;0;;;;13;2;13;2;3;;;;20;33
"055007";"Baschi";70;2;14;3;0;;;;19;1;11;0;3;;;;15;34
"055007";"Baschi";71;2;15;2;0;;;;19;1;18;0;5;;;;24;43
"055007";"Baschi";72;1;15;0;1;;;;17;1;12;1;2;;;;16;33
"055007";"Baschi";73;1;18;5;1;;;;25;5;9;1;4;;;;19;44
"055007";"Baschi";74;1;21;1;0;;;;23;2;11;0;6;;;;19;42
"055007";"Baschi";75;3;15;0;3;;;;21;0;11;0;3;;;;14;35
"055007";"Baschi";76;3;12;1;0;;;;16;0;11;1;7;;;;19;35
"055007";"Baschi";77;2;8;0;0;;;;10;1;8;1;7;;;;17;27
"055007";"Baschi";78;1;6;0;2;;;;9;2;4;1;5;;;;12;21
"055007";"Baschi";79;1;13;0;1;;;;15;1;7;1;5;;;;14;29
"055007";"Baschi";80;1;9;1;1;;;;12;0;12;0;5;;;;17;29
"055007";"Baschi";81;2;6;0;1;;;;9;2;4;1;6;;;;13;22
"055007";"Baschi";82;2;3;0;1;;;;6;0;4;0;12;;;;16;22
"055007";"Baschi";83;0;14;0;2;;;;16;2;5;0;14;;;;21;37
"055007";"Baschi";84;1;9;0;0;;;;10;1;7;0;8;;;;16;26
"055007";"Baschi";85;2;5;1;2;;;;10;2;1;0;8;;;;11;21
"055007";"Baschi";86;2;5;0;2;;;;9;2;2;0;6;;;;10;19
"055007";"Baschi";87;0;4;0;3;;;;7;0;4;0;7;;;;11;18
"055007";"Baschi";88;2;7;0;3;;;;12;0;1;0;8;;;;9;21
"055007";"Baschi";89;0;3;0;0;;;;3;0;3;0;5;;;;8;11
"055007";"Baschi";90;0;4;0;0;;;;4;0;0;0;5;;;;5;9
"055007";"Baschi";91;1;4;0;2;;;;7;0;1;1;4;;;;6;13
"055007";"Baschi";92;0;2;0;1;;;;3;0;0;0;10;;;;10;13
"055007";"Baschi";93;0;3;0;0;;;;3;1;0;0;5;;;;6;9
"055007";"Baschi";94;0;1;0;0;;;;1;0;1;0;7;;;;8;9
"055007";"Baschi";95;0;1;0;0;;;;1;0;0;0;4;;;;4;5
"055007";"Baschi";96;0;0;0;0;;;;0;0;0;0;0;;;;0;0
"055007";"Baschi";97;0;1;0;0;;;;1;0;0;0;2;;;;2;3
"055007";"Baschi";98;0;0;0;0;;;;0;0;0;0;0;;;;0;0
"055007";"Baschi";99;0;1;0;0;;;;1;0;0;0;0;;;;0;1
"055007";"Baschi";100;0;0;0;0;;;;0;0;0;0;1;;;;1;1
"055007";"Baschi";999;585;603;49;32;;;;1269;474;604;37;196;;;;1311;2580
"055008";"Calvi dell'Umbria";0;2;0;0;0;;;;2;3;0;0;0;;;;3;5
"055008";"Calvi dell'Umbria";1;7;0;0;0;;;;7;6;0;0;0;;;;6;13
"055008";"Calvi dell'Umbria";2;5;0;0;0;;;;5;3;0;0;0;;;;3;8
"055008";"Calvi dell'Umbria";3;2;0;0;0;;;;2;4;0;0;0;;;;4;6
"055008";"Calvi dell'Umbria";4;0;0;0;0;;;;0;3;0;0;0;;;;3;3
"055008";"Calvi dell'Umbria";5;5;0;0;0;;;;5;2;0;0;0;;;;2;7
"055008";"Calvi dell'Umbria";6;4;0;0;0;;;;4;7;0;0;0;;;;7;11
"055008";"Calvi dell'Umbria";7;5;0;0;0;;;;5;1;0;0;0;;;;1;6
"055008";"Calvi dell'Umbria";8;4;0;0;0;;;;4;4;0;0;0;;;;4;8
"055008";"Calvi dell'Umbria";9;6;0;0;0;;;;6;12;0;0;0;;;;12;18
"055008";"Calvi dell'Umbria";10;3;0;0;0;;;;3;6;0;0;0;;;;6;9
"055008";"Calvi dell'Umbria";11;8;0;0;0;;;;8;7;0;0;0;;;;7;15
"055008";"Calvi dell'Umbria";12;2;0;0;0;;;;2;6;0;0;0;;;;6;8
"055008";"Calvi dell'Umbria";13;8;0;0;0;;;;8;5;0;0;0;;;;5;13
"055008";"Calvi dell'Umbria";14;6;0;0;0;;;;6;8;0;0;0;;;;8;14
"055008";"Calvi dell'Umbria";15;8;0;0;0;;;;8;7;0;0;0;;;;7;15
"055008";"Calvi dell'Umbria";16;6;0;0;0;;;;6;6;0;0;0;;;;6;12
"055008";"Calvi dell'Umbria";17;8;0;0;0;;;;8;5;0;0;0;;;;5;13
"055008";"Calvi dell'Umbria";18;2;0;0;0;;;;2;5;0;0;0;;;;5;7
"055008";"Calvi dell'Umbria";19;3;0;0;0;;;;3;6;0;0;0;;;;6;9
"055008";"Calvi dell'Umbria";20;8;0;0;0;;;;8;3;0;0;0;;;;3;11
"055008";"Calvi dell'Umbria";21;7;0;0;0;;;;7;7;0;0;0;;;;7;14
"055008";"Calvi dell'Umbria";22;3;0;0;0;;;;3;13;0;0;0;;;;13;16
"055008";"Calvi dell'Umbria";23;11;0;0;0;;;;11;7;0;0;0;;;;7;18
"055008";"Calvi dell'Umbria";24;2;0;0;0;;;;2;4;0;0;0;;;;4;6
"055008";"Calvi dell'Umbria";25;10;0;0;0;;;;10;7;0;0;0;;;;7;17
"055008";"Calvi dell'Umbria";26;11;0;0;0;;;;11;4;0;0;0;;;;4;15
"055008";"Calvi dell'Umbria";27;4;0;0;0;;;;4;8;1;0;0;;;;9;13
"055008";"Calvi dell'Umbria";28;9;0;0;0;;;;9;6;1;0;0;;;;7;16
"055008";"Calvi dell'Umbria";29;8;1;0;0;;;;9;8;4;0;0;;;;12;21
"055008";"Calvi dell'Umbria";30;7;1;0;0;;;;8;9;0;0;0;;;;9;17
"055008";"Calvi dell'Umbria";31;10;1;0;0;;;;11;10;1;0;0;;;;11;22
"055008";"Calvi dell'Umbria";32;6;0;0;0;;;;6;7;1;0;0;;;;8;14
"055008";"Calvi dell'Umbria";33;9;2;0;0;;;;11;10;1;0;0;;;;11;22
"055008";"Calvi dell'Umbria";34;6;3;0;0;;;;9;2;5;0;0;;;;7;16
"055008";"Calvi dell'Umbria";35;3;1;1;0;;;;5;3;4;2;0;;;;9;14
"055008";"Calvi dell'Umbria";36;6;1;0;0;;;;7;7;6;0;0;;;;13;20
"055008";"Calvi dell'Umbria";37;7;2;0;0;;;;9;4;3;0;0;;;;7;16
"055008";"Calvi dell'Umbria";38;4;1;0;0;;;;5;1;5;1;0;;;;7;12
"055008";"Calvi dell'Umbria";39;5;2;0;0;;;;7;4;8;0;0;;;;12;19
"055008";"Calvi dell'Umbria";40;5;7;0;0;;;;12;3;5;0;0;;;;8;20
"055008";"Calvi dell'Umbria";41;5;6;0;0;;;;11;3;4;0;0;;;;7;18
"055008";"Calvi dell'Umbria";42;2;6;0;0;;;;8;1;4;2;0;;;;7;15
"055008";"Calvi dell'Umbria";43;2;8;0;0;;;;10;2;6;0;0;;;;8;18
"055008";"Calvi dell'Umbria";44;3;4;1;0;;;;8;4;6;0;0;;;;10;18
"055008";"Calvi dell'Umbria";45;7;3;1;0;;;;11;1;6;0;0;;;;7;18
"055008";"Calvi dell'Umbria";46;4;8;0;0;;;;12;4;5;0;0;;;;9;21
"055008";"Calvi dell'Umbria";47;3;8;2;0;;;;13;2;11;0;0;;;;13;26
"055008";"Calvi dell'Umbria";48;2;8;0;0;;;;10;3;10;0;0;;;;13;23
"055008";"Calvi dell'Umbria";49;6;10;0;0;;;;16;4;6;0;2;;;;12;28
"055008";"Calvi dell'Umbria";50;1;3;0;0;;;;4;4;8;0;0;;;;12;16
"055008";"Calvi dell'Umbria";51;5;7;0;0;;;;12;1;11;1;0;;;;13;25
"055008";"Calvi dell'Umbria";52;4;9;1;0;;;;14;2;11;1;0;;;;14;28
"055008";"Calvi dell'Umbria";53;2;7;0;0;;;;9;2;13;2;0;;;;17;26
"055008";"Calvi dell'Umbria";54;3;12;0;0;;;;15;5;9;1;0;;;;15;30
"055008";"Calvi dell'Umbria";55;1;9;1;0;;;;11;1;10;0;0;;;;11;22
"055008";"Calvi dell'Umbria";56;2;12;2;1;;;;17;3;5;3;0;;;;11;28
"055008";"Calvi dell'Umbria";57;2;13;1;0;;;;16;4;14;2;1;;;;21;37
"055008";"Calvi dell'Umbria";58;4;10;0;0;;;;14;1;14;2;0;;;;17;31
"055008";"Calvi dell'Umbria";59;1;12;0;0;;;;13;3;9;0;0;;;;12;25
"055008";"Calvi dell'Umbria";60;6;15;0;0;;;;21;2;13;1;1;;;;17;38
"055008";"Calvi dell'Umbria";61;1;11;0;1;;;;13;3;13;1;1;;;;18;31
"055008";"Calvi dell'Umbria";62;1;14;2;0;;;;17;3;12;0;1;;;;16;33
"055008";"Calvi dell'Umbria";63;0;13;0;0;;;;13;3;12;1;0;;;;16;29
"055008";"Calvi dell'Umbria";64;2;7;1;2;;;;12;0;7;0;2;;;;9;21
"055008";"Calvi dell'Umbria";65;3;15;1;1;;;;20;1;9;0;1;;;;11;31
"055008";"Calvi dell'Umbria";66;1;5;0;0;;;;6;1;8;1;2;;;;12;18
"055008";"Calvi dell'Umbria";67;2;14;1;0;;;;17;0;7;1;2;;;;10;27
"055008";"Calvi dell'Umbria";68;1;9;0;0;;;;10;0;10;0;4;;;;14;24
"055008";"Calvi dell'Umbria";69;2;13;0;0;;;;15;1;7;0;1;;;;9;24
"055008";"Calvi dell'Umbria";70;1;11;0;0;;;;12;0;6;1;2;;;;9;21
"055008";"Calvi dell'Umbria";71;2;7;1;0;;;;10;3;14;0;4;;;;21;31
"055008";"Calvi dell'Umbria";72;1;7;3;1;;;;12;1;6;0;4;;;;11;23
"055008";"Calvi dell'Umbria";73;0;10;1;1;;;;12;0;7;0;4;;;;11;23
"055008";"Calvi dell'Umbria";74;5;12;2;1;;;;20;0;5;0;5;;;;10;30
"055008";"Calvi dell'Umbria";75;2;9;1;0;;;;12;0;6;0;3;;;;9;21
"055008";"Calvi dell'Umbria";76;1;10;0;0;;;;11;2;7;0;1;;;;10;21
"055008";"Calvi dell'Umbria";77;0;8;0;3;;;;11;0;6;1;6;;;;13;24
"055008";"Calvi dell'Umbria";78;0;5;0;1;;;;6;1;5;0;2;;;;8;14
"055008";"Calvi dell'Umbria";79;0;5;0;1;;;;6;0;6;0;4;;;;10;16
"055008";"Calvi dell'Umbria";80;0;9;1;1;;;;11;0;3;2;2;;;;7;18
"055008";"Calvi dell'Umbria";81;0;5;0;0;;;;5;0;4;0;5;;;;9;14
"055008";"Calvi dell'Umbria";82;1;6;0;2;;;;9;2;4;0;2;;;;8;17
"055008";"Calvi dell'Umbria";83;0;5;0;2;;;;7;1;6;0;3;;;;10;17
"055008";"Calvi dell'Umbria";84;1;5;2;3;;;;11;2;2;1;4;;;;9;20
"055008";"Calvi dell'Umbria";85;1;5;1;1;;;;8;0;4;0;6;;;;10;18
"055008";"Calvi dell'Umbria";86;1;7;0;1;;;;9;0;1;0;10;;;;11;20
"055008";"Calvi dell'Umbria";87;0;5;0;0;;;;5;0;2;1;10;;;;13;18
"055008";"Calvi dell'Umbria";88;0;4;0;3;;;;7;0;0;0;3;;;;3;10
"055008";"Calvi dell'Umbria";89;0;3;0;1;;;;4;0;2;0;6;;;;8;12
"055008";"Calvi dell'Umbria";90;0;2;0;2;;;;4;0;2;0;2;;;;4;8
"055008";"Calvi dell'Umbria";91;0;4;0;2;;;;6;0;0;0;3;;;;3;9
"055008";"Calvi dell'Umbria";92;0;0;0;3;;;;3;0;1;0;5;;;;6;9
"055008";"Calvi dell'Umbria";93;0;0;0;1;;;;1;0;0;0;2;;;;2;3
"055008";"Calvi dell'Umbria";94;0;0;0;0;;;;0;0;0;0;3;;;;3;3
"055008";"Calvi dell'Umbria";95;0;1;0;0;;;;1;0;0;0;1;;;;1;2
"055008";"Calvi dell'Umbria";96;0;0;0;1;;;;1;0;0;0;1;;;;1;2
"055008";"Calvi dell'Umbria";97;0;0;0;0;;;;0;0;0;0;0;;;;0;0
"055008";"Calvi dell'Umbria";98;0;0;0;0;;;;0;0;0;0;2;;;;2;2
"055008";"Calvi dell'Umbria";99;0;0;0;0;;;;0;0;0;0;0;;;;0;0
"055008";"Calvi dell'Umbria";100;0;0;0;0;;;;0;0;0;0;1;;;;1;1
"055008";"Calvi dell'Umbria";999;329;438;27;36;;;;830;309;404;28;124;;;;865;1695
"055009";"Castel Giorgio";0;7;0;0;0;;;;7;7;0;0;0;;;;7;14
"055009";"Castel Giorgio";1;3;0;0;0;;;;3;3;0;0;0;;;;3;6
"055009";"Castel Giorgio";2;10;0;0;0;;;;10;2;0;0;0;;;;2;12
"055009";"Castel Giorgio";3;5;0;0;0;;;;5;9;0;0;0;;;;9;14
"055009";"Castel Giorgio";4;7;0;0;0;;;;7;8;0;0;0;;;;8;15
"055009";"Castel Giorgio";5;6;0;0;0;;;;6;4;0;0;0;;;;4;10
"055009";"Castel Giorgio";6;10;0;0;0;;;;10;6;0;0;0;;;;6;16
"055009";"Castel Giorgio";7;2;0;0;0;;;;2;6;0;0;0;;;;6;8
"055009";"Castel Giorgio";8;4;0;0;0;;;;4;7;0;0;0;;;;7;11
"055009";"Castel Giorgio";9;12;0;0;0;;;;12;5;0;0;0;;;;5;17
"055009";"Castel Giorgio";10;6;0;0;0;;;;6;3;0;0;0;;;;3;9
"055009";"Castel Giorgio";11;7;0;0;0;;;;7;8;0;0;0;;;;8;15
"055009";"Castel Giorgio";12;9;0;0;0;;;;9;8;0;0;0;;;;8;17
"055009";"Castel Giorgio";13;4;0;0;0;;;;4;6;0;0;0;;;;6;10
"055009";"Castel Giorgio";14;8;0;0;0;;;;8;4;0;0;0;;;;4;12
"055009";"Castel Giorgio";15;3;0;0;0;;;;3;9;0;0;0;;;;9;12
"055009";"Castel Giorgio";16;5;0;0;0;;;;5;6;0;0;0;;;;6;11
"055009";"Castel Giorgio";17;7;0;0;0;;;;7;10;0;0;0;;;;10;17
"055009";"Castel Giorgio";18;9;0;0;0;;;;9;7;0;0;0;;;;7;16
"055009";"Castel Giorgio";19;11;0;0;0;;;;11;7;0;0;0;;;;7;18
"055009";"Castel Giorgio";20;3;0;0;0;;;;3;9;0;0;0;;;;9;12
"055009";"Castel Giorgio";21;6;0;0;0;;;;6;10;0;0;0;;;;10;16
"055009";"Castel Giorgio";22;9;0;0;0;;;;9;6;0;0;0;;;;6;15
"055009";"Castel Giorgio";23;9;0;0;0;;;;9;11;0;0;0;;;;11;20
"055009";"Castel Giorgio";24;6;0;0;0;;;;6;7;0;0;0;;;;7;13
"055009";"Castel Giorgio";25;8;0;0;0;;;;8;7;0;0;0;;;;7;15
"055009";"Castel Giorgio";26;5;0;0;0;;;;5;8;0;0;0;;;;8;13
"055009";"Castel Giorgio";27;5;1;0;0;;;;6;7;0;0;0;;;;7;13
"055009";"Castel Giorgio";28;3;0;0;0;;;;3;9;1;1;0;;;;11;14
"055009";"Castel Giorgio";29;4;0;0;0;;;;4;7;1;0;0;;;;8;12
"055009";"Castel Giorgio";30;11;0;0;0;;;;11;5;1;0;0;;;;6;17
"055009";"Castel Giorgio";31;11;1;0;0;;;;12;6;0;0;0;;;;6;18
"055009";"Castel Giorgio";32;9;0;0;0;;;;9;7;2;0;0;;;;9;18
"055009";"Castel Giorgio";33;6;0;0;0;;;;6;6;3;0;0;;;;9;15
"055009";"Castel Giorgio";34;11;4;0;0;;;;15;5;6;0;0;;;;11;26
"055009";"Castel Giorgio";35;8;6;0;0;;;;14;1;1;0;0;;;;2;16
"055009";"Castel Giorgio";36;11;3;0;0;;;;14;3;11;0;0;;;;14;28
"055009";"Castel Giorgio";37;5;5;1;0;;;;11;8;9;0;0;;;;17;28
"055009";"Castel Giorgio";38;5;6;0;0;;;;11;2;8;0;0;;;;10;21
"055009";"Castel Giorgio";39;4;7;0;0;;;;11;5;7;0;0;;;;12;23
"055009";"Castel Giorgio";40;8;5;0;0;;;;13;1;7;0;0;;;;8;21
"055009";"Castel Giorgio";41;3;3;1;0;;;;7;5;6;0;0;;;;11;18
"055009";"Castel Giorgio";42;4;6;0;0;;;;10;1;8;0;0;;;;9;19
"055009";"Castel Giorgio";43;5;10;0;0;;;;15;4;5;0;0;;;;9;24
"055009";"Castel Giorgio";44;7;6;0;0;;;;13;10;7;0;0;;;;17;30
"055009";"Castel Giorgio";45;6;8;0;0;;;;14;7;7;0;0;;;;14;28
"055009";"Castel Giorgio";46;6;6;0;0;;;;12;6;10;0;0;;;;16;28
"055009";"Castel Giorgio";47;6;6;0;0;;;;12;7;8;1;0;;;;16;28
"055009";"Castel Giorgio";48;4;5;0;0;;;;9;2;11;0;0;;;;13;22
"055009";"Castel Giorgio";49;5;12;1;0;;;;18;1;12;1;0;;;;14;32
"055009";"Castel Giorgio";50;3;6;1;1;;;;11;4;13;2;0;;;;19;30
"055009";"Castel Giorgio";51;9;10;0;0;;;;19;3;9;3;0;;;;15;34
"055009";"Castel Giorgio";52;3;13;0;0;;;;16;1;10;1;1;;;;13;29
"055009";"Castel Giorgio";53;2;10;0;1;;;;13;2;12;1;0;;;;15;28
"055009";"Castel Giorgio";54;2;8;2;0;;;;12;6;2;2;0;;;;10;22
"055009";"Castel Giorgio";55;3;6;0;0;;;;9;1;16;1;0;;;;18;27
"055009";"Castel Giorgio";56;3;12;0;0;;;;15;5;12;0;1;;;;18;33
"055009";"Castel Giorgio";57;3;9;0;0;;;;12;1;6;1;0;;;;8;20
"055009";"Castel Giorgio";58;2;8;0;0;;;;10;2;14;1;0;;;;17;27
"055009";"Castel Giorgio";59;3;8;0;0;;;;11;2;15;3;2;;;;22;33
"055009";"Castel Giorgio";60;1;9;0;0;;;;10;4;12;0;0;;;;16;26
"055009";"Castel Giorgio";61;4;16;1;1;;;;22;0;11;0;3;;;;14;36
"055009";"Castel Giorgio";62;2;9;0;0;;;;11;1;19;0;0;;;;20;31
"055009";"Castel Giorgio";63;3;7;0;0;;;;10;1;16;0;1;;;;18;28
"055009";"Castel Giorgio";64;3;12;2;1;;;;18;1;11;0;1;;;;13;31
"055009";"Castel Giorgio";65;3;16;2;1;;;;22;1;9;1;4;;;;15;37
"055009";"Castel Giorgio";66;0;16;0;0;;;;16;4;4;3;3;;;;14;30
"055009";"Castel Giorgio";67;0;8;0;1;;;;9;0;14;0;7;;;;21;30
"055009";"Castel Giorgio";68;2;15;3;1;;;;21;1;18;0;2;;;;21;42
"055009";"Castel Giorgio";69;4;13;0;0;;;;17;1;10;2;3;;;;16;33
"055009";"Castel Giorgio";70;3;9;1;0;;;;13;1;14;0;4;;;;19;32
"055009";"Castel Giorgio";71;2;15;0;1;;;;18;0;8;0;3;;;;11;29
"055009";"Castel Giorgio";72;3;8;3;0;;;;14;0;4;0;7;;;;11;25
"055009";"Castel Giorgio";73;3;11;0;2;;;;16;1;10;1;7;;;;19;35
"055009";"Castel Giorgio";74;4;20;0;0;;;;24;0;12;0;4;;;;16;40
"055009";"Castel Giorgio";75;0;8;0;3;;;;11;0;12;1;8;;;;21;32
"055009";"Castel Giorgio";76;0;8;1;0;;;;9;1;11;0;2;;;;14;23
"055009";"Castel Giorgio";77;1;10;1;0;;;;12;0;11;0;3;;;;14;26
"055009";"Castel Giorgio";78;0;7;0;2;;;;9;0;7;0;8;;;;15;24
"055009";"Castel Giorgio";79;0;9;0;0;;;;9;0;7;0;6;;;;13;22
"055009";"Castel Giorgio";80;0;8;1;2;;;;11;0;5;0;6;;;;11;22
"055009";"Castel Giorgio";81;1;10;0;0;;;;11;2;6;0;7;;;;15;26
"055009";"Castel Giorgio";82;3;8;0;1;;;;12;0;4;0;3;;;;7;19
"055009";"Castel Giorgio";83;0;7;0;2;;;;9;0;3;0;3;;;;6;15
"055009";"Castel Giorgio";84;0;6;0;2;;;;8;0;3;0;5;;;;8;16
"055009";"Castel Giorgio";85;1;6;0;1;;;;8;0;7;0;5;;;;12;20
"055009";"Castel Giorgio";86;0;5;0;3;;;;8;0;4;0;11;;;;15;23
"055009";"Castel Giorgio";87;0;4;0;3;;;;7;0;0;0;9;;;;9;16
"055009";"Castel Giorgio";88;0;4;0;1;;;;5;0;1;0;12;;;;13;18
"055009";"Castel Giorgio";89;1;4;0;1;;;;6;1;3;0;13;;;;17;23
"055009";"Castel Giorgio";90;1;4;0;1;;;;6;0;2;0;6;;;;8;14
"055009";"Castel Giorgio";91;1;2;0;0;;;;3;1;0;0;14;;;;15;18
"055009";"Castel Giorgio";92;0;0;0;1;;;;1;0;0;0;4;;;;4;5
"055009";"Castel Giorgio";93;0;0;0;0;;;;0;0;0;0;7;;;;7;7
"055009";"Castel Giorgio";94;0;0;0;0;;;;0;0;0;0;7;;;;7;7
"055009";"Castel Giorgio";95;0;1;0;0;;;;1;1;0;0;2;;;;3;4
"055009";"Castel Giorgio";96;0;1;0;0;;;;1;0;0;0;1;;;;1;2
"055009";"Castel Giorgio";97;0;0;0;0;;;;0;0;0;0;4;;;;4;4
"055009";"Castel Giorgio";98;0;0;0;0;;;;0;0;0;0;2;;;;2;2
"055009";"Castel Giorgio";99;0;0;0;0;;;;0;0;0;0;1;;;;1;1
"055009";"Castel Giorgio";100;0;0;0;2;;;;2;0;0;0;1;;;;1;3
"055009";"Castel Giorgio";999;407;486;21;35;;;;949;347;498;26;203;;;;1074;2023
"055010";"Castel Viscardo";0;4;0;0;0;;;;4;11;0;0;0;;;;11;15
"055010";"Castel Viscardo";1;9;0;0;0;;;;9;3;0;0;0;;;;3;12
"055010";"Castel Viscardo";2;6;0;0;0;;;;6;7;0;0;0;;;;7;13
"055010";"Castel Viscardo";3;8;0;0;0;;;;8;9;0;0;0;;;;9;17
"055010";"Castel Viscardo";4;8;0;0;0;;;;8;11;0;0;0;;;;11;19
"055010";"Castel Viscardo";5;6;0;0;0;;;;6;5;0;0;0;;;;5;11
"055010";"Castel Viscardo";6;4;0;0;0;;;;4;9;0;0;0;;;;9;13
"055010";"Castel Viscardo";7;5;0;0;0;;;;5;11;0;0;0;;;;11;16
"055010";"Castel Viscardo";8;10;0;0;0;;;;10;8;0;0;0;;;;8;18
"055010";"Castel Viscardo";9;11;0;0;0;;;;11;7;0;0;0;;;;7;18
"055010";"Castel Viscardo";10;7;0;0;0;;;;7;8;0;0;0;;;;8;15
"055010";"Castel Viscardo";11;11;0;0;0;;;;11;4;0;0;0;;;;4;15
"055010";"Castel Viscardo";12;7;0;0;0;;;;7;15;0;0;0;;;;15;22
"055010";"Castel Viscardo";13;18;0;0;0;;;;18;8;0;0;0;;;;8;26
"055010";"Castel Viscardo";14;12;0;0;0;;;;12;13;0;0;0;;;;13;25
"055010";"Castel Viscardo";15;10;0;0;0;;;;10;9;0;0;0;;;;9;19
"055010";"Castel Viscardo";16;11;0;0;0;;;;11;8;0;0;0;;;;8;19
"055010";"Castel Viscardo";17;12;0;0;0;;;;12;10;0;0;0;;;;10;22
"055010";"Castel Viscardo";18;12;0;0;0;;;;12;9;0;0;0;;;;9;21
"055010";"Castel Viscardo";19;10;0;0;0;;;;10;6;0;0;0;;;;6;16
"055010";"Castel Viscardo";20;11;0;0;0;;;;11;9;0;0;0;;;;9;20
"055010";"Castel Viscardo";21;14;0;0;0;;;;14;15;0;0;0;;;;15;29
"055010";"Castel Viscardo";22;11;0;0;0;;;;11;15;0;0;0;;;;15;26
"055010";"Castel Viscardo";23;16;0;0;0;;;;16;12;0;0;0;;;;12;28
"055010";"Castel Viscardo";24;15;0;0;0;;;;15;7;0;0;0;;;;7;22
"055010";"Castel Viscardo";25;13;0;0;0;;;;13;12;0;0;0;;;;12;25
"055010";"Castel Viscardo";26;8;0;0;0;;;;8;6;0;0;0;;;;6;14
"055010";"Castel Viscardo";27;16;0;0;0;;;;16;8;2;0;0;;;;10;26
"055010";"Castel Viscardo";28;6;0;0;0;;;;6;9;1;0;0;;;;10;16
"055010";"Castel Viscardo";29;13;0;0;0;;;;13;14;1;0;0;;;;15;28
"055010";"Castel Viscardo";30;11;0;0;0;;;;11;10;2;0;0;;;;12;23
"055010";"Castel Viscardo";31;7;1;0;0;;;;8;7;2;0;0;;;;9;17
"055010";"Castel Viscardo";32;13;2;0;0;;;;15;7;1;0;0;;;;8;23
"055010";"Castel Viscardo";33;10;2;0;0;;;;12;7;6;0;0;;;;13;25
"055010";"Castel Viscardo";34;15;2;0;0;;;;17;7;4;0;0;;;;11;28
"055010";"Castel Viscardo";35;8;5;0;0;;;;13;4;7;0;0;;;;11;24
"055010";"Castel Viscardo";36;9;4;1;0;;;;14;4;6;0;0;;;;10;24
"055010";"Castel Viscardo";37;11;2;1;0;;;;14;5;10;1;0;;;;16;30
"055010";"Castel Viscardo";38;6;0;0;0;;;;6;5;10;0;0;;;;15;21
"055010";"Castel Viscardo";39;11;7;0;0;;;;18;5;9;0;0;;;;14;32
"055010";"Castel Viscardo";40;9;8;0;0;;;;17;4;12;0;0;;;;16;33
"055010";"Castel Viscardo";41;6;8;0;0;;;;14;7;6;0;0;;;;13;27
"055010";"Castel Viscardo";42;4;11;0;0;;;;15;6;10;0;0;;;;16;31
"055010";"Castel Viscardo";43;7;12;0;0;;;;19;5;4;1;0;;;;10;29
"055010";"Castel Viscardo";44;10;12;1;0;;;;23;4;7;2;0;;;;13;36
"055010";"Castel Viscardo";45;4;10;0;0;;;;14;1;13;1;0;;;;15;29
"055010";"Castel Viscardo";46;9;11;0;0;;;;20;4;13;0;0;;;;17;37
"055010";"Castel Viscardo";47;3;15;0;0;;;;18;4;15;1;0;;;;20;38
"055010";"Castel Viscardo";48;3;8;2;0;;;;13;3;19;0;1;;;;23;36
"055010";"Castel Viscardo";49;12;12;1;0;;;;25;4;9;0;0;;;;13;38
"055010";"Castel Viscardo";50;9;10;1;1;;;;21;3;22;0;0;;;;25;46
"055010";"Castel Viscardo";51;5;11;0;0;;;;16;5;13;0;1;;;;19;35
"055010";"Castel Viscardo";52;3;13;1;0;;;;17;1;9;0;1;;;;11;28
"055010";"Castel Viscardo";53;5;16;1;0;;;;22;4;22;0;1;;;;27;49
"055010";"Castel Viscardo";54;7;12;1;0;;;;20;1;18;3;1;;;;23;43
"055010";"Castel Viscardo";55;4;13;1;0;;;;18;4;23;1;5;;;;33;51
"055010";"Castel Viscardo";56;5;17;0;1;;;;23;3;10;1;2;;;;16;39
"055010";"Castel Viscardo";57;6;6;2;1;;;;15;4;12;2;0;;;;18;33
"055010";"Castel Viscardo";58;5;13;2;0;;;;20;1;17;0;2;;;;20;40
"055010";"Castel Viscardo";59;2;13;2;0;;;;17;1;16;2;2;;;;21;38
"055010";"Castel Viscardo";60;2;22;1;1;;;;26;2;22;3;2;;;;29;55
"055010";"Castel Viscardo";61;3;16;1;0;;;;20;1;16;0;1;;;;18;38
"055010";"Castel Viscardo";62;1;24;3;0;;;;28;3;12;2;1;;;;18;46
"055010";"Castel Viscardo";63;3;13;1;0;;;;17;3;12;2;4;;;;21;38
"055010";"Castel Viscardo";64;7;16;1;1;;;;25;0;14;2;1;;;;17;42
"055010";"Castel Viscardo";65;1;17;2;0;;;;20;3;16;0;2;;;;21;41
"055010";"Castel Viscardo";66;3;17;1;0;;;;21;0;17;1;3;;;;21;42
"055010";"Castel Viscardo";67;5;14;0;1;;;;20;2;13;2;4;;;;21;41
"055010";"Castel Viscardo";68;4;16;1;0;;;;21;2;23;2;0;;;;27;48
"055010";"Castel Viscardo";69;0;5;2;3;;;;10;3;11;3;4;;;;21;31
"055010";"Castel Viscardo";70;1;20;3;0;;;;24;3;13;2;4;;;;22;46
"055010";"Castel Viscardo";71;2;12;0;0;;;;14;0;17;3;6;;;;26;40
"055010";"Castel Viscardo";72;1;23;1;3;;;;28;2;12;0;3;;;;17;45
"055010";"Castel Viscardo";73;2;19;1;1;;;;23;2;15;2;8;;;;27;50
"055010";"Castel Viscardo";74;0;19;0;0;;;;19;0;14;0;5;;;;19;38
"055010";"Castel Viscardo";75;4;15;1;0;;;;20;0;14;1;7;;;;22;42
"055010";"Castel Viscardo";76;1;15;0;1;;;;17;1;11;1;6;;;;19;36
"055010";"Castel Viscardo";77;1;13;0;1;;;;15;0;12;0;7;;;;19;34
"055010";"Castel Viscardo";78;1;6;0;0;;;;7;0;4;0;4;;;;8;15
"055010";"Castel Viscardo";79;0;16;1;3;;;;20;1;5;0;7;;;;13;33
"055010";"Castel Viscardo";80;0;6;0;2;;;;8;2;5;1;7;;;;15;23
"055010";"Castel Viscardo";81;0;5;0;2;;;;7;1;7;0;12;;;;20;27
"055010";"Castel Viscardo";82;1;9;0;3;;;;13;4;3;0;8;;;;15;28
"055010";"Castel Viscardo";83;1;11;0;4;;;;16;1;7;0;7;;;;15;31
"055010";"Castel Viscardo";84;0;12;0;7;;;;19;0;2;1;4;;;;7;26
"055010";"Castel Viscardo";85;0;7;0;2;;;;9;0;5;0;18;;;;23;32
"055010";"Castel Viscardo";86;1;5;0;4;;;;10;1;4;0;14;;;;19;29
"055010";"Castel Viscardo";87;1;7;0;3;;;;11;3;2;0;13;;;;18;29
"055010";"Castel Viscardo";88;0;4;0;2;;;;6;1;0;0;7;;;;8;14
"055010";"Castel Viscardo";89;1;3;1;4;;;;9;0;2;0;13;;;;15;24
"055010";"Castel Viscardo";90;0;1;0;0;;;;1;1;1;1;7;;;;10;11
"055010";"Castel Viscardo";91;0;1;0;2;;;;3;3;0;0;8;;;;11;14
"055010";"Castel Viscardo";92;0;3;0;2;;;;5;0;0;1;7;;;;8;13
"055010";"Castel Viscardo";93;0;1;0;1;;;;2;0;0;0;3;;;;3;5
"055010";"Castel Viscardo";94;0;0;0;0;;;;0;0;0;0;2;;;;2;2
"055010";"Castel Viscardo";95;0;0;0;0;;;;0;0;0;0;1;;;;1;1
"055010";"Castel Viscardo";96;0;0;0;0;;;;0;1;0;0;6;;;;7;7
"055010";"Castel Viscardo";97;0;0;0;1;;;;1;0;0;0;0;;;;0;1
"055010";"Castel Viscardo";98;0;0;0;0;;;;0;0;0;0;1;;;;1;1
"055010";"Castel Viscardo";99;0;0;0;0;;;;0;0;0;0;0;;;;0;0
"055010";"Castel Viscardo";100;0;0;0;0;;;;0;0;0;0;0;;;;0;0
"055010";"Castel Viscardo";999;570;649;38;57;;;;1314;454;642;45;233;;;;1374;2688
"055011";"Fabro";0;4;0;0;0;;;;4;7;0;0;0;;;;7;11
"055011";"Fabro";1;8;0;0;0;;;;8;4;0;0;0;;;;4;12
"055011";"Fabro";2;11;0;0;0;;;;11;7;0;0;0;;;;7;18
"055011";"Fabro";3;8;0;0;0;;;;8;9;0;0;0;;;;9;17
"055011";"Fabro";4;5;0;0;0;;;;5;7;0;0;0;;;;7;12
"055011";"Fabro";5;4;0;0;0;;;;4;8;0;0;0;;;;8;12
"055011";"Fabro";6;8;0;0;0;;;;8;7;0;0;0;;;;7;15
"055011";"Fabro";7;3;0;0;0;;;;3;8;0;0;0;;;;8;11
"055011";"Fabro";8;7;0;0;0;;;;7;8;0;0;0;;;;8;15
"055011";"Fabro";9;13;0;0;0;;;;13;11;0;0;0;;;;11;24
"055011";"Fabro";10;6;0;0;0;;;;6;6;0;0;0;;;;6;12
"055011";"Fabro";11;11;0;0;0;;;;11;15;0;0;0;;;;15;26
"055011";"Fabro";12;14;0;0;0;;;;14;22;0;0;0;;;;22;36
"055011";"Fabro";13;13;0;0;0;;;;13;12;0;0;0;;;;12;25
"055011";"Fabro";14;5;0;0;0;;;;5;5;0;0;0;;;;5;10
"055011";"Fabro";15;15;0;0;0;;;;15;13;0;0;0;;;;13;28
"055011";"Fabro";16;13;0;0;0;;;;13;14;0;0;0;;;;14;27
"055011";"Fabro";17;10;0;0;0;;;;10;10;0;0;0;;;;10;20
"055011";"Fabro";18;20;0;0;0;;;;20;10;0;0;0;;;;10;30
"055011";"Fabro";19;9;0;0;0;;;;9;6;0;0;0;;;;6;15
"055011";"Fabro";20;21;0;0;0;;;;21;12;0;0;0;;;;12;33
"055011";"Fabro";21;12;0;0;0;;;;12;13;0;0;0;;;;13;25
"055011";"Fabro";22;7;1;0;0;;;;8;13;1;0;0;;;;14;22
"055011";"Fabro";23;15;0;0;0;;;;15;8;0;0;0;;;;8;23
"055011";"Fabro";24;12;0;0;0;;;;12;11;0;0;0;;;;11;23
"055011";"Fabro";25;14;0;0;0;;;;14;12;1;0;0;;;;13;27
"055011";"Fabro";26;14;0;0;0;;;;14;9;5;0;0;;;;14;28
"055011";"Fabro";27;10;2;0;0;;;;12;6;2;0;0;;;;8;20
"055011";"Fabro";28;11;1;0;0;;;;12;14;2;0;0;;;;16;28
"055011";"Fabro";29;8;0;0;0;;;;8;8;1;0;0;;;;9;17
"055011";"Fabro";30;8;3;0;0;;;;11;12;3;0;0;;;;15;26
"055011";"Fabro";31;11;3;0;0;;;;14;9;3;0;0;;;;12;26
"055011";"Fabro";32;11;3;0;0;;;;14;11;4;0;0;;;;15;29
"055011";"Fabro";33;11;2;0;0;;;;13;5;5;0;0;;;;10;23
"055011";"Fabro";34;10;4;0;0;;;;14;8;1;0;0;;;;9;23
"055011";"Fabro";35;15;2;0;0;;;;17;11;4;0;0;;;;15;32
"055011";"Fabro";36;12;2;1;0;;;;15;7;5;0;0;;;;12;27
"055011";"Fabro";37;9;5;0;0;;;;14;12;8;0;0;;;;20;34
"055011";"Fabro";38;7;6;0;0;;;;13;6;10;1;0;;;;17;30
"055011";"Fabro";39;9;9;1;0;;;;19;8;8;0;0;;;;16;35
"055011";"Fabro";40;14;8;1;0;;;;23;8;7;1;0;;;;16;39
"055011";"Fabro";41;12;6;0;0;;;;18;4;9;0;0;;;;13;31
"055011";"Fabro";42;5;4;1;0;;;;10;5;7;3;0;;;;15;25
"055011";"Fabro";43;6;7;0;0;;;;13;5;10;3;1;;;;19;32
"055011";"Fabro";44;10;5;1;0;;;;16;7;7;0;1;;;;15;31
"055011";"Fabro";45;5;10;0;0;;;;15;6;15;2;0;;;;23;38
"055011";"Fabro";46;4;5;1;0;;;;10;5;15;1;0;;;;21;31
"055011";"Fabro";47;13;12;1;0;;;;26;4;7;0;2;;;;13;39
"055011";"Fabro";48;11;15;1;0;;;;27;7;11;1;0;;;;19;46
"055011";"Fabro";49;4;17;0;0;;;;21;6;17;1;0;;;;24;45
"055011";"Fabro";50;5;17;0;0;;;;22;3;18;0;1;;;;22;44
"055011";"Fabro";51;4;18;1;0;;;;23;3;19;2;1;;;;25;48
"055011";"Fabro";52;4;11;4;0;;;;19;8;19;0;0;;;;27;46
"055011";"Fabro";53;7;9;1;0;;;;17;2;19;1;0;;;;22;39
"055011";"Fabro";54;11;13;1;0;;;;25;2;12;2;1;;;;17;42
"055011";"Fabro";55;3;16;1;0;;;;20;1;12;2;0;;;;15;35
"055011";"Fabro";56;3;11;3;0;;;;17;4;12;2;2;;;;20;37
"055011";"Fabro";57;3;15;2;0;;;;20;2;13;2;1;;;;18;38
"055011";"Fabro";58;1;12;2;0;;;;15;3;18;1;2;;;;24;39
"055011";"Fabro";59;5;12;1;2;;;;20;5;18;2;1;;;;26;46
"055011";"Fabro";60;3;11;2;0;;;;16;1;12;2;0;;;;15;31
"055011";"Fabro";61;4;11;0;0;;;;15;1;24;0;3;;;;28;43
"055011";"Fabro";62;1;12;1;0;;;;14;2;15;0;2;;;;19;33
"055011";"Fabro";63;0;16;3;0;;;;19;0;15;2;3;;;;20;39
"055011";"Fabro";64;7;21;2;1;;;;31;1;8;1;3;;;;13;44
"055011";"Fabro";65;1;11;0;0;;;;12;1;5;1;4;;;;11;23
"055011";"Fabro";66;0;18;0;1;;;;19;1;14;1;3;;;;19;38
"055011";"Fabro";67;2;22;0;1;;;;25;1;15;0;3;;;;19;44
"055011";"Fabro";68;0;12;4;0;;;;16;0;12;1;6;;;;19;35
"055011";"Fabro";69;1;7;0;1;;;;9;2;10;0;4;;;;16;25
"055011";"Fabro";70;3;6;0;2;;;;11;0;20;2;7;;;;29;40
"055011";"Fabro";71;0;17;0;0;;;;17;0;10;0;3;;;;13;30
"055011";"Fabro";72;1;14;0;1;;;;16;3;18;0;4;;;;25;41
"055011";"Fabro";73;1;17;1;1;;;;20;0;12;0;9;;;;21;41
"055011";"Fabro";74;1;12;0;0;;;;13;0;9;1;7;;;;17;30
"055011";"Fabro";75;1;14;0;1;;;;16;0;12;0;7;;;;19;35
"055011";"Fabro";76;2;13;0;1;;;;16;1;10;0;5;;;;16;32
"055011";"Fabro";77;1;11;0;0;;;;12;0;7;2;1;;;;10;22
"055011";"Fabro";78;1;8;0;0;;;;9;2;7;0;7;;;;16;25
"055011";"Fabro";79;0;8;1;3;;;;12;0;4;0;7;;;;11;23
"055011";"Fabro";80;0;10;0;3;;;;13;0;2;0;5;;;;7;20
"055011";"Fabro";81;1;9;0;0;;;;10;0;8;0;6;;;;14;24
"055011";"Fabro";82;1;13;0;3;;;;17;0;5;0;3;;;;8;25
"055011";"Fabro";83;0;9;0;3;;;;12;0;7;0;6;;;;13;25
"055011";"Fabro";84;0;10;0;1;;;;11;0;2;0;10;;;;12;23
"055011";"Fabro";85;0;10;0;0;;;;10;0;3;0;11;;;;14;24
"055011";"Fabro";86;1;2;0;3;;;;6;0;2;0;7;;;;9;15
"055011";"Fabro";87;0;1;0;4;;;;5;0;6;0;5;;;;11;16
"055011";"Fabro";88;1;5;0;1;;;;7;0;4;0;3;;;;7;14
"055011";"Fabro";89;0;5;0;2;;;;7;1;2;0;7;;;;10;17
"055011";"Fabro";90;0;1;0;2;;;;3;0;0;0;6;;;;6;9
"055011";"Fabro";91;1;6;0;0;;;;7;0;0;0;6;;;;6;13
"055011";"Fabro";92;0;3;0;2;;;;5;1;0;0;8;;;;9;14
"055011";"Fabro";93;0;0;0;1;;;;1;0;0;1;6;;;;7;8
"055011";"Fabro";94;0;0;0;1;;;;1;0;0;0;4;;;;4;5
"055011";"Fabro";95;0;1;0;0;;;;1;0;0;0;3;;;;3;4
"055011";"Fabro";96;0;0;0;0;;;;0;0;0;0;0;;;;0;0
"055011";"Fabro";97;0;0;0;1;;;;1;0;0;0;1;;;;1;2
"055011";"Fabro";98;0;0;0;0;;;;0;0;0;0;0;;;;0;0
"055011";"Fabro";99;0;0;0;0;;;;0;0;0;0;1;;;;1;1
"055011";"Fabro";100;0;0;0;0;;;;0;0;0;0;0;;;;0;0
"055011";"Fabro";999;579;612;38;42;;;;1271;492;608;41;199;;;;1340;2611
"055012";"Ferentillo";0;7;0;0;0;;;;7;7;0;0;0;;;;7;14
"055012";"Ferentillo";1;5;0;0;0;;;;5;4;0;0;0;;;;4;9
"055012";"Ferentillo";2;11;0;0;0;;;;11;8;0;0;0;;;;8;19
"055012";"Ferentillo";3;6;0;0;0;;;;6;9;0;0;0;;;;9;15
"055012";"Ferentillo";4;12;0;0;0;;;;12;8;0;0;0;;;;8;20
"055012";"Ferentillo";5;4;0;0;0;;;;4;5;0;0;0;;;;5;9
"055012";"Ferentillo";6;3;0;0;0;;;;3;7;0;0;0;;;;7;10
"055012";"Ferentillo";7;10;0;0;0;;;;10;10;0;0;0;;;;10;20
"055012";"Ferentillo";8;4;0;0;0;;;;4;4;0;0;0;;;;4;8
"055012";"Ferentillo";9;6;0;0;0;;;;6;5;0;0;0;;;;5;11
"055012";"Ferentillo";10;13;0;0;0;;;;13;6;0;0;0;;;;6;19
"055012";"Ferentillo";11;9;0;0;0;;;;9;17;0;0;0;;;;17;26
"055012";"Ferentillo";12;7;0;0;0;;;;7;5;0;0;0;;;;5;12
"055012";"Ferentillo";13;9;0;0;0;;;;9;6;0;0;0;;;;6;15
"055012";"Ferentillo";14;8;0;0;0;;;;8;18;0;0;0;;;;18;26
"055012";"Ferentillo";15;10;0;0;0;;;;10;6;0;0;0;;;;6;16
"055012";"Ferentillo";16;10;0;0;0;;;;10;5;0;0;0;;;;5;15
"055012";"Ferentillo";17;8;0;0;0;;;;8;4;0;0;0;;;;4;12
"055012";"Ferentillo";18;8;0;0;0;;;;8;8;0;0;0;;;;8;16
"055012";"Ferentillo";19;14;0;0;0;;;;14;6;0;0;0;;;;6;20
"055012";"Ferentillo";20;15;0;0;0;;;;15;6;0;0;0;;;;6;21
"055012";"Ferentillo";21;4;0;0;0;;;;4;6;1;0;0;;;;7;11
"055012";"Ferentillo";22;8;0;0;0;;;;8;3;1;0;0;;;;4;12
"055012";"Ferentillo";23;4;1;0;0;;;;5;14;1;0;0;;;;15;20
"055012";"Ferentillo";24;8;1;0;0;;;;9;6;0;0;0;;;;6;15
"055012";"Ferentillo";25;11;1;0;0;;;;12;4;2;0;0;;;;6;18
"055012";"Ferentillo";26;10;0;0;0;;;;10;6;0;0;0;;;;6;16
"055012";"Ferentillo";27;7;0;0;0;;;;7;5;0;0;0;;;;5;12
"055012";"Ferentillo";28;7;0;0;0;;;;7;3;0;0;0;;;;3;10
"055012";"Ferentillo";29;1;0;0;0;;;;1;4;2;0;0;;;;6;7
"055012";"Ferentillo";30;5;1;0;0;;;;6;8;2;0;0;;;;10;16
"055012";"Ferentillo";31;3;2;0;0;;;;5;5;3;0;0;;;;8;13
"055012";"Ferentillo";32;10;2;0;0;;;;12;6;2;0;0;;;;8;20
"055012";"Ferentillo";33;2;2;0;0;;;;4;7;4;0;1;;;;12;16
"055012";"Ferentillo";34;3;2;1;0;;;;6;7;4;0;0;;;;11;17
"055012";"Ferentillo";35;10;4;0;0;;;;14;7;7;0;0;;;;14;28
"055012";"Ferentillo";36;10;1;0;0;;;;11;3;6;1;0;;;;10;21
"055012";"Ferentillo";37;5;5;0;0;;;;10;8;6;0;0;;;;14;24
"055012";"Ferentillo";38;4;2;0;0;;;;6;2;5;0;0;;;;7;13
"055012";"Ferentillo";39;6;4;0;0;;;;10;4;5;1;0;;;;10;20
"055012";"Ferentillo";40;2;4;1;1;;;;8;7;5;0;0;;;;12;20
"055012";"Ferentillo";41;3;7;0;0;;;;10;6;5;1;0;;;;12;22
"055012";"Ferentillo";42;3;5;2;0;;;;10;4;6;0;0;;;;10;20
"055012";"Ferentillo";43;5;6;1;0;;;;12;4;9;0;0;;;;13;25
"055012";"Ferentillo";44;1;7;0;0;;;;8;4;12;1;0;;;;17;25
"055012";"Ferentillo";45;6;6;1;0;;;;13;4;12;1;0;;;;17;30
"055012";"Ferentillo";46;2;14;0;0;;;;16;0;9;0;0;;;;9;25
"055012";"Ferentillo";47;7;10;0;0;;;;17;7;5;1;1;;;;14;31
"055012";"Ferentillo";48;8;14;2;0;;;;24;4;7;0;0;;;;11;35
"055012";"Ferentillo";49;9;6;1;0;;;;16;2;8;1;0;;;;11;27
"055012";"Ferentillo";50;0;6;1;0;;;;7;7;7;1;1;;;;16;23
"055012";"Ferentillo";51;6;9;0;0;;;;15;1;12;1;1;;;;15;30
"055012";"Ferentillo";52;5;7;1;0;;;;13;2;6;0;0;;;;8;21
"055012";"Ferentillo";53;3;11;2;0;;;;16;1;9;0;0;;;;10;26
"055012";"Ferentillo";54;3;9;1;0;;;;13;4;16;1;2;;;;23;36
"055012";"Ferentillo";55;1;5;0;0;;;;6;1;6;0;2;;;;9;15
"055012";"Ferentillo";56;6;13;3;0;;;;22;3;12;0;0;;;;15;37
"055012";"Ferentillo";57;2;15;1;0;;;;18;3;9;1;1;;;;14;32
"055012";"Ferentillo";58;1;10;0;0;;;;11;1;10;1;1;;;;13;24
"055012";"Ferentillo";59;0;8;2;2;;;;12;1;11;1;1;;;;14;26
"055012";"Ferentillo";60;3;6;0;0;;;;9;0;10;0;1;;;;11;20
"055012";"Ferentillo";61;4;5;1;0;;;;10;0;9;2;3;;;;14;24
"055012";"Ferentillo";62;3;4;1;0;;;;8;1;8;0;0;;;;9;17
"055012";"Ferentillo";63;1;10;0;1;;;;12;1;9;1;0;;;;11;23
"055012";"Ferentillo";64;2;12;1;0;;;;15;1;8;1;0;;;;10;25
"055012";"Ferentillo";65;2;14;1;0;;;;17;2;6;0;2;;;;10;27
"055012";"Ferentillo";66;0;9;1;0;;;;10;0;13;2;1;;;;16;26
"055012";"Ferentillo";67;0;8;0;0;;;;8;1;5;0;3;;;;9;17
"055012";"Ferentillo";68;1;9;3;0;;;;13;1;8;0;1;;;;10;23
"055012";"Ferentillo";69;0;9;0;0;;;;9;0;8;2;4;;;;14;23
"055012";"Ferentillo";70;0;9;1;0;;;;10;0;8;2;1;;;;11;21
"055012";"Ferentillo";71;3;10;0;2;;;;15;2;6;0;3;;;;11;26
"055012";"Ferentillo";72;1;13;0;0;;;;14;0;7;0;1;;;;8;22
"055012";"Ferentillo";73;2;3;0;3;;;;8;1;11;0;3;;;;15;23
"055012";"Ferentillo";74;1;16;0;1;;;;18;0;8;0;3;;;;11;29
"055012";"Ferentillo";75;2;6;1;0;;;;9;0;7;2;6;;;;15;24
"055012";"Ferentillo";76;4;6;0;1;;;;11;0;10;0;4;;;;14;25
"055012";"Ferentillo";77;0;7;0;0;;;;7;1;5;0;2;;;;8;15
"055012";"Ferentillo";78;0;7;0;1;;;;8;1;4;0;7;;;;12;20
"055012";"Ferentillo";79;0;10;0;0;;;;10;0;4;0;5;;;;9;19
"055012";"Ferentillo";80;0;10;1;1;;;;12;1;1;1;7;;;;10;22
"055012";"Ferentillo";81;1;7;0;0;;;;8;0;3;0;2;;;;5;13
"055012";"Ferentillo";82;0;7;0;3;;;;10;0;5;0;6;;;;11;21
"055012";"Ferentillo";83;1;3;0;1;;;;5;0;1;0;4;;;;5;10
"055012";"Ferentillo";84;1;2;0;3;;;;6;1;2;0;9;;;;12;18
"055012";"Ferentillo";85;0;3;0;1;;;;4;0;1;0;9;;;;10;14
"055012";"Ferentillo";86;2;3;1;0;;;;6;0;2;0;10;;;;12;18
"055012";"Ferentillo";87;1;6;0;1;;;;8;2;2;1;5;;;;10;18
"055012";"Ferentillo";88;0;3;0;2;;;;5;0;1;0;7;;;;8;13
"055012";"Ferentillo";89;1;3;0;2;;;;6;0;1;0;7;;;;8;14
"055012";"Ferentillo";90;0;0;0;0;;;;0;0;0;0;7;;;;7;7
"055012";"Ferentillo";91;0;0;0;1;;;;1;0;0;0;3;;;;3;4
"055012";"Ferentillo";92;2;0;0;1;;;;3;0;1;0;2;;;;3;6
"055012";"Ferentillo";93;0;2;0;1;;;;3;0;1;0;1;;;;2;5
"055012";"Ferentillo";94;1;0;0;0;;;;1;0;0;0;1;;;;1;2
"055012";"Ferentillo";95;0;0;0;2;;;;2;0;0;0;1;;;;1;3
"055012";"Ferentillo";96;0;0;0;0;;;;0;0;0;0;3;;;;3;3
"055012";"Ferentillo";97;0;0;0;0;;;;0;0;0;0;0;;;;0;0
"055012";"Ferentillo";98;0;0;0;2;;;;2;0;0;0;0;;;;0;2
"055012";"Ferentillo";99;0;0;0;0;;;;0;0;0;0;0;;;;0;0
"055012";"Ferentillo";100;0;0;0;0;;;;0;0;0;0;0;;;;0;0
"055012";"Ferentillo";999;409;422;32;33;;;;896;344;402;27;145;;;;918;1814
"055013";"Ficulle";0;6;0;0;0;;;;6;1;0;0;0;;;;1;7
"055013";"Ficulle";1;4;0;0;0;;;;4;3;0;0;0;;;;3;7
"055013";"Ficulle";2;1;0;0;0;;;;1;5;0;0;0;;;;5;6
"055013";"Ficulle";3;6;0;0;0;;;;6;6;0;0;0;;;;6;12
"055013";"Ficulle";4;4;0;0;0;;;;4;7;0;0;0;;;;7;11
"055013";"Ficulle";5;5;0;0;0;;;;5;4;0;0;0;;;;4;9
"055013";"Ficulle";6;9;0;0;0;;;;9;8;0;0;0;;;;8;17
"055013";"Ficulle";7;1;0;0;0;;;;1;5;0;0;0;;;;5;6
"055013";"Ficulle";8;5;0;0;0;;;;5;3;0;0;0;;;;3;8
"055013";"Ficulle";9;4;0;0;0;;;;4;13;0;0;0;;;;13;17
"055013";"Ficulle";10;4;0;0;0;;;;4;13;0;0;0;;;;13;17
"055013";"Ficulle";11;5;0;0;0;;;;5;5;0;0;0;;;;5;10
"055013";"Ficulle";12;6;0;0;0;;;;6;3;0;0;0;;;;3;9
"055013";"Ficulle";13;8;0;0;0;;;;8;6;0;0;0;;;;6;14
"055013";"Ficulle";14;6;0;0;0;;;;6;6;0;0;0;;;;6;12
"055013";"Ficulle";15;5;0;0;0;;;;5;7;0;0;0;;;;7;12
"055013";"Ficulle";16;5;0;0;0;;;;5;8;0;0;0;;;;8;13
"055013";"Ficulle";17;5;0;0;0;;;;5;4;0;0;0;;;;4;9
"055013";"Ficulle";18;5;0;0;0;;;;5;5;0;0;0;;;;5;10
"055013";"Ficulle";19;3;0;0;0;;;;3;2;0;0;0;;;;2;5
"055013";"Ficulle";20;7;0;0;0;;;;7;7;0;0;0;;;;7;14
"055013";"Ficulle";21;5;0;0;0;;;;5;7;0;0;0;;;;7;12
"055013";"Ficulle";22;4;0;0;0;;;;4;6;0;0;0;;;;6;10
"055013";"Ficulle";23;6;0;0;0;;;;6;4;0;0;0;;;;4;10
"055013";"Ficulle";24;10;0;0;0;;;;10;8;0;0;0;;;;8;18
"055013";"Ficulle";25;11;0;0;0;;;;11;5;1;0;1;;;;7;18
"055013";"Ficulle";26;14;0;0;0;;;;14;7;0;0;0;;;;7;21
"055013";"Ficulle";27;9;0;0;0;;;;9;1;0;0;0;;;;1;10
"055013";"Ficulle";28;7;0;0;0;;;;7;5;3;0;0;;;;8;15
"055013";"Ficulle";29;6;0;0;0;;;;6;4;0;0;0;;;;4;10
"055013";"Ficulle";30;8;1;0;0;;;;9;9;1;0;0;;;;10;19
"055013";"Ficulle";31;2;1;0;0;;;;3;3;1;0;0;;;;4;7
"055013";"Ficulle";32;6;1;0;0;;;;7;6;0;0;0;;;;6;13
"055013";"Ficulle";33;5;0;0;0;;;;5;1;4;0;0;;;;5;10
"055013";"Ficulle";34;4;2;0;0;;;;6;3;1;1;0;;;;5;11
"055013";"Ficulle";35;5;1;0;0;;;;6;2;4;0;0;;;;6;12
"055013";"Ficulle";36;4;3;0;0;;;;7;3;3;0;0;;;;6;13
"055013";"Ficulle";37;5;1;0;0;;;;6;3;5;0;0;;;;8;14
"055013";"Ficulle";38;8;4;0;0;;;;12;2;6;0;0;;;;8;20
"055013";"Ficulle";39;5;2;0;0;;;;7;3;2;2;0;;;;7;14
"055013";"Ficulle";40;8;2;1;0;;;;11;5;8;1;0;;;;14;25
"055013";"Ficulle";41;5;7;1;0;;;;13;6;5;1;0;;;;12;25
"055013";"Ficulle";42;3;7;0;0;;;;10;3;1;0;0;;;;4;14
"055013";"Ficulle";43;3;8;1;0;;;;12;2;5;0;0;;;;7;19
"055013";"Ficulle";44;7;4;0;0;;;;11;2;5;0;0;;;;7;18
"055013";"Ficulle";45;3;8;0;0;;;;11;3;5;1;0;;;;9;20
"055013";"Ficulle";46;3;1;0;0;;;;4;7;8;1;1;;;;17;21
"055013";"Ficulle";47;7;6;1;0;;;;14;3;3;1;0;;;;7;21
"055013";"Ficulle";48;4;5;0;0;;;;9;3;7;0;2;;;;12;21
"055013";"Ficulle";49;4;6;1;0;;;;11;4;6;1;0;;;;11;22
"055013";"Ficulle";50;7;6;1;0;;;;14;2;10;0;0;;;;12;26
"055013";"Ficulle";51;4;4;0;0;;;;8;0;12;2;0;;;;14;22
"055013";"Ficulle";52;2;7;0;0;;;;9;1;7;1;0;;;;9;18
"055013";"Ficulle";53;1;7;2;0;;;;10;2;9;1;0;;;;12;22
"055013";"Ficulle";54;7;12;3;0;;;;22;3;9;0;0;;;;12;34
"055013";"Ficulle";55;2;6;1;0;;;;9;2;13;1;0;;;;16;25
"055013";"Ficulle";56;1;10;0;0;;;;11;3;13;1;0;;;;17;28
"055013";"Ficulle";57;4;10;0;1;;;;15;2;11;0;1;;;;14;29
"055013";"Ficulle";58;2;12;2;0;;;;16;0;4;0;1;;;;5;21
"055013";"Ficulle";59;3;12;0;0;;;;15;1;15;0;0;;;;16;31
"055013";"Ficulle";60;1;9;2;0;;;;12;0;12;2;1;;;;15;27
"055013";"Ficulle";61;2;12;1;0;;;;15;2;11;1;3;;;;17;32
"055013";"Ficulle";62;4;11;0;0;;;;15;2;9;0;1;;;;12;27
"055013";"Ficulle";63;0;8;0;0;;;;8;1;5;2;0;;;;8;16
"055013";"Ficulle";64;1;9;0;1;;;;11;2;12;0;0;;;;14;25
"055013";"Ficulle";65;1;9;2;0;;;;12;2;12;2;0;;;;16;28
"055013";"Ficulle";66;1;8;1;0;;;;10;0;6;0;2;;;;8;18
"055013";"Ficulle";67;1;11;1;1;;;;14;2;7;0;1;;;;10;24
"055013";"Ficulle";68;0;8;1;0;;;;9;1;9;0;1;;;;11;20
"055013";"Ficulle";69;1;12;0;0;;;;13;0;5;0;0;;;;5;18
"055013";"Ficulle";70;1;10;0;1;;;;12;3;10;1;1;;;;15;27
"055013";"Ficulle";71;0;13;1;0;;;;14;0;7;0;2;;;;9;23
"055013";"Ficulle";72;2;7;0;2;;;;11;1;11;1;3;;;;16;27
"055013";"Ficulle";73;2;10;1;0;;;;13;0;10;0;2;;;;12;25
"055013";"Ficulle";74;2;9;0;0;;;;11;1;10;1;4;;;;16;27
"055013";"Ficulle";75;1;11;0;2;;;;14;0;8;0;3;;;;11;25
"055013";"Ficulle";76;1;3;0;0;;;;4;1;2;0;1;;;;4;8
"055013";"Ficulle";77;0;8;0;0;;;;8;0;4;0;0;;;;4;12
"055013";"Ficulle";78;0;8;0;1;;;;9;1;4;0;2;;;;7;16
"055013";"Ficulle";79;0;7;0;1;;;;8;0;3;0;4;;;;7;15
"055013";"Ficulle";80;0;5;0;4;;;;9;0;6;0;1;;;;7;16
"055013";"Ficulle";81;0;6;0;1;;;;7;0;4;0;3;;;;7;14
"055013";"Ficulle";82;2;8;0;1;;;;11;0;4;1;3;;;;8;19
"055013";"Ficulle";83;2;5;0;1;;;;8;0;3;0;8;;;;11;19
"055013";"Ficulle";84;2;5;0;1;;;;8;0;2;0;4;;;;6;14
"055013";"Ficulle";85;1;2;0;2;;;;5;2;3;0;7;;;;12;17
"055013";"Ficulle";86;0;4;0;0;;;;4;0;0;0;9;;;;9;13
"055013";"Ficulle";87;0;3;0;0;;;;3;0;0;0;3;;;;3;6
"055013";"Ficulle";88;0;3;0;2;;;;5;0;4;0;6;;;;10;15
"055013";"Ficulle";89;0;2;0;1;;;;3;0;1;0;5;;;;6;9
"055013";"Ficulle";90;0;2;0;0;;;;2;0;0;0;4;;;;4;6
"055013";"Ficulle";91;0;3;0;2;;;;5;0;0;0;1;;;;1;6
"055013";"Ficulle";92;0;3;0;0;;;;3;0;0;0;6;;;;6;9
"055013";"Ficulle";93;0;2;0;1;;;;3;0;0;0;3;;;;3;6
"055013";"Ficulle";94;0;2;0;0;;;;2;0;1;0;0;;;;1;3
"055013";"Ficulle";95;0;0;0;0;;;;0;1;0;0;2;;;;3;3
"055013";"Ficulle";96;0;0;0;0;;;;0;1;0;0;0;;;;1;1
"055013";"Ficulle";97;0;0;0;0;;;;0;0;0;0;1;;;;1;1
"055013";"Ficulle";98;0;0;0;0;;;;0;0;0;0;1;;;;1;1
"055013";"Ficulle";99;0;0;0;0;;;;0;0;0;0;2;;;;2;2
"055013";"Ficulle";100;0;0;0;0;;;;0;0;0;0;1;;;;1;1
"055013";"Ficulle";999;336;394;24;26;;;;780;280;372;26;107;;;;785;1565
"055014";"Giove";0;5;0;0;0;;;;5;7;0;0;0;;;;7;12
"055014";"Giove";1;5;0;0;0;;;;5;5;0;0;0;;;;5;10
"055014";"Giove";2;7;0;0;0;;;;7;1;0;0;0;;;;1;8
"055014";"Giove";3;4;0;0;0;;;;4;5;0;0;0;;;;5;9
"055014";"Giove";4;6;0;0;0;;;;6;2;0;0;0;;;;2;8
"055014";"Giove";5;8;0;0;0;;;;8;5;0;0;0;;;;5;13
"055014";"Giove";6;5;0;0;0;;;;5;7;0;0;0;;;;7;12
"055014";"Giove";7;5;0;0;0;;;;5;2;0;0;0;;;;2;7
"055014";"Giove";8;14;0;0;0;;;;14;4;0;0;0;;;;4;18
"055014";"Giove";9;11;0;0;0;;;;11;7;0;0;0;;;;7;18
"055014";"Giove";10;5;0;0;0;;;;5;10;0;0;0;;;;10;15
"055014";"Giove";11;9;0;0;0;;;;9;7;0;0;0;;;;7;16
"055014";"Giove";12;6;0;0;0;;;;6;11;0;0;0;;;;11;17
"055014";"Giove";13;3;0;0;0;;;;3;6;0;0;0;;;;6;9
"055014";"Giove";14;9;0;0;0;;;;9;10;0;0;0;;;;10;19
"055014";"Giove";15;10;0;0;0;;;;10;10;0;0;0;;;;10;20
"055014";"Giove";16;10;0;0;0;;;;10;14;0;0;0;;;;14;24
"055014";"Giove";17;5;0;0;0;;;;5;8;0;0;0;;;;8;13
"055014";"Giove";18;7;0;0;0;;;;7;5;0;0;0;;;;5;12
"055014";"Giove";19;10;0;0;0;;;;10;8;0;0;0;;;;8;18
"055014";"Giove";20;9;0;0;0;;;;9;10;0;0;0;;;;10;19
"055014";"Giove";21;11;0;0;0;;;;11;13;0;0;0;;;;13;24
"055014";"Giove";22;4;0;0;0;;;;4;12;0;0;0;;;;12;16
"055014";"Giove";23;8;0;0;0;;;;8;3;0;0;0;;;;3;11
"055014";"Giove";24;8;0;0;0;;;;8;10;0;0;0;;;;10;18
"055014";"Giove";25;7;0;0;0;;;;7;12;0;0;0;;;;12;19
"055014";"Giove";26;4;0;0;0;;;;4;6;0;0;0;;;;6;10
"055014";"Giove";27;4;0;0;0;;;;4;8;0;0;0;;;;8;12
"055014";"Giove";28;6;0;0;0;;;;6;2;0;0;0;;;;2;8
"055014";"Giove";29;7;0;0;0;;;;7;8;0;0;0;;;;8;15
"055014";"Giove";30;4;0;0;0;;;;4;7;0;0;0;;;;7;11
"055014";"Giove";31;8;1;0;0;;;;9;8;1;0;0;;;;9;18
"055014";"Giove";32;7;1;0;0;;;;8;3;2;0;0;;;;5;13
"055014";"Giove";33;8;1;0;0;;;;9;6;2;0;1;;;;9;18
"055014";"Giove";34;9;1;0;0;;;;10;6;1;0;0;;;;7;17
"055014";"Giove";35;7;2;0;0;;;;9;4;4;0;0;;;;8;17
"055014";"Giove";36;12;0;1;0;;;;13;7;2;0;0;;;;9;22
"055014";"Giove";37;5;2;0;0;;;;7;8;4;1;0;;;;13;20
"055014";"Giove";38;3;3;0;0;;;;6;3;7;1;0;;;;11;17
"055014";"Giove";39;3;7;1;0;;;;11;4;7;0;0;;;;11;22
"055014";"Giove";40;7;7;0;0;;;;14;2;4;1;0;;;;7;21
"055014";"Giove";41;8;3;0;0;;;;11;7;8;1;0;;;;16;27
"055014";"Giove";42;6;4;0;0;;;;10;4;5;0;0;;;;9;19
"055014";"Giove";43;8;4;0;0;;;;12;6;2;1;0;;;;9;21
"055014";"Giove";44;12;5;0;0;;;;17;5;7;1;0;;;;13;30
"055014";"Giove";45;10;4;1;0;;;;15;7;9;0;0;;;;16;31
"055014";"Giove";46;6;6;0;0;;;;12;1;9;1;0;;;;11;23
"055014";"Giove";47;8;6;1;0;;;;15;2;8;1;0;;;;11;26
"055014";"Giove";48;5;6;1;0;;;;12;4;11;0;0;;;;15;27
"055014";"Giove";49;5;9;0;0;;;;14;3;11;0;0;;;;14;28
"055014";"Giove";50;3;11;0;0;;;;14;5;20;1;0;;;;26;40
"055014";"Giove";51;7;11;1;0;;;;19;4;11;0;0;;;;15;34
"055014";"Giove";52;2;8;0;0;;;;10;2;11;0;2;;;;15;25
"055014";"Giove";53;5;13;2;1;;;;21;1;11;0;0;;;;12;33
"055014";"Giove";54;3;11;3;0;;;;17;3;9;1;1;;;;14;31
"055014";"Giove";55;4;14;2;0;;;;20;2;12;1;1;;;;16;36
"055014";"Giove";56;3;8;0;1;;;;12;0;13;0;1;;;;14;26
"055014";"Giove";57;3;11;0;0;;;;14;2;14;1;0;;;;17;31
"055014";"Giove";58;3;6;1;0;;;;10;1;17;1;1;;;;20;30
"055014";"Giove";59;3;8;0;0;;;;11;1;8;0;2;;;;11;22
"055014";"Giove";60;0;12;3;1;;;;16;2;6;0;2;;;;10;26
"055014";"Giove";61;3;10;1;0;;;;14;0;4;0;2;;;;6;20
"055014";"Giove";62;2;8;1;0;;;;11;1;14;2;1;;;;18;29
"055014";"Giove";63;4;5;1;0;;;;10;1;14;0;1;;;;16;26
"055014";"Giove";64;4;12;2;0;;;;18;1;12;1;3;;;;17;35
"055014";"Giove";65;2;13;1;0;;;;16;1;10;0;2;;;;13;29
"055014";"Giove";66;0;13;0;0;;;;13;2;14;4;0;;;;20;33
"055014";"Giove";67;0;13;1;0;;;;14;0;9;1;0;;;;10;24
"055014";"Giove";68;1;8;0;0;;;;9;1;10;0;5;;;;16;25
"055014";"Giove";69;0;13;1;0;;;;14;2;13;1;0;;;;16;30
"055014";"Giove";70;0;17;0;2;;;;19;1;12;2;1;;;;16;35
"055014";"Giove";71;0;11;0;0;;;;11;0;8;1;2;;;;11;22
"055014";"Giove";72;2;8;5;1;;;;16;2;6;0;4;;;;12;28
"055014";"Giove";73;3;8;0;0;;;;11;0;6;0;4;;;;10;21
"055014";"Giove";74;0;16;0;2;;;;18;0;5;2;4;;;;11;29
"055014";"Giove";75;1;11;2;0;;;;14;0;3;2;2;;;;7;21
"055014";"Giove";76;0;9;0;1;;;;10;1;10;0;4;;;;15;25
"055014";"Giove";77;0;9;0;1;;;;10;0;5;1;6;;;;12;22
"055014";"Giove";78;0;5;0;1;;;;6;1;10;0;3;;;;14;20
"055014";"Giove";79;0;7;0;0;;;;7;0;3;0;3;;;;6;13
"055014";"Giove";80;1;7;0;2;;;;10;0;3;0;5;;;;8;18
"055014";"Giove";81;0;5;0;2;;;;7;0;2;0;4;;;;6;13
"055014";"Giove";82;0;1;0;3;;;;4;0;8;0;9;;;;17;21
"055014";"Giove";83;0;3;1;0;;;;4;1;3;0;3;;;;7;11
"055014";"Giove";84;1;12;0;0;;;;13;1;6;0;5;;;;12;25
"055014";"Giove";85;1;5;0;1;;;;7;1;1;0;4;;;;6;13
"055014";"Giove";86;0;3;0;0;;;;3;1;3;0;7;;;;11;14
"055014";"Giove";87;1;1;0;1;;;;3;0;0;0;2;;;;2;5
"055014";"Giove";88;0;1;0;2;;;;3;0;1;0;3;;;;4;7
"055014";"Giove";89;0;2;0;1;;;;3;1;2;0;8;;;;11;14
"055014";"Giove";90;0;3;0;2;;;;5;0;0;0;2;;;;2;7
"055014";"Giove";91;0;4;0;1;;;;5;0;1;0;2;;;;3;8
"055014";"Giove";92;0;1;0;0;;;;1;0;0;0;3;;;;3;4
"055014";"Giove";93;0;1;0;0;;;;1;0;0;0;3;;;;3;4
"055014";"Giove";94;0;0;0;0;;;;0;0;0;0;2;;;;2;2
"055014";"Giove";95;0;0;0;1;;;;1;0;1;0;0;;;;1;2
"055014";"Giove";96;0;0;0;1;;;;1;1;0;0;2;;;;3;4
"055014";"Giove";97;0;0;0;0;;;;0;0;0;0;1;;;;1;1
"055014";"Giove";98;0;1;0;0;;;;1;0;0;0;1;;;;1;2
"055014";"Giove";99;0;0;0;0;;;;0;0;0;0;0;;;;0;0
"055014";"Giove";100;0;0;0;0;;;;0;0;0;0;1;;;;1;1
"055014";"Giove";999;415;431;33;28;;;;907;358;435;30;125;;;;948;1855
"055015";"Guardea";0;3;0;0;0;;;;3;3;0;0;0;;;;3;6
"055015";"Guardea";1;10;0;0;0;;;;10;3;0;0;0;;;;3;13
"055015";"Guardea";2;6;0;0;0;;;;6;8;0;0;0;;;;8;14
"055015";"Guardea";3;7;0;0;0;;;;7;6;0;0;0;;;;6;13
"055015";"Guardea";4;4;0;0;0;;;;4;5;0;0;0;;;;5;9
"055015";"Guardea";5;3;0;0;0;;;;3;9;0;0;0;;;;9;12
"055015";"Guardea";6;8;0;0;0;;;;8;7;0;0;0;;;;7;15
"055015";"Guardea";7;7;0;0;0;;;;7;4;0;0;0;;;;4;11
"055015";"Guardea";8;4;0;0;0;;;;4;9;0;0;0;;;;9;13
"055015";"Guardea";9;4;0;0;0;;;;4;6;0;0;0;;;;6;10
"055015";"Guardea";10;9;0;0;0;;;;9;3;0;0;0;;;;3;12
"055015";"Guardea";11;9;0;0;0;;;;9;8;0;0;0;;;;8;17
"055015";"Guardea";12;6;0;0;0;;;;6;8;0;0;0;;;;8;14
"055015";"Guardea";13;7;0;0;0;;;;7;5;0;0;0;;;;5;12
"055015";"Guardea";14;9;0;0;0;;;;9;5;0;0;0;;;;5;14
"055015";"Guardea";15;3;0;0;0;;;;3;3;0;0;0;;;;3;6
"055015";"Guardea";16;12;0;0;0;;;;12;7;0;0;0;;;;7;19
"055015";"Guardea";17;12;0;0;0;;;;12;7;0;0;0;;;;7;19
"055015";"Guardea";18;13;0;0;0;;;;13;9;0;0;0;;;;9;22
"055015";"Guardea";19;8;0;0;0;;;;8;4;0;0;0;;;;4;12
"055015";"Guardea";20;7;0;0;0;;;;7;9;0;0;0;;;;9;16
"055015";"Guardea";21;8;0;0;0;;;;8;7;0;0;0;;;;7;15
"055015";"Guardea";22;2;0;0;0;;;;2;5;0;0;0;;;;5;7
"055015";"Guardea";23;5;0;0;0;;;;5;8;0;0;0;;;;8;13
"055015";"Guardea";24;9;0;0;0;;;;9;8;0;0;0;;;;8;17
"055015";"Guardea";25;16;0;0;0;;;;16;11;1;0;0;;;;12;28
"055015";"Guardea";26;7;0;0;0;;;;7;8;0;0;0;;;;8;15
"055015";"Guardea";27;5;0;0;0;;;;5;7;0;0;0;;;;7;12
"055015";"Guardea";28;8;0;0;0;;;;8;4;0;0;0;;;;4;12
"055015";"Guardea";29;4;0;0;0;;;;4;3;0;0;0;;;;3;7
"055015";"Guardea";30;10;1;0;0;;;;11;6;1;0;0;;;;7;18
"055015";"Guardea";31;6;0;0;0;;;;6;8;2;0;0;;;;10;16
"055015";"Guardea";32;7;2;0;0;;;;9;4;2;0;0;;;;6;15
"055015";"Guardea";33;4;2;0;0;;;;6;4;3;0;0;;;;7;13
"055015";"Guardea";34;1;1;0;0;;;;2;4;4;0;0;;;;8;10
"055015";"Guardea";35;7;1;0;0;;;;8;9;8;0;0;;;;17;25
"055015";"Guardea";36;2;3;0;0;;;;5;4;6;0;0;;;;10;15
"055015";"Guardea";37;7;3;0;0;;;;10;2;8;0;0;;;;10;20
"055015";"Guardea";38;6;4;0;0;;;;10;2;6;0;0;;;;8;18
"055015";"Guardea";39;7;9;0;0;;;;16;1;5;0;0;;;;6;22
"055015";"Guardea";40;8;6;0;0;;;;14;3;9;0;0;;;;12;26
"055015";"Guardea";41;4;8;0;0;;;;12;2;6;1;0;;;;9;21
"055015";"Guardea";42;4;5;0;0;;;;9;3;3;0;0;;;;6;15
"055015";"Guardea";43;7;7;0;0;;;;14;2;5;0;0;;;;7;21
"055015";"Guardea";44;5;9;0;0;;;;14;2;8;2;0;;;;12;26
"055015";"Guardea";45;4;4;0;0;;;;8;3;6;2;0;;;;11;19
"055015";"Guardea";46;6;12;0;0;;;;18;3;12;0;0;;;;15;33
"055015";"Guardea";47;3;3;0;0;;;;6;2;7;0;0;;;;9;15
"055015";"Guardea";48;3;6;0;0;;;;9;6;14;0;0;;;;20;29
"055015";"Guardea";49;4;8;0;0;;;;12;1;13;1;0;;;;15;27
"055015";"Guardea";50;2;9;1;0;;;;12;1;9;2;0;;;;12;24
"055015";"Guardea";51;2;10;0;0;;;;12;4;16;0;2;;;;22;34
"055015";"Guardea";52;4;5;2;0;;;;11;0;11;1;0;;;;12;23
"055015";"Guardea";53;2;10;0;1;;;;13;2;11;2;0;;;;15;28
"055015";"Guardea";54;4;10;1;0;;;;15;1;10;0;0;;;;11;26
"055015";"Guardea";55;5;15;2;0;;;;22;1;5;2;0;;;;8;30
"055015";"Guardea";56;2;10;0;0;;;;12;3;8;1;0;;;;12;24
"055015";"Guardea";57;1;14;2;0;;;;17;0;9;1;1;;;;11;28
"055015";"Guardea";58;4;8;1;0;;;;13;4;9;0;1;;;;14;27
"055015";"Guardea";59;4;15;0;0;;;;19;1;11;1;1;;;;14;33
"055015";"Guardea";60;1;14;0;0;;;;15;0;11;0;0;;;;11;26
"055015";"Guardea";61;3;10;1;1;;;;15;1;7;1;3;;;;12;27
"055015";"Guardea";62;1;5;0;0;;;;6;1;11;0;1;;;;13;19
"055015";"Guardea";63;1;11;3;0;;;;15;1;11;1;0;;;;13;28
"055015";"Guardea";64;3;10;1;0;;;;14;0;12;2;2;;;;16;30
"055015";"Guardea";65;1;6;0;0;;;;7;0;13;1;1;;;;15;22
"055015";"Guardea";66;2;10;2;0;;;;14;0;13;1;1;;;;15;29
"055015";"Guardea";67;0;10;0;1;;;;11;1;11;0;0;;;;12;23
"055015";"Guardea";68;1;9;0;1;;;;11;2;12;1;1;;;;16;27
"055015";"Guardea";69;2;13;0;0;;;;15;0;6;2;2;;;;10;25
"055015";"Guardea";70;0;9;0;0;;;;9;2;9;0;2;;;;13;22
"055015";"Guardea";71;1;16;0;0;;;;17;0;9;0;4;;;;13;30
"055015";"Guardea";72;0;14;0;2;;;;16;1;8;2;6;;;;17;33
"055015";"Guardea";73;0;5;0;2;;;;7;1;7;0;4;;;;12;19
"055015";"Guardea";74;2;9;0;0;;;;11;0;7;0;3;;;;10;21
"055015";"Guardea";75;2;6;1;0;;;;9;1;8;1;4;;;;14;23
"055015";"Guardea";76;0;6;0;1;;;;7;0;6;0;4;;;;10;17
"055015";"Guardea";77;0;7;0;1;;;;8;0;9;1;3;;;;13;21
"055015";"Guardea";78;0;9;0;0;;;;9;0;6;0;4;;;;10;19
"055015";"Guardea";79;0;7;1;1;;;;9;1;0;1;4;;;;6;15
"055015";"Guardea";80;2;8;0;0;;;;10;0;3;0;4;;;;7;17
"055015";"Guardea";81;1;3;0;1;;;;5;0;2;0;6;;;;8;13
"055015";"Guardea";82;1;10;0;3;;;;14;1;3;0;7;;;;11;25
"055015";"Guardea";83;1;3;0;1;;;;5;2;5;0;3;;;;10;15
"055015";"Guardea";84;0;2;0;2;;;;4;1;3;0;8;;;;12;16
"055015";"Guardea";85;0;3;0;0;;;;3;0;2;0;9;;;;11;14
"055015";"Guardea";86;0;3;0;0;;;;3;0;1;0;4;;;;5;8
"055015";"Guardea";87;0;3;1;2;;;;6;0;4;0;1;;;;5;11
"055015";"Guardea";88;0;2;0;2;;;;4;0;0;0;8;;;;8;12
"055015";"Guardea";89;0;3;0;4;;;;7;1;0;0;2;;;;3;10
"055015";"Guardea";90;0;2;0;0;;;;2;0;0;0;3;;;;3;5
"055015";"Guardea";91;0;1;0;0;;;;1;0;0;0;6;;;;6;7
"055015";"Guardea";92;0;1;0;0;;;;1;1;0;0;4;;;;5;6
"055015";"Guardea";93;0;0;0;1;;;;1;0;0;0;1;;;;1;2
"055015";"Guardea";94;0;0;0;2;;;;2;0;0;0;6;;;;6;8
"055015";"Guardea";95;0;0;0;2;;;;2;0;0;0;2;;;;2;4
"055015";"Guardea";96;0;1;0;0;;;;1;1;0;0;1;;;;2;3
"055015";"Guardea";97;0;0;0;0;;;;0;0;0;0;0;;;;0;0
"055015";"Guardea";98;0;1;0;0;;;;1;0;0;0;0;;;;0;1
"055015";"Guardea";99;0;0;0;0;;;;0;0;0;1;1;;;;2;2
"055015";"Guardea";100;0;0;0;0;;;;0;0;0;0;1;;;;1;1
"055015";"Guardea";999;375;432;19;31;;;;857;296;427;31;131;;;;885;1742
"055016";"Lugnano in Teverina";0;7;0;0;0;;;;7;5;0;0;0;;;;5;12
"055016";"Lugnano in Teverina";1;4;0;0;0;;;;4;5;0;0;0;;;;5;9
"055016";"Lugnano in Teverina";2;7;0;0;0;;;;7;2;0;0;0;;;;2;9
"055016";"Lugnano in Teverina";3;9;0;0;0;;;;9;2;0;0;0;;;;2;11
"055016";"Lugnano in Teverina";4;2;0;0;0;;;;2;4;0;0;0;;;;4;6
"055016";"Lugnano in Teverina";5;4;0;0;0;;;;4;1;0;0;0;;;;1;5
"055016";"Lugnano in Teverina";6;3;0;0;0;;;;3;5;0;0;0;;;;5;8
"055016";"Lugnano in Teverina";7;6;0;0;0;;;;6;1;0;0;0;;;;1;7
"055016";"Lugnano in Teverina";8;3;0;0;0;;;;3;7;0;0;0;;;;7;10
"055016";"Lugnano in Teverina";9;4;0;0;0;;;;4;5;0;0;0;;;;5;9
"055016";"Lugnano in Teverina";10;11;0;0;0;;;;11;3;0;0;0;;;;3;14
"055016";"Lugnano in Teverina";11;4;0;0;0;;;;4;3;0;0;0;;;;3;7
"055016";"Lugnano in Teverina";12;10;0;0;0;;;;10;5;0;0;0;;;;5;15
"055016";"Lugnano in Teverina";13;6;0;0;0;;;;6;3;0;0;0;;;;3;9
"055016";"Lugnano in Teverina";14;5;0;0;0;;;;5;3;0;0;0;;;;3;8
"055016";"Lugnano in Teverina";15;6;0;0;0;;;;6;8;0;0;0;;;;8;14
"055016";"Lugnano in Teverina";16;4;0;0;0;;;;4;11;0;0;0;;;;11;15
"055016";"Lugnano in Teverina";17;5;0;0;0;;;;5;5;0;0;0;;;;5;10
"055016";"Lugnano in Teverina";18;4;0;0;0;;;;4;9;0;0;0;;;;9;13
"055016";"Lugnano in Teverina";19;5;0;0;0;;;;5;2;0;0;0;;;;2;7
"055016";"Lugnano in Teverina";20;1;0;0;0;;;;1;4;0;0;0;;;;4;5
"055016";"Lugnano in Teverina";21;6;0;0;0;;;;6;2;0;0;0;;;;2;8
"055016";"Lugnano in Teverina";22;9;0;0;0;;;;9;8;0;0;0;;;;8;17
"055016";"Lugnano in Teverina";23;3;0;0;0;;;;3;3;0;0;0;;;;3;6
"055016";"Lugnano in Teverina";24;9;0;0;0;;;;9;5;0;0;0;;;;5;14
"055016";"Lugnano in Teverina";25;6;0;0;0;;;;6;7;1;0;0;;;;8;14
"055016";"Lugnano in Teverina";26;3;1;0;0;;;;4;4;0;0;0;;;;4;8
"055016";"Lugnano in Teverina";27;8;0;0;0;;;;8;8;1;0;0;;;;9;17
"055016";"Lugnano in Teverina";28;4;0;0;0;;;;4;3;1;0;0;;;;4;8
"055016";"Lugnano in Teverina";29;4;0;0;0;;;;4;3;0;0;0;;;;3;7
"055016";"Lugnano in Teverina";30;6;1;0;0;;;;7;6;1;0;0;;;;7;14
"055016";"Lugnano in Teverina";31;7;1;0;0;;;;8;4;1;0;0;;;;5;13
"055016";"Lugnano in Teverina";32;9;1;0;0;;;;10;4;1;0;0;;;;5;15
"055016";"Lugnano in Teverina";33;4;1;0;0;;;;5;6;6;0;0;;;;12;17
"055016";"Lugnano in Teverina";34;3;0;0;0;;;;3;2;7;0;0;;;;9;12
"055016";"Lugnano in Teverina";35;6;3;0;0;;;;9;5;2;0;0;;;;7;16
"055016";"Lugnano in Teverina";36;2;2;0;0;;;;4;4;2;0;0;;;;6;10
"055016";"Lugnano in Teverina";37;5;9;0;0;;;;14;5;3;0;0;;;;8;22
"055016";"Lugnano in Teverina";38;8;3;0;0;;;;11;4;1;0;0;;;;5;16
"055016";"Lugnano in Teverina";39;4;0;0;0;;;;4;3;5;1;0;;;;9;13
"055016";"Lugnano in Teverina";40;8;1;0;0;;;;9;3;6;0;0;;;;9;18
"055016";"Lugnano in Teverina";41;7;5;0;0;;;;12;3;5;0;0;;;;8;20
"055016";"Lugnano in Teverina";42;5;3;0;0;;;;8;1;4;0;0;;;;5;13
"055016";"Lugnano in Teverina";43;5;6;0;0;;;;11;4;6;0;1;;;;11;22
"055016";"Lugnano in Teverina";44;2;4;0;0;;;;6;3;8;0;0;;;;11;17
"055016";"Lugnano in Teverina";45;4;2;1;0;;;;7;4;5;1;0;;;;10;17
"055016";"Lugnano in Teverina";46;4;5;1;0;;;;10;3;7;1;1;;;;12;22
"055016";"Lugnano in Teverina";47;4;8;1;0;;;;13;2;6;1;0;;;;9;22
"055016";"Lugnano in Teverina";48;4;10;1;0;;;;15;3;10;0;0;;;;13;28
"055016";"Lugnano in Teverina";49;1;7;0;0;;;;8;2;3;0;0;;;;5;13
"055016";"Lugnano in Teverina";50;1;4;0;0;;;;5;3;7;1;0;;;;11;16
"055016";"Lugnano in Teverina";51;1;8;1;0;;;;10;2;4;0;1;;;;7;17
"055016";"Lugnano in Teverina";52;4;7;0;0;;;;11;1;5;0;0;;;;6;17
"055016";"Lugnano in Teverina";53;1;6;0;0;;;;7;3;8;0;0;;;;11;18
"055016";"Lugnano in Teverina";54;3;5;0;0;;;;8;2;8;1;0;;;;11;19
"055016";"Lugnano in Teverina";55;3;5;2;0;;;;10;1;9;2;0;;;;12;22
"055016";"Lugnano in Teverina";56;4;6;0;1;;;;11;2;8;0;1;;;;11;22
"055016";"Lugnano in Teverina";57;2;8;2;0;;;;12;3;5;2;0;;;;10;22
"055016";"Lugnano in Teverina";58;6;5;0;1;;;;12;1;12;0;0;;;;13;25
"055016";"Lugnano in Teverina";59;3;6;0;0;;;;9;0;8;0;0;;;;8;17
"055016";"Lugnano in Teverina";60;3;16;1;0;;;;20;1;3;1;3;;;;8;28
"055016";"Lugnano in Teverina";61;2;6;0;0;;;;8;1;8;2;0;;;;11;19
"055016";"Lugnano in Teverina";62;2;7;0;1;;;;10;0;6;1;1;;;;8;18
"055016";"Lugnano in Teverina";63;0;6;3;1;;;;10;2;11;0;4;;;;17;27
"055016";"Lugnano in Teverina";64;2;7;0;0;;;;9;1;11;0;1;;;;13;22
"055016";"Lugnano in Teverina";65;1;10;0;0;;;;11;0;12;0;2;;;;14;25
"055016";"Lugnano in Teverina";66;3;9;1;2;;;;15;0;10;2;0;;;;12;27
"055016";"Lugnano in Teverina";67;3;8;0;0;;;;11;0;10;0;2;;;;12;23
"055016";"Lugnano in Teverina";68;2;13;0;0;;;;15;1;9;0;1;;;;11;26
"055016";"Lugnano in Teverina";69;0;6;1;0;;;;7;1;10;0;6;;;;17;24
"055016";"Lugnano in Teverina";70;2;9;0;1;;;;12;0;12;1;2;;;;15;27
"055016";"Lugnano in Teverina";71;0;13;0;0;;;;13;0;6;0;0;;;;6;19
"055016";"Lugnano in Teverina";72;0;9;0;0;;;;9;1;5;0;3;;;;9;18
"055016";"Lugnano in Teverina";73;1;10;2;1;;;;14;1;5;0;0;;;;6;20
"055016";"Lugnano in Teverina";74;1;8;0;0;;;;9;2;7;0;1;;;;10;19
"055016";"Lugnano in Teverina";75;1;9;0;1;;;;11;0;9;1;3;;;;13;24
"055016";"Lugnano in Teverina";76;1;9;0;0;;;;10;0;7;1;1;;;;9;19
"055016";"Lugnano in Teverina";77;1;12;1;2;;;;16;1;6;0;4;;;;11;27
"055016";"Lugnano in Teverina";78;0;7;0;1;;;;8;0;5;0;5;;;;10;18
"055016";"Lugnano in Teverina";79;1;8;0;0;;;;9;1;3;0;2;;;;6;15
"055016";"Lugnano in Teverina";80;0;3;0;0;;;;3;1;7;1;1;;;;10;13
"055016";"Lugnano in Teverina";81;1;5;0;0;;;;6;0;4;0;7;;;;11;17
"055016";"Lugnano in Teverina";82;2;4;0;3;;;;9;0;5;0;3;;;;8;17
"055016";"Lugnano in Teverina";83;1;4;0;0;;;;5;1;5;0;3;;;;9;14
"055016";"Lugnano in Teverina";84;0;8;0;0;;;;8;0;0;0;5;;;;5;13
"055016";"Lugnano in Teverina";85;1;3;0;0;;;;4;0;3;0;4;;;;7;11
"055016";"Lugnano in Teverina";86;0;5;0;1;;;;6;0;2;0;5;;;;7;13
"055016";"Lugnano in Teverina";87;0;1;0;3;;;;4;0;1;0;3;;;;4;8
"055016";"Lugnano in Teverina";88;1;4;0;1;;;;6;0;1;0;4;;;;5;11
"055016";"Lugnano in Teverina";89;1;3;0;1;;;;5;0;0;0;3;;;;3;8
"055016";"Lugnano in Teverina";90;0;1;0;1;;;;2;0;0;0;1;;;;1;3
"055016";"Lugnano in Teverina";91;0;0;0;0;;;;0;0;0;0;2;;;;2;2
"055016";"Lugnano in Teverina";92;0;2;0;0;;;;2;0;0;0;4;;;;4;6
"055016";"Lugnano in Teverina";93;0;0;0;0;;;;0;0;1;0;2;;;;3;3
"055016";"Lugnano in Teverina";94;0;0;0;0;;;;0;0;1;0;1;;;;2;2
"055016";"Lugnano in Teverina";95;0;1;0;1;;;;2;0;0;0;1;;;;1;3
"055016";"Lugnano in Teverina";96;0;0;0;0;;;;0;0;0;1;1;;;;2;2
"055016";"Lugnano in Teverina";97;0;1;0;0;;;;1;0;0;0;0;;;;0;1
"055016";"Lugnano in Teverina";98;0;0;0;0;;;;0;0;0;0;0;;;;0;0
"055016";"Lugnano in Teverina";99;0;0;0;0;;;;0;0;0;0;0;;;;0;0
"055016";"Lugnano in Teverina";100;0;0;0;0;;;;0;0;0;0;0;;;;0;0
"055016";"Lugnano in Teverina";999;321;360;18;23;;;;722;240;351;21;95;;;;707;1429
"055017";"Montecastrilli";0;16;0;0;0;;;;16;11;0;0;0;;;;11;27
"055017";"Montecastrilli";1;11;0;0;0;;;;11;13;0;0;0;;;;13;24
"055017";"Montecastrilli";2;14;0;0;0;;;;14;13;0;0;0;;;;13;27
"055017";"Montecastrilli";3;14;0;0;0;;;;14;16;0;0;0;;;;16;30
"055017";"Montecastrilli";4;11;0;0;0;;;;11;17;0;0;0;;;;17;28
"055017";"Montecastrilli";5;14;0;0;0;;;;14;18;0;0;0;;;;18;32
"055017";"Montecastrilli";6;24;0;0;0;;;;24;17;0;0;0;;;;17;41
"055017";"Montecastrilli";7;15;0;0;0;;;;15;18;0;0;0;;;;18;33
"055017";"Montecastrilli";8;15;0;0;0;;;;15;18;0;0;0;;;;18;33
"055017";"Montecastrilli";9;13;0;0;0;;;;13;23;0;0;0;;;;23;36
"055017";"Montecastrilli";10;26;0;0;0;;;;26;28;0;0;0;;;;28;54
"055017";"Montecastrilli";11;29;0;0;0;;;;29;28;0;0;0;;;;28;57
"055017";"Montecastrilli";12;21;0;0;0;;;;21;32;0;0;0;;;;32;53
"055017";"Montecastrilli";13;20;0;0;0;;;;20;21;0;0;0;;;;21;41
"055017";"Montecastrilli";14;26;0;0;0;;;;26;24;0;0;0;;;;24;50
"055017";"Montecastrilli";15;30;0;0;0;;;;30;19;0;0;0;;;;19;49
"055017";"Montecastrilli";16;28;0;0;0;;;;28;21;0;0;0;;;;21;49
"055017";"Montecastrilli";17;26;0;0;0;;;;26;20;0;0;0;;;;20;46
"055017";"Montecastrilli";18;18;0;0;0;;;;18;29;0;0;0;;;;29;47
"055017";"Montecastrilli";19;26;0;0;0;;;;26;21;0;0;0;;;;21;47
"055017";"Montecastrilli";20;20;0;0;0;;;;20;14;0;0;0;;;;14;34
"055017";"Montecastrilli";21;21;0;0;0;;;;21;21;0;0;0;;;;21;42
"055017";"Montecastrilli";22;26;0;0;0;;;;26;26;0;0;0;;;;26;52
"055017";"Montecastrilli";23;22;0;0;0;;;;22;20;1;0;0;;;;21;43
"055017";"Montecastrilli";24;14;0;0;0;;;;14;23;1;0;0;;;;24;38
"055017";"Montecastrilli";25;20;0;0;0;;;;20;18;2;0;0;;;;20;40
"055017";"Montecastrilli";26;22;0;0;0;;;;22;11;0;0;0;;;;11;33
"055017";"Montecastrilli";27;31;0;1;0;;;;32;14;2;0;0;;;;16;48
"055017";"Montecastrilli";28;14;3;0;0;;;;17;14;7;0;0;;;;21;38
"055017";"Montecastrilli";29;18;3;0;0;;;;21;23;4;0;0;;;;27;48
"055017";"Montecastrilli";30;23;2;0;0;;;;25;14;7;0;0;;;;21;46
"055017";"Montecastrilli";31;19;5;0;0;;;;24;16;8;1;0;;;;25;49
"055017";"Montecastrilli";32;28;4;0;0;;;;32;13;11;0;0;;;;24;56
"055017";"Montecastrilli";33;19;2;0;0;;;;21;19;5;1;0;;;;25;46
"055017";"Montecastrilli";34;20;9;0;0;;;;29;10;8;0;0;;;;18;47
"055017";"Montecastrilli";35;21;7;0;0;;;;28;11;13;0;0;;;;24;52
"055017";"Montecastrilli";36;18;4;1;0;;;;23;9;9;0;0;;;;18;41
"055017";"Montecastrilli";37;18;9;0;0;;;;27;8;23;0;0;;;;31;58
"055017";"Montecastrilli";38;9;14;0;0;;;;23;7;13;0;0;;;;20;43
"055017";"Montecastrilli";39;18;18;0;0;;;;36;10;17;2;0;;;;29;65
"055017";"Montecastrilli";40;15;18;0;0;;;;33;6;13;1;0;;;;20;53
"055017";"Montecastrilli";41;13;15;0;0;;;;28;5;22;2;1;;;;30;58
"055017";"Montecastrilli";42;10;18;0;0;;;;28;11;15;1;0;;;;27;55
"055017";"Montecastrilli";43;9;14;0;0;;;;23;6;19;1;0;;;;26;49
"055017";"Montecastrilli";44;7;27;0;0;;;;34;7;21;4;0;;;;32;66
"055017";"Montecastrilli";45;13;22;1;0;;;;36;6;29;4;0;;;;39;75
"055017";"Montecastrilli";46;10;19;4;0;;;;33;4;28;2;0;;;;34;67
"055017";"Montecastrilli";47;8;18;2;0;;;;28;9;26;3;0;;;;38;66
"055017";"Montecastrilli";48;5;34;0;1;;;;40;8;21;1;1;;;;31;71
"055017";"Montecastrilli";49;9;28;1;0;;;;38;2;23;0;0;;;;25;63
"055017";"Montecastrilli";50;7;26;4;1;;;;38;2;28;2;0;;;;32;70
"055017";"Montecastrilli";51;5;28;2;0;;;;35;4;34;4;1;;;;43;78
"055017";"Montecastrilli";52;3;30;5;1;;;;39;4;32;3;3;;;;42;81
"055017";"Montecastrilli";53;10;30;4;1;;;;45;2;38;4;2;;;;46;91
"055017";"Montecastrilli";54;10;25;3;1;;;;39;5;35;2;2;;;;44;83
"055017";"Montecastrilli";55;10;30;1;0;;;;41;5;28;4;2;;;;39;80
"055017";"Montecastrilli";56;5;25;2;0;;;;32;9;33;3;1;;;;46;78
"055017";"Montecastrilli";57;1;37;2;0;;;;40;3;46;3;1;;;;53;93
"055017";"Montecastrilli";58;3;27;3;1;;;;34;5;26;1;1;;;;33;67
"055017";"Montecastrilli";59;3;26;5;1;;;;35;2;31;3;2;;;;38;73
"055017";"Montecastrilli";60;3;28;1;0;;;;32;4;29;3;4;;;;40;72
"055017";"Montecastrilli";61;5;32;5;1;;;;43;2;37;5;4;;;;48;91
"055017";"Montecastrilli";62;3;26;0;1;;;;30;2;29;3;4;;;;38;68
"055017";"Montecastrilli";63;1;33;2;2;;;;38;2;29;3;5;;;;39;77
"055017";"Montecastrilli";64;2;34;2;0;;;;38;5;32;1;3;;;;41;79
"055017";"Montecastrilli";65;4;19;1;1;;;;25;1;26;4;3;;;;34;59
"055017";"Montecastrilli";66;2;25;2;0;;;;29;2;22;3;3;;;;30;59
"055017";"Montecastrilli";67;3;32;2;0;;;;37;0;28;3;5;;;;36;73
"055017";"Montecastrilli";68;1;31;0;0;;;;32;1;17;1;11;;;;30;62
"055017";"Montecastrilli";69;2;27;1;1;;;;31;3;21;3;5;;;;32;63
"055017";"Montecastrilli";70;4;25;3;0;;;;32;1;25;2;5;;;;33;65
"055017";"Montecastrilli";71;1;27;1;1;;;;30;1;15;0;1;;;;17;47
"055017";"Montecastrilli";72;1;21;0;4;;;;26;2;25;1;8;;;;36;62
"055017";"Montecastrilli";73;2;17;0;2;;;;21;2;17;0;9;;;;28;49
"055017";"Montecastrilli";74;4;29;2;1;;;;36;2;16;2;8;;;;28;64
"055017";"Montecastrilli";75;5;24;2;1;;;;32;1;21;0;8;;;;30;62
"055017";"Montecastrilli";76;1;20;0;1;;;;22;0;25;1;6;;;;32;54
"055017";"Montecastrilli";77;2;19;2;3;;;;26;1;14;0;8;;;;23;49
"055017";"Montecastrilli";78;1;25;0;5;;;;31;2;14;1;10;;;;27;58
"055017";"Montecastrilli";79;2;16;0;2;;;;20;4;13;2;9;;;;28;48
"055017";"Montecastrilli";80;1;20;0;2;;;;23;3;16;0;11;;;;30;53
"055017";"Montecastrilli";81;1;16;0;1;;;;18;1;11;0;7;;;;19;37
"055017";"Montecastrilli";82;1;15;0;4;;;;20;5;5;1;15;;;;26;46
"055017";"Montecastrilli";83;2;12;0;4;;;;18;3;9;0;10;;;;22;40
"055017";"Montecastrilli";84;0;15;0;1;;;;16;0;5;0;12;;;;17;33
"055017";"Montecastrilli";85;0;12;0;3;;;;15;1;10;0;14;;;;25;40
"055017";"Montecastrilli";86;2;3;0;2;;;;7;0;1;0;8;;;;9;16
"055017";"Montecastrilli";87;0;7;1;3;;;;11;0;1;0;15;;;;16;27
"055017";"Montecastrilli";88;0;9;0;5;;;;14;1;1;0;14;;;;16;30
"055017";"Montecastrilli";89;1;5;0;1;;;;7;0;2;0;11;;;;13;20
"055017";"Montecastrilli";90;0;4;0;3;;;;7;0;0;0;9;;;;9;16
"055017";"Montecastrilli";91;0;5;0;0;;;;5;0;2;0;8;;;;10;15
"055017";"Montecastrilli";92;0;2;0;0;;;;2;0;1;0;9;;;;10;12
"055017";"Montecastrilli";93;0;1;0;0;;;;1;0;1;0;4;;;;5;6
"055017";"Montecastrilli";94;0;0;0;0;;;;0;0;0;0;8;;;;8;8
"055017";"Montecastrilli";95;0;0;0;0;;;;0;0;0;0;3;;;;3;3
"055017";"Montecastrilli";96;0;1;0;0;;;;1;1;0;0;2;;;;3;4
"055017";"Montecastrilli";97;0;0;0;0;;;;0;0;0;0;1;;;;1;1
"055017";"Montecastrilli";98;0;0;0;0;;;;0;0;0;0;1;;;;1;1
"055017";"Montecastrilli";99;0;0;0;0;;;;0;0;0;0;3;;;;3;3
"055017";"Montecastrilli";100;0;0;0;1;;;;1;0;0;0;1;;;;1;2
"055017";"Montecastrilli";999;1011;1214;68;63;;;;2356;866;1199;91;302;;;;2458;4814
"055018";"Montecchio";0;3;0;0;0;;;;3;1;0;0;0;;;;1;4
"055018";"Montecchio";1;2;0;0;0;;;;2;4;0;0;0;;;;4;6
"055018";"Montecchio";2;0;0;0;0;;;;0;3;0;0;0;;;;3;3
"055018";"Montecchio";3;11;0;0;0;;;;11;1;0;0;0;;;;1;12
"055018";"Montecchio";4;2;0;0;0;;;;2;2;0;0;0;;;;2;4
"055018";"Montecchio";5;5;0;0;0;;;;5;5;0;0;0;;;;5;10
"055018";"Montecchio";6;7;0;0;0;;;;7;2;0;0;0;;;;2;9
"055018";"Montecchio";7;1;0;0;0;;;;1;5;0;0;0;;;;5;6
"055018";"Montecchio";8;5;0;0;0;;;;5;5;0;0;0;;;;5;10
"055018";"Montecchio";9;3;0;0;0;;;;3;10;0;0;0;;;;10;13
"055018";"Montecchio";10;4;0;0;0;;;;4;2;0;0;0;;;;2;6
"055018";"Montecchio";11;3;0;0;0;;;;3;3;0;0;0;;;;3;6
"055018";"Montecchio";12;5;0;0;0;;;;5;3;0;0;0;;;;3;8
"055018";"Montecchio";13;3;0;0;0;;;;3;3;0;0;0;;;;3;6
"055018";"Montecchio";14;5;0;0;0;;;;5;4;0;0;0;;;;4;9
"055018";"Montecchio";15;2;0;0;0;;;;2;3;0;0;0;;;;3;5
"055018";"Montecchio";16;3;0;0;0;;;;3;5;0;0;0;;;;5;8
"055018";"Montecchio";17;7;0;0;0;;;;7;5;0;0;0;;;;5;12
"055018";"Montecchio";18;6;0;0;0;;;;6;5;0;0;0;;;;5;11
"055018";"Montecchio";19;6;0;0;0;;;;6;6;0;0;0;;;;6;12
"055018";"Montecchio";20;8;0;0;0;;;;8;2;0;0;0;;;;2;10
"055018";"Montecchio";21;6;0;0;0;;;;6;7;0;0;0;;;;7;13
"055018";"Montecchio";22;7;0;0;0;;;;7;7;0;0;0;;;;7;14
"055018";"Montecchio";23;6;0;0;0;;;;6;9;0;0;0;;;;9;15
"055018";"Montecchio";24;8;0;0;0;;;;8;4;0;0;0;;;;4;12
"055018";"Montecchio";25;12;0;0;0;;;;12;6;0;0;0;;;;6;18
"055018";"Montecchio";26;7;0;0;0;;;;7;4;0;0;0;;;;4;11
"055018";"Montecchio";27;8;1;0;0;;;;9;8;2;0;0;;;;10;19
"055018";"Montecchio";28;7;1;0;0;;;;8;8;1;0;0;;;;9;17
"055018";"Montecchio";29;10;2;0;0;;;;12;6;2;0;0;;;;8;20
"055018";"Montecchio";30;4;1;0;0;;;;5;6;6;0;0;;;;12;17
"055018";"Montecchio";31;6;1;0;0;;;;7;4;3;0;0;;;;7;14
"055018";"Montecchio";32;6;3;0;0;;;;9;6;0;0;0;;;;6;15
"055018";"Montecchio";33;1;1;0;0;;;;2;3;1;0;0;;;;4;6
"055018";"Montecchio";34;10;3;0;0;;;;13;3;0;1;0;;;;4;17
"055018";"Montecchio";35;4;1;0;0;;;;5;5;3;0;0;;;;8;13
"055018";"Montecchio";36;2;0;0;0;;;;2;1;2;0;0;;;;3;5
"055018";"Montecchio";37;2;1;0;0;;;;3;1;4;0;0;;;;5;8
"055018";"Montecchio";38;6;3;1;0;;;;10;3;3;0;0;;;;6;16
"055018";"Montecchio";39;4;2;0;0;;;;6;3;1;0;0;;;;4;10
"055018";"Montecchio";40;3;6;0;0;;;;9;5;4;0;0;;;;9;18
"055018";"Montecchio";41;3;4;0;0;;;;7;1;2;0;0;;;;3;10
"055018";"Montecchio";42;6;4;1;0;;;;11;3;2;0;0;;;;5;16
"055018";"Montecchio";43;1;2;1;0;;;;4;3;7;0;0;;;;10;14
"055018";"Montecchio";44;6;3;0;0;;;;9;4;7;0;0;;;;11;20
"055018";"Montecchio";45;6;8;1;0;;;;15;2;7;2;2;;;;13;28
"055018";"Montecchio";46;3;7;1;0;;;;11;2;5;0;0;;;;7;18
"055018";"Montecchio";47;3;4;0;0;;;;7;10;9;0;0;;;;19;26
"055018";"Montecchio";48;7;4;0;0;;;;11;1;0;0;0;;;;1;12
"055018";"Montecchio";49;9;9;0;0;;;;18;0;10;1;0;;;;11;29
"055018";"Montecchio";50;3;5;0;0;;;;8;0;8;1;0;;;;9;17
"055018";"Montecchio";51;3;7;1;0;;;;11;2;3;0;0;;;;5;16
"055018";"Montecchio";52;7;8;1;0;;;;16;1;12;1;0;;;;14;30
"055018";"Montecchio";53;1;9;1;0;;;;11;1;9;2;0;;;;12;23
"055018";"Montecchio";54;4;8;1;1;;;;14;1;6;4;0;;;;11;25
"055018";"Montecchio";55;3;14;1;1;;;;19;0;10;1;0;;;;11;30
"055018";"Montecchio";56;5;11;1;0;;;;17;1;12;2;1;;;;16;33
"055018";"Montecchio";57;2;16;0;0;;;;18;2;14;2;0;;;;18;36
"055018";"Montecchio";58;2;9;1;0;;;;12;6;8;0;3;;;;17;29
"055018";"Montecchio";59;2;10;2;0;;;;14;1;13;1;0;;;;15;29
"055018";"Montecchio";60;2;14;2;0;;;;18;3;15;0;0;;;;18;36
"055018";"Montecchio";61;0;7;1;0;;;;8;1;11;0;1;;;;13;21
"055018";"Montecchio";62;2;12;0;0;;;;14;1;10;0;2;;;;13;27
"055018";"Montecchio";63;2;8;0;1;;;;11;2;7;1;1;;;;11;22
"055018";"Montecchio";64;1;13;1;0;;;;15;2;5;1;3;;;;11;26
"055018";"Montecchio";65;3;7;0;0;;;;10;2;1;1;0;;;;4;14
"055018";"Montecchio";66;2;6;0;1;;;;9;1;15;0;0;;;;16;25
"055018";"Montecchio";67;4;7;0;1;;;;12;0;7;2;0;;;;9;21
"055018";"Montecchio";68;1;13;0;1;;;;15;1;9;0;6;;;;16;31
"055018";"Montecchio";69;1;7;1;0;;;;9;1;3;0;3;;;;7;16
"055018";"Montecchio";70;0;8;0;1;;;;9;0;5;0;1;;;;6;15
"055018";"Montecchio";71;1;8;0;0;;;;9;1;11;1;4;;;;17;26
"055018";"Montecchio";72;0;11;1;1;;;;13;1;9;0;1;;;;11;24
"055018";"Montecchio";73;1;5;2;0;;;;8;0;6;0;2;;;;8;16
"055018";"Montecchio";74;0;7;1;0;;;;8;2;12;1;4;;;;19;27
"055018";"Montecchio";75;0;5;1;0;;;;6;0;10;0;6;;;;16;22
"055018";"Montecchio";76;1;17;0;0;;;;18;0;6;0;4;;;;10;28
"055018";"Montecchio";77;0;6;0;1;;;;7;1;7;1;4;;;;13;20
"055018";"Montecchio";78;0;7;0;1;;;;8;1;7;0;0;;;;8;16
"055018";"Montecchio";79;1;11;0;2;;;;14;0;2;0;0;;;;2;16
"055018";"Montecchio";80;2;5;1;2;;;;10;1;3;0;4;;;;8;18
"055018";"Montecchio";81;0;7;0;2;;;;9;0;1;0;6;;;;7;16
"055018";"Montecchio";82;0;5;0;1;;;;6;0;3;1;6;;;;10;16
"055018";"Montecchio";83;1;6;1;0;;;;8;1;3;1;8;;;;13;21
"055018";"Montecchio";84;2;5;1;1;;;;9;1;1;0;6;;;;8;17
"055018";"Montecchio";85;0;1;0;2;;;;3;1;5;0;5;;;;11;14
"055018";"Montecchio";86;1;3;0;2;;;;6;1;2;0;5;;;;8;14
"055018";"Montecchio";87;1;4;1;0;;;;6;2;1;0;11;;;;14;20
"055018";"Montecchio";88;0;3;0;2;;;;5;0;1;0;6;;;;7;12
"055018";"Montecchio";89;0;1;1;2;;;;4;0;0;0;5;;;;5;9
"055018";"Montecchio";90;0;0;0;2;;;;2;0;1;0;2;;;;3;5
"055018";"Montecchio";91;0;2;0;0;;;;2;0;0;0;4;;;;4;6
"055018";"Montecchio";92;0;0;0;0;;;;0;0;0;0;7;;;;7;7
"055018";"Montecchio";93;1;1;0;0;;;;2;0;0;0;3;;;;3;5
"055018";"Montecchio";94;0;1;0;0;;;;1;0;0;0;1;;;;1;2
"055018";"Montecchio";95;0;0;0;2;;;;2;0;0;0;3;;;;3;5
"055018";"Montecchio";96;0;0;0;0;;;;0;0;0;0;1;;;;1;1
"055018";"Montecchio";97;0;1;0;0;;;;1;0;0;0;0;;;;0;1
"055018";"Montecchio";98;0;0;0;0;;;;0;0;0;0;1;;;;1;1
"055018";"Montecchio";99;0;0;0;0;;;;0;0;0;0;0;;;;0;0
"055018";"Montecchio";100;0;0;0;0;;;;0;0;0;0;0;;;;0;0
"055018";"Montecchio";999;316;392;29;30;;;;767;246;355;28;132;;;;761;1528
"055019";"Montefranco";0;4;0;0;0;;;;4;4;0;0;0;;;;4;8
"055019";"Montefranco";1;3;0;0;0;;;;3;6;0;0;0;;;;6;9
"055019";"Montefranco";2;7;0;0;0;;;;7;0;0;0;0;;;;0;7
"055019";"Montefranco";3;4;0;0;0;;;;4;4;0;0;0;;;;4;8
"055019";"Montefranco";4;5;0;0;0;;;;5;4;0;0;0;;;;4;9
"055019";"Montefranco";5;5;0;0;0;;;;5;7;0;0;0;;;;7;12
"055019";"Montefranco";6;6;0;0;0;;;;6;4;0;0;0;;;;4;10
"055019";"Montefranco";7;4;0;0;0;;;;4;4;0;0;0;;;;4;8
"055019";"Montefranco";8;8;0;0;0;;;;8;4;0;0;0;;;;4;12
"055019";"Montefranco";9;4;0;0;0;;;;4;5;0;0;0;;;;5;9
"055019";"Montefranco";10;3;0;0;0;;;;3;9;0;0;0;;;;9;12
"055019";"Montefranco";11;10;0;0;0;;;;10;8;0;0;0;;;;8;18
"055019";"Montefranco";12;6;0;0;0;;;;6;5;0;0;0;;;;5;11
"055019";"Montefranco";13;6;0;0;0;;;;6;3;0;0;0;;;;3;9
"055019";"Montefranco";14;6;0;0;0;;;;6;3;0;0;0;;;;3;9
"055019";"Montefranco";15;7;0;0;0;;;;7;8;0;0;0;;;;8;15
"055019";"Montefranco";16;10;0;0;0;;;;10;4;0;0;0;;;;4;14
"055019";"Montefranco";17;4;0;0;0;;;;4;6;0;0;0;;;;6;10
"055019";"Montefranco";18;6;0;0;0;;;;6;4;0;0;0;;;;4;10
"055019";"Montefranco";19;7;0;0;0;;;;7;4;0;0;0;;;;4;11
"055019";"Montefranco";20;4;0;0;0;;;;4;7;0;0;0;;;;7;11
"055019";"Montefranco";21;11;0;0;0;;;;11;4;0;0;0;;;;4;15
"055019";"Montefranco";22;4;0;0;0;;;;4;7;0;0;0;;;;7;11
"055019";"Montefranco";23;6;0;0;0;;;;6;1;0;0;0;;;;1;7
"055019";"Montefranco";24;4;0;0;0;;;;4;3;0;0;0;;;;3;7
"055019";"Montefranco";25;4;0;0;0;;;;4;5;0;0;0;;;;5;9
"055019";"Montefranco";26;5;0;0;0;;;;5;5;0;0;0;;;;5;10
"055019";"Montefranco";27;6;1;0;0;;;;7;2;1;0;0;;;;3;10
"055019";"Montefranco";28;5;0;0;0;;;;5;6;1;0;0;;;;7;12
"055019";"Montefranco";29;4;0;0;0;;;;4;6;0;0;0;;;;6;10
"055019";"Montefranco";30;4;0;0;0;;;;4;4;2;0;0;;;;6;10
"055019";"Montefranco";31;4;1;0;0;;;;5;4;4;0;0;;;;8;13
"055019";"Montefranco";32;6;2;0;0;;;;8;3;3;0;0;;;;6;14
"055019";"Montefranco";33;4;2;0;0;;;;6;0;0;0;0;;;;0;6
"055019";"Montefranco";34;4;2;0;0;;;;6;2;2;0;0;;;;4;10
"055019";"Montefranco";35;7;2;0;0;;;;9;2;6;0;0;;;;8;17
"055019";"Montefranco";36;3;0;0;0;;;;3;4;4;0;0;;;;8;11
"055019";"Montefranco";37;8;2;0;0;;;;10;8;4;0;0;;;;12;22
"055019";"Montefranco";38;8;2;0;0;;;;10;4;2;0;0;;;;6;16
"055019";"Montefranco";39;3;4;0;0;;;;7;5;5;0;0;;;;10;17
"055019";"Montefranco";40;1;5;0;0;;;;6;5;4;0;0;;;;9;15
"055019";"Montefranco";41;5;8;0;0;;;;13;2;8;2;0;;;;12;25
"055019";"Montefranco";42;6;2;1;0;;;;9;5;3;0;0;;;;8;17
"055019";"Montefranco";43;5;3;0;0;;;;8;2;7;0;0;;;;9;17
"055019";"Montefranco";44;7;2;2;0;;;;11;1;9;1;0;;;;11;22
"055019";"Montefranco";45;1;2;0;0;;;;3;2;10;0;0;;;;12;15
"055019";"Montefranco";46;3;9;2;0;;;;14;3;4;0;0;;;;7;21
"055019";"Montefranco";47;3;11;2;0;;;;16;2;4;1;0;;;;7;23
"055019";"Montefranco";48;3;8;0;0;;;;11;2;11;0;0;;;;13;24
"055019";"Montefranco";49;2;8;0;0;;;;10;4;7;1;0;;;;12;22
"055019";"Montefranco";50;0;7;1;0;;;;8;2;7;0;0;;;;9;17
"055019";"Montefranco";51;5;6;2;0;;;;13;0;11;0;0;;;;11;24
"055019";"Montefranco";52;1;12;1;0;;;;14;0;4;1;0;;;;5;19
"055019";"Montefranco";53;2;11;2;0;;;;15;0;3;1;0;;;;4;19
"055019";"Montefranco";54;0;6;0;0;;;;6;2;5;1;0;;;;8;14
"055019";"Montefranco";55;2;5;1;0;;;;8;0;4;0;0;;;;4;12
"055019";"Montefranco";56;3;9;0;0;;;;12;0;6;1;1;;;;8;20
"055019";"Montefranco";57;1;5;1;0;;;;7;2;4;1;1;;;;8;15
"055019";"Montefranco";58;1;7;1;1;;;;10;1;8;0;0;;;;9;19
"055019";"Montefranco";59;2;9;0;0;;;;11;1;10;1;1;;;;13;24
"055019";"Montefranco";60;0;4;3;0;;;;7;0;9;1;0;;;;10;17
"055019";"Montefranco";61;1;5;1;0;;;;7;1;10;0;1;;;;12;19
"055019";"Montefranco";62;0;7;1;1;;;;9;0;6;2;0;;;;8;17
"055019";"Montefranco";63;0;5;2;0;;;;7;0;6;0;0;;;;6;13
"055019";"Montefranco";64;0;12;0;0;;;;12;0;5;1;3;;;;9;21
"055019";"Montefranco";65;0;8;1;0;;;;9;0;9;0;1;;;;10;19
"055019";"Montefranco";66;1;8;1;0;;;;10;0;3;1;4;;;;8;18
"055019";"Montefranco";67;1;2;0;1;;;;4;0;7;1;2;;;;10;14
"055019";"Montefranco";68;0;6;0;1;;;;7;0;6;1;1;;;;8;15
"055019";"Montefranco";69;0;6;1;0;;;;7;0;7;1;2;;;;10;17
"055019";"Montefranco";70;1;5;0;1;;;;7;0;9;0;3;;;;12;19
"055019";"Montefranco";71;2;9;0;1;;;;12;0;7;0;1;;;;8;20
"055019";"Montefranco";72;1;7;1;0;;;;9;0;6;0;1;;;;7;16
"055019";"Montefranco";73;0;2;0;0;;;;2;0;5;0;3;;;;8;10
"055019";"Montefranco";74;0;6;0;1;;;;7;1;4;0;5;;;;10;17
"055019";"Montefranco";75;0;11;0;2;;;;13;0;6;0;2;;;;8;21
"055019";"Montefranco";76;0;6;0;1;;;;7;0;3;0;7;;;;10;17
"055019";"Montefranco";77;0;5;1;1;;;;7;1;2;0;1;;;;4;11
"055019";"Montefranco";78;0;1;1;1;;;;3;1;1;0;3;;;;5;8
"055019";"Montefranco";79;0;7;0;1;;;;8;0;3;0;3;;;;6;14
"055019";"Montefranco";80;0;5;0;0;;;;5;0;5;1;2;;;;8;13
"055019";"Montefranco";81;0;1;0;1;;;;2;0;0;0;5;;;;5;7
"055019";"Montefranco";82;2;3;0;1;;;;6;1;3;0;0;;;;4;10
"055019";"Montefranco";83;0;4;0;1;;;;5;0;1;0;6;;;;7;12
"055019";"Montefranco";84;1;2;0;1;;;;4;0;2;1;3;;;;6;10
"055019";"Montefranco";85;0;3;0;0;;;;3;0;2;1;6;;;;9;12
"055019";"Montefranco";86;0;0;0;0;;;;0;0;1;0;4;;;;5;5
"055019";"Montefranco";87;0;2;0;0;;;;2;0;1;0;4;;;;5;7
"055019";"Montefranco";88;0;1;0;1;;;;2;0;0;0;0;;;;0;2
"055019";"Montefranco";89;0;0;0;1;;;;1;0;0;0;2;;;;2;3
"055019";"Montefranco";90;0;0;0;2;;;;2;0;0;0;4;;;;4;6
"055019";"Montefranco";91;0;2;0;1;;;;3;0;0;0;3;;;;3;6
"055019";"Montefranco";92;0;0;0;0;;;;0;0;0;0;1;;;;1;1
"055019";"Montefranco";93;0;0;0;0;;;;0;0;1;0;1;;;;2;2
"055019";"Montefranco";94;0;1;0;0;;;;1;0;0;0;1;;;;1;2
"055019";"Montefranco";95;0;0;0;0;;;;0;1;0;0;3;;;;4;4
"055019";"Montefranco";96;0;0;0;1;;;;1;0;0;0;0;;;;0;1
"055019";"Montefranco";97;0;0;0;0;;;;0;0;0;0;1;;;;1;1
"055019";"Montefranco";98;0;0;0;0;;;;0;0;0;0;0;;;;0;0
"055019";"Montefranco";99;0;0;0;0;;;;0;0;0;0;0;;;;0;0
"055019";"Montefranco";100;0;0;0;0;;;;0;0;0;0;1;;;;1;1
"055019";"Montefranco";999;282;299;29;23;;;;633;220;293;22;93;;;;628;1261
"055020";"Montegabbione";0;3;0;0;0;;;;3;0;0;0;0;;;;0;3
"055020";"Montegabbione";1;6;0;0;0;;;;6;1;0;0;0;;;;1;7
"055020";"Montegabbione";2;1;0;0;0;;;;1;5;0;0;0;;;;5;6
"055020";"Montegabbione";3;1;0;0;0;;;;1;2;0;0;0;;;;2;3
"055020";"Montegabbione";4;2;0;0;0;;;;2;1;0;0;0;;;;1;3
"055020";"Montegabbione";5;1;0;0;0;;;;1;2;0;0;0;;;;2;3
"055020";"Montegabbione";6;5;0;0;0;;;;5;2;0;0;0;;;;2;7
"055020";"Montegabbione";7;4;0;0;0;;;;4;1;0;0;0;;;;1;5
"055020";"Montegabbione";8;6;0;0;0;;;;6;6;0;0;0;;;;6;12
"055020";"Montegabbione";9;2;0;0;0;;;;2;7;0;0;0;;;;7;9
"055020";"Montegabbione";10;8;0;0;0;;;;8;5;0;0;0;;;;5;13
"055020";"Montegabbione";11;4;0;0;0;;;;4;8;0;0;0;;;;8;12
"055020";"Montegabbione";12;1;0;0;0;;;;1;8;0;0;0;;;;8;9
"055020";"Montegabbione";13;0;0;0;0;;;;0;5;0;0;0;;;;5;5
"055020";"Montegabbione";14;5;0;0;0;;;;5;6;0;0;0;;;;6;11
"055020";"Montegabbione";15;6;0;0;0;;;;6;5;0;0;0;;;;5;11
"055020";"Montegabbione";16;6;0;0;0;;;;6;3;0;0;0;;;;3;9
"055020";"Montegabbione";17;4;0;0;0;;;;4;0;0;0;0;;;;0;4
"055020";"Montegabbione";18;2;0;0;0;;;;2;7;0;0;0;;;;7;9
"055020";"Montegabbione";19;1;0;0;0;;;;1;2;0;0;0;;;;2;3
"055020";"Montegabbione";20;6;0;0;0;;;;6;6;0;0;0;;;;6;12
"055020";"Montegabbione";21;2;0;0;0;;;;2;2;0;0;0;;;;2;4
"055020";"Montegabbione";22;7;0;0;0;;;;7;4;0;0;0;;;;4;11
"055020";"Montegabbione";23;3;0;0;0;;;;3;4;0;0;0;;;;4;7
"055020";"Montegabbione";24;7;0;0;0;;;;7;5;1;0;0;;;;6;13
"055020";"Montegabbione";25;5;0;0;0;;;;5;3;0;0;0;;;;3;8
"055020";"Montegabbione";26;6;0;0;0;;;;6;3;2;0;0;;;;5;11
"055020";"Montegabbione";27;2;0;0;0;;;;2;4;1;0;0;;;;5;7
"055020";"Montegabbione";28;8;0;0;0;;;;8;1;1;0;0;;;;2;10
"055020";"Montegabbione";29;4;1;0;0;;;;5;2;2;0;0;;;;4;9
"055020";"Montegabbione";30;1;0;0;0;;;;1;2;0;0;0;;;;2;3
"055020";"Montegabbione";31;5;1;0;0;;;;6;4;1;0;0;;;;5;11
"055020";"Montegabbione";32;2;0;0;0;;;;2;4;0;0;0;;;;4;6
"055020";"Montegabbione";33;1;1;0;0;;;;2;6;4;0;0;;;;10;12
"055020";"Montegabbione";34;3;1;0;0;;;;4;2;4;0;0;;;;6;10
"055020";"Montegabbione";35;5;2;0;0;;;;7;2;4;0;0;;;;6;13
"055020";"Montegabbione";36;5;1;0;0;;;;6;2;3;0;0;;;;5;11
"055020";"Montegabbione";37;4;2;0;0;;;;6;1;4;0;0;;;;5;11
"055020";"Montegabbione";38;2;2;0;0;;;;4;5;7;0;0;;;;12;16
"055020";"Montegabbione";39;6;4;0;0;;;;10;5;2;0;0;;;;7;17
"055020";"Montegabbione";40;2;2;0;0;;;;4;2;3;0;0;;;;5;9
"055020";"Montegabbione";41;2;4;0;0;;;;6;3;2;0;0;;;;5;11
"055020";"Montegabbione";42;5;4;1;0;;;;10;4;4;0;0;;;;8;18
"055020";"Montegabbione";43;2;3;0;0;;;;5;0;0;0;0;;;;0;5
"055020";"Montegabbione";44;3;7;0;0;;;;10;1;5;1;0;;;;7;17
"055020";"Montegabbione";45;4;6;0;0;;;;10;2;4;0;0;;;;6;16
"055020";"Montegabbione";46;2;5;0;0;;;;7;1;3;0;0;;;;4;11
"055020";"Montegabbione";47;2;6;1;0;;;;9;0;7;0;0;;;;7;16
"055020";"Montegabbione";48;5;3;0;0;;;;8;1;6;0;0;;;;7;15
"055020";"Montegabbione";49;4;2;0;0;;;;6;4;4;0;0;;;;8;14
"055020";"Montegabbione";50;3;2;0;0;;;;5;1;4;0;0;;;;5;10
"055020";"Montegabbione";51;4;7;0;0;;;;11;1;4;2;0;;;;7;18
"055020";"Montegabbione";52;3;4;1;0;;;;8;0;2;0;0;;;;2;10
"055020";"Montegabbione";53;1;7;0;0;;;;8;1;8;0;0;;;;9;17
"055020";"Montegabbione";54;4;5;0;0;;;;9;0;10;0;0;;;;10;19
"055020";"Montegabbione";55;2;10;1;0;;;;13;0;7;0;0;;;;7;20
"055020";"Montegabbione";56;2;6;0;0;;;;8;2;6;0;0;;;;8;16
"055020";"Montegabbione";57;1;3;0;0;;;;4;1;8;0;0;;;;9;13
"055020";"Montegabbione";58;1;2;0;0;;;;3;2;6;1;0;;;;9;12
"055020";"Montegabbione";59;2;8;0;0;;;;10;1;4;1;0;;;;6;16
"055020";"Montegabbione";60;1;11;0;0;;;;12;1;6;1;1;;;;9;21
"055020";"Montegabbione";61;3;4;1;0;;;;8;1;8;0;1;;;;10;18
"055020";"Montegabbione";62;0;9;0;0;;;;9;3;4;1;1;;;;9;18
"055020";"Montegabbione";63;3;6;0;0;;;;9;0;5;1;0;;;;6;15
"055020";"Montegabbione";64;1;3;0;1;;;;5;0;7;0;1;;;;8;13
"055020";"Montegabbione";65;3;1;1;1;;;;6;0;8;0;2;;;;10;16
"055020";"Montegabbione";66;0;6;1;0;;;;7;0;6;0;2;;;;8;15
"055020";"Montegabbione";67;2;4;0;0;;;;6;2;6;0;0;;;;8;14
"055020";"Montegabbione";68;1;12;1;0;;;;14;1;9;1;1;;;;12;26
"055020";"Montegabbione";69;1;7;0;0;;;;8;2;3;1;1;;;;7;15
"055020";"Montegabbione";70;0;8;0;0;;;;8;0;3;1;1;;;;5;13
"055020";"Montegabbione";71;3;5;1;0;;;;9;1;10;0;0;;;;11;20
"055020";"Montegabbione";72;0;7;0;0;;;;7;1;6;1;2;;;;10;17
"055020";"Montegabbione";73;3;6;0;1;;;;10;1;10;1;2;;;;14;24
"055020";"Montegabbione";74;0;9;0;0;;;;9;1;5;0;0;;;;6;15
"055020";"Montegabbione";75;2;5;0;0;;;;7;0;9;0;2;;;;11;18
"055020";"Montegabbione";76;2;6;0;0;;;;8;1;2;0;1;;;;4;12
"055020";"Montegabbione";77;0;5;0;0;;;;5;0;3;0;1;;;;4;9
"055020";"Montegabbione";78;0;8;0;1;;;;9;2;4;1;3;;;;10;19
"055020";"Montegabbione";79;1;4;0;0;;;;5;0;5;0;5;;;;10;15
"055020";"Montegabbione";80;1;6;0;0;;;;7;0;7;0;3;;;;10;17
"055020";"Montegabbione";81;1;2;0;2;;;;5;1;2;0;3;;;;6;11
"055020";"Montegabbione";82;0;7;0;0;;;;7;0;3;0;5;;;;8;15
"055020";"Montegabbione";83;0;5;0;0;;;;5;0;4;0;3;;;;7;12
"055020";"Montegabbione";84;3;3;0;1;;;;7;1;5;0;4;;;;10;17
"055020";"Montegabbione";85;0;5;0;0;;;;5;1;1;0;1;;;;3;8
"055020";"Montegabbione";86;1;1;0;0;;;;2;0;0;0;2;;;;2;4
"055020";"Montegabbione";87;1;2;0;6;;;;9;0;1;0;3;;;;4;13
"055020";"Montegabbione";88;3;5;0;0;;;;8;0;1;0;7;;;;8;16
"055020";"Montegabbione";89;0;3;0;0;;;;3;1;0;0;3;;;;4;7
"055020";"Montegabbione";90;1;1;0;0;;;;2;0;1;0;4;;;;5;7
"055020";"Montegabbione";91;0;2;0;1;;;;3;0;0;0;3;;;;3;6
"055020";"Montegabbione";92;0;0;0;0;;;;0;0;0;0;2;;;;2;2
"055020";"Montegabbione";93;0;2;0;3;;;;5;0;0;0;4;;;;4;9
"055020";"Montegabbione";94;0;1;0;1;;;;2;0;0;0;2;;;;2;4
"055020";"Montegabbione";95;0;0;0;0;;;;0;0;0;0;0;;;;0;0
"055020";"Montegabbione";96;0;0;0;0;;;;0;0;0;0;1;;;;1;1
"055020";"Montegabbione";97;0;0;0;1;;;;1;0;0;0;0;;;;0;1
"055020";"Montegabbione";98;0;0;0;0;;;;0;0;0;0;0;;;;0;0
"055020";"Montegabbione";99;0;0;0;0;;;;0;0;0;0;1;;;;1;1
"055020";"Montegabbione";100;0;0;0;0;;;;0;0;0;0;0;;;;0;0
"055020";"Montegabbione";999;243;282;9;19;;;;553;191;277;14;78;;;;560;1113
"055021";"Monteleone d'Orvieto";0;6;0;0;0;;;;6;4;0;0;0;;;;4;10
"055021";"Monteleone d'Orvieto";1;7;0;0;0;;;;7;5;0;0;0;;;;5;12
"055021";"Monteleone d'Orvieto";2;4;0;0;0;;;;4;2;0;0;0;;;;2;6
"055021";"Monteleone d'Orvieto";3;6;0;0;0;;;;6;3;0;0;0;;;;3;9
"055021";"Monteleone d'Orvieto";4;4;0;0;0;;;;4;3;0;0;0;;;;3;7
"055021";"Monteleone d'Orvieto";5;2;0;0;0;;;;2;1;0;0;0;;;;1;3
"055021";"Monteleone d'Orvieto";6;5;0;0;0;;;;5;3;0;0;0;;;;3;8
"055021";"Monteleone d'Orvieto";7;5;0;0;0;;;;5;6;0;0;0;;;;6;11
"055021";"Monteleone d'Orvieto";8;6;0;0;0;;;;6;7;0;0;0;;;;7;13
"055021";"Monteleone d'Orvieto";9;1;0;0;0;;;;1;4;0;0;0;;;;4;5
"055021";"Monteleone d'Orvieto";10;3;0;0;0;;;;3;7;0;0;0;;;;7;10
"055021";"Monteleone d'Orvieto";11;5;0;0;0;;;;5;5;0;0;0;;;;5;10
"055021";"Monteleone d'Orvieto";12;4;0;0;0;;;;4;8;0;0;0;;;;8;12
"055021";"Monteleone d'Orvieto";13;2;0;0;0;;;;2;5;0;0;0;;;;5;7
"055021";"Monteleone d'Orvieto";14;5;0;0;0;;;;5;5;0;0;0;;;;5;10
"055021";"Monteleone d'Orvieto";15;4;0;0;0;;;;4;11;0;0;0;;;;11;15
"055021";"Monteleone d'Orvieto";16;10;0;0;0;;;;10;5;0;0;0;;;;5;15
"055021";"Monteleone d'Orvieto";17;3;0;0;0;;;;3;6;0;0;0;;;;6;9
"055021";"Monteleone d'Orvieto";18;5;0;0;0;;;;5;6;0;0;0;;;;6;11
"055021";"Monteleone d'Orvieto";19;8;0;0;0;;;;8;4;0;0;0;;;;4;12
"055021";"Monteleone d'Orvieto";20;4;0;0;0;;;;4;5;0;0;0;;;;5;9
"055021";"Monteleone d'Orvieto";21;3;0;0;0;;;;3;4;1;0;0;;;;5;8
"055021";"Monteleone d'Orvieto";22;2;0;0;0;;;;2;5;0;0;0;;;;5;7
"055021";"Monteleone d'Orvieto";23;6;0;0;0;;;;6;6;0;0;0;;;;6;12
"055021";"Monteleone d'Orvieto";24;7;0;0;0;;;;7;5;0;0;0;;;;5;12
"055021";"Monteleone d'Orvieto";25;4;1;0;0;;;;5;3;0;0;0;;;;3;8
"055021";"Monteleone d'Orvieto";26;3;0;0;0;;;;3;6;0;0;0;;;;6;9
"055021";"Monteleone d'Orvieto";27;7;0;0;0;;;;7;4;0;0;0;;;;4;11
"055021";"Monteleone d'Orvieto";28;4;0;0;0;;;;4;8;1;0;0;;;;9;13
"055021";"Monteleone d'Orvieto";29;4;0;0;0;;;;4;5;1;0;0;;;;6;10
"055021";"Monteleone d'Orvieto";30;9;0;0;0;;;;9;2;2;0;0;;;;4;13
"055021";"Monteleone d'Orvieto";31;6;0;0;0;;;;6;6;2;0;0;;;;8;14
"055021";"Monteleone d'Orvieto";32;2;2;0;0;;;;4;3;2;0;0;;;;5;9
"055021";"Monteleone d'Orvieto";33;8;0;0;0;;;;8;6;0;0;0;;;;6;14
"055021";"Monteleone d'Orvieto";34;6;3;0;0;;;;9;6;3;0;0;;;;9;18
"055021";"Monteleone d'Orvieto";35;5;1;0;0;;;;6;2;5;0;0;;;;7;13
"055021";"Monteleone d'Orvieto";36;3;2;0;0;;;;5;6;5;0;0;;;;11;16
"055021";"Monteleone d'Orvieto";37;2;4;1;0;;;;7;5;2;1;0;;;;8;15
"055021";"Monteleone d'Orvieto";38;3;5;0;0;;;;8;2;8;0;0;;;;10;18
"055021";"Monteleone d'Orvieto";39;8;4;0;0;;;;12;6;5;0;0;;;;11;23
"055021";"Monteleone d'Orvieto";40;3;4;0;0;;;;7;3;2;0;0;;;;5;12
"055021";"Monteleone d'Orvieto";41;3;2;0;0;;;;5;1;3;0;0;;;;4;9
"055021";"Monteleone d'Orvieto";42;2;5;0;0;;;;7;2;3;0;0;;;;5;12
"055021";"Monteleone d'Orvieto";43;4;3;0;0;;;;7;2;3;0;0;;;;5;12
"055021";"Monteleone d'Orvieto";44;5;3;0;0;;;;8;4;4;0;0;;;;8;16
"055021";"Monteleone d'Orvieto";45;4;3;0;0;;;;7;5;7;2;0;;;;14;21
"055021";"Monteleone d'Orvieto";46;1;6;1;0;;;;8;1;4;0;0;;;;5;13
"055021";"Monteleone d'Orvieto";47;8;10;2;0;;;;20;4;6;1;0;;;;11;31
"055021";"Monteleone d'Orvieto";48;2;3;0;0;;;;5;4;10;0;0;;;;14;19
"055021";"Monteleone d'Orvieto";49;2;4;0;0;;;;6;3;10;1;0;;;;14;20
"055021";"Monteleone d'Orvieto";50;3;8;0;0;;;;11;2;4;1;0;;;;7;18
"055021";"Monteleone d'Orvieto";51;1;7;1;0;;;;9;1;15;1;1;;;;18;27
"055021";"Monteleone d'Orvieto";52;4;5;2;0;;;;11;2;9;0;0;;;;11;22
"055021";"Monteleone d'Orvieto";53;2;11;0;0;;;;13;1;4;0;1;;;;6;19
"055021";"Monteleone d'Orvieto";54;0;4;0;0;;;;4;0;5;1;1;;;;7;11
"055021";"Monteleone d'Orvieto";55;1;8;2;0;;;;11;1;10;2;1;;;;14;25
"055021";"Monteleone d'Orvieto";56;1;9;2;0;;;;12;0;6;0;0;;;;6;18
"055021";"Monteleone d'Orvieto";57;3;7;0;0;;;;10;1;9;1;0;;;;11;21
"055021";"Monteleone d'Orvieto";58;0;6;1;0;;;;7;0;8;0;0;;;;8;15
"055021";"Monteleone d'Orvieto";59;0;11;0;0;;;;11;1;9;1;0;;;;11;22
"055021";"Monteleone d'Orvieto";60;3;5;0;1;;;;9;1;8;1;0;;;;10;19
"055021";"Monteleone d'Orvieto";61;3;11;0;0;;;;14;2;7;1;1;;;;11;25
"055021";"Monteleone d'Orvieto";62;2;9;1;0;;;;12;0;9;1;1;;;;11;23
"055021";"Monteleone d'Orvieto";63;0;7;1;0;;;;8;2;8;1;1;;;;12;20
"055021";"Monteleone d'Orvieto";64;1;7;0;0;;;;8;0;12;1;0;;;;13;21
"055021";"Monteleone d'Orvieto";65;0;8;1;0;;;;9;3;7;0;2;;;;12;21
"055021";"Monteleone d'Orvieto";66;2;8;1;0;;;;11;1;9;0;0;;;;10;21
"055021";"Monteleone d'Orvieto";67;2;6;0;0;;;;8;0;4;3;1;;;;8;16
"055021";"Monteleone d'Orvieto";68;3;7;0;0;;;;10;0;14;0;1;;;;15;25
"055021";"Monteleone d'Orvieto";69;1;14;0;0;;;;15;1;11;1;0;;;;13;28
"055021";"Monteleone d'Orvieto";70;3;5;0;1;;;;9;1;12;1;2;;;;16;25
"055021";"Monteleone d'Orvieto";71;0;12;0;0;;;;12;0;5;0;1;;;;6;18
"055021";"Monteleone d'Orvieto";72;0;9;1;1;;;;11;1;4;1;3;;;;9;20
"055021";"Monteleone d'Orvieto";73;1;10;0;0;;;;11;2;12;0;2;;;;16;27
"055021";"Monteleone d'Orvieto";74;1;11;0;0;;;;12;1;9;0;0;;;;10;22
"055021";"Monteleone d'Orvieto";75;1;11;1;1;;;;14;1;6;0;1;;;;8;22
"055021";"Monteleone d'Orvieto";76;1;4;0;0;;;;5;0;6;0;2;;;;8;13
"055021";"Monteleone d'Orvieto";77;1;7;0;0;;;;8;0;8;0;2;;;;10;18
"055021";"Monteleone d'Orvieto";78;0;5;0;0;;;;5;0;3;1;6;;;;10;15
"055021";"Monteleone d'Orvieto";79;0;7;0;0;;;;7;0;2;0;2;;;;4;11
"055021";"Monteleone d'Orvieto";80;1;4;0;0;;;;5;0;3;0;7;;;;10;15
"055021";"Monteleone d'Orvieto";81;0;4;0;0;;;;4;0;2;0;0;;;;2;6
"055021";"Monteleone d'Orvieto";82;0;9;0;1;;;;10;1;4;0;5;;;;10;20
"055021";"Monteleone d'Orvieto";83;0;1;0;2;;;;3;0;5;0;2;;;;7;10
"055021";"Monteleone d'Orvieto";84;0;1;0;0;;;;1;0;6;0;6;;;;12;13
"055021";"Monteleone d'Orvieto";85;0;3;0;0;;;;3;0;4;3;8;;;;15;18
"055021";"Monteleone d'Orvieto";86;0;4;0;3;;;;7;0;1;0;4;;;;5;12
"055021";"Monteleone d'Orvieto";87;0;0;0;1;;;;1;0;3;0;3;;;;6;7
"055021";"Monteleone d'Orvieto";88;0;5;0;0;;;;5;0;1;0;1;;;;2;7
"055021";"Monteleone d'Orvieto";89;0;2;0;1;;;;3;0;3;0;6;;;;9;12
"055021";"Monteleone d'Orvieto";90;0;1;0;0;;;;1;0;0;0;1;;;;1;2
"055021";"Monteleone d'Orvieto";91;0;1;0;0;;;;1;0;0;0;2;;;;2;3
"055021";"Monteleone d'Orvieto";92;0;1;0;1;;;;2;1;2;0;6;;;;9;11
"055021";"Monteleone d'Orvieto";93;0;1;0;0;;;;1;0;0;0;2;;;;2;3
"055021";"Monteleone d'Orvieto";94;0;0;0;1;;;;1;0;0;0;3;;;;3;4
"055021";"Monteleone d'Orvieto";95;0;1;0;0;;;;1;0;0;0;0;;;;0;1
"055021";"Monteleone d'Orvieto";96;0;0;0;0;;;;0;0;0;0;0;;;;0;0
"055021";"Monteleone d'Orvieto";97;0;1;0;0;;;;1;0;0;0;1;;;;1;2
"055021";"Monteleone d'Orvieto";98;0;1;0;0;;;;1;0;0;0;0;;;;0;1
"055021";"Monteleone d'Orvieto";99;0;0;0;0;;;;0;0;0;0;0;;;;0;0
"055021";"Monteleone d'Orvieto";100;0;0;0;0;;;;0;0;0;0;1;;;;1;1
"055021";"Monteleone d'Orvieto";999;266;344;18;14;;;;642;251;358;27;90;;;;726;1368
"055022";"Narni";0;28;0;0;0;;;;28;53;0;0;0;;;;53;81
"055022";"Narni";1;40;0;0;0;;;;40;47;0;0;0;;;;47;87
"055022";"Narni";2;60;0;0;0;;;;60;49;0;0;0;;;;49;109
"055022";"Narni";3;52;0;0;0;;;;52;47;0;0;0;;;;47;99
"055022";"Narni";4;57;0;0;0;;;;57;52;0;0;0;;;;52;109
"055022";"Narni";5;56;0;0;0;;;;56;54;0;0;0;;;;54;110
"055022";"Narni";6;55;0;0;0;;;;55;32;0;0;0;;;;32;87
"055022";"Narni";7;71;0;0;0;;;;71;50;0;0;0;;;;50;121
"055022";"Narni";8;66;0;0;0;;;;66;53;0;0;0;;;;53;119
"055022";"Narni";9;84;0;0;0;;;;84;61;0;0;0;;;;61;145
"055022";"Narni";10;59;0;0;0;;;;59;73;0;0;0;;;;73;132
"055022";"Narni";11;72;0;0;0;;;;72;66;0;0;0;;;;66;138
"055022";"Narni";12;73;0;0;0;;;;73;77;0;0;0;;;;77;150
"055022";"Narni";13;65;0;0;0;;;;65;55;0;0;0;;;;55;120
"055022";"Narni";14;83;0;0;0;;;;83;81;0;0;0;;;;81;164
"055022";"Narni";15;83;0;0;0;;;;83;93;0;0;0;;;;93;176
"055022";"Narni";16;92;0;0;0;;;;92;79;0;0;0;;;;79;171
"055022";"Narni";17;75;0;0;0;;;;75;71;0;0;0;;;;71;146
"055022";"Narni";18;91;0;0;0;;;;91;89;0;0;0;;;;89;180
"055022";"Narni";19;72;0;0;0;;;;72;75;0;0;0;;;;75;147
"055022";"Narni";20;84;0;0;0;;;;84;93;0;0;0;;;;93;177
"055022";"Narni";21;78;0;0;0;;;;78;83;0;0;0;;;;83;161
"055022";"Narni";22;85;0;0;0;;;;85;66;1;0;0;;;;67;152
"055022";"Narni";23;93;0;0;0;;;;93;85;2;0;0;;;;87;180
"055022";"Narni";24;111;1;0;0;;;;112;86;1;0;0;;;;87;199
"055022";"Narni";25;98;2;0;0;;;;100;68;4;0;0;;;;72;172
"055022";"Narni";26;68;2;0;0;;;;70;74;9;0;0;;;;83;153
"055022";"Narni";27;84;2;0;0;;;;86;61;4;0;0;;;;65;151
"055022";"Narni";28;67;8;0;0;;;;75;71;14;0;0;;;;85;160
"055022";"Narni";29;70;6;0;0;;;;76;73;18;0;0;;;;91;167
"055022";"Narni";30;61;4;0;0;;;;65;59;15;0;0;;;;74;139
"055022";"Narni";31;75;12;0;0;;;;87;53;17;0;1;;;;71;158
"055022";"Narni";32;76;11;0;0;;;;87;52;24;1;0;;;;77;164
"055022";"Narni";33;62;17;0;0;;;;79;44;32;0;0;;;;76;155
"055022";"Narni";34;54;15;1;0;;;;70;42;30;2;0;;;;74;144
"055022";"Narni";35;50;23;0;0;;;;73;52;24;0;0;;;;76;149
"055022";"Narni";36;55;30;0;0;;;;85;51;30;5;0;;;;86;171
"055022";"Narni";37;63;32;0;0;;;;95;40;44;2;0;;;;86;181
"055022";"Narni";38;52;31;0;0;;;;83;50;33;6;0;;;;89;172
"055022";"Narni";39;64;27;1;0;;;;92;37;49;4;0;;;;90;182
"055022";"Narni";40;51;53;3;0;;;;107;41;62;1;0;;;;104;211
"055022";"Narni";41;53;47;2;0;;;;102;26;60;5;1;;;;92;194
"055022";"Narni";42;45;46;2;0;;;;93;34;54;4;1;;;;93;186
"055022";"Narni";43;45;49;2;0;;;;96;45;71;3;0;;;;119;215
"055022";"Narni";44;49;48;5;0;;;;102;34;65;5;3;;;;107;209
"055022";"Narni";45;44;59;2;0;;;;105;37;78;5;0;;;;120;225
"055022";"Narni";46;46;57;2;0;;;;105;38;65;7;1;;;;111;216
"055022";"Narni";47;28;89;4;0;;;;121;26;104;9;3;;;;142;263
"055022";"Narni";48;35;88;6;0;;;;129;30;100;17;3;;;;150;279
"055022";"Narni";49;38;79;11;4;;;;132;30;96;12;2;;;;140;272
"055022";"Narni";50;37;93;10;2;;;;142;18;111;18;5;;;;152;294
"055022";"Narni";51;40;96;11;1;;;;148;24;106;17;3;;;;150;298
"055022";"Narni";52;34;85;10;0;;;;129;30;114;11;2;;;;157;286
"055022";"Narni";53;39;105;14;2;;;;160;15;118;8;7;;;;148;308
"055022";"Narni";54;22;104;5;1;;;;132;24;124;14;4;;;;166;298
"055022";"Narni";55;34;113;9;3;;;;159;21;107;13;5;;;;146;305
"055022";"Narni";56;24;97;12;3;;;;136;17;92;12;6;;;;127;263
"055022";"Narni";57;35;111;12;2;;;;160;15;127;16;9;;;;167;327
"055022";"Narni";58;21;103;13;4;;;;141;13;121;18;8;;;;160;301
"055022";"Narni";59;22;121;11;1;;;;155;12;101;10;8;;;;131;286
"055022";"Narni";60;21;118;6;3;;;;148;14;117;13;8;;;;152;300
"055022";"Narni";61;19;99;7;3;;;;128;19;127;6;12;;;;164;292
"055022";"Narni";62;15;99;7;2;;;;123;14;116;12;10;;;;152;275
"055022";"Narni";63;10;117;6;1;;;;134;9;96;3;14;;;;122;256
"055022";"Narni";64;14;97;6;5;;;;122;9;113;7;18;;;;147;269
"055022";"Narni";65;15;102;7;2;;;;126;11;90;9;15;;;;125;251
"055022";"Narni";66;15;120;9;5;;;;149;14;98;5;17;;;;134;283
"055022";"Narni";67;17;95;6;3;;;;121;6;102;11;20;;;;139;260
"055022";"Narni";68;10;85;4;6;;;;105;7;103;5;19;;;;134;239
"055022";"Narni";69;6;100;4;4;;;;114;8;97;4;21;;;;130;244
"055022";"Narni";70;7;84;8;4;;;;103;9;86;7;25;;;;127;230
"055022";"Narni";71;11;105;8;6;;;;130;7;100;5;29;;;;141;271
"055022";"Narni";72;8;91;2;7;;;;108;5;84;4;33;;;;126;234
"055022";"Narni";73;7;94;3;8;;;;112;8;90;3;35;;;;136;248
"055022";"Narni";74;12;97;4;13;;;;126;3;99;7;41;;;;150;276
"055022";"Narni";75;12;89;8;7;;;;116;3;99;3;29;;;;134;250
"055022";"Narni";76;9;100;3;10;;;;122;2;92;5;48;;;;147;269
"055022";"Narni";77;8;83;1;9;;;;101;2;48;5;37;;;;92;193
"055022";"Narni";78;3;74;2;10;;;;89;4;61;3;36;;;;104;193
"055022";"Narni";79;4;75;2;11;;;;92;4;54;1;46;;;;105;197
"055022";"Narni";80;3;67;0;7;;;;77;3;45;2;43;;;;93;170
"055022";"Narni";81;1;59;0;8;;;;68;2;41;2;47;;;;92;160
"055022";"Narni";82;7;72;1;14;;;;94;7;32;1;57;;;;97;191
"055022";"Narni";83;5;66;1;12;;;;84;5;45;1;58;;;;109;193
"055022";"Narni";84;4;59;1;15;;;;79;3;30;1;79;;;;113;192
"055022";"Narni";85;0;41;0;15;;;;56;3;18;0;50;;;;71;127
"055022";"Narni";86;2;38;1;9;;;;50;2;19;0;65;;;;86;136
"055022";"Narni";87;2;37;0;11;;;;50;3;14;0;54;;;;71;121
"055022";"Narni";88;1;25;2;17;;;;45;2;9;1;55;;;;67;112
"055022";"Narni";89;1;25;0;5;;;;31;4;5;0;44;;;;53;84
"055022";"Narni";90;1;14;0;11;;;;26;1;10;1;41;;;;53;79
"055022";"Narni";91;1;11;0;5;;;;17;2;2;0;44;;;;48;65
"055022";"Narni";92;1;8;0;16;;;;25;2;4;0;34;;;;40;65
"055022";"Narni";93;0;6;0;3;;;;9;0;1;0;33;;;;34;43
"055022";"Narni";94;0;0;0;7;;;;7;0;1;0;19;;;;20;27
"055022";"Narni";95;0;1;0;3;;;;4;1;0;1;9;;;;11;15
"055022";"Narni";96;0;1;0;4;;;;5;0;0;0;12;;;;12;17
"055022";"Narni";97;0;2;0;1;;;;3;0;1;0;7;;;;8;11
"055022";"Narni";98;0;0;0;3;;;;3;0;0;0;8;;;;8;11
"055022";"Narni";99;0;1;0;1;;;;2;0;0;0;4;;;;4;6
"055022";"Narni";100;0;0;0;0;;;;0;1;0;0;10;;;;11;11
"055022";"Narni";999;3778;4323;257;309;;;;8667;3226;4376;353;1358;;;;9313;17980
"055023";"Orvieto";0;44;0;0;0;;;;44;46;0;0;0;;;;46;90
"055023";"Orvieto";1;46;0;0;0;;;;46;72;0;0;0;;;;72;118
"055023";"Orvieto";2;54;0;0;0;;;;54;45;0;0;0;;;;45;99
"055023";"Orvieto";3;65;0;0;0;;;;65;54;0;0;0;;;;54;119
"055023";"Orvieto";4;60;0;0;0;;;;60;48;0;0;0;;;;48;108
"055023";"Orvieto";5;66;0;0;0;;;;66;59;0;0;0;;;;59;125
"055023";"Orvieto";6;68;0;0;0;;;;68;76;0;0;0;;;;76;144
"055023";"Orvieto";7;58;0;0;0;;;;58;70;0;0;0;;;;70;128
"055023";"Orvieto";8;76;0;0;0;;;;76;70;0;0;0;;;;70;146
"055023";"Orvieto";9;78;0;0;0;;;;78;76;0;0;0;;;;76;154
"055023";"Orvieto";10;88;0;0;0;;;;88;87;0;0;0;;;;87;175
"055023";"Orvieto";11;73;0;0;0;;;;73;72;0;0;0;;;;72;145
"055023";"Orvieto";12;91;0;0;0;;;;91;90;0;0;0;;;;90;181
"055023";"Orvieto";13;76;0;0;0;;;;76;80;0;0;0;;;;80;156
"055023";"Orvieto";14;118;0;0;0;;;;118;83;0;0;0;;;;83;201
"055023";"Orvieto";15;87;0;0;0;;;;87;101;0;0;0;;;;101;188
"055023";"Orvieto";16;91;0;0;0;;;;91;73;0;0;0;;;;73;164
"055023";"Orvieto";17;91;0;0;0;;;;91;85;0;0;0;;;;85;176
"055023";"Orvieto";18;93;0;0;0;;;;93;73;0;0;0;;;;73;166
"055023";"Orvieto";19;83;0;0;0;;;;83;68;0;0;0;;;;68;151
"055023";"Orvieto";20;77;0;0;0;;;;77;76;0;0;0;;;;76;153
"055023";"Orvieto";21;94;0;0;0;;;;94;86;0;0;0;;;;86;180
"055023";"Orvieto";22;89;0;0;0;;;;89;72;2;0;0;;;;74;163
"055023";"Orvieto";23;95;0;0;0;;;;95;69;2;0;0;;;;71;166
"055023";"Orvieto";24;87;1;0;0;;;;88;75;5;0;0;;;;80;168
"055023";"Orvieto";25;86;1;0;0;;;;87;84;3;0;0;;;;87;174
"055023";"Orvieto";26;78;1;0;0;;;;79;76;5;0;0;;;;81;160
"055023";"Orvieto";27;87;5;0;0;;;;92;64;11;0;0;;;;75;167
"055023";"Orvieto";28;86;3;0;0;;;;89;57;13;0;0;;;;70;159
"055023";"Orvieto";29;91;8;0;0;;;;99;68;11;0;0;;;;79;178
"055023";"Orvieto";30;90;11;0;0;;;;101;66;13;0;0;;;;79;180
"055023";"Orvieto";31;76;9;0;0;;;;85;63;28;1;1;;;;93;178
"055023";"Orvieto";32;68;18;0;0;;;;86;59;27;0;0;;;;86;172
"055023";"Orvieto";33;68;24;0;0;;;;92;47;33;0;1;;;;81;173
"055023";"Orvieto";34;84;24;0;0;;;;108;51;38;0;0;;;;89;197
"055023";"Orvieto";35;75;43;0;0;;;;118;48;48;2;2;;;;100;218
"055023";"Orvieto";36;65;33;0;0;;;;98;57;51;3;1;;;;112;210
"055023";"Orvieto";37;74;40;3;0;;;;117;48;44;4;0;;;;96;213
"055023";"Orvieto";38;56;38;0;0;;;;94;30;53;4;0;;;;87;181
"055023";"Orvieto";39;41;43;1;0;;;;85;51;58;0;0;;;;109;194
"055023";"Orvieto";40;55;50;1;0;;;;106;61;54;3;0;;;;118;224
"055023";"Orvieto";41;49;45;5;1;;;;100;55;69;5;1;;;;130;230
"055023";"Orvieto";42;49;64;3;1;;;;117;39;69;8;2;;;;118;235
"055023";"Orvieto";43;53;49;0;1;;;;103;36;67;5;2;;;;110;213
"055023";"Orvieto";44;48;67;2;0;;;;117;42;69;7;2;;;;120;237
"055023";"Orvieto";45;49;68;9;0;;;;126;41;90;10;2;;;;143;269
"055023";"Orvieto";46;56;86;7;1;;;;150;31;94;14;2;;;;141;291
"055023";"Orvieto";47;36;79;5;0;;;;120;32;93;1;5;;;;131;251
"055023";"Orvieto";48;45;88;5;0;;;;138;44;115;11;3;;;;173;311
"055023";"Orvieto";49;38;98;8;1;;;;145;42;92;17;2;;;;153;298
"055023";"Orvieto";50;36;97;7;0;;;;140;38;99;16;4;;;;157;297
"055023";"Orvieto";51;43;83;5;0;;;;131;39;109;15;3;;;;166;297
"055023";"Orvieto";52;37;95;9;0;;;;141;29;105;14;2;;;;150;291
"055023";"Orvieto";53;37;90;7;1;;;;135;36;104;14;7;;;;161;296
"055023";"Orvieto";54;27;114;7;1;;;;149;31;127;19;8;;;;185;334
"055023";"Orvieto";55;36;97;11;1;;;;145;26;112;11;5;;;;154;299
"055023";"Orvieto";56;37;95;13;3;;;;148;26;122;17;7;;;;172;320
"055023";"Orvieto";57;32;108;9;3;;;;152;19;126;16;12;;;;173;325
"055023";"Orvieto";58;24;104;16;2;;;;146;24;139;30;8;;;;201;347
"055023";"Orvieto";59;16;126;12;1;;;;155;27;125;17;13;;;;182;337
"055023";"Orvieto";60;29;119;9;3;;;;160;20;118;19;18;;;;175;335
"055023";"Orvieto";61;18;118;13;1;;;;150;19;124;15;7;;;;165;315
"055023";"Orvieto";62;14;109;8;1;;;;132;15;127;13;19;;;;174;306
"055023";"Orvieto";63;20;108;10;5;;;;143;19;102;14;14;;;;149;292
"055023";"Orvieto";64;22;95;8;3;;;;128;7;111;7;14;;;;139;267
"055023";"Orvieto";65;9;90;7;3;;;;109;6;98;16;13;;;;133;242
"055023";"Orvieto";66;18;98;7;5;;;;128;20;111;4;21;;;;156;284
"055023";"Orvieto";67;8;118;6;7;;;;139;8;98;15;26;;;;147;286
"055023";"Orvieto";68;6;95;7;7;;;;115;10;99;11;31;;;;151;266
"055023";"Orvieto";69;15;88;8;9;;;;120;15;93;11;27;;;;146;266
"055023";"Orvieto";70;10;91;8;5;;;;114;5;96;8;24;;;;133;247
"055023";"Orvieto";71;18;90;3;6;;;;117;7;85;7;23;;;;122;239
"055023";"Orvieto";72;17;96;3;8;;;;124;7;90;5;31;;;;133;257
"055023";"Orvieto";73;10;121;7;10;;;;148;10;90;4;37;;;;141;289
"055023";"Orvieto";74;5;108;5;5;;;;123;8;90;4;41;;;;143;266
"055023";"Orvieto";75;10;118;1;9;;;;138;6;85;5;46;;;;142;280
"055023";"Orvieto";76;12;86;5;9;;;;112;8;68;3;55;;;;134;246
"055023";"Orvieto";77;8;71;2;5;;;;86;2;63;3;40;;;;108;194
"055023";"Orvieto";78;12;70;3;7;;;;92;4;49;2;43;;;;98;190
"055023";"Orvieto";79;4;64;5;7;;;;80;6;65;2;40;;;;113;193
"055023";"Orvieto";80;7;68;1;12;;;;88;6;50;9;49;;;;114;202
"055023";"Orvieto";81;6;79;3;18;;;;106;3;58;1;58;;;;120;226
"055023";"Orvieto";82;2;79;1;6;;;;88;5;36;1;86;;;;128;216
"055023";"Orvieto";83;8;57;2;17;;;;84;7;30;1;88;;;;126;210
"055023";"Orvieto";84;3;54;0;11;;;;68;3;25;2;76;;;;106;174
"055023";"Orvieto";85;3;39;1;16;;;;59;5;20;0;69;;;;94;153
"055023";"Orvieto";86;2;41;0;15;;;;58;0;15;1;40;;;;56;114
"055023";"Orvieto";87;2;29;0;11;;;;42;5;15;2;56;;;;78;120
"055023";"Orvieto";88;3;22;1;17;;;;43;3;17;0;57;;;;77;120
"055023";"Orvieto";89;5;24;1;8;;;;38;1;4;2;64;;;;71;109
"055023";"Orvieto";90;0;9;1;4;;;;14;1;7;0;48;;;;56;70
"055023";"Orvieto";91;2;7;0;6;;;;15;0;2;0;39;;;;41;56
"055023";"Orvieto";92;0;10;2;6;;;;18;0;2;1;45;;;;48;66
"055023";"Orvieto";93;0;9;0;11;;;;20;3;2;1;34;;;;40;60
"055023";"Orvieto";94;0;6;0;5;;;;11;0;1;0;24;;;;25;36
"055023";"Orvieto";95;0;0;0;3;;;;3;1;1;0;23;;;;25;28
"055023";"Orvieto";96;0;1;0;3;;;;4;0;0;0;12;;;;12;16
"055023";"Orvieto";97;0;2;0;1;;;;3;0;0;0;16;;;;16;19
"055023";"Orvieto";98;0;1;0;3;;;;4;0;0;0;6;;;;6;10
"055023";"Orvieto";99;0;0;0;0;;;;0;1;0;0;2;;;;3;3
"055023";"Orvieto";100;0;0;0;2;;;;2;1;0;0;6;;;;7;9
"055023";"Orvieto";999;4184;4495;283;307;;;;9269;3640;4572;453;1563;;;;10228;19497
"055024";"Otricoli";0;2;0;0;0;;;;2;5;0;0;0;;;;5;7
"055024";"Otricoli";1;2;0;0;0;;;;2;6;0;0;0;;;;6;8
"055024";"Otricoli";2;5;0;0;0;;;;5;6;0;0;0;;;;6;11
"055024";"Otricoli";3;6;0;0;0;;;;6;8;0;0;0;;;;8;14
"055024";"Otricoli";4;6;0;0;0;;;;6;6;0;0;0;;;;6;12
"055024";"Otricoli";5;7;0;0;0;;;;7;6;0;0;0;;;;6;13
"055024";"Otricoli";6;3;0;0;0;;;;3;11;0;0;0;;;;11;14
"055024";"Otricoli";7;9;0;0;0;;;;9;7;0;0;0;;;;7;16
"055024";"Otricoli";8;1;0;0;0;;;;1;8;0;0;0;;;;8;9
"055024";"Otricoli";9;6;0;0;0;;;;6;5;0;0;0;;;;5;11
"055024";"Otricoli";10;9;0;0;0;;;;9;5;0;0;0;;;;5;14
"055024";"Otricoli";11;5;0;0;0;;;;5;9;0;0;0;;;;9;14
"055024";"Otricoli";12;5;0;0;0;;;;5;8;0;0;0;;;;8;13
"055024";"Otricoli";13;7;0;0;0;;;;7;12;0;0;0;;;;12;19
"055024";"Otricoli";14;5;0;0;0;;;;5;6;0;0;0;;;;6;11
"055024";"Otricoli";15;12;0;0;0;;;;12;1;0;0;0;;;;1;13
"055024";"Otricoli";16;11;0;0;0;;;;11;9;0;0;0;;;;9;20
"055024";"Otricoli";17;7;0;0;0;;;;7;8;0;0;0;;;;8;15
"055024";"Otricoli";18;12;0;0;0;;;;12;5;0;0;0;;;;5;17
"055024";"Otricoli";19;4;0;0;0;;;;4;6;0;0;0;;;;6;10
"055024";"Otricoli";20;11;0;0;0;;;;11;2;0;0;0;;;;2;13
"055024";"Otricoli";21;5;0;0;0;;;;5;4;0;0;0;;;;4;9
"055024";"Otricoli";22;8;0;0;0;;;;8;8;0;0;0;;;;8;16
"055024";"Otricoli";23;13;0;0;0;;;;13;5;0;0;0;;;;5;18
"055024";"Otricoli";24;5;0;0;0;;;;5;8;0;0;0;;;;8;13
"055024";"Otricoli";25;4;0;0;0;;;;4;9;0;0;0;;;;9;13
"055024";"Otricoli";26;6;0;0;0;;;;6;4;0;0;0;;;;4;10
"055024";"Otricoli";27;4;2;0;0;;;;6;3;1;0;0;;;;4;10
"055024";"Otricoli";28;8;1;0;0;;;;9;7;1;0;0;;;;8;17
"055024";"Otricoli";29;8;0;0;0;;;;8;6;4;0;0;;;;10;18
"055024";"Otricoli";30;8;0;0;0;;;;8;6;2;0;0;;;;8;16
"055024";"Otricoli";31;9;1;0;0;;;;10;7;7;0;0;;;;14;24
"055024";"Otricoli";32;5;0;0;0;;;;5;4;4;0;0;;;;8;13
"055024";"Otricoli";33;8;1;0;0;;;;9;7;3;0;0;;;;10;19
"055024";"Otricoli";34;8;1;0;0;;;;9;2;3;0;0;;;;5;14
"055024";"Otricoli";35;4;4;0;0;;;;8;3;5;0;0;;;;8;16
"055024";"Otricoli";36;5;7;0;0;;;;12;8;4;0;0;;;;12;24
"055024";"Otricoli";37;7;3;0;0;;;;10;2;4;0;0;;;;6;16
"055024";"Otricoli";38;2;7;0;0;;;;9;3;5;0;0;;;;8;17
"055024";"Otricoli";39;8;2;0;0;;;;10;4;5;0;0;;;;9;19
"055024";"Otricoli";40;3;7;0;0;;;;10;3;2;0;1;;;;6;16
"055024";"Otricoli";41;7;3;0;0;;;;10;1;8;0;0;;;;9;19
"055024";"Otricoli";42;5;5;0;0;;;;10;1;4;0;0;;;;5;15
"055024";"Otricoli";43;8;5;0;0;;;;13;3;3;0;0;;;;6;19
"055024";"Otricoli";44;5;6;0;0;;;;11;3;6;0;0;;;;9;20
"055024";"Otricoli";45;8;7;0;0;;;;15;4;7;0;0;;;;11;26
"055024";"Otricoli";46;4;6;0;0;;;;10;2;4;0;1;;;;7;17
"055024";"Otricoli";47;8;8;1;0;;;;17;1;10;0;0;;;;11;28
"055024";"Otricoli";48;5;7;1;0;;;;13;1;11;0;0;;;;12;25
"055024";"Otricoli";49;3;10;0;0;;;;13;2;20;0;1;;;;23;36
"055024";"Otricoli";50;4;9;0;0;;;;13;2;12;2;0;;;;16;29
"055024";"Otricoli";51;4;7;1;1;;;;13;2;7;0;1;;;;10;23
"055024";"Otricoli";52;5;12;2;0;;;;19;4;9;0;1;;;;14;33
"055024";"Otricoli";53;3;9;0;0;;;;12;1;4;0;0;;;;5;17
"055024";"Otricoli";54;1;12;2;0;;;;15;2;9;0;0;;;;11;26
"055024";"Otricoli";55;1;7;4;0;;;;12;4;9;1;2;;;;16;28
"055024";"Otricoli";56;2;5;1;0;;;;8;3;10;1;0;;;;14;22
"055024";"Otricoli";57;4;8;1;1;;;;14;3;12;0;1;;;;16;30
"055024";"Otricoli";58;1;17;2;0;;;;20;0;14;1;0;;;;15;35
"055024";"Otricoli";59;1;8;2;0;;;;11;2;10;0;3;;;;15;26
"055024";"Otricoli";60;4;11;1;0;;;;16;2;7;2;0;;;;11;27
"055024";"Otricoli";61;2;11;0;0;;;;13;4;14;0;2;;;;20;33
"055024";"Otricoli";62;1;8;1;0;;;;10;0;12;0;0;;;;12;22
"055024";"Otricoli";63;1;13;0;1;;;;15;1;13;1;0;;;;15;30
"055024";"Otricoli";64;2;9;0;0;;;;11;2;9;1;2;;;;14;25
"055024";"Otricoli";65;2;9;2;0;;;;13;2;6;0;1;;;;9;22
"055024";"Otricoli";66;0;5;1;0;;;;6;3;10;2;3;;;;18;24
"055024";"Otricoli";67;2;12;0;1;;;;15;2;8;0;1;;;;11;26
"055024";"Otricoli";68;0;7;1;0;;;;8;1;11;1;1;;;;14;22
"055024";"Otricoli";69;0;12;1;1;;;;14;1;5;0;2;;;;8;22
"055024";"Otricoli";70;0;9;1;3;;;;13;1;10;1;3;;;;15;28
"055024";"Otricoli";71;2;7;0;1;;;;10;1;7;0;5;;;;13;23
"055024";"Otricoli";72;0;13;1;0;;;;14;0;4;0;4;;;;8;22
"055024";"Otricoli";73;2;9;1;1;;;;13;0;11;1;3;;;;15;28
"055024";"Otricoli";74;0;13;0;1;;;;14;0;9;0;2;;;;11;25
"055024";"Otricoli";75;1;6;0;2;;;;9;2;8;1;6;;;;17;26
"055024";"Otricoli";76;1;9;1;0;;;;11;0;6;1;4;;;;11;22
"055024";"Otricoli";77;1;6;1;1;;;;9;1;7;0;2;;;;10;19
"055024";"Otricoli";78;0;3;0;0;;;;3;1;4;0;4;;;;9;12
"055024";"Otricoli";79;0;8;0;2;;;;10;0;3;0;6;;;;9;19
"055024";"Otricoli";80;0;5;0;0;;;;5;1;7;0;4;;;;12;17
"055024";"Otricoli";81;0;3;0;0;;;;3;0;4;0;6;;;;10;13
"055024";"Otricoli";82;2;8;0;1;;;;11;1;3;1;5;;;;10;21
"055024";"Otricoli";83;0;6;0;2;;;;8;1;3;0;10;;;;14;22
"055024";"Otricoli";84;2;8;0;1;;;;11;0;0;0;1;;;;1;12
"055024";"Otricoli";85;0;0;0;0;;;;0;1;2;0;7;;;;10;10
"055024";"Otricoli";86;0;6;1;1;;;;8;0;1;0;7;;;;8;16
"055024";"Otricoli";87;1;2;0;1;;;;4;0;2;0;10;;;;12;16
"055024";"Otricoli";88;0;0;0;3;;;;3;0;2;0;2;;;;4;7
"055024";"Otricoli";89;1;1;0;3;;;;5;0;0;0;6;;;;6;11
"055024";"Otricoli";90;0;0;0;0;;;;0;0;0;0;5;;;;5;5
"055024";"Otricoli";91;1;0;0;1;;;;2;0;0;0;3;;;;3;5
"055024";"Otricoli";92;0;2;0;0;;;;2;0;0;0;4;;;;4;6
"055024";"Otricoli";93;0;0;0;0;;;;0;0;1;0;0;;;;1;1
"055024";"Otricoli";94;0;0;0;1;;;;1;0;0;0;1;;;;1;2
"055024";"Otricoli";95;0;0;0;0;;;;0;0;0;0;3;;;;3;3
"055024";"Otricoli";96;0;1;0;1;;;;2;0;0;0;3;;;;3;5
"055024";"Otricoli";97;0;0;0;0;;;;0;0;0;0;3;;;;3;3
"055024";"Otricoli";98;0;0;0;0;;;;0;0;0;0;0;;;;0;0
"055024";"Otricoli";99;0;0;0;0;;;;0;0;0;0;0;;;;0;0
"055024";"Otricoli";100;0;0;0;0;;;;0;0;0;0;0;;;;0;0
"055024";"Otricoli";999;370;409;30;31;;;;840;311;408;17;142;;;;878;1718
"055025";"Parrano";0;0;0;0;0;;;;0;0;0;0;0;;;;0;0
"055025";"Parrano";1;2;0;0;0;;;;2;1;0;0;0;;;;1;3
"055025";"Parrano";2;0;0;0;0;;;;0;2;0;0;0;;;;2;2
"055025";"Parrano";3;1;0;0;0;;;;1;0;0;0;0;;;;0;1
"055025";"Parrano";4;1;0;0;0;;;;1;0;0;0;0;;;;0;1
"055025";"Parrano";5;1;0;0;0;;;;1;2;0;0;0;;;;2;3
"055025";"Parrano";6;3;0;0;0;;;;3;2;0;0;0;;;;2;5
"055025";"Parrano";7;0;0;0;0;;;;0;1;0;0;0;;;;1;1
"055025";"Parrano";8;1;0;0;0;;;;1;3;0;0;0;;;;3;4
"055025";"Parrano";9;1;0;0;0;;;;1;2;0;0;0;;;;2;3
"055025";"Parrano";10;2;0;0;0;;;;2;3;0;0;0;;;;3;5
"055025";"Parrano";11;1;0;0;0;;;;1;2;0;0;0;;;;2;3
"055025";"Parrano";12;3;0;0;0;;;;3;3;0;0;0;;;;3;6
"055025";"Parrano";13;2;0;0;0;;;;2;0;0;0;0;;;;0;2
"055025";"Parrano";14;1;0;0;0;;;;1;1;0;0;0;;;;1;2
"055025";"Parrano";15;1;0;0;0;;;;1;0;0;0;0;;;;0;1
"055025";"Parrano";16;1;0;0;0;;;;1;0;0;0;0;;;;0;1
"055025";"Parrano";17;4;0;0;0;;;;4;1;0;0;0;;;;1;5
"055025";"Parrano";18;0;0;0;0;;;;0;2;0;0;0;;;;2;2
"055025";"Parrano";19;0;0;0;0;;;;0;1;0;0;0;;;;1;1
"055025";"Parrano";20;5;0;0;0;;;;5;1;0;0;0;;;;1;6
"055025";"Parrano";21;3;0;0;0;;;;3;3;0;0;0;;;;3;6
"055025";"Parrano";22;1;0;0;0;;;;1;1;0;0;0;;;;1;2
"055025";"Parrano";23;1;0;0;0;;;;1;3;0;0;0;;;;3;4
"055025";"Parrano";24;0;0;0;0;;;;0;1;0;0;0;;;;1;1
"055025";"Parrano";25;0;0;0;0;;;;0;2;0;0;0;;;;2;2
"055025";"Parrano";26;2;0;0;0;;;;2;0;0;0;0;;;;0;2
"055025";"Parrano";27;2;0;0;0;;;;2;2;1;0;0;;;;3;5
"055025";"Parrano";28;2;0;0;0;;;;2;2;1;0;0;;;;3;5
"055025";"Parrano";29;2;0;0;0;;;;2;0;0;0;0;;;;0;2
"055025";"Parrano";30;0;0;0;0;;;;0;0;0;0;0;;;;0;0
"055025";"Parrano";31;2;0;0;0;;;;2;1;0;0;0;;;;1;3
"055025";"Parrano";32;0;0;0;0;;;;0;2;1;0;0;;;;3;3
"055025";"Parrano";33;3;0;0;0;;;;3;1;0;0;0;;;;1;4
"055025";"Parrano";34;2;1;0;0;;;;3;0;0;0;0;;;;0;3
"055025";"Parrano";35;3;0;0;0;;;;3;0;0;0;0;;;;0;3
"055025";"Parrano";36;2;2;0;0;;;;4;2;1;0;0;;;;3;7
"055025";"Parrano";37;1;0;0;0;;;;1;3;0;0;0;;;;3;4
"055025";"Parrano";38;0;1;0;0;;;;1;0;1;0;0;;;;1;2
"055025";"Parrano";39;1;0;0;0;;;;1;1;2;0;0;;;;3;4
"055025";"Parrano";40;0;0;0;0;;;;0;1;0;0;0;;;;1;1
"055025";"Parrano";41;1;3;0;0;;;;4;0;1;0;0;;;;1;5
"055025";"Parrano";42;0;1;0;0;;;;1;3;0;0;0;;;;3;4
"055025";"Parrano";43;1;0;0;0;;;;1;0;2;0;0;;;;2;3
"055025";"Parrano";44;1;1;0;0;;;;2;0;4;0;0;;;;4;6
"055025";"Parrano";45;1;4;0;0;;;;5;0;4;0;0;;;;4;9
"055025";"Parrano";46;0;2;0;0;;;;2;1;3;0;0;;;;4;6
"055025";"Parrano";47;0;2;1;0;;;;3;0;3;1;0;;;;4;7
"055025";"Parrano";48;0;3;0;0;;;;3;0;3;0;0;;;;3;6
"055025";"Parrano";49;4;0;0;0;;;;4;0;4;1;0;;;;5;9
"055025";"Parrano";50;1;0;1;0;;;;2;0;3;0;0;;;;3;5
"055025";"Parrano";51;2;3;0;0;;;;5;0;3;0;0;;;;3;8
"055025";"Parrano";52;2;3;1;0;;;;6;1;3;0;1;;;;5;11
"055025";"Parrano";53;0;3;0;0;;;;3;1;3;1;0;;;;5;8
"055025";"Parrano";54;0;7;0;0;;;;7;1;2;0;0;;;;3;10
"055025";"Parrano";55;0;1;0;1;;;;2;0;5;1;0;;;;6;8
"055025";"Parrano";56;1;6;0;0;;;;7;1;4;1;0;;;;6;13
"055025";"Parrano";57;0;1;0;0;;;;1;0;3;2;0;;;;5;6
"055025";"Parrano";58;1;5;0;0;;;;6;1;4;1;0;;;;6;12
"055025";"Parrano";59;0;7;0;0;;;;7;0;2;0;0;;;;2;9
"055025";"Parrano";60;0;5;0;0;;;;5;1;7;0;2;;;;10;15
"055025";"Parrano";61;0;3;0;0;;;;3;0;3;0;0;;;;3;6
"055025";"Parrano";62;0;1;0;0;;;;1;1;5;1;1;;;;8;9
"055025";"Parrano";63;0;1;0;0;;;;1;0;4;0;0;;;;4;5
"055025";"Parrano";64;2;4;0;0;;;;6;1;4;0;0;;;;5;11
"055025";"Parrano";65;2;4;0;0;;;;6;1;4;0;1;;;;6;12
"055025";"Parrano";66;0;6;0;1;;;;7;0;3;1;0;;;;4;11
"055025";"Parrano";67;0;2;0;0;;;;2;0;1;0;1;;;;2;4
"055025";"Parrano";68;2;3;0;0;;;;5;0;3;0;0;;;;3;8
"055025";"Parrano";69;0;3;1;0;;;;4;0;0;0;1;;;;1;5
"055025";"Parrano";70;0;3;0;0;;;;3;0;2;0;0;;;;2;5
"055025";"Parrano";71;1;2;0;0;;;;3;0;3;0;1;;;;4;7
"055025";"Parrano";72;1;6;1;0;;;;8;0;1;0;0;;;;1;9
"055025";"Parrano";73;1;3;0;1;;;;5;0;0;1;0;;;;1;6
"055025";"Parrano";74;0;5;0;0;;;;5;0;3;0;2;;;;5;10
"055025";"Parrano";75;0;1;0;0;;;;1;0;4;0;1;;;;5;6
"055025";"Parrano";76;0;2;0;0;;;;2;0;2;1;1;;;;4;6
"055025";"Parrano";77;0;1;0;1;;;;2;0;2;1;0;;;;3;5
"055025";"Parrano";78;0;2;0;1;;;;3;0;1;0;2;;;;3;6
"055025";"Parrano";79;0;2;0;0;;;;2;1;3;0;1;;;;5;7
"055025";"Parrano";80;0;3;0;0;;;;3;0;1;0;1;;;;2;5
"055025";"Parrano";81;0;0;0;1;;;;1;0;0;0;2;;;;2;3
"055025";"Parrano";82;0;2;0;1;;;;3;0;1;0;1;;;;2;5
"055025";"Parrano";83;0;4;0;2;;;;6;0;3;0;3;;;;6;12
"055025";"Parrano";84;0;2;0;0;;;;2;0;1;0;4;;;;5;7
"055025";"Parrano";85;0;2;0;0;;;;2;0;1;0;1;;;;2;4
"055025";"Parrano";86;0;2;0;1;;;;3;0;1;1;0;;;;2;5
"055025";"Parrano";87;1;4;0;1;;;;6;0;0;0;0;;;;0;6
"055025";"Parrano";88;0;1;0;0;;;;1;0;1;0;1;;;;2;3
"055025";"Parrano";89;0;1;0;1;;;;2;0;0;0;1;;;;1;3
"055025";"Parrano";90;0;1;0;1;;;;2;0;1;0;1;;;;2;4
"055025";"Parrano";91;0;2;0;2;;;;4;0;0;0;1;;;;1;5
"055025";"Parrano";92;0;0;0;0;;;;0;1;0;0;3;;;;4;4
"055025";"Parrano";93;0;0;0;0;;;;0;0;0;0;0;;;;0;0
"055025";"Parrano";94;0;0;0;1;;;;1;0;0;0;0;;;;0;1
"055025";"Parrano";95;0;0;0;0;;;;0;0;0;0;1;;;;1;1
"055025";"Parrano";96;0;0;0;0;;;;0;0;0;0;0;;;;0;0
"055025";"Parrano";97;0;0;0;1;;;;1;0;0;0;0;;;;0;1
"055025";"Parrano";98;0;1;0;0;;;;1;0;0;0;0;;;;0;1
"055025";"Parrano";99;0;0;0;0;;;;0;0;0;0;0;;;;0;0
"055025";"Parrano";100;0;0;0;0;;;;0;0;0;0;0;;;;0;0
"055025";"Parrano";999;82;140;5;17;;;;244;67;128;14;35;;;;244;488
"055026";"Penna in Teverina";0;1;0;0;0;;;;1;2;0;0;0;;;;2;3
"055026";"Penna in Teverina";1;2;0;0;0;;;;2;1;0;0;0;;;;1;3
"055026";"Penna in Teverina";2;4;0;0;0;;;;4;3;0;0;0;;;;3;7
"055026";"Penna in Teverina";3;3;0;0;0;;;;3;5;0;0;0;;;;5;8
"055026";"Penna in Teverina";4;4;0;0;0;;;;4;0;0;0;0;;;;0;4
"055026";"Penna in Teverina";5;1;0;0;0;;;;1;5;0;0;0;;;;5;6
"055026";"Penna in Teverina";6;2;0;0;0;;;;2;7;0;0;0;;;;7;9
"055026";"Penna in Teverina";7;3;0;0;0;;;;3;7;0;0;0;;;;7;10
"055026";"Penna in Teverina";8;2;0;0;0;;;;2;1;0;0;0;;;;1;3
"055026";"Penna in Teverina";9;6;0;0;0;;;;6;3;0;0;0;;;;3;9
"055026";"Penna in Teverina";10;3;0;0;0;;;;3;3;0;0;0;;;;3;6
"055026";"Penna in Teverina";11;3;0;0;0;;;;3;2;0;0;0;;;;2;5
"055026";"Penna in Teverina";12;0;0;0;0;;;;0;1;0;0;0;;;;1;1
"055026";"Penna in Teverina";13;5;0;0;0;;;;5;2;0;0;0;;;;2;7
"055026";"Penna in Teverina";14;4;0;0;0;;;;4;5;0;0;0;;;;5;9
"055026";"Penna in Teverina";15;4;0;0;0;;;;4;4;0;0;0;;;;4;8
"055026";"Penna in Teverina";16;4;0;0;0;;;;4;6;0;0;0;;;;6;10
"055026";"Penna in Teverina";17;5;0;0;0;;;;5;4;0;0;0;;;;4;9
"055026";"Penna in Teverina";18;7;0;0;0;;;;7;3;0;0;0;;;;3;10
"055026";"Penna in Teverina";19;5;0;0;0;;;;5;5;0;0;0;;;;5;10
"055026";"Penna in Teverina";20;2;0;0;0;;;;2;7;0;0;0;;;;7;9
"055026";"Penna in Teverina";21;6;0;0;0;;;;6;6;0;0;0;;;;6;12
"055026";"Penna in Teverina";22;3;0;0;0;;;;3;3;1;0;0;;;;4;7
"055026";"Penna in Teverina";23;4;0;0;0;;;;4;2;1;0;0;;;;3;7
"055026";"Penna in Teverina";24;5;0;0;0;;;;5;4;0;0;0;;;;4;9
"055026";"Penna in Teverina";25;5;0;0;0;;;;5;3;0;0;0;;;;3;8
"055026";"Penna in Teverina";26;6;0;0;0;;;;6;6;0;0;0;;;;6;12
"055026";"Penna in Teverina";27;2;1;0;0;;;;3;3;0;0;0;;;;3;6
"055026";"Penna in Teverina";28;5;0;0;0;;;;5;6;0;0;0;;;;6;11
"055026";"Penna in Teverina";29;3;0;0;0;;;;3;5;0;0;0;;;;5;8
"055026";"Penna in Teverina";30;5;0;0;0;;;;5;5;0;0;0;;;;5;10
"055026";"Penna in Teverina";31;6;1;0;0;;;;7;1;0;0;0;;;;1;8
"055026";"Penna in Teverina";32;3;1;0;0;;;;4;6;2;0;0;;;;8;12
"055026";"Penna in Teverina";33;2;0;0;0;;;;2;0;1;0;0;;;;1;3
"055026";"Penna in Teverina";34;6;0;0;0;;;;6;2;0;0;0;;;;2;8
"055026";"Penna in Teverina";35;1;1;0;0;;;;2;4;0;0;0;;;;4;6
"055026";"Penna in Teverina";36;2;1;0;0;;;;3;6;2;0;0;;;;8;11
"055026";"Penna in Teverina";37;3;2;0;0;;;;5;5;2;1;0;;;;8;13
"055026";"Penna in Teverina";38;2;0;0;0;;;;2;1;5;1;0;;;;7;9
"055026";"Penna in Teverina";39;7;1;0;0;;;;8;2;2;1;0;;;;5;13
"055026";"Penna in Teverina";40;4;4;0;0;;;;8;6;2;0;0;;;;8;16
"055026";"Penna in Teverina";41;8;3;0;0;;;;11;0;4;0;0;;;;4;15
"055026";"Penna in Teverina";42;4;3;0;0;;;;7;8;4;0;0;;;;12;19
"055026";"Penna in Teverina";43;1;0;2;0;;;;3;0;5;1;0;;;;6;9
"055026";"Penna in Teverina";44;5;2;0;0;;;;7;1;5;0;0;;;;6;13
"055026";"Penna in Teverina";45;1;8;0;0;;;;9;0;2;0;0;;;;2;11
"055026";"Penna in Teverina";46;3;6;0;0;;;;9;1;3;0;0;;;;4;13
"055026";"Penna in Teverina";47;5;1;0;0;;;;6;1;3;1;0;;;;5;11
"055026";"Penna in Teverina";48;6;3;1;0;;;;10;3;3;0;0;;;;6;16
"055026";"Penna in Teverina";49;3;5;0;0;;;;8;4;7;1;0;;;;12;20
"055026";"Penna in Teverina";50;3;3;1;0;;;;7;0;4;1;0;;;;5;12
"055026";"Penna in Teverina";51;4;2;0;0;;;;6;0;6;2;1;;;;9;15
"055026";"Penna in Teverina";52;2;5;0;0;;;;7;0;7;1;0;;;;8;15
"055026";"Penna in Teverina";53;5;4;1;0;;;;10;2;6;2;0;;;;10;20
"055026";"Penna in Teverina";54;2;7;0;0;;;;9;0;6;2;2;;;;10;19
"055026";"Penna in Teverina";55;0;8;0;0;;;;8;0;4;0;0;;;;4;12
"055026";"Penna in Teverina";56;1;11;0;0;;;;12;3;3;0;0;;;;6;18
"055026";"Penna in Teverina";57;1;7;1;0;;;;9;1;5;1;0;;;;7;16
"055026";"Penna in Teverina";58;2;8;0;0;;;;10;0;6;1;1;;;;8;18
"055026";"Penna in Teverina";59;4;8;0;1;;;;13;0;10;0;0;;;;10;23
"055026";"Penna in Teverina";60;3;8;0;0;;;;11;2;9;0;0;;;;11;22
"055026";"Penna in Teverina";61;2;6;0;0;;;;8;1;2;0;0;;;;3;11
"055026";"Penna in Teverina";62;0;3;0;0;;;;3;1;6;1;3;;;;11;14
"055026";"Penna in Teverina";63;1;6;1;0;;;;8;2;5;1;0;;;;8;16
"055026";"Penna in Teverina";64;1;7;0;0;;;;8;1;6;1;0;;;;8;16
"055026";"Penna in Teverina";65;1;9;1;1;;;;12;0;8;1;1;;;;10;22
"055026";"Penna in Teverina";66;1;6;0;0;;;;7;1;5;3;0;;;;9;16
"055026";"Penna in Teverina";67;1;6;2;1;;;;10;1;8;0;1;;;;10;20
"055026";"Penna in Teverina";68;0;7;0;0;;;;7;1;10;0;1;;;;12;19
"055026";"Penna in Teverina";69;1;5;0;0;;;;6;1;3;0;0;;;;4;10
"055026";"Penna in Teverina";70;2;9;0;1;;;;12;1;8;0;0;;;;9;21
"055026";"Penna in Teverina";71;0;8;1;0;;;;9;1;3;0;0;;;;4;13
"055026";"Penna in Teverina";72;0;8;1;0;;;;9;1;8;0;0;;;;9;18
"055026";"Penna in Teverina";73;1;4;1;1;;;;7;1;2;0;1;;;;4;11
"055026";"Penna in Teverina";74;0;7;0;0;;;;7;0;9;0;0;;;;9;16
"055026";"Penna in Teverina";75;1;6;0;0;;;;7;0;5;0;1;;;;6;13
"055026";"Penna in Teverina";76;1;5;0;1;;;;7;0;4;0;2;;;;6;13
"055026";"Penna in Teverina";77;0;3;0;0;;;;3;0;4;0;1;;;;5;8
"055026";"Penna in Teverina";78;0;2;0;0;;;;2;2;3;0;1;;;;6;8
"055026";"Penna in Teverina";79;0;4;0;0;;;;4;0;5;0;4;;;;9;13
"055026";"Penna in Teverina";80;0;4;1;1;;;;6;0;3;1;0;;;;4;10
"055026";"Penna in Teverina";81;0;5;0;0;;;;5;0;1;0;3;;;;4;9
"055026";"Penna in Teverina";82;0;1;0;1;;;;2;0;1;0;2;;;;3;5
"055026";"Penna in Teverina";83;1;3;0;2;;;;6;0;2;0;4;;;;6;12
"055026";"Penna in Teverina";84;0;6;0;0;;;;6;1;1;0;7;;;;9;15
"055026";"Penna in Teverina";85;0;2;1;1;;;;4;0;2;0;1;;;;3;7
"055026";"Penna in Teverina";86;0;0;0;0;;;;0;0;1;0;4;;;;5;5
"055026";"Penna in Teverina";87;0;1;0;1;;;;2;0;0;0;2;;;;2;4
"055026";"Penna in Teverina";88;0;0;0;1;;;;1;1;1;0;3;;;;5;6
"055026";"Penna in Teverina";89;0;1;0;1;;;;2;0;0;0;2;;;;2;4
"055026";"Penna in Teverina";90;1;1;0;0;;;;2;1;0;0;3;;;;4;6
"055026";"Penna in Teverina";91;0;0;0;0;;;;0;0;0;0;5;;;;5;5
"055026";"Penna in Teverina";92;0;0;0;0;;;;0;0;0;0;3;;;;3;3
"055026";"Penna in Teverina";93;0;0;0;0;;;;0;0;0;0;3;;;;3;3
"055026";"Penna in Teverina";94;0;0;0;0;;;;0;0;0;0;0;;;;0;0
"055026";"Penna in Teverina";95;0;0;0;0;;;;0;0;1;0;0;;;;1;1
"055026";"Penna in Teverina";96;0;0;0;1;;;;1;0;0;0;0;;;;0;1
"055026";"Penna in Teverina";97;0;0;0;0;;;;0;0;0;0;0;;;;0;0
"055026";"Penna in Teverina";98;0;0;0;1;;;;1;0;0;0;0;;;;0;1
"055026";"Penna in Teverina";99;0;0;0;0;;;;0;1;0;0;0;;;;1;1
"055026";"Penna in Teverina";100;0;0;0;0;;;;0;0;0;0;0;;;;0;0
"055026";"Penna in Teverina";999;228;249;15;16;;;;508;197;237;24;62;;;;520;1028
"055027";"Polino";0;0;0;0;0;;;;0;0;0;0;0;;;;0;0
"055027";"Polino";1;2;0;0;0;;;;2;0;0;0;0;;;;0;2
"055027";"Polino";2;1;0;0;0;;;;1;0;0;0;0;;;;0;1
"055027";"Polino";3;1;0;0;0;;;;1;0;0;0;0;;;;0;1
"055027";"Polino";4;0;0;0;0;;;;0;0;0;0;0;;;;0;0
"055027";"Polino";5;0;0;0;0;;;;0;1;0;0;0;;;;1;1
"055027";"Polino";6;1;0;0;0;;;;1;1;0;0;0;;;;1;2
"055027";"Polino";7;3;0;0;0;;;;3;0;0;0;0;;;;0;3
"055027";"Polino";8;0;0;0;0;;;;0;0;0;0;0;;;;0;0
"055027";"Polino";9;0;0;0;0;;;;0;1;0;0;0;;;;1;1
"055027";"Polino";10;0;0;0;0;;;;0;0;0;0;0;;;;0;0
"055027";"Polino";11;2;0;0;0;;;;2;1;0;0;0;;;;1;3
"055027";"Polino";12;0;0;0;0;;;;0;1;0;0;0;;;;1;1
"055027";"Polino";13;0;0;0;0;;;;0;2;0;0;0;;;;2;2
"055027";"Polino";14;1;0;0;0;;;;1;0;0;0;0;;;;0;1
"055027";"Polino";15;1;0;0;0;;;;1;0;0;0;0;;;;0;1
"055027";"Polino";16;0;0;0;0;;;;0;1;0;0;0;;;;1;1
"055027";"Polino";17;0;0;0;0;;;;0;0;0;0;0;;;;0;0
"055027";"Polino";18;0;0;0;0;;;;0;0;0;0;0;;;;0;0
"055027";"Polino";19;0;0;0;0;;;;0;1;0;0;0;;;;1;1
"055027";"Polino";20;1;0;0;0;;;;1;1;0;0;0;;;;1;2
"055027";"Polino";21;1;0;0;0;;;;1;1;0;0;0;;;;1;2
"055027";"Polino";22;0;0;0;0;;;;0;1;0;0;0;;;;1;1
"055027";"Polino";23;0;0;0;0;;;;0;1;0;0;0;;;;1;1
"055027";"Polino";24;1;0;0;0;;;;1;0;0;0;0;;;;0;1
"055027";"Polino";25;0;1;0;0;;;;1;0;0;0;0;;;;0;1
"055027";"Polino";26;0;0;0;0;;;;0;2;0;0;0;;;;2;2
"055027";"Polino";27;0;0;0;0;;;;0;0;0;0;0;;;;0;0
"055027";"Polino";28;2;0;0;0;;;;2;1;0;0;0;;;;1;3
"055027";"Polino";29;0;0;0;0;;;;0;1;0;0;0;;;;1;1
"055027";"Polino";30;2;0;0;0;;;;2;1;0;0;0;;;;1;3
"055027";"Polino";31;3;0;0;0;;;;3;0;0;0;0;;;;0;3
"055027";"Polino";32;1;0;0;0;;;;1;0;0;0;0;;;;0;1
"055027";"Polino";33;0;0;0;0;;;;0;2;2;0;0;;;;4;4
"055027";"Polino";34;2;1;0;0;;;;3;0;0;0;0;;;;0;3
"055027";"Polino";35;0;0;0;0;;;;0;0;0;0;0;;;;0;0
"055027";"Polino";36;1;0;0;0;;;;1;0;0;0;0;;;;0;1
"055027";"Polino";37;0;0;0;0;;;;0;0;1;0;0;;;;1;1
"055027";"Polino";38;2;0;0;0;;;;2;0;0;0;0;;;;0;2
"055027";"Polino";39;1;1;0;0;;;;2;2;0;0;0;;;;2;4
"055027";"Polino";40;0;0;0;0;;;;0;1;0;0;0;;;;1;1
"055027";"Polino";41;0;0;0;0;;;;0;0;1;0;0;;;;1;1
"055027";"Polino";42;1;0;0;0;;;;1;0;0;0;0;;;;0;1
"055027";"Polino";43;0;0;0;0;;;;0;1;0;0;0;;;;1;1
"055027";"Polino";44;0;0;0;0;;;;0;0;0;0;0;;;;0;0
"055027";"Polino";45;1;0;1;0;;;;2;0;0;0;0;;;;0;2
"055027";"Polino";46;0;1;0;0;;;;1;0;2;0;0;;;;2;3
"055027";"Polino";47;0;3;0;0;;;;3;0;0;1;0;;;;1;4
"055027";"Polino";48;1;1;0;0;;;;2;3;0;0;0;;;;3;5
"055027";"Polino";49;0;0;0;0;;;;0;0;2;0;0;;;;2;2
"055027";"Polino";50;0;0;0;0;;;;0;1;3;0;0;;;;4;4
"055027";"Polino";51;1;1;0;0;;;;2;0;0;0;0;;;;0;2
"055027";"Polino";52;1;3;0;0;;;;4;3;0;0;0;;;;3;7
"055027";"Polino";53;1;1;2;0;;;;4;0;2;0;0;;;;2;6
"055027";"Polino";54;1;3;1;0;;;;5;1;0;0;0;;;;1;6
"055027";"Polino";55;1;2;0;1;;;;4;0;1;0;0;;;;1;5
"055027";"Polino";56;0;2;0;0;;;;2;0;0;0;0;;;;0;2
"055027";"Polino";57;0;0;0;0;;;;0;0;0;0;1;;;;1;1
"055027";"Polino";58;1;1;1;0;;;;3;0;1;0;1;;;;2;5
"055027";"Polino";59;0;4;0;0;;;;4;0;0;0;0;;;;0;4
"055027";"Polino";60;0;0;0;0;;;;0;0;0;0;0;;;;0;0
"055027";"Polino";61;0;1;0;0;;;;1;0;2;0;0;;;;2;3
"055027";"Polino";62;0;1;0;0;;;;1;0;1;0;0;;;;1;2
"055027";"Polino";63;0;0;1;0;;;;1;0;1;0;0;;;;1;2
"055027";"Polino";64;0;0;0;0;;;;0;0;2;0;0;;;;2;2
"055027";"Polino";65;0;3;1;0;;;;4;0;1;0;0;;;;1;5
"055027";"Polino";66;0;1;0;0;;;;1;0;0;0;0;;;;0;1
"055027";"Polino";67;0;1;0;0;;;;1;1;2;0;0;;;;3;4
"055027";"Polino";68;0;0;0;0;;;;0;0;0;0;0;;;;0;0
"055027";"Polino";69;0;1;0;0;;;;1;0;1;0;0;;;;1;2
"055027";"Polino";70;0;1;0;0;;;;1;0;0;0;1;;;;1;2
"055027";"Polino";71;0;1;1;0;;;;2;0;1;0;0;;;;1;3
"055027";"Polino";72;0;0;0;0;;;;0;0;1;0;1;;;;2;2
"055027";"Polino";73;1;1;0;0;;;;2;0;4;0;0;;;;4;6
"055027";"Polino";74;0;1;0;0;;;;1;0;0;0;1;;;;1;2
"055027";"Polino";75;0;2;0;0;;;;2;1;0;0;0;;;;1;3
"055027";"Polino";76;0;0;0;0;;;;0;1;2;0;1;;;;4;4
"055027";"Polino";77;0;0;0;0;;;;0;0;1;0;0;;;;1;1
"055027";"Polino";78;0;0;0;0;;;;0;0;0;0;0;;;;0;0
"055027";"Polino";79;0;0;0;0;;;;0;0;2;0;0;;;;2;2
"055027";"Polino";80;1;4;0;0;;;;5;0;0;0;0;;;;0;5
"055027";"Polino";81;0;1;0;0;;;;1;0;1;0;0;;;;1;2
"055027";"Polino";82;0;2;0;0;;;;2;0;1;0;1;;;;2;4
"055027";"Polino";83;0;3;0;0;;;;3;0;0;0;1;;;;1;4
"055027";"Polino";84;0;3;1;0;;;;4;0;0;0;1;;;;1;5
"055027";"Polino";85;0;0;0;1;;;;1;0;1;0;1;;;;2;3
"055027";"Polino";86;0;1;0;0;;;;1;0;0;0;0;;;;0;1
"055027";"Polino";87;0;0;0;1;;;;1;0;1;0;0;;;;1;2
"055027";"Polino";88;0;2;0;0;;;;2;0;0;0;0;;;;0;2
"055027";"Polino";89;0;1;0;1;;;;2;0;2;0;2;;;;4;6
"055027";"Polino";90;0;1;0;0;;;;1;0;0;0;0;;;;0;1
"055027";"Polino";91;0;0;0;0;;;;0;0;0;0;0;;;;0;0
"055027";"Polino";92;0;1;0;0;;;;1;0;0;0;0;;;;0;1
"055027";"Polino";93;0;0;0;1;;;;1;0;0;0;1;;;;1;2
"055027";"Polino";94;0;0;0;1;;;;1;0;0;0;1;;;;1;2
"055027";"Polino";95;0;0;0;0;;;;0;0;0;0;0;;;;0;0
"055027";"Polino";96;0;0;0;0;;;;0;0;0;0;0;;;;0;0
"055027";"Polino";97;0;0;0;0;;;;0;0;0;0;0;;;;0;0
"055027";"Polino";98;0;0;0;0;;;;0;0;0;0;0;;;;0;0
"055027";"Polino";99;0;0;0;0;;;;0;0;0;0;0;;;;0;0
"055027";"Polino";100;0;0;0;0;;;;0;0;0;0;1;;;;1;1
"055027";"Polino";999;40;58;9;6;;;;113;35;42;1;15;;;;93;206
"055028";"Porano";0;4;0;0;0;;;;4;6;0;0;0;;;;6;10
"055028";"Porano";1;4;0;0;0;;;;4;8;0;0;0;;;;8;12
"055028";"Porano";2;4;0;0;0;;;;4;6;0;0;0;;;;6;10
"055028";"Porano";3;5;0;0;0;;;;5;5;0;0;0;;;;5;10
"055028";"Porano";4;6;0;0;0;;;;6;5;0;0;0;;;;5;11
"055028";"Porano";5;5;0;0;0;;;;5;2;0;0;0;;;;2;7
"055028";"Porano";6;6;0;0;0;;;;6;5;0;0;0;;;;5;11
"055028";"Porano";7;11;0;0;0;;;;11;5;0;0;0;;;;5;16
"055028";"Porano";8;8;0;0;0;;;;8;6;0;0;0;;;;6;14
"055028";"Porano";9;8;0;0;0;;;;8;7;0;0;0;;;;7;15
"055028";"Porano";10;12;0;0;0;;;;12;7;0;0;0;;;;7;19
"055028";"Porano";11;10;0;0;0;;;;10;6;0;0;0;;;;6;16
"055028";"Porano";12;10;0;0;0;;;;10;11;0;0;0;;;;11;21
"055028";"Porano";13;10;0;0;0;;;;10;7;0;0;0;;;;7;17
"055028";"Porano";14;9;0;0;0;;;;9;7;0;0;0;;;;7;16
"055028";"Porano";15;13;0;0;0;;;;13;13;0;0;0;;;;13;26
"055028";"Porano";16;12;0;0;0;;;;12;11;0;0;0;;;;11;23
"055028";"Porano";17;6;0;0;0;;;;6;9;0;0;0;;;;9;15
"055028";"Porano";18;12;0;0;0;;;;12;13;0;0;0;;;;13;25
"055028";"Porano";19;8;0;0;0;;;;8;8;0;0;0;;;;8;16
"055028";"Porano";20;10;0;0;0;;;;10;14;0;0;0;;;;14;24
"055028";"Porano";21;10;0;0;0;;;;10;7;0;0;0;;;;7;17
"055028";"Porano";22;4;0;0;0;;;;4;12;0;0;0;;;;12;16
"055028";"Porano";23;4;0;0;0;;;;4;12;0;0;0;;;;12;16
"055028";"Porano";24;7;0;0;0;;;;7;12;0;0;0;;;;12;19
"055028";"Porano";25;5;0;0;0;;;;5;10;0;0;0;;;;10;15
"055028";"Porano";26;7;0;0;0;;;;7;5;0;0;0;;;;5;12
"055028";"Porano";27;7;0;0;0;;;;7;7;2;0;0;;;;9;16
"055028";"Porano";28;10;0;0;0;;;;10;2;2;0;0;;;;4;14
"055028";"Porano";29;12;2;0;0;;;;14;7;0;0;0;;;;7;21
"055028";"Porano";30;3;0;0;0;;;;3;9;4;0;0;;;;13;16
"055028";"Porano";31;6;0;0;0;;;;6;7;1;1;0;;;;9;15
"055028";"Porano";32;6;4;2;0;;;;12;4;2;0;0;;;;6;18
"055028";"Porano";33;7;1;0;0;;;;8;8;4;0;0;;;;12;20
"055028";"Porano";34;8;1;0;0;;;;9;3;4;0;0;;;;7;16
"055028";"Porano";35;8;1;0;0;;;;9;4;5;0;0;;;;9;18
"055028";"Porano";36;3;4;0;0;;;;7;7;4;0;0;;;;11;18
"055028";"Porano";37;9;3;0;0;;;;12;6;4;0;0;;;;10;22
"055028";"Porano";38;7;9;0;0;;;;16;4;7;0;0;;;;11;27
"055028";"Porano";39;6;1;2;0;;;;9;3;6;0;0;;;;9;18
"055028";"Porano";40;6;8;0;0;;;;14;8;8;0;0;;;;16;30
"055028";"Porano";41;4;7;2;0;;;;13;6;5;1;0;;;;12;25
"055028";"Porano";42;3;2;0;1;;;;6;8;7;0;0;;;;15;21
"055028";"Porano";43;4;6;0;0;;;;10;3;7;1;0;;;;11;21
"055028";"Porano";44;6;5;0;0;;;;11;8;15;0;0;;;;23;34
"055028";"Porano";45;2;5;1;0;;;;8;13;10;0;0;;;;23;31
"055028";"Porano";46;10;17;0;0;;;;27;2;3;1;0;;;;6;33
"055028";"Porano";47;6;10;1;0;;;;17;4;13;0;0;;;;17;34
"055028";"Porano";48;4;7;0;0;;;;11;4;8;1;0;;;;13;24
"055028";"Porano";49;6;11;0;0;;;;17;6;13;0;0;;;;19;36
"055028";"Porano";50;7;13;0;0;;;;20;5;4;0;0;;;;9;29
"055028";"Porano";51;6;4;2;0;;;;12;4;14;0;0;;;;18;30
"055028";"Porano";52;2;12;1;1;;;;16;2;11;1;0;;;;14;30
"055028";"Porano";53;2;12;0;0;;;;14;2;8;0;2;;;;12;26
"055028";"Porano";54;3;10;0;0;;;;13;2;9;0;0;;;;11;24
"055028";"Porano";55;3;11;2;0;;;;16;2;11;0;0;;;;13;29
"055028";"Porano";56;4;10;1;0;;;;15;1;13;1;0;;;;15;30
"055028";"Porano";57;3;10;1;0;;;;14;5;11;3;0;;;;19;33
"055028";"Porano";58;3;7;0;0;;;;10;3;13;1;0;;;;17;27
"055028";"Porano";59;6;20;0;0;;;;26;4;12;1;1;;;;18;44
"055028";"Porano";60;2;6;0;0;;;;8;2;15;2;0;;;;19;27
"055028";"Porano";61;1;7;1;0;;;;9;2;18;2;0;;;;22;31
"055028";"Porano";62;1;13;0;0;;;;14;1;12;0;0;;;;13;27
"055028";"Porano";63;0;11;2;2;;;;15;1;19;0;3;;;;23;38
"055028";"Porano";64;3;11;3;1;;;;18;2;5;2;3;;;;12;30
"055028";"Porano";65;0;12;2;0;;;;14;1;10;2;1;;;;14;28
"055028";"Porano";66;1;8;0;1;;;;10;1;12;0;1;;;;14;24
"055028";"Porano";67;3;9;2;0;;;;14;1;6;0;3;;;;10;24
"055028";"Porano";68;1;13;1;0;;;;15;1;14;0;4;;;;19;34
"055028";"Porano";69;0;6;0;0;;;;6;0;5;2;1;;;;8;14
"055028";"Porano";70;0;9;0;1;;;;10;0;15;0;2;;;;17;27
"055028";"Porano";71;1;17;0;0;;;;18;1;6;0;4;;;;11;29
"055028";"Porano";72;3;12;1;0;;;;16;0;5;0;6;;;;11;27
"055028";"Porano";73;3;12;0;0;;;;15;1;8;0;3;;;;12;27
"055028";"Porano";74;3;17;0;1;;;;21;0;5;1;7;;;;13;34
"055028";"Porano";75;0;11;0;0;;;;11;0;8;0;6;;;;14;25
"055028";"Porano";76;0;8;0;2;;;;10;1;5;0;4;;;;10;20
"055028";"Porano";77;1;4;0;0;;;;5;2;4;2;3;;;;11;16
"055028";"Porano";78;0;2;0;0;;;;2;3;3;0;2;;;;8;10
"055028";"Porano";79;0;4;1;1;;;;6;1;2;0;6;;;;9;15
"055028";"Porano";80;2;4;0;2;;;;8;0;4;0;2;;;;6;14
"055028";"Porano";81;0;3;0;0;;;;3;2;2;0;3;;;;7;10
"055028";"Porano";82;0;4;0;0;;;;4;0;1;2;3;;;;6;10
"055028";"Porano";83;0;4;0;1;;;;5;4;4;0;4;;;;12;17
"055028";"Porano";84;0;5;0;0;;;;5;2;2;0;3;;;;7;12
"055028";"Porano";85;1;0;1;2;;;;4;4;2;0;5;;;;11;15
"055028";"Porano";86;0;3;1;1;;;;5;1;1;0;0;;;;2;7
"055028";"Porano";87;0;1;0;3;;;;4;1;2;0;5;;;;8;12
"055028";"Porano";88;0;4;0;0;;;;4;3;2;0;5;;;;10;14
"055028";"Porano";89;0;2;0;1;;;;3;3;0;0;6;;;;9;12
"055028";"Porano";90;0;0;0;0;;;;0;4;1;0;3;;;;8;8
"055028";"Porano";91;0;1;0;0;;;;1;4;0;0;2;;;;6;7
"055028";"Porano";92;0;0;0;1;;;;1;0;0;0;2;;;;2;3
"055028";"Porano";93;0;0;0;0;;;;0;4;0;0;2;;;;6;6
"055028";"Porano";94;0;0;0;0;;;;0;0;0;0;0;;;;0;0
"055028";"Porano";95;0;0;0;0;;;;0;1;0;0;2;;;;3;3
"055028";"Porano";96;0;0;0;0;;;;0;0;0;0;0;;;;0;0
"055028";"Porano";97;0;0;0;0;;;;0;0;0;0;1;;;;1;1
"055028";"Porano";98;0;0;0;1;;;;1;1;0;0;2;;;;3;4
"055028";"Porano";99;0;0;0;0;;;;0;1;0;0;0;;;;1;1
"055028";"Porano";100;0;0;0;0;;;;0;1;0;0;0;;;;1;1
"055028";"Porano";999;418;436;30;23;;;;907;439;438;27;112;;;;1016;1923
"055029";"San Gemini";0;8;0;0;0;;;;8;18;0;0;0;;;;18;26
"055029";"San Gemini";1;9;0;0;0;;;;9;14;0;0;0;;;;14;23
"055029";"San Gemini";2;15;0;0;0;;;;15;15;0;0;0;;;;15;30
"055029";"San Gemini";3;11;0;0;0;;;;11;9;0;0;0;;;;9;20
"055029";"San Gemini";4;13;0;0;0;;;;13;17;0;0;0;;;;17;30
"055029";"San Gemini";5;15;0;0;0;;;;15;18;0;0;0;;;;18;33
"055029";"San Gemini";6;15;0;0;0;;;;15;13;0;0;0;;;;13;28
"055029";"San Gemini";7;18;0;0;0;;;;18;16;0;0;0;;;;16;34
"055029";"San Gemini";8;22;0;0;0;;;;22;16;0;0;0;;;;16;38
"055029";"San Gemini";9;17;0;0;0;;;;17;13;0;0;0;;;;13;30
"055029";"San Gemini";10;25;0;0;0;;;;25;22;0;0;0;;;;22;47
"055029";"San Gemini";11;20;0;0;0;;;;20;22;0;0;0;;;;22;42
"055029";"San Gemini";12;34;0;0;0;;;;34;21;0;0;0;;;;21;55
"055029";"San Gemini";13;22;0;0;0;;;;22;26;0;0;0;;;;26;48
"055029";"San Gemini";14;26;0;0;0;;;;26;30;0;0;0;;;;30;56
"055029";"San Gemini";15;18;0;0;0;;;;18;24;0;0;0;;;;24;42
"055029";"San Gemini";16;18;0;0;0;;;;18;25;0;0;0;;;;25;43
"055029";"San Gemini";17;21;0;0;0;;;;21;20;0;0;0;;;;20;41
"055029";"San Gemini";18;23;0;0;0;;;;23;18;0;0;0;;;;18;41
"055029";"San Gemini";19;23;0;0;0;;;;23;22;0;0;0;;;;22;45
"055029";"San Gemini";20;23;0;0;0;;;;23;22;0;0;0;;;;22;45
"055029";"San Gemini";21;22;0;0;0;;;;22;13;0;0;0;;;;13;35
"055029";"San Gemini";22;18;0;0;0;;;;18;24;0;0;0;;;;24;42
"055029";"San Gemini";23;19;0;0;0;;;;19;22;0;0;0;;;;22;41
"055029";"San Gemini";24;27;1;0;0;;;;28;24;0;0;0;;;;24;52
"055029";"San Gemini";25;16;1;0;0;;;;17;21;0;0;0;;;;21;38
"055029";"San Gemini";26;21;0;0;0;;;;21;14;1;0;0;;;;15;36
"055029";"San Gemini";27;33;0;0;0;;;;33;13;3;0;0;;;;16;49
"055029";"San Gemini";28;21;2;0;0;;;;23;17;4;0;0;;;;21;44
"055029";"San Gemini";29;18;0;0;0;;;;18;17;0;0;0;;;;17;35
"055029";"San Gemini";30;20;2;0;0;;;;22;23;3;0;0;;;;26;48
"055029";"San Gemini";31;21;0;0;0;;;;21;17;5;0;0;;;;22;43
"055029";"San Gemini";32;18;4;0;0;;;;22;18;8;1;0;;;;27;49
"055029";"San Gemini";33;17;1;0;0;;;;18;16;3;0;0;;;;19;37
"055029";"San Gemini";34;20;7;0;0;;;;27;9;2;0;0;;;;11;38
"055029";"San Gemini";35;23;4;0;0;;;;27;16;7;0;0;;;;23;50
"055029";"San Gemini";36;17;6;0;0;;;;23;9;9;0;0;;;;18;41
"055029";"San Gemini";37;14;5;0;0;;;;19;6;12;0;0;;;;18;37
"055029";"San Gemini";38;10;9;0;0;;;;19;11;11;0;0;;;;22;41
"055029";"San Gemini";39;8;4;0;0;;;;12;20;13;1;0;;;;34;46
"055029";"San Gemini";40;13;11;1;0;;;;25;10;16;2;0;;;;28;53
"055029";"San Gemini";41;15;9;0;0;;;;24;13;19;1;1;;;;34;58
"055029";"San Gemini";42;15;17;2;0;;;;34;11;22;1;0;;;;34;68
"055029";"San Gemini";43;6;23;2;0;;;;31;10;16;2;0;;;;28;59
"055029";"San Gemini";44;9;17;2;0;;;;28;15;32;5;1;;;;53;81
"055029";"San Gemini";45;13;20;0;0;;;;33;6;36;2;0;;;;44;77
"055029";"San Gemini";46;16;17;3;0;;;;36;14;17;0;1;;;;32;68
"055029";"San Gemini";47;14;25;1;0;;;;40;16;21;3;1;;;;41;81
"055029";"San Gemini";48;11;19;0;0;;;;30;10;34;0;1;;;;45;75
"055029";"San Gemini";49;18;17;2;0;;;;37;10;22;2;1;;;;35;72
"055029";"San Gemini";50;9;24;1;1;;;;35;9;35;2;0;;;;46;81
"055029";"San Gemini";51;10;26;3;0;;;;39;7;46;3;2;;;;58;97
"055029";"San Gemini";52;6;30;6;0;;;;42;2;27;1;1;;;;31;73
"055029";"San Gemini";53;7;47;0;0;;;;54;3;31;1;1;;;;36;90
"055029";"San Gemini";54;6;31;2;1;;;;40;1;29;6;1;;;;37;77
"055029";"San Gemini";55;4;31;1;0;;;;36;4;34;3;0;;;;41;77
"055029";"San Gemini";56;5;27;6;0;;;;38;5;35;5;2;;;;47;85
"055029";"San Gemini";57;2;31;5;0;;;;38;2;25;4;3;;;;34;72
"055029";"San Gemini";58;4;34;4;0;;;;42;2;37;3;3;;;;45;87
"055029";"San Gemini";59;3;28;4;1;;;;36;3;35;3;0;;;;41;77
"055029";"San Gemini";60;4;29;4;1;;;;38;3;26;0;0;;;;29;67
"055029";"San Gemini";61;4;27;2;0;;;;33;3;27;1;2;;;;33;66
"055029";"San Gemini";62;3;30;1;2;;;;36;1;22;2;0;;;;25;61
"055029";"San Gemini";63;2;23;2;0;;;;27;0;25;2;2;;;;29;56
"055029";"San Gemini";64;3;14;2;2;;;;21;3;27;2;5;;;;37;58
"055029";"San Gemini";65;3;30;2;0;;;;35;1;26;1;4;;;;32;67
"055029";"San Gemini";66;3;25;4;1;;;;33;2;29;2;9;;;;42;75
"055029";"San Gemini";67;3;26;0;0;;;;29;1;14;0;2;;;;17;46
"055029";"San Gemini";68;2;20;1;1;;;;24;0;25;1;6;;;;32;56
"055029";"San Gemini";69;2;24;3;1;;;;30;2;27;1;5;;;;35;65
"055029";"San Gemini";70;0;24;1;1;;;;26;1;27;0;8;;;;36;62
"055029";"San Gemini";71;0;18;0;1;;;;19;0;26;1;4;;;;31;50
"055029";"San Gemini";72;3;21;0;2;;;;26;1;27;1;8;;;;37;63
"055029";"San Gemini";73;3;31;1;1;;;;36;0;27;2;4;;;;33;69
"055029";"San Gemini";74;0;26;1;5;;;;32;2;22;3;8;;;;35;67
"055029";"San Gemini";75;0;30;3;2;;;;35;2;29;2;9;;;;42;77
"055029";"San Gemini";76;1;21;0;3;;;;25;0;13;0;7;;;;20;45
"055029";"San Gemini";77;3;18;0;1;;;;22;1;18;0;12;;;;31;53
"055029";"San Gemini";78;0;19;0;0;;;;19;2;15;2;10;;;;29;48
"055029";"San Gemini";79;0;19;0;1;;;;20;1;6;0;10;;;;17;37
"055029";"San Gemini";80;0;17;0;1;;;;18;0;17;0;8;;;;25;43
"055029";"San Gemini";81;1;20;1;3;;;;25;2;7;0;9;;;;18;43
"055029";"San Gemini";82;2;14;0;0;;;;16;0;8;0;11;;;;19;35
"055029";"San Gemini";83;0;15;0;5;;;;20;0;6;0;12;;;;18;38
"055029";"San Gemini";84;0;13;0;3;;;;16;0;6;1;20;;;;27;43
"055029";"San Gemini";85;0;10;0;4;;;;14;1;8;0;13;;;;22;36
"055029";"San Gemini";86;0;8;0;1;;;;9;1;5;0;9;;;;15;24
"055029";"San Gemini";87;0;11;0;4;;;;15;0;4;0;20;;;;24;39
"055029";"San Gemini";88;2;4;0;3;;;;9;1;1;0;10;;;;12;21
"055029";"San Gemini";89;0;7;0;3;;;;10;0;6;0;10;;;;16;26
"055029";"San Gemini";90;0;4;0;2;;;;6;0;1;0;7;;;;8;14
"055029";"San Gemini";91;0;2;0;2;;;;4;0;2;0;10;;;;12;16
"055029";"San Gemini";92;0;1;0;0;;;;1;0;3;0;11;;;;14;15
"055029";"San Gemini";93;0;3;0;2;;;;5;0;0;0;6;;;;6;11
"055029";"San Gemini";94;1;0;0;2;;;;3;1;0;0;8;;;;9;12
"055029";"San Gemini";95;1;1;0;1;;;;3;0;0;0;5;;;;5;8
"055029";"San Gemini";96;0;0;0;0;;;;0;0;0;0;2;;;;2;2
"055029";"San Gemini";97;0;0;0;2;;;;2;0;0;0;5;;;;5;7
"055029";"San Gemini";98;1;0;0;0;;;;1;0;0;0;2;;;;2;3
"055029";"San Gemini";99;0;0;0;0;;;;0;0;0;0;2;;;;2;2
"055029";"San Gemini";100;0;0;0;0;;;;0;0;0;0;4;;;;4;4
"055029";"San Gemini";999;992;1135;73;66;;;;2266;896;1182;75;318;;;;2471;4737
"055030";"San Venanzo";0;7;0;0;0;;;;7;7;0;0;0;;;;7;14
"055030";"San Venanzo";1;3;0;0;0;;;;3;1;0;0;0;;;;1;4
"055030";"San Venanzo";2;6;0;0;0;;;;6;9;0;0;0;;;;9;15
"055030";"San Venanzo";3;7;0;0;0;;;;7;3;0;0;0;;;;3;10
"055030";"San Venanzo";4;4;0;0;0;;;;4;3;0;0;0;;;;3;7
"055030";"San Venanzo";5;6;0;0;0;;;;6;5;0;0;0;;;;5;11
"055030";"San Venanzo";6;6;0;0;0;;;;6;4;0;0;0;;;;4;10
"055030";"San Venanzo";7;8;0;0;0;;;;8;9;0;0;0;;;;9;17
"055030";"San Venanzo";8;10;0;0;0;;;;10;7;0;0;0;;;;7;17
"055030";"San Venanzo";9;2;0;0;0;;;;2;2;0;0;0;;;;2;4
"055030";"San Venanzo";10;5;0;0;0;;;;5;7;0;0;0;;;;7;12
"055030";"San Venanzo";11;7;0;0;0;;;;7;7;0;0;0;;;;7;14
"055030";"San Venanzo";12;5;0;0;0;;;;5;7;0;0;0;;;;7;12
"055030";"San Venanzo";13;10;0;0;0;;;;10;6;0;0;0;;;;6;16
"055030";"San Venanzo";14;6;0;0;0;;;;6;6;0;0;0;;;;6;12
"055030";"San Venanzo";15;5;0;0;0;;;;5;3;0;0;0;;;;3;8
"055030";"San Venanzo";16;8;0;0;0;;;;8;3;0;0;0;;;;3;11
"055030";"San Venanzo";17;12;0;0;0;;;;12;10;0;0;0;;;;10;22
"055030";"San Venanzo";18;7;0;0;0;;;;7;9;0;0;0;;;;9;16
"055030";"San Venanzo";19;7;0;0;0;;;;7;6;0;0;0;;;;6;13
"055030";"San Venanzo";20;7;0;0;0;;;;7;3;0;0;0;;;;3;10
"055030";"San Venanzo";21;15;0;0;0;;;;15;8;0;0;0;;;;8;23
"055030";"San Venanzo";22;14;0;0;0;;;;14;9;0;0;0;;;;9;23
"055030";"San Venanzo";23;7;0;0;0;;;;7;9;0;0;0;;;;9;16
"055030";"San Venanzo";24;9;0;0;0;;;;9;9;2;0;0;;;;11;20
"055030";"San Venanzo";25;11;0;0;0;;;;11;8;0;0;0;;;;8;19
"055030";"San Venanzo";26;17;1;0;0;;;;18;6;0;0;0;;;;6;24
"055030";"San Venanzo";27;13;0;0;0;;;;13;4;3;0;0;;;;7;20
"055030";"San Venanzo";28;16;1;0;0;;;;17;12;2;0;0;;;;14;31
"055030";"San Venanzo";29;11;2;0;0;;;;13;6;2;0;0;;;;8;21
"055030";"San Venanzo";30;14;3;0;0;;;;17;7;6;0;0;;;;13;30
"055030";"San Venanzo";31;23;4;0;0;;;;27;8;1;0;0;;;;9;36
"055030";"San Venanzo";32;11;3;0;0;;;;14;10;2;0;0;;;;12;26
"055030";"San Venanzo";33;13;2;0;0;;;;15;11;3;0;0;;;;14;29
"055030";"San Venanzo";34;7;7;0;0;;;;14;5;3;0;0;;;;8;22
"055030";"San Venanzo";35;12;5;0;0;;;;17;4;5;0;0;;;;9;26
"055030";"San Venanzo";36;8;7;0;0;;;;15;6;9;0;0;;;;15;30
"055030";"San Venanzo";37;7;6;0;0;;;;13;2;3;0;0;;;;5;18
"055030";"San Venanzo";38;7;4;0;0;;;;11;7;3;0;0;;;;10;21
"055030";"San Venanzo";39;14;5;0;0;;;;19;4;6;1;0;;;;11;30
"055030";"San Venanzo";40;10;3;0;0;;;;13;2;7;0;0;;;;9;22
"055030";"San Venanzo";41;6;3;0;0;;;;9;7;2;0;0;;;;9;18
"055030";"San Venanzo";42;4;8;0;0;;;;12;3;7;0;1;;;;11;23
"055030";"San Venanzo";43;6;3;0;0;;;;9;1;7;0;0;;;;8;17
"055030";"San Venanzo";44;4;7;0;0;;;;11;4;6;1;0;;;;11;22
"055030";"San Venanzo";45;6;2;0;0;;;;8;2;10;1;0;;;;13;21
"055030";"San Venanzo";46;8;9;0;0;;;;17;6;12;1;2;;;;21;38
"055030";"San Venanzo";47;6;10;0;0;;;;16;4;9;0;0;;;;13;29
"055030";"San Venanzo";48;2;8;1;0;;;;11;4;14;2;0;;;;20;31
"055030";"San Venanzo";49;3;7;2;0;;;;12;0;18;0;0;;;;18;30
"055030";"San Venanzo";50;1;11;0;0;;;;12;1;8;1;0;;;;10;22
"055030";"San Venanzo";51;5;11;0;0;;;;16;5;12;0;0;;;;17;33
"055030";"San Venanzo";52;4;12;0;0;;;;16;4;10;1;0;;;;15;31
"055030";"San Venanzo";53;1;19;0;2;;;;22;6;8;0;1;;;;15;37
"055030";"San Venanzo";54;2;13;0;0;;;;15;3;9;1;0;;;;13;28
"055030";"San Venanzo";55;3;15;0;0;;;;18;4;10;0;2;;;;16;34
"055030";"San Venanzo";56;7;11;1;0;;;;19;8;12;1;0;;;;21;40
"055030";"San Venanzo";57;2;9;0;1;;;;12;1;18;2;2;;;;23;35
"055030";"San Venanzo";58;11;15;0;1;;;;27;2;27;1;0;;;;30;57
"055030";"San Venanzo";59;2;11;1;0;;;;14;2;16;1;0;;;;19;33
"055030";"San Venanzo";60;6;11;0;1;;;;18;6;14;2;0;;;;22;40
"055030";"San Venanzo";61;6;16;0;0;;;;22;5;20;0;0;;;;25;47
"055030";"San Venanzo";62;4;25;0;0;;;;29;3;14;3;3;;;;23;52
"055030";"San Venanzo";63;3;10;0;0;;;;13;2;15;0;2;;;;19;32
"055030";"San Venanzo";64;1;17;1;0;;;;19;2;12;1;3;;;;18;37
"055030";"San Venanzo";65;6;13;1;0;;;;20;1;10;0;1;;;;12;32
"055030";"San Venanzo";66;3;13;2;1;;;;19;0;14;0;2;;;;16;35
"055030";"San Venanzo";67;6;14;4;0;;;;24;0;12;1;3;;;;16;40
"055030";"San Venanzo";68;2;11;2;1;;;;16;2;11;1;3;;;;17;33
"055030";"San Venanzo";69;1;11;0;1;;;;13;3;4;0;3;;;;10;23
"055030";"San Venanzo";70;2;17;0;3;;;;22;2;8;1;1;;;;12;34
"055030";"San Venanzo";71;2;13;0;2;;;;17;4;5;2;3;;;;14;31
"055030";"San Venanzo";72;2;11;0;0;;;;13;4;9;0;2;;;;15;28
"055030";"San Venanzo";73;5;7;2;0;;;;14;1;7;1;4;;;;13;27
"055030";"San Venanzo";74;1;5;3;0;;;;9;2;12;0;3;;;;17;26
"055030";"San Venanzo";75;1;14;0;2;;;;17;1;10;0;3;;;;14;31
"055030";"San Venanzo";76;0;9;2;0;;;;11;1;7;0;8;;;;16;27
"055030";"San Venanzo";77;3;7;1;1;;;;12;0;5;0;9;;;;14;26
"055030";"San Venanzo";78;3;7;0;0;;;;10;0;3;0;3;;;;6;16
"055030";"San Venanzo";79;1;9;0;0;;;;10;0;7;0;7;;;;14;24
"055030";"San Venanzo";80;1;12;0;0;;;;13;0;0;0;5;;;;5;18
"055030";"San Venanzo";81;1;9;1;0;;;;11;0;4;0;2;;;;6;17
"055030";"San Venanzo";82;1;11;1;1;;;;14;0;9;1;8;;;;18;32
"055030";"San Venanzo";83;0;6;0;1;;;;7;2;8;0;6;;;;16;23
"055030";"San Venanzo";84;1;6;0;2;;;;9;2;5;0;8;;;;15;24
"055030";"San Venanzo";85;1;5;0;3;;;;9;0;3;0;5;;;;8;17
"055030";"San Venanzo";86;0;4;0;2;;;;6;0;3;0;4;;;;7;13
"055030";"San Venanzo";87;0;2;0;3;;;;5;0;2;0;8;;;;10;15
"055030";"San Venanzo";88;1;4;0;1;;;;6;0;1;0;6;;;;7;13
"055030";"San Venanzo";89;0;2;0;2;;;;4;1;2;0;6;;;;9;13
"055030";"San Venanzo";90;1;4;0;0;;;;5;0;1;0;3;;;;4;9
"055030";"San Venanzo";91;1;2;0;0;;;;3;0;2;0;4;;;;6;9
"055030";"San Venanzo";92;0;1;0;0;;;;1;1;0;0;2;;;;3;4
"055030";"San Venanzo";93;0;1;0;0;;;;1;1;1;0;1;;;;3;4
"055030";"San Venanzo";94;0;0;0;1;;;;1;0;0;0;3;;;;3;4
"055030";"San Venanzo";95;0;0;0;1;;;;1;0;0;0;1;;;;1;2
"055030";"San Venanzo";96;0;0;0;0;;;;0;0;0;0;0;;;;0;0
"055030";"San Venanzo";97;0;0;0;0;;;;0;0;0;0;1;;;;1;1
"055030";"San Venanzo";98;0;0;0;0;;;;0;0;0;0;2;;;;2;2
"055030";"San Venanzo";99;0;0;0;0;;;;0;0;0;0;2;;;;2;2
"055030";"San Venanzo";100;0;0;0;0;;;;0;0;0;0;1;;;;1;1
"055030";"San Venanzo";999;526;546;25;33;;;;1130;367;512;27;149;;;;1055;2185
"055031";"Stroncone";0;16;0;0;0;;;;16;10;0;0;0;;;;10;26
"055031";"Stroncone";1;11;0;0;0;;;;11;11;0;0;0;;;;11;22
"055031";"Stroncone";2;12;0;0;0;;;;12;8;0;0;0;;;;8;20
"055031";"Stroncone";3;14;0;0;0;;;;14;13;0;0;0;;;;13;27
"055031";"Stroncone";4;12;0;0;0;;;;12;13;0;0;0;;;;13;25
"055031";"Stroncone";5;20;0;0;0;;;;20;10;0;0;0;;;;10;30
"055031";"Stroncone";6;19;0;0;0;;;;19;13;0;0;0;;;;13;32
"055031";"Stroncone";7;20;0;0;0;;;;20;25;0;0;0;;;;25;45
"055031";"Stroncone";8;20;0;0;0;;;;20;14;0;0;0;;;;14;34
"055031";"Stroncone";9;16;0;0;0;;;;16;24;0;0;0;;;;24;40
"055031";"Stroncone";10;31;0;0;0;;;;31;24;0;0;0;;;;24;55
"055031";"Stroncone";11;27;0;0;0;;;;27;19;0;0;0;;;;19;46
"055031";"Stroncone";12;26;0;0;0;;;;26;25;0;0;0;;;;25;51
"055031";"Stroncone";13;17;0;0;0;;;;17;23;0;0;0;;;;23;40
"055031";"Stroncone";14;25;0;0;0;;;;25;18;0;0;0;;;;18;43
"055031";"Stroncone";15;19;0;0;0;;;;19;30;0;0;0;;;;30;49
"055031";"Stroncone";16;21;0;0;0;;;;21;13;0;0;0;;;;13;34
"055031";"Stroncone";17;20;0;0;0;;;;20;21;0;0;0;;;;21;41
"055031";"Stroncone";18;24;0;0;0;;;;24;23;0;0;0;;;;23;47
"055031";"Stroncone";19;15;0;0;0;;;;15;24;0;0;0;;;;24;39
"055031";"Stroncone";20;21;0;0;0;;;;21;20;0;0;0;;;;20;41
"055031";"Stroncone";21;24;0;0;0;;;;24;18;0;0;0;;;;18;42
"055031";"Stroncone";22;28;0;0;0;;;;28;22;0;0;0;;;;22;50
"055031";"Stroncone";23;27;0;0;0;;;;27;19;0;0;0;;;;19;46
"055031";"Stroncone";24;20;0;0;0;;;;20;17;1;0;0;;;;18;38
"055031";"Stroncone";25;23;0;0;0;;;;23;19;2;0;0;;;;21;44
"055031";"Stroncone";26;21;0;0;0;;;;21;20;1;0;0;;;;21;42
"055031";"Stroncone";27;19;0;0;0;;;;19;16;1;0;0;;;;17;36
"055031";"Stroncone";28;22;2;0;0;;;;24;16;3;0;0;;;;19;43
"055031";"Stroncone";29;14;1;0;0;;;;15;16;3;0;0;;;;19;34
"055031";"Stroncone";30;21;2;0;0;;;;23;14;3;0;0;;;;17;40
"055031";"Stroncone";31;16;2;0;0;;;;18;14;4;0;0;;;;18;36
"055031";"Stroncone";32;19;0;0;0;;;;19;11;7;0;0;;;;18;37
"055031";"Stroncone";33;22;2;0;0;;;;24;15;5;0;0;;;;20;44
"055031";"Stroncone";34;16;7;0;0;;;;23;12;11;2;0;;;;25;48
"055031";"Stroncone";35;17;6;0;0;;;;23;8;4;0;0;;;;12;35
"055031";"Stroncone";36;19;7;1;0;;;;27;11;13;1;0;;;;25;52
"055031";"Stroncone";37;15;10;0;0;;;;25;11;12;0;1;;;;24;49
"055031";"Stroncone";38;15;9;1;0;;;;25;11;19;0;0;;;;30;55
"055031";"Stroncone";39;13;12;0;0;;;;25;15;20;1;0;;;;36;61
"055031";"Stroncone";40;8;18;0;0;;;;26;6;17;1;0;;;;24;50
"055031";"Stroncone";41;9;25;0;0;;;;34;10;24;1;0;;;;35;69
"055031";"Stroncone";42;15;23;1;0;;;;39;6;23;4;2;;;;35;74
"055031";"Stroncone";43;14;13;2;0;;;;29;7;29;2;0;;;;38;67
"055031";"Stroncone";44;7;27;2;1;;;;37;8;21;0;0;;;;29;66
"055031";"Stroncone";45;14;27;1;0;;;;42;5;14;3;0;;;;22;64
"055031";"Stroncone";46;12;26;0;0;;;;38;9;25;2;0;;;;36;74
"055031";"Stroncone";47;13;25;1;0;;;;39;1;25;1;0;;;;27;66
"055031";"Stroncone";48;14;28;3;0;;;;45;5;34;2;1;;;;42;87
"055031";"Stroncone";49;12;32;3;1;;;;48;8;25;1;3;;;;37;85
"055031";"Stroncone";50;7;24;1;0;;;;32;6;19;5;0;;;;30;62
"055031";"Stroncone";51;10;22;3;0;;;;35;6;32;3;0;;;;41;76
"055031";"Stroncone";52;12;22;3;0;;;;37;3;31;4;0;;;;38;75
"055031";"Stroncone";53;9;31;2;0;;;;42;7;25;0;0;;;;32;74
"055031";"Stroncone";54;8;27;1;0;;;;36;4;34;0;3;;;;41;77
"055031";"Stroncone";55;9;26;5;0;;;;40;1;38;3;0;;;;42;82
"055031";"Stroncone";56;5;32;4;0;;;;41;4;32;4;1;;;;41;82
"055031";"Stroncone";57;7;36;2;0;;;;45;1;31;7;0;;;;39;84
"055031";"Stroncone";58;6;34;0;0;;;;40;3;29;1;6;;;;39;79
"055031";"Stroncone";59;3;23;1;1;;;;28;3;30;8;3;;;;44;72
"055031";"Stroncone";60;2;21;8;1;;;;32;3;25;1;0;;;;29;61
"055031";"Stroncone";61;4;36;2;0;;;;42;0;28;2;4;;;;34;76
"055031";"Stroncone";62;5;26;2;0;;;;33;1;20;0;4;;;;25;58
"055031";"Stroncone";63;4;24;2;0;;;;30;1;24;5;4;;;;34;64
"055031";"Stroncone";64;7;25;3;0;;;;35;0;19;3;3;;;;25;60
"055031";"Stroncone";65;0;22;2;0;;;;24;0;24;1;2;;;;27;51
"055031";"Stroncone";66;2;25;1;1;;;;29;0;22;1;3;;;;26;55
"055031";"Stroncone";67;2;27;1;2;;;;32;1;20;1;6;;;;28;60
"055031";"Stroncone";68;1;27;1;1;;;;30;0;29;0;6;;;;35;65
"055031";"Stroncone";69;1;25;0;2;;;;28;2;20;1;7;;;;30;58
"055031";"Stroncone";70;2;25;3;0;;;;30;0;21;1;5;;;;27;57
"055031";"Stroncone";71;1;22;1;2;;;;26;1;17;3;7;;;;28;54
"055031";"Stroncone";72;2;22;0;3;;;;27;1;25;3;10;;;;39;66
"055031";"Stroncone";73;2;34;1;1;;;;38;0;29;0;3;;;;32;70
"055031";"Stroncone";74;2;19;0;1;;;;22;0;16;0;6;;;;22;44
"055031";"Stroncone";75;1;25;1;0;;;;27;1;18;1;8;;;;28;55
"055031";"Stroncone";76;1;17;0;4;;;;22;0;17;0;15;;;;32;54
"055031";"Stroncone";77;2;16;0;3;;;;21;0;10;0;8;;;;18;39
"055031";"Stroncone";78;0;20;0;4;;;;24;1;16;2;9;;;;28;52
"055031";"Stroncone";79;1;19;1;3;;;;24;0;18;0;10;;;;28;52
"055031";"Stroncone";80;1;13;0;1;;;;15;0;9;0;5;;;;14;29
"055031";"Stroncone";81;2;20;0;4;;;;26;2;10;0;5;;;;17;43
"055031";"Stroncone";82;0;14;0;2;;;;16;0;8;1;8;;;;17;33
"055031";"Stroncone";83;2;14;0;5;;;;21;1;7;0;11;;;;19;40
"055031";"Stroncone";84;2;10;0;3;;;;15;0;4;1;16;;;;21;36
"055031";"Stroncone";85;0;6;0;2;;;;8;1;4;0;18;;;;23;31
"055031";"Stroncone";86;0;7;1;3;;;;11;0;2;0;14;;;;16;27
"055031";"Stroncone";87;0;11;0;3;;;;14;0;0;0;12;;;;12;26
"055031";"Stroncone";88;0;4;1;4;;;;9;1;4;0;10;;;;15;24
"055031";"Stroncone";89;1;4;0;3;;;;8;0;3;0;7;;;;10;18
"055031";"Stroncone";90;1;5;0;4;;;;10;1;2;0;7;;;;10;20
"055031";"Stroncone";91;0;3;0;3;;;;6;0;4;0;13;;;;17;23
"055031";"Stroncone";92;0;2;0;0;;;;2;0;1;0;6;;;;7;9
"055031";"Stroncone";93;0;2;0;1;;;;3;0;0;0;4;;;;4;7
"055031";"Stroncone";94;0;0;0;2;;;;2;0;0;0;3;;;;3;5
"055031";"Stroncone";95;0;1;0;1;;;;2;0;0;0;3;;;;3;5
"055031";"Stroncone";96;0;0;0;1;;;;1;0;0;0;5;;;;5;6
"055031";"Stroncone";97;0;0;0;0;;;;0;0;0;0;1;;;;1;1
"055031";"Stroncone";98;0;0;0;0;;;;0;0;0;0;0;;;;0;0
"055031";"Stroncone";99;0;0;0;1;;;;1;0;0;0;3;;;;3;4
"055031";"Stroncone";100;0;0;0;1;;;;1;0;0;0;2;;;;2;3
"055031";"Stroncone";999;1022;1174;68;75;;;;2339;787;1123;83;293;;;;2286;4625
"055032";"Terni";0;290;0;0;0;0;0;0;290;274;0;0;0;0;0;0;274;564
"055032";"Terni";1;339;0;0;0;0;0;0;339;302;0;0;0;0;0;0;302;641
"055032";"Terni";2;325;0;0;0;0;0;0;325;321;0;0;0;0;0;0;321;646
"055032";"Terni";3;345;0;0;0;0;0;0;345;331;0;0;0;0;0;0;331;676
"055032";"Terni";4;334;0;0;0;0;0;0;334;359;0;0;0;0;0;0;359;693
"055032";"Terni";5;370;0;0;0;0;0;0;370;336;0;0;0;0;0;0;336;706
"055032";"Terni";6;363;0;0;0;0;0;0;363;379;0;0;0;0;0;0;379;742
"055032";"Terni";7;364;0;0;0;0;0;0;364;349;0;0;0;0;0;0;349;713
"055032";"Terni";8;454;0;0;0;0;0;0;454;416;0;0;0;0;0;0;416;870
"055032";"Terni";9;427;0;0;0;0;0;0;427;420;0;0;0;0;0;0;420;847
"055032";"Terni";10;442;0;0;0;0;0;0;442;420;0;0;0;0;0;0;420;862
"055032";"Terni";11;433;0;0;0;0;0;0;433;407;0;0;0;0;0;0;407;840
"055032";"Terni";12;495;0;0;0;0;0;0;495;442;0;0;0;0;0;0;442;937
"055032";"Terni";13;470;0;0;0;0;0;0;470;451;0;0;0;0;0;0;451;921
"055032";"Terni";14;474;0;0;0;0;0;0;474;449;0;0;0;0;0;0;449;923
"055032";"Terni";15;536;0;0;0;0;0;0;536;482;0;0;0;0;0;0;482;1018
"055032";"Terni";16;483;0;0;0;0;0;0;483;490;0;0;0;0;0;0;490;973
"055032";"Terni";17;507;0;0;0;0;0;0;507;467;0;0;0;0;0;0;467;974
"055032";"Terni";18;517;0;0;0;0;0;0;517;474;0;0;0;0;0;0;474;991
"055032";"Terni";19;506;0;0;0;0;0;0;506;471;1;0;0;0;0;0;472;978
"055032";"Terni";20;506;0;0;0;0;0;0;506;495;3;0;0;0;0;0;498;1004
"055032";"Terni";21;488;0;1;0;0;0;0;489;427;6;1;0;0;0;0;434;923
"055032";"Terni";22;533;1;0;0;0;0;0;534;454;10;0;0;0;0;0;464;998
"055032";"Terni";23;536;6;1;0;0;0;0;543;471;18;0;0;0;0;0;489;1032
"055032";"Terni";24;538;7;0;0;0;0;0;545;409;20;0;0;1;0;0;430;975
"055032";"Terni";25;521;10;0;0;0;0;0;531;403;30;0;0;0;0;0;433;964
"055032";"Terni";26;520;18;1;0;0;0;0;539;401;43;0;0;0;0;0;444;983
"055032";"Terni";27;470;21;0;0;0;0;0;491;401;49;1;0;0;0;0;451;942
"055032";"Terni";28;488;37;2;0;0;0;0;527;402;85;1;0;1;0;0;489;1016
"055032";"Terni";29;422;45;3;0;1;0;0;471;395;93;4;0;0;0;0;492;963
"055032";"Terni";30;462;71;3;0;1;0;0;537;360;124;4;0;0;0;0;488;1025
"055032";"Terni";31;461;68;0;1;0;0;0;530;345;144;5;0;0;0;0;494;1024
"055032";"Terni";32;441;106;1;1;2;0;0;551;348;162;10;1;1;1;0;523;1074
"055032";"Terni";33;392;125;3;0;0;0;0;520;316;200;7;3;0;0;0;526;1046
"055032";"Terni";34;392;162;3;1;0;0;0;558;330;206;8;2;0;0;0;546;1104
"055032";"Terni";35;353;188;11;0;1;0;0;553;296;233;15;1;0;0;0;545;1098
"055032";"Terni";36;344;176;6;3;0;0;0;529;265;249;23;2;2;1;0;542;1071
"055032";"Terni";37;331;216;16;1;0;0;0;564;251;278;29;5;1;0;0;564;1128
"055032";"Terni";38;340;220;16;1;0;0;0;577;240;286;27;4;1;0;0;558;1135
"055032";"Terni";39;320;245;8;0;1;0;0;574;243;327;19;5;0;0;0;594;1168
"055032";"Terni";40;320;257;12;3;1;0;0;593;246;351;41;6;0;0;0;644;1237
"055032";"Terni";41;293;310;21;2;0;0;0;626;241;348;35;8;2;0;0;634;1260
"055032";"Terni";42;285;325;22;3;2;0;0;637;197;328;45;16;1;0;0;587;1224
"055032";"Terni";43;274;354;27;3;0;0;0;658;218;419;49;15;1;1;0;703;1361
"055032";"Terni";44;271;359;23;6;2;0;0;661;201;474;61;6;0;0;0;742;1403
"055032";"Terni";45;295;385;29;8;1;0;0;718;189;496;68;15;0;0;0;768;1486
"055032";"Terni";46;306;457;41;6;0;0;0;810;184;494;77;18;0;0;0;773;1583
"055032";"Terni";47;289;457;44;3;0;0;0;793;195;584;87;18;0;0;0;884;1677
"055032";"Terni";48;246;509;55;3;2;0;0;815;190;649;87;22;1;0;0;949;1764
"055032";"Terni";49;264;521;51;3;1;0;0;840;190;602;102;14;1;0;0;909;1749
"055032";"Terni";50;247;489;77;2;0;0;0;815;192;627;98;21;2;0;0;940;1755
"055032";"Terni";51;228;534;70;5;1;0;0;838;179;632;112;28;0;0;0;951;1789
"055032";"Terni";52;230;568;63;13;1;0;0;875;157;580;114;40;0;0;0;891;1766
"055032";"Terni";53;184;598;63;7;1;0;0;853;162;669;125;30;1;0;0;987;1840
"055032";"Terni";54;202;614;78;4;0;0;0;898;127;669;108;38;0;0;0;942;1840
"055032";"Terni";55;175;591;69;8;1;0;0;844;141;652;120;41;0;0;0;954;1798
"055032";"Terni";56;151;575;69;15;1;0;0;811;100;705;103;48;0;0;0;956;1767
"055032";"Terni";57;149;658;87;19;0;0;0;913;123;660;112;64;0;0;0;959;1872
"055032";"Terni";58;129;679;92;11;1;0;0;912;112;644;112;59;0;0;0;927;1839
"055032";"Terni";59;100;629;68;9;3;0;0;809;96;623;100;52;0;0;0;871;1680
"055032";"Terni";60;108;542;76;15;0;0;0;741;70;601;98;52;0;0;0;821;1562
"055032";"Terni";61;95;530;81;21;0;0;0;727;63;555;94;63;0;0;0;775;1502
"055032";"Terni";62;74;552;57;20;3;0;0;706;68;566;100;84;0;0;0;818;1524
"055032";"Terni";63;87;488;54;17;1;0;0;647;60;550;80;63;0;0;0;753;1400
"055032";"Terni";64;80;511;65;15;0;0;0;671;61;499;85;73;0;0;0;718;1389
"055032";"Terni";65;62;481;53;26;1;0;0;623;66;480;71;94;0;0;0;711;1334
"055032";"Terni";66;55;491;50;25;0;0;0;621;54;530;69;105;0;0;0;758;1379
"055032";"Terni";67;48;498;45;26;0;0;0;617;48;526;78;125;0;0;0;777;1394
"055032";"Terni";68;40;468;43;23;1;0;0;575;40;496;63;92;0;0;0;691;1266
"055032";"Terni";69;44;434;45;35;1;0;0;559;40;478;51;136;0;0;0;705;1264
"055032";"Terni";70;28;460;34;33;0;0;0;555;43;468;46;127;0;0;0;684;1239
"055032";"Terni";71;31;464;39;39;0;0;0;573;40;453;56;152;0;0;0;701;1274
"055032";"Terni";72;30;438;39;38;0;0;0;545;29;464;49;163;0;0;0;705;1250
"055032";"Terni";73;33;491;41;43;0;0;0;608;34;442;53;176;0;0;0;705;1313
"055032";"Terni";74;32;587;31;46;0;0;0;696;43;495;38;219;0;0;0;795;1491
"055032";"Terni";75;26;552;22;51;0;0;0;651;39;436;32;230;0;0;0;737;1388
"055032";"Terni";76;23;486;21;60;0;0;0;590;27;451;44;230;0;0;0;752;1342
"055032";"Terni";77;23;367;24;45;0;0;0;459;26;331;31;203;0;0;0;591;1050
"055032";"Terni";78;25;365;8;51;0;0;0;449;27;341;23;236;0;0;0;627;1076
"055032";"Terni";79;17;405;10;52;0;0;0;484;25;329;21;317;0;0;0;692;1176
"055032";"Terni";80;23;365;15;60;0;0;0;463;17;298;28;317;0;0;0;660;1123
"055032";"Terni";81;27;355;8;62;0;0;0;452;27;269;19;294;0;0;0;609;1061
"055032";"Terni";82;16;398;15;65;0;0;0;494;27;246;12;351;0;0;0;636;1130
"055032";"Terni";83;14;321;4;71;0;0;0;410;21;199;19;317;0;0;0;556;966
"055032";"Terni";84;7;289;4;80;0;0;0;380;21;158;18;359;0;0;0;556;936
"055032";"Terni";85;10;240;7;76;0;0;0;333;21;130;8;349;0;0;0;508;841
"055032";"Terni";86;5;180;2;66;0;0;0;253;8;90;13;308;0;0;0;419;672
"055032";"Terni";87;5;162;3;70;0;0;0;240;21;68;7;284;0;0;0;380;620
"055032";"Terni";88;13;130;0;46;0;0;0;189;16;58;4;276;0;0;0;354;543
"055032";"Terni";89;5;104;2;61;0;0;0;172;13;39;3;250;0;0;0;305;477
"055032";"Terni";90;3;98;1;40;0;0;0;142;12;28;4;203;0;0;0;247;389
"055032";"Terni";91;2;76;1;34;0;0;0;113;9;22;5;217;0;0;0;253;366
"055032";"Terni";92;1;50;1;41;0;0;0;93;10;17;1;182;0;0;0;210;303
"055032";"Terni";93;1;30;0;21;0;0;0;52;4;9;2;169;0;0;0;184;236
"055032";"Terni";94;1;18;2;19;0;0;0;40;9;7;0;104;0;0;0;120;160
"055032";"Terni";95;1;11;3;19;0;0;0;34;4;6;1;102;0;0;0;113;147
"055032";"Terni";96;0;16;0;17;0;0;0;33;6;0;1;86;0;0;0;93;126
"055032";"Terni";97;0;5;0;14;0;0;0;19;1;2;1;65;0;0;0;69;88
"055032";"Terni";98;0;3;0;7;0;0;0;10;0;1;0;37;0;0;0;38;48
"055032";"Terni";99;0;0;0;4;0;0;0;4;3;2;0;21;0;0;0;26;30
"055032";"Terni";100;0;0;0;3;0;0;0;3;1;0;0;36;0;0;0;37;40
"055032";"Terni";999;23065;24052;2042;1698;31;0;0;50888;19886;24913;3238;7849;16;3;0;55905;106793
