Comune_Key,Anno,Popolazione Totale,Popolazione Totale_yoy_pct,Numero contribuenti,Reddito_Pro_Capite,Reddito_Pro_Capite_yoy_pct,Reddito_Medio_Contribuente,Prezzo_Medio_Mq,Prezzo_Medio_Mq_yoy_pct,Pct_minore_o_uguale_a_zero_euro,Pct_da_0_a_10000_euro,Pct_da_10000_a_15000_euro,Pct_da_15000_a_26000_euro,Pct_da_26000_a_55000_euro,Pct_da_55000_a_75000_euro,Pct_da_75000_a_120000_euro,Pct_oltre_120000_euro
ASSISI,2021,28004.0,,20002,14009.968718754464,,19614.796720327966,993,,-0.003933116736892847,6.747376077664045,9.555150147081896,33.227061696667086,33.21340373150952,5.041667384165443,5.323563350034053,6.895710729614846
ASSISI,2022,27880.0,-0.4427938865876335,20738,15024.101470588235,7.238651079043468,20198.280885331274,996,0.30211480362538623,0.0,5.876395174889117,8.89686169937343,32.33881842013727,33.420552828664114,5.18841236609043,5.97677477801217,8.30218473283347
ASSISI,2023,27671.0,-0.7496413199426066,20908,16212.909652704999,7.912674075345016,21457.213650277405,992,-0.40160642570281624,0.0,4.925333777467277,7.715169253039621,31.2718212947941,35.31464994729045,5.550938423128896,6.011418967582817,9.210668336696841
ASSISI,2024,27507.0,-0.5926782552130416,21192,33198.01341476715,104.76283483901558,43090.683040770105,987,-0.5040322580645129,0.0,2.2167816604336794,3.45088432426828,15.243438885565055,20.254089413292814,3.1147126443087743,3.357631505160789,0.0
ASSISI,2025,27468.0,-0.1417820918311663,20543,34816.73569244211,4.875961273498741,46553.38051891155,982,-0.5065856129685908,0.0,1.9158157362311228,2.9997507304092137,14.16639212170737,22.024614089081826,3.2792763133734795,3.527400816618171,0.0
BASTIA UMBRA,2021,21379.0,,15174,13773.733991299874,,19406.132792935285,993,,-0.0072479699783602435,6.225072665542991,9.739621899796134,36.37455930411936,33.03100823371495,5.25097647148928,4.750257310065721,4.635752085249928
BASTIA UMBRA,2022,21256.0,-0.5753309322232059,15915,14710.92604441099,6.804197421723757,19647.844423499842,996,0.30211480362538623,-0.001965170941217807,5.610410172781411,8.510048198847437,35.83768460662318,33.79020098546751,5.546225994901288,4.754449188584916,5.952946023735479
BASTIA UMBRA,2023,21267.0,0.05175009409108533,16257,15860.178962712183,7.812240472365239,20747.88866334502,992,-0.40160642570281624,0.0,4.884573045709973,7.723644699130615,34.51518715358606,34.70898586404906,5.792536369558985,4.9001536105596895,7.474919257405607
BASTIA UMBRA,2024,21292.0,0.11755301641040994,16707,34113.38390005636,115.088265903292,43475.319925779615,987,-0.5040322580645129,0.0,2.121873083590892,3.314180147353967,15.49503672628563,19.46403043072661,2.904266593801101,2.8493468856420656,3.851266132599736
BASTIA UMBRA,2025,21321.0,0.1362013901935022,16113,34696.85193002204,1.7103786351864159,45911.47396512133,982,-0.5065856129685908,0.0,1.909159040686586,2.9606705085913143,14.890952285569012,22.17516074353654,3.128305496677772,3.033363352509433,0.0
BETTONA,2021,4297.0,,3091,13167.253199906912,,18304.654480750567,993,,0.0,6.899242832502766,11.744345634149585,37.36559023382367,30.79471789937615,5.185740953285938,4.125579556493482,3.884782890368411
BETTONA,2022,4288.0,-0.20944845240865595,3226,14242.818796641792,8.168488753162917,18931.55827650341,996,0.30211480362538623,0.0,6.7959702853003945,10.044604338527694,35.39416392527087,31.461210150631192,4.900427121831019,4.48265800091356,6.920966177525277
BETTONA,2023,4225.0,-1.469216417910446,3264,15641.870532544379,9.822857089443971,20247.21292892157,992,-0.40160642570281624,0.0,5.546061070527091,9.042818968230362,33.81841028319938,33.49651443040083,5.30765225902627,4.249622652161503,8.538920336454561
BETTONA,2024,4256.0,0.733727810650886,3370,33126.20065789474,111.7790234164934,41835.34421364985,987,-0.5040322580645129,0.0,2.433274691206752,3.7557604487452614,15.823871045672838,18.843025337923983,2.9729394827581435,2.1140537465268494,4.057075247166172
BETTONA,2025,4227.0,-0.6813909774436078,3225,35083.874615566594,5.9097449112544,45984.35286821705,982,-0.5065856129685908,0.0,2.006852509547265,3.433616226100448,14.19591745457764,21.535967967749166,2.7182653798961938,3.097739252565979,3.01164120956331
BEVAGNA,2021,4833.0,,3516,13160.148148148148,,18089.58930602958,910,,0.0,7.7345145816715934,10.669857438791091,36.48316975508512,32.7298528515858,3.6448188698532378,5.687669178351284,3.050117324661876
BEVAGNA,2022,4777.0,-1.1587006000413846,3673,14094.15574628428,7.097242277379401,18330.460658861964,905,-0.5494505494505475,0.0,6.950025473882386,9.532761676301767,36.296113244900894,34.30426981836413,3.9986821487747806,5.318026071317781,3.6001215664582564
BEVAGNA,2023,4793.0,0.33493824576094067,3691,14963.90590444398,6.17099863103896,19431.590625846653,899,-0.6629834254143652,0.0,5.8215553690421995,8.954598185290452,34.87171112250479,35.683371410677736,4.6689257874999885,6.822697264121229,3.1771408608636005
BEVAGNA,2024,4743.0,-1.0431879824744472,3798,32917.94644739616,119.98231382636666,41108.43075302791,890,-1.0011123470522798,0.0,2.541434429374222,3.765041809437813,15.652000367386576,20.249709504564855,2.4060970543615565,2.9109006850837336,2.474816149791244
BEVAGNA,2025,4747.0,0.08433480919249892,3664,34754.437750157995,5.578997176195655,45027.10589519651,886,-0.44943820224718767,0.0,2.2900458624764815,3.1418477938167717,14.514141881882939,21.785492794745252,2.643482895758884,2.9450219080796773,2.6799668632399953
CAMPELLO SUL CLITUNNO,2021,2361.0,,1742,14515.438373570521,,19673.33524684271,1002,,0.0,5.631746420802458,9.160306323577256,35.41639785299211,35.92146993298989,3.682970562531824,4.847545807746794,5.339563099359661
CAMPELLO SUL CLITUNNO,2022,2347.0,-0.5929690808979204,1774,15028.884959522795,3.5372447785466,19883.19785794814,991,-1.0978043912175606,0.0,5.508942827408082,8.4952189638059,33.47290927599638,39.18767646213897,3.05267291989041,5.2856829341526765,4.996896616607593
CAMPELLO SUL CLITUNNO,2023,2316.0,-1.320835108649343,1802,16317.5,8.574255801064567,20971.881243063264,973,-1.816347124117057,0.0,4.568656355836113,7.892704490686091,32.2303845882111,39.875595804646196,2.9164387704798957,4.418042445185179,8.098177544955416
CAMPELLO SUL CLITUNNO,2024,2323.0,0.3022452504317874,1842,33311.325010761946,104.14478327416545,42009.88490770901,966,-0.7194244604316502,0.0,2.2841762282099785,2.8447883006905155,15.884872398575133,21.900331404345557,2.511831918779056,2.2984702116538207,2.2755295377459377
CAMPELLO SUL CLITUNNO,2025,2316.0,-0.301334481274218,1781,35078.53799654577,5.305141675429859,45615.88658057271,958,-0.8281573498964856,0.0,1.9885540827002384,2.5830478545958075,13.489078676575414,25.451438884475046,2.0647438377052114,2.187138817812396,2.2359978461358865
CANNARA,2021,4256.0,,3094,12719.322603383458,,17496.26276664512,993,,0.0,7.684557328218417,11.79341337591404,41.54126034894108,30.109955885490887,2.55468722593764,3.912984501612192,2.403141333885746
CANNARA,2022,4198.0,-1.3627819548872155,3195,13601.933301572177,6.939132890252631,17871.96118935837,996,0.30211480362538623,0.0,6.512804453084431,10.9557804641873,41.21439838198042,30.542431228248596,3.007597986694294,4.423274050454813,3.3437134353501436
CANNARA,2023,4184.0,-0.33349213911386677,3239,14603.59034416826,7.3640784761112466,18864.285890707008,992,-0.40160642570281624,0.0,5.6754260154534535,9.123072454844014,39.92778269546656,33.23532961311441,4.750855061932929,4.10362789920012,3.1839062599885155
CANNARA,2024,4171.0,-0.31070745697896474,3294,31231.5933828818,113.86243140786063,39546.74438372799,987,-0.5040322580645129,0.0,2.38246107747216,3.805265273065063,18.115071620300757,19.48207349190327,2.7772019517824686,2.519288541709911,0.0
CANNARA,2025,4155.0,-0.3836010549029045,3143,33872.09578820698,8.454587548429249,44778.41489023226,982,-0.5065856129685908,0.0,2.062127849853343,3.1926183299391204,16.34423027128074,20.827689594489097,2.8131714977497495,3.067697339914482,1.6924651167734714
CASCIA,2021,2977.0,,2186,11014.018139066175,,14999.419945105215,761,,0.0,11.910634421605568,14.02110944698929,37.223552896159575,28.640037071271923,3.883401163546062,4.321265000427585,0.0
CASCIA,2022,2979.0,0.06718172657036448,2232,11932.543135280295,8.339599450596126,15926.0958781362,700,-8.015768725361372,0.0,9.84586173489634,12.313892411763273,37.16902664710874,30.72632251917642,4.069466137917621,4.031398277088904,1.84403227204871
CASCIA,2023,2965.0,-0.46995636119503414,2259,13662.602698145025,14.498665902573249,17932.54404603807,691,-1.28571428571429,0.0,8.09334731552757,10.840601134293617,34.611628147459406,31.62296251776461,5.244621295728369,3.657220457058382,5.929619132168048
CASCIA,2024,2966.0,0.03372681281619272,2302,30239.08226567768,121.32739225289227,38961.38922675934,689,-0.28943560057886897,0.0,3.3216136655508195,4.8179401206732795,15.602828204866503,17.57447765290768,1.9537364610944217,1.92652245727291,4.802881437634385
CASCIA,2025,2948.0,-0.6068779501011479,2239,31429.291723202172,3.9359972867808235,41381.66681554265,743,7.837445573294621,0.0,3.165342220231341,4.110940074914775,15.808036156023464,18.495140909438636,2.3000057245511756,1.7682268673304615,4.3523080475101485
CASTEL RITALDI,2021,3072.0,,2178,12482.179361979166,,17605.71854912764,558,,0.0,7.477866557413688,11.226382508083464,39.87273783940151,35.580916074231354,2.8775294361714376,2.9645675846985498,0.0
CASTEL RITALDI,2022,3048.0,-0.78125,2319,13216.32217847769,5.881527537849118,17371.000431220353,557,-0.17921146953404632,0.0,6.7938838254514575,10.138081862605766,40.13025480750732,35.31753938041399,3.782451062287521,3.837789061733942,0.0
CASTEL RITALDI,2023,3051.0,0.09842519685039353,2336,13964.907899049493,5.664100121521298,18239.26969178082,556,-0.17953321364452268,0.0,6.162637752812723,8.552889536712499,39.15926924007252,37.92143551094289,3.464626203800536,3.5356357723369625,1.2035059833218695
CASTEL RITALDI,2024,3043.0,-0.2622091117666314,2365,29804.395990798555,113.42350559166351,38348.74291754757,556,0.0,0.0,2.72687808692666,3.867810381186559,17.759872765330247,21.373442486109205,1.571024315986796,2.625008935189289,0.0
CASTEL RITALDI,2025,3017.0,-0.8544199802826169,2255,31508.41796486576,5.717351140393134,42155.608425720624,556,0.0,0.0,2.444219519620144,3.158436428387584,16.806205815625745,23.51261213114789,1.9572306371146486,1.8540199552293306,0.0
CASTIGLIONE DEL LAGO,2021,15160.0,,11066,13245.076121372033,,18145.25158142057,811,,0.0,7.249904298084507,11.146527324531624,36.062105301500154,34.46938418704648,3.936352033324436,4.117199345160148,3.018527510352655
CASTIGLIONE DEL LAGO,2022,15193.0,0.2176781002638517,11485,14185.512012110841,7.100267919346548,18765.38824553766,811,0.0,0.0,6.574898467655631,9.730867623701142,35.00238798647093,35.72884422438472,3.865558319737255,4.256022828901962,4.841420549148358
CASTIGLIONE DEL LAGO,2023,15158.0,-0.23036924899624278,11713,15087.68604037472,6.3598270368644405,19525.24075813199,802,-1.1097410604192337,0.0,5.911054892662585,8.886759939570391,34.029347158250204,37.16701914211354,4.802650224162403,4.900856537963882,4.302312105277001
CASTIGLIONE DEL LAGO,2024,15136.0,-0.14513788098693414,11961,32409.002774841436,114.80432909403598,41011.84399297718,801,-0.12468827930174342,0.0,2.4858420775982,3.720434177279087,15.920455326917477,20.34841878565564,2.4664820898576028,2.684324302995491,2.374043239696504
CASTIGLIONE DEL LAGO,2025,15173.0,0.24445031712474474,11470,33303.520134449354,2.7600891203672484,44055.30174367916,802,0.12484394506866447,0.0,2.310087552616336,3.4181677866629823,14.707193202766822,22.622991771946865,2.7464816843471507,3.0764569024842046,0.0
CERRETO DI SPOLETO,2021,1014.0,,736,11918.705128205129,,16420.60733695652,761,,0.0,8.002098701699307,12.762893126983615,38.82840581662408,40.406602354693,0.0,0.0,0.0
CERRETO DI SPOLETO,2022,985.0,-2.859960552268248,786,13101.34923857868,9.922588885724437,16418.357506361324,700,-8.015768725361372,0.0,7.904785100213261,11.828200125704882,37.693060481467825,39.66536867710529,0.0,2.908585615508737,0.0
CERRETO DI SPOLETO,2023,973.0,-1.2182741116751217,785,13823.526207605344,5.512233556068535,17134.128662420382,691,-1.28571428571429,0.0,7.461786514507382,9.297999574879086,36.28228563976794,42.755996877688375,4.201931393157219,0.0,0.0
CERRETO DI SPOLETO,2024,970.0,-0.30832476875641834,791,30206.72886597938,118.51681265927954,37042.385587863464,689,-0.28943560057886897,0.0,3.188789061712098,3.8071431274939185,16.96325120705167,23.49834868157832,1.4925397075622566,0.0,0.0
CERRETO DI SPOLETO,2025,958.0,-1.2371134020618513,770,34419.012526096034,13.944852085128545,42822.61558441559,743,7.837445573294621,0.0,2.6981100592131586,3.5863408017137686,14.055811751855602,24.990454430954586,1.3370286740705708,1.1544209525892588,2.1778333296030556
CITERNA,2021,3419.0,,2601,14450.417373501024,,18994.993079584776,799,,0.0,5.876772763748807,10.917620351885764,42.28456609612234,29.011451387754157,2.9430386529953654,4.0602658257319755,4.906284921761592
CITERNA,2022,3428.0,0.2632348639953097,2619,15147.136814469079,4.821448564147968,19826.034746086294,800,0.12515644555695093,0.0,5.239199270246533,10.485483843477395,39.79998607590634,30.530221975667114,3.2671836171001356,3.889916077003127,6.788009140599355
CITERNA,2023,3367.0,-1.77946324387398,2701,16252.181467181466,7.295402862254541,20259.568678267307,790,-1.2499999999999956,0.0,4.626279865196411,9.285004256585143,38.516954019286345,32.745446705699145,3.935454873481607,4.537111327907455,6.353748951843892
CITERNA,2024,3372.0,0.14850014850014137,2744,34946.11565836299,115.0241537047243,42943.987609329444,786,-0.5063291139240533,0.0,2.0199484883955643,3.665559437541793,18.188756657406692,18.535323939070338,2.356616611804199,2.100882275102708,3.1329125906787083
CITERNA,2025,3400.0,0.8303677342823335,2658,35097.852647058826,0.43420273136858256,44895.673062452974,782,-0.5089058524173073,0.0,1.7470475548365834,3.3444370515746065,16.779161259061105,22.132682174564742,1.960973831656988,2.746817115064162,0.0
CITTA' DELLA PIEVE,2021,7571.0,,5514,14494.044511953507,,19901.05386289445,811,,0.0,6.27032298920345,9.242015250804053,33.58396027659911,35.22533510477402,5.6894277219932405,4.2263861971246195,5.762552459501514
CITTA' DELLA PIEVE,2022,7512.0,-0.7792893937392686,5634,15239.78381256656,5.145142889536647,20319.711750088747,811,0.0,0.0,5.646743603162426,8.418429651051348,33.82822948762897,36.00349475550828,5.914648595399757,4.8025495108124945,5.38590439643674
CITTA' DELLA PIEVE,2023,7482.0,-0.39936102236421966,5658,16355.266238973536,7.319542325050321,21627.80169671262,802,-1.1097410604192337,0.0,4.983799065559331,7.556373533136386,31.38668381595367,37.54398112702398,5.738092790018268,5.508328333337501,7.282741334970858
CITTA' DELLA PIEVE,2024,7399.0,-1.1093290564020308,5701,34064.89687795648,108.28090708044877,44210.870373618665,801,-0.12468827930174342,0.0,2.2000830070134927,3.123628872252819,15.13334231475652,21.31144685664974,3.0288359229673203,2.885521705126313,0.0
CITTA' DELLA PIEVE,2025,7388.0,-0.14866873901878686,5632,35283.59623714131,3.577581237222094,46284.660688920456,802,0.12484394506866447,0.0,1.9151978506709473,2.7000258394345433,14.171622664739091,23.413211879308403,3.139976767027355,2.888565824454753,0.0
CITTA' DI CASTELLO,2021,38657.0,,29530,15112.766329513413,,19783.75238740264,799,,0.0,5.749180273274011,10.162154940264651,37.645739522993594,30.635600871932233,4.522116312515289,5.6156753038091125,5.669532775211109
CITTA' DI CASTELLO,2022,38505.0,-0.3932017487130457,30359,15867.961329697442,4.997066610559742,20125.690931848876,800,0.12515644555695093,-0.002886271645075377,5.090746516378554,9.290738866244773,36.93899895238405,31.772062884269896,4.498899780581326,5.879381004176409,6.532058267610069
CITTA' DI CASTELLO,2023,38280.0,-0.5843396961433545,30741,16924.07549634274,6.655638646337914,21074.578250544873,790,-1.2499999999999956,0.0,4.5322570634437,7.9609246909961655,35.669755548633894,33.70033470987373,4.783070823669563,6.0083289494983285,7.345328213884615
CITTA' DI CASTELLO,2024,38100.0,-0.470219435736674,31061,34513.34469816273,103.93045815483984,42334.71018318792,786,-0.5063291139240533,0.0,2.0342678010720054,3.5247184121446673,17.22614649371202,19.619382980146263,2.509623511422433,3.2702435241160206,0.0
CITTA' DI CASTELLO,2025,37871.0,-0.6010498687664012,29883,37494.340577222676,8.637226861465663,47516.92172807282,782,-0.5089058524173073,0.0,1.7623098852089654,2.935859267404304,15.142209782006045,21.07426791349114,2.5818034575419704,3.1132256706056736,3.3903240237419032
COLLAZZONE,2021,3400.0,,2440,12712.121176470588,,17713.611475409834,855,,0.0,7.680538898353892,13.1040980525951,37.67713640237576,27.398232145826917,4.364141847757532,4.737993002139783,5.0378596509510185
COLLAZZONE,2022,3365.0,-1.0294117647058787,2489,13421.682020802378,5.581765894783541,18145.423865006025,848,-0.8187134502923965,0.0,6.988390743415768,11.734365188526427,37.11405067226169,29.70313719169001,4.173867836212768,7.692148784119018,2.594039583774319
COLLAZZONE,2023,3325.0,-1.1887072808320909,2511,14695.048421052632,9.487383163128538,19458.795698924732,838,-1.1792452830188704,0.0,5.971928225181308,10.762262593040393,34.0960289912805,32.2645451070665,4.4074403170657295,6.967500648164727,5.53029411820085
COLLAZZONE,2024,3302.0,-0.6917293233082655,2563,30378.712901271956,106.72754543462659,39137.928209129925,830,-0.9546539379474916,0.0,2.669956518015909,4.432967193567254,16.65382520734866,18.83940177355294,2.1884606109569176,4.0103514576887305,0.0
COLLAZZONE,2025,3288.0,-0.4239854633555473,2436,33143.66849148418,9.101621912679715,44735.788998357966,825,-0.6024096385542133,0.0,2.083345912511575,3.5185798331972515,15.489684728201015,20.42002091792697,2.330030556529212,3.3741668905836866,2.7841711610502906
CORCIANO,2021,21391.0,,15218,15946.109906035248,,22414.458995925877,927,,0.0,4.824302209714885,7.4788170362628374,29.509712920138604,36.55488089079612,6.822678730545145,7.35896094706366,7.450647265478751
CORCIANO,2022,21429.0,0.17764480388948733,15914,16739.828036772597,4.977503199303457,22541.01891416363,929,0.21574973031284195,0.0,4.414188284926778,6.788826118248531,29.027265236577698,36.758459209332464,7.499250072009953,7.556362379868128,7.955648699036449
CORCIANO,2023,21605.0,0.8213169069951842,16359,17720.534829900487,5.858523701519269,23403.151476251605,926,-0.32292787944026013,0.0,3.776211472546106,6.122177893970585,27.400553093399722,38.10705388350237,7.099104875092058,8.408926939434362,9.0859718420548
CORCIANO,2024,21619.0,0.0647998148576745,16732,36332.977982330354,105.03319076478678,46944.93491513268,938,1.2958963282937441,0.0,1.6855840142546954,2.7076300123145556,12.816322406591258,21.61198949255978,3.909018100006387,4.4700329097402305,0.0
CORCIANO,2025,21623.0,0.018502243397011675,16041,38031.911899366416,4.676010642073702,51266.38183405025,940,0.2132196162046851,0.0,1.502065208880713,2.414568761702079,11.528094058870627,23.401358248364343,4.001236892618909,4.653565155745485,0.0
COSTACCIARO,2021,1119.0,,860,12884.050938337801,,16764.247674418606,715,,0.0,7.986798872156853,11.601107367679543,41.85444342275189,32.39060866865554,3.4052395418184034,2.761802126937774,0.0
COSTACCIARO,2022,1110.0,-0.8042895442359255,850,13396.127027027027,3.974495996173766,17493.765882352942,712,-0.41958041958042314,0.0,7.594934155031092,9.799484199446916,40.9993919850843,34.57897371305583,2.6300327087948845,4.397183238586976,0.0
COSTACCIARO,2023,1057.0,-4.77477477477477,865,14761.235572374646,10.190322490922021,18037.717919075145,705,-0.98314606741573,0.0,6.326736281443905,10.234206729046765,39.29783999180651,34.63754114211287,3.6960829542411644,5.8075929013487855,0.0
COSTACCIARO,2024,1046.0,-1.040681173131508,857,30998.635755258125,110.00027811541364,37834.97432905484,711,0.8510638297872353,0.0,2.762176698518127,4.179632527466129,19.668101720260125,19.714520218970964,2.084721362406222,0.0,0.0
COSTACCIARO,2025,1031.0,-1.4340344168260022,841,33861.387002909796,9.235087860813618,41511.403091557666,705,-0.8438818565400852,0.0,2.348889708112809,3.8242575640004364,16.795190296264025,22.342164051595066,3.3706538524004834,0.0,0.0
DERUTA,2021,9478.0,,6796,13268.814623338258,,18505.271483225428,855,,0.0,6.783088588289809,11.51226375730473,38.94762420949283,29.942649130608594,4.5568494254914,4.881296848228785,3.376228040583858
DERUTA,2022,9444.0,-0.3587254695083364,7106,14182.961351122405,6.8894377812489305,18849.407120743035,848,-0.8187134502923965,0.0,5.986188828460682,10.613060676669777,38.53955574695245,30.784083487139657,4.539709229134138,5.768036282238099,3.769365749405197
DERUTA,2023,9470.0,0.2753070732740337,7274,15403.203379091869,8.603577192099564,20053.38685729997,838,-1.1792452830188704,0.0,5.16306362746196,9.148153990047572,37.02387130816383,32.55701772041878,4.412721894626946,6.108246137804712,5.586925321476211
DERUTA,2024,9486.0,0.1689545934530079,7477,33480.17541640312,117.35852336955266,42475.98555570416,830,-0.9546539379474916,0.0,2.23087985229294,3.7606805269578025,16.889416787546764,18.353621231585045,2.2744941713818427,2.8281302118601226,3.6627772183754814
DERUTA,2025,9530.0,0.46384145055871073,7198,33645.99979013641,0.4952912333071158,44546.59322033898,825,-0.6024096385542133,0.0,1.9248977763285384,3.56692568035183,16.347403119582406,20.99109942230503,2.2610381708412746,2.9825002420579345,0.0
FOLIGNO,2021,55831.0,,39568,14583.02002471745,,20576.844697735545,910,,-0.005434025709779123,5.748219202050706,7.950787047012536,32.25809931841365,37.41007179046453,5.452256219376178,5.852895955875441,5.333104492516735
FOLIGNO,2022,55503.0,-0.5874872382726437,41117,15286.574509485974,4.824477259004212,20635.035265218765,905,-0.5494505494505475,0.0,5.3454652809574705,7.417465229522547,31.705915939763834,37.49632030790426,5.349549430827596,6.760951102706617,5.924332708317676
FOLIGNO,2023,55370.0,-0.23962668684575084,42153,16321.834477153694,6.772347637629972,21439.517353450527,899,-0.6629834254143652,-0.0006728705344698291,4.714528091999029,6.9220098402751296,29.704304382463555,39.18892168070799,5.9094823154193215,6.635563287991106,6.925863271678338
FOLIGNO,2024,55265.0,-0.18963337547408532,42934,33635.10565457342,106.07429698943326,43295.38626729399,890,-1.0011123470522798,0.0,2.1419145209720365,2.9906969380219905,13.832642342810248,22.637356561035435,3.055419525082349,3.4845269440382993,0.0
FOLIGNO,2025,55303.0,0.06875961277481579,41024,36534.68350722384,8.620688998062253,49251.111593213725,886,-0.44943820224718767,0.0,1.8452303536102252,2.5192919708495736,12.08192838952342,23.515768773169505,2.9253731366035702,3.59115260313586,3.5212547731078487
FOSSATO DI VICO,2021,2650.0,,1800,12560.295094339623,,18491.545555555556,715,,0.0,7.143231402266657,9.72146069636268,38.14176700931976,32.09172888679277,4.813476020362699,4.347389146186987,3.7409468387084526
FOSSATO DI VICO,2022,2652.0,0.07547169811321641,1899,13230.378205128205,5.334931271563503,18476.54713006846,712,-0.41958041958042314,0.0,6.6378415253551575,9.04797032447636,36.75584860393874,33.89414752140275,4.312171446699447,4.146534426476296,5.205486151651256
FOSSATO DI VICO,2023,2641.0,-0.41478129713423684,1950,13951.700870882241,5.452018487834653,18895.611282051283,705,-0.98314606741573,0.0,5.662728574986969,8.864630674516688,36.65081692283885,35.11448133852381,4.081482277176178,5.824841920964852,3.8010182909926553
FOSSATO DI VICO,2024,2611.0,-1.135933358576302,1955,29469.22022213711,111.22313684090344,39357.61329923273,711,0.8510638297872353,0.0,2.5598923499483406,3.9010004323396505,16.841776398445138,19.67405858385514,2.302289866567346,2.8017639395356637,1.9192184293087242
FOSSATO DI VICO,2025,2555.0,-2.144772117962468,1869,32182.41722113503,9.206884262786774,43994.69020866774,705,-0.8438818565400852,0.0,2.3311899256873208,3.111762258970013,15.144499902926173,21.822207592637643,2.289133923890519,2.7483361847402277,2.5528702111481034
FRATTA TODINA,2021,1823.0,,1319,13040.789358200767,,18023.774829416223,855,,0.0,7.705288932876503,12.591548379848216,39.068732357089296,27.347704630212334,5.1149818584744375,5.704040392440967,2.4677034490582503
FRATTA TODINA,2022,1845.0,1.206801974766858,1385,13650.644986449865,4.676523878254235,18184.43321299639,848,-0.8187134502923965,0.0,7.129107134916046,11.944349592462947,37.34313158713923,28.40312498014726,6.121191450298268,6.575235532911079,2.4838597221251644
FRATTA TODINA,2023,1861.0,0.8672086720867167,1413,14451.036002149382,5.863393389059746,19032.822363765037,838,-1.1792452830188704,0.0,6.488087885426665,10.49933927972901,35.777807458772934,30.54969517031293,7.191878238576053,6.489006327133764,3.0041856400486395
FRATTA TODINA,2024,1869.0,0.4298764105319819,1466,31358.568218298555,116.99875506250504,39978.96589358799,830,-0.9546539379474916,0.0,2.7828054329524305,4.2166852951528195,16.57531917704883,17.783176364706378,2.785772545740458,3.639464981960842,2.21677620243824
FRATTA TODINA,2025,1897.0,1.4981273408239737,1390,32317.658408012652,3.058462947152174,44105.46618705036,825,-0.6024096385542133,0.0,2.189633813965668,3.9438887148818798,15.195137724001583,19.896026525562547,2.716479227896482,3.5003703842773985,2.5584636094144386
GIANO DELL'UMBRIA,2021,3756.0,,2595,12947.30910543131,,18739.920231213873,558,,0.0,7.454622799096847,10.774912562885701,37.765422328104535,30.47164232237845,3.183717950117842,4.709933415097519,5.639748622319106
GIANO DELL'UMBRIA,2022,3654.0,-2.7156549520766737,2722,14050.023262178434,8.516936977155698,18860.68515797208,557,-0.17921146953404632,0.0,6.395634411683098,9.694832084553617,36.858160940115745,32.86657056648302,2.847159316294688,4.6253568330454256,6.712285847824408
GIANO DELL'UMBRIA,2023,3670.0,0.43787629994527233,2759,14925.573569482289,6.23166446749428,19853.880028996013,556,-0.17953321364452268,0.0,5.844169038182276,8.540326019082329,35.86715776216068,33.239914923921795,4.133083215529624,4.576892923115064,7.798456118008236
GIANO DELL'UMBRIA,2024,3663.0,-0.19073569482288555,2786,31277.625443625442,109.55727629508006,41123.45369705671,556,0.0,0.0,2.6365257302827296,3.777197513113867,16.06271390099857,19.54186989114475,2.3108844726481577,1.9920713584720153,3.678737133339912
GIANO DELL'UMBRIA,2025,3636.0,-0.7371007371007376,2662,33494.19141914191,7.0867463372869866,45749.39143501127,556,0.0,0.0,2.237782719825318,3.2280936681138086,14.7612979542288,21.57712435238266,2.3935335815086405,2.102725724244258,3.699441999696514
GUALDO CATTANEO,2021,5759.0,,4341,12699.083347803438,,16847.275051831377,1002,,0.0,8.438042809105218,11.954139647264848,40.72396210786769,29.247686244408744,3.093981390685465,3.8126564926602353,2.729531308007801
GUALDO CATTANEO,2022,5691.0,-1.1807605487063721,4440,13369.611140397119,5.280127503924614,17136.589414414415,991,-1.0978043912175606,0.0,7.93479055017636,11.020049205340184,40.11107916353629,30.912106999541322,3.5498472481114476,3.944306409220763,2.5278204240736297
GUALDO CATTANEO,2023,5625.0,-1.1597258829731172,4444,14355.554311111111,7.374508954377168,18170.565481548154,973,-1.816347124117057,0.0,7.270426636445652,10.105873321871371,36.9326261118066,33.664501989492436,3.4619098976268643,4.033055457973847,4.531606584783233
GUALDO CATTANEO,2024,5616.0,-0.16000000000000458,4524,31076.891025641027,116.47990981154734,38578.20954907162,966,-0.7194244604316502,0.0,3.0311488449234054,4.356522644928471,17.40555230678983,18.50835299495519,2.058158980041119,2.0362283789484104,2.604035849413578
GUALDO CATTANEO,2025,5613.0,-0.05341880341880323,4383,31991.520042757882,2.943116209283003,40969.29089664613,958,-0.8281573498964856,0.0,2.7119465038175257,3.8816227812730664,16.271778149476432,21.74149547758408,2.065283178273202,2.0234294895601956,0.0
GUALDO TADINO,2021,14408.0,,10548,13173.7702665186,,17994.660788775123,715,,0.0,7.308829049395377,10.882950459297005,37.865991114100424,33.18264589522778,3.883505621231916,4.221172670977563,2.654905189769927
GUALDO TADINO,2022,14313.0,-0.6593559133814542,10825,14114.64668483197,7.142043616052929,18662.627066974597,712,-0.41958041958042314,0.0,6.439335616433812,9.762848810762272,37.5847692107121,33.5647138247242,4.272382178700916,4.473169774414428,3.9027805842522696
GUALDO TADINO,2023,14328.0,0.10479983232027923,11097,15027.702749860413,6.468855263728557,19403.165269892765,705,-0.98314606741573,0.0,5.756880468174994,8.592259061845695,36.5175143570344,34.60880978120972,4.695674991643132,4.472613567187066,5.356247772904987
GUALDO TADINO,2024,14255.0,-0.5094919039642654,11267,30999.438162048406,106.28194926424364,39220.46605130026,711,0.8510638297872353,0.0,2.588228531295883,4.1103135730562155,17.138032514912506,20.205539032511766,2.325388769166794,2.486155647979961,0.0
GUALDO TADINO,2025,14224.0,-0.2174675552437777,10772,33320.38498312711,7.487060923317501,43998.2506498329,705,-0.8438818565400852,0.0,2.1664593912685435,3.3408102534947868,15.339657868279863,22.02907794607403,2.331104056233407,2.7133345079741003,2.07955597667527
GUBBIO,2021,30923.0,,22866,13698.61850402613,,18525.42552260999,715,,-0.003546250141465211,7.473285914965823,10.127770056438305,34.50152640785446,33.64392664649334,4.752553326069604,4.935613440132229,4.5688704581877
GUBBIO,2022,30650.0,-0.8828380170099903,23741,14643.39017944535,6.896839087398088,18904.844319952823,712,-0.41958041958042314,0.0,6.68971259917973,9.315880637549883,33.66796168571925,34.35551028552969,4.899379140509563,5.593196401632888,5.478359249878998
GUBBIO,2023,30516.0,-0.43719412724306794,24180,15596.31308166208,6.507529271154233,19683.088916459885,705,-0.98314606741573,0.0,5.965772493167112,8.270116119758601,32.77479088675354,35.85619939811793,5.467470711307665,5.910455308284546,5.755195082610602
GUBBIO,2024,30388.0,-0.419452090706518,24555,32680.953402658943,109.54281458407458,40444.260313581755,711,0.8510638297872353,0.0,2.630297776473662,3.6120641128698394,15.56730029297132,20.53395816610678,2.94627120879882,3.056679150683037,0.0
GUBBIO,2025,30308.0,-0.263261813873894,23538,35608.64768377986,8.95841147915446,45850.40759622738,705,-0.8438818565400852,-0.00011267324848559603,2.1778948551665724,3.1212673801288724,13.989231628618032,21.28921613030151,2.882999596561203,3.1230419837925205,3.4164610986797737
LISCIANO NICCONE,2021,590.0,,442,11533.057627118644,,15394.805429864253,799,,0.0,9.578126487985017,14.450267058407196,37.88946262651914,33.447125609743196,0.0,4.635018217345452,0.0
LISCIANO NICCONE,2022,596.0,1.016949152542379,468,13284.848993288591,15.189305584070034,16918.311965811965,800,0.12515644555695093,0.0,7.991543073365354,13.536538697133157,34.79929323534278,29.92148041683454,4.650551859930259,9.100592717393912,0.0
LISCIANO NICCONE,2023,599.0,0.5033557046979942,465,16127.876460767946,21.40052528196317,20775.47956989247,790,-1.2499999999999956,0.0,6.1087108686232465,10.952624257835799,29.297999978883293,29.573604035692203,5.945832752796462,6.640054787498661,11.481173318670335
LISCIANO NICCONE,2024,610.0,1.8363939899832982,469,33303.659016393445,106.49748339408877,43316.05970149254,786,-0.5063291139240533,0.0,2.846780189367269,3.9848671184262137,14.664095394037341,15.370604677317983,2.596691979692873,3.5216235778158964,7.015337063342423
LISCIANO NICCONE,2025,596.0,-2.2950819672131195,456,36227.469798657716,8.779247892326335,47349.93859649123,782,-0.5089058524173073,0.0,2.3593418765433105,3.6404389638697916,12.874009358836865,18.211189069512866,1.431188058007078,3.228542136718901,8.255290536511191
MAGIONE,2021,14612.0,,10586,13911.143101560361,,19201.74031740034,811,,0.0,6.688832693904293,10.130255419423886,36.5250709398915,32.72030371207999,4.925994770994385,5.171028924474367,3.8385135392315846
MAGIONE,2022,14602.0,-0.06843690117711576,11029,14730.218394740446,5.887907896571143,19502.28026112975,811,0.0,0.0,6.170815450001269,9.202118777371862,35.52304358893817,33.79997658568597,5.0343188094615865,5.339810007268145,4.929916781272997
MAGIONE,2023,14658.0,0.3835091083413289,11401,15829.145040251058,7.460355414031028,20351.162880449083,802,-1.1097410604192337,0.0,5.33473860987456,8.817398874342132,33.12266655210362,35.348855535424654,5.476428071060769,5.434034971131041,6.465877386063232
MAGIONE,2024,14652.0,-0.040933278755628244,11585,32867.12482937483,107.636765888485,41568.33085886923,801,-0.12468827930174342,0.0,2.2893442918960627,3.820391404545914,16.23333284666037,20.140740421614208,2.8757857649396215,2.8684520304772954,0.0
MAGIONE,2025,14680.0,0.19110019110020193,11162,35722.540326975475,8.6877556598703,46981.445260705965,802,0.12484394506866447,0.0,1.894199170822492,3.077662068560304,14.343866594339113,21.6650829219079,3.082711391977663,2.8516450161375837,3.084832836254944
MARSCIANO,2021,18201.0,,12869,13694.035712323499,,19367.871940321704,855,,0.0,6.530113180459797,10.3199162026603,36.389001023024946,30.787985582579697,4.734153617051011,5.687926261062883,5.550904133161367
MARSCIANO,2022,18038.0,-0.89555518927531,13449,14285.340503381749,4.317973192709901,19159.712394973605,848,-0.8187134502923965,-0.004951509974201542,6.0564635441032415,9.66625868097611,36.23741715330966,32.944967663096705,5.008284882477721,5.825226204333042,4.266333381677725
MARSCIANO,2023,18048.0,0.055438518682771054,13741,15290.498614804965,7.036290882847807,20083.175824175825,838,-1.1792452830188704,0.0,5.244453150606079,8.382901617300258,34.902791776890865,34.87309358399706,5.060181654333059,6.674230750545148,4.862347466327533
MARSCIANO,2024,17988.0,-0.3324468085106336,13995,32767.110406937958,114.29720006129385,42116.0973204716,830,-0.9546539379474916,0.0,2.2759178102866104,3.519020159219556,16.171061349458995,19.231124916035782,2.7494702363945804,3.441759117605571,2.6116464109989015
MARSCIANO,2025,17931.0,-0.31687791861241266,13333,33755.62171658022,3.0167790121431004,45396.53888847221,825,-0.6024096385542133,0.0,2.009430625405069,3.214266362303035,15.069711966364322,21.781075690933974,2.760867269052649,3.8994083541471554,0.0
MASSA MARTANA,2021,3642.0,,2596,13127.018121911038,,18416.255778120183,558,,0.0,7.752649104972746,10.205143007743377,34.88057169630569,32.987148755663206,5.526263057274215,6.535775990093833,2.1124483879469387
MASSA MARTANA,2022,3641.0,-0.027457440966505153,2678,14020.232079099149,6.804393418922738,19061.86146377894,557,-0.17921146953404632,0.0,6.959385899433403,9.317646556409583,32.75607806938868,33.70764363071259,5.36133043499639,6.428307739443126,5.469607669616231
MASSA MARTANA,2023,3631.0,-0.27464982147761274,2672,15071.689066372901,7.499569060923217,20481.026571856288,556,-0.17953321364452268,0.0,5.969925831200971,7.947504648809344,31.937679723765072,34.78168225034771,5.402320020046303,4.775642813709044,9.185244712121557
MASSA MARTANA,2024,3604.0,-0.743596805287805,2708,31721.67203107658,110.47191121964013,42217.46898079764,556,0.0,0.0,2.5246362328082737,3.686975259791598,14.180444635572234,20.31625374789287,2.8233051860108245,3.6171820687961027,2.8512028691280973
MASSA MARTANA,2025,3577.0,-0.7491675915649254,2601,33484.56024601621,5.557362213481665,46049.316416762784,556,0.0,0.0,2.132829494467727,3.1123077917768516,12.772666236702321,22.728335180363278,3.3956975334402366,3.1926155226391186,2.665548240610471
MONTE CASTELLO DI VIBIO,2021,1455.0,,1105,12902.104467353953,,16988.743891402715,855,,0.0,9.332290392755128,13.416975264218065,36.75140345787645,33.38754188160359,2.0324556658808746,5.079333337665898,0.0
MONTE CASTELLO DI VIBIO,2022,1450.0,-0.3436426116838476,1107,13389.016551724138,3.773896619750783,17537.555555555555,848,-0.8187134502923965,0.0,8.047393864883794,11.453809231385437,36.89708816397836,34.964448986853554,2.8927158720009,5.74454388089795,0.0
MONTE CASTELLO DI VIBIO,2023,1427.0,-1.5862068965517229,1113,15015.60686755431,12.14869150057709,19251.8158131177,838,-1.1792452830188704,0.0,6.851922487002661,10.254502311563614,30.912681320920427,38.71449145343801,3.6437024574898036,6.082613133515696,3.5400868360697917
MONTE CASTELLO DI VIBIO,2024,1412.0,-1.0511562718990897,1128,32187.762039660058,114.36204559411651,40291.77304964539,830,-0.9546539379474916,0.0,2.9554631640832647,3.978547879474894,15.045457425798341,20.850034060065408,2.510941906025903,3.1935843862323408,1.4659711783198444
MONTE CASTELLO DI VIBIO,2025,1418.0,0.4249291784702569,1063,33762.485190409025,4.892303940884979,45037.82126058325,825,-0.6024096385542133,0.0,2.3595157944392255,3.6104911427635904,14.293351105093985,21.48702906832522,2.5158284443028167,2.9150831399068293,2.818701305168329
MONTEFALCO,2021,5461.0,,3984,12967.468595495331,,17774.93624497992,910,,0.0,8.429259104375483,11.329702463079117,36.19033648441116,31.84011979550308,3.466800825911378,4.509559269822674,4.234222056897102
MONTEFALCO,2022,5421.0,-0.7324665812122322,4056,13579.01438848921,4.7159997997320735,18148.875,905,-0.5494505494505475,0.0,7.514549596147152,10.356328969211841,36.92547979749507,32.01108674954003,3.679014286791946,4.530135554150075,4.983405046663894
MONTEFALCO,2023,5363.0,-1.0699133001291328,4144,14770.771583069178,8.776463154720627,19115.745173745174,899,-0.6629834254143652,0.0,6.548273139165636,9.499161074842183,33.958458561116615,34.752409018985745,3.584459726946878,5.19643038203765,6.460808096905299
MONTEFALCO,2024,5326.0,-0.68991236248368,4131,31850.15208411566,115.62957564534759,41063.64318566933,890,-1.0011123470522798,0.0,2.7765580596473898,3.973561064530081,15.526159244929271,19.353816698559857,2.2592487551575036,2.5557012745859597,3.554954902589936
MONTEFALCO,2025,5251.0,-1.4081862561021397,4004,33925.75699866692,6.516781800820359,44491.545954045956,886,-0.44943820224718767,0.0,2.414676541441299,3.509290650296403,14.677808392809979,21.063560043930714,2.761575387123293,2.3470672486298314,3.226021735768477
MONTELEONE DI SPOLETO,2021,574.0,,386,8819.883275261323,,13115.577720207253,761,,0.0,14.449909562512481,17.153256628543403,38.45176394087401,22.37504624588133,7.570023622188779,0.0,0.0
MONTELEONE DI SPOLETO,2022,567.0,-1.2195121951219523,393,8772.467372134039,-0.5376023882343262,12656.460559796438,700,-8.015768725361372,0.0,13.171963186890846,18.51656688424522,40.44009747508488,27.87137245377905,0.0,0.0,0.0
MONTELEONE DI SPOLETO,2023,555.0,-2.1164021164021163,399,10374.700900900902,18.264342981273394,14430.974937343359,691,-1.28571428571429,0.0,12.216186325744939,14.263456895056043,36.81177653401144,32.46631315019784,4.242267094989735,0.0,0.0
MONTELEONE DI SPOLETO,2024,552.0,-0.540540540540535,410,21994.809782608696,112.00427841441432,29612.524390243903,689,-0.28943560057886897,0.0,4.7056556079806375,7.0512106158114545,18.64416300452964,17.65295419250342,0.0,0.0,0.0
MONTELEONE DI SPOLETO,2025,539.0,-2.3550724637681153,402,24189.730983302412,9.979268847458922,32433.49502487562,743,7.837445573294621,0.0,4.605405703903089,5.676920970696639,17.28458502722563,19.971177146652565,0.0,0.0,0.0
MONTE SANTA MARIA TIBERINA,2021,1120.0,,860,13716.392857142857,,17863.20930232558,799,,0.0,7.5405601743482125,12.163157223239137,39.83472591450793,23.345592734449657,2.5158634480639694,4.4888675958641775,10.11123290952692
MONTE SANTA MARIA TIBERINA,2022,1112.0,-0.7142857142857117,858,14466.244604316547,5.466829034305487,18748.79254079254,800,0.12515644555695093,0.0,7.063180572187896,12.186562565893908,36.90349227773114,24.98938859403782,3.2076160429041463,3.788203548026465,11.861556399218623
MONTE SANTA MARIA TIBERINA,2023,1089.0,-2.0683453237410054,870,15313.640036730945,5.857743012042982,19168.45287356322,790,-1.2499999999999956,0.0,5.363590103806818,11.523777634156312,34.1531230013107,30.74707160723972,5.085373153230577,3.5883432512496287,9.538721249006239
MONTE SANTA MARIA TIBERINA,2024,1084.0,-0.45913682277318735,853,31161.180811808117,103.48643912920524,39599.90621336459,786,-0.5063291139240533,0.0,2.621801536588716,4.647917387041309,17.17738268353567,17.582415793138402,1.956213852981996,2.254046334496985,3.760222412216922
MONTE SANTA MARIA TIBERINA,2025,1060.0,-2.2140221402214055,835,33771.288679245285,8.376151992443436,42871.33652694611,782,-0.5089058524173073,0.0,2.194833581702175,3.742223703142275,15.937374066158577,19.88000524951892,1.844075097172808,2.5182019358522867,3.8832863664529595
MONTONE,2021,1603.0,,1196,12592.473487211479,,16877.70484949833,799,,0.0,8.012623766238882,12.783240243667123,39.40593691535136,30.590686938077805,4.757998655981563,4.449513480683265,0.0
MONTONE,2022,1579.0,-1.4971927635683113,1236,14044.516782773908,11.531041117831853,17941.983818770226,800,0.12515644555695093,0.0,6.867302252333257,11.319421659851882,37.539981886962885,31.42574962486966,4.587737210530958,3.973635448162389,4.286171917288968
MONTONE,2023,1585.0,0.3799873337555493,1234,14760.87003154574,5.100590215040124,18959.464343598054,790,-1.2499999999999956,0.0,5.86504629705814,10.031728101653707,36.81050491625078,33.328846807393695,7.0463433054030356,3.0534392256036815,3.864091346636959
MONTONE,2024,1541.0,-2.7760252365930604,1268,32106.777417261517,117.5127709182826,39019.35646687697,786,-0.5063291139240533,0.0,2.667437725642276,4.226362294019566,16.442429770357446,19.304612302750975,3.780065964186989,2.22878946435709,1.3503024786856574
MONTONE,2025,1537.0,-0.2595717066839698,1208,33964.28106701366,5.78539423502995,43214.486754966885,782,-0.5089058524173073,0.0,2.2046832467803634,3.7594721386277827,15.377299432409187,21.10677335254037,3.2370299848093307,2.7148713390584085,1.5998705057745612
NOCERA UMBRA,2021,5601.0,,4173,12424.895911444384,,16676.693505871077,910,,0.0,8.332009662856747,12.817005188625414,39.24855444981611,32.375296230842686,3.152527562066829,3.2986495744716744,0.7759573313205304
NOCERA UMBRA,2022,5584.0,-0.30351722906624135,4276,13060.945916905444,5.119157617048553,17056.202525724977,905,-0.5494505494505475,0.0,7.746189679796565,11.969236355864277,39.14554098524383,32.81329230132012,3.602140899887981,3.501788959907241,1.2218108179799898
NOCERA UMBRA,2023,5528.0,-1.002865329512892,4400,14006.348769898697,7.238394975432594,17597.067272727272,899,-0.6629834254143652,0.0,7.204640607985607,10.05509621592937,38.41394619785301,35.2403169040461,3.7185522236298256,4.348183225159316,1.0192646253967732
NOCERA UMBRA,2024,5530.0,0.03617945007234891,4455,29639.652079566004,111.61583626465968,36791.756677890015,890,-1.0011123470522798,0.0,2.9705673346679253,4.276431267151313,17.88306944958319,20.64584186000382,1.8242600773866806,1.7472994914514959,0.0
NOCERA UMBRA,2025,5506.0,-0.43399638336347746,4223,31847.52560842717,7.449053460324895,41523.200568316366,886,-0.44943820224718767,0.0,2.6716588820793157,3.673404645851707,15.491071822675604,22.72004416977836,2.152477732906378,2.180352446235205,1.1109903004734305
NORCIA,2021,4617.0,,3213,12136.95191682911,,17440.493930905697,761,,0.0,8.816075263489436,12.031513782662373,32.84983787386274,33.357260677439,5.178255233700536,4.48191562659545,3.2851415422504555
NORCIA,2022,4556.0,-1.3212042451808514,3262,12861.666812993853,5.97114416478699,17963.75045984059,700,-8.015768725361372,0.0,7.927491555393061,11.426661506514396,32.976891912956255,33.73210515884278,4.449346300883819,5.472771191878787,4.0147323735309035
NORCIA,2023,4543.0,-0.28533801580333806,3324,14040.724411182038,9.16722237740608,19189.834837545128,691,-1.28571428571429,0.0,7.227869636343362,9.353506155038367,31.42966990568033,33.934139036550874,4.680719402262006,4.730030381890758,8.644065482234305
NORCIA,2024,4497.0,-1.0125467752586381,3352,29286.57082499444,108.58304719427872,39290.485978520286,689,-0.28943560057886897,0.0,3.1595474588716232,4.165384064985823,15.140770117113666,18.910674120409475,2.8896489110858843,3.1028207842010618,0.0
NORCIA,2025,4457.0,-0.8894818768067636,3240,32845.04599506394,12.150535449621657,45182.21296296296,743,7.837445573294621,0.0,2.6675839401184653,3.5674573402608387,12.79997379609055,20.074043121825568,2.841381574484715,3.0685577200194247,4.98100250720044
PACIANO,2021,950.0,,715,13664.823157894736,,18156.05874125874,811,,0.0,7.421969063554812,11.30734297252831,31.78208172162684,39.37762747252223,5.1946134146054,4.916365355162414,0.0
PACIANO,2022,952.0,0.21052631578948322,738,14180.96113445378,3.777128840930888,18293.055555555555,811,0.0,0.0,7.303362338915319,10.42687648955299,31.89309106666346,40.35075581793704,5.4538889022631025,4.57202538466809,0.0
PACIANO,2023,955.0,0.31512605042016695,737,15168.94554973822,6.966977808606023,19655.824966078697,802,-1.1097410604192337,0.0,5.448524862347937,9.290819636122105,31.145376027614425,42.11963640512999,5.749332319412843,6.246310749372702,0.0
PACIANO,2024,940.0,-1.5706806282722474,752,32433.296808510637,113.81378621317788,40541.6210106383,801,-0.12468827930174342,0.0,2.381335913030538,3.774224144946392,15.318985784867332,21.758332871665672,4.146231517590325,0.0,0.0
PACIANO,2025,937.0,-0.31914893617021045,738,34255.311632870864,5.617729320326514,43492.17750677507,802,0.12484394506866447,0.0,1.8990114005798693,3.2365288129096013,15.20315446564901,23.045841312085933,3.803546642829924,0.0,0.0
PANICALE,2021,5421.0,,3886,13073.782512451577,,18238.027534740093,811,,0.0,7.975810243608371,10.507072688849311,35.914552761472194,34.29470683289364,5.2125369366814365,3.7645802225742604,2.330740313920786
PANICALE,2022,5332.0,-1.6417635122671137,4002,14074.511815453863,7.654474151219692,18751.94827586207,811,0.0,0.0,7.1957700427249955,9.256608045671403,35.407399347090326,34.684609216750786,5.757698580365402,4.097657178970189,3.600257588426894
PANICALE,2023,5302.0,-0.5626406601650369,4108,14897.490192380234,5.847296074757891,19227.481256085688,802,-1.1097410604192337,0.0,6.468637618839463,8.674405888611867,34.217585783939036,36.2825084536922,6.283847796609984,4.853604527042364,3.2194099312650835
PANICALE,2024,5293.0,-0.16974726518295125,4157,31943.011902512753,114.41874765489666,40672.20639884532,801,-0.12468827930174342,0.0,2.708607588890384,3.874485712978766,16.195917391662256,19.962781228770808,2.8756719484175846,2.8007149895381533,1.58182113974205
PANICALE,2025,5312.0,0.3589646703192839,4028,33190.63817771084,3.9057878418157,43770.77209533267,802,0.12484394506866447,0.0,2.2986441903282464,3.471015350521333,15.069569749462689,22.020363490916246,2.784246514933157,2.727961137702417,1.6281995661359139
PASSIGNANO SUL TRASIMENO,2021,5651.0,,4093,14102.76092726951,,19470.97532372343,811,,0.0,7.116584738594041,8.815343835528742,33.118059717445206,33.212699634663295,6.1142684240164415,7.306374017183727,4.316669632568549
PASSIGNANO SUL TRASIMENO,2022,5662.0,0.1946558131304288,4318,15030.443306252208,6.578019607415331,19708.74710514127,811,0.0,0.0,6.006664679256288,8.456209856435255,33.60165645210586,32.833804745978284,6.215956147872262,8.291629246048023,4.594078872304026
PASSIGNANO SUL TRASIMENO,2023,5717.0,0.9713882020487397,4397,16070.077838026937,6.916858741899334,20894.39049351831,802,-1.1097410604192337,0.0,5.1777104248724335,8.131543195642532,30.83750455181785,35.5976630037878,5.535498138265002,8.307942838474155,6.412137847140229
PASSIGNANO SUL TRASIMENO,2024,5691.0,-0.45478397761063993,4483,33111.19451765946,106.04252730691695,42033.41690832032,801,-0.12468827930174342,0.0,2.469585823093666,3.470009267028483,15.437331316561659,19.75793369379136,3.327576677995299,3.5895051326974965,0.0
PASSIGNANO SUL TRASIMENO,2025,5705.0,0.24600246002459691,4403,36514.85889570552,10.27949739545262,47312.57551669316,802,0.12484394506866447,0.0,2.071482599594359,2.960682040428045,13.528975778148396,20.74115698616826,3.1395227097590137,3.377338326294311,4.180841559607612
PERUGIA,2021,164721.0,,117650,16205.067356317652,,22688.60943476413,1148,,-0.005196501918900614,5.076839117033363,6.944982811881806,27.655931040582736,35.10932838984265,7.845447983675512,9.577485031833449,7.795182127069383
PERUGIA,2022,162362.0,-1.4321185519757695,121954,17243.012004040353,6.405062224675362,22956.277899863882,1119,-2.5261324041811806,-0.004396005291330025,4.632901544785392,6.450349173020413,27.02385789343084,35.07153988629877,7.884663067425948,9.878105464560766,9.062978975769202
PERUGIA,2023,162367.0,0.003079538315620134,124947,18326.55197176766,6.283936747671559,23815.115721065733,1099,-1.787310098302053,-0.0029591071793594105,4.154212777101373,5.855217322003943,25.9117937360047,35.979336825971494,7.887308630332539,9.987549435223887,10.227540380541425
PERUGIA,2024,162099.0,-0.16505817068739326,127791,39009.041363611126,112.85532283271378,49481.783505880696,1078,-1.9108280254777066,-0.0006243390943142737,1.8326719368458189,2.505169732972622,11.732918642369615,19.68597468597366,3.973058724484077,5.0951041529913095,5.17572646345721
PERUGIA,2025,162050.0,-0.03022844064429764,123262,40688.07996297439,4.304229329074283,53491.77652480083,1075,-0.2782931354359919,-0.0006889357225379304,1.6504600982414483,2.24134418344828,10.737345862439158,20.95160686198592,4.016528067414689,5.30831864331023,5.095085218882814
PIEGARO,2021,3419.0,,2610,14361.250073120795,,18812.68735632184,811,,0.0,7.3318234694227105,10.001929895113989,34.64540336090949,35.45643994961092,4.903489562375306,4.556010684401173,3.104903078166414
PIEGARO,2022,3389.0,-0.8774495466510657,2649,15027.983475951609,4.642586121933112,19226.06115515289,811,0.0,0.0,6.316189590714566,9.427171530652483,34.763787576304,36.79299890146907,5.3936694396581215,5.175889433455078,2.130293527746683
PIEGARO,2023,3400.0,0.32457952198288176,2675,15492.157352941176,3.088730285951913,19690.966355140186,802,-1.1097410604192337,0.0,5.542168537458279,9.06242788689951,33.46348774004911,38.64297941263829,4.608122876594011,4.675141606279534,4.005671940081258
PIEGARO,2024,3347.0,-1.558823529411768,2681,34006.3107260233,119.50661842178634,42453.980604252145,801,-0.12468827930174342,0.0,2.48874349953253,3.521442556901818,15.862769526547568,20.241986227938042,3.388244376019699,1.9443244343424122,2.5524893787179277
PIEGARO,2025,3347.0,0.0,2614,35846.60890349567,5.411637246683387,45898.469778117826,802,0.12484394506866447,0.0,2.117000865154286,3.099148514818476,14.365601032184072,22.360550964922076,3.228892485826639,2.4351467678402647,2.3936593692541837
PIETRALUNGA,2021,1995.0,,1542,12445.690726817043,,16101.91504539559,799,,0.0,8.615432834136548,13.640118935994314,44.465906670275864,28.46017340986219,3.0286615093152793,1.7897066404158046,0.0
PIETRALUNGA,2022,1990.0,-0.25062656641604564,1565,13766.348743718592,10.611367788980107,17504.81405750799,800,0.12515644555695093,0.0,7.18640831035289,11.751542268573202,41.24281429984719,29.004921110884553,3.325606385449275,1.6446119395215935,5.844095685371298
PIETRALUNGA,2023,1991.0,0.05025125628139726,1582,14488.138623807132,5.243146846892732,18233.80783817952,790,-1.2499999999999956,0.0,6.524403966957642,10.886662374430959,38.91690058796603,32.05956870657873,3.524007099245078,3.2008310093738155,4.887626255447744
PIETRALUNGA,2024,1973.0,-0.9040683073832212,1593,32192.12772427775,122.19643641025874,39871.35467671061,786,-0.5063291139240533,0.0,2.9568526951746317,3.745867043706857,17.848256102000867,17.71143187629115,1.9917620177939508,1.135330595883169,4.610499669149374
PIETRALUNGA,2025,2014.0,2.07805372529144,1545,32399.729890764647,0.6448848869667456,42234.987702265375,782,-0.5089058524173073,0.0,2.6650997004646038,3.3676798217695736,15.992035683355581,21.049712982024936,2.26222355011235,1.4540928167410274,3.2091554455319304
POGGIODOMO,2021,94.0,,88,15656.595744680852,,16724.090909090908,761,,0.0,9.799554263039164,11.548732095779087,40.61662544505749,38.03508819612426,0.0,0.0,0.0
POGGIODOMO,2022,99.0,5.319148936170204,85,14660.848484848484,-6.35992188896275,17075.576470588236,700,-8.015768725361372,0.0,9.437765945719514,10.19943173049364,38.68531869391715,41.6774836298697,0.0,0.0,0.0
POGGIODOMO,2023,94.0,-5.05050505050505,85,16362.606382978724,11.60749938783523,18095.117647058825,691,-1.28571428571429,0.0,8.737358468485162,9.958747403426988,34.916145726666606,46.38774840142125,0.0,0.0,0.0
POGGIODOMO,2024,91.0,-3.1914893617021267,76,34087.54945054945,108.32591491053148,40815.35526315789,689,-0.28943560057886897,0.0,2.3185933312636786,5.033032266300705,14.787101216744086,25.69872600192072,0.0,0.0,0.0
POGGIODOMO,2025,84.0,-7.692307692307687,74,36413.71428571428,6.824089360073771,41334.48648648649,743,7.837445573294621,0.0,1.8831863452806896,5.379448873265959,14.671637321365052,24.778929445734732,0.0,0.0,0.0
PRECI,2021,700.0,,489,11450.105714285713,,16390.74437627812,761,,0.0,10.870504751422134,11.1783372180968,40.07319208780854,29.35639770761942,4.216966680532208,4.304601554520894,0.0
PRECI,2022,683.0,-2.4285714285714244,482,11860.247437774524,3.5819907145232532,16806.118257261413,700,-8.015768725361372,0.0,8.9727498716445,11.958683294181666,42.17038869834625,28.693709525119843,3.997642628913176,4.206825981794568,0.0
PRECI,2023,682.0,-0.14641288433382416,501,13323.8357771261,12.34028503225062,18137.437125748504,691,-1.28571428571429,0.0,7.6003515407309195,10.295970355423261,42.39899916978986,27.680321994758145,5.185798036196458,6.838558903101359,0.0
PRECI,2024,698.0,2.346041055718473,513,27534.07593123209,106.65277170784138,37463.51851851852,689,-0.28943560057886897,0.0,3.514160754699113,5.145845588053563,18.476953667986816,17.992573411898828,0.0,3.4489485157360362,0.0
PRECI,2025,686.0,-1.7191977077363862,494,28644.590379008747,4.0332366720794655,39777.71052631579,743,7.837445573294621,0.0,3.0237927991430515,4.496058536637994,17.63986595752336,20.174574402312366,0.0,3.0607797207446708,0.0
SAN GIUSTINO,2021,10975.0,,8509,15159.664054669704,,19553.098248912916,799,,0.0,5.577510438577645,10.17111569772737,41.050058309332115,30.477209353657493,4.22448341860167,3.654129214119475,4.845493567984236
SAN GIUSTINO,2022,10956.0,-0.1731207289293879,8783,16108.672599488864,6.2600895468183815,20094.115564158034,800,0.12515644555695093,0.0,4.970245987547033,9.219174958744889,40.09534048692202,31.65959830257271,4.179195638386564,3.9432718006034415,5.933172825223343
SAN GIUSTINO,2023,11080.0,1.1317999269806478,8895,16699.467779783394,3.6675596741178706,20801.58549747049,790,-1.2499999999999956,0.0,4.429245223951478,8.18111742606553,38.71637254614726,34.14510935012559,4.5806849061744295,4.755547804024084,5.191922743511633
SAN GIUSTINO,2024,11092.0,0.10830324909747446,8989,34824.1262170934,108.53434777874757,42971.321392813436,786,-0.5063291139240533,0.0,1.8406569441072302,3.314865056497074,18.40892997093364,19.696159938278075,2.329790936894975,2.345985083025308,0.0
SAN GIUSTINO,2025,11060.0,-0.28849621348719934,8735,36225.62956600362,4.02451834734705,45867.82633085289,782,-0.5089058524173073,0.0,1.7078691374289336,2.731291848128375,17.04111994100028,22.482272255950743,2.666744868520612,2.0475759742729376,0.0
SANT'ANATOLIA DI NARCO,2021,526.0,,392,12088.948669201522,,16221.395408163266,761,,0.0,9.428260452819067,14.565954167044753,30.898015612097083,39.31907138892999,5.788698379109097,0.0,0.0
SANT'ANATOLIA DI NARCO,2022,526.0,0.0,381,12333.752851711026,2.0250245840912617,17027.700787401576,700,-8.015768725361372,0.0,7.845961667525233,11.732511205301721,34.310851208329055,39.34166867821062,6.769007240633373,0.0,0.0
SANT'ANATOLIA DI NARCO,2023,501.0,-4.752851711026618,384,13583.676646706586,10.134172542805263,17722.453125,691,-1.28571428571429,0.0,7.6227014283610925,9.855288915220834,35.28780434189092,35.797148215055586,11.437057099471568,0.0,0.0
SANT'ANATOLIA DI NARCO,2024,484.0,-3.3932135728542923,396,30374.561983471074,123.61075556694368,37124.46464646464,689,-0.28943560057886897,0.0,2.9469118624164086,4.962891686769214,16.73664919699553,23.012106150155006,0.0,0.0,0.0
SANT'ANATOLIA DI NARCO,2025,486.0,0.4132231404958775,377,32487.991769547327,6.957893869305232,41881.07161803714,743,7.837445573294621,0.0,2.5367587542950343,3.711355458718397,14.835136299806626,23.05379816182795,3.1935509695130158,2.669400355838979,0.0
SCHEGGIA E PASCELUPO,2021,1315.0,,956,11594.136882129278,,15948.002092050208,715,,0.0,8.982263881901762,12.698164602667273,42.101278409370416,31.394129325888464,2.024433485129825,2.7997302950422696,0.0
SCHEGGIA E PASCELUPO,2022,1280.0,-2.6615969581749055,975,12207.965625,5.294303052578697,16026.867692307693,712,-0.41958041958042314,0.0,8.71304826843334,12.486308248021464,40.36167855567663,32.55583764596322,2.9373815610657896,2.945745720839544,0.0
SCHEGGIA E PASCELUPO,2023,1238.0,-3.281250000000002,1009,13269.356219709209,8.694246259472148,16280.934588701684,705,-0.98314606741573,0.0,7.862376558084472,11.118886708191035,41.72733793404374,34.40005921790845,1.9540570567713345,2.9372825250009695,0.0
SCHEGGIA E PASCELUPO,2024,1244.0,0.4846526655896577,1009,28475.155144694534,114.59334328819875,35107.128840436075,711,0.8510638297872353,0.0,3.3528071645240014,4.398215593426582,18.83095019398786,20.7046657388162,1.4749022622050536,0.0,0.0
SCHEGGIA E PASCELUPO,2025,1246.0,0.1607717041800738,972,31291.85393258427,9.8917767913006,40112.80864197531,705,-0.8438818565400852,0.0,2.527204014398693,3.8659952064201657,16.416500276355393,22.586571051548297,1.7011360707264622,1.1291458117731243,1.7734475687778681
SCHEGGINO,2021,463.0,,326,11406.250539956804,,16199.674846625767,761,,0.0,8.019361139945625,11.476694033471095,42.13098649635852,38.37295833022476,0.0,0.0,0.0
SCHEGGINO,2022,451.0,-2.591792656587477,335,12868.239467849224,12.817436569282625,17324.107462686567,700,-8.015768725361372,0.0,7.904385158391998,10.010431499475496,37.49104000705772,38.78121006772376,5.812933267351026,0.0,0.0
SCHEGGINO,2023,446.0,-1.1086474501108667,347,14667.170403587445,13.979619669285581,18851.752161383287,691,-1.28571428571429,0.0,6.992263922447833,8.078473048775232,34.57982028134582,37.30522606388264,6.863533121620262,6.180683561928213,0.0
SCHEGGINO,2024,435.0,-2.4663677130044803,340,31737.222988505746,116.38272492384174,40604.97647058823,689,-0.28943560057886897,0.0,3.015785083427908,3.2329129173677056,14.749604728252667,23.476005404147795,0.0,2.8443485484103226,0.0
SCHEGGINO,2025,426.0,-2.0689655172413834,329,34136.74882629108,7.560604274212546,44201.382978723406,743,7.837445573294621,0.0,2.5224629880303984,2.404448278482257,12.22032621488208,27.361430534672927,2.0559191129573784,0.0,0.0
SELLANO,2021,1003.0,,761,11810.64406779661,,15566.459921156373,761,,0.0,8.968792704014392,12.672187819831649,41.814411793407366,33.780088866558,0.0,2.764518816188584,0.0
SELLANO,2022,1002.0,-0.09970089730807485,748,11898.609780439121,0.7448003016394589,15939.04679144385,700,-8.015768725361372,0.0,8.917461046246785,13.010535540348522,39.67748291095917,34.517467823401766,0.0,3.8770526790437536,0.0
SELLANO,2023,972.0,-2.9940119760479056,751,12791.123456790123,7.500991231919052,16555.2223701731,691,-1.28571428571429,0.0,7.73666988070109,11.875567643842517,39.091602554883906,36.34479350552708,1.959812987594599,2.991553427450814,0.0
SELLANO,2024,964.0,-0.8230452674897082,773,30535.52593360996,138.72434690168114,38080.526520051746,689,-0.28943560057886897,0.0,3.153275619680729,4.915562095942462,16.351265839018133,19.25806302685257,1.1999321788541861,0.0,0.0
SELLANO,2025,944.0,-2.0746887966805017,733,29873.09004237288,-2.169394077827047,38472.30150068213,743,7.837445573294621,0.0,3.0682161546601963,4.551638415859294,16.149490019520076,24.165696431127767,1.1080950959314222,0.0,0.0
SIGILLO,2021,2319.0,,1731,13027.287192755499,,17452.500866551127,715,,0.0,7.388932091623516,11.601074587891096,40.505915221769385,32.140183147596886,4.635240210790506,3.7286547403286145,0.0
SIGILLO,2022,2305.0,-0.6037084950409666,1764,13787.310629067246,5.834088287655148,18015.73185941043,712,-0.41958041958042314,0.0,6.726651193711366,10.476258923488734,39.28450855389018,35.07151141618448,4.909276979545875,3.5317929331793696,0.0
SIGILLO,2023,2335.0,1.3015184381778733,1800,14363.311349036403,4.177759792796709,18632.406666666666,705,-0.98314606741573,0.0,6.23595413152926,8.66970665088532,40.04333906647474,34.673894933117126,5.235981920627418,5.14112329736613,0.0
SIGILLO,2024,2308.0,-1.1563169164882203,1807,30136.96923743501,109.81909049445497,38492.59822910902,711,0.8510638297872353,0.0,2.7373017113877465,3.960679235653222,18.61985267293139,20.413112432585915,2.641452496095779,0.0,0.0
SIGILLO,2025,2299.0,-0.3899480069324057,1783,33008.868203566766,9.52948832878786,42561.630959057766,705,-0.8438818565400852,0.0,2.4270198889965746,3.5758260648001223,15.755762999775405,22.176388519262254,2.7289435762369365,2.3261809986133666,1.0098779523153438
SPELLO,2021,8371.0,,6170,14662.709712101303,,19893.280875202592,910,,0.0,6.200034490359959,8.433829123363717,37.2245703314973,34.20497817922983,5.199576153283327,3.6152494840316614,5.121762238234206
SPELLO,2022,8314.0,-0.6809222315135588,6409,15267.802982920375,4.126749302822796,19805.97815571852,905,-0.5494505494505475,0.0,5.653664004039059,8.348639541180404,36.55779534011781,34.929045711779985,5.117774070902876,4.0035651207500464,5.389516211229812
SPELLO,2023,8274.0,-0.48111618955978264,6525,16259.135122069132,6.4929586808117,20617.330881226055,899,-0.6629834254143652,0.0,4.935614038775725,7.675233076240051,34.50502498794229,37.62607516212005,5.534164152668673,4.357778558713435,5.366110023539769
SPELLO,2024,8270.0,-0.04834421078075968,6652,34471.37799274486,112.0123717156122,42856.02766085388,890,-1.0011123470522798,0.0,2.1871377398719964,3.1126066503498393,15.19960081422684,21.751867774599017,2.7005258232636553,2.7652164723195902,2.2830447253690616
SPELLO,2025,8210.0,-0.725513905683195,6374,36770.226065773444,6.6688603905315835,47361.712582365864,886,-0.44943820224718767,0.0,1.833322117088087,2.6783439638560504,13.63000341760914,23.94800729059916,2.6257024744998034,2.6249670916159475,2.6596536447318115
SPOLETO,2021,36914.0,,26895,14041.609091401637,,19272.428258040527,1002,,0.0,6.988136162732996,9.38604194650101,32.45809628431207,37.45506658495481,5.050360988932115,5.247859712327442,3.414438320239556
SPOLETO,2022,36467.0,-1.2109226851600985,27959,14787.893355636603,5.3148058700192236,19287.88965985908,991,-1.0978043912175606,-0.0010605075129818016,6.3171701078546905,8.886117805895738,32.28520230215542,37.89080135309633,5.0106610118480015,5.544279130606436,4.06682879605637
SPOLETO,2023,36360.0,-0.29341596511914814,27938,15580.142106710671,5.35741455541463,20276.826079175316,973,-1.816347124117057,0.0,5.5416715496989575,8.071000516056687,30.887212784739155,39.71033393194106,5.634271829765135,5.986608856507028,4.168900531291977
SPOLETO,2024,36149.0,-0.5803080308030784,28459,33376.142465905,114.22232375871108,42394.819705541304,966,-0.7194244604316502,0.0,2.420277575620094,3.428107840861553,14.275404940248965,21.624705919120018,2.766641347389591,3.0588899654319355,2.4259724113278427
SPOLETO,2025,35983.0,-0.4592104899167282,27114,34160.31039657616,2.349486407760315,45334.161281994544,958,-0.8281573498964856,0.0,2.155216957758838,3.1721494445162257,13.485190202612776,23.63833987128548,3.075629576422132,3.2254027870338584,0.0
TODI,2021,15877.0,,11652,14205.396422497954,,19356.25463439753,855,,-0.002332190068045813,7.275811390539552,9.99667467827161,32.07794911674708,32.441211662480896,5.2704972693446175,5.395450337899092,7.544737734785199
TODI,2022,15789.0,-0.5542608805189864,11864,15103.340806890874,6.321149777775936,20100.020903573837,848,-0.8187134502923965,0.0,6.34138573541739,9.306794550154452,31.715823421982265,32.38052098589485,5.8102850508470265,6.468427400380115,7.976762855323903
TODI,2023,15698.0,-0.576350623852051,12061,16192.090521085489,7.2086681226042115,21074.8227344333,838,-1.1792452830188704,0.0,5.432153708740668,8.2582064542624,30.11368400058262,34.32410310826036,6.790701708860755,6.528663392021093,8.55248762727211
TODI,2024,15572.0,-0.8026500191107178,12190,35289.72887233496,117.94424151952678,45080.52977850697,830,-0.9546539379474916,0.0,2.3276391475884726,3.482897795125754,13.748547858911525,18.648653541266953,3.1723302463495195,3.370918259271607,5.24901315148617
TODI,2025,15481.0,-0.5843822245055197,11807,37191.71707254053,5.389636761127425,48764.71347505717,825,-0.6024096385542133,0.0,2.0205966958337296,3.015933035954122,12.795626441825295,20.38446791792676,3.4398653900744764,3.6790301651070223,4.664480353278595
TORGIANO,2021,6644.0,,4758,14509.672937989164,,20261.090163934427,927,,0.0,5.812301073791138,9.530528986418961,33.648324888459314,36.03214538512876,5.084560926352489,6.1150076481085245,3.77713109174082
TORGIANO,2022,6640.0,-0.06020469596628164,4945,15357.99156626506,5.8465730544127625,20622.25763397371,929,0.21574973031284195,0.0,5.296896957143226,8.695177770562212,33.0240386210766,35.44034470339331,5.594891415975655,5.816522625126764,6.132127906722241
TORGIANO,2023,6597.0,-0.6475903614457823,5064,16487.283916931938,7.353125216890022,21478.39889415482,926,-0.32292787944026013,0.0,4.610602378604935,7.897915400729776,31.274415350916694,37.3012547269561,6.133125669116181,6.047541501062844,6.73514497261347
TORGIANO,2024,6598.0,0.015158405335768954,5170,34330.20657775083,108.22232910355085,43812.51508704062,938,1.2958963282937441,0.0,2.1286027265563696,3.144405057097898,15.222598112725827,20.71562552167789,3.4054810204708073,3.4177744792924862,0.0
TORGIANO,2025,6585.0,-0.1970294028493469,5010,37719.24343204252,9.871880166570568,49577.08942115768,940,0.2132196162046851,0.0,1.687240296889115,2.611709151051832,13.191985796607215,22.173945938215024,3.591556991237558,3.334215069353593,3.4093467566456654
TREVI,2021,8130.0,,5799,13163.973677736778,,18455.441627866872,910,,0.0,7.257577630011972,10.240691388642748,37.083070640839,34.44719685111737,3.7852162504048423,4.726327976315694,2.459919262668381
TREVI,2022,8127.0,-0.03690036900368954,5984,13968.437307739634,6.111100262707025,18970.83723262032,905,-0.5494505494505475,0.0,6.370611414631715,9.71498788467276,36.420976327918176,35.00119933239072,4.001341067669214,3.6917248002999252,4.799159172417487
TREVI,2023,8076.0,-0.6275378368401641,6106,14782.320579494799,5.826587855351639,19551.59204061579,899,-0.6629834254143652,0.0,5.551034355499812,8.649340087817746,35.06843128413784,37.18259217608655,4.4697685256978525,4.845784106804492,4.233049463955716
TREVI,2024,7959.0,-1.4487369985141108,6187,32062.15278301294,116.89526086646876,41244.97721027962,890,-1.0011123470522798,0.0,2.3881687986387354,3.610347385888746,15.890674066688398,20.74000682350401,2.070190313939574,2.6174179051043254,2.683194706236208
TREVI,2025,7927.0,-0.4020605603719085,5930,34169.12804339599,6.57153396605159,45675.99966273187,886,-0.44943820224718767,0.0,2.0671636003480756,3.182409389150161,14.524817993832192,22.390429004456706,2.673062592441657,2.842797970091252,2.3193194496799547
TUORO SUL TRASIMENO,2021,3738.0,,2795,12311.953718566077,,16465.861538461537,811,,0.0,9.065235052485564,12.498623758511757,38.218139756951025,32.0963416627622,3.7220979328554074,4.399561836434044,0.0
TUORO SUL TRASIMENO,2022,3743.0,0.13376136971643415,2839,13109.024579214534,6.473959201507529,17283.226135963367,811,0.0,0.0,8.032173669844909,11.439148435960494,37.069465659449584,33.32967303800579,3.8518005117035807,3.66683331608144,2.6109053689542026
TUORO SUL TRASIMENO,2023,3733.0,-0.26716537536735085,2906,13982.695687114921,6.664653823944056,17961.94184445974,802,-1.1097410604192337,0.0,6.962585858917157,10.611980063452583,35.31062838509418,35.87123098825434,4.17335322219,3.10214858773721,3.968072894354533
TUORO SUL TRASIMENO,2024,3732.0,-0.026788106080899432,2975,29829.74035369775,113.3332586304221,37420.03058823529,801,-0.12468827930174342,0.0,2.9747910773819957,4.302619894646638,17.63385054789916,19.90753327806971,2.305341503567707,1.6680330763577653,0.0
TUORO SUL TRASIMENO,2025,3779.0,1.2593783494105004,2937,32298.837787774544,8.2773011256557,41558.49778685734,802,0.12484394506866447,0.0,2.701198358397352,3.6239821051927508,15.767001841462863,21.291909043250403,2.225090037214322,2.4757599930026313,1.915058621479674
UMBERTIDE,2021,16367.0,,11749,13708.425979104295,,19096.587624478678,799,,0.0,6.4436369021076505,10.386616039106993,39.61863030395433,30.96392165066435,4.0003978681101,4.9712971416749925,3.6155000943815825
UMBERTIDE,2022,16358.0,-0.05498869676788809,12343,14527.730712801076,5.976650674159423,19253.392125091144,800,0.12515644555695093,0.0,5.637345821829864,9.66825678472442,38.98009657858064,32.21222610556985,4.055472007131792,4.78391265404583,4.6626900481176055
UMBERTIDE,2023,16338.0,-0.12226433549333837,12492,15410.711531399193,6.077899129972719,20155.315802113353,790,-1.2499999999999956,0.0,4.998777008700903,8.524988292864405,37.18277654115025,34.69557704109423,3.743775250322002,5.397398099663951,5.456707766204257
UMBERTIDE,2024,16254.0,-0.5141388174807249,12771,32238.536975513718,109.19564232857111,41030.86524156292,786,-0.5063291139240533,0.0,2.1353899593129975,3.6597584779600845,17.50747330398528,20.43603290333886,2.1178679951217276,2.657707315030741,0.0
UMBERTIDE,2025,16232.0,-0.13535129814199465,12098,34454.65697387876,6.874133277351446,46228.13622086295,782,-0.5089058524173073,0.0,1.8939728630134083,3.0730405182923466,15.466676304979742,21.868482149788395,2.1908593331405957,2.5001108949571353,3.006857935828375
VALFABBRICA,2021,3253.0,,2405,12390.21149707962,,16758.984615384616,715,,0.0,8.810833537317793,13.563896393129667,41.22761048295366,27.92508132541584,3.2825859033431737,2.403663056410515,2.7863293014293533
VALFABBRICA,2022,3246.0,-0.21518598217030727,2490,12970.284658040666,4.681705079027676,16908.25060240964,712,-0.41958041958042314,0.0,8.007328662340745,12.366579714986225,41.37948955031197,30.5706959345719,3.872831837236183,2.2817452965620455,1.5213290039909224
VALFABBRICA,2023,3214.0,-0.9858287122612497,2553,13941.102986932172,7.484942346964352,17550.609087348217,705,-0.98314606741573,0.0,7.154072141658263,11.439674039856312,38.27516662963723,34.048964323531486,4.3340834814789435,3.4866388858542487,1.261400497983505
VALFABBRICA,2024,3226.0,0.37336652146857663,2576,30007.235585864848,115.24290878557042,37578.93711180124,711,0.8510638297872353,0.0,3.0406098996044992,4.641394508879662,18.319906765202383,18.435073243648965,1.6416850566997987,2.845894514674917,1.0754360112897754
VALFABBRICA,2025,3224.0,-0.061996280223186595,2447,31601.223325062034,5.312011280199513,41635.61258684103,705,-0.8438818565400852,0.0,2.5200382119202125,3.910845435593826,17.65061765755998,20.428533721210812,2.502252990959847,1.7536168975460558,1.2340950852092685
VALLO DI NERA,2021,350.0,,256,10974.734285714285,,15004.51953125,761,,0.0,11.583046462302894,13.406064891385592,39.68408476925052,35.326803877061,0.0,0.0,0.0
VALLO DI NERA,2022,340.0,-2.857142857142858,278,11679.220588235294,6.41916500373072,14283.938848920863,700,-8.015768725361372,0.0,11.031608424716094,11.876774613535602,41.79209682354408,35.29952013820423,0.0,0.0,0.0
VALLO DI NERA,2023,346.0,1.764705882352935,270,11913.161849710983,2.0030554240181297,15266.496296296296,691,-1.28571428571429,0.0,9.402627976925507,9.708939012905045,38.914335288554895,41.974097721614555,0.0,0.0,0.0
VALLO DI NERA,2024,327.0,-5.491329479768781,272,28601.284403669724,140.08138867318084,34384.632352941175,689,-0.28943560057886897,0.0,4.463219931954896,3.372969285611946,17.278452455033992,20.777311598247337,4.108046729151831,0.0,0.0
VALLO DI NERA,2025,334.0,2.1406727828746197,245,27968.329341317367,-2.2130302031860727,38128.25306122449,743,7.837445573294621,0.0,3.4685832628051703,3.5231573950946657,15.05604821193176,25.794713053323143,0.0,0.0,0.0
VALTOPINA,2021,1296.0,,946,12607.19212962963,,17271.5866807611,910,,0.0,7.5806964242008394,12.635044872302156,41.939140289618884,31.62776783118053,2.673426231756675,3.5439243509409217,0.0
VALTOPINA,2022,1271.0,-1.9290123456790154,997,13238.23603461841,5.005427842300358,16876.427281845536,905,-0.5494505494505475,0.0,7.306137872331524,11.133249073832932,42.69911002140879,32.788227934270935,3.4172405968501463,2.6560345013056734,0.0
VALTOPINA,2023,1282.0,0.8654602675058909,1013,13908.60062402496,5.0638513141292085,17602.0,899,-0.6629834254143652,0.0,6.648671239346961,9.899709637680273,40.43768359356992,36.17462253291014,2.9164212583309377,3.9228917381617654,0.0
VALTOPINA,2024,1282.0,0.0,1012,29261.36895475819,110.38327108345962,37068.25592885375,890,-1.0011123470522798,0.0,2.9044913006998225,4.147999064326238,18.807565095636654,21.505536402974162,1.55483121551619,0.0,0.0
VALTOPINA,2025,1288.0,0.46801872074881956,953,30897.892080745343,5.5927770451116965,41759.16579223505,886,-0.44943820224718767,0.0,2.36860868491275,3.4131858630228273,16.048864617063543,25.4625150939838,1.6472610583572898,0.0,0.0
ACQUASPARTA,2021,4456.0,,3167,12895.696588868941,,18144.371329333753,807,,0.0,7.012840073157051,10.316459097387225,37.2519857222073,35.957832787105716,4.206763616326157,2.8828890630988613,2.371229640717688
ACQUASPARTA,2022,4436.0,-0.4488330341113067,3278,13276.016907123534,2.9492033689973107,17965.958206223306,758,-6.0718711276332105,0.0,6.681334544106201,9.432442832065409,35.86540547643736,37.82363741229749,3.8341069106510175,3.7592721411932004,2.603800683249324
ACQUASPARTA,2023,4415.0,-0.47339945897204583,3270,13948.496489241223,5.0653715404418875,18832.603058103974,746,-1.58311345646438,0.0,5.994299170031956,8.87534942493183,34.217696060050194,39.872587736291536,4.365746941685423,4.039419438720787,2.6349012282882707
ACQUASPARTA,2024,4391.0,-0.5436013590033983,3323,30218.175358688226,116.64109376946942,39930.18597652723,743,-0.40214477211796273,0.0,2.5678514971752384,3.587265399296672,15.488617479282679,21.921489694833614,2.5490705987537323,2.2160698953291997,1.6696354353288656
ACQUASPARTA,2025,4351.0,-0.91095422455022,3185,31937.707193748563,5.690389358886105,43629.81601255887,782,5.248990578734869,0.0,2.189918601888801,3.360738775531235,13.736415213699871,24.332780967178667,2.2964988930272536,2.8309986393013222,1.252648909372851
ALLERONA,2021,1686.0,,1288,13072.549822064057,,17112.04891304348,1026,,0.0,8.149174247432626,12.850853020775244,39.672928508884105,33.51610292028895,2.5296094852347646,0.0,3.281331817384313
ALLERONA,2022,1685.0,-0.059311981020171434,1324,14011.672997032641,7.183932650870584,17832.076283987917,853,-16.861598440545812,0.0,7.524180029800502,11.196332316221799,39.181925845720244,31.6107311796705,3.302295343488297,1.811512054658623,5.373023230440037
ALLERONA,2023,1687.0,0.1186943620178127,1329,14597.434499110848,4.180525067936269,18529.625282167042,853,0.0,0.0,6.331182912020333,10.922857878900695,37.96241205184531,33.34858964588137,6.087776302906147,0.0,5.347181208446142
ALLERONA,2024,1691.0,0.23710729104919892,1326,30257.237137788292,107.277772951345,38585.963800904974,870,1.992966002344665,0.0,2.692302009334977,4.4004349224121775,19.052178806335302,19.731334638444554,2.2309044614649376,0.0,0.0
ALLERONA,2025,1687.0,-0.23654642223536193,1298,32338.87966804979,6.879816953484275,42030.57781201849,898,3.218390804597693,0.0,2.7345103691292327,3.756500925934582,16.20217066267515,22.28166117961298,2.244260864448786,1.5371265582013536,1.2437694399979178
ALVIANO,2021,1403.0,,1004,12093.013542409124,,16898.90239043825,807,,0.0,9.015614182726454,11.676575802502084,33.84146215677507,41.70706883647999,3.7592790215164027,0.0,0.0
ALVIANO,2022,1396.0,-0.49893086243762985,990,12574.436246418338,3.980998634632371,17731.22525252525,758,-6.0718711276332105,0.0,8.401824709966377,10.583623150006497,32.03165015116573,45.397137378999204,3.5857646098622,0.0,0.0
ALVIANO,2023,1368.0,-2.005730659025784,1016,13295.711257309942,5.736042529119745,17902.09940944882,746,-1.58311345646438,0.0,7.4763423746159186,9.952050558448008,31.773552050624428,45.88078103935045,4.917273976961199,0.0,0.0
ALVIANO,2024,1345.0,-1.6812865497076057,1027,29821.457992565054,124.29381486582227,39055.36611489776,743,-0.40214477211796273,0.0,3.194745551474237,4.16435000859265,14.44911265087655,23.91178568282747,2.3647526477341816,0.0,0.0
ALVIANO,2025,1330.0,-1.115241635687736,989,30704.379699248122,2.960692622417027,41291.02628918099,782,5.248990578734869,0.0,2.880454099945331,3.830319815509654,13.494518734010297,27.252796954709385,1.4271040904869563,0.0,0.0
AMELIA,2021,11682.0,,8359,13698.065399760315,,19143.533915540138,807,,0.0,6.70735616869807,9.35330344555208,32.78670585323908,36.83498645176127,4.489925684660994,5.673281223440953,4.154441172647556
AMELIA,2022,11607.0,-0.6420133538777573,8543,14462.925820625485,5.5837112653773335,19650.14397752546,758,-6.0718711276332105,0.0,6.303262418242368,8.502952680740076,31.390801565819697,37.48361690196018,6.012459672946839,5.580723266495178,4.726183493795659
AMELIA,2023,11564.0,-0.37046609804428643,8700,15231.292459356624,5.312663898444225,20245.363908045976,746,-1.58311345646438,0.0,5.751955154586094,7.635421411024222,30.671910434712498,38.40533980971128,6.545805696193844,6.163866685959481,4.825700807812586
AMELIA,2024,11518.0,-0.39778623313732053,8786,31455.412224344505,106.51833919071892,41236.44866833599,743,-0.40214477211796273,0.0,2.5821110204314426,3.424461569696725,14.23614837461189,21.776714412519595,3.2511427617200805,3.5539141088691517,0.0
AMELIA,2025,11474.0,-0.38201076575794524,8475,33274.66010109813,5.783576650588751,45049.37463126844,782,5.248990578734869,0.0,2.247619753560466,3.135794760229648,12.732017534611975,23.71554671773442,3.117561864929846,3.5765948839614716,0.0
ARRONE,2021,2558.0,,1877,12948.017591868647,,17645.726691529035,761,,0.0,7.789773077400463,9.539573785584983,35.194145085287055,39.72130515631021,2.535615665805552,5.219587229611737,0.0
ARRONE,2022,2561.0,0.11727912431587217,1904,13554.311206559938,4.682520782733901,18231.402836134454,700,-8.015768725361372,0.0,7.167981208893338,9.656210912057817,33.170168714861994,39.48101425214845,3.6713911675449404,4.762983552567424,2.090250191926036
ARRONE,2023,2557.0,-0.15618898867629794,1888,13848.685177942902,2.171810628344528,18755.872881355932,691,-1.28571428571429,0.0,6.392969343387585,8.466020586546225,33.22601666461081,42.80816505835686,3.4652959547585773,3.2679396916581607,2.373592700681775
ARRONE,2024,2526.0,-1.2123582323034787,1897,29357.587885985748,111.98826826350424,39091.86452293094,689,-0.28943560057886897,0.0,2.7996905549391404,3.8340517592159915,15.659823331946685,23.38360312010959,1.528787461921972,2.414467350853154,0.0
ARRONE,2025,2493.0,-1.3064133016627122,1824,30283.71961492178,3.1546587973535045,41391.07072368421,743,7.837445573294621,0.0,2.656862768082885,3.242108762201908,14.683988819575605,25.59142733993725,2.189623622763899,0.0,0.0
ATTIGLIANO,2021,1950.0,,1323,12206.092307692308,,17990.839002267574,807,,0.0,9.020783232248881,8.519763985029755,30.84189148084101,39.27944767388122,3.3309595712607574,4.2913500950345105,4.715803961703865
ATTIGLIANO,2022,1969.0,0.9743589743589798,1346,12535.126968004062,2.6956592824092906,18337.046805349182,758,-6.0718711276332105,0.0,8.263101375049049,8.919702135167947,30.593357457853838,41.49016689109102,2.8148019997840503,3.7361904069275718,4.182679734126527
ATTIGLIANO,2023,1963.0,-0.3047232097511454,1396,13391.450840550178,6.831393688567222,18830.52865329513,746,-1.58311345646438,0.0,7.110074485063539,8.976811644262666,28.709392455356397,43.293609132703715,4.00258785400681,2.7746125541884714,5.132911874418401
ATTIGLIANO,2024,1974.0,0.5603667855323513,1413,27694.81053698075,106.80963449545789,38690.414720452936,743,-0.40214477211796273,0.0,2.965860926326162,4.161658089924857,13.923178743211304,23.12455400223115,1.974742578849552,1.3153774287100484,2.534628230746926
ATTIGLIANO,2025,1946.0,-1.4184397163120588,1359,29333.016443987668,5.915208933527216,42002.98013245033,782,5.248990578734869,0.0,2.6430778151800784,3.776488405724742,13.427489026760602,24.179608125496543,2.020095634266814,1.2395297646107664,2.7137112279604536
BASCHI,2021,2657.0,,1918,12880.00489273617,,17842.634515119917,1026,,0.0,8.530647659340627,11.493066205936135,33.331921967666986,31.818975960410228,3.621333455359483,7.232725987329911,3.971328763956631
BASCHI,2022,2590.0,-2.5216409484380864,1963,14075.048648648648,9.278286505826072,18570.74681609781,853,-16.861598440545812,0.0,8.049376568673129,10.332811621847538,33.03571291413684,30.89959350833491,5.404001429073975,5.809168150347712,6.4693358075858995
BASCHI,2023,2580.0,-0.38610038610038533,2002,14841.778682170543,5.447441445223777,19126.767732267734,853,0.0,0.0,6.965352284794006,9.759337700309588,30.867173638714036,33.75116529551544,5.5311466382518715,6.405488132194607,6.72033631022045
BASCHI,2024,2555.0,-0.9689922480620172,2014,31468.09001956947,112.02371153379444,39921.03773584906,870,1.992966002344665,0.0,3.2959614790717082,4.014975192463474,15.958610947106733,17.530655413734436,2.9012659921889004,3.0518226334831535,3.246708341951596
BASCHI,2025,2542.0,-0.5088062622309208,1930,33002.9449252557,4.877496234222445,43468.1274611399,898,3.218390804597693,0.0,2.888476943251589,3.5076012933828977,14.791592996862713,19.698205174118048,2.653989130932049,3.605302561869941,2.8548318995827637
CALVI DELL'UMBRIA,2021,1693.0,,1302,12895.473124630833,,16768.076804915516,882,,0.0,10.481986196798136,14.587237763807279,25.845060900412587,35.85315176284979,5.2247211391553225,5.077529186925123,2.930313050051768
CALVI DELL'UMBRIA,2022,1697.0,0.2362669816893037,1305,13402.26104890984,3.9299676668010264,17428.074329501917,786,-10.8843537414966,0.0,10.209224672377596,13.291414209609483,25.23691791246932,36.49910082543087,5.113557695279783,7.0043854463558315,2.645399238477118
CALVI DELL'UMBRIA,2023,1695.0,-0.11785503830288313,1307,14080.156932153392,5.058071028236633,18260.03519510329,776,-1.2722646310432517,0.0,8.301010321603247,11.946291829510816,26.453383254561135,39.197169715106924,5.0773770371458555,5.844803620367264,3.1799642217047563
CALVI DELL'UMBRIA,2024,1671.0,-1.415929203539823,1308,30731.634949132254,118.26202006991564,39260.368501529054,788,1.546391752577314,0.0,3.7135148193774636,4.933533793309086,12.900719539562603,20.29477127158719,2.08881496506445,3.340916077371174,2.727729533728035
CALVI DELL'UMBRIA,2025,1676.0,0.29922202274086374,1276,31610.819809069213,2.8608463604107293,41520.16771159875,832,5.583756345177671,0.0,3.3233575691414377,4.14653648506427,12.711030221480538,22.10597357850079,2.3083581355844482,3.0662913483106577,2.338452661917857
CASTEL GIORGIO,2021,2037.0,,1623,13480.948453608247,,16919.711645101663,1026,,0.0,9.421430457761225,13.70393360808242,33.73579223713663,36.66087875717043,3.6613243395323027,2.8166406003169913,0.0
CASTEL GIORGIO,2022,2034.0,-0.14727540500736325,1647,14442.132251720748,7.129941943033202,17835.638737097754,853,-16.861598440545812,0.0,8.314836782756615,12.550317363599762,32.58977773058771,34.687148865252325,3.787815319790639,4.4053001404547505,3.6648037975582
CASTEL GIORGIO,2023,2023.0,-0.5408062930186808,1637,15238.212061295106,5.512204124010189,18831.33964569334,853,0.0,0.0,7.604841135030658,11.689098317790794,31.343742185194536,35.26322121946534,3.64458602928747,5.525699419108044,4.92881169412315
CASTEL GIORGIO,2024,1989.0,-1.6806722689075682,1661,31983.990950226245,109.89333145891331,38299.91450933173,870,1.992966002344665,0.0,3.4408773947021443,5.5149102213937535,15.642761702144917,20.05916484299476,1.873858839447676,1.7389402862084191,1.7294867131083271
CASTEL GIORGIO,2025,2002.0,0.6535947712418277,1625,33504.54845154845,4.7541205964212185,41277.60369230769,898,3.218390804597693,0.0,3.006626532553932,4.773729709354327,15.486049533048327,21.431442367867927,1.5699167152010882,2.645056646550114,1.0871784954242871
CASTEL VISCARDO,2021,2758.0,,2101,13504.960478607687,,17728.072822465492,1026,,0.0,8.016512934400787,11.601052453505858,35.967099994761945,35.705763957867816,4.270533527537661,4.439037131925929,0.0
CASTEL VISCARDO,2022,2731.0,-0.9789702683103751,2128,14524.06920541926,7.546180741705055,18639.677161654134,853,-16.861598440545812,0.0,7.005263274263383,10.26671140441807,35.553498450393576,34.949039628734816,4.494452358315908,4.249845198186533,3.4811896856877156
CASTEL VISCARDO,2023,2688.0,-1.5745148297326983,2151,16242.21875,11.829670599060904,20297.110181311018,853,0.0,0.0,6.280074497211165,8.778090717615605,32.23867683527213,35.60871089278923,4.893293226216107,3.5014752027321507,8.699678628163614
CASTEL VISCARDO,2024,2648.0,-1.4880952380952328,2145,36574.66993957704,125.18271981515481,45151.38741258741,870,1.992966002344665,0.0,2.5308383422788414,3.6195776124343397,14.627298997211414,18.54416604131642,2.330264723722605,1.9735750207491551,6.374279262287226
CASTEL VISCARDO,2025,2649.0,0.03776435045317328,2103,37461.13023782559,2.423700062674583,47187.129814550644,898,3.218390804597693,0.0,2.2050559536058287,3.4273461696308267,13.534645106511006,21.236013462813258,2.525703400793921,1.5488730969402245,5.522362809704936
FABRO,2021,2648.0,,1993,12866.278700906345,,17094.784746613146,1026,,0.0,7.935974346392386,12.677029399494089,39.80252543109452,35.35655190830288,1.3224133932157018,2.9055055215004115,0.0
FABRO,2022,2626.0,-0.8308157099697899,2042,13514.956207159177,5.0416870435671335,17380.154260528892,853,-16.861598440545812,0.0,7.500274370936827,10.881023040818928,38.47766747369526,38.65428768866964,2.0491162719928204,2.4376311538865223,0.0
FABRO,2023,2611.0,-0.5712109672505683,2058,14735.307927996935,9.029638736019807,18694.795432458697,853,0.0,0.0,6.288623434974301,10.58569618475533,36.63480705056876,39.07516081880883,2.9965959510877624,2.5422774391224134,1.876839120682601
FABRO,2024,2580.0,-1.1872845653006503,2093,32150.375968992248,118.18597973040563,39631.13712374582,870,1.992966002344665,0.0,2.7851881124999203,4.4264169454659354,17.11798371919168,21.096723644954782,1.4932649949118706,1.6019765161220945,1.4784460668537158
FABRO,2025,2579.0,-0.03875968992248513,2005,33120.540131834045,3.0175826365995917,42602.430423940146,898,3.218390804597693,0.0,2.4322181377660854,3.8318139811324965,16.835821936235757,23.052944668851683,1.4781637093679447,1.6845607944370142,0.0
FERENTILLO,2021,1820.0,,1317,13463.004945054945,,18604.91192103265,761,,0.0,7.282892324913666,9.345663527512043,32.910590270798664,37.39216735940072,2.8078206500687743,6.188766619669066,4.072099247637063
FERENTILLO,2022,1822.0,0.1098901098901095,1314,13666.21185510428,1.5093726168761146,18949.648401826485,700,-8.015768725361372,0.0,6.56260896155228,8.304568085944977,33.32706823233147,39.37455737663835,2.5561170317654276,5.609016412074649,4.266063899692842
FERENTILLO,2023,1814.0,-0.4390779363336983,1330,14563.326350606394,6.564470864448402,19863.063157894736,691,-1.28571428571429,0.0,5.544405276518466,8.100019706354871,31.845772297952514,41.6226377641138,1.4567220662798226,5.262838334379216,6.167604554401311
FERENTILLO,2024,1777.0,-2.0396912899669273,1374,31399.86606640405,115.6091631160666,40609.57933042212,689,-0.28943560057886897,0.0,2.5857509688326523,3.424031322372114,14.328113475638954,23.098804926279755,1.1521560744894195,2.7881952978519022,2.6229479345352043
FERENTILLO,2025,1788.0,0.6190208216094506,1319,32474.4418344519,3.422230418993988,44021.45716451857,743,7.837445573294621,0.0,2.5424967650519594,3.1705125810347297,11.846087463515879,25.776140390011058,1.2837629564547248,2.608034451184826,2.7729653927468205
FICULLE,2021,1583.0,,1188,13215.939355653822,,17610.127946127945,1026,,0.0,9.439543322177627,12.066508635985414,31.58366263827366,33.012745382210426,5.757471786972909,5.229878046915151,2.9101901874648197
FICULLE,2022,1584.0,0.06317119393557391,1203,13554.660984848484,2.56297808335324,17847.53366583541,853,-16.861598440545812,0.0,7.956346597574923,12.097561579953371,33.11429410184157,33.155825344845084,5.570882728242638,4.815910215386326,3.2891794321560806
FICULLE,2023,1565.0,-1.1994949494949503,1198,14934.104792332268,10.176896412427716,19509.07679465776,853,0.0,0.0,7.087925426946937,10.013642894018684,32.04833296636804,32.021865255648734,5.438434247934076,6.341250171038916,7.048549038044618
FICULLE,2024,1547.0,-1.1501597444089406,1230,31788.0349062702,112.85530902790622,39980.560975609755,870,1.992966002344665,0.0,3.0906442541487134,4.389202150882674,15.495512148281817,19.017969911800634,2.9779756788309117,2.7332103874057494,2.2954854686495003
FICULLE,2025,1562.0,0.9696186166774368,1189,31518.85147247119,-0.8468074059712172,41406.59882253995,898,3.218390804597693,0.0,2.9971088578454945,3.709033672631256,15.855580281345356,20.46309053992564,2.98370103325762,2.6710434009311665,0.0
GIOVE,2021,1857.0,,1279,11886.035541195477,,17257.519937451132,807,,0.0,9.171367566905372,11.14810155394292,32.81590810736755,36.897522730682994,3.7020178351502655,6.265082205950898,0.0
GIOVE,2022,1846.0,-0.5923532579429236,1320,12617.383531960997,6.1530018838557465,17645.219696969696,758,-6.0718711276332105,0.0,8.630442874690502,10.139530450559835,31.26812180653272,39.36555054613899,4.263353152991475,6.333001169086486,0.0
GIOVE,2023,1855.0,0.48754062838569645,1349,13252.082479784367,5.0303531331644,18222.841363973315,746,-1.58311345646438,0.0,7.766538081203979,9.406705462922107,29.73218103380629,40.658505261421965,5.915278412429142,6.5207917482165145,0.0
GIOVE,2024,1830.0,-1.3477088948787075,1402,28549.485792349726,115.43395791492443,37265.02068473609,743,-0.40214477211796273,0.0,3.5473828502820686,4.173562388336203,14.87412164543976,21.356684115486253,3.0693537033453886,2.437058812979683,0.0
GIOVE,2025,1842.0,0.6557377049180246,1341,29207.971769815416,2.3064722855433706,40120.12229679344,782,5.248990578734869,0.0,3.354060672829566,3.9398797243564836,13.820308899352288,22.851784919426528,2.592299069661868,2.6993694030402806,0.0
GUARDEA,2021,1749.0,,1298,12439.388221841053,,16761.548536209553,807,,0.0,9.467565770030001,12.429799108220122,31.214593898188543,37.881147188723915,5.59864665669876,3.408247378138661,0.0
GUARDEA,2022,1750.0,0.057175528873631976,1332,13278.797142857144,6.747991991617863,17445.867117117115,758,-6.0718711276332105,0.0,8.301668460073513,12.215680465033515,28.99633120814084,40.75811513908639,3.8794692892794287,5.848735438386308,0.0
GUARDEA,2023,1742.0,-0.45714285714285596,1300,14499.17451205511,9.190421060498121,19428.893846153846,746,-1.58311345646438,0.0,6.866723716247831,10.092494279534977,28.106402351897618,39.87532921823571,4.487483788023563,6.310862465664738,4.2607041803955585
GUARDEA,2024,1728.0,-0.8036739380022917,1323,31878.38310185185,119.8634348138032,41637.071806500375,743,-0.40214477211796273,0.0,2.96423331684876,4.755305019732292,12.594603702736999,20.708123462422634,2.468006028263594,2.8832088736551307,3.6265195963405916
GUARDEA,2025,1735.0,0.4050925925925819,1314,32935.66340057637,3.316605786894833,43488.109589041094,782,5.248990578734869,0.0,2.822425122379889,4.270069727766872,11.614875536930125,22.56801908238673,2.885249551934068,2.7280642291767987,3.1112967494255153
LUGNANO IN TEVERINA,2021,1429.0,,1037,11909.221133659901,,16411.0675024108,807,,0.0,8.87722064930545,13.10358857127546,37.15410202807252,32.55700914963365,4.422227937646096,3.8858516640668146,0.0
LUGNANO IN TEVERINA,2022,1431.0,0.13995801259623075,1059,12569.605870020965,5.545154707847111,16984.99150141643,758,-6.0718711276332105,0.0,7.792854503665014,11.929990294158493,37.065273313005434,33.75144951055495,5.687424091457514,3.7730082871585897,0.0
LUGNANO IN TEVERINA,2023,1429.0,-0.13976240391334604,1065,13594.16864940518,8.151113010057376,18240.438497652583,746,-1.58311345646438,0.0,6.653194390815187,10.289015270049259,35.43158787622837,35.30398613368316,3.460782874886615,4.540095532461614,4.321337921875798
LUGNANO IN TEVERINA,2024,1404.0,-1.7494751574527623,1081,29629.475783475784,117.95724731406976,38482.68640148011,743,-0.40214477211796273,0.0,3.1925261919629198,3.9251886500179904,16.210997634026178,19.96075027697259,2.325348612387026,1.486404352484138,2.8987842821491574
LUGNANO IN TEVERINA,2025,1396.0,-0.5698005698005715,1051,31375.876790830946,5.894134003981,41675.28449096099,782,5.248990578734869,0.0,2.541453424377186,3.767793883954978,14.811604483980675,22.19810110901363,2.6488352110344113,1.3198663108856374,2.71234557675348
MONTECASTRILLI,2021,4821.0,,3424,13274.3020120307,,18690.248247663552,807,,0.0,6.761728692729682,9.15543005349915,36.32031265992358,37.066809947775944,3.9789447399430675,3.2640872212553997,3.452686684873181
MONTECASTRILLI,2022,4820.0,-0.020742584526034502,3530,14054.832157676348,5.880008944637871,19191.01728045326,758,-6.0718711276332105,0.0,5.759806387227523,9.117578631090847,34.461138577714244,38.10005923598787,4.640005753399944,3.7911445556349537,4.130266858944616
MONTECASTRILLI,2023,4814.0,-0.12448132780082943,3659,14769.457415870378,5.084552061361491,19431.584585952445,746,-1.58311345646438,0.0,5.513610038164748,8.596635102184287,31.446540323223992,39.78490458700463,4.815085668995887,5.219261929170125,4.6239623512563295
MONTECASTRILLI,2024,4780.0,-0.7062733693394274,3647,30821.559623430963,108.68444084013507,40396.77954483137,743,-0.40214477211796273,0.0,2.4378217564995106,3.6530269338513555,15.352556935316464,21.928433307785863,2.855319411631489,2.6870007005841527,0.0
MONTECASTRILLI,2025,4795.0,0.3138075313807498,3455,32838.130135557876,6.542727028627993,45574.19218523878,782,5.248990578734869,0.0,2.0956918809649,2.928825828851241,13.764332841433335,23.55267028079225,2.917979819411085,2.8905313753307738,1.8499679732164154
MONTECCHIO,2021,1592.0,,1196,13721.646984924622,,18264.934782608696,807,,0.0,8.943855996893,11.128223195001185,31.7866599477717,31.865136067236318,2.563019166703823,6.568272209730599,7.144833416663378
MONTECCHIO,2022,1559.0,-2.0728643216080367,1170,13936.624118024374,1.5667006543451878,18570.253846153846,758,-6.0718711276332105,0.0,7.91992634852991,11.726814093875063,32.43370049067995,32.2304483178387,3.370641873408705,4.990860072746614,7.327608802921058
MONTECCHIO,2023,1528.0,-1.9884541372674813,1187,15001.868455497382,7.6434890433424,19311.58803706824,746,-1.58311345646438,0.0,7.118694420917464,9.639157077074387,32.44791715517112,34.758501940530536,3.048769448657246,5.990868065954262,6.9960918916949915
MONTECCHIO,2024,1493.0,-2.290575916230364,1174,31772.523777628936,111.79044378292761,40405.773424190804,743,-0.40214477211796273,0.0,3.194097154719527,4.311574968898342,14.692730123703795,20.312975834706435,1.2016811232931823,3.7281050420839463,2.5588357525947703
MONTECCHIO,2025,1475.0,-1.2056262558606812,1116,33249.473898305085,4.648513700117429,43945.31720430108,782,5.248990578734869,0.0,2.530774336809183,3.758181549104261,13.78607463731706,22.554023742524258,1.5685692307322145,3.3647062268287398,2.437670276684281
MONTEFRANCO,2021,1256.0,,860,13088.871019108281,,19115.839534883722,761,,0.0,6.739382450521064,6.706078765071362,34.49068354491362,47.55457272679384,1.580547289955937,2.9287352227441725,0.0
MONTEFRANCO,2022,1263.0,0.5573248407643394,896,13444.811559778305,2.719413615967259,18951.782366071428,700,-8.015768725361372,0.0,5.709584773906666,7.314986452049335,31.415445340993127,49.079957789967104,2.584048322349063,3.89597732073471,0.0
MONTEFRANCO,2023,1261.0,-0.15835312747426444,939,14354.74385408406,6.767906640119237,19277.243876464323,691,-1.28571428571429,0.0,5.186369710251157,8.09510592922112,30.243238453391164,48.76778128813946,3.914220235284343,3.793284383712757,0.0
MONTEFRANCO,2024,1285.0,1.9032513877874635,918,29020.421011673152,102.16606653985379,40622.26688453159,689,-0.28943560057886897,0.0,2.295370111174364,3.083018878347331,14.570984644892885,26.784295003751684,2.059708873727211,0.0,0.0
MONTEFRANCO,2025,1255.0,-2.3346303501945553,877,30975.307569721117,6.736244650832712,44326.12428734321,743,7.837445573294621,0.0,1.954372549825126,2.685534559322937,13.272173020684694,28.806849902882416,1.6741441988067554,0.0,0.0
MONTEGABBIONE,2021,1118.0,,824,12229.742397137747,,16593.266990291264,1026,,0.0,10.385762970300563,11.794927642016457,35.243422513459514,31.436916014303378,7.083745220090147,4.055225639829935,0.0
MONTEGABBIONE,2022,1120.0,0.17889087656528524,873,12467.319642857143,1.9426185605920798,15994.728522336769,853,-16.861598440545812,0.0,9.705581692937493,11.668828747844902,37.82328628031658,29.589337781534265,6.407745449925583,4.805220047441174,0.0
MONTEGABBIONE,2023,1113.0,-0.6249999999999978,878,13547.363881401618,8.663002710155588,17173.366742596812,853,0.0,0.0,8.37994362197756,11.134672696027168,34.304131204911776,31.626878139960326,6.221491985524017,3.9603093628583115,4.372572988740843
MONTEGABBIONE,2024,1114.0,0.08984725965857088,883,29424.373429084382,117.19630244434036,37122.02944507361,870,1.992966002344665,0.0,3.595020945275769,4.503591228854595,15.462876683041502,16.737690318411147,3.8513272256369,3.0209813967291983,2.8285122020508897
MONTEGABBIONE,2025,1098.0,-1.4362657091561926,828,30465.63752276867,3.5387808552451716,40400.0845410628,898,3.218390804597693,0.0,3.171870604613816,3.9533237452569066,15.100619498153584,19.69034359532538,3.4924174777220713,2.355109387476171,2.2363156914520737
MONTELEONE D'ORVIETO,2021,1376.0,,1018,13252.29215116279,,17912.724950884087,1026,,0.0,7.463194442997301,10.486711546280333,35.778261044573576,36.09904254167527,3.868050689344329,6.30473973512919,0.0
MONTELEONE D'ORVIETO,2022,1369.0,-0.5087209302325535,1050,14017.065010956903,5.7708723220911695,18275.582857142857,853,-16.861598440545812,0.0,6.553975061807684,9.242167613493352,36.788080812691945,36.7547706901355,4.050843378742868,6.6101624431286465,0.0
MONTELEONE D'ORVIETO,2023,1368.0,-0.07304601899196239,1051,14826.611111111111,5.775432299995753,19298.576593720267,853,0.0,0.0,6.033781128092546,8.914433132618154,33.7360307775986,38.233791540854014,5.735666528158532,7.346296892678153,0.0
MONTELEONE D'ORVIETO,2024,1361.0,-0.511695906432752,1046,32516.25422483468,119.31009035818639,42308.43403441682,870,1.992966002344665,0.0,2.553708401350711,3.4806285318627284,14.650442613655134,21.0306891786354,2.956140942747178,3.6735552729384966,1.6548350588103544
MONTELEONE D'ORVIETO,2025,1357.0,-0.29390154298309934,1043,34480.26823876197,6.040099208067007,44860.71332694151,898,3.218390804597693,0.0,2.52726645705369,3.0010777580137042,13.377516396548952,23.715976610590822,2.568033955489885,3.063403408833957,1.7467254134689918
NARNI,2021,18405.0,,13199,13924.042216788916,,19416.01613758618,882,,0.0,6.459121633956752,8.954574151150819,34.457444056987626,36.65242246502648,3.9947392301313362,5.218372727629699,4.263325735117286
NARNI,2022,18258.0,-0.7986960065199722,13341,14523.316025851682,4.3038781392101155,19876.074057416987,786,-10.8843537414966,0.0,5.93299413639806,8.557658506024195,33.012430550104064,38.03952361982822,4.206960689906226,5.681975441381208,4.568457056358026
NARNI,2023,17980.0,-1.5226202212728634,13531,15420.651446051168,6.178584963669587,20490.969847017957,776,-1.2722646310432517,0.0,5.312813599684571,8.313294229446072,31.38249018902836,39.761158015160845,4.711988708004798,5.840620536767517,4.677634721907835
NARNI,2024,17861.0,-0.6618464961067883,13730,32264.262527294104,109.22762336059515,41971.74020393299,788,1.546391752577314,0.0,2.32252203171012,3.525237777779702,14.477522942885756,22.759732139194902,2.3111680181896332,3.137868961124404,0.0
NARNI,2025,17769.0,-0.5150887408319815,13288,33878.89149642636,5.004388269424576,45303.583910295005,832,5.583756345177671,0.0,2.067630163165258,3.0662409085081563,12.906960705820827,24.793110279767678,2.4286711232015006,3.3328693032555243,0.0
ORVIETO,2021,19931.0,,14730,15188.394611409361,,20551.24867617108,1026,,0.0,6.516524502074926,8.98385690166718,28.283070250688812,36.14893091944902,6.540156579666867,7.4743971318726645,6.053063714580528
ORVIETO,2022,19689.0,-1.2141889518839988,15053,16051.056325867236,5.67974257009265,20994.43619212117,853,-16.861598440545812,0.0,5.955621866998842,8.40064493018064,27.66564884526131,36.64942904271949,6.44620937110226,7.641455071905244,7.240990871832217
ORVIETO,2023,19497.0,-0.9751637970440319,15171,17275.460634969484,7.628185237435425,22201.54610770549,853,0.0,-0.01739981588247926,5.193549036817495,7.518986956034418,26.382508092104935,37.726550614373885,6.605320563595611,7.21863512621128,9.371849426744857
ORVIETO,2024,19319.0,-0.912960968354104,15284,37086.71587556292,114.67859329024735,46877.667102852654,870,1.992966002344665,0.0,2.2377371101937573,3.146736493320892,12.436216627501208,19.667564541776525,3.5525845345114333,4.046111858042354,4.913048834653831
ORVIETO,2025,19196.0,-0.6366789171282194,14910,36921.11752448427,-0.4465166223784456,47534.39114688129,898,3.218390804597693,0.0,2.05930720452698,2.9186828778190193,12.522582329646175,22.011910633711786,3.571254136572249,4.480511023194063,0.0
OTRICOLI,2021,1735.0,,1238,12120.71469740634,,16986.623586429727,882,,0.0,8.94446547316524,11.795497169682122,35.86656610922592,34.752370961851575,5.957129623993791,2.683970662081349,0.0
OTRICOLI,2022,1724.0,-0.6340057636887608,1247,12980.697215777262,7.0951469433972125,17946.048115477144,786,-10.8843537414966,0.0,7.350030980321397,12.446439077262768,35.039324408248156,33.31940492401666,4.307457771717258,3.6459633396402173,3.8913794987935417
OTRICOLI,2023,1718.0,-0.34802784222738303,1253,13424.233410942958,3.416890385722926,18406.091779728653,776,-1.2722646310432517,0.0,7.035232835445672,10.147734235425457,34.13819108866634,35.37430548970285,4.537694913716801,4.405607932035062,4.361233505007819
OTRICOLI,2024,1676.0,-2.4447031431897526,1303,30251.315035799522,125.34854773263793,38911.13123561013,788,1.546391752577314,0.0,3.2109355825159493,4.276653864077863,15.682661106036061,19.494568610244443,1.8885882867791464,2.998713797802514,2.4478787525440224
OTRICOLI,2025,1697.0,1.2529832935560759,1259,29893.79493223335,-1.181833262927845,40293.701350277996,832,5.583756345177671,0.0,2.948986364416791,3.8099660219236156,15.235089770759853,21.984081536344437,3.4023394941471254,0.0,0.0
PARRANO,2021,498.0,,374,13664.929718875503,,18195.548128342245,1026,,0.0,9.75547141974406,12.06984137713653,28.627543759234754,31.20364254346166,0.0,5.453470063415347,12.890030837007643
PARRANO,2022,485.0,-2.6104417670682722,386,14841.189690721649,8.607874288744899,18647.608808290155,853,-16.861598440545812,0.0,8.277784160744053,10.586057721495914,27.74860214196294,30.42921643122783,0.0,8.948180856926884,14.010158687642374
PARRANO,2023,488.0,0.6185567010309256,368,15505.54918032787,4.476457099807574,20561.706521739132,853,0.0,0.0,6.53195550826066,9.727109860721466,25.816695979281874,34.709413922144215,0.0,7.787719573690434,15.427105155901351
PARRANO,2024,477.0,-2.254098360655743,381,35170.662473794546,126.82629337899307,44032.56167979003,870,1.992966002344665,0.0,2.864844830293211,3.4016999827018966,13.571011574231095,18.291921404381846,1.5156702812270995,4.336232682971549,6.018619244193303
PARRANO,2025,490.0,2.7253668763102645,373,33170.35918367347,-5.687419995604259,43575.002680965146,898,3.218390804597693,0.0,2.691190487499412,3.2134972236092763,13.976456482293386,20.242451522369738,0.0,5.290345277527096,0.0
PENNA IN TEVERINA,2021,1051.0,,727,13852.137963843958,,20025.58046767538,807,,0.0,7.432852217833903,9.922824294126693,27.679239970719706,34.78294646111847,6.966241321193244,5.14026179857853,8.075633936429451
PENNA IN TEVERINA,2022,1029.0,-2.0932445290199775,738,14650.081632653062,5.760436915166811,20426.739837398374,758,-6.0718711276332105,0.0,6.920899288845975,9.383762476174025,27.296544051204467,36.58500926106874,4.401193398259654,6.52759076756157,8.88500075688557
PENNA IN TEVERINA,2023,1028.0,-0.09718172983479434,734,16141.69747081712,10.181621342228198,22607.17302452316,746,-1.58311345646438,0.0,5.176674351326245,8.13386313391285,24.949882982451435,35.55251356466459,5.202413089573642,5.98113195608083,15.00352092199041
PENNA IN TEVERINA,2024,1016.0,-1.1673151750972721,760,32795.4094488189,103.17199915380857,43842.28421052632,743,-0.40214477211796273,0.0,2.830861794801798,3.119762176240817,11.77543813146501,21.783560547291884,2.5766011279185657,3.465931231493173,4.447844990788753
PENNA IN TEVERINA,2025,1022.0,0.5905511811023612,732,33290.487279843444,1.5095949077786885,46479.34153005465,782,5.248990578734869,0.0,2.2650905664124004,3.3204245684330407,10.94895029162436,24.205333246646564,2.5545516754931783,3.392752370919356,3.312897280471099
POLINO,2021,219.0,,156,12422.780821917808,,17439.673076923078,761,,0.0,5.58937788839108,9.767884821999942,36.65022537399071,47.99251191561827,0.0,0.0,0.0
POLINO,2022,207.0,-5.47945205479452,145,12226.72463768116,-1.5781988513452694,17454.70344827586,700,-8.015768725361372,0.0,5.508247554655756,10.738494752130835,34.38914992579809,49.36410776741532,0.0,0.0,0.0
POLINO,2023,206.0,-0.48309178743961567,151,14004.169902912621,14.537378716730132,19105.026490066226,691,-1.28571428571429,0.0,6.4198978182295905,11.79076689709965,26.689138013330982,55.10019727133978,0.0,0.0,0.0
POLINO,2024,204.0,-0.9708737864077666,152,28746.598039215685,105.27170291783521,38580.96052631579,689,-0.28943560057886897,0.0,2.182781730694135,0.0,15.53894015762479,27.55939065935509,0.0,0.0,0.0
POLINO,2025,220.0,7.843137254901955,150,30936.163636363635,7.616781624597735,45373.04,743,7.837445573294621,0.0,1.6544773430800903,4.361532751607562,11.389671046947702,28.75569574649028,0.0,0.0,0.0
PORANO,2021,1913.0,,1350,14470.853110297961,,20505.734814814816,1026,,0.0,6.453302205395693,9.534510707067962,28.505062829397467,34.361787571476846,6.193746992259654,8.589170827080642,6.3624188673217414
PORANO,2022,1904.0,-0.4704652378463181,1412,15437.706407563026,6.681384227285236,20816.850566572237,853,-16.861598440545812,0.0,6.064335614469551,8.33056598807766,29.94055160627424,31.29216487528337,7.6931030044745095,8.983137809234885,7.696141102185787
PORANO,2023,1923.0,0.997899159663862,1397,15464.371814872595,0.17272907390248893,21287.034359341447,853,0.0,0.0,5.668107259580146,8.000309503128102,27.099601597108773,36.30209401867046,7.385876522173475,8.247249553239767,7.29676154609927
PORANO,2024,1848.0,-3.900156006240252,1424,34486.15043290043,123.00388820019168,44754.49859550562,870,1.992966002344665,0.0,2.6756819970674592,3.2881180766367626,12.745140835914338,19.486794105783666,2.7953799635294962,4.274730338294094,4.734154682774185
PORANO,2025,1840.0,-0.43290043290042934,1382,35015.20108695652,1.5340959991619219,46619.370477568744,898,3.218390804597693,0.0,2.607794409788171,2.9088996595733185,11.989053822431469,21.46555758314285,3.1045802001832437,4.5788669113740506,3.345247413506898
SAN GEMINI,2021,4836.0,,3468,15327.433622828785,,21373.549307958478,882,,0.0,5.359635826002693,7.927842664784078,29.50886580874945,38.331967436656264,5.921012682231589,7.741816562848671,5.208859018727254
SAN GEMINI,2022,4769.0,-1.3854425144747773,3545,16333.83266932271,6.565998400377926,21973.497320169252,786,-10.8843537414966,0.0,4.948465421506365,7.075804410513868,28.433713350900675,39.54875220370615,5.984804261186652,7.484628745222094,6.523831606964194
SAN GEMINI,2023,4737.0,-0.6710002096875667,3578,17334.04369854338,6.123553788445579,22948.956120737843,776,-1.2722646310432517,0.0,4.214920796895777,6.750001050402705,27.279155571217213,40.344435876811936,6.9460482114747455,7.943872325103839,6.521566168093782
SAN GEMINI,2024,4690.0,-0.9921891492505774,3655,36955.829424307034,113.19797080823398,47420.74965800274,788,1.546391752577314,0.0,1.905810567147411,2.889733978510853,12.095985156947577,22.367256386982813,2.7077579619627743,3.8337503585793997,4.199705589869171
SAN GEMINI,2025,4628.0,-1.321961620469081,3533,39322.79343128781,6.40484611995733,51510.299462213414,832,5.583756345177671,0.0,1.5589928599298866,2.6238144355456834,10.931897093031742,23.660607684041963,3.707987511647057,3.847581852060969,3.6691185637427006
SAN VENANZO,2021,2157.0,,1722,14079.561427909133,,17636.24506387921,1026,,0.0,8.268616782551138,12.964455195248778,38.68362304506076,27.342089366035406,4.5032775194311,4.395620569955219,3.8423175217175953
SAN VENANZO,2022,2182.0,1.1590171534538785,1746,14676.212190650778,4.237708438552201,18341.06242840779,853,-16.861598440545812,0.0,7.269834226401583,12.061303739644908,37.940705722470334,29.830238704426232,4.018462069802188,4.159080699967321,4.7203748372874355
SAN VENANZO,2023,2185.0,0.1374885426214556,1732,15739.80228832952,7.247034070250646,19856.505773672056,853,0.0,0.0,6.020807253706065,10.883990180355198,37.29672429219945,29.153631941503633,5.196989555665376,4.5942092381750035,6.853647538395278
SAN VENANZO,2024,2161.0,-1.0983981693363898,1737,33322.77649236465,111.71026091650624,41456.83362118595,870,1.992966002344665,0.0,2.535475372209505,4.16482202878135,17.25280833967037,17.448985231602272,2.815045634998886,2.6248664778424042,3.1579969148952127
SAN VENANZO,2025,2151.0,-0.46274872744099804,1677,34832.466759646675,4.5305056366715,44677.779367918905,898,3.218390804597693,0.0,2.326030652988424,3.7403211408327697,15.125561637696844,19.44047482593042,2.8144894824714264,3.172474538281374,3.3806477217987423
STRONCONE,2021,4685.0,,3292,13542.786339381004,,19273.376063183474,882,,0.0,6.2500455097417325,8.468810515150734,33.47149539290108,41.908140962275944,3.4273682016602143,4.329518647677748,2.1446207705925397
STRONCONE,2022,4638.0,-1.0032017075773725,3355,14423.530832255283,6.503421606181337,19939.295380029806,786,-10.8843537414966,0.0,5.387629899491057,8.03622039927568,32.49632087473371,42.22806761793351,3.930566541043444,4.742430138475746,3.1787645290468527
STRONCONE,2023,4625.0,-0.2802932298404448,3461,15239.859243243243,5.659698866261009,20365.31320427622,776,-1.2722646310432517,0.0,5.168587142657727,7.3518732506134095,30.06553696055276,44.72193819935828,3.989915548485806,5.482546203271311,3.2196026950607153
STRONCONE,2024,4604.0,-0.45405405405405386,3580,32084.06754995656,110.52732205634625,41261.18631284916,788,1.546391752577314,0.0,2.3873627444332057,3.3041535707597887,13.250157920607778,24.93499460484889,2.6526600231863986,2.3403946112544647,0.0
STRONCONE,2025,4613.0,0.19548218940053097,3381,32990.50791242142,2.8252040083555086,45011.89381839692,832,5.583756345177671,0.0,2.000716718778716,3.0350130009017366,12.484729380376791,26.817198724819608,2.864027269193361,1.8983013809626827,0.0
TERNI,2021,107982.0,,76192,14834.465586857068,,21023.929848278036,983,,-0.0072748769936775495,5.7546495073069535,7.289015599407497,28.739027715764355,40.648361499312315,6.0918202945030995,7.065616389587628,4.418783871111831
TERNI,2022,107165.0,-0.7566075827452723,78197,15507.545579246955,4.537271588578262,21252.300241697252,787,-19.93896236012207,-0.001942334558282788,5.294388268419134,6.918383344961166,28.18025530458464,41.097754323196924,6.069124682475476,7.458619642045991,4.98341676887496
TERNI,2023,106793.0,-0.3471282601595682,79980,16359.42208759001,5.493303269623029,21843.8580020005,786,-0.12706480304955914,-0.002987971135791289,4.824762999732599,6.538385452687326,26.456509445628306,42.46671806577644,6.208954737711023,7.5719962855355245,5.935660984064568
TERNI,2024,106436.0,-0.3342915734177332,81539,34745.99693712654,112.39134702370865,45355.28924808987,809,2.926208651399498,-0.0003303206330394836,2.1194720570984846,2.8838507126714976,12.038882448396668,22.74383675738187,3.158856970876566,3.997645838161607,3.0577855360463433
TERNI,2025,106310.0,-0.1183809989101392,78486,36233.69564481234,4.281640588346947,49078.869913105525,895,10.630407911001228,-0.00018421579159946208,1.9202540409286328,2.5893142176296244,11.085845435312228,24.048885950015883,3.2968241968036245,4.0113006533536,3.0477597217480072
AVIGLIANO UMBRO,2021,2405.0,,1695,13160.144698544698,,18672.653687315633,807,,0.0,7.298619899028592,10.393619644369435,35.3187068825081,32.16232037840708,5.016317775196502,4.737791431496623,5.072623988993669
AVIGLIANO UMBRO,2022,2384.0,-0.8731808731808677,1732,13162.519714765102,0.018047037284207867,18117.46362586605,758,-6.0718711276332105,0.0,6.860369464127268,9.70834827012726,35.66524610838426,37.37227109196667,5.343481674485851,5.050283390908705,0.0
AVIGLIANO UMBRO,2023,2363.0,-0.8808724832214732,1738,14733.30258146424,11.93375509202168,20031.527042577676,746,-1.58311345646438,0.0,5.57963376144061,8.390108526852119,31.95451336003884,38.24429637584528,5.804486449065303,3.950676830085509,6.07628469667234
AVIGLIANO UMBRO,2024,2347.0,-0.677105374523912,1765,30696.479761397528,108.34758257131254,40818.49178470255,743,-0.40214477211796273,0.0,2.8291237996087926,3.392134470854028,15.494754793548966,20.918336767824414,2.26228494617462,2.998100982893411,2.105264239095767
AVIGLIANO UMBRO,2025,2317.0,-1.2782275244993646,1695,32781.69443245576,6.793009124389915,44811.319174041295,782,5.248990578734869,0.0,2.3372531797894616,3.08580509565206,13.926894998321773,23.196377927374176,1.88015470069417,2.9478250504185457,2.625689047749814
